experiment,seed,requester_rrid,address,length,operation,M4_config,REF_config,enable,configured,M4_result,REF_result,same,difference_classification,explanation
DIFF-0000,0,1,0x20000724,4,write,C1,REF-C0,False,False,ALLOW,ALLOW,True,EXPECTED_EQUIVALENCE,same ALLOW/DENY
DIFF-0001,1,2,0x20000d80,4,write,C1,REF-C1,True,True,ALLOW,ALLOW,True,EXPECTED_EQUIVALENCE,same ALLOW/DENY
DIFF-0002,2,1,0x2000065c,4,write,C1,REF-C1,True,True,ALLOW,ALLOW,True,EXPECTED_EQUIVALENCE,same ALLOW/DENY
DIFF-0003,3,2,0x20000e5c,4,write,C1,REF-C0,False,False,ALLOW,ALLOW,True,EXPECTED_EQUIVALENCE,same ALLOW/DENY
DIFF-0004,4,2,0x20000518,4,write,C1,REF-C0,False,False,ALLOW,ALLOW,True,EXPECTED_EQUIVALENCE,same ALLOW/DENY
DIFF-0005,5,1,0x20000ac4,4,write,C1,REF-C0,False,False,ALLOW,ALLOW,True,EXPECTED_EQUIVALENCE,same ALLOW/DENY
DIFF-0006,6,1,0x20000874,4,write,C1,REF-C1,True,True,ALLOW,ALLOW,True,EXPECTED_EQUIVALENCE,same ALLOW/DENY
DIFF-0007,7,2,0x20000c1c,4,write,C1,REF-C0,False,False,ALLOW,ALLOW,True,EXPECTED_EQUIVALENCE,same ALLOW/DENY
DIFF-0008,8,2,0x20000b90,4,read,C1,REF-C1,True,True,ALLOW,ALLOW,True,EXPECTED_EQUIVALENCE,same ALLOW/DENY
DIFF-0009,9,2,0x20000748,4,write,C1,REF-C0,False,False,ALLOW,ALLOW,True,EXPECTED_EQUIVALENCE,same ALLOW/DENY
DIFF-0010,10,2,0x20000338,4,read,C1,REF-C0,False,False,ALLOW,ALLOW,True,EXPECTED_EQUIVALENCE,same ALLOW/DENY
DIFF-0011,11,2,0x20000b5c,4,write,C1,REF-C1,True,True,ALLOW,ALLOW,True,EXPECTED_EQUIVALENCE,same ALLOW/DENY
DIFF-0012,12,2,0x20000578,4,write,C1,REF-C1,True,True,ALLOW,ALLOW,True,EXPECTED_EQUIVALENCE,same ALLOW/DENY
DIFF-0013,13,1,0x200008a0,4,write,C1,REF-C0,False,False,ALLOW,ALLOW,True,EXPECTED_EQUIVALENCE,same ALLOW/DENY
DIFF-0014,14,2,0x20000a60,4,write,C1,REF-C0,False,False,ALLOW,ALLOW,True,EXPECTED_EQUIVALENCE,same ALLOW/DENY
DIFF-0015,15,2,0x20000104,4,write,C1,REF-C0,False,False,ALLOW,ALLOW,True,EXPECTED_EQUIVALENCE,same ALLOW/DENY
DIFF-0016,16,1,0x20000a10,4,write,C1,REF-C0,False,False,ALLOW,ALLOW,True,EXPECTED_EQUIVALENCE,same ALLOW/DENY
DIFF-0017,17,2,0x20000490,4,write,C1,REF-C1,True,True,ALLOW,ALLOW,True,EXPECTED_EQUIVALENCE,same ALLOW/DENY
DIFF-0018,18,1,0x20000db4,4,write,C1,REF-C1,True,True,ALLOW,ALLOW,True,EXPECTED_EQUIVALENCE,same ALLOW/DENY
DIFF-0019,19,1,0x2000046c,4,write,C1,REF-C0,False,False,ALLOW,ALLOW,True,EXPECTED_EQUIVALENCE,same ALLOW/DENY
DIFF-0020,20,1,0x20000380,4,write,C1,REF-C0,False,False,ALLOW,ALLOW,True,EXPECTED_EQUIVALENCE,same ALLOW/DENY
DIFF-0021,21,2,0x20000c50,4,write,C1,REF-C1,True,True,ALLOW,ALLOW,True,EXPECTED_EQUIVALENCE,same ALLOW/DENY
DIFF-0022,22,1,0x2000005c,4,read,C1,REF-C1,True,False,DENY,DENY,True,EXPECTED_EQUIVALENCE,same ALLOW/DENY
DIFF-0023,23,1,0x20000888,4,read,C1,REF-C0,False,False,ALLOW,ALLOW,True,EXPECTED_EQUIVALENCE,same ALLOW/DENY
DIFF-0024,24,1,0x2000050c,4,write,C1,REF-C0,False,False,ALLOW,ALLOW,True,EXPECTED_EQUIVALENCE,same ALLOW/DENY
DIFF-0025,25,2,0x200005b4,4,write,C1,REF-C1,True,False,DENY,DENY,True,EXPECTED_EQUIVALENCE,same ALLOW/DENY
DIFF-0026,26,1,0x2000065c,4,write,C1,REF-C0,False,False,ALLOW,ALLOW,True,EXPECTED_EQUIVALENCE,same ALLOW/DENY
DIFF-0027,27,1,0x20000004,4,read,C1,REF-C1,True,False,DENY,DENY,True,EXPECTED_EQUIVALENCE,same ALLOW/DENY
DIFF-0028,28,1,0x20000b9c,4,write,C1,REF-C0,False,False,ALLOW,ALLOW,True,EXPECTED_EQUIVALENCE,same ALLOW/DENY
DIFF-0029,29,2,0x200001d8,4,write,C1,REF-C0,False,False,ALLOW,ALLOW,True,EXPECTED_EQUIVALENCE,same ALLOW/DENY
DIFF-0030,30,1,0x20000234,4,read,C1,REF-C1,True,True,ALLOW,ALLOW,True,EXPECTED_EQUIVALENCE,same ALLOW/DENY
DIFF-0031,31,1,0x20000f34,4,write,C1,REF-C0,False,False,ALLOW,ALLOW,True,EXPECTED_EQUIVALENCE,same ALLOW/DENY
DIFF-0032,32,1,0x20000d88,4,write,C1,REF-C0,False,False,ALLOW,ALLOW,True,EXPECTED_EQUIVALENCE,same ALLOW/DENY
DIFF-0033,33,2,0x2000066c,4,read,C1,REF-C0,False,False,ALLOW,ALLOW,True,EXPECTED_EQUIVALENCE,same ALLOW/DENY
DIFF-0034,34,1,0x20000bf0,4,write,C1,REF-C0,False,False,ALLOW,ALLOW,True,EXPECTED_EQUIVALENCE,same ALLOW/DENY
DIFF-0035,35,1,0x20000ad0,4,write,C1,REF-C1,True,True,ALLOW,ALLOW,True,EXPECTED_EQUIVALENCE,same ALLOW/DENY
DIFF-0036,36,1,0x200001e0,4,write,C1,REF-C1,True,True,ALLOW,ALLOW,True,EXPECTED_EQUIVALENCE,same ALLOW/DENY
DIFF-0037,37,2,0x2000079c,4,write,C1,REF-C1,True,False,DENY,DENY,True,EXPECTED_EQUIVALENCE,same ALLOW/DENY
DIFF-0038,38,1,0x20000f20,4,read,C1,REF-C1,True,True,ALLOW,ALLOW,True,EXPECTED_EQUIVALENCE,same ALLOW/DENY
DIFF-0039,39,1,0x20000dc8,4,write,C1,REF-C1,True,True,ALLOW,ALLOW,True,EXPECTED_EQUIVALENCE,same ALLOW/DENY
DIFF-0040,40,2,0x20000324,4,write,C1,REF-C1,True,True,ALLOW,ALLOW,True,EXPECTED_EQUIVALENCE,same ALLOW/DENY
DIFF-0041,41,2,0x20000620,4,write,C1,REF-C1,True,False,DENY,DENY,True,EXPECTED_EQUIVALENCE,same ALLOW/DENY
DIFF-0042,42,1,0x200007fc,4,write,C1,REF-C1,True,True,ALLOW,ALLOW,True,EXPECTED_EQUIVALENCE,same ALLOW/DENY
DIFF-0043,43,1,0x20000320,4,read,C1,REF-C0,False,False,ALLOW,ALLOW,True,EXPECTED_EQUIVALENCE,same ALLOW/DENY
DIFF-0044,44,2,0x20000790,4,read,C1,REF-C1,True,False,DENY,DENY,True,EXPECTED_EQUIVALENCE,same ALLOW/DENY
DIFF-0045,45,1,0x200001e0,4,write,C1,REF-C1,True,True,ALLOW,ALLOW,True,EXPECTED_EQUIVALENCE,same ALLOW/DENY
DIFF-0046,46,1,0x20000e8c,4,read,C1,REF-C1,True,True,ALLOW,ALLOW,True,EXPECTED_EQUIVALENCE,same ALLOW/DENY
DIFF-0047,47,2,0x20000f90,4,read,C1,REF-C1,True,False,DENY,DENY,True,EXPECTED_EQUIVALENCE,same ALLOW/DENY
DIFF-0048,48,2,0x200001f0,4,write,C1,REF-C1,True,True,ALLOW,ALLOW,True,EXPECTED_EQUIVALENCE,same ALLOW/DENY
DIFF-0049,49,1,0x20000508,4,write,C1,REF-C0,False,False,ALLOW,ALLOW,True,EXPECTED_EQUIVALENCE,same ALLOW/DENY
DIFF-0050,50,2,0x2000022c,4,write,C1,REF-C1,True,True,ALLOW,ALLOW,True,EXPECTED_EQUIVALENCE,same ALLOW/DENY
DIFF-0051,51,1,0x200007e0,4,write,C1,REF-C0,False,False,ALLOW,ALLOW,True,EXPECTED_EQUIVALENCE,same ALLOW/DENY
DIFF-0052,52,1,0x20000a1c,4,write,C1,REF-C0,False,False,ALLOW,ALLOW,True,EXPECTED_EQUIVALENCE,same ALLOW/DENY
DIFF-0053,53,1,0x200007a0,4,read,C1,REF-C0,False,False,ALLOW,ALLOW,True,EXPECTED_EQUIVALENCE,same ALLOW/DENY
DIFF-0054,54,2,0x20000250,4,write,C1,REF-C1,True,True,ALLOW,ALLOW,True,EXPECTED_EQUIVALENCE,same ALLOW/DENY
DIFF-0055,55,1,0x200006d0,4,write,C1,REF-C1,True,False,DENY,DENY,True,EXPECTED_EQUIVALENCE,same ALLOW/DENY
DIFF-0056,56,1,0x20000230,4,write,C1,REF-C0,False,False,ALLOW,ALLOW,True,EXPECTED_EQUIVALENCE,same ALLOW/DENY
DIFF-0057,57,1,0x200009ac,4,write,C1,REF-C0,False,False,ALLOW,ALLOW,True,EXPECTED_EQUIVALENCE,same ALLOW/DENY
DIFF-0058,58,2,0x20000040,4,write,C1,REF-C0,False,False,ALLOW,ALLOW,True,EXPECTED_EQUIVALENCE,same ALLOW/DENY
DIFF-0059,59,1,0x20000350,4,read,C1,REF-C0,False,False,ALLOW,ALLOW,True,EXPECTED_EQUIVALENCE,same ALLOW/DENY
DIFF-0060,60,1,0x2000036c,4,write,C1,REF-C0,False,False,ALLOW,ALLOW,True,EXPECTED_EQUIVALENCE,same ALLOW/DENY
DIFF-0061,61,1,0x200006bc,4,write,C1,REF-C0,False,False,ALLOW,ALLOW,True,EXPECTED_EQUIVALENCE,same ALLOW/DENY
DIFF-0062,62,1,0x20000870,4,write,C1,REF-C0,False,False,ALLOW,ALLOW,True,EXPECTED_EQUIVALENCE,same ALLOW/DENY
DIFF-0063,63,1,0x200001a0,4,read,C1,REF-C0,False,False,ALLOW,ALLOW,True,EXPECTED_EQUIVALENCE,same ALLOW/DENY
DIFF-0064,64,1,0x2000042c,4,write,C1,REF-C1,True,True,ALLOW,ALLOW,True,EXPECTED_EQUIVALENCE,same ALLOW/DENY
DIFF-0065,65,1,0x20000dac,4,read,C1,REF-C0,False,False,ALLOW,ALLOW,True,EXPECTED_EQUIVALENCE,same ALLOW/DENY
DIFF-0066,66,1,0x200004c4,4,read,C1,REF-C0,False,False,ALLOW,ALLOW,True,EXPECTED_EQUIVALENCE,same ALLOW/DENY
DIFF-0067,67,2,0x200004bc,4,write,C1,REF-C0,False,False,ALLOW,ALLOW,True,EXPECTED_EQUIVALENCE,same ALLOW/DENY
DIFF-0068,68,1,0x20000144,4,read,C1,REF-C1,True,True,ALLOW,ALLOW,True,EXPECTED_EQUIVALENCE,same ALLOW/DENY
DIFF-0069,69,1,0x20000348,4,write,C1,REF-C0,False,False,ALLOW,ALLOW,True,EXPECTED_EQUIVALENCE,same ALLOW/DENY
DIFF-0070,70,2,0x200004f0,4,read,C1,REF-C1,True,True,ALLOW,ALLOW,True,EXPECTED_EQUIVALENCE,same ALLOW/DENY
DIFF-0071,71,1,0x200005a8,4,write,C1,REF-C0,False,False,ALLOW,ALLOW,True,EXPECTED_EQUIVALENCE,same ALLOW/DENY
DIFF-0072,72,1,0x20000aa0,4,read,C1,REF-C0,False,False,ALLOW,ALLOW,True,EXPECTED_EQUIVALENCE,same ALLOW/DENY
DIFF-0073,73,1,0x200007f0,4,write,C1,REF-C0,False,False,ALLOW,ALLOW,True,EXPECTED_EQUIVALENCE,same ALLOW/DENY
DIFF-0074,74,1,0x20000f0c,4,read,C1,REF-C1,True,False,DENY,DENY,True,EXPECTED_EQUIVALENCE,same ALLOW/DENY
DIFF-0075,75,1,0x20000748,4,write,C1,REF-C1,True,False,DENY,DENY,True,EXPECTED_EQUIVALENCE,same ALLOW/DENY
DIFF-0076,76,1,0x20000238,4,write,C1,REF-C1,True,False,DENY,DENY,True,EXPECTED_EQUIVALENCE,same ALLOW/DENY
DIFF-0077,77,1,0x20000cc8,4,write,C1,REF-C0,False,False,ALLOW,ALLOW,True,EXPECTED_EQUIVALENCE,same ALLOW/DENY
DIFF-0078,78,2,0x200000e0,4,write,C1,REF-C0,False,False,ALLOW,ALLOW,True,EXPECTED_EQUIVALENCE,same ALLOW/DENY
DIFF-0079,79,1,0x2000087c,4,read,C1,REF-C1,True,False,DENY,DENY,True,EXPECTED_EQUIVALENCE,same ALLOW/DENY
DIFF-0080,80,1,0x20000df4,4,read,C1,REF-C1,True,True,ALLOW,ALLOW,True,EXPECTED_EQUIVALENCE,same ALLOW/DENY
DIFF-0081,81,1,0x20000614,4,write,C1,REF-C0,False,False,ALLOW,ALLOW,True,EXPECTED_EQUIVALENCE,same ALLOW/DENY
DIFF-0082,82,1,0x2000064c,4,read,C1,REF-C1,True,False,DENY,DENY,True,EXPECTED_EQUIVALENCE,same ALLOW/DENY
DIFF-0083,83,2,0x20000a08,4,write,C1,REF-C1,True,True,ALLOW,ALLOW,True,EXPECTED_EQUIVALENCE,same ALLOW/DENY
DIFF-0084,84,1,0x200009e4,4,read,C1,REF-C0,False,False,ALLOW,ALLOW,True,EXPECTED_EQUIVALENCE,same ALLOW/DENY
DIFF-0085,85,1,0x20000410,4,write,C1,REF-C0,False,False,ALLOW,ALLOW,True,EXPECTED_EQUIVALENCE,same ALLOW/DENY
DIFF-0086,86,1,0x20000590,4,read,C1,REF-C1,True,False,DENY,DENY,True,EXPECTED_EQUIVALENCE,same ALLOW/DENY
DIFF-0087,87,1,0x20000000,4,write,C1,REF-C0,False,False,ALLOW,ALLOW,True,EXPECTED_EQUIVALENCE,same ALLOW/DENY
DIFF-0088,88,2,0x20000a4c,4,write,C1,REF-C1,True,True,ALLOW,ALLOW,True,EXPECTED_EQUIVALENCE,same ALLOW/DENY
DIFF-0089,89,1,0x2000056c,4,write,C1,REF-C1,True,True,ALLOW,ALLOW,True,EXPECTED_EQUIVALENCE,same ALLOW/DENY
DIFF-0090,90,1,0x20000ab8,4,write,C1,REF-C0,False,False,ALLOW,ALLOW,True,EXPECTED_EQUIVALENCE,same ALLOW/DENY
DIFF-0091,91,1,0x2000065c,4,write,C1,REF-C1,True,False,DENY,DENY,True,EXPECTED_EQUIVALENCE,same ALLOW/DENY
DIFF-0092,92,2,0x20000254,4,write,C1,REF-C1,True,True,ALLOW,ALLOW,True,EXPECTED_EQUIVALENCE,same ALLOW/DENY
DIFF-0093,93,1,0x20000c48,4,read,C1,REF-C1,True,False,DENY,DENY,True,EXPECTED_EQUIVALENCE,same ALLOW/DENY
DIFF-0094,94,2,0x20000368,4,write,C1,REF-C1,True,True,ALLOW,ALLOW,True,EXPECTED_EQUIVALENCE,same ALLOW/DENY
DIFF-0095,95,1,0x20000edc,4,read,C1,REF-C0,False,False,ALLOW,ALLOW,True,EXPECTED_EQUIVALENCE,same ALLOW/DENY
DIFF-0096,96,2,0x20000edc,4,write,C1,REF-C1,True,True,ALLOW,ALLOW,True,EXPECTED_EQUIVALENCE,same ALLOW/DENY
DIFF-0097,97,2,0x20000e28,4,write,C1,REF-C0,False,False,ALLOW,ALLOW,True,EXPECTED_EQUIVALENCE,same ALLOW/DENY
DIFF-0098,98,2,0x20000e44,4,write,C1,REF-C0,False,False,ALLOW,ALLOW,True,EXPECTED_EQUIVALENCE,same ALLOW/DENY
DIFF-0099,99,2,0x20000848,4,write,C1,REF-C0,False,False,ALLOW,ALLOW,True,EXPECTED_EQUIVALENCE,same ALLOW/DENY
DIFF-0100,100,2,0x20000f80,4,write,C1,REF-C0,False,False,ALLOW,ALLOW,True,EXPECTED_EQUIVALENCE,same ALLOW/DENY
DIFF-0101,101,1,0x20000924,4,write,C1,REF-C0,False,False,ALLOW,ALLOW,True,EXPECTED_EQUIVALENCE,same ALLOW/DENY
DIFF-0102,102,2,0x200004d0,4,write,C1,REF-C1,True,True,ALLOW,ALLOW,True,EXPECTED_EQUIVALENCE,same ALLOW/DENY
DIFF-0103,103,2,0x20000d08,4,write,C1,REF-C1,True,False,DENY,DENY,True,EXPECTED_EQUIVALENCE,same ALLOW/DENY
DIFF-0104,104,1,0x20000c74,4,read,C1,REF-C1,True,True,ALLOW,ALLOW,True,EXPECTED_EQUIVALENCE,same ALLOW/DENY
DIFF-0105,105,1,0x20000c2c,4,write,C1,REF-C0,False,False,ALLOW,ALLOW,True,EXPECTED_EQUIVALENCE,same ALLOW/DENY
DIFF-0106,106,1,0x20000d68,4,write,C1,REF-C1,True,False,DENY,DENY,True,EXPECTED_EQUIVALENCE,same ALLOW/DENY
DIFF-0107,107,2,0x2000070c,4,read,C1,REF-C0,False,False,ALLOW,ALLOW,True,EXPECTED_EQUIVALENCE,same ALLOW/DENY
DIFF-0108,108,1,0x20000cf0,4,write,C1,REF-C1,True,True,ALLOW,ALLOW,True,EXPECTED_EQUIVALENCE,same ALLOW/DENY
DIFF-0109,109,2,0x200000dc,4,read,C1,REF-C0,False,False,ALLOW,ALLOW,True,EXPECTED_EQUIVALENCE,same ALLOW/DENY
DIFF-0110,110,1,0x200002ac,4,write,C1,REF-C0,False,False,ALLOW,ALLOW,True,EXPECTED_EQUIVALENCE,same ALLOW/DENY
DIFF-0111,111,1,0x20000198,4,write,C1,REF-C0,False,False,ALLOW,ALLOW,True,EXPECTED_EQUIVALENCE,same ALLOW/DENY
DIFF-0112,112,1,0x20000c20,4,write,C1,REF-C1,True,True,ALLOW,ALLOW,True,EXPECTED_EQUIVALENCE,same ALLOW/DENY
DIFF-0113,113,1,0x20000f0c,4,read,C1,REF-C1,True,False,DENY,DENY,True,EXPECTED_EQUIVALENCE,same ALLOW/DENY
DIFF-0114,114,2,0x20000230,4,write,C1,REF-C1,True,True,ALLOW,ALLOW,True,EXPECTED_EQUIVALENCE,same ALLOW/DENY
DIFF-0115,115,2,0x200007e8,4,read,C1,REF-C0,False,False,ALLOW,ALLOW,True,EXPECTED_EQUIVALENCE,same ALLOW/DENY
DIFF-0116,116,1,0x200003a8,4,write,C1,REF-C1,True,True,ALLOW,ALLOW,True,EXPECTED_EQUIVALENCE,same ALLOW/DENY
DIFF-0117,117,1,0x20000bcc,4,write,C1,REF-C0,False,False,ALLOW,ALLOW,True,EXPECTED_EQUIVALENCE,same ALLOW/DENY
DIFF-0118,118,2,0x2000053c,4,write,C1,REF-C1,True,False,DENY,DENY,True,EXPECTED_EQUIVALENCE,same ALLOW/DENY
DIFF-0119,119,1,0x200009f8,4,write,C1,REF-C0,False,False,ALLOW,ALLOW,True,EXPECTED_EQUIVALENCE,same ALLOW/DENY
DIFF-0120,120,2,0x20000658,4,write,C1,REF-C0,False,False,ALLOW,ALLOW,True,EXPECTED_EQUIVALENCE,same ALLOW/DENY
DIFF-0121,121,2,0x200009a4,4,write,C1,REF-C1,True,False,DENY,DENY,True,EXPECTED_EQUIVALENCE,same ALLOW/DENY
DIFF-0122,122,2,0x20000150,4,write,C1,REF-C0,False,False,ALLOW,ALLOW,True,EXPECTED_EQUIVALENCE,same ALLOW/DENY
DIFF-0123,123,1,0x20000ae8,4,write,C1,REF-C1,True,True,ALLOW,ALLOW,True,EXPECTED_EQUIVALENCE,same ALLOW/DENY
DIFF-0124,124,1,0x20000b94,4,write,C1,REF-C1,True,True,ALLOW,ALLOW,True,EXPECTED_EQUIVALENCE,same ALLOW/DENY
DIFF-0125,125,2,0x20000dec,4,read,C1,REF-C0,False,False,ALLOW,ALLOW,True,EXPECTED_EQUIVALENCE,same ALLOW/DENY
DIFF-0126,126,2,0x20000f78,4,write,C1,REF-C1,True,True,ALLOW,ALLOW,True,EXPECTED_EQUIVALENCE,same ALLOW/DENY
DIFF-0127,127,1,0x200007d8,4,write,C1,REF-C1,True,False,DENY,DENY,True,EXPECTED_EQUIVALENCE,same ALLOW/DENY
DIFF-0128,128,1,0x200007cc,4,read,C1,REF-C0,False,False,ALLOW,ALLOW,True,EXPECTED_EQUIVALENCE,same ALLOW/DENY
DIFF-0129,129,1,0x20000ac0,4,write,C1,REF-C0,False,False,ALLOW,ALLOW,True,EXPECTED_EQUIVALENCE,same ALLOW/DENY
DIFF-0130,130,1,0x20000844,4,write,C1,REF-C1,True,False,DENY,DENY,True,EXPECTED_EQUIVALENCE,same ALLOW/DENY
DIFF-0131,131,2,0x20000050,4,write,C1,REF-C1,True,False,DENY,DENY,True,EXPECTED_EQUIVALENCE,same ALLOW/DENY
DIFF-0132,132,1,0x20000d00,4,write,C1,REF-C0,False,False,ALLOW,ALLOW,True,EXPECTED_EQUIVALENCE,same ALLOW/DENY
DIFF-0133,133,2,0x20000fb4,4,write,C1,REF-C1,True,False,DENY,DENY,True,EXPECTED_EQUIVALENCE,same ALLOW/DENY
DIFF-0134,134,1,0x200007c8,4,write,C1,REF-C1,True,True,ALLOW,ALLOW,True,EXPECTED_EQUIVALENCE,same ALLOW/DENY
DIFF-0135,135,1,0x20000d9c,4,write,C1,REF-C1,True,True,ALLOW,ALLOW,True,EXPECTED_EQUIVALENCE,same ALLOW/DENY
DIFF-0136,136,1,0x20000e84,4,write,C1,REF-C0,False,False,ALLOW,ALLOW,True,EXPECTED_EQUIVALENCE,same ALLOW/DENY
DIFF-0137,137,1,0x200003d0,4,write,C1,REF-C1,True,True,ALLOW,ALLOW,True,EXPECTED_EQUIVALENCE,same ALLOW/DENY
DIFF-0138,138,2,0x20000620,4,write,C1,REF-C0,False,False,ALLOW,ALLOW,True,EXPECTED_EQUIVALENCE,same ALLOW/DENY
DIFF-0139,139,2,0x2000090c,4,read,C1,REF-C1,True,True,ALLOW,ALLOW,True,EXPECTED_EQUIVALENCE,same ALLOW/DENY
DIFF-0140,140,2,0x20000b8c,4,write,C1,REF-C0,False,False,ALLOW,ALLOW,True,EXPECTED_EQUIVALENCE,same ALLOW/DENY
DIFF-0141,141,1,0x200001bc,4,write,C1,REF-C1,True,True,ALLOW,ALLOW,True,EXPECTED_EQUIVALENCE,same ALLOW/DENY
DIFF-0142,142,2,0x20000fb4,4,write,C1,REF-C0,False,False,ALLOW,ALLOW,True,EXPECTED_EQUIVALENCE,same ALLOW/DENY
DIFF-0143,143,1,0x20000ae4,4,write,C1,REF-C1,True,True,ALLOW,ALLOW,True,EXPECTED_EQUIVALENCE,same ALLOW/DENY
DIFF-0144,144,2,0x20000214,4,write,C1,REF-C1,True,True,ALLOW,ALLOW,True,EXPECTED_EQUIVALENCE,same ALLOW/DENY
DIFF-0145,145,2,0x200004c4,4,write,C1,REF-C1,True,True,ALLOW,ALLOW,True,EXPECTED_EQUIVALENCE,same ALLOW/DENY
DIFF-0146,146,2,0x200007f0,4,write,C1,REF-C0,False,False,ALLOW,ALLOW,True,EXPECTED_EQUIVALENCE,same ALLOW/DENY
DIFF-0147,147,2,0x20000738,4,read,C1,REF-C1,True,False,DENY,DENY,True,EXPECTED_EQUIVALENCE,same ALLOW/DENY
DIFF-0148,148,1,0x20000980,4,read,C1,REF-C0,False,False,ALLOW,ALLOW,True,EXPECTED_EQUIVALENCE,same ALLOW/DENY
DIFF-0149,149,2,0x200001ec,4,write,C1,REF-C0,False,False,ALLOW,ALLOW,True,EXPECTED_EQUIVALENCE,same ALLOW/DENY
DIFF-0150,150,2,0x200006a4,4,read,C1,REF-C0,False,False,ALLOW,ALLOW,True,EXPECTED_EQUIVALENCE,same ALLOW/DENY
DIFF-0151,151,1,0x200007ac,4,write,C1,REF-C0,False,False,ALLOW,ALLOW,True,EXPECTED_EQUIVALENCE,same ALLOW/DENY
DIFF-0152,152,1,0x20000f08,4,write,C1,REF-C1,True,True,ALLOW,ALLOW,True,EXPECTED_EQUIVALENCE,same ALLOW/DENY
DIFF-0153,153,2,0x20000e84,4,read,C1,REF-C1,True,True,ALLOW,ALLOW,True,EXPECTED_EQUIVALENCE,same ALLOW/DENY
DIFF-0154,154,1,0x20000654,4,read,C1,REF-C1,True,True,ALLOW,ALLOW,True,EXPECTED_EQUIVALENCE,same ALLOW/DENY
DIFF-0155,155,2,0x2000048c,4,read,C1,REF-C1,True,True,ALLOW,ALLOW,True,EXPECTED_EQUIVALENCE,same ALLOW/DENY
DIFF-0156,156,1,0x2000093c,4,read,C1,REF-C1,True,True,ALLOW,ALLOW,True,EXPECTED_EQUIVALENCE,same ALLOW/DENY
DIFF-0157,157,1,0x200008b4,4,write,C1,REF-C1,True,True,ALLOW,ALLOW,True,EXPECTED_EQUIVALENCE,same ALLOW/DENY
DIFF-0158,158,1,0x20000144,4,write,C1,REF-C0,False,False,ALLOW,ALLOW,True,EXPECTED_EQUIVALENCE,same ALLOW/DENY
DIFF-0159,159,2,0x200000d0,4,write,C1,REF-C0,False,False,ALLOW,ALLOW,True,EXPECTED_EQUIVALENCE,same ALLOW/DENY
DIFF-0160,160,2,0x200000a8,4,write,C1,REF-C1,True,False,DENY,DENY,True,EXPECTED_EQUIVALENCE,same ALLOW/DENY
DIFF-0161,161,2,0x20000148,4,write,C1,REF-C0,False,False,ALLOW,ALLOW,True,EXPECTED_EQUIVALENCE,same ALLOW/DENY
DIFF-0162,162,1,0x20000e24,4,write,C1,REF-C0,False,False,ALLOW,ALLOW,True,EXPECTED_EQUIVALENCE,same ALLOW/DENY
DIFF-0163,163,1,0x20000fbc,4,write,C1,REF-C0,False,False,ALLOW,ALLOW,True,EXPECTED_EQUIVALENCE,same ALLOW/DENY
DIFF-0164,164,1,0x20000a44,4,write,C1,REF-C0,False,False,ALLOW,ALLOW,True,EXPECTED_EQUIVALENCE,same ALLOW/DENY
DIFF-0165,165,2,0x20000fd8,4,write,C1,REF-C0,False,False,ALLOW,ALLOW,True,EXPECTED_EQUIVALENCE,same ALLOW/DENY
DIFF-0166,166,2,0x20000e8c,4,write,C1,REF-C1,True,False,DENY,DENY,True,EXPECTED_EQUIVALENCE,same ALLOW/DENY
DIFF-0167,167,1,0x20000008,4,read,C1,REF-C1,True,True,ALLOW,ALLOW,True,EXPECTED_EQUIVALENCE,same ALLOW/DENY
DIFF-0168,168,1,0x20000600,4,write,C1,REF-C0,False,False,ALLOW,ALLOW,True,EXPECTED_EQUIVALENCE,same ALLOW/DENY
DIFF-0169,169,2,0x20000e24,4,write,C1,REF-C0,False,False,ALLOW,ALLOW,True,EXPECTED_EQUIVALENCE,same ALLOW/DENY
DIFF-0170,170,1,0x20000934,4,write,C1,REF-C0,False,False,ALLOW,ALLOW,True,EXPECTED_EQUIVALENCE,same ALLOW/DENY
DIFF-0171,171,1,0x200007a8,4,read,C1,REF-C1,True,False,DENY,DENY,True,EXPECTED_EQUIVALENCE,same ALLOW/DENY
DIFF-0172,172,1,0x20000d0c,4,write,C1,REF-C0,False,False,ALLOW,ALLOW,True,EXPECTED_EQUIVALENCE,same ALLOW/DENY
DIFF-0173,173,2,0x200003c0,4,write,C1,REF-C1,True,False,DENY,DENY,True,EXPECTED_EQUIVALENCE,same ALLOW/DENY
DIFF-0174,174,1,0x20000954,4,read,C1,REF-C0,False,False,ALLOW,ALLOW,True,EXPECTED_EQUIVALENCE,same ALLOW/DENY
DIFF-0175,175,1,0x20000f1c,4,read,C1,REF-C0,False,False,ALLOW,ALLOW,True,EXPECTED_EQUIVALENCE,same ALLOW/DENY
DIFF-0176,176,1,0x2000045c,4,read,C1,REF-C1,True,True,ALLOW,ALLOW,True,EXPECTED_EQUIVALENCE,same ALLOW/DENY
DIFF-0177,177,1,0x20000d44,4,read,C1,REF-C0,False,False,ALLOW,ALLOW,True,EXPECTED_EQUIVALENCE,same ALLOW/DENY
DIFF-0178,178,1,0x2000098c,4,write,C1,REF-C1,True,False,DENY,DENY,True,EXPECTED_EQUIVALENCE,same ALLOW/DENY
DIFF-0179,179,1,0x200004c0,4,write,C1,REF-C0,False,False,ALLOW,ALLOW,True,EXPECTED_EQUIVALENCE,same ALLOW/DENY
DIFF-0180,180,1,0x20000c10,4,read,C1,REF-C1,True,True,ALLOW,ALLOW,True,EXPECTED_EQUIVALENCE,same ALLOW/DENY
DIFF-0181,181,1,0x20000c40,4,write,C1,REF-C1,True,True,ALLOW,ALLOW,True,EXPECTED_EQUIVALENCE,same ALLOW/DENY
DIFF-0182,182,1,0x20000c30,4,read,C1,REF-C1,True,False,DENY,DENY,True,EXPECTED_EQUIVALENCE,same ALLOW/DENY
DIFF-0183,183,2,0x20000fd8,4,read,C1,REF-C1,True,False,DENY,DENY,True,EXPECTED_EQUIVALENCE,same ALLOW/DENY
DIFF-0184,184,1,0x20000a9c,4,read,C1,REF-C0,False,False,ALLOW,ALLOW,True,EXPECTED_EQUIVALENCE,same ALLOW/DENY
DIFF-0185,185,2,0x20000e9c,4,write,C1,REF-C0,False,False,ALLOW,ALLOW,True,EXPECTED_EQUIVALENCE,same ALLOW/DENY
DIFF-0186,186,2,0x20000264,4,read,C1,REF-C1,True,True,ALLOW,ALLOW,True,EXPECTED_EQUIVALENCE,same ALLOW/DENY
DIFF-0187,187,1,0x20000290,4,write,C1,REF-C1,True,False,DENY,DENY,True,EXPECTED_EQUIVALENCE,same ALLOW/DENY
DIFF-0188,188,2,0x20000c28,4,read,C1,REF-C0,False,False,ALLOW,ALLOW,True,EXPECTED_EQUIVALENCE,same ALLOW/DENY
DIFF-0189,189,2,0x20000f9c,4,read,C1,REF-C0,False,False,ALLOW,ALLOW,True,EXPECTED_EQUIVALENCE,same ALLOW/DENY
DIFF-0190,190,1,0x20000930,4,write,C1,REF-C0,False,False,ALLOW,ALLOW,True,EXPECTED_EQUIVALENCE,same ALLOW/DENY
DIFF-0191,191,2,0x20000324,4,write,C1,REF-C0,False,False,ALLOW,ALLOW,True,EXPECTED_EQUIVALENCE,same ALLOW/DENY
DIFF-0192,192,2,0x20000550,4,write,C1,REF-C0,False,False,ALLOW,ALLOW,True,EXPECTED_EQUIVALENCE,same ALLOW/DENY
DIFF-0193,193,2,0x200001c8,4,write,C1,REF-C0,False,False,ALLOW,ALLOW,True,EXPECTED_EQUIVALENCE,same ALLOW/DENY
DIFF-0194,194,1,0x200005c0,4,write,C1,REF-C1,True,True,ALLOW,ALLOW,True,EXPECTED_EQUIVALENCE,same ALLOW/DENY
DIFF-0195,195,2,0x200007b4,4,write,C1,REF-C1,True,True,ALLOW,ALLOW,True,EXPECTED_EQUIVALENCE,same ALLOW/DENY
DIFF-0196,196,1,0x20000eb4,4,write,C1,REF-C1,True,True,ALLOW,ALLOW,True,EXPECTED_EQUIVALENCE,same ALLOW/DENY
DIFF-0197,197,2,0x2000050c,4,read,C1,REF-C1,True,True,ALLOW,ALLOW,True,EXPECTED_EQUIVALENCE,same ALLOW/DENY
DIFF-0198,198,2,0x20000d90,4,write,C1,REF-C1,True,False,DENY,DENY,True,EXPECTED_EQUIVALENCE,same ALLOW/DENY
DIFF-0199,199,1,0x20000c4c,4,write,C1,REF-C0,False,False,ALLOW,ALLOW,True,EXPECTED_EQUIVALENCE,same ALLOW/DENY
DIFF-0200,200,1,0x20000b7c,4,write,C1,REF-C0,False,False,ALLOW,ALLOW,True,EXPECTED_EQUIVALENCE,same ALLOW/DENY
DIFF-0201,201,2,0x20000ca8,4,write,C1,REF-C0,False,False,ALLOW,ALLOW,True,EXPECTED_EQUIVALENCE,same ALLOW/DENY
DIFF-0202,202,2,0x20000190,4,read,C1,REF-C1,True,True,ALLOW,ALLOW,True,EXPECTED_EQUIVALENCE,same ALLOW/DENY
DIFF-0203,203,2,0x20000928,4,read,C1,REF-C0,False,False,ALLOW,ALLOW,True,EXPECTED_EQUIVALENCE,same ALLOW/DENY
DIFF-0204,204,1,0x20000700,4,read,C1,REF-C0,False,False,ALLOW,ALLOW,True,EXPECTED_EQUIVALENCE,same ALLOW/DENY
DIFF-0205,205,2,0x20000460,4,write,C1,REF-C0,False,False,ALLOW,ALLOW,True,EXPECTED_EQUIVALENCE,same ALLOW/DENY
DIFF-0206,206,2,0x200009e0,4,write,C1,REF-C0,False,False,ALLOW,ALLOW,True,EXPECTED_EQUIVALENCE,same ALLOW/DENY
DIFF-0207,207,1,0x20000434,4,write,C1,REF-C0,False,False,ALLOW,ALLOW,True,EXPECTED_EQUIVALENCE,same ALLOW/DENY
DIFF-0208,208,2,0x20000438,4,write,C1,REF-C1,True,True,ALLOW,ALLOW,True,EXPECTED_EQUIVALENCE,same ALLOW/DENY
DIFF-0209,209,2,0x200008b8,4,write,C1,REF-C0,False,False,ALLOW,ALLOW,True,EXPECTED_EQUIVALENCE,same ALLOW/DENY
DIFF-0210,210,1,0x20000f68,4,read,C1,REF-C0,False,False,ALLOW,ALLOW,True,EXPECTED_EQUIVALENCE,same ALLOW/DENY
DIFF-0211,211,1,0x200003ac,4,read,C1,REF-C0,False,False,ALLOW,ALLOW,True,EXPECTED_EQUIVALENCE,same ALLOW/DENY
DIFF-0212,212,2,0x20000cb4,4,write,C1,REF-C1,True,True,ALLOW,ALLOW,True,EXPECTED_EQUIVALENCE,same ALLOW/DENY
DIFF-0213,213,2,0x20000ca0,4,write,C1,REF-C0,False,False,ALLOW,ALLOW,True,EXPECTED_EQUIVALENCE,same ALLOW/DENY
DIFF-0214,214,1,0x20000860,4,write,C1,REF-C1,True,True,ALLOW,ALLOW,True,EXPECTED_EQUIVALENCE,same ALLOW/DENY
DIFF-0215,215,2,0x20000374,4,read,C1,REF-C0,False,False,ALLOW,ALLOW,True,EXPECTED_EQUIVALENCE,same ALLOW/DENY
DIFF-0216,216,1,0x20000a7c,4,write,C1,REF-C0,False,False,ALLOW,ALLOW,True,EXPECTED_EQUIVALENCE,same ALLOW/DENY
DIFF-0217,217,1,0x20000ed8,4,write,C1,REF-C0,False,False,ALLOW,ALLOW,True,EXPECTED_EQUIVALENCE,same ALLOW/DENY
DIFF-0218,218,1,0x20000478,4,write,C1,REF-C0,False,False,ALLOW,ALLOW,True,EXPECTED_EQUIVALENCE,same ALLOW/DENY
DIFF-0219,219,2,0x20000780,4,write,C1,REF-C1,True,True,ALLOW,ALLOW,True,EXPECTED_EQUIVALENCE,same ALLOW/DENY
DIFF-0220,220,1,0x20000d68,4,write,C1,REF-C0,False,False,ALLOW,ALLOW,True,EXPECTED_EQUIVALENCE,same ALLOW/DENY
DIFF-0221,221,2,0x20000328,4,read,C1,REF-C0,False,False,ALLOW,ALLOW,True,EXPECTED_EQUIVALENCE,same ALLOW/DENY
DIFF-0222,222,2,0x200008f0,4,read,C1,REF-C0,False,False,ALLOW,ALLOW,True,EXPECTED_EQUIVALENCE,same ALLOW/DENY
DIFF-0223,223,1,0x20000b98,4,read,C1,REF-C1,True,True,ALLOW,ALLOW,True,EXPECTED_EQUIVALENCE,same ALLOW/DENY
DIFF-0224,224,1,0x20000b78,4,read,C1,REF-C1,True,False,DENY,DENY,True,EXPECTED_EQUIVALENCE,same ALLOW/DENY
DIFF-0225,225,2,0x20000e8c,4,read,C1,REF-C1,True,True,ALLOW,ALLOW,True,EXPECTED_EQUIVALENCE,same ALLOW/DENY
DIFF-0226,226,2,0x2000019c,4,read,C1,REF-C1,True,True,ALLOW,ALLOW,True,EXPECTED_EQUIVALENCE,same ALLOW/DENY
DIFF-0227,227,1,0x20000690,4,write,C1,REF-C0,False,False,ALLOW,ALLOW,True,EXPECTED_EQUIVALENCE,same ALLOW/DENY
DIFF-0228,228,1,0x20000774,4,write,C1,REF-C1,True,False,DENY,DENY,True,EXPECTED_EQUIVALENCE,same ALLOW/DENY
DIFF-0229,229,2,0x200004a0,4,write,C1,REF-C1,True,True,ALLOW,ALLOW,True,EXPECTED_EQUIVALENCE,same ALLOW/DENY
DIFF-0230,230,1,0x20000384,4,read,C1,REF-C0,False,False,ALLOW,ALLOW,True,EXPECTED_EQUIVALENCE,same ALLOW/DENY
DIFF-0231,231,1,0x2000079c,4,write,C1,REF-C0,False,False,ALLOW,ALLOW,True,EXPECTED_EQUIVALENCE,same ALLOW/DENY
DIFF-0232,232,1,0x2000040c,4,write,C1,REF-C0,False,False,ALLOW,ALLOW,True,EXPECTED_EQUIVALENCE,same ALLOW/DENY
DIFF-0233,233,1,0x20000f3c,4,read,C1,REF-C0,False,False,ALLOW,ALLOW,True,EXPECTED_EQUIVALENCE,same ALLOW/DENY
DIFF-0234,234,1,0x20000714,4,write,C1,REF-C1,True,True,ALLOW,ALLOW,True,EXPECTED_EQUIVALENCE,same ALLOW/DENY
DIFF-0235,235,1,0x200009a4,4,read,C1,REF-C0,False,False,ALLOW,ALLOW,True,EXPECTED_EQUIVALENCE,same ALLOW/DENY
DIFF-0236,236,1,0x20000cd8,4,write,C1,REF-C1,True,False,DENY,DENY,True,EXPECTED_EQUIVALENCE,same ALLOW/DENY
DIFF-0237,237,2,0x20000294,4,write,C1,REF-C1,True,True,ALLOW,ALLOW,True,EXPECTED_EQUIVALENCE,same ALLOW/DENY
DIFF-0238,238,1,0x20000a64,4,write,C1,REF-C1,True,True,ALLOW,ALLOW,True,EXPECTED_EQUIVALENCE,same ALLOW/DENY
DIFF-0239,239,1,0x20000dc4,4,write,C1,REF-C1,True,True,ALLOW,ALLOW,True,EXPECTED_EQUIVALENCE,same ALLOW/DENY
DIFF-0240,240,2,0x200006e0,4,write,C1,REF-C1,True,False,DENY,DENY,True,EXPECTED_EQUIVALENCE,same ALLOW/DENY
DIFF-0241,241,1,0x20000cc0,4,read,C1,REF-C1,True,False,DENY,DENY,True,EXPECTED_EQUIVALENCE,same ALLOW/DENY
DIFF-0242,242,1,0x20000bf8,4,write,C1,REF-C1,True,True,ALLOW,ALLOW,True,EXPECTED_EQUIVALENCE,same ALLOW/DENY
DIFF-0243,243,2,0x200002e8,4,write,C1,REF-C0,False,False,ALLOW,ALLOW,True,EXPECTED_EQUIVALENCE,same ALLOW/DENY
DIFF-0244,244,1,0x20000bec,4,write,C1,REF-C0,False,False,ALLOW,ALLOW,True,EXPECTED_EQUIVALENCE,same ALLOW/DENY
DIFF-0245,245,1,0x20000a8c,4,write,C1,REF-C0,False,False,ALLOW,ALLOW,True,EXPECTED_EQUIVALENCE,same ALLOW/DENY
DIFF-0246,246,1,0x20000d88,4,read,C1,REF-C0,False,False,ALLOW,ALLOW,True,EXPECTED_EQUIVALENCE,same ALLOW/DENY
DIFF-0247,247,2,0x200009fc,4,read,C1,REF-C0,False,False,ALLOW,ALLOW,True,EXPECTED_EQUIVALENCE,same ALLOW/DENY
DIFF-0248,248,1,0x2000072c,4,write,C1,REF-C1,True,True,ALLOW,ALLOW,True,EXPECTED_EQUIVALENCE,same ALLOW/DENY
DIFF-0249,249,1,0x200003ac,4,write,C1,REF-C0,False,False,ALLOW,ALLOW,True,EXPECTED_EQUIVALENCE,same ALLOW/DENY
DIFF-0250,250,1,0x200000d4,4,read,C1,REF-C0,False,False,ALLOW,ALLOW,True,EXPECTED_EQUIVALENCE,same ALLOW/DENY
DIFF-0251,251,2,0x200000ec,4,write,C1,REF-C0,False,False,ALLOW,ALLOW,True,EXPECTED_EQUIVALENCE,same ALLOW/DENY
DIFF-0252,252,1,0x20000030,4,write,C1,REF-C1,True,False,DENY,DENY,True,EXPECTED_EQUIVALENCE,same ALLOW/DENY
DIFF-0253,253,2,0x200000f8,4,write,C1,REF-C1,True,True,ALLOW,ALLOW,True,EXPECTED_EQUIVALENCE,same ALLOW/DENY
DIFF-0254,254,1,0x20000508,4,write,C1,REF-C1,True,True,ALLOW,ALLOW,True,EXPECTED_EQUIVALENCE,same ALLOW/DENY
DIFF-0255,255,2,0x200002b4,4,write,C1,REF-C1,True,False,DENY,DENY,True,EXPECTED_EQUIVALENCE,same ALLOW/DENY
DIFF-0256,256,1,0x20000194,4,read,C1,REF-C0,False,False,ALLOW,ALLOW,True,EXPECTED_EQUIVALENCE,same ALLOW/DENY
DIFF-0257,257,1,0x20000f88,4,write,C1,REF-C0,False,False,ALLOW,ALLOW,True,EXPECTED_EQUIVALENCE,same ALLOW/DENY
DIFF-0258,258,1,0x200003a4,4,write,C1,REF-C0,False,False,ALLOW,ALLOW,True,EXPECTED_EQUIVALENCE,same ALLOW/DENY
DIFF-0259,259,2,0x200009dc,4,write,C1,REF-C1,True,True,ALLOW,ALLOW,True,EXPECTED_EQUIVALENCE,same ALLOW/DENY
DIFF-0260,260,1,0x200009a4,4,write,C1,REF-C1,True,True,ALLOW,ALLOW,True,EXPECTED_EQUIVALENCE,same ALLOW/DENY
DIFF-0261,261,2,0x20000940,4,read,C1,REF-C0,False,False,ALLOW,ALLOW,True,EXPECTED_EQUIVALENCE,same ALLOW/DENY
DIFF-0262,262,2,0x20000c28,4,write,C1,REF-C1,True,True,ALLOW,ALLOW,True,EXPECTED_EQUIVALENCE,same ALLOW/DENY
DIFF-0263,263,1,0x20000b54,4,write,C1,REF-C0,False,False,ALLOW,ALLOW,True,EXPECTED_EQUIVALENCE,same ALLOW/DENY
DIFF-0264,264,1,0x2000027c,4,write,C1,REF-C1,True,False,DENY,DENY,True,EXPECTED_EQUIVALENCE,same ALLOW/DENY
DIFF-0265,265,1,0x20000d5c,4,write,C1,REF-C0,False,False,ALLOW,ALLOW,True,EXPECTED_EQUIVALENCE,same ALLOW/DENY
DIFF-0266,266,2,0x20000eb8,4,write,C1,REF-C1,True,True,ALLOW,ALLOW,True,EXPECTED_EQUIVALENCE,same ALLOW/DENY
DIFF-0267,267,2,0x20000360,4,write,C1,REF-C0,False,False,ALLOW,ALLOW,True,EXPECTED_EQUIVALENCE,same ALLOW/DENY
DIFF-0268,268,1,0x200009ec,4,write,C1,REF-C1,True,True,ALLOW,ALLOW,True,EXPECTED_EQUIVALENCE,same ALLOW/DENY
DIFF-0269,269,1,0x20000270,4,read,C1,REF-C0,False,False,ALLOW,ALLOW,True,EXPECTED_EQUIVALENCE,same ALLOW/DENY
DIFF-0270,270,1,0x20000b2c,4,write,C1,REF-C0,False,False,ALLOW,ALLOW,True,EXPECTED_EQUIVALENCE,same ALLOW/DENY
DIFF-0271,271,2,0x20000348,4,write,C1,REF-C1,True,False,DENY,DENY,True,EXPECTED_EQUIVALENCE,same ALLOW/DENY
DIFF-0272,272,2,0x20000268,4,read,C1,REF-C1,True,True,ALLOW,ALLOW,True,EXPECTED_EQUIVALENCE,same ALLOW/DENY
DIFF-0273,273,1,0x20000e5c,4,read,C1,REF-C1,True,False,DENY,DENY,True,EXPECTED_EQUIVALENCE,same ALLOW/DENY
DIFF-0274,274,2,0x20000a54,4,write,C1,REF-C0,False,False,ALLOW,ALLOW,True,EXPECTED_EQUIVALENCE,same ALLOW/DENY
DIFF-0275,275,2,0x2000022c,4,write,C1,REF-C0,False,False,ALLOW,ALLOW,True,EXPECTED_EQUIVALENCE,same ALLOW/DENY
DIFF-0276,276,2,0x20000b40,4,write,C1,REF-C1,True,False,DENY,DENY,True,EXPECTED_EQUIVALENCE,same ALLOW/DENY
DIFF-0277,277,1,0x200001d0,4,write,C1,REF-C0,False,False,ALLOW,ALLOW,True,EXPECTED_EQUIVALENCE,same ALLOW/DENY
DIFF-0278,278,2,0x200002e0,4,read,C1,REF-C1,True,True,ALLOW,ALLOW,True,EXPECTED_EQUIVALENCE,same ALLOW/DENY
DIFF-0279,279,1,0x20000150,4,write,C1,REF-C0,False,False,ALLOW,ALLOW,True,EXPECTED_EQUIVALENCE,same ALLOW/DENY
DIFF-0280,280,2,0x20000f38,4,write,C1,REF-C1,True,False,DENY,DENY,True,EXPECTED_EQUIVALENCE,same ALLOW/DENY
DIFF-0281,281,2,0x20000afc,4,write,C1,REF-C0,False,False,ALLOW,ALLOW,True,EXPECTED_EQUIVALENCE,same ALLOW/DENY
DIFF-0282,282,1,0x20000140,4,write,C1,REF-C0,False,False,ALLOW,ALLOW,True,EXPECTED_EQUIVALENCE,same ALLOW/DENY
DIFF-0283,283,1,0x20000514,4,write,C1,REF-C1,True,True,ALLOW,ALLOW,True,EXPECTED_EQUIVALENCE,same ALLOW/DENY
DIFF-0284,284,1,0x200001ac,4,read,C1,REF-C1,True,False,DENY,DENY,True,EXPECTED_EQUIVALENCE,same ALLOW/DENY
DIFF-0285,285,2,0x20000304,4,write,C1,REF-C0,False,False,ALLOW,ALLOW,True,EXPECTED_EQUIVALENCE,same ALLOW/DENY
DIFF-0286,286,1,0x200004cc,4,write,C1,REF-C0,False,False,ALLOW,ALLOW,True,EXPECTED_EQUIVALENCE,same ALLOW/DENY
DIFF-0287,287,1,0x20000c88,4,write,C1,REF-C1,True,True,ALLOW,ALLOW,True,EXPECTED_EQUIVALENCE,same ALLOW/DENY
DIFF-0288,288,1,0x20000a80,4,write,C1,REF-C1,True,False,DENY,DENY,True,EXPECTED_EQUIVALENCE,same ALLOW/DENY
DIFF-0289,289,2,0x200002fc,4,read,C1,REF-C0,False,False,ALLOW,ALLOW,True,EXPECTED_EQUIVALENCE,same ALLOW/DENY
DIFF-0290,290,1,0x20000b98,4,write,C1,REF-C0,False,False,ALLOW,ALLOW,True,EXPECTED_EQUIVALENCE,same ALLOW/DENY
DIFF-0291,291,1,0x20000624,4,read,C1,REF-C1,True,False,DENY,DENY,True,EXPECTED_EQUIVALENCE,same ALLOW/DENY
DIFF-0292,292,1,0x2000033c,4,read,C1,REF-C1,True,True,ALLOW,ALLOW,True,EXPECTED_EQUIVALENCE,same ALLOW/DENY
DIFF-0293,293,1,0x20000134,4,read,C1,REF-C0,False,False,ALLOW,ALLOW,True,EXPECTED_EQUIVALENCE,same ALLOW/DENY
DIFF-0294,294,2,0x20000c0c,4,write,C1,REF-C0,False,False,ALLOW,ALLOW,True,EXPECTED_EQUIVALENCE,same ALLOW/DENY
DIFF-0295,295,2,0x2000054c,4,write,C1,REF-C1,True,True,ALLOW,ALLOW,True,EXPECTED_EQUIVALENCE,same ALLOW/DENY
DIFF-0296,296,1,0x20000798,4,write,C1,REF-C0,False,False,ALLOW,ALLOW,True,EXPECTED_EQUIVALENCE,same ALLOW/DENY
DIFF-0297,297,2,0x20000e5c,4,read,C1,REF-C0,False,False,ALLOW,ALLOW,True,EXPECTED_EQUIVALENCE,same ALLOW/DENY
DIFF-0298,298,2,0x20000634,4,read,C1,REF-C1,True,True,ALLOW,ALLOW,True,EXPECTED_EQUIVALENCE,same ALLOW/DENY
DIFF-0299,299,2,0x20000904,4,write,C1,REF-C1,True,False,DENY,DENY,True,EXPECTED_EQUIVALENCE,same ALLOW/DENY
DIFF-0300,300,1,0x2000052c,4,write,C1,REF-C0,False,False,ALLOW,ALLOW,True,EXPECTED_EQUIVALENCE,same ALLOW/DENY
DIFF-0301,301,2,0x20000800,4,write,C1,REF-C0,False,False,ALLOW,ALLOW,True,EXPECTED_EQUIVALENCE,same ALLOW/DENY
DIFF-0302,302,1,0x200003fc,4,read,C1,REF-C1,True,True,ALLOW,ALLOW,True,EXPECTED_EQUIVALENCE,same ALLOW/DENY
DIFF-0303,303,1,0x200004b4,4,read,C1,REF-C1,True,False,DENY,DENY,True,EXPECTED_EQUIVALENCE,same ALLOW/DENY
DIFF-0304,304,1,0x20000e6c,4,read,C1,REF-C0,False,False,ALLOW,ALLOW,True,EXPECTED_EQUIVALENCE,same ALLOW/DENY
DIFF-0305,305,2,0x20000cac,4,write,C1,REF-C0,False,False,ALLOW,ALLOW,True,EXPECTED_EQUIVALENCE,same ALLOW/DENY
DIFF-0306,306,1,0x20000bfc,4,read,C1,REF-C0,False,False,ALLOW,ALLOW,True,EXPECTED_EQUIVALENCE,same ALLOW/DENY
DIFF-0307,307,1,0x20000ab8,4,read,C1,REF-C1,True,True,ALLOW,ALLOW,True,EXPECTED_EQUIVALENCE,same ALLOW/DENY
DIFF-0308,308,1,0x20000f1c,4,write,C1,REF-C0,False,False,ALLOW,ALLOW,True,EXPECTED_EQUIVALENCE,same ALLOW/DENY
DIFF-0309,309,1,0x20000e58,4,read,C1,REF-C0,False,False,ALLOW,ALLOW,True,EXPECTED_EQUIVALENCE,same ALLOW/DENY
DIFF-0310,310,2,0x200006e4,4,write,C1,REF-C0,False,False,ALLOW,ALLOW,True,EXPECTED_EQUIVALENCE,same ALLOW/DENY
DIFF-0311,311,1,0x20000d88,4,read,C1,REF-C0,False,False,ALLOW,ALLOW,True,EXPECTED_EQUIVALENCE,same ALLOW/DENY
DIFF-0312,312,1,0x20000d6c,4,write,C1,REF-C1,True,True,ALLOW,ALLOW,True,EXPECTED_EQUIVALENCE,same ALLOW/DENY
DIFF-0313,313,2,0x20000ffc,4,write,C1,REF-C0,False,False,ALLOW,ALLOW,True,EXPECTED_EQUIVALENCE,same ALLOW/DENY
DIFF-0314,314,1,0x200007bc,4,write,C1,REF-C0,False,False,ALLOW,ALLOW,True,EXPECTED_EQUIVALENCE,same ALLOW/DENY
DIFF-0315,315,1,0x20000b48,4,write,C1,REF-C0,False,False,ALLOW,ALLOW,True,EXPECTED_EQUIVALENCE,same ALLOW/DENY
DIFF-0316,316,2,0x20000b88,4,write,C1,REF-C1,True,True,ALLOW,ALLOW,True,EXPECTED_EQUIVALENCE,same ALLOW/DENY
DIFF-0317,317,1,0x200000a4,4,read,C1,REF-C1,True,True,ALLOW,ALLOW,True,EXPECTED_EQUIVALENCE,same ALLOW/DENY
DIFF-0318,318,2,0x2000081c,4,read,C1,REF-C1,True,True,ALLOW,ALLOW,True,EXPECTED_EQUIVALENCE,same ALLOW/DENY
DIFF-0319,319,1,0x200007b4,4,write,C1,REF-C0,False,False,ALLOW,ALLOW,True,EXPECTED_EQUIVALENCE,same ALLOW/DENY
DIFF-0320,320,2,0x20000aa0,4,read,C1,REF-C0,False,False,ALLOW,ALLOW,True,EXPECTED_EQUIVALENCE,same ALLOW/DENY
DIFF-0321,321,1,0x20000edc,4,write,C1,REF-C1,True,True,ALLOW,ALLOW,True,EXPECTED_EQUIVALENCE,same ALLOW/DENY
DIFF-0322,322,1,0x20000450,4,write,C1,REF-C0,False,False,ALLOW,ALLOW,True,EXPECTED_EQUIVALENCE,same ALLOW/DENY
DIFF-0323,323,1,0x20000164,4,write,C1,REF-C1,True,False,DENY,DENY,True,EXPECTED_EQUIVALENCE,same ALLOW/DENY
DIFF-0324,324,2,0x200009ec,4,write,C1,REF-C0,False,False,ALLOW,ALLOW,True,EXPECTED_EQUIVALENCE,same ALLOW/DENY
DIFF-0325,325,2,0x20000818,4,write,C1,REF-C0,False,False,ALLOW,ALLOW,True,EXPECTED_EQUIVALENCE,same ALLOW/DENY
DIFF-0326,326,1,0x20000184,4,read,C1,REF-C1,True,False,DENY,DENY,True,EXPECTED_EQUIVALENCE,same ALLOW/DENY
DIFF-0327,327,1,0x20000bc4,4,write,C1,REF-C0,False,False,ALLOW,ALLOW,True,EXPECTED_EQUIVALENCE,same ALLOW/DENY
DIFF-0328,328,1,0x20000ad8,4,read,C1,REF-C1,True,True,ALLOW,ALLOW,True,EXPECTED_EQUIVALENCE,same ALLOW/DENY
DIFF-0329,329,1,0x20000888,4,write,C1,REF-C0,False,False,ALLOW,ALLOW,True,EXPECTED_EQUIVALENCE,same ALLOW/DENY
DIFF-0330,330,2,0x200005c4,4,write,C1,REF-C0,False,False,ALLOW,ALLOW,True,EXPECTED_EQUIVALENCE,same ALLOW/DENY
DIFF-0331,331,1,0x20000974,4,write,C1,REF-C0,False,False,ALLOW,ALLOW,True,EXPECTED_EQUIVALENCE,same ALLOW/DENY
DIFF-0332,332,1,0x20000b3c,4,write,C1,REF-C1,True,False,DENY,DENY,True,EXPECTED_EQUIVALENCE,same ALLOW/DENY
DIFF-0333,333,2,0x20000de8,4,write,C1,REF-C1,True,False,DENY,DENY,True,EXPECTED_EQUIVALENCE,same ALLOW/DENY
DIFF-0334,334,2,0x20000cfc,4,write,C1,REF-C1,True,False,DENY,DENY,True,EXPECTED_EQUIVALENCE,same ALLOW/DENY
DIFF-0335,335,2,0x20000490,4,read,C1,REF-C1,True,False,DENY,DENY,True,EXPECTED_EQUIVALENCE,same ALLOW/DENY
DIFF-0336,336,2,0x20000408,4,write,C1,REF-C0,False,False,ALLOW,ALLOW,True,EXPECTED_EQUIVALENCE,same ALLOW/DENY
DIFF-0337,337,1,0x20000108,4,write,C1,REF-C1,True,False,DENY,DENY,True,EXPECTED_EQUIVALENCE,same ALLOW/DENY
DIFF-0338,338,2,0x20000be4,4,read,C1,REF-C0,False,False,ALLOW,ALLOW,True,EXPECTED_EQUIVALENCE,same ALLOW/DENY
DIFF-0339,339,1,0x20000a0c,4,write,C1,REF-C1,True,True,ALLOW,ALLOW,True,EXPECTED_EQUIVALENCE,same ALLOW/DENY
DIFF-0340,340,1,0x200005f4,4,write,C1,REF-C0,False,False,ALLOW,ALLOW,True,EXPECTED_EQUIVALENCE,same ALLOW/DENY
DIFF-0341,341,1,0x20000854,4,write,C1,REF-C1,True,True,ALLOW,ALLOW,True,EXPECTED_EQUIVALENCE,same ALLOW/DENY
DIFF-0342,342,1,0x20000fb4,4,write,C1,REF-C0,False,False,ALLOW,ALLOW,True,EXPECTED_EQUIVALENCE,same ALLOW/DENY
DIFF-0343,343,1,0x20000e3c,4,write,C1,REF-C1,True,True,ALLOW,ALLOW,True,EXPECTED_EQUIVALENCE,same ALLOW/DENY
DIFF-0344,344,2,0x20000a38,4,read,C1,REF-C0,False,False,ALLOW,ALLOW,True,EXPECTED_EQUIVALENCE,same ALLOW/DENY
DIFF-0345,345,2,0x20000948,4,write,C1,REF-C0,False,False,ALLOW,ALLOW,True,EXPECTED_EQUIVALENCE,same ALLOW/DENY
DIFF-0346,346,2,0x20000590,4,read,C1,REF-C0,False,False,ALLOW,ALLOW,True,EXPECTED_EQUIVALENCE,same ALLOW/DENY
DIFF-0347,347,1,0x2000066c,4,write,C1,REF-C0,False,False,ALLOW,ALLOW,True,EXPECTED_EQUIVALENCE,same ALLOW/DENY
DIFF-0348,348,1,0x20000b8c,4,write,C1,REF-C0,False,False,ALLOW,ALLOW,True,EXPECTED_EQUIVALENCE,same ALLOW/DENY
DIFF-0349,349,1,0x20000424,4,read,C1,REF-C0,False,False,ALLOW,ALLOW,True,EXPECTED_EQUIVALENCE,same ALLOW/DENY
DIFF-0350,350,1,0x20000f50,4,write,C1,REF-C0,False,False,ALLOW,ALLOW,True,EXPECTED_EQUIVALENCE,same ALLOW/DENY
DIFF-0351,351,2,0x2000025c,4,read,C1,REF-C0,False,False,ALLOW,ALLOW,True,EXPECTED_EQUIVALENCE,same ALLOW/DENY
DIFF-0352,352,1,0x20000b04,4,write,C1,REF-C1,True,True,ALLOW,ALLOW,True,EXPECTED_EQUIVALENCE,same ALLOW/DENY
DIFF-0353,353,1,0x20000420,4,write,C1,REF-C1,True,False,DENY,DENY,True,EXPECTED_EQUIVALENCE,same ALLOW/DENY
DIFF-0354,354,1,0x200004e4,4,write,C1,REF-C1,True,False,DENY,DENY,True,EXPECTED_EQUIVALENCE,same ALLOW/DENY
DIFF-0355,355,2,0x20000914,4,write,C1,REF-C1,True,True,ALLOW,ALLOW,True,EXPECTED_EQUIVALENCE,same ALLOW/DENY
DIFF-0356,356,1,0x200008c8,4,write,C1,REF-C0,False,False,ALLOW,ALLOW,True,EXPECTED_EQUIVALENCE,same ALLOW/DENY
DIFF-0357,357,1,0x20000564,4,write,C1,REF-C1,True,True,ALLOW,ALLOW,True,EXPECTED_EQUIVALENCE,same ALLOW/DENY
DIFF-0358,358,1,0x20000acc,4,write,C1,REF-C0,False,False,ALLOW,ALLOW,True,EXPECTED_EQUIVALENCE,same ALLOW/DENY
DIFF-0359,359,1,0x200000e8,4,read,C1,REF-C0,False,False,ALLOW,ALLOW,True,EXPECTED_EQUIVALENCE,same ALLOW/DENY
DIFF-0360,360,2,0x200006bc,4,write,C1,REF-C1,True,False,DENY,DENY,True,EXPECTED_EQUIVALENCE,same ALLOW/DENY
DIFF-0361,361,1,0x20000fec,4,write,C1,REF-C0,False,False,ALLOW,ALLOW,True,EXPECTED_EQUIVALENCE,same ALLOW/DENY
DIFF-0362,362,1,0x200009a8,4,write,C1,REF-C0,False,False,ALLOW,ALLOW,True,EXPECTED_EQUIVALENCE,same ALLOW/DENY
DIFF-0363,363,2,0x20000254,4,write,C1,REF-C1,True,False,DENY,DENY,True,EXPECTED_EQUIVALENCE,same ALLOW/DENY
DIFF-0364,364,1,0x20000edc,4,write,C1,REF-C0,False,False,ALLOW,ALLOW,True,EXPECTED_EQUIVALENCE,same ALLOW/DENY
DIFF-0365,365,1,0x20000b0c,4,read,C1,REF-C1,True,False,DENY,DENY,True,EXPECTED_EQUIVALENCE,same ALLOW/DENY
DIFF-0366,366,1,0x20000364,4,write,C1,REF-C0,False,False,ALLOW,ALLOW,True,EXPECTED_EQUIVALENCE,same ALLOW/DENY
DIFF-0367,367,1,0x20000318,4,write,C1,REF-C1,True,True,ALLOW,ALLOW,True,EXPECTED_EQUIVALENCE,same ALLOW/DENY
DIFF-0368,368,2,0x2000051c,4,write,C1,REF-C1,True,False,DENY,DENY,True,EXPECTED_EQUIVALENCE,same ALLOW/DENY
DIFF-0369,369,2,0x20000610,4,read,C1,REF-C0,False,False,ALLOW,ALLOW,True,EXPECTED_EQUIVALENCE,same ALLOW/DENY
DIFF-0370,370,1,0x20000ff4,4,write,C1,REF-C0,False,False,ALLOW,ALLOW,True,EXPECTED_EQUIVALENCE,same ALLOW/DENY
DIFF-0371,371,1,0x20000c94,4,write,C1,REF-C0,False,False,ALLOW,ALLOW,True,EXPECTED_EQUIVALENCE,same ALLOW/DENY
DIFF-0372,372,2,0x20000b48,4,write,C1,REF-C0,False,False,ALLOW,ALLOW,True,EXPECTED_EQUIVALENCE,same ALLOW/DENY
DIFF-0373,373,1,0x20000f0c,4,read,C1,REF-C1,True,True,ALLOW,ALLOW,True,EXPECTED_EQUIVALENCE,same ALLOW/DENY
DIFF-0374,374,1,0x20000874,4,write,C1,REF-C1,True,True,ALLOW,ALLOW,True,EXPECTED_EQUIVALENCE,same ALLOW/DENY
DIFF-0375,375,2,0x20000cd0,4,write,C1,REF-C0,False,False,ALLOW,ALLOW,True,EXPECTED_EQUIVALENCE,same ALLOW/DENY
DIFF-0376,376,1,0x20000c5c,4,write,C1,REF-C1,True,True,ALLOW,ALLOW,True,EXPECTED_EQUIVALENCE,same ALLOW/DENY
DIFF-0377,377,2,0x200003cc,4,write,C1,REF-C0,False,False,ALLOW,ALLOW,True,EXPECTED_EQUIVALENCE,same ALLOW/DENY
DIFF-0378,378,1,0x20000bb0,4,read,C1,REF-C1,True,True,ALLOW,ALLOW,True,EXPECTED_EQUIVALENCE,same ALLOW/DENY
DIFF-0379,379,1,0x20000148,4,write,C1,REF-C0,False,False,ALLOW,ALLOW,True,EXPECTED_EQUIVALENCE,same ALLOW/DENY
DIFF-0380,380,1,0x20000e9c,4,write,C1,REF-C1,True,True,ALLOW,ALLOW,True,EXPECTED_EQUIVALENCE,same ALLOW/DENY
DIFF-0381,381,1,0x20000a30,4,read,C1,REF-C1,True,False,DENY,DENY,True,EXPECTED_EQUIVALENCE,same ALLOW/DENY
DIFF-0382,382,2,0x20000ac0,4,write,C1,REF-C1,True,False,DENY,DENY,True,EXPECTED_EQUIVALENCE,same ALLOW/DENY
DIFF-0383,383,1,0x20000994,4,write,C1,REF-C0,False,False,ALLOW,ALLOW,True,EXPECTED_EQUIVALENCE,same ALLOW/DENY
DIFF-0384,384,1,0x20000d54,4,write,C1,REF-C1,True,True,ALLOW,ALLOW,True,EXPECTED_EQUIVALENCE,same ALLOW/DENY
DIFF-0385,385,2,0x200000d8,4,read,C1,REF-C0,False,False,ALLOW,ALLOW,True,EXPECTED_EQUIVALENCE,same ALLOW/DENY
DIFF-0386,386,1,0x20000748,4,write,C1,REF-C0,False,False,ALLOW,ALLOW,True,EXPECTED_EQUIVALENCE,same ALLOW/DENY
DIFF-0387,387,1,0x20000c28,4,write,C1,REF-C0,False,False,ALLOW,ALLOW,True,EXPECTED_EQUIVALENCE,same ALLOW/DENY
DIFF-0388,388,1,0x20000384,4,read,C1,REF-C1,True,False,DENY,DENY,True,EXPECTED_EQUIVALENCE,same ALLOW/DENY
DIFF-0389,389,1,0x20000684,4,write,C1,REF-C1,True,True,ALLOW,ALLOW,True,EXPECTED_EQUIVALENCE,same ALLOW/DENY
DIFF-0390,390,2,0x200001fc,4,read,C1,REF-C1,True,False,DENY,DENY,True,EXPECTED_EQUIVALENCE,same ALLOW/DENY
DIFF-0391,391,1,0x20000f4c,4,write,C1,REF-C0,False,False,ALLOW,ALLOW,True,EXPECTED_EQUIVALENCE,same ALLOW/DENY
DIFF-0392,392,1,0x20000af4,4,write,C1,REF-C0,False,False,ALLOW,ALLOW,True,EXPECTED_EQUIVALENCE,same ALLOW/DENY
DIFF-0393,393,2,0x20000874,4,read,C1,REF-C0,False,False,ALLOW,ALLOW,True,EXPECTED_EQUIVALENCE,same ALLOW/DENY
DIFF-0394,394,1,0x2000098c,4,write,C1,REF-C0,False,False,ALLOW,ALLOW,True,EXPECTED_EQUIVALENCE,same ALLOW/DENY
DIFF-0395,395,1,0x200006a0,4,write,C1,REF-C1,True,False,DENY,DENY,True,EXPECTED_EQUIVALENCE,same ALLOW/DENY
DIFF-0396,396,1,0x200008c0,4,write,C1,REF-C0,False,False,ALLOW,ALLOW,True,EXPECTED_EQUIVALENCE,same ALLOW/DENY
DIFF-0397,397,1,0x20000ca0,4,read,C1,REF-C1,True,True,ALLOW,ALLOW,True,EXPECTED_EQUIVALENCE,same ALLOW/DENY
DIFF-0398,398,2,0x20000948,4,read,C1,REF-C0,False,False,ALLOW,ALLOW,True,EXPECTED_EQUIVALENCE,same ALLOW/DENY
DIFF-0399,399,1,0x20000834,4,read,C1,REF-C1,True,False,DENY,DENY,True,EXPECTED_EQUIVALENCE,same ALLOW/DENY
DIFF-0400,400,1,0x200008ac,4,read,C1,REF-C0,False,False,ALLOW,ALLOW,True,EXPECTED_EQUIVALENCE,same ALLOW/DENY
DIFF-0401,401,2,0x200007a8,4,write,C1,REF-C0,False,False,ALLOW,ALLOW,True,EXPECTED_EQUIVALENCE,same ALLOW/DENY
DIFF-0402,402,1,0x200001ac,4,write,C1,REF-C1,True,False,DENY,DENY,True,EXPECTED_EQUIVALENCE,same ALLOW/DENY
DIFF-0403,403,1,0x20000464,4,write,C1,REF-C1,True,True,ALLOW,ALLOW,True,EXPECTED_EQUIVALENCE,same ALLOW/DENY
DIFF-0404,404,2,0x20000f38,4,write,C1,REF-C1,True,True,ALLOW,ALLOW,True,EXPECTED_EQUIVALENCE,same ALLOW/DENY
DIFF-0405,405,2,0x200001e4,4,write,C1,REF-C1,True,True,ALLOW,ALLOW,True,EXPECTED_EQUIVALENCE,same ALLOW/DENY
DIFF-0406,406,1,0x20000130,4,write,C1,REF-C0,False,False,ALLOW,ALLOW,True,EXPECTED_EQUIVALENCE,same ALLOW/DENY
DIFF-0407,407,1,0x200005a0,4,read,C1,REF-C0,False,False,ALLOW,ALLOW,True,EXPECTED_EQUIVALENCE,same ALLOW/DENY
DIFF-0408,408,1,0x20000fd8,4,read,C1,REF-C0,False,False,ALLOW,ALLOW,True,EXPECTED_EQUIVALENCE,same ALLOW/DENY
DIFF-0409,409,2,0x20000130,4,write,C1,REF-C1,True,False,DENY,DENY,True,EXPECTED_EQUIVALENCE,same ALLOW/DENY
DIFF-0410,410,1,0x20000918,4,read,C1,REF-C1,True,True,ALLOW,ALLOW,True,EXPECTED_EQUIVALENCE,same ALLOW/DENY
DIFF-0411,411,1,0x20000448,4,read,C1,REF-C1,True,False,DENY,DENY,True,EXPECTED_EQUIVALENCE,same ALLOW/DENY
DIFF-0412,412,1,0x20000398,4,write,C1,REF-C0,False,False,ALLOW,ALLOW,True,EXPECTED_EQUIVALENCE,same ALLOW/DENY
DIFF-0413,413,2,0x20000070,4,read,C1,REF-C1,True,False,DENY,DENY,True,EXPECTED_EQUIVALENCE,same ALLOW/DENY
DIFF-0414,414,2,0x2000062c,4,write,C1,REF-C0,False,False,ALLOW,ALLOW,True,EXPECTED_EQUIVALENCE,same ALLOW/DENY
DIFF-0415,415,2,0x20000a7c,4,read,C1,REF-C1,True,False,DENY,DENY,True,EXPECTED_EQUIVALENCE,same ALLOW/DENY
DIFF-0416,416,1,0x20000a58,4,write,C1,REF-C1,True,False,DENY,DENY,True,EXPECTED_EQUIVALENCE,same ALLOW/DENY
DIFF-0417,417,1,0x20000e48,4,write,C1,REF-C0,False,False,ALLOW,ALLOW,True,EXPECTED_EQUIVALENCE,same ALLOW/DENY
DIFF-0418,418,2,0x2000005c,4,write,C1,REF-C0,False,False,ALLOW,ALLOW,True,EXPECTED_EQUIVALENCE,same ALLOW/DENY
DIFF-0419,419,1,0x20000ee4,4,write,C1,REF-C1,True,True,ALLOW,ALLOW,True,EXPECTED_EQUIVALENCE,same ALLOW/DENY
DIFF-0420,420,1,0x200009f0,4,read,C1,REF-C1,True,True,ALLOW,ALLOW,True,EXPECTED_EQUIVALENCE,same ALLOW/DENY
DIFF-0421,421,2,0x20000bc0,4,read,C1,REF-C0,False,False,ALLOW,ALLOW,True,EXPECTED_EQUIVALENCE,same ALLOW/DENY
DIFF-0422,422,1,0x200004e4,4,write,C1,REF-C0,False,False,ALLOW,ALLOW,True,EXPECTED_EQUIVALENCE,same ALLOW/DENY
DIFF-0423,423,1,0x20000f10,4,read,C1,REF-C1,True,False,DENY,DENY,True,EXPECTED_EQUIVALENCE,same ALLOW/DENY
DIFF-0424,424,2,0x200007e8,4,read,C1,REF-C0,False,False,ALLOW,ALLOW,True,EXPECTED_EQUIVALENCE,same ALLOW/DENY
DIFF-0425,425,1,0x20000e48,4,read,C1,REF-C0,False,False,ALLOW,ALLOW,True,EXPECTED_EQUIVALENCE,same ALLOW/DENY
DIFF-0426,426,1,0x20000394,4,read,C1,REF-C0,False,False,ALLOW,ALLOW,True,EXPECTED_EQUIVALENCE,same ALLOW/DENY
DIFF-0427,427,1,0x200004c8,4,write,C1,REF-C1,True,True,ALLOW,ALLOW,True,EXPECTED_EQUIVALENCE,same ALLOW/DENY
DIFF-0428,428,1,0x20000fa4,4,write,C1,REF-C1,True,False,DENY,DENY,True,EXPECTED_EQUIVALENCE,same ALLOW/DENY
DIFF-0429,429,2,0x20000d48,4,write,C1,REF-C1,True,True,ALLOW,ALLOW,True,EXPECTED_EQUIVALENCE,same ALLOW/DENY
DIFF-0430,430,1,0x200000b0,4,read,C1,REF-C1,True,True,ALLOW,ALLOW,True,EXPECTED_EQUIVALENCE,same ALLOW/DENY
DIFF-0431,431,2,0x20000170,4,write,C1,REF-C1,True,False,DENY,DENY,True,EXPECTED_EQUIVALENCE,same ALLOW/DENY
DIFF-0432,432,1,0x20000234,4,write,C1,REF-C1,True,False,DENY,DENY,True,EXPECTED_EQUIVALENCE,same ALLOW/DENY
DIFF-0433,433,1,0x200005c0,4,write,C1,REF-C0,False,False,ALLOW,ALLOW,True,EXPECTED_EQUIVALENCE,same ALLOW/DENY
DIFF-0434,434,2,0x20000d70,4,read,C1,REF-C0,False,False,ALLOW,ALLOW,True,EXPECTED_EQUIVALENCE,same ALLOW/DENY
DIFF-0435,435,1,0x20000c14,4,read,C1,REF-C1,True,False,DENY,DENY,True,EXPECTED_EQUIVALENCE,same ALLOW/DENY
DIFF-0436,436,2,0x20000b20,4,write,C1,REF-C1,True,False,DENY,DENY,True,EXPECTED_EQUIVALENCE,same ALLOW/DENY
DIFF-0437,437,1,0x20000720,4,write,C1,REF-C1,True,False,DENY,DENY,True,EXPECTED_EQUIVALENCE,same ALLOW/DENY
DIFF-0438,438,2,0x20000ed0,4,read,C1,REF-C0,False,False,ALLOW,ALLOW,True,EXPECTED_EQUIVALENCE,same ALLOW/DENY
DIFF-0439,439,1,0x20000758,4,write,C1,REF-C0,False,False,ALLOW,ALLOW,True,EXPECTED_EQUIVALENCE,same ALLOW/DENY
DIFF-0440,440,1,0x2000039c,4,read,C1,REF-C1,True,True,ALLOW,ALLOW,True,EXPECTED_EQUIVALENCE,same ALLOW/DENY
DIFF-0441,441,2,0x20000080,4,read,C1,REF-C1,True,False,DENY,DENY,True,EXPECTED_EQUIVALENCE,same ALLOW/DENY
DIFF-0442,442,1,0x2000018c,4,write,C1,REF-C1,True,True,ALLOW,ALLOW,True,EXPECTED_EQUIVALENCE,same ALLOW/DENY
DIFF-0443,443,1,0x200001cc,4,write,C1,REF-C1,True,True,ALLOW,ALLOW,True,EXPECTED_EQUIVALENCE,same ALLOW/DENY
DIFF-0444,444,1,0x20000a34,4,read,C1,REF-C1,True,False,DENY,DENY,True,EXPECTED_EQUIVALENCE,same ALLOW/DENY
DIFF-0445,445,2,0x20000794,4,read,C1,REF-C0,False,False,ALLOW,ALLOW,True,EXPECTED_EQUIVALENCE,same ALLOW/DENY
DIFF-0446,446,2,0x2000099c,4,write,C1,REF-C1,True,True,ALLOW,ALLOW,True,EXPECTED_EQUIVALENCE,same ALLOW/DENY
DIFF-0447,447,1,0x20000598,4,read,C1,REF-C1,True,True,ALLOW,ALLOW,True,EXPECTED_EQUIVALENCE,same ALLOW/DENY
DIFF-0448,448,1,0x20000b04,4,write,C1,REF-C0,False,False,ALLOW,ALLOW,True,EXPECTED_EQUIVALENCE,same ALLOW/DENY
DIFF-0449,449,2,0x20000a30,4,read,C1,REF-C0,False,False,ALLOW,ALLOW,True,EXPECTED_EQUIVALENCE,same ALLOW/DENY
DIFF-0450,450,1,0x200005e0,4,write,C1,REF-C0,False,False,ALLOW,ALLOW,True,EXPECTED_EQUIVALENCE,same ALLOW/DENY
DIFF-0451,451,1,0x2000099c,4,read,C1,REF-C0,False,False,ALLOW,ALLOW,True,EXPECTED_EQUIVALENCE,same ALLOW/DENY
DIFF-0452,452,1,0x200001d8,4,write,C1,REF-C0,False,False,ALLOW,ALLOW,True,EXPECTED_EQUIVALENCE,same ALLOW/DENY
DIFF-0453,453,2,0x20000448,4,write,C1,REF-C0,False,False,ALLOW,ALLOW,True,EXPECTED_EQUIVALENCE,same ALLOW/DENY
DIFF-0454,454,1,0x20000e64,4,write,C1,REF-C1,True,True,ALLOW,ALLOW,True,EXPECTED_EQUIVALENCE,same ALLOW/DENY
DIFF-0455,455,1,0x20000618,4,read,C1,REF-C0,False,False,ALLOW,ALLOW,True,EXPECTED_EQUIVALENCE,same ALLOW/DENY
DIFF-0456,456,2,0x20000254,4,write,C1,REF-C1,True,True,ALLOW,ALLOW,True,EXPECTED_EQUIVALENCE,same ALLOW/DENY
DIFF-0457,457,2,0x20000f54,4,write,C1,REF-C1,True,False,DENY,DENY,True,EXPECTED_EQUIVALENCE,same ALLOW/DENY
DIFF-0458,458,1,0x200006c4,4,read,C1,REF-C1,True,False,DENY,DENY,True,EXPECTED_EQUIVALENCE,same ALLOW/DENY
DIFF-0459,459,2,0x20000f50,4,write,C1,REF-C0,False,False,ALLOW,ALLOW,True,EXPECTED_EQUIVALENCE,same ALLOW/DENY
DIFF-0460,460,2,0x20000cb0,4,read,C1,REF-C0,False,False,ALLOW,ALLOW,True,EXPECTED_EQUIVALENCE,same ALLOW/DENY
DIFF-0461,461,1,0x20000c2c,4,read,C1,REF-C0,False,False,ALLOW,ALLOW,True,EXPECTED_EQUIVALENCE,same ALLOW/DENY
DIFF-0462,462,1,0x20000fe8,4,write,C1,REF-C1,True,False,DENY,DENY,True,EXPECTED_EQUIVALENCE,same ALLOW/DENY
DIFF-0463,463,2,0x20000a3c,4,read,C1,REF-C1,True,False,DENY,DENY,True,EXPECTED_EQUIVALENCE,same ALLOW/DENY
DIFF-0464,464,1,0x20000714,4,write,C1,REF-C0,False,False,ALLOW,ALLOW,True,EXPECTED_EQUIVALENCE,same ALLOW/DENY
DIFF-0465,465,1,0x20000d5c,4,write,C1,REF-C0,False,False,ALLOW,ALLOW,True,EXPECTED_EQUIVALENCE,same ALLOW/DENY
DIFF-0466,466,1,0x200007dc,4,write,C1,REF-C1,True,True,ALLOW,ALLOW,True,EXPECTED_EQUIVALENCE,same ALLOW/DENY
DIFF-0467,467,2,0x20000fa0,4,write,C1,REF-C1,True,False,DENY,DENY,True,EXPECTED_EQUIVALENCE,same ALLOW/DENY
DIFF-0468,468,2,0x20000560,4,write,C1,REF-C0,False,False,ALLOW,ALLOW,True,EXPECTED_EQUIVALENCE,same ALLOW/DENY
DIFF-0469,469,1,0x20000fa0,4,write,C1,REF-C0,False,False,ALLOW,ALLOW,True,EXPECTED_EQUIVALENCE,same ALLOW/DENY
DIFF-0470,470,2,0x20000114,4,read,C1,REF-C1,True,False,DENY,DENY,True,EXPECTED_EQUIVALENCE,same ALLOW/DENY
DIFF-0471,471,1,0x2000018c,4,read,C1,REF-C0,False,False,ALLOW,ALLOW,True,EXPECTED_EQUIVALENCE,same ALLOW/DENY
DIFF-0472,472,1,0x20000764,4,read,C1,REF-C0,False,False,ALLOW,ALLOW,True,EXPECTED_EQUIVALENCE,same ALLOW/DENY
DIFF-0473,473,1,0x200001ec,4,write,C1,REF-C1,True,True,ALLOW,ALLOW,True,EXPECTED_EQUIVALENCE,same ALLOW/DENY
DIFF-0474,474,2,0x20000f74,4,write,C1,REF-C0,False,False,ALLOW,ALLOW,True,EXPECTED_EQUIVALENCE,same ALLOW/DENY
DIFF-0475,475,1,0x20000d28,4,write,C1,REF-C0,False,False,ALLOW,ALLOW,True,EXPECTED_EQUIVALENCE,same ALLOW/DENY
DIFF-0476,476,1,0x2000008c,4,read,C1,REF-C1,True,True,ALLOW,ALLOW,True,EXPECTED_EQUIVALENCE,same ALLOW/DENY
DIFF-0477,477,2,0x200005bc,4,write,C1,REF-C0,False,False,ALLOW,ALLOW,True,EXPECTED_EQUIVALENCE,same ALLOW/DENY
DIFF-0478,478,1,0x20000810,4,write,C1,REF-C1,True,True,ALLOW,ALLOW,True,EXPECTED_EQUIVALENCE,same ALLOW/DENY
DIFF-0479,479,1,0x20000bf0,4,write,C1,REF-C0,False,False,ALLOW,ALLOW,True,EXPECTED_EQUIVALENCE,same ALLOW/DENY
DIFF-0480,480,1,0x20000738,4,write,C1,REF-C0,False,False,ALLOW,ALLOW,True,EXPECTED_EQUIVALENCE,same ALLOW/DENY
DIFF-0481,481,1,0x20000100,4,read,C1,REF-C1,True,False,DENY,DENY,True,EXPECTED_EQUIVALENCE,same ALLOW/DENY
DIFF-0482,482,1,0x2000004c,4,write,C1,REF-C1,True,True,ALLOW,ALLOW,True,EXPECTED_EQUIVALENCE,same ALLOW/DENY
DIFF-0483,483,1,0x20000a98,4,read,C1,REF-C0,False,False,ALLOW,ALLOW,True,EXPECTED_EQUIVALENCE,same ALLOW/DENY
DIFF-0484,484,2,0x2000015c,4,write,C1,REF-C0,False,False,ALLOW,ALLOW,True,EXPECTED_EQUIVALENCE,same ALLOW/DENY
DIFF-0485,485,2,0x200008ac,4,write,C1,REF-C1,True,False,DENY,DENY,True,EXPECTED_EQUIVALENCE,same ALLOW/DENY
DIFF-0486,486,2,0x2000010c,4,read,C1,REF-C1,True,True,ALLOW,ALLOW,True,EXPECTED_EQUIVALENCE,same ALLOW/DENY
DIFF-0487,487,1,0x2000049c,4,write,C1,REF-C1,True,False,DENY,DENY,True,EXPECTED_EQUIVALENCE,same ALLOW/DENY
DIFF-0488,488,2,0x20000274,4,write,C1,REF-C0,False,False,ALLOW,ALLOW,True,EXPECTED_EQUIVALENCE,same ALLOW/DENY
DIFF-0489,489,1,0x20000a9c,4,read,C1,REF-C1,True,True,ALLOW,ALLOW,True,EXPECTED_EQUIVALENCE,same ALLOW/DENY
DIFF-0490,490,2,0x20000280,4,write,C1,REF-C1,True,False,DENY,DENY,True,EXPECTED_EQUIVALENCE,same ALLOW/DENY
DIFF-0491,491,2,0x20000dfc,4,write,C1,REF-C0,False,False,ALLOW,ALLOW,True,EXPECTED_EQUIVALENCE,same ALLOW/DENY
DIFF-0492,492,2,0x20000cb0,4,write,C1,REF-C1,True,True,ALLOW,ALLOW,True,EXPECTED_EQUIVALENCE,same ALLOW/DENY
DIFF-0493,493,1,0x20000e68,4,write,C1,REF-C0,False,False,ALLOW,ALLOW,True,EXPECTED_EQUIVALENCE,same ALLOW/DENY
DIFF-0494,494,2,0x20000c28,4,write,C1,REF-C1,True,True,ALLOW,ALLOW,True,EXPECTED_EQUIVALENCE,same ALLOW/DENY
DIFF-0495,495,2,0x200002a0,4,read,C1,REF-C1,True,False,DENY,DENY,True,EXPECTED_EQUIVALENCE,same ALLOW/DENY
DIFF-0496,496,2,0x20000c74,4,write,C1,REF-C1,True,True,ALLOW,ALLOW,True,EXPECTED_EQUIVALENCE,same ALLOW/DENY
DIFF-0497,497,1,0x20000b84,4,write,C1,REF-C1,True,True,ALLOW,ALLOW,True,EXPECTED_EQUIVALENCE,same ALLOW/DENY
DIFF-0498,498,1,0x20000dc8,4,write,C1,REF-C0,False,False,ALLOW,ALLOW,True,EXPECTED_EQUIVALENCE,same ALLOW/DENY
DIFF-0499,499,1,0x20000b50,4,write,C1,REF-C1,True,True,ALLOW,ALLOW,True,EXPECTED_EQUIVALENCE,same ALLOW/DENY
DIFF-0500,500,1,0x20000c50,4,read,C1,REF-C0,False,False,ALLOW,ALLOW,True,EXPECTED_EQUIVALENCE,same ALLOW/DENY
DIFF-0501,501,2,0x200007c4,4,read,C1,REF-C1,True,True,ALLOW,ALLOW,True,EXPECTED_EQUIVALENCE,same ALLOW/DENY
DIFF-0502,502,1,0x20000470,4,write,C1,REF-C0,False,False,ALLOW,ALLOW,True,EXPECTED_EQUIVALENCE,same ALLOW/DENY
DIFF-0503,503,1,0x200008d4,4,write,C1,REF-C1,True,True,ALLOW,ALLOW,True,EXPECTED_EQUIVALENCE,same ALLOW/DENY
DIFF-0504,504,1,0x200007e4,4,write,C1,REF-C1,True,True,ALLOW,ALLOW,True,EXPECTED_EQUIVALENCE,same ALLOW/DENY
DIFF-0505,505,1,0x20000ea4,4,write,C1,REF-C0,False,False,ALLOW,ALLOW,True,EXPECTED_EQUIVALENCE,same ALLOW/DENY
DIFF-0506,506,2,0x20000c28,4,write,C1,REF-C1,True,True,ALLOW,ALLOW,True,EXPECTED_EQUIVALENCE,same ALLOW/DENY
DIFF-0507,507,1,0x20000458,4,write,C1,REF-C0,False,False,ALLOW,ALLOW,True,EXPECTED_EQUIVALENCE,same ALLOW/DENY
DIFF-0508,508,2,0x200005ac,4,write,C1,REF-C1,True,False,DENY,DENY,True,EXPECTED_EQUIVALENCE,same ALLOW/DENY
DIFF-0509,509,2,0x20000fb4,4,write,C1,REF-C0,False,False,ALLOW,ALLOW,True,EXPECTED_EQUIVALENCE,same ALLOW/DENY
DIFF-0510,510,2,0x200008f8,4,write,C1,REF-C0,False,False,ALLOW,ALLOW,True,EXPECTED_EQUIVALENCE,same ALLOW/DENY
DIFF-0511,511,1,0x20000664,4,write,C1,REF-C0,False,False,ALLOW,ALLOW,True,EXPECTED_EQUIVALENCE,same ALLOW/DENY
DIFF-0512,512,1,0x200000dc,4,write,C1,REF-C0,False,False,ALLOW,ALLOW,True,EXPECTED_EQUIVALENCE,same ALLOW/DENY
DIFF-0513,513,1,0x20000e04,4,read,C1,REF-C0,False,False,ALLOW,ALLOW,True,EXPECTED_EQUIVALENCE,same ALLOW/DENY
DIFF-0514,514,2,0x20000d14,4,write,C1,REF-C0,False,False,ALLOW,ALLOW,True,EXPECTED_EQUIVALENCE,same ALLOW/DENY
DIFF-0515,515,1,0x20000814,4,write,C1,REF-C0,False,False,ALLOW,ALLOW,True,EXPECTED_EQUIVALENCE,same ALLOW/DENY
DIFF-0516,516,2,0x2000025c,4,read,C1,REF-C0,False,False,ALLOW,ALLOW,True,EXPECTED_EQUIVALENCE,same ALLOW/DENY
DIFF-0517,517,1,0x20000d60,4,write,C1,REF-C1,True,True,ALLOW,ALLOW,True,EXPECTED_EQUIVALENCE,same ALLOW/DENY
DIFF-0518,518,2,0x200002b8,4,write,C1,REF-C0,False,False,ALLOW,ALLOW,True,EXPECTED_EQUIVALENCE,same ALLOW/DENY
DIFF-0519,519,2,0x20000168,4,write,C1,REF-C1,True,True,ALLOW,ALLOW,True,EXPECTED_EQUIVALENCE,same ALLOW/DENY
DIFF-0520,520,2,0x20000a9c,4,write,C1,REF-C0,False,False,ALLOW,ALLOW,True,EXPECTED_EQUIVALENCE,same ALLOW/DENY
DIFF-0521,521,1,0x20000844,4,write,C1,REF-C0,False,False,ALLOW,ALLOW,True,EXPECTED_EQUIVALENCE,same ALLOW/DENY
DIFF-0522,522,1,0x20000710,4,write,C1,REF-C1,True,False,DENY,DENY,True,EXPECTED_EQUIVALENCE,same ALLOW/DENY
DIFF-0523,523,2,0x200004d0,4,write,C1,REF-C1,True,True,ALLOW,ALLOW,True,EXPECTED_EQUIVALENCE,same ALLOW/DENY
DIFF-0524,524,1,0x200002bc,4,write,C1,REF-C1,True,True,ALLOW,ALLOW,True,EXPECTED_EQUIVALENCE,same ALLOW/DENY
DIFF-0525,525,1,0x20000e90,4,write,C1,REF-C1,True,False,DENY,DENY,True,EXPECTED_EQUIVALENCE,same ALLOW/DENY
DIFF-0526,526,1,0x2000031c,4,write,C1,REF-C0,False,False,ALLOW,ALLOW,True,EXPECTED_EQUIVALENCE,same ALLOW/DENY
DIFF-0527,527,1,0x200003ac,4,write,C1,REF-C1,True,False,DENY,DENY,True,EXPECTED_EQUIVALENCE,same ALLOW/DENY
DIFF-0528,528,1,0x200007cc,4,read,C1,REF-C1,True,True,ALLOW,ALLOW,True,EXPECTED_EQUIVALENCE,same ALLOW/DENY
DIFF-0529,529,1,0x20000da4,4,write,C1,REF-C0,False,False,ALLOW,ALLOW,True,EXPECTED_EQUIVALENCE,same ALLOW/DENY
DIFF-0530,530,1,0x200005e4,4,write,C1,REF-C0,False,False,ALLOW,ALLOW,True,EXPECTED_EQUIVALENCE,same ALLOW/DENY
DIFF-0531,531,1,0x20000650,4,read,C1,REF-C1,True,False,DENY,DENY,True,EXPECTED_EQUIVALENCE,same ALLOW/DENY
DIFF-0532,532,1,0x200008e8,4,write,C1,REF-C1,True,True,ALLOW,ALLOW,True,EXPECTED_EQUIVALENCE,same ALLOW/DENY
DIFF-0533,533,2,0x20000340,4,write,C1,REF-C0,False,False,ALLOW,ALLOW,True,EXPECTED_EQUIVALENCE,same ALLOW/DENY
DIFF-0534,534,1,0x2000064c,4,write,C1,REF-C0,False,False,ALLOW,ALLOW,True,EXPECTED_EQUIVALENCE,same ALLOW/DENY
DIFF-0535,535,2,0x20000a04,4,write,C1,REF-C1,True,True,ALLOW,ALLOW,True,EXPECTED_EQUIVALENCE,same ALLOW/DENY
DIFF-0536,536,2,0x20000b20,4,write,C1,REF-C0,False,False,ALLOW,ALLOW,True,EXPECTED_EQUIVALENCE,same ALLOW/DENY
DIFF-0537,537,1,0x20000984,4,write,C1,REF-C1,True,True,ALLOW,ALLOW,True,EXPECTED_EQUIVALENCE,same ALLOW/DENY
DIFF-0538,538,1,0x20000a04,4,write,C1,REF-C0,False,False,ALLOW,ALLOW,True,EXPECTED_EQUIVALENCE,same ALLOW/DENY
DIFF-0539,539,1,0x20000c6c,4,write,C1,REF-C1,True,True,ALLOW,ALLOW,True,EXPECTED_EQUIVALENCE,same ALLOW/DENY
DIFF-0540,540,1,0x20000588,4,write,C1,REF-C1,True,True,ALLOW,ALLOW,True,EXPECTED_EQUIVALENCE,same ALLOW/DENY
DIFF-0541,541,1,0x20000a10,4,write,C1,REF-C0,False,False,ALLOW,ALLOW,True,EXPECTED_EQUIVALENCE,same ALLOW/DENY
DIFF-0542,542,2,0x2000004c,4,read,C1,REF-C0,False,False,ALLOW,ALLOW,True,EXPECTED_EQUIVALENCE,same ALLOW/DENY
DIFF-0543,543,1,0x20000fd4,4,write,C1,REF-C1,True,True,ALLOW,ALLOW,True,EXPECTED_EQUIVALENCE,same ALLOW/DENY
DIFF-0544,544,2,0x20000558,4,write,C1,REF-C1,True,True,ALLOW,ALLOW,True,EXPECTED_EQUIVALENCE,same ALLOW/DENY
DIFF-0545,545,2,0x200008c8,4,write,C1,REF-C1,True,True,ALLOW,ALLOW,True,EXPECTED_EQUIVALENCE,same ALLOW/DENY
DIFF-0546,546,2,0x20000fd8,4,write,C1,REF-C1,True,True,ALLOW,ALLOW,True,EXPECTED_EQUIVALENCE,same ALLOW/DENY
DIFF-0547,547,1,0x20000bbc,4,write,C1,REF-C0,False,False,ALLOW,ALLOW,True,EXPECTED_EQUIVALENCE,same ALLOW/DENY
DIFF-0548,548,2,0x20000e1c,4,read,C1,REF-C0,False,False,ALLOW,ALLOW,True,EXPECTED_EQUIVALENCE,same ALLOW/DENY
DIFF-0549,549,2,0x200007e8,4,write,C1,REF-C0,False,False,ALLOW,ALLOW,True,EXPECTED_EQUIVALENCE,same ALLOW/DENY
DIFF-0550,550,1,0x200002c8,4,write,C1,REF-C1,True,False,DENY,DENY,True,EXPECTED_EQUIVALENCE,same ALLOW/DENY
DIFF-0551,551,2,0x20000b38,4,write,C1,REF-C1,True,False,DENY,DENY,True,EXPECTED_EQUIVALENCE,same ALLOW/DENY
DIFF-0552,552,2,0x20000474,4,write,C1,REF-C0,False,False,ALLOW,ALLOW,True,EXPECTED_EQUIVALENCE,same ALLOW/DENY
DIFF-0553,553,2,0x20000b38,4,read,C1,REF-C0,False,False,ALLOW,ALLOW,True,EXPECTED_EQUIVALENCE,same ALLOW/DENY
DIFF-0554,554,1,0x2000095c,4,write,C1,REF-C0,False,False,ALLOW,ALLOW,True,EXPECTED_EQUIVALENCE,same ALLOW/DENY
DIFF-0555,555,2,0x2000030c,4,read,C1,REF-C1,True,True,ALLOW,ALLOW,True,EXPECTED_EQUIVALENCE,same ALLOW/DENY
DIFF-0556,556,1,0x200008dc,4,write,C1,REF-C1,True,False,DENY,DENY,True,EXPECTED_EQUIVALENCE,same ALLOW/DENY
DIFF-0557,557,1,0x200007fc,4,read,C1,REF-C0,False,False,ALLOW,ALLOW,True,EXPECTED_EQUIVALENCE,same ALLOW/DENY
DIFF-0558,558,1,0x20000c90,4,read,C1,REF-C1,True,True,ALLOW,ALLOW,True,EXPECTED_EQUIVALENCE,same ALLOW/DENY
DIFF-0559,559,1,0x20000e74,4,write,C1,REF-C1,True,True,ALLOW,ALLOW,True,EXPECTED_EQUIVALENCE,same ALLOW/DENY
DIFF-0560,560,2,0x200008e4,4,write,C1,REF-C1,True,False,DENY,DENY,True,EXPECTED_EQUIVALENCE,same ALLOW/DENY
DIFF-0561,561,2,0x20000f9c,4,write,C1,REF-C0,False,False,ALLOW,ALLOW,True,EXPECTED_EQUIVALENCE,same ALLOW/DENY
DIFF-0562,562,2,0x20000ea8,4,read,C1,REF-C1,True,True,ALLOW,ALLOW,True,EXPECTED_EQUIVALENCE,same ALLOW/DENY
DIFF-0563,563,2,0x20000cb8,4,read,C1,REF-C0,False,False,ALLOW,ALLOW,True,EXPECTED_EQUIVALENCE,same ALLOW/DENY
DIFF-0564,564,1,0x20000910,4,write,C1,REF-C1,True,True,ALLOW,ALLOW,True,EXPECTED_EQUIVALENCE,same ALLOW/DENY
DIFF-0565,565,1,0x20000afc,4,write,C1,REF-C1,True,True,ALLOW,ALLOW,True,EXPECTED_EQUIVALENCE,same ALLOW/DENY
DIFF-0566,566,2,0x20000eb4,4,write,C1,REF-C0,False,False,ALLOW,ALLOW,True,EXPECTED_EQUIVALENCE,same ALLOW/DENY
DIFF-0567,567,1,0x20000db0,4,write,C1,REF-C1,True,False,DENY,DENY,True,EXPECTED_EQUIVALENCE,same ALLOW/DENY
DIFF-0568,568,1,0x20000514,4,write,C1,REF-C1,True,False,DENY,DENY,True,EXPECTED_EQUIVALENCE,same ALLOW/DENY
DIFF-0569,569,2,0x20000b88,4,write,C1,REF-C0,False,False,ALLOW,ALLOW,True,EXPECTED_EQUIVALENCE,same ALLOW/DENY
DIFF-0570,570,2,0x20000cac,4,write,C1,REF-C1,True,True,ALLOW,ALLOW,True,EXPECTED_EQUIVALENCE,same ALLOW/DENY
DIFF-0571,571,2,0x20000dbc,4,read,C1,REF-C0,False,False,ALLOW,ALLOW,True,EXPECTED_EQUIVALENCE,same ALLOW/DENY
DIFF-0572,572,2,0x20000f40,4,write,C1,REF-C0,False,False,ALLOW,ALLOW,True,EXPECTED_EQUIVALENCE,same ALLOW/DENY
DIFF-0573,573,1,0x20000040,4,write,C1,REF-C1,True,True,ALLOW,ALLOW,True,EXPECTED_EQUIVALENCE,same ALLOW/DENY
DIFF-0574,574,2,0x20000d80,4,read,C1,REF-C0,False,False,ALLOW,ALLOW,True,EXPECTED_EQUIVALENCE,same ALLOW/DENY
DIFF-0575,575,1,0x200002d8,4,write,C1,REF-C0,False,False,ALLOW,ALLOW,True,EXPECTED_EQUIVALENCE,same ALLOW/DENY
DIFF-0576,576,1,0x20000990,4,write,C1,REF-C0,False,False,ALLOW,ALLOW,True,EXPECTED_EQUIVALENCE,same ALLOW/DENY
DIFF-0577,577,2,0x20000490,4,write,C1,REF-C1,True,False,DENY,DENY,True,EXPECTED_EQUIVALENCE,same ALLOW/DENY
DIFF-0578,578,2,0x20000b3c,4,write,C1,REF-C1,True,True,ALLOW,ALLOW,True,EXPECTED_EQUIVALENCE,same ALLOW/DENY
DIFF-0579,579,2,0x20000d2c,4,write,C1,REF-C0,False,False,ALLOW,ALLOW,True,EXPECTED_EQUIVALENCE,same ALLOW/DENY
DIFF-0580,580,1,0x20000334,4,write,C1,REF-C0,False,False,ALLOW,ALLOW,True,EXPECTED_EQUIVALENCE,same ALLOW/DENY
DIFF-0581,581,2,0x20000dbc,4,write,C1,REF-C1,True,True,ALLOW,ALLOW,True,EXPECTED_EQUIVALENCE,same ALLOW/DENY
DIFF-0582,582,1,0x2000091c,4,write,C1,REF-C1,True,True,ALLOW,ALLOW,True,EXPECTED_EQUIVALENCE,same ALLOW/DENY
DIFF-0583,583,2,0x200009a4,4,read,C1,REF-C0,False,False,ALLOW,ALLOW,True,EXPECTED_EQUIVALENCE,same ALLOW/DENY
DIFF-0584,584,1,0x200001bc,4,write,C1,REF-C1,True,False,DENY,DENY,True,EXPECTED_EQUIVALENCE,same ALLOW/DENY
DIFF-0585,585,2,0x20000c58,4,write,C1,REF-C0,False,False,ALLOW,ALLOW,True,EXPECTED_EQUIVALENCE,same ALLOW/DENY
DIFF-0586,586,1,0x20000060,4,write,C1,REF-C1,True,True,ALLOW,ALLOW,True,EXPECTED_EQUIVALENCE,same ALLOW/DENY
DIFF-0587,587,2,0x20000d74,4,write,C1,REF-C0,False,False,ALLOW,ALLOW,True,EXPECTED_EQUIVALENCE,same ALLOW/DENY
DIFF-0588,588,2,0x20000254,4,read,C1,REF-C1,True,False,DENY,DENY,True,EXPECTED_EQUIVALENCE,same ALLOW/DENY
DIFF-0589,589,1,0x200001ec,4,write,C1,REF-C1,True,True,ALLOW,ALLOW,True,EXPECTED_EQUIVALENCE,same ALLOW/DENY
DIFF-0590,590,1,0x20000d48,4,write,C1,REF-C0,False,False,ALLOW,ALLOW,True,EXPECTED_EQUIVALENCE,same ALLOW/DENY
DIFF-0591,591,2,0x200004e0,4,write,C1,REF-C1,True,True,ALLOW,ALLOW,True,EXPECTED_EQUIVALENCE,same ALLOW/DENY
DIFF-0592,592,1,0x200004f8,4,write,C1,REF-C1,True,True,ALLOW,ALLOW,True,EXPECTED_EQUIVALENCE,same ALLOW/DENY
DIFF-0593,593,1,0x2000021c,4,write,C1,REF-C0,False,False,ALLOW,ALLOW,True,EXPECTED_EQUIVALENCE,same ALLOW/DENY
DIFF-0594,594,2,0x200007d0,4,write,C1,REF-C1,True,True,ALLOW,ALLOW,True,EXPECTED_EQUIVALENCE,same ALLOW/DENY
DIFF-0595,595,1,0x200009e4,4,write,C1,REF-C1,True,True,ALLOW,ALLOW,True,EXPECTED_EQUIVALENCE,same ALLOW/DENY
DIFF-0596,596,2,0x20000064,4,write,C1,REF-C0,False,False,ALLOW,ALLOW,True,EXPECTED_EQUIVALENCE,same ALLOW/DENY
DIFF-0597,597,2,0x20000b18,4,write,C1,REF-C0,False,False,ALLOW,ALLOW,True,EXPECTED_EQUIVALENCE,same ALLOW/DENY
DIFF-0598,598,2,0x20000554,4,read,C1,REF-C0,False,False,ALLOW,ALLOW,True,EXPECTED_EQUIVALENCE,same ALLOW/DENY
DIFF-0599,599,2,0x200003c4,4,read,C1,REF-C1,True,False,DENY,DENY,True,EXPECTED_EQUIVALENCE,same ALLOW/DENY
DIFF-0600,600,1,0x200008b4,4,read,C1,REF-C0,False,False,ALLOW,ALLOW,True,EXPECTED_EQUIVALENCE,same ALLOW/DENY
DIFF-0601,601,1,0x20000274,4,read,C1,REF-C0,False,False,ALLOW,ALLOW,True,EXPECTED_EQUIVALENCE,same ALLOW/DENY
DIFF-0602,602,1,0x20000554,4,read,C1,REF-C1,True,True,ALLOW,ALLOW,True,EXPECTED_EQUIVALENCE,same ALLOW/DENY
DIFF-0603,603,1,0x200003b0,4,write,C1,REF-C1,True,True,ALLOW,ALLOW,True,EXPECTED_EQUIVALENCE,same ALLOW/DENY
DIFF-0604,604,1,0x200007d0,4,read,C1,REF-C1,True,True,ALLOW,ALLOW,True,EXPECTED_EQUIVALENCE,same ALLOW/DENY
DIFF-0605,605,2,0x20000120,4,write,C1,REF-C1,True,True,ALLOW,ALLOW,True,EXPECTED_EQUIVALENCE,same ALLOW/DENY
DIFF-0606,606,2,0x20000d68,4,read,C1,REF-C0,False,False,ALLOW,ALLOW,True,EXPECTED_EQUIVALENCE,same ALLOW/DENY
DIFF-0607,607,2,0x2000027c,4,write,C1,REF-C1,True,True,ALLOW,ALLOW,True,EXPECTED_EQUIVALENCE,same ALLOW/DENY
DIFF-0608,608,1,0x200001ac,4,write,C1,REF-C0,False,False,ALLOW,ALLOW,True,EXPECTED_EQUIVALENCE,same ALLOW/DENY
DIFF-0609,609,2,0x20000234,4,read,C1,REF-C1,True,False,DENY,DENY,True,EXPECTED_EQUIVALENCE,same ALLOW/DENY
DIFF-0610,610,2,0x200009f0,4,read,C1,REF-C0,False,False,ALLOW,ALLOW,True,EXPECTED_EQUIVALENCE,same ALLOW/DENY
DIFF-0611,611,1,0x200009b8,4,write,C1,REF-C1,True,True,ALLOW,ALLOW,True,EXPECTED_EQUIVALENCE,same ALLOW/DENY
DIFF-0612,612,1,0x20000fc8,4,write,C1,REF-C0,False,False,ALLOW,ALLOW,True,EXPECTED_EQUIVALENCE,same ALLOW/DENY
DIFF-0613,613,2,0x200007d8,4,read,C1,REF-C0,False,False,ALLOW,ALLOW,True,EXPECTED_EQUIVALENCE,same ALLOW/DENY
DIFF-0614,614,1,0x2000004c,4,write,C1,REF-C1,True,False,DENY,DENY,True,EXPECTED_EQUIVALENCE,same ALLOW/DENY
DIFF-0615,615,1,0x200009d4,4,write,C1,REF-C0,False,False,ALLOW,ALLOW,True,EXPECTED_EQUIVALENCE,same ALLOW/DENY
DIFF-0616,616,1,0x200001e8,4,write,C1,REF-C1,True,True,ALLOW,ALLOW,True,EXPECTED_EQUIVALENCE,same ALLOW/DENY
DIFF-0617,617,1,0x20000164,4,write,C1,REF-C0,False,False,ALLOW,ALLOW,True,EXPECTED_EQUIVALENCE,same ALLOW/DENY
DIFF-0618,618,2,0x20000be8,4,write,C1,REF-C0,False,False,ALLOW,ALLOW,True,EXPECTED_EQUIVALENCE,same ALLOW/DENY
DIFF-0619,619,1,0x20000c9c,4,write,C1,REF-C1,True,False,DENY,DENY,True,EXPECTED_EQUIVALENCE,same ALLOW/DENY
DIFF-0620,620,1,0x20000790,4,read,C1,REF-C1,True,True,ALLOW,ALLOW,True,EXPECTED_EQUIVALENCE,same ALLOW/DENY
DIFF-0621,621,2,0x20000a70,4,write,C1,REF-C1,True,False,DENY,DENY,True,EXPECTED_EQUIVALENCE,same ALLOW/DENY
DIFF-0622,622,1,0x2000037c,4,write,C1,REF-C1,True,True,ALLOW,ALLOW,True,EXPECTED_EQUIVALENCE,same ALLOW/DENY
DIFF-0623,623,1,0x20000b74,4,write,C1,REF-C1,True,True,ALLOW,ALLOW,True,EXPECTED_EQUIVALENCE,same ALLOW/DENY
DIFF-0624,624,1,0x20000878,4,write,C1,REF-C0,False,False,ALLOW,ALLOW,True,EXPECTED_EQUIVALENCE,same ALLOW/DENY
DIFF-0625,625,1,0x200009bc,4,read,C1,REF-C0,False,False,ALLOW,ALLOW,True,EXPECTED_EQUIVALENCE,same ALLOW/DENY
DIFF-0626,626,2,0x20000a7c,4,write,C1,REF-C0,False,False,ALLOW,ALLOW,True,EXPECTED_EQUIVALENCE,same ALLOW/DENY
DIFF-0627,627,2,0x20000190,4,write,C1,REF-C1,True,False,DENY,DENY,True,EXPECTED_EQUIVALENCE,same ALLOW/DENY
DIFF-0628,628,1,0x200000fc,4,read,C1,REF-C0,False,False,ALLOW,ALLOW,True,EXPECTED_EQUIVALENCE,same ALLOW/DENY
DIFF-0629,629,2,0x200007fc,4,write,C1,REF-C0,False,False,ALLOW,ALLOW,True,EXPECTED_EQUIVALENCE,same ALLOW/DENY
DIFF-0630,630,2,0x200001f8,4,write,C1,REF-C1,True,True,ALLOW,ALLOW,True,EXPECTED_EQUIVALENCE,same ALLOW/DENY
DIFF-0631,631,2,0x20000cd0,4,write,C1,REF-C0,False,False,ALLOW,ALLOW,True,EXPECTED_EQUIVALENCE,same ALLOW/DENY
DIFF-0632,632,2,0x20000848,4,write,C1,REF-C1,True,False,DENY,DENY,True,EXPECTED_EQUIVALENCE,same ALLOW/DENY
DIFF-0633,633,1,0x20000650,4,read,C1,REF-C0,False,False,ALLOW,ALLOW,True,EXPECTED_EQUIVALENCE,same ALLOW/DENY
DIFF-0634,634,1,0x20000a9c,4,write,C1,REF-C0,False,False,ALLOW,ALLOW,True,EXPECTED_EQUIVALENCE,same ALLOW/DENY
DIFF-0635,635,1,0x20000ddc,4,read,C1,REF-C1,True,False,DENY,DENY,True,EXPECTED_EQUIVALENCE,same ALLOW/DENY
DIFF-0636,636,1,0x20000da4,4,write,C1,REF-C0,False,False,ALLOW,ALLOW,True,EXPECTED_EQUIVALENCE,same ALLOW/DENY
DIFF-0637,637,1,0x200004c0,4,write,C1,REF-C1,True,True,ALLOW,ALLOW,True,EXPECTED_EQUIVALENCE,same ALLOW/DENY
DIFF-0638,638,1,0x20000d2c,4,write,C1,REF-C1,True,False,DENY,DENY,True,EXPECTED_EQUIVALENCE,same ALLOW/DENY
DIFF-0639,639,1,0x20000c40,4,write,C1,REF-C0,False,False,ALLOW,ALLOW,True,EXPECTED_EQUIVALENCE,same ALLOW/DENY
DIFF-0640,640,2,0x2000009c,4,write,C1,REF-C1,True,True,ALLOW,ALLOW,True,EXPECTED_EQUIVALENCE,same ALLOW/DENY
DIFF-0641,641,2,0x20000f80,4,write,C1,REF-C0,False,False,ALLOW,ALLOW,True,EXPECTED_EQUIVALENCE,same ALLOW/DENY
DIFF-0642,642,1,0x200000d4,4,write,C1,REF-C1,True,True,ALLOW,ALLOW,True,EXPECTED_EQUIVALENCE,same ALLOW/DENY
DIFF-0643,643,2,0x200001dc,4,read,C1,REF-C1,True,True,ALLOW,ALLOW,True,EXPECTED_EQUIVALENCE,same ALLOW/DENY
DIFF-0644,644,1,0x20000770,4,write,C1,REF-C0,False,False,ALLOW,ALLOW,True,EXPECTED_EQUIVALENCE,same ALLOW/DENY
DIFF-0645,645,1,0x20000884,4,write,C1,REF-C0,False,False,ALLOW,ALLOW,True,EXPECTED_EQUIVALENCE,same ALLOW/DENY
DIFF-0646,646,2,0x20000704,4,read,C1,REF-C0,False,False,ALLOW,ALLOW,True,EXPECTED_EQUIVALENCE,same ALLOW/DENY
DIFF-0647,647,2,0x2000058c,4,write,C1,REF-C0,False,False,ALLOW,ALLOW,True,EXPECTED_EQUIVALENCE,same ALLOW/DENY
DIFF-0648,648,2,0x200000e4,4,write,C1,REF-C1,True,True,ALLOW,ALLOW,True,EXPECTED_EQUIVALENCE,same ALLOW/DENY
DIFF-0649,649,1,0x2000048c,4,write,C1,REF-C0,False,False,ALLOW,ALLOW,True,EXPECTED_EQUIVALENCE,same ALLOW/DENY
DIFF-0650,650,1,0x20000fc0,4,read,C1,REF-C0,False,False,ALLOW,ALLOW,True,EXPECTED_EQUIVALENCE,same ALLOW/DENY
DIFF-0651,651,1,0x200001cc,4,write,C1,REF-C0,False,False,ALLOW,ALLOW,True,EXPECTED_EQUIVALENCE,same ALLOW/DENY
DIFF-0652,652,1,0x20000670,4,write,C1,REF-C1,True,True,ALLOW,ALLOW,True,EXPECTED_EQUIVALENCE,same ALLOW/DENY
DIFF-0653,653,1,0x20000a58,4,write,C1,REF-C0,False,False,ALLOW,ALLOW,True,EXPECTED_EQUIVALENCE,same ALLOW/DENY
DIFF-0654,654,2,0x2000038c,4,write,C1,REF-C1,True,True,ALLOW,ALLOW,True,EXPECTED_EQUIVALENCE,same ALLOW/DENY
DIFF-0655,655,2,0x20000bf4,4,read,C1,REF-C0,False,False,ALLOW,ALLOW,True,EXPECTED_EQUIVALENCE,same ALLOW/DENY
DIFF-0656,656,2,0x20000ac4,4,write,C1,REF-C0,False,False,ALLOW,ALLOW,True,EXPECTED_EQUIVALENCE,same ALLOW/DENY
DIFF-0657,657,1,0x20000f94,4,read,C1,REF-C1,True,True,ALLOW,ALLOW,True,EXPECTED_EQUIVALENCE,same ALLOW/DENY
DIFF-0658,658,1,0x20000b68,4,read,C1,REF-C0,False,False,ALLOW,ALLOW,True,EXPECTED_EQUIVALENCE,same ALLOW/DENY
DIFF-0659,659,1,0x2000096c,4,write,C1,REF-C1,True,True,ALLOW,ALLOW,True,EXPECTED_EQUIVALENCE,same ALLOW/DENY
DIFF-0660,660,2,0x20000c84,4,read,C1,REF-C1,True,False,DENY,DENY,True,EXPECTED_EQUIVALENCE,same ALLOW/DENY
DIFF-0661,661,2,0x200005d0,4,write,C1,REF-C0,False,False,ALLOW,ALLOW,True,EXPECTED_EQUIVALENCE,same ALLOW/DENY
DIFF-0662,662,2,0x20000710,4,read,C1,REF-C0,False,False,ALLOW,ALLOW,True,EXPECTED_EQUIVALENCE,same ALLOW/DENY
DIFF-0663,663,1,0x20000a98,4,write,C1,REF-C0,False,False,ALLOW,ALLOW,True,EXPECTED_EQUIVALENCE,same ALLOW/DENY
DIFF-0664,664,1,0x2000055c,4,read,C1,REF-C0,False,False,ALLOW,ALLOW,True,EXPECTED_EQUIVALENCE,same ALLOW/DENY
DIFF-0665,665,2,0x20000abc,4,read,C1,REF-C0,False,False,ALLOW,ALLOW,True,EXPECTED_EQUIVALENCE,same ALLOW/DENY
DIFF-0666,666,1,0x20000834,4,write,C1,REF-C1,True,True,ALLOW,ALLOW,True,EXPECTED_EQUIVALENCE,same ALLOW/DENY
DIFF-0667,667,2,0x20000e04,4,write,C1,REF-C0,False,False,ALLOW,ALLOW,True,EXPECTED_EQUIVALENCE,same ALLOW/DENY
DIFF-0668,668,2,0x20000fc4,4,read,C1,REF-C0,False,False,ALLOW,ALLOW,True,EXPECTED_EQUIVALENCE,same ALLOW/DENY
DIFF-0669,669,1,0x20000f54,4,write,C1,REF-C0,False,False,ALLOW,ALLOW,True,EXPECTED_EQUIVALENCE,same ALLOW/DENY
DIFF-0670,670,1,0x20000734,4,read,C1,REF-C0,False,False,ALLOW,ALLOW,True,EXPECTED_EQUIVALENCE,same ALLOW/DENY
DIFF-0671,671,2,0x20000a30,4,write,C1,REF-C1,True,True,ALLOW,ALLOW,True,EXPECTED_EQUIVALENCE,same ALLOW/DENY
DIFF-0672,672,1,0x20000524,4,read,C1,REF-C1,True,True,ALLOW,ALLOW,True,EXPECTED_EQUIVALENCE,same ALLOW/DENY
DIFF-0673,673,1,0x200002f8,4,read,C1,REF-C0,False,False,ALLOW,ALLOW,True,EXPECTED_EQUIVALENCE,same ALLOW/DENY
DIFF-0674,674,2,0x20000dcc,4,read,C1,REF-C1,True,False,DENY,DENY,True,EXPECTED_EQUIVALENCE,same ALLOW/DENY
DIFF-0675,675,1,0x20000504,4,read,C1,REF-C0,False,False,ALLOW,ALLOW,True,EXPECTED_EQUIVALENCE,same ALLOW/DENY
DIFF-0676,676,2,0x2000087c,4,write,C1,REF-C1,True,True,ALLOW,ALLOW,True,EXPECTED_EQUIVALENCE,same ALLOW/DENY
DIFF-0677,677,1,0x20000c90,4,write,C1,REF-C0,False,False,ALLOW,ALLOW,True,EXPECTED_EQUIVALENCE,same ALLOW/DENY
DIFF-0678,678,2,0x20000b88,4,write,C1,REF-C0,False,False,ALLOW,ALLOW,True,EXPECTED_EQUIVALENCE,same ALLOW/DENY
DIFF-0679,679,2,0x20000f5c,4,write,C1,REF-C1,True,True,ALLOW,ALLOW,True,EXPECTED_EQUIVALENCE,same ALLOW/DENY
DIFF-0680,680,1,0x2000029c,4,write,C1,REF-C1,True,True,ALLOW,ALLOW,True,EXPECTED_EQUIVALENCE,same ALLOW/DENY
DIFF-0681,681,2,0x20000878,4,write,C1,REF-C1,True,True,ALLOW,ALLOW,True,EXPECTED_EQUIVALENCE,same ALLOW/DENY
DIFF-0682,682,1,0x20000bd0,4,read,C1,REF-C1,True,True,ALLOW,ALLOW,True,EXPECTED_EQUIVALENCE,same ALLOW/DENY
DIFF-0683,683,1,0x20000898,4,write,C1,REF-C1,True,True,ALLOW,ALLOW,True,EXPECTED_EQUIVALENCE,same ALLOW/DENY
DIFF-0684,684,1,0x20000318,4,write,C1,REF-C0,False,False,ALLOW,ALLOW,True,EXPECTED_EQUIVALENCE,same ALLOW/DENY
DIFF-0685,685,1,0x20000744,4,read,C1,REF-C1,True,True,ALLOW,ALLOW,True,EXPECTED_EQUIVALENCE,same ALLOW/DENY
DIFF-0686,686,2,0x20000d64,4,read,C1,REF-C0,False,False,ALLOW,ALLOW,True,EXPECTED_EQUIVALENCE,same ALLOW/DENY
DIFF-0687,687,2,0x20000788,4,read,C1,REF-C0,False,False,ALLOW,ALLOW,True,EXPECTED_EQUIVALENCE,same ALLOW/DENY
DIFF-0688,688,2,0x200004b4,4,read,C1,REF-C1,True,True,ALLOW,ALLOW,True,EXPECTED_EQUIVALENCE,same ALLOW/DENY
DIFF-0689,689,1,0x200006c4,4,read,C1,REF-C1,True,False,DENY,DENY,True,EXPECTED_EQUIVALENCE,same ALLOW/DENY
DIFF-0690,690,1,0x20000dec,4,write,C1,REF-C0,False,False,ALLOW,ALLOW,True,EXPECTED_EQUIVALENCE,same ALLOW/DENY
DIFF-0691,691,1,0x20000a38,4,write,C1,REF-C1,True,False,DENY,DENY,True,EXPECTED_EQUIVALENCE,same ALLOW/DENY
DIFF-0692,692,2,0x20000c68,4,write,C1,REF-C0,False,False,ALLOW,ALLOW,True,EXPECTED_EQUIVALENCE,same ALLOW/DENY
DIFF-0693,693,1,0x20000ea8,4,read,C1,REF-C0,False,False,ALLOW,ALLOW,True,EXPECTED_EQUIVALENCE,same ALLOW/DENY
DIFF-0694,694,1,0x20000d6c,4,read,C1,REF-C0,False,False,ALLOW,ALLOW,True,EXPECTED_EQUIVALENCE,same ALLOW/DENY
DIFF-0695,695,1,0x20000334,4,write,C1,REF-C1,True,True,ALLOW,ALLOW,True,EXPECTED_EQUIVALENCE,same ALLOW/DENY
DIFF-0696,696,1,0x20000924,4,write,C1,REF-C0,False,False,ALLOW,ALLOW,True,EXPECTED_EQUIVALENCE,same ALLOW/DENY
DIFF-0697,697,2,0x20000870,4,read,C1,REF-C0,False,False,ALLOW,ALLOW,True,EXPECTED_EQUIVALENCE,same ALLOW/DENY
DIFF-0698,698,2,0x200008d0,4,write,C1,REF-C1,True,True,ALLOW,ALLOW,True,EXPECTED_EQUIVALENCE,same ALLOW/DENY
DIFF-0699,699,2,0x20000ca8,4,write,C1,REF-C1,True,False,DENY,DENY,True,EXPECTED_EQUIVALENCE,same ALLOW/DENY
DIFF-0700,700,1,0x20000f34,4,write,C1,REF-C0,False,False,ALLOW,ALLOW,True,EXPECTED_EQUIVALENCE,same ALLOW/DENY
DIFF-0701,701,2,0x200009b0,4,write,C1,REF-C0,False,False,ALLOW,ALLOW,True,EXPECTED_EQUIVALENCE,same ALLOW/DENY
DIFF-0702,702,2,0x20000748,4,write,C1,REF-C1,True,False,DENY,DENY,True,EXPECTED_EQUIVALENCE,same ALLOW/DENY
DIFF-0703,703,1,0x2000089c,4,read,C1,REF-C1,True,False,DENY,DENY,True,EXPECTED_EQUIVALENCE,same ALLOW/DENY
DIFF-0704,704,2,0x20000e20,4,write,C1,REF-C0,False,False,ALLOW,ALLOW,True,EXPECTED_EQUIVALENCE,same ALLOW/DENY
DIFF-0705,705,2,0x20000bf4,4,read,C1,REF-C1,True,False,DENY,DENY,True,EXPECTED_EQUIVALENCE,same ALLOW/DENY
DIFF-0706,706,1,0x200009f4,4,write,C1,REF-C0,False,False,ALLOW,ALLOW,True,EXPECTED_EQUIVALENCE,same ALLOW/DENY
DIFF-0707,707,1,0x200000ec,4,read,C1,REF-C0,False,False,ALLOW,ALLOW,True,EXPECTED_EQUIVALENCE,same ALLOW/DENY
DIFF-0708,708,1,0x2000010c,4,write,C1,REF-C1,True,False,DENY,DENY,True,EXPECTED_EQUIVALENCE,same ALLOW/DENY
DIFF-0709,709,2,0x20000ed8,4,write,C1,REF-C1,True,False,DENY,DENY,True,EXPECTED_EQUIVALENCE,same ALLOW/DENY
DIFF-0710,710,2,0x200000f8,4,write,C1,REF-C0,False,False,ALLOW,ALLOW,True,EXPECTED_EQUIVALENCE,same ALLOW/DENY
DIFF-0711,711,1,0x20000f2c,4,read,C1,REF-C1,True,True,ALLOW,ALLOW,True,EXPECTED_EQUIVALENCE,same ALLOW/DENY
DIFF-0712,712,1,0x20000844,4,write,C1,REF-C0,False,False,ALLOW,ALLOW,True,EXPECTED_EQUIVALENCE,same ALLOW/DENY
DIFF-0713,713,2,0x20000c5c,4,write,C1,REF-C0,False,False,ALLOW,ALLOW,True,EXPECTED_EQUIVALENCE,same ALLOW/DENY
DIFF-0714,714,2,0x20000714,4,write,C1,REF-C1,True,False,DENY,DENY,True,EXPECTED_EQUIVALENCE,same ALLOW/DENY
DIFF-0715,715,2,0x20000d18,4,write,C1,REF-C0,False,False,ALLOW,ALLOW,True,EXPECTED_EQUIVALENCE,same ALLOW/DENY
DIFF-0716,716,2,0x20000048,4,read,C1,REF-C0,False,False,ALLOW,ALLOW,True,EXPECTED_EQUIVALENCE,same ALLOW/DENY
DIFF-0717,717,1,0x20000728,4,read,C1,REF-C1,True,True,ALLOW,ALLOW,True,EXPECTED_EQUIVALENCE,same ALLOW/DENY
DIFF-0718,718,1,0x200008cc,4,read,C1,REF-C1,True,False,DENY,DENY,True,EXPECTED_EQUIVALENCE,same ALLOW/DENY
DIFF-0719,719,1,0x20000eec,4,write,C1,REF-C1,True,True,ALLOW,ALLOW,True,EXPECTED_EQUIVALENCE,same ALLOW/DENY
DIFF-0720,720,2,0x2000003c,4,write,C1,REF-C1,True,True,ALLOW,ALLOW,True,EXPECTED_EQUIVALENCE,same ALLOW/DENY
DIFF-0721,721,2,0x20000bf8,4,read,C1,REF-C0,False,False,ALLOW,ALLOW,True,EXPECTED_EQUIVALENCE,same ALLOW/DENY
DIFF-0722,722,1,0x20000374,4,write,C1,REF-C0,False,False,ALLOW,ALLOW,True,EXPECTED_EQUIVALENCE,same ALLOW/DENY
DIFF-0723,723,1,0x200008dc,4,write,C1,REF-C1,True,True,ALLOW,ALLOW,True,EXPECTED_EQUIVALENCE,same ALLOW/DENY
DIFF-0724,724,2,0x200004cc,4,write,C1,REF-C1,True,False,DENY,DENY,True,EXPECTED_EQUIVALENCE,same ALLOW/DENY
DIFF-0725,725,1,0x20000cec,4,write,C1,REF-C0,False,False,ALLOW,ALLOW,True,EXPECTED_EQUIVALENCE,same ALLOW/DENY
DIFF-0726,726,2,0x20000fe8,4,read,C1,REF-C0,False,False,ALLOW,ALLOW,True,EXPECTED_EQUIVALENCE,same ALLOW/DENY
DIFF-0727,727,1,0x20000c6c,4,write,C1,REF-C0,False,False,ALLOW,ALLOW,True,EXPECTED_EQUIVALENCE,same ALLOW/DENY
DIFF-0728,728,1,0x20000610,4,read,C1,REF-C0,False,False,ALLOW,ALLOW,True,EXPECTED_EQUIVALENCE,same ALLOW/DENY
DIFF-0729,729,2,0x20000f38,4,write,C1,REF-C1,True,False,DENY,DENY,True,EXPECTED_EQUIVALENCE,same ALLOW/DENY
DIFF-0730,730,2,0x20000570,4,write,C1,REF-C0,False,False,ALLOW,ALLOW,True,EXPECTED_EQUIVALENCE,same ALLOW/DENY
DIFF-0731,731,2,0x2000031c,4,write,C1,REF-C0,False,False,ALLOW,ALLOW,True,EXPECTED_EQUIVALENCE,same ALLOW/DENY
DIFF-0732,732,2,0x200005d8,4,write,C1,REF-C1,True,False,DENY,DENY,True,EXPECTED_EQUIVALENCE,same ALLOW/DENY
DIFF-0733,733,2,0x2000071c,4,write,C1,REF-C0,False,False,ALLOW,ALLOW,True,EXPECTED_EQUIVALENCE,same ALLOW/DENY
DIFF-0734,734,1,0x20000a98,4,read,C1,REF-C1,True,False,DENY,DENY,True,EXPECTED_EQUIVALENCE,same ALLOW/DENY
DIFF-0735,735,1,0x200001b4,4,write,C1,REF-C1,True,True,ALLOW,ALLOW,True,EXPECTED_EQUIVALENCE,same ALLOW/DENY
DIFF-0736,736,1,0x20000244,4,read,C1,REF-C0,False,False,ALLOW,ALLOW,True,EXPECTED_EQUIVALENCE,same ALLOW/DENY
DIFF-0737,737,1,0x2000098c,4,write,C1,REF-C1,True,True,ALLOW,ALLOW,True,EXPECTED_EQUIVALENCE,same ALLOW/DENY
DIFF-0738,738,1,0x20000af4,4,read,C1,REF-C1,True,False,DENY,DENY,True,EXPECTED_EQUIVALENCE,same ALLOW/DENY
DIFF-0739,739,2,0x20000a1c,4,write,C1,REF-C1,True,True,ALLOW,ALLOW,True,EXPECTED_EQUIVALENCE,same ALLOW/DENY
DIFF-0740,740,1,0x20000aa4,4,write,C1,REF-C0,False,False,ALLOW,ALLOW,True,EXPECTED_EQUIVALENCE,same ALLOW/DENY
DIFF-0741,741,1,0x20000024,4,write,C1,REF-C0,False,False,ALLOW,ALLOW,True,EXPECTED_EQUIVALENCE,same ALLOW/DENY
DIFF-0742,742,2,0x20000510,4,write,C1,REF-C1,True,True,ALLOW,ALLOW,True,EXPECTED_EQUIVALENCE,same ALLOW/DENY
DIFF-0743,743,1,0x20000dbc,4,write,C1,REF-C1,True,False,DENY,DENY,True,EXPECTED_EQUIVALENCE,same ALLOW/DENY
DIFF-0744,744,1,0x20000660,4,write,C1,REF-C1,True,False,DENY,DENY,True,EXPECTED_EQUIVALENCE,same ALLOW/DENY
DIFF-0745,745,2,0x20000618,4,read,C1,REF-C0,False,False,ALLOW,ALLOW,True,EXPECTED_EQUIVALENCE,same ALLOW/DENY
DIFF-0746,746,2,0x20000b04,4,write,C1,REF-C1,True,True,ALLOW,ALLOW,True,EXPECTED_EQUIVALENCE,same ALLOW/DENY
DIFF-0747,747,1,0x20000214,4,write,C1,REF-C1,True,True,ALLOW,ALLOW,True,EXPECTED_EQUIVALENCE,same ALLOW/DENY
DIFF-0748,748,1,0x20000acc,4,write,C1,REF-C0,False,False,ALLOW,ALLOW,True,EXPECTED_EQUIVALENCE,same ALLOW/DENY
DIFF-0749,749,1,0x20000fac,4,read,C1,REF-C1,True,False,DENY,DENY,True,EXPECTED_EQUIVALENCE,same ALLOW/DENY
DIFF-0750,750,2,0x20000ce8,4,read,C1,REF-C1,True,True,ALLOW,ALLOW,True,EXPECTED_EQUIVALENCE,same ALLOW/DENY
DIFF-0751,751,2,0x200000b0,4,write,C1,REF-C1,True,True,ALLOW,ALLOW,True,EXPECTED_EQUIVALENCE,same ALLOW/DENY
DIFF-0752,752,1,0x20000130,4,write,C1,REF-C0,False,False,ALLOW,ALLOW,True,EXPECTED_EQUIVALENCE,same ALLOW/DENY
DIFF-0753,753,2,0x20000188,4,write,C1,REF-C1,True,False,DENY,DENY,True,EXPECTED_EQUIVALENCE,same ALLOW/DENY
DIFF-0754,754,2,0x200003b4,4,write,C1,REF-C0,False,False,ALLOW,ALLOW,True,EXPECTED_EQUIVALENCE,same ALLOW/DENY
DIFF-0755,755,1,0x200004e4,4,write,C1,REF-C1,True,True,ALLOW,ALLOW,True,EXPECTED_EQUIVALENCE,same ALLOW/DENY
DIFF-0756,756,1,0x20000338,4,write,C1,REF-C1,True,False,DENY,DENY,True,EXPECTED_EQUIVALENCE,same ALLOW/DENY
DIFF-0757,757,1,0x20000460,4,write,C1,REF-C0,False,False,ALLOW,ALLOW,True,EXPECTED_EQUIVALENCE,same ALLOW/DENY
DIFF-0758,758,1,0x20000908,4,write,C1,REF-C1,True,False,DENY,DENY,True,EXPECTED_EQUIVALENCE,same ALLOW/DENY
DIFF-0759,759,1,0x20000868,4,write,C1,REF-C1,True,True,ALLOW,ALLOW,True,EXPECTED_EQUIVALENCE,same ALLOW/DENY
DIFF-0760,760,2,0x20000d1c,4,write,C1,REF-C0,False,False,ALLOW,ALLOW,True,EXPECTED_EQUIVALENCE,same ALLOW/DENY
DIFF-0761,761,1,0x20000f60,4,write,C1,REF-C1,True,True,ALLOW,ALLOW,True,EXPECTED_EQUIVALENCE,same ALLOW/DENY
DIFF-0762,762,2,0x20000fcc,4,read,C1,REF-C1,True,True,ALLOW,ALLOW,True,EXPECTED_EQUIVALENCE,same ALLOW/DENY
DIFF-0763,763,1,0x2000033c,4,read,C1,REF-C1,True,True,ALLOW,ALLOW,True,EXPECTED_EQUIVALENCE,same ALLOW/DENY
DIFF-0764,764,2,0x20000978,4,write,C1,REF-C0,False,False,ALLOW,ALLOW,True,EXPECTED_EQUIVALENCE,same ALLOW/DENY
DIFF-0765,765,2,0x2000094c,4,read,C1,REF-C1,True,True,ALLOW,ALLOW,True,EXPECTED_EQUIVALENCE,same ALLOW/DENY
DIFF-0766,766,1,0x20000174,4,write,C1,REF-C1,True,False,DENY,DENY,True,EXPECTED_EQUIVALENCE,same ALLOW/DENY
DIFF-0767,767,2,0x20000e00,4,write,C1,REF-C1,True,True,ALLOW,ALLOW,True,EXPECTED_EQUIVALENCE,same ALLOW/DENY
DIFF-0768,768,1,0x20000bec,4,read,C1,REF-C0,False,False,ALLOW,ALLOW,True,EXPECTED_EQUIVALENCE,same ALLOW/DENY
DIFF-0769,769,1,0x20000e98,4,write,C1,REF-C0,False,False,ALLOW,ALLOW,True,EXPECTED_EQUIVALENCE,same ALLOW/DENY
DIFF-0770,770,2,0x20000554,4,read,C1,REF-C1,True,True,ALLOW,ALLOW,True,EXPECTED_EQUIVALENCE,same ALLOW/DENY
DIFF-0771,771,1,0x20000518,4,read,C1,REF-C1,True,False,DENY,DENY,True,EXPECTED_EQUIVALENCE,same ALLOW/DENY
DIFF-0772,772,1,0x20000e04,4,write,C1,REF-C1,True,False,DENY,DENY,True,EXPECTED_EQUIVALENCE,same ALLOW/DENY
DIFF-0773,773,1,0x2000042c,4,write,C1,REF-C1,True,True,ALLOW,ALLOW,True,EXPECTED_EQUIVALENCE,same ALLOW/DENY
DIFF-0774,774,2,0x20000204,4,write,C1,REF-C1,True,True,ALLOW,ALLOW,True,EXPECTED_EQUIVALENCE,same ALLOW/DENY
DIFF-0775,775,2,0x20000728,4,write,C1,REF-C1,True,True,ALLOW,ALLOW,True,EXPECTED_EQUIVALENCE,same ALLOW/DENY
DIFF-0776,776,2,0x2000030c,4,write,C1,REF-C0,False,False,ALLOW,ALLOW,True,EXPECTED_EQUIVALENCE,same ALLOW/DENY
DIFF-0777,777,1,0x20000c50,4,write,C1,REF-C1,True,False,DENY,DENY,True,EXPECTED_EQUIVALENCE,same ALLOW/DENY
DIFF-0778,778,2,0x2000005c,4,write,C1,REF-C1,True,False,DENY,DENY,True,EXPECTED_EQUIVALENCE,same ALLOW/DENY
DIFF-0779,779,1,0x20000fdc,4,read,C1,REF-C0,False,False,ALLOW,ALLOW,True,EXPECTED_EQUIVALENCE,same ALLOW/DENY
DIFF-0780,780,1,0x200007b4,4,write,C1,REF-C0,False,False,ALLOW,ALLOW,True,EXPECTED_EQUIVALENCE,same ALLOW/DENY
DIFF-0781,781,1,0x20000c1c,4,write,C1,REF-C1,True,True,ALLOW,ALLOW,True,EXPECTED_EQUIVALENCE,same ALLOW/DENY
DIFF-0782,782,1,0x20000e54,4,read,C1,REF-C1,True,True,ALLOW,ALLOW,True,EXPECTED_EQUIVALENCE,same ALLOW/DENY
DIFF-0783,783,1,0x20000090,4,read,C1,REF-C1,True,True,ALLOW,ALLOW,True,EXPECTED_EQUIVALENCE,same ALLOW/DENY
DIFF-0784,784,1,0x200002e8,4,write,C1,REF-C1,True,True,ALLOW,ALLOW,True,EXPECTED_EQUIVALENCE,same ALLOW/DENY
DIFF-0785,785,2,0x2000069c,4,write,C1,REF-C0,False,False,ALLOW,ALLOW,True,EXPECTED_EQUIVALENCE,same ALLOW/DENY
DIFF-0786,786,1,0x200001bc,4,write,C1,REF-C0,False,False,ALLOW,ALLOW,True,EXPECTED_EQUIVALENCE,same ALLOW/DENY
DIFF-0787,787,2,0x20000f20,4,write,C1,REF-C0,False,False,ALLOW,ALLOW,True,EXPECTED_EQUIVALENCE,same ALLOW/DENY
DIFF-0788,788,1,0x2000031c,4,write,C1,REF-C0,False,False,ALLOW,ALLOW,True,EXPECTED_EQUIVALENCE,same ALLOW/DENY
DIFF-0789,789,1,0x20000954,4,write,C1,REF-C0,False,False,ALLOW,ALLOW,True,EXPECTED_EQUIVALENCE,same ALLOW/DENY
DIFF-0790,790,1,0x20000540,4,write,C1,REF-C0,False,False,ALLOW,ALLOW,True,EXPECTED_EQUIVALENCE,same ALLOW/DENY
DIFF-0791,791,2,0x20000820,4,write,C1,REF-C1,True,False,DENY,DENY,True,EXPECTED_EQUIVALENCE,same ALLOW/DENY
DIFF-0792,792,1,0x20000c90,4,read,C1,REF-C0,False,False,ALLOW,ALLOW,True,EXPECTED_EQUIVALENCE,same ALLOW/DENY
DIFF-0793,793,1,0x20000d40,4,write,C1,REF-C1,True,False,DENY,DENY,True,EXPECTED_EQUIVALENCE,same ALLOW/DENY
DIFF-0794,794,2,0x20000e68,4,write,C1,REF-C1,True,False,DENY,DENY,True,EXPECTED_EQUIVALENCE,same ALLOW/DENY
DIFF-0795,795,1,0x20000020,4,read,C1,REF-C1,True,True,ALLOW,ALLOW,True,EXPECTED_EQUIVALENCE,same ALLOW/DENY
DIFF-0796,796,1,0x20000f74,4,read,C1,REF-C0,False,False,ALLOW,ALLOW,True,EXPECTED_EQUIVALENCE,same ALLOW/DENY
DIFF-0797,797,2,0x2000058c,4,read,C1,REF-C0,False,False,ALLOW,ALLOW,True,EXPECTED_EQUIVALENCE,same ALLOW/DENY
DIFF-0798,798,1,0x20000a4c,4,write,C1,REF-C0,False,False,ALLOW,ALLOW,True,EXPECTED_EQUIVALENCE,same ALLOW/DENY
DIFF-0799,799,1,0x200007f0,4,read,C1,REF-C0,False,False,ALLOW,ALLOW,True,EXPECTED_EQUIVALENCE,same ALLOW/DENY
DIFF-0800,800,2,0x20000444,4,write,C1,REF-C1,True,False,DENY,DENY,True,EXPECTED_EQUIVALENCE,same ALLOW/DENY
DIFF-0801,801,2,0x20000a08,4,write,C1,REF-C1,True,False,DENY,DENY,True,EXPECTED_EQUIVALENCE,same ALLOW/DENY
DIFF-0802,802,2,0x2000066c,4,write,C1,REF-C0,False,False,ALLOW,ALLOW,True,EXPECTED_EQUIVALENCE,same ALLOW/DENY
DIFF-0803,803,2,0x2000043c,4,read,C1,REF-C1,True,False,DENY,DENY,True,EXPECTED_EQUIVALENCE,same ALLOW/DENY
DIFF-0804,804,2,0x20000a50,4,read,C1,REF-C0,False,False,ALLOW,ALLOW,True,EXPECTED_EQUIVALENCE,same ALLOW/DENY
DIFF-0805,805,2,0x20000d58,4,write,C1,REF-C0,False,False,ALLOW,ALLOW,True,EXPECTED_EQUIVALENCE,same ALLOW/DENY
DIFF-0806,806,2,0x20000d84,4,write,C1,REF-C0,False,False,ALLOW,ALLOW,True,EXPECTED_EQUIVALENCE,same ALLOW/DENY
DIFF-0807,807,1,0x200004a4,4,write,C1,REF-C0,False,False,ALLOW,ALLOW,True,EXPECTED_EQUIVALENCE,same ALLOW/DENY
DIFF-0808,808,1,0x20000928,4,read,C1,REF-C1,True,True,ALLOW,ALLOW,True,EXPECTED_EQUIVALENCE,same ALLOW/DENY
DIFF-0809,809,1,0x20000970,4,write,C1,REF-C0,False,False,ALLOW,ALLOW,True,EXPECTED_EQUIVALENCE,same ALLOW/DENY
DIFF-0810,810,1,0x2000072c,4,write,C1,REF-C1,True,True,ALLOW,ALLOW,True,EXPECTED_EQUIVALENCE,same ALLOW/DENY
DIFF-0811,811,1,0x20000934,4,write,C1,REF-C0,False,False,ALLOW,ALLOW,True,EXPECTED_EQUIVALENCE,same ALLOW/DENY
DIFF-0812,812,1,0x20000d54,4,write,C1,REF-C0,False,False,ALLOW,ALLOW,True,EXPECTED_EQUIVALENCE,same ALLOW/DENY
DIFF-0813,813,2,0x200001b8,4,write,C1,REF-C0,False,False,ALLOW,ALLOW,True,EXPECTED_EQUIVALENCE,same ALLOW/DENY
DIFF-0814,814,2,0x20000e2c,4,read,C1,REF-C1,True,True,ALLOW,ALLOW,True,EXPECTED_EQUIVALENCE,same ALLOW/DENY
DIFF-0815,815,2,0x20000bc4,4,read,C1,REF-C0,False,False,ALLOW,ALLOW,True,EXPECTED_EQUIVALENCE,same ALLOW/DENY
DIFF-0816,816,1,0x20000630,4,write,C1,REF-C0,False,False,ALLOW,ALLOW,True,EXPECTED_EQUIVALENCE,same ALLOW/DENY
DIFF-0817,817,2,0x2000058c,4,write,C1,REF-C1,True,True,ALLOW,ALLOW,True,EXPECTED_EQUIVALENCE,same ALLOW/DENY
DIFF-0818,818,1,0x200008ec,4,write,C1,REF-C0,False,False,ALLOW,ALLOW,True,EXPECTED_EQUIVALENCE,same ALLOW/DENY
DIFF-0819,819,1,0x20000828,4,write,C1,REF-C0,False,False,ALLOW,ALLOW,True,EXPECTED_EQUIVALENCE,same ALLOW/DENY
DIFF-0820,820,2,0x20000a50,4,write,C1,REF-C1,True,True,ALLOW,ALLOW,True,EXPECTED_EQUIVALENCE,same ALLOW/DENY
DIFF-0821,821,2,0x200009a0,4,write,C1,REF-C0,False,False,ALLOW,ALLOW,True,EXPECTED_EQUIVALENCE,same ALLOW/DENY
DIFF-0822,822,1,0x20000a28,4,read,C1,REF-C1,True,True,ALLOW,ALLOW,True,EXPECTED_EQUIVALENCE,same ALLOW/DENY
DIFF-0823,823,2,0x20000518,4,write,C1,REF-C0,False,False,ALLOW,ALLOW,True,EXPECTED_EQUIVALENCE,same ALLOW/DENY
DIFF-0824,824,1,0x200006d0,4,write,C1,REF-C1,True,True,ALLOW,ALLOW,True,EXPECTED_EQUIVALENCE,same ALLOW/DENY
DIFF-0825,825,1,0x20000f30,4,write,C1,REF-C0,False,False,ALLOW,ALLOW,True,EXPECTED_EQUIVALENCE,same ALLOW/DENY
DIFF-0826,826,2,0x20000048,4,read,C1,REF-C0,False,False,ALLOW,ALLOW,True,EXPECTED_EQUIVALENCE,same ALLOW/DENY
DIFF-0827,827,1,0x200007cc,4,write,C1,REF-C1,True,True,ALLOW,ALLOW,True,EXPECTED_EQUIVALENCE,same ALLOW/DENY
DIFF-0828,828,2,0x200003a0,4,write,C1,REF-C0,False,False,ALLOW,ALLOW,True,EXPECTED_EQUIVALENCE,same ALLOW/DENY
DIFF-0829,829,1,0x20000bfc,4,read,C1,REF-C1,True,True,ALLOW,ALLOW,True,EXPECTED_EQUIVALENCE,same ALLOW/DENY
DIFF-0830,830,1,0x2000097c,4,write,C1,REF-C0,False,False,ALLOW,ALLOW,True,EXPECTED_EQUIVALENCE,same ALLOW/DENY
DIFF-0831,831,1,0x20000310,4,write,C1,REF-C0,False,False,ALLOW,ALLOW,True,EXPECTED_EQUIVALENCE,same ALLOW/DENY
DIFF-0832,832,1,0x20000218,4,write,C1,REF-C1,True,False,DENY,DENY,True,EXPECTED_EQUIVALENCE,same ALLOW/DENY
DIFF-0833,833,1,0x20000350,4,write,C1,REF-C1,True,False,DENY,DENY,True,EXPECTED_EQUIVALENCE,same ALLOW/DENY
DIFF-0834,834,2,0x20000dec,4,read,C1,REF-C1,True,False,DENY,DENY,True,EXPECTED_EQUIVALENCE,same ALLOW/DENY
DIFF-0835,835,2,0x200004e8,4,read,C1,REF-C0,False,False,ALLOW,ALLOW,True,EXPECTED_EQUIVALENCE,same ALLOW/DENY
DIFF-0836,836,1,0x200005b0,4,write,C1,REF-C1,True,False,DENY,DENY,True,EXPECTED_EQUIVALENCE,same ALLOW/DENY
DIFF-0837,837,1,0x20000748,4,write,C1,REF-C0,False,False,ALLOW,ALLOW,True,EXPECTED_EQUIVALENCE,same ALLOW/DENY
DIFF-0838,838,1,0x20000cf0,4,write,C1,REF-C0,False,False,ALLOW,ALLOW,True,EXPECTED_EQUIVALENCE,same ALLOW/DENY
DIFF-0839,839,2,0x20000204,4,write,C1,REF-C1,True,True,ALLOW,ALLOW,True,EXPECTED_EQUIVALENCE,same ALLOW/DENY
DIFF-0840,840,1,0x20000250,4,read,C1,REF-C0,False,False,ALLOW,ALLOW,True,EXPECTED_EQUIVALENCE,same ALLOW/DENY
DIFF-0841,841,1,0x200002c4,4,write,C1,REF-C1,True,True,ALLOW,ALLOW,True,EXPECTED_EQUIVALENCE,same ALLOW/DENY
DIFF-0842,842,1,0x200000fc,4,read,C1,REF-C1,True,False,DENY,DENY,True,EXPECTED_EQUIVALENCE,same ALLOW/DENY
DIFF-0843,843,1,0x20000970,4,write,C1,REF-C1,True,True,ALLOW,ALLOW,True,EXPECTED_EQUIVALENCE,same ALLOW/DENY
DIFF-0844,844,1,0x20000bf0,4,write,C1,REF-C0,False,False,ALLOW,ALLOW,True,EXPECTED_EQUIVALENCE,same ALLOW/DENY
DIFF-0845,845,1,0x20000484,4,read,C1,REF-C0,False,False,ALLOW,ALLOW,True,EXPECTED_EQUIVALENCE,same ALLOW/DENY
DIFF-0846,846,1,0x200002b8,4,write,C1,REF-C1,True,True,ALLOW,ALLOW,True,EXPECTED_EQUIVALENCE,same ALLOW/DENY
DIFF-0847,847,2,0x20000d34,4,write,C1,REF-C1,True,False,DENY,DENY,True,EXPECTED_EQUIVALENCE,same ALLOW/DENY
DIFF-0848,848,2,0x200005e0,4,write,C1,REF-C0,False,False,ALLOW,ALLOW,True,EXPECTED_EQUIVALENCE,same ALLOW/DENY
DIFF-0849,849,1,0x200001bc,4,write,C1,REF-C1,True,False,DENY,DENY,True,EXPECTED_EQUIVALENCE,same ALLOW/DENY
DIFF-0850,850,2,0x20000ec0,4,read,C1,REF-C0,False,False,ALLOW,ALLOW,True,EXPECTED_EQUIVALENCE,same ALLOW/DENY
DIFF-0851,851,1,0x20000804,4,write,C1,REF-C0,False,False,ALLOW,ALLOW,True,EXPECTED_EQUIVALENCE,same ALLOW/DENY
DIFF-0852,852,1,0x20000418,4,write,C1,REF-C1,True,False,DENY,DENY,True,EXPECTED_EQUIVALENCE,same ALLOW/DENY
DIFF-0853,853,1,0x20000238,4,write,C1,REF-C0,False,False,ALLOW,ALLOW,True,EXPECTED_EQUIVALENCE,same ALLOW/DENY
DIFF-0854,854,1,0x200009c8,4,write,C1,REF-C0,False,False,ALLOW,ALLOW,True,EXPECTED_EQUIVALENCE,same ALLOW/DENY
DIFF-0855,855,1,0x20000a1c,4,write,C1,REF-C0,False,False,ALLOW,ALLOW,True,EXPECTED_EQUIVALENCE,same ALLOW/DENY
DIFF-0856,856,1,0x20000714,4,write,C1,REF-C0,False,False,ALLOW,ALLOW,True,EXPECTED_EQUIVALENCE,same ALLOW/DENY
DIFF-0857,857,2,0x20000b80,4,write,C1,REF-C0,False,False,ALLOW,ALLOW,True,EXPECTED_EQUIVALENCE,same ALLOW/DENY
DIFF-0858,858,2,0x20000b78,4,write,C1,REF-C1,True,False,DENY,DENY,True,EXPECTED_EQUIVALENCE,same ALLOW/DENY
DIFF-0859,859,1,0x2000029c,4,write,C1,REF-C0,False,False,ALLOW,ALLOW,True,EXPECTED_EQUIVALENCE,same ALLOW/DENY
DIFF-0860,860,2,0x20000648,4,write,C1,REF-C0,False,False,ALLOW,ALLOW,True,EXPECTED_EQUIVALENCE,same ALLOW/DENY
DIFF-0861,861,1,0x20000098,4,write,C1,REF-C1,True,False,DENY,DENY,True,EXPECTED_EQUIVALENCE,same ALLOW/DENY
DIFF-0862,862,2,0x20000cf4,4,read,C1,REF-C0,False,False,ALLOW,ALLOW,True,EXPECTED_EQUIVALENCE,same ALLOW/DENY
DIFF-0863,863,1,0x20000854,4,write,C1,REF-C0,False,False,ALLOW,ALLOW,True,EXPECTED_EQUIVALENCE,same ALLOW/DENY
DIFF-0864,864,2,0x200004c0,4,write,C1,REF-C0,False,False,ALLOW,ALLOW,True,EXPECTED_EQUIVALENCE,same ALLOW/DENY
DIFF-0865,865,2,0x2000094c,4,read,C1,REF-C1,True,True,ALLOW,ALLOW,True,EXPECTED_EQUIVALENCE,same ALLOW/DENY
DIFF-0866,866,1,0x20000054,4,write,C1,REF-C1,True,True,ALLOW,ALLOW,True,EXPECTED_EQUIVALENCE,same ALLOW/DENY
DIFF-0867,867,2,0x2000054c,4,read,C1,REF-C0,False,False,ALLOW,ALLOW,True,EXPECTED_EQUIVALENCE,same ALLOW/DENY
DIFF-0868,868,1,0x200004ac,4,write,C1,REF-C0,False,False,ALLOW,ALLOW,True,EXPECTED_EQUIVALENCE,same ALLOW/DENY
DIFF-0869,869,1,0x20000700,4,write,C1,REF-C0,False,False,ALLOW,ALLOW,True,EXPECTED_EQUIVALENCE,same ALLOW/DENY
DIFF-0870,870,1,0x2000077c,4,write,C1,REF-C0,False,False,ALLOW,ALLOW,True,EXPECTED_EQUIVALENCE,same ALLOW/DENY
DIFF-0871,871,2,0x20000f04,4,write,C1,REF-C1,True,True,ALLOW,ALLOW,True,EXPECTED_EQUIVALENCE,same ALLOW/DENY
DIFF-0872,872,2,0x20000a5c,4,write,C1,REF-C0,False,False,ALLOW,ALLOW,True,EXPECTED_EQUIVALENCE,same ALLOW/DENY
DIFF-0873,873,2,0x2000086c,4,write,C1,REF-C1,True,False,DENY,DENY,True,EXPECTED_EQUIVALENCE,same ALLOW/DENY
DIFF-0874,874,1,0x20000c1c,4,write,C1,REF-C0,False,False,ALLOW,ALLOW,True,EXPECTED_EQUIVALENCE,same ALLOW/DENY
DIFF-0875,875,2,0x20000c08,4,write,C1,REF-C1,True,False,DENY,DENY,True,EXPECTED_EQUIVALENCE,same ALLOW/DENY
DIFF-0876,876,1,0x20000b08,4,write,C1,REF-C0,False,False,ALLOW,ALLOW,True,EXPECTED_EQUIVALENCE,same ALLOW/DENY
DIFF-0877,877,2,0x20000470,4,write,C1,REF-C1,True,True,ALLOW,ALLOW,True,EXPECTED_EQUIVALENCE,same ALLOW/DENY
DIFF-0878,878,1,0x200004cc,4,write,C1,REF-C1,True,True,ALLOW,ALLOW,True,EXPECTED_EQUIVALENCE,same ALLOW/DENY
DIFF-0879,879,2,0x2000075c,4,write,C1,REF-C1,True,True,ALLOW,ALLOW,True,EXPECTED_EQUIVALENCE,same ALLOW/DENY
DIFF-0880,880,1,0x20000f54,4,write,C1,REF-C1,True,True,ALLOW,ALLOW,True,EXPECTED_EQUIVALENCE,same ALLOW/DENY
DIFF-0881,881,2,0x20000160,4,write,C1,REF-C1,True,True,ALLOW,ALLOW,True,EXPECTED_EQUIVALENCE,same ALLOW/DENY
DIFF-0882,882,1,0x200004b0,4,write,C1,REF-C1,True,True,ALLOW,ALLOW,True,EXPECTED_EQUIVALENCE,same ALLOW/DENY
DIFF-0883,883,1,0x20000098,4,read,C1,REF-C1,True,True,ALLOW,ALLOW,True,EXPECTED_EQUIVALENCE,same ALLOW/DENY
DIFF-0884,884,2,0x200002bc,4,read,C1,REF-C0,False,False,ALLOW,ALLOW,True,EXPECTED_EQUIVALENCE,same ALLOW/DENY
DIFF-0885,885,1,0x20000704,4,write,C1,REF-C1,True,False,DENY,DENY,True,EXPECTED_EQUIVALENCE,same ALLOW/DENY
DIFF-0886,886,2,0x200005d0,4,read,C1,REF-C0,False,False,ALLOW,ALLOW,True,EXPECTED_EQUIVALENCE,same ALLOW/DENY
DIFF-0887,887,1,0x20000af4,4,write,C1,REF-C0,False,False,ALLOW,ALLOW,True,EXPECTED_EQUIVALENCE,same ALLOW/DENY
DIFF-0888,888,1,0x20000c18,4,write,C1,REF-C0,False,False,ALLOW,ALLOW,True,EXPECTED_EQUIVALENCE,same ALLOW/DENY
DIFF-0889,889,1,0x20000d6c,4,read,C1,REF-C1,True,True,ALLOW,ALLOW,True,EXPECTED_EQUIVALENCE,same ALLOW/DENY
DIFF-0890,890,2,0x2000013c,4,write,C1,REF-C0,False,False,ALLOW,ALLOW,True,EXPECTED_EQUIVALENCE,same ALLOW/DENY
DIFF-0891,891,1,0x200002f8,4,read,C1,REF-C0,False,False,ALLOW,ALLOW,True,EXPECTED_EQUIVALENCE,same ALLOW/DENY
DIFF-0892,892,2,0x20000dcc,4,read,C1,REF-C1,True,True,ALLOW,ALLOW,True,EXPECTED_EQUIVALENCE,same ALLOW/DENY
DIFF-0893,893,1,0x20000db8,4,write,C1,REF-C0,False,False,ALLOW,ALLOW,True,EXPECTED_EQUIVALENCE,same ALLOW/DENY
DIFF-0894,894,2,0x20000320,4,write,C1,REF-C1,True,False,DENY,DENY,True,EXPECTED_EQUIVALENCE,same ALLOW/DENY
DIFF-0895,895,2,0x200002ac,4,read,C1,REF-C1,True,True,ALLOW,ALLOW,True,EXPECTED_EQUIVALENCE,same ALLOW/DENY
DIFF-0896,896,1,0x20000038,4,write,C1,REF-C1,True,False,DENY,DENY,True,EXPECTED_EQUIVALENCE,same ALLOW/DENY
DIFF-0897,897,1,0x20000690,4,write,C1,REF-C0,False,False,ALLOW,ALLOW,True,EXPECTED_EQUIVALENCE,same ALLOW/DENY
DIFF-0898,898,1,0x200004f0,4,write,C1,REF-C0,False,False,ALLOW,ALLOW,True,EXPECTED_EQUIVALENCE,same ALLOW/DENY
DIFF-0899,899,1,0x20000bb0,4,write,C1,REF-C1,True,True,ALLOW,ALLOW,True,EXPECTED_EQUIVALENCE,same ALLOW/DENY
DIFF-0900,900,2,0x20000684,4,write,C1,REF-C0,False,False,ALLOW,ALLOW,True,EXPECTED_EQUIVALENCE,same ALLOW/DENY
DIFF-0901,901,1,0x20000f78,4,write,C1,REF-C1,True,False,DENY,DENY,True,EXPECTED_EQUIVALENCE,same ALLOW/DENY
DIFF-0902,902,1,0x20000468,4,read,C1,REF-C1,True,True,ALLOW,ALLOW,True,EXPECTED_EQUIVALENCE,same ALLOW/DENY
DIFF-0903,903,2,0x20000e48,4,read,C1,REF-C0,False,False,ALLOW,ALLOW,True,EXPECTED_EQUIVALENCE,same ALLOW/DENY
DIFF-0904,904,2,0x20000cd0,4,write,C1,REF-C0,False,False,ALLOW,ALLOW,True,EXPECTED_EQUIVALENCE,same ALLOW/DENY
DIFF-0905,905,2,0x200001a8,4,write,C1,REF-C0,False,False,ALLOW,ALLOW,True,EXPECTED_EQUIVALENCE,same ALLOW/DENY
DIFF-0906,906,1,0x200004a4,4,write,C1,REF-C1,True,False,DENY,DENY,True,EXPECTED_EQUIVALENCE,same ALLOW/DENY
DIFF-0907,907,1,0x20000bdc,4,write,C1,REF-C1,True,False,DENY,DENY,True,EXPECTED_EQUIVALENCE,same ALLOW/DENY
DIFF-0908,908,1,0x20000928,4,read,C1,REF-C1,True,True,ALLOW,ALLOW,True,EXPECTED_EQUIVALENCE,same ALLOW/DENY
DIFF-0909,909,1,0x20000598,4,read,C1,REF-C0,False,False,ALLOW,ALLOW,True,EXPECTED_EQUIVALENCE,same ALLOW/DENY
DIFF-0910,910,1,0x20000924,4,write,C1,REF-C0,False,False,ALLOW,ALLOW,True,EXPECTED_EQUIVALENCE,same ALLOW/DENY
DIFF-0911,911,1,0x2000056c,4,write,C1,REF-C1,True,False,DENY,DENY,True,EXPECTED_EQUIVALENCE,same ALLOW/DENY
DIFF-0912,912,1,0x20000508,4,write,C1,REF-C0,False,False,ALLOW,ALLOW,True,EXPECTED_EQUIVALENCE,same ALLOW/DENY
DIFF-0913,913,1,0x20000cf8,4,write,C1,REF-C1,True,True,ALLOW,ALLOW,True,EXPECTED_EQUIVALENCE,same ALLOW/DENY
DIFF-0914,914,1,0x20000230,4,read,C1,REF-C0,False,False,ALLOW,ALLOW,True,EXPECTED_EQUIVALENCE,same ALLOW/DENY
DIFF-0915,915,1,0x20000b20,4,read,C1,REF-C0,False,False,ALLOW,ALLOW,True,EXPECTED_EQUIVALENCE,same ALLOW/DENY
DIFF-0916,916,1,0x20000e8c,4,read,C1,REF-C1,True,False,DENY,DENY,True,EXPECTED_EQUIVALENCE,same ALLOW/DENY
DIFF-0917,917,1,0x20000d04,4,write,C1,REF-C0,False,False,ALLOW,ALLOW,True,EXPECTED_EQUIVALENCE,same ALLOW/DENY
DIFF-0918,918,1,0x20000ae0,4,write,C1,REF-C0,False,False,ALLOW,ALLOW,True,EXPECTED_EQUIVALENCE,same ALLOW/DENY
DIFF-0919,919,2,0x20000800,4,read,C1,REF-C0,False,False,ALLOW,ALLOW,True,EXPECTED_EQUIVALENCE,same ALLOW/DENY
DIFF-0920,920,2,0x200007c8,4,write,C1,REF-C0,False,False,ALLOW,ALLOW,True,EXPECTED_EQUIVALENCE,same ALLOW/DENY
DIFF-0921,921,2,0x20000ebc,4,write,C1,REF-C0,False,False,ALLOW,ALLOW,True,EXPECTED_EQUIVALENCE,same ALLOW/DENY
DIFF-0922,922,2,0x20000840,4,write,C1,REF-C0,False,False,ALLOW,ALLOW,True,EXPECTED_EQUIVALENCE,same ALLOW/DENY
DIFF-0923,923,2,0x20000758,4,write,C1,REF-C1,True,False,DENY,DENY,True,EXPECTED_EQUIVALENCE,same ALLOW/DENY
DIFF-0924,924,1,0x2000004c,4,write,C1,REF-C0,False,False,ALLOW,ALLOW,True,EXPECTED_EQUIVALENCE,same ALLOW/DENY
DIFF-0925,925,1,0x20000cc4,4,write,C1,REF-C0,False,False,ALLOW,ALLOW,True,EXPECTED_EQUIVALENCE,same ALLOW/DENY
DIFF-0926,926,2,0x200005b4,4,write,C1,REF-C0,False,False,ALLOW,ALLOW,True,EXPECTED_EQUIVALENCE,same ALLOW/DENY
DIFF-0927,927,2,0x20000614,4,write,C1,REF-C1,True,True,ALLOW,ALLOW,True,EXPECTED_EQUIVALENCE,same ALLOW/DENY
DIFF-0928,928,2,0x2000069c,4,read,C1,REF-C1,True,True,ALLOW,ALLOW,True,EXPECTED_EQUIVALENCE,same ALLOW/DENY
DIFF-0929,929,2,0x20000368,4,write,C1,REF-C1,True,False,DENY,DENY,True,EXPECTED_EQUIVALENCE,same ALLOW/DENY
DIFF-0930,930,2,0x20000034,4,write,C1,REF-C1,True,True,ALLOW,ALLOW,True,EXPECTED_EQUIVALENCE,same ALLOW/DENY
DIFF-0931,931,1,0x20000f6c,4,write,C1,REF-C0,False,False,ALLOW,ALLOW,True,EXPECTED_EQUIVALENCE,same ALLOW/DENY
DIFF-0932,932,2,0x200008c8,4,read,C1,REF-C1,True,True,ALLOW,ALLOW,True,EXPECTED_EQUIVALENCE,same ALLOW/DENY
DIFF-0933,933,2,0x20000718,4,write,C1,REF-C1,True,False,DENY,DENY,True,EXPECTED_EQUIVALENCE,same ALLOW/DENY
DIFF-0934,934,1,0x20000d88,4,write,C1,REF-C0,False,False,ALLOW,ALLOW,True,EXPECTED_EQUIVALENCE,same ALLOW/DENY
DIFF-0935,935,1,0x20000594,4,write,C1,REF-C1,True,True,ALLOW,ALLOW,True,EXPECTED_EQUIVALENCE,same ALLOW/DENY
DIFF-0936,936,1,0x20000044,4,write,C1,REF-C1,True,True,ALLOW,ALLOW,True,EXPECTED_EQUIVALENCE,same ALLOW/DENY
DIFF-0937,937,1,0x2000084c,4,write,C1,REF-C1,True,True,ALLOW,ALLOW,True,EXPECTED_EQUIVALENCE,same ALLOW/DENY
DIFF-0938,938,1,0x20000af8,4,read,C1,REF-C1,True,True,ALLOW,ALLOW,True,EXPECTED_EQUIVALENCE,same ALLOW/DENY
DIFF-0939,939,1,0x20000be8,4,read,C1,REF-C1,True,True,ALLOW,ALLOW,True,EXPECTED_EQUIVALENCE,same ALLOW/DENY
DIFF-0940,940,1,0x20000750,4,write,C1,REF-C1,True,True,ALLOW,ALLOW,True,EXPECTED_EQUIVALENCE,same ALLOW/DENY
DIFF-0941,941,2,0x20000dd4,4,read,C1,REF-C0,False,False,ALLOW,ALLOW,True,EXPECTED_EQUIVALENCE,same ALLOW/DENY
DIFF-0942,942,1,0x200004c8,4,read,C1,REF-C0,False,False,ALLOW,ALLOW,True,EXPECTED_EQUIVALENCE,same ALLOW/DENY
DIFF-0943,943,1,0x20000a18,4,write,C1,REF-C1,True,True,ALLOW,ALLOW,True,EXPECTED_EQUIVALENCE,same ALLOW/DENY
DIFF-0944,944,1,0x20000184,4,write,C1,REF-C0,False,False,ALLOW,ALLOW,True,EXPECTED_EQUIVALENCE,same ALLOW/DENY
DIFF-0945,945,1,0x20000f3c,4,read,C1,REF-C1,True,False,DENY,DENY,True,EXPECTED_EQUIVALENCE,same ALLOW/DENY
DIFF-0946,946,1,0x20000850,4,read,C1,REF-C0,False,False,ALLOW,ALLOW,True,EXPECTED_EQUIVALENCE,same ALLOW/DENY
DIFF-0947,947,2,0x200000a0,4,write,C1,REF-C1,True,True,ALLOW,ALLOW,True,EXPECTED_EQUIVALENCE,same ALLOW/DENY
DIFF-0948,948,2,0x20000594,4,write,C1,REF-C1,True,True,ALLOW,ALLOW,True,EXPECTED_EQUIVALENCE,same ALLOW/DENY
DIFF-0949,949,1,0x20000f98,4,write,C1,REF-C0,False,False,ALLOW,ALLOW,True,EXPECTED_EQUIVALENCE,same ALLOW/DENY
DIFF-0950,950,1,0x20000928,4,write,C1,REF-C0,False,False,ALLOW,ALLOW,True,EXPECTED_EQUIVALENCE,same ALLOW/DENY
DIFF-0951,951,2,0x20000ac8,4,write,C1,REF-C1,True,False,DENY,DENY,True,EXPECTED_EQUIVALENCE,same ALLOW/DENY
DIFF-0952,952,1,0x20000288,4,read,C1,REF-C1,True,False,DENY,DENY,True,EXPECTED_EQUIVALENCE,same ALLOW/DENY
DIFF-0953,953,1,0x2000088c,4,write,C1,REF-C1,True,True,ALLOW,ALLOW,True,EXPECTED_EQUIVALENCE,same ALLOW/DENY
DIFF-0954,954,1,0x20000b9c,4,read,C1,REF-C0,False,False,ALLOW,ALLOW,True,EXPECTED_EQUIVALENCE,same ALLOW/DENY
DIFF-0955,955,1,0x20000558,4,write,C1,REF-C0,False,False,ALLOW,ALLOW,True,EXPECTED_EQUIVALENCE,same ALLOW/DENY
DIFF-0956,956,2,0x2000028c,4,write,C1,REF-C1,True,True,ALLOW,ALLOW,True,EXPECTED_EQUIVALENCE,same ALLOW/DENY
DIFF-0957,957,1,0x20000f24,4,read,C1,REF-C1,True,True,ALLOW,ALLOW,True,EXPECTED_EQUIVALENCE,same ALLOW/DENY
DIFF-0958,958,1,0x200002a8,4,write,C1,REF-C0,False,False,ALLOW,ALLOW,True,EXPECTED_EQUIVALENCE,same ALLOW/DENY
DIFF-0959,959,1,0x20000c78,4,read,C1,REF-C1,True,False,DENY,DENY,True,EXPECTED_EQUIVALENCE,same ALLOW/DENY
DIFF-0960,960,1,0x20000430,4,write,C1,REF-C1,True,True,ALLOW,ALLOW,True,EXPECTED_EQUIVALENCE,same ALLOW/DENY
DIFF-0961,961,1,0x20000b68,4,write,C1,REF-C0,False,False,ALLOW,ALLOW,True,EXPECTED_EQUIVALENCE,same ALLOW/DENY
DIFF-0962,962,1,0x200008b4,4,write,C1,REF-C0,False,False,ALLOW,ALLOW,True,EXPECTED_EQUIVALENCE,same ALLOW/DENY
DIFF-0963,963,1,0x200005a8,4,read,C1,REF-C0,False,False,ALLOW,ALLOW,True,EXPECTED_EQUIVALENCE,same ALLOW/DENY
DIFF-0964,964,1,0x20000de8,4,read,C1,REF-C0,False,False,ALLOW,ALLOW,True,EXPECTED_EQUIVALENCE,same ALLOW/DENY
DIFF-0965,965,2,0x20000b1c,4,write,C1,REF-C0,False,False,ALLOW,ALLOW,True,EXPECTED_EQUIVALENCE,same ALLOW/DENY
DIFF-0966,966,1,0x20000d30,4,write,C1,REF-C1,True,True,ALLOW,ALLOW,True,EXPECTED_EQUIVALENCE,same ALLOW/DENY
DIFF-0967,967,1,0x2000045c,4,read,C1,REF-C1,True,True,ALLOW,ALLOW,True,EXPECTED_EQUIVALENCE,same ALLOW/DENY
DIFF-0968,968,1,0x20000f44,4,read,C1,REF-C1,True,True,ALLOW,ALLOW,True,EXPECTED_EQUIVALENCE,same ALLOW/DENY
DIFF-0969,969,2,0x20000038,4,write,C1,REF-C1,True,False,DENY,DENY,True,EXPECTED_EQUIVALENCE,same ALLOW/DENY
DIFF-0970,970,1,0x20000dfc,4,read,C1,REF-C0,False,False,ALLOW,ALLOW,True,EXPECTED_EQUIVALENCE,same ALLOW/DENY
DIFF-0971,971,2,0x20000c18,4,write,C1,REF-C1,True,True,ALLOW,ALLOW,True,EXPECTED_EQUIVALENCE,same ALLOW/DENY
DIFF-0972,972,2,0x200008b0,4,write,C1,REF-C1,True,True,ALLOW,ALLOW,True,EXPECTED_EQUIVALENCE,same ALLOW/DENY
DIFF-0973,973,2,0x20000230,4,write,C1,REF-C1,True,False,DENY,DENY,True,EXPECTED_EQUIVALENCE,same ALLOW/DENY
DIFF-0974,974,2,0x200008b4,4,write,C1,REF-C1,True,True,ALLOW,ALLOW,True,EXPECTED_EQUIVALENCE,same ALLOW/DENY
DIFF-0975,975,1,0x200004dc,4,write,C1,REF-C0,False,False,ALLOW,ALLOW,True,EXPECTED_EQUIVALENCE,same ALLOW/DENY
DIFF-0976,976,1,0x2000089c,4,write,C1,REF-C1,True,True,ALLOW,ALLOW,True,EXPECTED_EQUIVALENCE,same ALLOW/DENY
DIFF-0977,977,1,0x20000078,4,write,C1,REF-C1,True,True,ALLOW,ALLOW,True,EXPECTED_EQUIVALENCE,same ALLOW/DENY
DIFF-0978,978,1,0x20000be0,4,read,C1,REF-C1,True,True,ALLOW,ALLOW,True,EXPECTED_EQUIVALENCE,same ALLOW/DENY
DIFF-0979,979,1,0x200004ac,4,read,C1,REF-C1,True,False,DENY,DENY,True,EXPECTED_EQUIVALENCE,same ALLOW/DENY
DIFF-0980,980,1,0x20000624,4,write,C1,REF-C1,True,False,DENY,DENY,True,EXPECTED_EQUIVALENCE,same ALLOW/DENY
DIFF-0981,981,1,0x20000064,4,write,C1,REF-C0,False,False,ALLOW,ALLOW,True,EXPECTED_EQUIVALENCE,same ALLOW/DENY
DIFF-0982,982,1,0x20000e2c,4,read,C1,REF-C1,True,False,DENY,DENY,True,EXPECTED_EQUIVALENCE,same ALLOW/DENY
DIFF-0983,983,1,0x20000300,4,read,C1,REF-C1,True,False,DENY,DENY,True,EXPECTED_EQUIVALENCE,same ALLOW/DENY
DIFF-0984,984,2,0x200009fc,4,write,C1,REF-C0,False,False,ALLOW,ALLOW,True,EXPECTED_EQUIVALENCE,same ALLOW/DENY
DIFF-0985,985,1,0x200003e8,4,read,C1,REF-C0,False,False,ALLOW,ALLOW,True,EXPECTED_EQUIVALENCE,same ALLOW/DENY
DIFF-0986,986,1,0x200006f8,4,read,C1,REF-C1,True,False,DENY,DENY,True,EXPECTED_EQUIVALENCE,same ALLOW/DENY
DIFF-0987,987,1,0x20000078,4,write,C1,REF-C0,False,False,ALLOW,ALLOW,True,EXPECTED_EQUIVALENCE,same ALLOW/DENY
DIFF-0988,988,1,0x20000048,4,read,C1,REF-C1,True,True,ALLOW,ALLOW,True,EXPECTED_EQUIVALENCE,same ALLOW/DENY
DIFF-0989,989,1,0x200004f4,4,write,C1,REF-C0,False,False,ALLOW,ALLOW,True,EXPECTED_EQUIVALENCE,same ALLOW/DENY
DIFF-0990,990,1,0x20000ad4,4,write,C1,REF-C1,True,True,ALLOW,ALLOW,True,EXPECTED_EQUIVALENCE,same ALLOW/DENY
DIFF-0991,991,2,0x200001e8,4,write,C1,REF-C0,False,False,ALLOW,ALLOW,True,EXPECTED_EQUIVALENCE,same ALLOW/DENY
DIFF-0992,992,1,0x20000f9c,4,write,C1,REF-C1,True,True,ALLOW,ALLOW,True,EXPECTED_EQUIVALENCE,same ALLOW/DENY
DIFF-0993,993,2,0x20000e08,4,read,C1,REF-C1,True,False,DENY,DENY,True,EXPECTED_EQUIVALENCE,same ALLOW/DENY
DIFF-0994,994,1,0x2000044c,4,write,C1,REF-C0,False,False,ALLOW,ALLOW,True,EXPECTED_EQUIVALENCE,same ALLOW/DENY
DIFF-0995,995,2,0x20000fac,4,write,C1,REF-C1,True,True,ALLOW,ALLOW,True,EXPECTED_EQUIVALENCE,same ALLOW/DENY
DIFF-0996,996,1,0x200008cc,4,read,C1,REF-C1,True,True,ALLOW,ALLOW,True,EXPECTED_EQUIVALENCE,same ALLOW/DENY
DIFF-0997,997,1,0x20000520,4,read,C1,REF-C0,False,False,ALLOW,ALLOW,True,EXPECTED_EQUIVALENCE,same ALLOW/DENY
DIFF-0998,998,1,0x20000bbc,4,write,C1,REF-C1,True,True,ALLOW,ALLOW,True,EXPECTED_EQUIVALENCE,same ALLOW/DENY
DIFF-0999,999,1,0x20000098,4,read,C1,REF-C1,True,False,DENY,DENY,True,EXPECTED_EQUIVALENCE,same ALLOW/DENY
