Program header number 0 in `/home/mmr/ricv_paper/m7/sw/ibex_reset/RC-5.elf' is not of type PT_LOAD; ignoring.
Program header number 3 in `/home/mmr/ricv_paper/m7/sw/ibex_reset/RC-5.elf' is not of type PT_LOAD; ignoring.
M7 Ibex C5 composed simulation
TOP.m7_ibex_c5_composed_top.u_ibex.u_ibex_tracer: Instruction trace disabled.

Simulation running, end by pressing CTRL-c.
M7-C5-FINISH
- src/local_m7_m7_ibex_c5_composed_0/../rtl/m7_c5_harness.sv:807: Verilog $finish
Received $finish() from Verilog, shutting down simulation.

Simulation statistics
=====================
Executed cycles:  3858
Wallclock time:   0.008 s
Simulation speed: 482250 cycles/s (482.25 kHz)

---m7_c5_events.log---
# C5 event log
CYC=2 EVT=IC_RESET_RELEASE
CYC=3 EVT=DMA_RESET_RELEASE
CYC=3 EVT=IOPMP_RESET_RELEASE
CYC=3 EVT=SEC_RESET_RELEASE
CYC=9 EVT=PROT_COMMIT SRC=CPU ADDR=0x20000100 DATA=0x5151a5a5
CYC=10 EVT=PROT_COMMIT SRC=CPU ADDR=0x20000100 DATA=0x5151a5a5
CYC=10 EVT=CPU_RVALID
CYC=11 EVT=PROT_COMMIT SRC=CPU ADDR=0x20000100 DATA=0x5151a5a5
CYC=15 EVT=IOPMP_READY
CYC=20 EVT=DMA_ADMITTED RID=0x01 ADDR=0x20000100 WDATA=0xa11d00c5 WRITE=1
CYC=23 EVT=DMA_TARGET_ACCEPTED ADDR=0x20000100
CYC=25 EVT=PROT_COMMIT SRC=DMA ADDR=0x20000100 DATA=0xa11d00c5
CYC=26 EVT=PROT_COMMIT SRC=DMA ADDR=0x20000100 DATA=0xa11d00c5
CYC=27 EVT=PROT_COMMIT SRC=DMA ADDR=0x20000100 DATA=0xa11d00c5
CYC=27 EVT=DMA_COMPLETED ERR=0
CYC=29 EVT=PROT_COMMIT SRC=DMA ADDR=0x20000100 DATA=0xa11d00c5
CYC=35 EVT=DMA_ADMITTED RID=0x01 ADDR=0x20000100 WDATA=0xa11d00c5 WRITE=1
CYC=38 EVT=DMA_TARGET_ACCEPTED ADDR=0x20000100
CYC=40 EVT=PROT_COMMIT SRC=DMA ADDR=0x20000100 DATA=0xa11d00c5
CYC=41 EVT=PROT_COMMIT SRC=DMA ADDR=0x20000100 DATA=0xa11d00c5
CYC=42 EVT=PROT_COMMIT SRC=DMA ADDR=0x20000100 DATA=0xa11d00c5
CYC=42 EVT=DMA_COMPLETED ERR=0
CYC=44 EVT=PROT_COMMIT SRC=DMA ADDR=0x20000100 DATA=0xa11d00c5
CYC=50 EVT=DMA_ADMITTED RID=0x01 ADDR=0x20000100 WDATA=0xa11d00c5 WRITE=1
CYC=53 EVT=DMA_TARGET_ACCEPTED ADDR=0x20000100
CYC=55 EVT=PROT_COMMIT SRC=DMA ADDR=0x20000100 DATA=0xa11d00c5
CYC=56 EVT=PROT_COMMIT SRC=DMA ADDR=0x20000100 DATA=0xa11d00c5
CYC=57 EVT=PROT_COMMIT SRC=DMA ADDR=0x20000100 DATA=0xa11d00c5
CYC=57 EVT=DMA_COMPLETED ERR=0
CYC=59 EVT=PROT_COMMIT SRC=DMA ADDR=0x20000100 DATA=0xa11d00c5
CYC=65 EVT=DMA_ADMITTED RID=0x01 ADDR=0x20000100 WDATA=0xa11d00c5 WRITE=1
CYC=68 EVT=DMA_TARGET_ACCEPTED ADDR=0x20000100
CYC=70 EVT=PROT_COMMIT SRC=DMA ADDR=0x20000100 DATA=0xa11d00c5
CYC=71 EVT=PROT_COMMIT SRC=DMA ADDR=0x20000100 DATA=0xa11d00c5
CYC=72 EVT=PROT_COMMIT SRC=DMA ADDR=0x20000100 DATA=0xa11d00c5
CYC=72 EVT=DMA_COMPLETED ERR=0
CYC=74 EVT=PROT_COMMIT SRC=DMA ADDR=0x20000100 DATA=0xa11d00c5
CYC=80 EVT=DMA_ADMITTED RID=0x01 ADDR=0x20000100 WDATA=0xa11d00c5 WRITE=1
CYC=83 EVT=DMA_TARGET_ACCEPTED ADDR=0x20000100
CYC=85 EVT=PROT_COMMIT SRC=DMA ADDR=0x20000100 DATA=0xa11d00c5
CYC=86 EVT=PROT_COMMIT SRC=DMA ADDR=0x20000100 DATA=0xa11d00c5
CYC=87 EVT=PROT_COMMIT SRC=DMA ADDR=0x20000100 DATA=0xa11d00c5
CYC=87 EVT=DMA_COMPLETED ERR=0
CYC=89 EVT=PROT_COMMIT SRC=DMA ADDR=0x20000100 DATA=0xa11d00c5
CYC=95 EVT=DMA_ADMITTED RID=0x01 ADDR=0x20000100 WDATA=0xa11d00c5 WRITE=1
CYC=98 EVT=DMA_TARGET_ACCEPTED ADDR=0x20000100
CYC=100 EVT=PROT_COMMIT SRC=DMA ADDR=0x20000100 DATA=0xa11d00c5
CYC=101 EVT=PROT_COMMIT SRC=DMA ADDR=0x20000100 DATA=0xa11d00c5
CYC=102 EVT=PROT_COMMIT SRC=DMA ADDR=0x20000100 DATA=0xa11d00c5
CYC=102 EVT=DMA_COMPLETED ERR=0
CYC=104 EVT=PROT_COMMIT SRC=DMA ADDR=0x20000100 DATA=0xa11d00c5
CYC=110 EVT=DMA_ADMITTED RID=0x01 ADDR=0x20000100 WDATA=0xa11d00c5 WRITE=1
CYC=113 EVT=DMA_TARGET_ACCEPTED ADDR=0x20000100
CYC=115 EVT=PROT_COMMIT SRC=DMA ADDR=0x20000100 DATA=0xa11d00c5
CYC=116 EVT=PROT_COMMIT SRC=DMA ADDR=0x20000100 DATA=0xa11d00c5
CYC=117 EVT=PROT_COMMIT SRC=DMA ADDR=0x20000100 DATA=0xa11d00c5
CYC=117 EVT=DMA_COMPLETED ERR=0
CYC=119 EVT=PROT_COMMIT SRC=DMA ADDR=0x20000100 DATA=0xa11d00c5
CYC=125 EVT=DMA_ADMITTED RID=0x01 ADDR=0x20000100 WDATA=0xa11d00c5 WRITE=1
CYC=128 EVT=DMA_TARGET_ACCEPTED ADDR=0x20000100
CYC=130 EVT=PROT_COMMIT SRC=DMA ADDR=0x20000100 DATA=0xa11d00c5
CYC=131 EVT=PROT_COMMIT SRC=DMA ADDR=0x20000100 DATA=0xa11d00c5
CYC=132 EVT=PROT_COMMIT SRC=DMA ADDR=0x20000100 DATA=0xa11d00c5
CYC=132 EVT=DMA_COMPLETED ERR=0
CYC=134 EVT=PROT_COMMIT SRC=DMA ADDR=0x20000100 DATA=0xa11d00c5
CYC=140 EVT=DMA_ADMITTED RID=0x01 ADDR=0x20000100 WDATA=0xa11d00c5 WRITE=1
CYC=143 EVT=DMA_TARGET_ACCEPTED ADDR=0x20000100
CYC=145 EVT=PROT_COMMIT SRC=DMA ADDR=0x20000100 DATA=0xa11d00c5
CYC=146 EVT=PROT_COMMIT SRC=DMA ADDR=0x20000100 DATA=0xa11d00c5
CYC=147 EVT=PROT_COMMIT SRC=DMA ADDR=0x20000100 DATA=0xa11d00c5
CYC=147 EVT=DMA_COMPLETED ERR=0
CYC=149 EVT=PROT_COMMIT SRC=DMA ADDR=0x20000100 DATA=0xa11d00c5
CYC=155 EVT=DMA_ADMITTED RID=0x01 ADDR=0x20000100 WDATA=0xa11d00c5 WRITE=1
CYC=158 EVT=DMA_TARGET_ACCEPTED ADDR=0x20000100
CYC=160 EVT=PROT_COMMIT SRC=DMA ADDR=0x20000100 DATA=0xa11d00c5
CYC=161 EVT=PROT_COMMIT SRC=DMA ADDR=0x20000100 DATA=0xa11d00c5
CYC=162 EVT=PROT_COMMIT SRC=DMA ADDR=0x20000100 DATA=0xa11d00c5
CYC=162 EVT=DMA_COMPLETED ERR=0
CYC=164 EVT=PROT_COMMIT SRC=DMA ADDR=0x20000100 DATA=0xa11d00c5
CYC=170 EVT=DMA_ADMITTED RID=0x01 ADDR=0x20000100 WDATA=0xa11d00c5 WRITE=1
CYC=173 EVT=DMA_TARGET_ACCEPTED ADDR=0x20000100
CYC=175 EVT=PROT_COMMIT SRC=DMA ADDR=0x20000100 DATA=0xa11d00c5
CYC=176 EVT=PROT_COMMIT SRC=DMA ADDR=0x20000100 DATA=0xa11d00c5
CYC=177 EVT=PROT_COMMIT SRC=DMA ADDR=0x20000100 DATA=0xa11d00c5
CYC=177 EVT=DMA_COMPLETED ERR=0
CYC=179 EVT=PROT_COMMIT SRC=DMA ADDR=0x20000100 DATA=0xa11d00c5
CYC=185 EVT=DMA_ADMITTED RID=0x01 ADDR=0x20000100 WDATA=0xa11d00c5 WRITE=1
CYC=188 EVT=DMA_TARGET_ACCEPTED ADDR=0x20000100
CYC=190 EVT=PROT_COMMIT SRC=DMA ADDR=0x20000100 DATA=0xa11d00c5
CYC=191 EVT=PROT_COMMIT SRC=DMA ADDR=0x20000100 DATA=0xa11d00c5
CYC=192 EVT=PROT_COMMIT SRC=DMA ADDR=0x20000100 DATA=0xa11d00c5
CYC=192 EVT=DMA_COMPLETED ERR=0
CYC=194 EVT=PROT_COMMIT SRC=DMA ADDR=0x20000100 DATA=0xa11d00c5
CYC=200 EVT=DMA_ADMITTED RID=0x01 ADDR=0x20000100 WDATA=0xa11d00c5 WRITE=1
CYC=203 EVT=DMA_TARGET_ACCEPTED ADDR=0x20000100
CYC=205 EVT=PROT_COMMIT SRC=DMA ADDR=0x20000100 DATA=0xa11d00c5
CYC=206 EVT=PROT_COMMIT SRC=DMA ADDR=0x20000100 DATA=0xa11d00c5
CYC=207 EVT=PROT_COMMIT SRC=DMA ADDR=0x20000100 DATA=0xa11d00c5
CYC=207 EVT=DMA_COMPLETED ERR=0
CYC=209 EVT=PROT_COMMIT SRC=DMA ADDR=0x20000100 DATA=0xa11d00c5
CYC=215 EVT=DMA_ADMITTED RID=0x01 ADDR=0x20000100 WDATA=0xa11d00c5 WRITE=1
CYC=218 EVT=DMA_TARGET_ACCEPTED ADDR=0x20000100
CYC=220 EVT=PROT_COMMIT SRC=DMA ADDR=0x20000100 DATA=0xa11d00c5
CYC=221 EVT=PROT_COMMIT SRC=DMA ADDR=0x20000100 DATA=0xa11d00c5
CYC=222 EVT=PROT_COMMIT SRC=DMA ADDR=0x20000100 DATA=0xa11d00c5
CYC=222 EVT=DMA_COMPLETED ERR=0
CYC=224 EVT=PROT_COMMIT SRC=DMA ADDR=0x20000100 DATA=0xa11d00c5
CYC=230 EVT=DMA_ADMITTED RID=0x01 ADDR=0x20000100 WDATA=0xa11d00c5 WRITE=1
CYC=233 EVT=DMA_TARGET_ACCEPTED ADDR=0x20000100
CYC=235 EVT=PROT_COMMIT SRC=DMA ADDR=0x20000100 DATA=0xa11d00c5
CYC=236 EVT=PROT_COMMIT SRC=DMA ADDR=0x20000100 DATA=0xa11d00c5
CYC=237 EVT=PROT_COMMIT SRC=DMA ADDR=0x20000100 DATA=0xa11d00c5
CYC=237 EVT=DMA_COMPLETED ERR=0
CYC=239 EVT=PROT_COMMIT SRC=DMA ADDR=0x20000100 DATA=0xa11d00c5
CYC=245 EVT=DMA_ADMITTED RID=0x01 ADDR=0x20000100 WDATA=0xa11d00c5 WRITE=1
CYC=248 EVT=DMA_TARGET_ACCEPTED ADDR=0x20000100
CYC=250 EVT=PROT_COMMIT SRC=DMA ADDR=0x20000100 DATA=0xa11d00c5
CYC=251 EVT=PROT_COMMIT SRC=DMA ADDR=0x20000100 DATA=0xa11d00c5
CYC=252 EVT=PROT_COMMIT SRC=DMA ADDR=0x20000100 DATA=0xa11d00c5
CYC=252 EVT=DMA_COMPLETED ERR=0
CYC=254 EVT=PROT_COMMIT SRC=DMA ADDR=0x20000100 DATA=0xa11d00c5
CYC=260 EVT=DMA_ADMITTED RID=0x01 ADDR=0x20000100 WDATA=0xa11d00c5 WRITE=1
CYC=263 EVT=DMA_TARGET_ACCEPTED ADDR=0x20000100
CYC=265 EVT=PROT_COMMIT SRC=DMA ADDR=0x20000100 DATA=0xa11d00c5
CYC=266 EVT=PROT_COMMIT SRC=DMA ADDR=0x20000100 DATA=0xa11d00c5
CYC=267 EVT=PROT_COMMIT SRC=DMA ADDR=0x20000100 DATA=0xa11d00c5
CYC=267 EVT=DMA_COMPLETED ERR=0
CYC=269 EVT=PROT_COMMIT SRC=DMA ADDR=0x20000100 DATA=0xa11d00c5
CYC=275 EVT=DMA_ADMITTED RID=0x01 ADDR=0x20000100 WDATA=0xa11d00c5 WRITE=1
CYC=278 EVT=DMA_TARGET_ACCEPTED ADDR=0x20000100
CYC=280 EVT=PROT_COMMIT SRC=DMA ADDR=0x20000100 DATA=0xa11d00c5
CYC=281 EVT=PROT_COMMIT SRC=DMA ADDR=0x20000100 DATA=0xa11d00c5
CYC=282 EVT=PROT_COMMIT SRC=DMA ADDR=0x20000100 DATA=0xa11d00c5
CYC=282 EVT=DMA_COMPLETED ERR=0
CYC=284 EVT=PROT_COMMIT SRC=DMA ADDR=0x20000100 DATA=0xa11d00c5
CYC=290 EVT=DMA_ADMITTED RID=0x01 ADDR=0x20000100 WDATA=0xa11d00c5 WRITE=1
CYC=293 EVT=DMA_TARGET_ACCEPTED ADDR=0x20000100
CYC=295 EVT=PROT_COMMIT SRC=DMA ADDR=0x20000100 DATA=0xa11d00c5
CYC=296 EVT=PROT_COMMIT SRC=DMA ADDR=0x20000100 DATA=0xa11d00c5
CYC=297 EVT=PROT_COMMIT SRC=DMA ADDR=0x20000100 DATA=0xa11d00c5
CYC=297 EVT=DMA_COMPLETED ERR=0
CYC=299 EVT=PROT_COMMIT SRC=DMA ADDR=0x20000100 DATA=0xa11d00c5
CYC=305 EVT=DMA_ADMITTED RID=0x01 ADDR=0x20000100 WDATA=0xa11d00c5 WRITE=1
CYC=308 EVT=DMA_TARGET_ACCEPTED ADDR=0x20000100
CYC=310 EVT=PROT_COMMIT SRC=DMA ADDR=0x20000100 DATA=0xa11d00c5
CYC=311 EVT=PROT_COMMIT SRC=DMA ADDR=0x20000100 DATA=0xa11d00c5
CYC=312 EVT=PROT_COMMIT SRC=DMA ADDR=0x20000100 DATA=0xa11d00c5
CYC=312 EVT=DMA_COMPLETED ERR=0
CYC=314 EVT=PROT_COMMIT SRC=DMA ADDR=0x20000100 DATA=0xa11d00c5
CYC=320 EVT=DMA_ADMITTED RID=0x01 ADDR=0x20000100 WDATA=0xa11d00c5 WRITE=1
CYC=323 EVT=DMA_TARGET_ACCEPTED ADDR=0x20000100
CYC=325 EVT=PROT_COMMIT SRC=DMA ADDR=0x20000100 DATA=0xa11d00c5
CYC=326 EVT=PROT_COMMIT SRC=DMA ADDR=0x20000100 DATA=0xa11d00c5
CYC=327 EVT=PROT_COMMIT SRC=DMA ADDR=0x20000100 DATA=0xa11d00c5
CYC=327 EVT=DMA_COMPLETED ERR=0
CYC=329 EVT=PROT_COMMIT SRC=DMA ADDR=0x20000100 DATA=0xa11d00c5
CYC=335 EVT=DMA_ADMITTED RID=0x01 ADDR=0x20000100 WDATA=0xa11d00c5 WRITE=1
CYC=338 EVT=DMA_TARGET_ACCEPTED ADDR=0x20000100
CYC=340 EVT=PROT_COMMIT SRC=DMA ADDR=0x20000100 DATA=0xa11d00c5
CYC=341 EVT=PROT_COMMIT SRC=DMA ADDR=0x20000100 DATA=0xa11d00c5
CYC=342 EVT=PROT_COMMIT SRC=DMA ADDR=0x20000100 DATA=0xa11d00c5
CYC=342 EVT=DMA_COMPLETED ERR=0
CYC=344 EVT=PROT_COMMIT SRC=DMA ADDR=0x20000100 DATA=0xa11d00c5
CYC=350 EVT=DMA_ADMITTED RID=0x01 ADDR=0x20000100 WDATA=0xa11d00c5 WRITE=1
CYC=353 EVT=DMA_TARGET_ACCEPTED ADDR=0x20000100
CYC=355 EVT=PROT_COMMIT SRC=DMA ADDR=0x20000100 DATA=0xa11d00c5
CYC=356 EVT=PROT_COMMIT SRC=DMA ADDR=0x20000100 DATA=0xa11d00c5
CYC=357 EVT=PROT_COMMIT SRC=DMA ADDR=0x20000100 DATA=0xa11d00c5
CYC=357 EVT=DMA_COMPLETED ERR=0
CYC=359 EVT=PROT_COMMIT SRC=DMA ADDR=0x20000100 DATA=0xa11d00c5
CYC=365 EVT=DMA_ADMITTED RID=0x01 ADDR=0x20000100 WDATA=0xa11d00c5 WRITE=1
CYC=368 EVT=DMA_TARGET_ACCEPTED ADDR=0x20000100
CYC=370 EVT=PROT_COMMIT SRC=DMA ADDR=0x20000100 DATA=0xa11d00c5
CYC=371 EVT=PROT_COMMIT SRC=DMA ADDR=0x20000100 DATA=0xa11d00c5
CYC=372 EVT=PROT_COMMIT SRC=DMA ADDR=0x20000100 DATA=0xa11d00c5
CYC=372 EVT=DMA_COMPLETED ERR=0
CYC=374 EVT=PROT_COMMIT SRC=DMA ADDR=0x20000100 DATA=0xa11d00c5
CYC=380 EVT=DMA_ADMITTED RID=0x01 ADDR=0x20000100 WDATA=0xa11d00c5 WRITE=1
CYC=383 EVT=DMA_TARGET_ACCEPTED ADDR=0x20000100
CYC=385 EVT=PROT_COMMIT SRC=DMA ADDR=0x20000100 DATA=0xa11d00c5
CYC=386 EVT=PROT_COMMIT SRC=DMA ADDR=0x20000100 DATA=0xa11d00c5
CYC=387 EVT=PROT_COMMIT SRC=DMA ADDR=0x20000100 DATA=0xa11d00c5
CYC=387 EVT=DMA_COMPLETED ERR=0
CYC=389 EVT=PROT_COMMIT SRC=DMA ADDR=0x20000100 DATA=0xa11d00c5
CYC=395 EVT=DMA_ADMITTED RID=0x01 ADDR=0x20000100 WDATA=0xa11d00c5 WRITE=1
CYC=398 EVT=DMA_TARGET_ACCEPTED ADDR=0x20000100
CYC=400 EVT=PROT_COMMIT SRC=DMA ADDR=0x20000100 DATA=0xa11d00c5
CYC=401 EVT=PROT_COMMIT SRC=DMA ADDR=0x20000100 DATA=0xa11d00c5
CYC=402 EVT=PROT_COMMIT SRC=DMA ADDR=0x20000100 DATA=0xa11d00c5
CYC=402 EVT=DMA_COMPLETED ERR=0
CYC=404 EVT=PROT_COMMIT SRC=DMA ADDR=0x20000100 DATA=0xa11d00c5
CYC=410 EVT=DMA_ADMITTED RID=0x01 ADDR=0x20000100 WDATA=0xa11d00c5 WRITE=1
CYC=413 EVT=DMA_TARGET_ACCEPTED ADDR=0x20000100
CYC=415 EVT=PROT_COMMIT SRC=DMA ADDR=0x20000100 DATA=0xa11d00c5
CYC=416 EVT=PROT_COMMIT SRC=DMA ADDR=0x20000100 DATA=0xa11d00c5
CYC=417 EVT=PROT_COMMIT SRC=DMA ADDR=0x20000100 DATA=0xa11d00c5
CYC=417 EVT=DMA_COMPLETED ERR=0
CYC=419 EVT=PROT_COMMIT SRC=DMA ADDR=0x20000100 DATA=0xa11d00c5
CYC=425 EVT=DMA_ADMITTED RID=0x01 ADDR=0x20000100 WDATA=0xa11d00c5 WRITE=1
CYC=428 EVT=DMA_TARGET_ACCEPTED ADDR=0x20000100
CYC=430 EVT=PROT_COMMIT SRC=DMA ADDR=0x20000100 DATA=0xa11d00c5
CYC=431 EVT=PROT_COMMIT SRC=DMA ADDR=0x20000100 DATA=0xa11d00c5
CYC=432 EVT=PROT_COMMIT SRC=DMA ADDR=0x20000100 DATA=0xa11d00c5
CYC=432 EVT=DMA_COMPLETED ERR=0
CYC=434 EVT=PROT_COMMIT SRC=DMA ADDR=0x20000100 DATA=0xa11d00c5
CYC=440 EVT=DMA_ADMITTED RID=0x01 ADDR=0x20000100 WDATA=0xa11d00c5 WRITE=1
CYC=443 EVT=DMA_TARGET_ACCEPTED ADDR=0x20000100
CYC=445 EVT=PROT_COMMIT SRC=DMA ADDR=0x20000100 DATA=0xa11d00c5
CYC=446 EVT=PROT_COMMIT SRC=DMA ADDR=0x20000100 DATA=0xa11d00c5
CYC=447 EVT=PROT_COMMIT SRC=DMA ADDR=0x20000100 DATA=0xa11d00c5
CYC=447 EVT=DMA_COMPLETED ERR=0
CYC=449 EVT=PROT_COMMIT SRC=DMA ADDR=0x20000100 DATA=0xa11d00c5
CYC=455 EVT=DMA_ADMITTED RID=0x01 ADDR=0x20000100 WDATA=0xa11d00c5 WRITE=1
CYC=458 EVT=DMA_TARGET_ACCEPTED ADDR=0x20000100
CYC=460 EVT=PROT_COMMIT SRC=DMA ADDR=0x20000100 DATA=0xa11d00c5
CYC=461 EVT=PROT_COMMIT SRC=DMA ADDR=0x20000100 DATA=0xa11d00c5
CYC=462 EVT=PROT_COMMIT SRC=DMA ADDR=0x20000100 DATA=0xa11d00c5
CYC=462 EVT=DMA_COMPLETED ERR=0
CYC=464 EVT=PROT_COMMIT SRC=DMA ADDR=0x20000100 DATA=0xa11d00c5
CYC=470 EVT=DMA_ADMITTED RID=0x01 ADDR=0x20000100 WDATA=0xa11d00c5 WRITE=1
CYC=473 EVT=DMA_TARGET_ACCEPTED ADDR=0x20000100
CYC=475 EVT=PROT_COMMIT SRC=DMA ADDR=0x20000100 DATA=0xa11d00c5
CYC=476 EVT=PROT_COMMIT SRC=DMA ADDR=0x20000100 DATA=0xa11d00c5
CYC=477 EVT=PROT_COMMIT SRC=DMA ADDR=0x20000100 DATA=0xa11d00c5
CYC=477 EVT=DMA_COMPLETED ERR=0
CYC=479 EVT=PROT_COMMIT SRC=DMA ADDR=0x20000100 DATA=0xa11d00c5
CYC=485 EVT=DMA_ADMITTED RID=0x01 ADDR=0x20000100 WDATA=0xa11d00c5 WRITE=1
CYC=488 EVT=DMA_TARGET_ACCEPTED ADDR=0x20000100
CYC=490 EVT=PROT_COMMIT SRC=DMA ADDR=0x20000100 DATA=0xa11d00c5
CYC=491 EVT=PROT_COMMIT SRC=DMA ADDR=0x20000100 DATA=0xa11d00c5
CYC=492 EVT=PROT_COMMIT SRC=DMA ADDR=0x20000100 DATA=0xa11d00c5
CYC=492 EVT=DMA_COMPLETED ERR=0
CYC=494 EVT=PROT_COMMIT SRC=DMA ADDR=0x20000100 DATA=0xa11d00c5
CYC=500 EVT=DMA_ADMITTED RID=0x01 ADDR=0x20000100 WDATA=0xa11d00c5 WRITE=1
CYC=503 EVT=DMA_TARGET_ACCEPTED ADDR=0x20000100
CYC=505 EVT=PROT_COMMIT SRC=DMA ADDR=0x20000100 DATA=0xa11d00c5
CYC=506 EVT=PROT_COMMIT SRC=DMA ADDR=0x20000100 DATA=0xa11d00c5
CYC=507 EVT=PROT_COMMIT SRC=DMA ADDR=0x20000100 DATA=0xa11d00c5
CYC=507 EVT=DMA_COMPLETED ERR=0
CYC=509 EVT=PROT_COMMIT SRC=DMA ADDR=0x20000100 DATA=0xa11d00c5
CYC=515 EVT=DMA_ADMITTED RID=0x01 ADDR=0x20000100 WDATA=0xa11d00c5 WRITE=1
CYC=518 EVT=DMA_TARGET_ACCEPTED ADDR=0x20000100
CYC=520 EVT=PROT_COMMIT SRC=DMA ADDR=0x20000100 DATA=0xa11d00c5
CYC=521 EVT=PROT_COMMIT SRC=DMA ADDR=0x20000100 DATA=0xa11d00c5
CYC=522 EVT=PROT_COMMIT SRC=DMA ADDR=0x20000100 DATA=0xa11d00c5
CYC=522 EVT=DMA_COMPLETED ERR=0
CYC=524 EVT=PROT_COMMIT SRC=DMA ADDR=0x20000100 DATA=0xa11d00c5
CYC=530 EVT=DMA_ADMITTED RID=0x01 ADDR=0x20000100 WDATA=0xa11d00c5 WRITE=1
CYC=533 EVT=DMA_TARGET_ACCEPTED ADDR=0x20000100
CYC=535 EVT=PROT_COMMIT SRC=DMA ADDR=0x20000100 DATA=0xa11d00c5
CYC=536 EVT=PROT_COMMIT SRC=DMA ADDR=0x20000100 DATA=0xa11d00c5
CYC=537 EVT=PROT_COMMIT SRC=DMA ADDR=0x20000100 DATA=0xa11d00c5
CYC=537 EVT=DMA_COMPLETED ERR=0
CYC=539 EVT=PROT_COMMIT SRC=DMA ADDR=0x20000100 DATA=0xa11d00c5
CYC=545 EVT=DMA_ADMITTED RID=0x01 ADDR=0x20000100 WDATA=0xa11d00c5 WRITE=1
CYC=548 EVT=DMA_TARGET_ACCEPTED ADDR=0x20000100
CYC=550 EVT=PROT_COMMIT SRC=DMA ADDR=0x20000100 DATA=0xa11d00c5
CYC=551 EVT=PROT_COMMIT SRC=DMA ADDR=0x20000100 DATA=0xa11d00c5
CYC=552 EVT=PROT_COMMIT SRC=DMA ADDR=0x20000100 DATA=0xa11d00c5
CYC=552 EVT=DMA_COMPLETED ERR=0
CYC=554 EVT=PROT_COMMIT SRC=DMA ADDR=0x20000100 DATA=0xa11d00c5
CYC=560 EVT=DMA_ADMITTED RID=0x01 ADDR=0x20000100 WDATA=0xa11d00c5 WRITE=1
CYC=563 EVT=DMA_TARGET_ACCEPTED ADDR=0x20000100
CYC=565 EVT=PROT_COMMIT SRC=DMA ADDR=0x20000100 DATA=0xa11d00c5
CYC=566 EVT=PROT_COMMIT SRC=DMA ADDR=0x20000100 DATA=0xa11d00c5
CYC=567 EVT=PROT_COMMIT SRC=DMA ADDR=0x20000100 DATA=0xa11d00c5
CYC=567 EVT=DMA_COMPLETED ERR=0
CYC=569 EVT=PROT_COMMIT SRC=DMA ADDR=0x20000100 DATA=0xa11d00c5
CYC=575 EVT=DMA_ADMITTED RID=0x01 ADDR=0x20000100 WDATA=0xa11d00c5 WRITE=1
CYC=578 EVT=DMA_TARGET_ACCEPTED ADDR=0x20000100
CYC=580 EVT=PROT_COMMIT SRC=DMA ADDR=0x20000100 DATA=0xa11d00c5
CYC=581 EVT=PROT_COMMIT SRC=DMA ADDR=0x20000100 DATA=0xa11d00c5
CYC=582 EVT=PROT_COMMIT SRC=DMA ADDR=0x20000100 DATA=0xa11d00c5
CYC=582 EVT=DMA_COMPLETED ERR=0
CYC=584 EVT=PROT_COMMIT SRC=DMA ADDR=0x20000100 DATA=0xa11d00c5
CYC=590 EVT=DMA_ADMITTED RID=0x01 ADDR=0x20000100 WDATA=0xa11d00c5 WRITE=1
CYC=593 EVT=DMA_TARGET_ACCEPTED ADDR=0x20000100
CYC=595 EVT=PROT_COMMIT SRC=DMA ADDR=0x20000100 DATA=0xa11d00c5
CYC=596 EVT=PROT_COMMIT SRC=DMA ADDR=0x20000100 DATA=0xa11d00c5
CYC=597 EVT=PROT_COMMIT SRC=DMA ADDR=0x20000100 DATA=0xa11d00c5
CYC=597 EVT=DMA_COMPLETED ERR=0
CYC=599 EVT=PROT_COMMIT SRC=DMA ADDR=0x20000100 DATA=0xa11d00c5
CYC=605 EVT=DMA_ADMITTED RID=0x01 ADDR=0x20000100 WDATA=0xa11d00c5 WRITE=1
CYC=608 EVT=DMA_TARGET_ACCEPTED ADDR=0x20000100
CYC=610 EVT=PROT_COMMIT SRC=DMA ADDR=0x20000100 DATA=0xa11d00c5
CYC=611 EVT=PROT_COMMIT SRC=DMA ADDR=0x20000100 DATA=0xa11d00c5
CYC=612 EVT=PROT_COMMIT SRC=DMA ADDR=0x20000100 DATA=0xa11d00c5
CYC=612 EVT=DMA_COMPLETED ERR=0
CYC=614 EVT=PROT_COMMIT SRC=DMA ADDR=0x20000100 DATA=0xa11d00c5
CYC=620 EVT=DMA_ADMITTED RID=0x01 ADDR=0x20000100 WDATA=0xa11d00c5 WRITE=1
CYC=623 EVT=DMA_TARGET_ACCEPTED ADDR=0x20000100
CYC=625 EVT=PROT_COMMIT SRC=DMA ADDR=0x20000100 DATA=0xa11d00c5
CYC=626 EVT=PROT_COMMIT SRC=DMA ADDR=0x20000100 DATA=0xa11d00c5
CYC=627 EVT=PROT_COMMIT SRC=DMA ADDR=0x20000100 DATA=0xa11d00c5
CYC=627 EVT=DMA_COMPLETED ERR=0
CYC=629 EVT=PROT_COMMIT SRC=DMA ADDR=0x20000100 DATA=0xa11d00c5
CYC=635 EVT=DMA_ADMITTED RID=0x01 ADDR=0x20000100 WDATA=0xa11d00c5 WRITE=1
CYC=638 EVT=DMA_TARGET_ACCEPTED ADDR=0x20000100
CYC=640 EVT=PROT_COMMIT SRC=DMA ADDR=0x20000100 DATA=0xa11d00c5
CYC=641 EVT=PROT_COMMIT SRC=DMA ADDR=0x20000100 DATA=0xa11d00c5
CYC=642 EVT=PROT_COMMIT SRC=DMA ADDR=0x20000100 DATA=0xa11d00c5
CYC=642 EVT=DMA_COMPLETED ERR=0
CYC=644 EVT=PROT_COMMIT SRC=DMA ADDR=0x20000100 DATA=0xa11d00c5
CYC=650 EVT=DMA_ADMITTED RID=0x01 ADDR=0x20000100 WDATA=0xa11d00c5 WRITE=1
CYC=653 EVT=DMA_TARGET_ACCEPTED ADDR=0x20000100
CYC=655 EVT=PROT_COMMIT SRC=DMA ADDR=0x20000100 DATA=0xa11d00c5
CYC=656 EVT=PROT_COMMIT SRC=DMA ADDR=0x20000100 DATA=0xa11d00c5
CYC=657 EVT=PROT_COMMIT SRC=DMA ADDR=0x20000100 DATA=0xa11d00c5
CYC=657 EVT=DMA_COMPLETED ERR=0
CYC=659 EVT=PROT_COMMIT SRC=DMA ADDR=0x20000100 DATA=0xa11d00c5
CYC=665 EVT=DMA_ADMITTED RID=0x01 ADDR=0x20000100 WDATA=0xa11d00c5 WRITE=1
CYC=668 EVT=DMA_TARGET_ACCEPTED ADDR=0x20000100
CYC=670 EVT=PROT_COMMIT SRC=DMA ADDR=0x20000100 DATA=0xa11d00c5
CYC=671 EVT=PROT_COMMIT SRC=DMA ADDR=0x20000100 DATA=0xa11d00c5
CYC=672 EVT=PROT_COMMIT SRC=DMA ADDR=0x20000100 DATA=0xa11d00c5
CYC=672 EVT=DMA_COMPLETED ERR=0
CYC=674 EVT=PROT_COMMIT SRC=DMA ADDR=0x20000100 DATA=0xa11d00c5
CYC=680 EVT=DMA_ADMITTED RID=0x01 ADDR=0x20000100 WDATA=0xa11d00c5 WRITE=1
CYC=683 EVT=DMA_TARGET_ACCEPTED ADDR=0x20000100
CYC=685 EVT=PROT_COMMIT SRC=DMA ADDR=0x20000100 DATA=0xa11d00c5
CYC=686 EVT=PROT_COMMIT SRC=DMA ADDR=0x20000100 DATA=0xa11d00c5
CYC=687 EVT=PROT_COMMIT SRC=DMA ADDR=0x20000100 DATA=0xa11d00c5
CYC=687 EVT=DMA_COMPLETED ERR=0
CYC=689 EVT=PROT_COMMIT SRC=DMA ADDR=0x20000100 DATA=0xa11d00c5
CYC=695 EVT=DMA_ADMITTED RID=0x01 ADDR=0x20000100 WDATA=0xa11d00c5 WRITE=1
CYC=698 EVT=DMA_TARGET_ACCEPTED ADDR=0x20000100
CYC=700 EVT=PROT_COMMIT SRC=DMA ADDR=0x20000100 DATA=0xa11d00c5
CYC=701 EVT=PROT_COMMIT SRC=DMA ADDR=0x20000100 DATA=0xa11d00c5
CYC=702 EVT=PROT_COMMIT SRC=DMA ADDR=0x20000100 DATA=0xa11d00c5
CYC=702 EVT=DMA_COMPLETED ERR=0
CYC=704 EVT=PROT_COMMIT SRC=DMA ADDR=0x20000100 DATA=0xa11d00c5
CYC=710 EVT=DMA_ADMITTED RID=0x01 ADDR=0x20000100 WDATA=0xa11d00c5 WRITE=1
CYC=713 EVT=DMA_TARGET_ACCEPTED ADDR=0x20000100
CYC=715 EVT=PROT_COMMIT SRC=DMA ADDR=0x20000100 DATA=0xa11d00c5
CYC=716 EVT=PROT_COMMIT SRC=DMA ADDR=0x20000100 DATA=0xa11d00c5
CYC=717 EVT=PROT_COMMIT SRC=DMA ADDR=0x20000100 DATA=0xa11d00c5
CYC=717 EVT=DMA_COMPLETED ERR=0
CYC=719 EVT=PROT_COMMIT SRC=DMA ADDR=0x20000100 DATA=0xa11d00c5
CYC=725 EVT=DMA_ADMITTED RID=0x01 ADDR=0x20000100 WDATA=0xa11d00c5 WRITE=1
CYC=728 EVT=DMA_TARGET_ACCEPTED ADDR=0x20000100
CYC=730 EVT=PROT_COMMIT SRC=DMA ADDR=0x20000100 DATA=0xa11d00c5
CYC=731 EVT=PROT_COMMIT SRC=DMA ADDR=0x20000100 DATA=0xa11d00c5
CYC=732 EVT=PROT_COMMIT SRC=DMA ADDR=0x20000100 DATA=0xa11d00c5
CYC=732 EVT=DMA_COMPLETED ERR=0
CYC=734 EVT=PROT_COMMIT SRC=DMA ADDR=0x20000100 DATA=0xa11d00c5
CYC=740 EVT=DMA_ADMITTED RID=0x01 ADDR=0x20000100 WDATA=0xa11d00c5 WRITE=1
CYC=743 EVT=DMA_TARGET_ACCEPTED ADDR=0x20000100
CYC=745 EVT=PROT_COMMIT SRC=DMA ADDR=0x20000100 DATA=0xa11d00c5
CYC=746 EVT=PROT_COMMIT SRC=DMA ADDR=0x20000100 DATA=0xa11d00c5
CYC=747 EVT=PROT_COMMIT SRC=DMA ADDR=0x20000100 DATA=0xa11d00c5
CYC=747 EVT=DMA_COMPLETED ERR=0
CYC=749 EVT=PROT_COMMIT SRC=DMA ADDR=0x20000100 DATA=0xa11d00c5
CYC=755 EVT=DMA_ADMITTED RID=0x01 ADDR=0x20000100 WDATA=0xa11d00c5 WRITE=1
CYC=758 EVT=DMA_TARGET_ACCEPTED ADDR=0x20000100
CYC=760 EVT=PROT_COMMIT SRC=DMA ADDR=0x20000100 DATA=0xa11d00c5
CYC=761 EVT=PROT_COMMIT SRC=DMA ADDR=0x20000100 DATA=0xa11d00c5
CYC=762 EVT=PROT_COMMIT SRC=DMA ADDR=0x20000100 DATA=0xa11d00c5
CYC=762 EVT=DMA_COMPLETED ERR=0
CYC=764 EVT=PROT_COMMIT SRC=DMA ADDR=0x20000100 DATA=0xa11d00c5
CYC=770 EVT=DMA_ADMITTED RID=0x01 ADDR=0x20000100 WDATA=0xa11d00c5 WRITE=1
CYC=773 EVT=DMA_TARGET_ACCEPTED ADDR=0x20000100
CYC=775 EVT=PROT_COMMIT SRC=DMA ADDR=0x20000100 DATA=0xa11d00c5
CYC=776 EVT=PROT_COMMIT SRC=DMA ADDR=0x20000100 DATA=0xa11d00c5
CYC=777 EVT=PROT_COMMIT SRC=DMA ADDR=0x20000100 DATA=0xa11d00c5
CYC=777 EVT=DMA_COMPLETED ERR=0
CYC=779 EVT=PROT_COMMIT SRC=DMA ADDR=0x20000100 DATA=0xa11d00c5
CYC=785 EVT=DMA_ADMITTED RID=0x01 ADDR=0x20000100 WDATA=0xa11d00c5 WRITE=1
CYC=788 EVT=DMA_TARGET_ACCEPTED ADDR=0x20000100
CYC=790 EVT=PROT_COMMIT SRC=DMA ADDR=0x20000100 DATA=0xa11d00c5
CYC=791 EVT=PROT_COMMIT SRC=DMA ADDR=0x20000100 DATA=0xa11d00c5
CYC=792 EVT=PROT_COMMIT SRC=DMA ADDR=0x20000100 DATA=0xa11d00c5
CYC=792 EVT=DMA_COMPLETED ERR=0
CYC=794 EVT=PROT_COMMIT SRC=DMA ADDR=0x20000100 DATA=0xa11d00c5
CYC=800 EVT=DMA_ADMITTED RID=0x01 ADDR=0x20000100 WDATA=0xa11d00c5 WRITE=1
CYC=803 EVT=DMA_TARGET_ACCEPTED ADDR=0x20000100
CYC=805 EVT=PROT_COMMIT SRC=DMA ADDR=0x20000100 DATA=0xa11d00c5
CYC=806 EVT=PROT_COMMIT SRC=DMA ADDR=0x20000100 DATA=0xa11d00c5
CYC=807 EVT=PROT_COMMIT SRC=DMA ADDR=0x20000100 DATA=0xa11d00c5
CYC=807 EVT=DMA_COMPLETED ERR=0
CYC=809 EVT=PROT_COMMIT SRC=DMA ADDR=0x20000100 DATA=0xa11d00c5
CYC=815 EVT=DMA_ADMITTED RID=0x01 ADDR=0x20000100 WDATA=0xa11d00c5 WRITE=1
CYC=818 EVT=DMA_TARGET_ACCEPTED ADDR=0x20000100
CYC=820 EVT=PROT_COMMIT SRC=DMA ADDR=0x20000100 DATA=0xa11d00c5
CYC=821 EVT=PROT_COMMIT SRC=DMA ADDR=0x20000100 DATA=0xa11d00c5
CYC=822 EVT=PROT_COMMIT SRC=DMA ADDR=0x20000100 DATA=0xa11d00c5
CYC=822 EVT=DMA_COMPLETED ERR=0
CYC=824 EVT=PROT_COMMIT SRC=DMA ADDR=0x20000100 DATA=0xa11d00c5
CYC=830 EVT=DMA_ADMITTED RID=0x01 ADDR=0x20000100 WDATA=0xa11d00c5 WRITE=1
CYC=833 EVT=DMA_TARGET_ACCEPTED ADDR=0x20000100
CYC=835 EVT=PROT_COMMIT SRC=DMA ADDR=0x20000100 DATA=0xa11d00c5
CYC=836 EVT=PROT_COMMIT SRC=DMA ADDR=0x20000100 DATA=0xa11d00c5
CYC=837 EVT=PROT_COMMIT SRC=DMA ADDR=0x20000100 DATA=0xa11d00c5
CYC=837 EVT=DMA_COMPLETED ERR=0
CYC=839 EVT=PROT_COMMIT SRC=DMA ADDR=0x20000100 DATA=0xa11d00c5
CYC=845 EVT=DMA_ADMITTED RID=0x01 ADDR=0x20000100 WDATA=0xa11d00c5 WRITE=1
CYC=848 EVT=DMA_TARGET_ACCEPTED ADDR=0x20000100
CYC=850 EVT=PROT_COMMIT SRC=DMA ADDR=0x20000100 DATA=0xa11d00c5
CYC=851 EVT=PROT_COMMIT SRC=DMA ADDR=0x20000100 DATA=0xa11d00c5
CYC=852 EVT=PROT_COMMIT SRC=DMA ADDR=0x20000100 DATA=0xa11d00c5
CYC=852 EVT=DMA_COMPLETED ERR=0
CYC=854 EVT=PROT_COMMIT SRC=DMA ADDR=0x20000100 DATA=0xa11d00c5
CYC=860 EVT=DMA_ADMITTED RID=0x01 ADDR=0x20000100 WDATA=0xa11d00c5 WRITE=1
CYC=863 EVT=DMA_TARGET_ACCEPTED ADDR=0x20000100
CYC=865 EVT=PROT_COMMIT SRC=DMA ADDR=0x20000100 DATA=0xa11d00c5
CYC=866 EVT=PROT_COMMIT SRC=DMA ADDR=0x20000100 DATA=0xa11d00c5
CYC=867 EVT=PROT_COMMIT SRC=DMA ADDR=0x20000100 DATA=0xa11d00c5
CYC=867 EVT=DMA_COMPLETED ERR=0
CYC=869 EVT=PROT_COMMIT SRC=DMA ADDR=0x20000100 DATA=0xa11d00c5
CYC=875 EVT=DMA_ADMITTED RID=0x01 ADDR=0x20000100 WDATA=0xa11d00c5 WRITE=1
CYC=878 EVT=DMA_TARGET_ACCEPTED ADDR=0x20000100
CYC=880 EVT=PROT_COMMIT SRC=DMA ADDR=0x20000100 DATA=0xa11d00c5
CYC=881 EVT=PROT_COMMIT SRC=DMA ADDR=0x20000100 DATA=0xa11d00c5
CYC=882 EVT=PROT_COMMIT SRC=DMA ADDR=0x20000100 DATA=0xa11d00c5
CYC=882 EVT=DMA_COMPLETED ERR=0
CYC=884 EVT=PROT_COMMIT SRC=DMA ADDR=0x20000100 DATA=0xa11d00c5
CYC=890 EVT=DMA_ADMITTED RID=0x01 ADDR=0x20000100 WDATA=0xa11d00c5 WRITE=1
CYC=893 EVT=DMA_TARGET_ACCEPTED ADDR=0x20000100
CYC=895 EVT=PROT_COMMIT SRC=DMA ADDR=0x20000100 DATA=0xa11d00c5
CYC=896 EVT=PROT_COMMIT SRC=DMA ADDR=0x20000100 DATA=0xa11d00c5
CYC=897 EVT=PROT_COMMIT SRC=DMA ADDR=0x20000100 DATA=0xa11d00c5
CYC=897 EVT=DMA_COMPLETED ERR=0
CYC=899 EVT=PROT_COMMIT SRC=DMA ADDR=0x20000100 DATA=0xa11d00c5
CYC=905 EVT=DMA_ADMITTED RID=0x01 ADDR=0x20000100 WDATA=0xa11d00c5 WRITE=1
CYC=908 EVT=DMA_TARGET_ACCEPTED ADDR=0x20000100
CYC=910 EVT=PROT_COMMIT SRC=DMA ADDR=0x20000100 DATA=0xa11d00c5
CYC=911 EVT=PROT_COMMIT SRC=DMA ADDR=0x20000100 DATA=0xa11d00c5
CYC=912 EVT=PROT_COMMIT SRC=DMA ADDR=0x20000100 DATA=0xa11d00c5
CYC=912 EVT=DMA_COMPLETED ERR=0
CYC=914 EVT=PROT_COMMIT SRC=DMA ADDR=0x20000100 DATA=0xa11d00c5
CYC=920 EVT=DMA_ADMITTED RID=0x01 ADDR=0x20000100 WDATA=0xa11d00c5 WRITE=1
CYC=923 EVT=DMA_TARGET_ACCEPTED ADDR=0x20000100
CYC=925 EVT=PROT_COMMIT SRC=DMA ADDR=0x20000100 DATA=0xa11d00c5
CYC=926 EVT=PROT_COMMIT SRC=DMA ADDR=0x20000100 DATA=0xa11d00c5
CYC=927 EVT=PROT_COMMIT SRC=DMA ADDR=0x20000100 DATA=0xa11d00c5
CYC=927 EVT=DMA_COMPLETED ERR=0
CYC=929 EVT=PROT_COMMIT SRC=DMA ADDR=0x20000100 DATA=0xa11d00c5
CYC=935 EVT=DMA_ADMITTED RID=0x01 ADDR=0x20000100 WDATA=0xa11d00c5 WRITE=1
CYC=938 EVT=DMA_TARGET_ACCEPTED ADDR=0x20000100
CYC=940 EVT=PROT_COMMIT SRC=DMA ADDR=0x20000100 DATA=0xa11d00c5
CYC=941 EVT=PROT_COMMIT SRC=DMA ADDR=0x20000100 DATA=0xa11d00c5
CYC=942 EVT=PROT_COMMIT SRC=DMA ADDR=0x20000100 DATA=0xa11d00c5
CYC=942 EVT=DMA_COMPLETED ERR=0
CYC=944 EVT=PROT_COMMIT SRC=DMA ADDR=0x20000100 DATA=0xa11d00c5
CYC=950 EVT=DMA_ADMITTED RID=0x01 ADDR=0x20000100 WDATA=0xa11d00c5 WRITE=1
CYC=953 EVT=DMA_TARGET_ACCEPTED ADDR=0x20000100
CYC=955 EVT=PROT_COMMIT SRC=DMA ADDR=0x20000100 DATA=0xa11d00c5
CYC=956 EVT=PROT_COMMIT SRC=DMA ADDR=0x20000100 DATA=0xa11d00c5
CYC=957 EVT=PROT_COMMIT SRC=DMA ADDR=0x20000100 DATA=0xa11d00c5
CYC=957 EVT=DMA_COMPLETED ERR=0
CYC=959 EVT=PROT_COMMIT SRC=DMA ADDR=0x20000100 DATA=0xa11d00c5
CYC=965 EVT=DMA_ADMITTED RID=0x01 ADDR=0x20000100 WDATA=0xa11d00c5 WRITE=1
CYC=968 EVT=DMA_TARGET_ACCEPTED ADDR=0x20000100
CYC=970 EVT=PROT_COMMIT SRC=DMA ADDR=0x20000100 DATA=0xa11d00c5
CYC=971 EVT=PROT_COMMIT SRC=DMA ADDR=0x20000100 DATA=0xa11d00c5
CYC=972 EVT=PROT_COMMIT SRC=DMA ADDR=0x20000100 DATA=0xa11d00c5
CYC=972 EVT=DMA_COMPLETED ERR=0
CYC=974 EVT=PROT_COMMIT SRC=DMA ADDR=0x20000100 DATA=0xa11d00c5
CYC=980 EVT=DMA_ADMITTED RID=0x01 ADDR=0x20000100 WDATA=0xa11d00c5 WRITE=1
CYC=983 EVT=DMA_TARGET_ACCEPTED ADDR=0x20000100
CYC=985 EVT=PROT_COMMIT SRC=DMA ADDR=0x20000100 DATA=0xa11d00c5
CYC=986 EVT=PROT_COMMIT SRC=DMA ADDR=0x20000100 DATA=0xa11d00c5
CYC=987 EVT=PROT_COMMIT SRC=DMA ADDR=0x20000100 DATA=0xa11d00c5
CYC=987 EVT=DMA_COMPLETED ERR=0
CYC=989 EVT=PROT_COMMIT SRC=DMA ADDR=0x20000100 DATA=0xa11d00c5
CYC=995 EVT=DMA_ADMITTED RID=0x01 ADDR=0x20000100 WDATA=0xa11d00c5 WRITE=1
CYC=998 EVT=DMA_TARGET_ACCEPTED ADDR=0x20000100
CYC=1000 EVT=PROT_COMMIT SRC=DMA ADDR=0x20000100 DATA=0xa11d00c5
CYC=1001 EVT=PROT_COMMIT SRC=DMA ADDR=0x20000100 DATA=0xa11d00c5
CYC=1002 EVT=PROT_COMMIT SRC=DMA ADDR=0x20000100 DATA=0xa11d00c5
CYC=1002 EVT=DMA_COMPLETED ERR=0
CYC=1004 EVT=PROT_COMMIT SRC=DMA ADDR=0x20000100 DATA=0xa11d00c5
CYC=1010 EVT=DMA_ADMITTED RID=0x01 ADDR=0x20000100 WDATA=0xa11d00c5 WRITE=1
CYC=1013 EVT=DMA_TARGET_ACCEPTED ADDR=0x20000100
CYC=1015 EVT=PROT_COMMIT SRC=DMA ADDR=0x20000100 DATA=0xa11d00c5
CYC=1016 EVT=PROT_COMMIT SRC=DMA ADDR=0x20000100 DATA=0xa11d00c5
CYC=1017 EVT=PROT_COMMIT SRC=DMA ADDR=0x20000100 DATA=0xa11d00c5
CYC=1017 EVT=DMA_COMPLETED ERR=0
CYC=1019 EVT=PROT_COMMIT SRC=DMA ADDR=0x20000100 DATA=0xa11d00c5
CYC=1025 EVT=DMA_ADMITTED RID=0x01 ADDR=0x20000100 WDATA=0xa11d00c5 WRITE=1
CYC=1028 EVT=DMA_TARGET_ACCEPTED ADDR=0x20000100
CYC=1030 EVT=PROT_COMMIT SRC=DMA ADDR=0x20000100 DATA=0xa11d00c5
CYC=1031 EVT=PROT_COMMIT SRC=DMA ADDR=0x20000100 DATA=0xa11d00c5
CYC=1032 EVT=PROT_COMMIT SRC=DMA ADDR=0x20000100 DATA=0xa11d00c5
CYC=1032 EVT=DMA_COMPLETED ERR=0
CYC=1034 EVT=PROT_COMMIT SRC=DMA ADDR=0x20000100 DATA=0xa11d00c5
CYC=1040 EVT=DMA_ADMITTED RID=0x01 ADDR=0x20000100 WDATA=0xa11d00c5 WRITE=1
CYC=1043 EVT=DMA_TARGET_ACCEPTED ADDR=0x20000100
CYC=1045 EVT=PROT_COMMIT SRC=DMA ADDR=0x20000100 DATA=0xa11d00c5
CYC=1046 EVT=PROT_COMMIT SRC=DMA ADDR=0x20000100 DATA=0xa11d00c5
CYC=1047 EVT=PROT_COMMIT SRC=DMA ADDR=0x20000100 DATA=0xa11d00c5
CYC=1047 EVT=DMA_COMPLETED ERR=0
CYC=1049 EVT=PROT_COMMIT SRC=DMA ADDR=0x20000100 DATA=0xa11d00c5
CYC=1055 EVT=DMA_ADMITTED RID=0x01 ADDR=0x20000100 WDATA=0xa11d00c5 WRITE=1
CYC=1058 EVT=DMA_TARGET_ACCEPTED ADDR=0x20000100
CYC=1060 EVT=PROT_COMMIT SRC=DMA ADDR=0x20000100 DATA=0xa11d00c5
CYC=1061 EVT=PROT_COMMIT SRC=DMA ADDR=0x20000100 DATA=0xa11d00c5
CYC=1062 EVT=PROT_COMMIT SRC=DMA ADDR=0x20000100 DATA=0xa11d00c5
CYC=1062 EVT=DMA_COMPLETED ERR=0
CYC=1064 EVT=PROT_COMMIT SRC=DMA ADDR=0x20000100 DATA=0xa11d00c5
CYC=1070 EVT=DMA_ADMITTED RID=0x01 ADDR=0x20000100 WDATA=0xa11d00c5 WRITE=1
CYC=1073 EVT=DMA_TARGET_ACCEPTED ADDR=0x20000100
CYC=1075 EVT=PROT_COMMIT SRC=DMA ADDR=0x20000100 DATA=0xa11d00c5
CYC=1076 EVT=PROT_COMMIT SRC=DMA ADDR=0x20000100 DATA=0xa11d00c5
CYC=1077 EVT=PROT_COMMIT SRC=DMA ADDR=0x20000100 DATA=0xa11d00c5
CYC=1077 EVT=DMA_COMPLETED ERR=0
CYC=1079 EVT=PROT_COMMIT SRC=DMA ADDR=0x20000100 DATA=0xa11d00c5
CYC=1085 EVT=DMA_ADMITTED RID=0x01 ADDR=0x20000100 WDATA=0xa11d00c5 WRITE=1
CYC=1088 EVT=DMA_TARGET_ACCEPTED ADDR=0x20000100
CYC=1090 EVT=PROT_COMMIT SRC=DMA ADDR=0x20000100 DATA=0xa11d00c5
CYC=1091 EVT=PROT_COMMIT SRC=DMA ADDR=0x20000100 DATA=0xa11d00c5
CYC=1092 EVT=PROT_COMMIT SRC=DMA ADDR=0x20000100 DATA=0xa11d00c5
CYC=1092 EVT=DMA_COMPLETED ERR=0
CYC=1094 EVT=PROT_COMMIT SRC=DMA ADDR=0x20000100 DATA=0xa11d00c5
CYC=1100 EVT=DMA_ADMITTED RID=0x01 ADDR=0x20000100 WDATA=0xa11d00c5 WRITE=1
CYC=1103 EVT=DMA_TARGET_ACCEPTED ADDR=0x20000100
CYC=1105 EVT=PROT_COMMIT SRC=DMA ADDR=0x20000100 DATA=0xa11d00c5
CYC=1106 EVT=PROT_COMMIT SRC=DMA ADDR=0x20000100 DATA=0xa11d00c5
CYC=1107 EVT=PROT_COMMIT SRC=DMA ADDR=0x20000100 DATA=0xa11d00c5
CYC=1107 EVT=DMA_COMPLETED ERR=0
CYC=1109 EVT=PROT_COMMIT SRC=DMA ADDR=0x20000100 DATA=0xa11d00c5
CYC=1115 EVT=DMA_ADMITTED RID=0x01 ADDR=0x20000100 WDATA=0xa11d00c5 WRITE=1
CYC=1118 EVT=DMA_TARGET_ACCEPTED ADDR=0x20000100
CYC=1120 EVT=PROT_COMMIT SRC=DMA ADDR=0x20000100 DATA=0xa11d00c5
CYC=1121 EVT=PROT_COMMIT SRC=DMA ADDR=0x20000100 DATA=0xa11d00c5
CYC=1122 EVT=PROT_COMMIT SRC=DMA ADDR=0x20000100 DATA=0xa11d00c5
CYC=1122 EVT=DMA_COMPLETED ERR=0
CYC=1124 EVT=PROT_COMMIT SRC=DMA ADDR=0x20000100 DATA=0xa11d00c5
CYC=1130 EVT=DMA_ADMITTED RID=0x01 ADDR=0x20000100 WDATA=0xa11d00c5 WRITE=1
CYC=1133 EVT=DMA_TARGET_ACCEPTED ADDR=0x20000100
CYC=1135 EVT=PROT_COMMIT SRC=DMA ADDR=0x20000100 DATA=0xa11d00c5
CYC=1136 EVT=PROT_COMMIT SRC=DMA ADDR=0x20000100 DATA=0xa11d00c5
CYC=1137 EVT=PROT_COMMIT SRC=DMA ADDR=0x20000100 DATA=0xa11d00c5
CYC=1137 EVT=DMA_COMPLETED ERR=0
CYC=1139 EVT=PROT_COMMIT SRC=DMA ADDR=0x20000100 DATA=0xa11d00c5
CYC=1145 EVT=DMA_ADMITTED RID=0x01 ADDR=0x20000100 WDATA=0xa11d00c5 WRITE=1
CYC=1148 EVT=DMA_TARGET_ACCEPTED ADDR=0x20000100
CYC=1150 EVT=PROT_COMMIT SRC=DMA ADDR=0x20000100 DATA=0xa11d00c5
CYC=1151 EVT=PROT_COMMIT SRC=DMA ADDR=0x20000100 DATA=0xa11d00c5
CYC=1152 EVT=PROT_COMMIT SRC=DMA ADDR=0x20000100 DATA=0xa11d00c5
CYC=1152 EVT=DMA_COMPLETED ERR=0
CYC=1154 EVT=PROT_COMMIT SRC=DMA ADDR=0x20000100 DATA=0xa11d00c5
CYC=1160 EVT=DMA_ADMITTED RID=0x01 ADDR=0x20000100 WDATA=0xa11d00c5 WRITE=1
CYC=1163 EVT=DMA_TARGET_ACCEPTED ADDR=0x20000100
CYC=1165 EVT=PROT_COMMIT SRC=DMA ADDR=0x20000100 DATA=0xa11d00c5
CYC=1166 EVT=PROT_COMMIT SRC=DMA ADDR=0x20000100 DATA=0xa11d00c5
CYC=1167 EVT=PROT_COMMIT SRC=DMA ADDR=0x20000100 DATA=0xa11d00c5
CYC=1167 EVT=DMA_COMPLETED ERR=0
CYC=1169 EVT=PROT_COMMIT SRC=DMA ADDR=0x20000100 DATA=0xa11d00c5
CYC=1175 EVT=DMA_ADMITTED RID=0x01 ADDR=0x20000100 WDATA=0xa11d00c5 WRITE=1
CYC=1178 EVT=DMA_TARGET_ACCEPTED ADDR=0x20000100
CYC=1180 EVT=PROT_COMMIT SRC=DMA ADDR=0x20000100 DATA=0xa11d00c5
CYC=1181 EVT=PROT_COMMIT SRC=DMA ADDR=0x20000100 DATA=0xa11d00c5
CYC=1182 EVT=PROT_COMMIT SRC=DMA ADDR=0x20000100 DATA=0xa11d00c5
CYC=1182 EVT=DMA_COMPLETED ERR=0
CYC=1184 EVT=PROT_COMMIT SRC=DMA ADDR=0x20000100 DATA=0xa11d00c5
CYC=1190 EVT=DMA_ADMITTED RID=0x01 ADDR=0x20000100 WDATA=0xa11d00c5 WRITE=1
CYC=1193 EVT=DMA_TARGET_ACCEPTED ADDR=0x20000100
CYC=1195 EVT=PROT_COMMIT SRC=DMA ADDR=0x20000100 DATA=0xa11d00c5
CYC=1196 EVT=PROT_COMMIT SRC=DMA ADDR=0x20000100 DATA=0xa11d00c5
CYC=1197 EVT=PROT_COMMIT SRC=DMA ADDR=0x20000100 DATA=0xa11d00c5
CYC=1197 EVT=DMA_COMPLETED ERR=0
CYC=1199 EVT=PROT_COMMIT SRC=DMA ADDR=0x20000100 DATA=0xa11d00c5
CYC=1205 EVT=DMA_ADMITTED RID=0x01 ADDR=0x20000100 WDATA=0xa11d00c5 WRITE=1
CYC=1208 EVT=DMA_TARGET_ACCEPTED ADDR=0x20000100
CYC=1210 EVT=PROT_COMMIT SRC=DMA ADDR=0x20000100 DATA=0xa11d00c5
CYC=1211 EVT=PROT_COMMIT SRC=DMA ADDR=0x20000100 DATA=0xa11d00c5
CYC=1212 EVT=PROT_COMMIT SRC=DMA ADDR=0x20000100 DATA=0xa11d00c5
CYC=1212 EVT=DMA_COMPLETED ERR=0
CYC=1214 EVT=PROT_COMMIT SRC=DMA ADDR=0x20000100 DATA=0xa11d00c5
CYC=1220 EVT=DMA_ADMITTED RID=0x01 ADDR=0x20000100 WDATA=0xa11d00c5 WRITE=1
CYC=1223 EVT=DMA_TARGET_ACCEPTED ADDR=0x20000100
CYC=1225 EVT=PROT_COMMIT SRC=DMA ADDR=0x20000100 DATA=0xa11d00c5
CYC=1226 EVT=PROT_COMMIT SRC=DMA ADDR=0x20000100 DATA=0xa11d00c5
CYC=1227 EVT=PROT_COMMIT SRC=DMA ADDR=0x20000100 DATA=0xa11d00c5
CYC=1227 EVT=DMA_COMPLETED ERR=0
CYC=1229 EVT=PROT_COMMIT SRC=DMA ADDR=0x20000100 DATA=0xa11d00c5
CYC=1235 EVT=DMA_ADMITTED RID=0x01 ADDR=0x20000100 WDATA=0xa11d00c5 WRITE=1
CYC=1238 EVT=DMA_TARGET_ACCEPTED ADDR=0x20000100
CYC=1240 EVT=PROT_COMMIT SRC=DMA ADDR=0x20000100 DATA=0xa11d00c5
CYC=1241 EVT=PROT_COMMIT SRC=DMA ADDR=0x20000100 DATA=0xa11d00c5
CYC=1242 EVT=PROT_COMMIT SRC=DMA ADDR=0x20000100 DATA=0xa11d00c5
CYC=1242 EVT=DMA_COMPLETED ERR=0
CYC=1244 EVT=PROT_COMMIT SRC=DMA ADDR=0x20000100 DATA=0xa11d00c5
CYC=1250 EVT=DMA_ADMITTED RID=0x01 ADDR=0x20000100 WDATA=0xa11d00c5 WRITE=1
CYC=1253 EVT=DMA_TARGET_ACCEPTED ADDR=0x20000100
CYC=1255 EVT=PROT_COMMIT SRC=DMA ADDR=0x20000100 DATA=0xa11d00c5
CYC=1256 EVT=PROT_COMMIT SRC=DMA ADDR=0x20000100 DATA=0xa11d00c5
CYC=1257 EVT=PROT_COMMIT SRC=DMA ADDR=0x20000100 DATA=0xa11d00c5
CYC=1257 EVT=DMA_COMPLETED ERR=0
CYC=1259 EVT=PROT_COMMIT SRC=DMA ADDR=0x20000100 DATA=0xa11d00c5
CYC=1265 EVT=DMA_ADMITTED RID=0x01 ADDR=0x20000100 WDATA=0xa11d00c5 WRITE=1
CYC=1268 EVT=DMA_TARGET_ACCEPTED ADDR=0x20000100
CYC=1270 EVT=PROT_COMMIT SRC=DMA ADDR=0x20000100 DATA=0xa11d00c5
CYC=1271 EVT=PROT_COMMIT SRC=DMA ADDR=0x20000100 DATA=0xa11d00c5
CYC=1272 EVT=PROT_COMMIT SRC=DMA ADDR=0x20000100 DATA=0xa11d00c5
CYC=1272 EVT=DMA_COMPLETED ERR=0
CYC=1274 EVT=PROT_COMMIT SRC=DMA ADDR=0x20000100 DATA=0xa11d00c5
CYC=1280 EVT=DMA_ADMITTED RID=0x01 ADDR=0x20000100 WDATA=0xa11d00c5 WRITE=1
CYC=1283 EVT=DMA_TARGET_ACCEPTED ADDR=0x20000100
CYC=1285 EVT=PROT_COMMIT SRC=DMA ADDR=0x20000100 DATA=0xa11d00c5
CYC=1286 EVT=PROT_COMMIT SRC=DMA ADDR=0x20000100 DATA=0xa11d00c5
CYC=1287 EVT=PROT_COMMIT SRC=DMA ADDR=0x20000100 DATA=0xa11d00c5
CYC=1287 EVT=DMA_COMPLETED ERR=0
CYC=1289 EVT=PROT_COMMIT SRC=DMA ADDR=0x20000100 DATA=0xa11d00c5
CYC=1295 EVT=DMA_ADMITTED RID=0x01 ADDR=0x20000100 WDATA=0xa11d00c5 WRITE=1
CYC=1298 EVT=DMA_TARGET_ACCEPTED ADDR=0x20000100
CYC=1300 EVT=PROT_COMMIT SRC=DMA ADDR=0x20000100 DATA=0xa11d00c5
CYC=1301 EVT=PROT_COMMIT SRC=DMA ADDR=0x20000100 DATA=0xa11d00c5
CYC=1302 EVT=PROT_COMMIT SRC=DMA ADDR=0x20000100 DATA=0xa11d00c5
CYC=1302 EVT=DMA_COMPLETED ERR=0
CYC=1304 EVT=PROT_COMMIT SRC=DMA ADDR=0x20000100 DATA=0xa11d00c5
CYC=1310 EVT=DMA_ADMITTED RID=0x01 ADDR=0x20000100 WDATA=0xa11d00c5 WRITE=1
CYC=1313 EVT=DMA_TARGET_ACCEPTED ADDR=0x20000100
CYC=1315 EVT=PROT_COMMIT SRC=DMA ADDR=0x20000100 DATA=0xa11d00c5
CYC=1316 EVT=PROT_COMMIT SRC=DMA ADDR=0x20000100 DATA=0xa11d00c5
CYC=1317 EVT=PROT_COMMIT SRC=DMA ADDR=0x20000100 DATA=0xa11d00c5
CYC=1317 EVT=DMA_COMPLETED ERR=0
CYC=1319 EVT=PROT_COMMIT SRC=DMA ADDR=0x20000100 DATA=0xa11d00c5
CYC=1325 EVT=DMA_ADMITTED RID=0x01 ADDR=0x20000100 WDATA=0xa11d00c5 WRITE=1
CYC=1328 EVT=DMA_TARGET_ACCEPTED ADDR=0x20000100
CYC=1330 EVT=PROT_COMMIT SRC=DMA ADDR=0x20000100 DATA=0xa11d00c5
CYC=1331 EVT=PROT_COMMIT SRC=DMA ADDR=0x20000100 DATA=0xa11d00c5
CYC=1332 EVT=PROT_COMMIT SRC=DMA ADDR=0x20000100 DATA=0xa11d00c5
CYC=1332 EVT=DMA_COMPLETED ERR=0
CYC=1334 EVT=PROT_COMMIT SRC=DMA ADDR=0x20000100 DATA=0xa11d00c5
CYC=1340 EVT=DMA_ADMITTED RID=0x01 ADDR=0x20000100 WDATA=0xa11d00c5 WRITE=1
CYC=1343 EVT=DMA_TARGET_ACCEPTED ADDR=0x20000100
CYC=1345 EVT=PROT_COMMIT SRC=DMA ADDR=0x20000100 DATA=0xa11d00c5
CYC=1346 EVT=PROT_COMMIT SRC=DMA ADDR=0x20000100 DATA=0xa11d00c5
CYC=1347 EVT=PROT_COMMIT SRC=DMA ADDR=0x20000100 DATA=0xa11d00c5
CYC=1347 EVT=DMA_COMPLETED ERR=0
CYC=1349 EVT=PROT_COMMIT SRC=DMA ADDR=0x20000100 DATA=0xa11d00c5
CYC=1355 EVT=DMA_ADMITTED RID=0x01 ADDR=0x20000100 WDATA=0xa11d00c5 WRITE=1
CYC=1358 EVT=DMA_TARGET_ACCEPTED ADDR=0x20000100
CYC=1360 EVT=PROT_COMMIT SRC=DMA ADDR=0x20000100 DATA=0xa11d00c5
CYC=1361 EVT=PROT_COMMIT SRC=DMA ADDR=0x20000100 DATA=0xa11d00c5
CYC=1362 EVT=PROT_COMMIT SRC=DMA ADDR=0x20000100 DATA=0xa11d00c5
CYC=1362 EVT=DMA_COMPLETED ERR=0
CYC=1364 EVT=PROT_COMMIT SRC=DMA ADDR=0x20000100 DATA=0xa11d00c5
CYC=1370 EVT=DMA_ADMITTED RID=0x01 ADDR=0x20000100 WDATA=0xa11d00c5 WRITE=1
CYC=1373 EVT=DMA_TARGET_ACCEPTED ADDR=0x20000100
CYC=1375 EVT=PROT_COMMIT SRC=DMA ADDR=0x20000100 DATA=0xa11d00c5
CYC=1376 EVT=PROT_COMMIT SRC=DMA ADDR=0x20000100 DATA=0xa11d00c5
CYC=1377 EVT=PROT_COMMIT SRC=DMA ADDR=0x20000100 DATA=0xa11d00c5
CYC=1377 EVT=DMA_COMPLETED ERR=0
CYC=1379 EVT=PROT_COMMIT SRC=DMA ADDR=0x20000100 DATA=0xa11d00c5
CYC=1385 EVT=DMA_ADMITTED RID=0x01 ADDR=0x20000100 WDATA=0xa11d00c5 WRITE=1
CYC=1388 EVT=DMA_TARGET_ACCEPTED ADDR=0x20000100
CYC=1390 EVT=PROT_COMMIT SRC=DMA ADDR=0x20000100 DATA=0xa11d00c5
CYC=1391 EVT=PROT_COMMIT SRC=DMA ADDR=0x20000100 DATA=0xa11d00c5
CYC=1392 EVT=PROT_COMMIT SRC=DMA ADDR=0x20000100 DATA=0xa11d00c5
CYC=1392 EVT=DMA_COMPLETED ERR=0
CYC=1394 EVT=PROT_COMMIT SRC=DMA ADDR=0x20000100 DATA=0xa11d00c5
CYC=1400 EVT=DMA_ADMITTED RID=0x01 ADDR=0x20000100 WDATA=0xa11d00c5 WRITE=1
CYC=1403 EVT=DMA_TARGET_ACCEPTED ADDR=0x20000100
CYC=1405 EVT=PROT_COMMIT SRC=DMA ADDR=0x20000100 DATA=0xa11d00c5
CYC=1406 EVT=PROT_COMMIT SRC=DMA ADDR=0x20000100 DATA=0xa11d00c5
CYC=1407 EVT=PROT_COMMIT SRC=DMA ADDR=0x20000100 DATA=0xa11d00c5
CYC=1407 EVT=DMA_COMPLETED ERR=0
CYC=1409 EVT=PROT_COMMIT SRC=DMA ADDR=0x20000100 DATA=0xa11d00c5
CYC=1415 EVT=DMA_ADMITTED RID=0x01 ADDR=0x20000100 WDATA=0xa11d00c5 WRITE=1
CYC=1418 EVT=DMA_TARGET_ACCEPTED ADDR=0x20000100
CYC=1420 EVT=PROT_COMMIT SRC=DMA ADDR=0x20000100 DATA=0xa11d00c5
CYC=1421 EVT=PROT_COMMIT SRC=DMA ADDR=0x20000100 DATA=0xa11d00c5
CYC=1422 EVT=PROT_COMMIT SRC=DMA ADDR=0x20000100 DATA=0xa11d00c5
CYC=1422 EVT=DMA_COMPLETED ERR=0
CYC=1424 EVT=PROT_COMMIT SRC=DMA ADDR=0x20000100 DATA=0xa11d00c5
CYC=1430 EVT=DMA_ADMITTED RID=0x01 ADDR=0x20000100 WDATA=0xa11d00c5 WRITE=1
CYC=1433 EVT=DMA_TARGET_ACCEPTED ADDR=0x20000100
CYC=1435 EVT=PROT_COMMIT SRC=DMA ADDR=0x20000100 DATA=0xa11d00c5
CYC=1436 EVT=PROT_COMMIT SRC=DMA ADDR=0x20000100 DATA=0xa11d00c5
CYC=1437 EVT=PROT_COMMIT SRC=DMA ADDR=0x20000100 DATA=0xa11d00c5
CYC=1437 EVT=DMA_COMPLETED ERR=0
CYC=1439 EVT=PROT_COMMIT SRC=DMA ADDR=0x20000100 DATA=0xa11d00c5
CYC=1445 EVT=DMA_ADMITTED RID=0x01 ADDR=0x20000100 WDATA=0xa11d00c5 WRITE=1
CYC=1448 EVT=DMA_TARGET_ACCEPTED ADDR=0x20000100
CYC=1450 EVT=PROT_COMMIT SRC=DMA ADDR=0x20000100 DATA=0xa11d00c5
CYC=1451 EVT=PROT_COMMIT SRC=DMA ADDR=0x20000100 DATA=0xa11d00c5
CYC=1452 EVT=PROT_COMMIT SRC=DMA ADDR=0x20000100 DATA=0xa11d00c5
CYC=1452 EVT=DMA_COMPLETED ERR=0
CYC=1454 EVT=PROT_COMMIT SRC=DMA ADDR=0x20000100 DATA=0xa11d00c5
CYC=1460 EVT=DMA_ADMITTED RID=0x01 ADDR=0x20000100 WDATA=0xa11d00c5 WRITE=1
CYC=1463 EVT=DMA_TARGET_ACCEPTED ADDR=0x20000100
CYC=1465 EVT=PROT_COMMIT SRC=DMA ADDR=0x20000100 DATA=0xa11d00c5
CYC=1466 EVT=PROT_COMMIT SRC=DMA ADDR=0x20000100 DATA=0xa11d00c5
CYC=1467 EVT=PROT_COMMIT SRC=DMA ADDR=0x20000100 DATA=0xa11d00c5
CYC=1467 EVT=DMA_COMPLETED ERR=0
CYC=1469 EVT=PROT_COMMIT SRC=DMA ADDR=0x20000100 DATA=0xa11d00c5
CYC=1475 EVT=DMA_ADMITTED RID=0x01 ADDR=0x20000100 WDATA=0xa11d00c5 WRITE=1
CYC=1478 EVT=DMA_TARGET_ACCEPTED ADDR=0x20000100
CYC=1480 EVT=PROT_COMMIT SRC=DMA ADDR=0x20000100 DATA=0xa11d00c5
CYC=1481 EVT=PROT_COMMIT SRC=DMA ADDR=0x20000100 DATA=0xa11d00c5
CYC=1482 EVT=PROT_COMMIT SRC=DMA ADDR=0x20000100 DATA=0xa11d00c5
CYC=1482 EVT=DMA_COMPLETED ERR=0
CYC=1484 EVT=PROT_COMMIT SRC=DMA ADDR=0x20000100 DATA=0xa11d00c5
CYC=1490 EVT=DMA_ADMITTED RID=0x01 ADDR=0x20000100 WDATA=0xa11d00c5 WRITE=1
CYC=1493 EVT=DMA_TARGET_ACCEPTED ADDR=0x20000100
CYC=1495 EVT=PROT_COMMIT SRC=DMA ADDR=0x20000100 DATA=0xa11d00c5
CYC=1496 EVT=PROT_COMMIT SRC=DMA ADDR=0x20000100 DATA=0xa11d00c5
CYC=1497 EVT=PROT_COMMIT SRC=DMA ADDR=0x20000100 DATA=0xa11d00c5
CYC=1497 EVT=DMA_COMPLETED ERR=0
CYC=1499 EVT=PROT_COMMIT SRC=DMA ADDR=0x20000100 DATA=0xa11d00c5
CYC=1505 EVT=DMA_ADMITTED RID=0x01 ADDR=0x20000100 WDATA=0xa11d00c5 WRITE=1
CYC=1508 EVT=DMA_TARGET_ACCEPTED ADDR=0x20000100
CYC=1510 EVT=PROT_COMMIT SRC=DMA ADDR=0x20000100 DATA=0xa11d00c5
CYC=1511 EVT=PROT_COMMIT SRC=DMA ADDR=0x20000100 DATA=0xa11d00c5
CYC=1512 EVT=PROT_COMMIT SRC=DMA ADDR=0x20000100 DATA=0xa11d00c5
CYC=1512 EVT=DMA_COMPLETED ERR=0
CYC=1514 EVT=PROT_COMMIT SRC=DMA ADDR=0x20000100 DATA=0xa11d00c5
CYC=1520 EVT=DMA_ADMITTED RID=0x01 ADDR=0x20000100 WDATA=0xa11d00c5 WRITE=1
CYC=1523 EVT=DMA_TARGET_ACCEPTED ADDR=0x20000100
CYC=1525 EVT=PROT_COMMIT SRC=DMA ADDR=0x20000100 DATA=0xa11d00c5
CYC=1526 EVT=PROT_COMMIT SRC=DMA ADDR=0x20000100 DATA=0xa11d00c5
CYC=1527 EVT=PROT_COMMIT SRC=DMA ADDR=0x20000100 DATA=0xa11d00c5
CYC=1527 EVT=DMA_COMPLETED ERR=0
CYC=1529 EVT=PROT_COMMIT SRC=DMA ADDR=0x20000100 DATA=0xa11d00c5
CYC=1535 EVT=DMA_ADMITTED RID=0x01 ADDR=0x20000100 WDATA=0xa11d00c5 WRITE=1
CYC=1538 EVT=DMA_TARGET_ACCEPTED ADDR=0x20000100
CYC=1540 EVT=PROT_COMMIT SRC=DMA ADDR=0x20000100 DATA=0xa11d00c5
CYC=1541 EVT=PROT_COMMIT SRC=DMA ADDR=0x20000100 DATA=0xa11d00c5
CYC=1542 EVT=PROT_COMMIT SRC=DMA ADDR=0x20000100 DATA=0xa11d00c5
CYC=1542 EVT=DMA_COMPLETED ERR=0
CYC=1544 EVT=PROT_COMMIT SRC=DMA ADDR=0x20000100 DATA=0xa11d00c5
CYC=1550 EVT=DMA_ADMITTED RID=0x01 ADDR=0x20000100 WDATA=0xa11d00c5 WRITE=1
CYC=1553 EVT=DMA_TARGET_ACCEPTED ADDR=0x20000100
CYC=1555 EVT=PROT_COMMIT SRC=DMA ADDR=0x20000100 DATA=0xa11d00c5
CYC=1556 EVT=PROT_COMMIT SRC=DMA ADDR=0x20000100 DATA=0xa11d00c5
CYC=1557 EVT=PROT_COMMIT SRC=DMA ADDR=0x20000100 DATA=0xa11d00c5
CYC=1557 EVT=DMA_COMPLETED ERR=0
CYC=1559 EVT=PROT_COMMIT SRC=DMA ADDR=0x20000100 DATA=0xa11d00c5
CYC=1565 EVT=DMA_ADMITTED RID=0x01 ADDR=0x20000100 WDATA=0xa11d00c5 WRITE=1
CYC=1568 EVT=DMA_TARGET_ACCEPTED ADDR=0x20000100
CYC=1570 EVT=PROT_COMMIT SRC=DMA ADDR=0x20000100 DATA=0xa11d00c5
CYC=1571 EVT=PROT_COMMIT SRC=DMA ADDR=0x20000100 DATA=0xa11d00c5
CYC=1572 EVT=PROT_COMMIT SRC=DMA ADDR=0x20000100 DATA=0xa11d00c5
CYC=1572 EVT=DMA_COMPLETED ERR=0
CYC=1574 EVT=PROT_COMMIT SRC=DMA ADDR=0x20000100 DATA=0xa11d00c5
CYC=1580 EVT=DMA_ADMITTED RID=0x01 ADDR=0x20000100 WDATA=0xa11d00c5 WRITE=1
CYC=1583 EVT=DMA_TARGET_ACCEPTED ADDR=0x20000100
CYC=1585 EVT=PROT_COMMIT SRC=DMA ADDR=0x20000100 DATA=0xa11d00c5
CYC=1586 EVT=PROT_COMMIT SRC=DMA ADDR=0x20000100 DATA=0xa11d00c5
CYC=1587 EVT=PROT_COMMIT SRC=DMA ADDR=0x20000100 DATA=0xa11d00c5
CYC=1587 EVT=DMA_COMPLETED ERR=0
CYC=1589 EVT=PROT_COMMIT SRC=DMA ADDR=0x20000100 DATA=0xa11d00c5
CYC=1595 EVT=DMA_ADMITTED RID=0x01 ADDR=0x20000100 WDATA=0xa11d00c5 WRITE=1
CYC=1598 EVT=DMA_TARGET_ACCEPTED ADDR=0x20000100
CYC=1600 EVT=PROT_COMMIT SRC=DMA ADDR=0x20000100 DATA=0xa11d00c5
CYC=1601 EVT=PROT_COMMIT SRC=DMA ADDR=0x20000100 DATA=0xa11d00c5
CYC=1602 EVT=PROT_COMMIT SRC=DMA ADDR=0x20000100 DATA=0xa11d00c5
CYC=1602 EVT=DMA_COMPLETED ERR=0
CYC=1604 EVT=PROT_COMMIT SRC=DMA ADDR=0x20000100 DATA=0xa11d00c5
CYC=1610 EVT=DMA_ADMITTED RID=0x01 ADDR=0x20000100 WDATA=0xa11d00c5 WRITE=1
CYC=1613 EVT=DMA_TARGET_ACCEPTED ADDR=0x20000100
CYC=1615 EVT=PROT_COMMIT SRC=DMA ADDR=0x20000100 DATA=0xa11d00c5
CYC=1616 EVT=PROT_COMMIT SRC=DMA ADDR=0x20000100 DATA=0xa11d00c5
CYC=1617 EVT=PROT_COMMIT SRC=DMA ADDR=0x20000100 DATA=0xa11d00c5
CYC=1617 EVT=DMA_COMPLETED ERR=0
CYC=1619 EVT=PROT_COMMIT SRC=DMA ADDR=0x20000100 DATA=0xa11d00c5
CYC=1625 EVT=DMA_ADMITTED RID=0x01 ADDR=0x20000100 WDATA=0xa11d00c5 WRITE=1
CYC=1628 EVT=DMA_TARGET_ACCEPTED ADDR=0x20000100
CYC=1630 EVT=PROT_COMMIT SRC=DMA ADDR=0x20000100 DATA=0xa11d00c5
CYC=1631 EVT=PROT_COMMIT SRC=DMA ADDR=0x20000100 DATA=0xa11d00c5
CYC=1632 EVT=PROT_COMMIT SRC=DMA ADDR=0x20000100 DATA=0xa11d00c5
CYC=1632 EVT=DMA_COMPLETED ERR=0
CYC=1634 EVT=PROT_COMMIT SRC=DMA ADDR=0x20000100 DATA=0xa11d00c5
CYC=1640 EVT=DMA_ADMITTED RID=0x01 ADDR=0x20000100 WDATA=0xa11d00c5 WRITE=1
CYC=1643 EVT=DMA_TARGET_ACCEPTED ADDR=0x20000100
CYC=1645 EVT=PROT_COMMIT SRC=DMA ADDR=0x20000100 DATA=0xa11d00c5
CYC=1646 EVT=PROT_COMMIT SRC=DMA ADDR=0x20000100 DATA=0xa11d00c5
CYC=1647 EVT=PROT_COMMIT SRC=DMA ADDR=0x20000100 DATA=0xa11d00c5
CYC=1647 EVT=DMA_COMPLETED ERR=0
CYC=1649 EVT=PROT_COMMIT SRC=DMA ADDR=0x20000100 DATA=0xa11d00c5
CYC=1655 EVT=DMA_ADMITTED RID=0x01 ADDR=0x20000100 WDATA=0xa11d00c5 WRITE=1
CYC=1658 EVT=DMA_TARGET_ACCEPTED ADDR=0x20000100
CYC=1660 EVT=PROT_COMMIT SRC=DMA ADDR=0x20000100 DATA=0xa11d00c5
CYC=1661 EVT=PROT_COMMIT SRC=DMA ADDR=0x20000100 DATA=0xa11d00c5
CYC=1662 EVT=PROT_COMMIT SRC=DMA ADDR=0x20000100 DATA=0xa11d00c5
CYC=1662 EVT=DMA_COMPLETED ERR=0
CYC=1664 EVT=PROT_COMMIT SRC=DMA ADDR=0x20000100 DATA=0xa11d00c5
CYC=1670 EVT=DMA_ADMITTED RID=0x01 ADDR=0x20000100 WDATA=0xa11d00c5 WRITE=1
CYC=1673 EVT=DMA_TARGET_ACCEPTED ADDR=0x20000100
CYC=1675 EVT=PROT_COMMIT SRC=DMA ADDR=0x20000100 DATA=0xa11d00c5
CYC=1676 EVT=PROT_COMMIT SRC=DMA ADDR=0x20000100 DATA=0xa11d00c5
CYC=1677 EVT=PROT_COMMIT SRC=DMA ADDR=0x20000100 DATA=0xa11d00c5
CYC=1677 EVT=DMA_COMPLETED ERR=0
CYC=1679 EVT=PROT_COMMIT SRC=DMA ADDR=0x20000100 DATA=0xa11d00c5
CYC=1685 EVT=DMA_ADMITTED RID=0x01 ADDR=0x20000100 WDATA=0xa11d00c5 WRITE=1
CYC=1688 EVT=DMA_TARGET_ACCEPTED ADDR=0x20000100
CYC=1690 EVT=PROT_COMMIT SRC=DMA ADDR=0x20000100 DATA=0xa11d00c5
CYC=1691 EVT=PROT_COMMIT SRC=DMA ADDR=0x20000100 DATA=0xa11d00c5
CYC=1692 EVT=PROT_COMMIT SRC=DMA ADDR=0x20000100 DATA=0xa11d00c5
CYC=1692 EVT=DMA_COMPLETED ERR=0
CYC=1694 EVT=PROT_COMMIT SRC=DMA ADDR=0x20000100 DATA=0xa11d00c5
CYC=1700 EVT=DMA_ADMITTED RID=0x01 ADDR=0x20000100 WDATA=0xa11d00c5 WRITE=1
CYC=1703 EVT=DMA_TARGET_ACCEPTED ADDR=0x20000100
CYC=1705 EVT=PROT_COMMIT SRC=DMA ADDR=0x20000100 DATA=0xa11d00c5
CYC=1706 EVT=PROT_COMMIT SRC=DMA ADDR=0x20000100 DATA=0xa11d00c5
CYC=1707 EVT=PROT_COMMIT SRC=DMA ADDR=0x20000100 DATA=0xa11d00c5
CYC=1707 EVT=DMA_COMPLETED ERR=0
CYC=1709 EVT=PROT_COMMIT SRC=DMA ADDR=0x20000100 DATA=0xa11d00c5
CYC=1715 EVT=DMA_ADMITTED RID=0x01 ADDR=0x20000100 WDATA=0xa11d00c5 WRITE=1
CYC=1718 EVT=DMA_TARGET_ACCEPTED ADDR=0x20000100
CYC=1720 EVT=PROT_COMMIT SRC=DMA ADDR=0x20000100 DATA=0xa11d00c5
CYC=1721 EVT=PROT_COMMIT SRC=DMA ADDR=0x20000100 DATA=0xa11d00c5
CYC=1722 EVT=PROT_COMMIT SRC=DMA ADDR=0x20000100 DATA=0xa11d00c5
CYC=1722 EVT=DMA_COMPLETED ERR=0
CYC=1724 EVT=PROT_COMMIT SRC=DMA ADDR=0x20000100 DATA=0xa11d00c5
CYC=1730 EVT=DMA_ADMITTED RID=0x01 ADDR=0x20000100 WDATA=0xa11d00c5 WRITE=1
CYC=1733 EVT=DMA_TARGET_ACCEPTED ADDR=0x20000100
CYC=1735 EVT=PROT_COMMIT SRC=DMA ADDR=0x20000100 DATA=0xa11d00c5
CYC=1736 EVT=PROT_COMMIT SRC=DMA ADDR=0x20000100 DATA=0xa11d00c5
CYC=1737 EVT=PROT_COMMIT SRC=DMA ADDR=0x20000100 DATA=0xa11d00c5
CYC=1737 EVT=DMA_COMPLETED ERR=0
CYC=1739 EVT=PROT_COMMIT SRC=DMA ADDR=0x20000100 DATA=0xa11d00c5
CYC=1745 EVT=DMA_ADMITTED RID=0x01 ADDR=0x20000100 WDATA=0xa11d00c5 WRITE=1
CYC=1748 EVT=DMA_TARGET_ACCEPTED ADDR=0x20000100
CYC=1750 EVT=PROT_COMMIT SRC=DMA ADDR=0x20000100 DATA=0xa11d00c5
CYC=1751 EVT=PROT_COMMIT SRC=DMA ADDR=0x20000100 DATA=0xa11d00c5
CYC=1752 EVT=PROT_COMMIT SRC=DMA ADDR=0x20000100 DATA=0xa11d00c5
CYC=1752 EVT=DMA_COMPLETED ERR=0
CYC=1754 EVT=PROT_COMMIT SRC=DMA ADDR=0x20000100 DATA=0xa11d00c5
CYC=1760 EVT=DMA_ADMITTED RID=0x01 ADDR=0x20000100 WDATA=0xa11d00c5 WRITE=1
CYC=1763 EVT=DMA_TARGET_ACCEPTED ADDR=0x20000100
CYC=1765 EVT=PROT_COMMIT SRC=DMA ADDR=0x20000100 DATA=0xa11d00c5
CYC=1766 EVT=PROT_COMMIT SRC=DMA ADDR=0x20000100 DATA=0xa11d00c5
CYC=1767 EVT=PROT_COMMIT SRC=DMA ADDR=0x20000100 DATA=0xa11d00c5
CYC=1767 EVT=DMA_COMPLETED ERR=0
CYC=1769 EVT=PROT_COMMIT SRC=DMA ADDR=0x20000100 DATA=0xa11d00c5
CYC=1775 EVT=DMA_ADMITTED RID=0x01 ADDR=0x20000100 WDATA=0xa11d00c5 WRITE=1
CYC=1778 EVT=DMA_TARGET_ACCEPTED ADDR=0x20000100
CYC=1780 EVT=PROT_COMMIT SRC=DMA ADDR=0x20000100 DATA=0xa11d00c5
CYC=1781 EVT=PROT_COMMIT SRC=DMA ADDR=0x20000100 DATA=0xa11d00c5
CYC=1782 EVT=PROT_COMMIT SRC=DMA ADDR=0x20000100 DATA=0xa11d00c5
CYC=1782 EVT=DMA_COMPLETED ERR=0
CYC=1784 EVT=PROT_COMMIT SRC=DMA ADDR=0x20000100 DATA=0xa11d00c5
CYC=1790 EVT=DMA_ADMITTED RID=0x01 ADDR=0x20000100 WDATA=0xa11d00c5 WRITE=1
CYC=1793 EVT=DMA_TARGET_ACCEPTED ADDR=0x20000100
CYC=1795 EVT=PROT_COMMIT SRC=DMA ADDR=0x20000100 DATA=0xa11d00c5
CYC=1796 EVT=PROT_COMMIT SRC=DMA ADDR=0x20000100 DATA=0xa11d00c5
CYC=1797 EVT=PROT_COMMIT SRC=DMA ADDR=0x20000100 DATA=0xa11d00c5
CYC=1797 EVT=DMA_COMPLETED ERR=0
CYC=1799 EVT=PROT_COMMIT SRC=DMA ADDR=0x20000100 DATA=0xa11d00c5
CYC=1805 EVT=DMA_ADMITTED RID=0x01 ADDR=0x20000100 WDATA=0xa11d00c5 WRITE=1
CYC=1808 EVT=DMA_TARGET_ACCEPTED ADDR=0x20000100
CYC=1810 EVT=PROT_COMMIT SRC=DMA ADDR=0x20000100 DATA=0xa11d00c5
CYC=1811 EVT=PROT_COMMIT SRC=DMA ADDR=0x20000100 DATA=0xa11d00c5
CYC=1812 EVT=PROT_COMMIT SRC=DMA ADDR=0x20000100 DATA=0xa11d00c5
CYC=1812 EVT=DMA_COMPLETED ERR=0
CYC=1814 EVT=PROT_COMMIT SRC=DMA ADDR=0x20000100 DATA=0xa11d00c5
CYC=1820 EVT=DMA_ADMITTED RID=0x01 ADDR=0x20000100 WDATA=0xa11d00c5 WRITE=1
CYC=1823 EVT=DMA_TARGET_ACCEPTED ADDR=0x20000100
CYC=1825 EVT=PROT_COMMIT SRC=DMA ADDR=0x20000100 DATA=0xa11d00c5
CYC=1826 EVT=PROT_COMMIT SRC=DMA ADDR=0x20000100 DATA=0xa11d00c5
CYC=1827 EVT=PROT_COMMIT SRC=DMA ADDR=0x20000100 DATA=0xa11d00c5
CYC=1827 EVT=DMA_COMPLETED ERR=0
CYC=1829 EVT=PROT_COMMIT SRC=DMA ADDR=0x20000100 DATA=0xa11d00c5
CYC=1835 EVT=DMA_ADMITTED RID=0x01 ADDR=0x20000100 WDATA=0xa11d00c5 WRITE=1
CYC=1838 EVT=DMA_TARGET_ACCEPTED ADDR=0x20000100
CYC=1840 EVT=PROT_COMMIT SRC=DMA ADDR=0x20000100 DATA=0xa11d00c5
CYC=1841 EVT=PROT_COMMIT SRC=DMA ADDR=0x20000100 DATA=0xa11d00c5
CYC=1842 EVT=PROT_COMMIT SRC=DMA ADDR=0x20000100 DATA=0xa11d00c5
CYC=1842 EVT=DMA_COMPLETED ERR=0
CYC=1844 EVT=PROT_COMMIT SRC=DMA ADDR=0x20000100 DATA=0xa11d00c5
CYC=1850 EVT=DMA_ADMITTED RID=0x01 ADDR=0x20000100 WDATA=0xa11d00c5 WRITE=1
CYC=1853 EVT=DMA_TARGET_ACCEPTED ADDR=0x20000100
CYC=1855 EVT=PROT_COMMIT SRC=DMA ADDR=0x20000100 DATA=0xa11d00c5
CYC=1856 EVT=PROT_COMMIT SRC=DMA ADDR=0x20000100 DATA=0xa11d00c5
CYC=1857 EVT=PROT_COMMIT SRC=DMA ADDR=0x20000100 DATA=0xa11d00c5
CYC=1857 EVT=DMA_COMPLETED ERR=0
CYC=1859 EVT=PROT_COMMIT SRC=DMA ADDR=0x20000100 DATA=0xa11d00c5
CYC=1865 EVT=DMA_ADMITTED RID=0x01 ADDR=0x20000100 WDATA=0xa11d00c5 WRITE=1
CYC=1868 EVT=DMA_TARGET_ACCEPTED ADDR=0x20000100
CYC=1870 EVT=PROT_COMMIT SRC=DMA ADDR=0x20000100 DATA=0xa11d00c5
CYC=1871 EVT=PROT_COMMIT SRC=DMA ADDR=0x20000100 DATA=0xa11d00c5
CYC=1872 EVT=PROT_COMMIT SRC=DMA ADDR=0x20000100 DATA=0xa11d00c5
CYC=1872 EVT=DMA_COMPLETED ERR=0
CYC=1874 EVT=PROT_COMMIT SRC=DMA ADDR=0x20000100 DATA=0xa11d00c5
CYC=1880 EVT=DMA_ADMITTED RID=0x01 ADDR=0x20000100 WDATA=0xa11d00c5 WRITE=1
CYC=1883 EVT=DMA_TARGET_ACCEPTED ADDR=0x20000100
CYC=1885 EVT=PROT_COMMIT SRC=DMA ADDR=0x20000100 DATA=0xa11d00c5
CYC=1886 EVT=PROT_COMMIT SRC=DMA ADDR=0x20000100 DATA=0xa11d00c5
CYC=1887 EVT=PROT_COMMIT SRC=DMA ADDR=0x20000100 DATA=0xa11d00c5
CYC=1887 EVT=DMA_COMPLETED ERR=0
CYC=1889 EVT=PROT_COMMIT SRC=DMA ADDR=0x20000100 DATA=0xa11d00c5
CYC=1895 EVT=DMA_ADMITTED RID=0x01 ADDR=0x20000100 WDATA=0xa11d00c5 WRITE=1
CYC=1898 EVT=DMA_TARGET_ACCEPTED ADDR=0x20000100
CYC=1900 EVT=PROT_COMMIT SRC=DMA ADDR=0x20000100 DATA=0xa11d00c5
CYC=1901 EVT=PROT_COMMIT SRC=DMA ADDR=0x20000100 DATA=0xa11d00c5
CYC=1902 EVT=PROT_COMMIT SRC=DMA ADDR=0x20000100 DATA=0xa11d00c5
CYC=1902 EVT=DMA_COMPLETED ERR=0
CYC=1904 EVT=PROT_COMMIT SRC=DMA ADDR=0x20000100 DATA=0xa11d00c5
CYC=1910 EVT=DMA_ADMITTED RID=0x01 ADDR=0x20000100 WDATA=0xa11d00c5 WRITE=1
CYC=1913 EVT=DMA_TARGET_ACCEPTED ADDR=0x20000100
CYC=1915 EVT=PROT_COMMIT SRC=DMA ADDR=0x20000100 DATA=0xa11d00c5
CYC=1916 EVT=PROT_COMMIT SRC=DMA ADDR=0x20000100 DATA=0xa11d00c5
CYC=1917 EVT=PROT_COMMIT SRC=DMA ADDR=0x20000100 DATA=0xa11d00c5
CYC=1917 EVT=DMA_COMPLETED ERR=0
CYC=1919 EVT=PROT_COMMIT SRC=DMA ADDR=0x20000100 DATA=0xa11d00c5
CYC=1925 EVT=DMA_ADMITTED RID=0x01 ADDR=0x20000100 WDATA=0xa11d00c5 WRITE=1
CYC=1928 EVT=DMA_TARGET_ACCEPTED ADDR=0x20000100
CYC=1930 EVT=PROT_COMMIT SRC=DMA ADDR=0x20000100 DATA=0xa11d00c5
CYC=1931 EVT=PROT_COMMIT SRC=DMA ADDR=0x20000100 DATA=0xa11d00c5
CYC=1932 EVT=PROT_COMMIT SRC=DMA ADDR=0x20000100 DATA=0xa11d00c5
CYC=1932 EVT=DMA_COMPLETED ERR=0
CYC=1934 EVT=PROT_COMMIT SRC=DMA ADDR=0x20000100 DATA=0xa11d00c5
CYC=1940 EVT=DMA_ADMITTED RID=0x01 ADDR=0x20000100 WDATA=0xa11d00c5 WRITE=1
CYC=1943 EVT=DMA_TARGET_ACCEPTED ADDR=0x20000100
CYC=1945 EVT=PROT_COMMIT SRC=DMA ADDR=0x20000100 DATA=0xa11d00c5
CYC=1946 EVT=PROT_COMMIT SRC=DMA ADDR=0x20000100 DATA=0xa11d00c5
CYC=1947 EVT=PROT_COMMIT SRC=DMA ADDR=0x20000100 DATA=0xa11d00c5
CYC=1947 EVT=DMA_COMPLETED ERR=0
CYC=1949 EVT=PROT_COMMIT SRC=DMA ADDR=0x20000100 DATA=0xa11d00c5
CYC=1955 EVT=DMA_ADMITTED RID=0x01 ADDR=0x20000100 WDATA=0xa11d00c5 WRITE=1
CYC=1958 EVT=DMA_TARGET_ACCEPTED ADDR=0x20000100
CYC=1960 EVT=PROT_COMMIT SRC=DMA ADDR=0x20000100 DATA=0xa11d00c5
CYC=1961 EVT=PROT_COMMIT SRC=DMA ADDR=0x20000100 DATA=0xa11d00c5
CYC=1962 EVT=PROT_COMMIT SRC=DMA ADDR=0x20000100 DATA=0xa11d00c5
CYC=1962 EVT=DMA_COMPLETED ERR=0
CYC=1964 EVT=PROT_COMMIT SRC=DMA ADDR=0x20000100 DATA=0xa11d00c5
CYC=1970 EVT=DMA_ADMITTED RID=0x01 ADDR=0x20000100 WDATA=0xa11d00c5 WRITE=1
CYC=1973 EVT=DMA_TARGET_ACCEPTED ADDR=0x20000100
CYC=1975 EVT=PROT_COMMIT SRC=DMA ADDR=0x20000100 DATA=0xa11d00c5
CYC=1976 EVT=PROT_COMMIT SRC=DMA ADDR=0x20000100 DATA=0xa11d00c5
CYC=1977 EVT=PROT_COMMIT SRC=DMA ADDR=0x20000100 DATA=0xa11d00c5
CYC=1977 EVT=DMA_COMPLETED ERR=0
CYC=1979 EVT=PROT_COMMIT SRC=DMA ADDR=0x20000100 DATA=0xa11d00c5
CYC=1985 EVT=DMA_ADMITTED RID=0x01 ADDR=0x20000100 WDATA=0xa11d00c5 WRITE=1
CYC=1988 EVT=DMA_TARGET_ACCEPTED ADDR=0x20000100
CYC=1990 EVT=PROT_COMMIT SRC=DMA ADDR=0x20000100 DATA=0xa11d00c5
CYC=1991 EVT=PROT_COMMIT SRC=DMA ADDR=0x20000100 DATA=0xa11d00c5
CYC=1992 EVT=PROT_COMMIT SRC=DMA ADDR=0x20000100 DATA=0xa11d00c5
CYC=1992 EVT=DMA_COMPLETED ERR=0
CYC=1994 EVT=PROT_COMMIT SRC=DMA ADDR=0x20000100 DATA=0xa11d00c5
CYC=2000 EVT=DMA_ADMITTED RID=0x01 ADDR=0x20000100 WDATA=0xa11d00c5 WRITE=1
CYC=2003 EVT=DMA_TARGET_ACCEPTED ADDR=0x20000100
CYC=2005 EVT=PROT_COMMIT SRC=DMA ADDR=0x20000100 DATA=0xa11d00c5
CYC=2006 EVT=PROT_COMMIT SRC=DMA ADDR=0x20000100 DATA=0xa11d00c5
CYC=2007 EVT=PROT_COMMIT SRC=DMA ADDR=0x20000100 DATA=0xa11d00c5
CYC=2007 EVT=DMA_COMPLETED ERR=0
CYC=2009 EVT=PROT_COMMIT SRC=DMA ADDR=0x20000100 DATA=0xa11d00c5
CYC=2015 EVT=DMA_ADMITTED RID=0x01 ADDR=0x20000100 WDATA=0xa11d00c5 WRITE=1
CYC=2018 EVT=DMA_TARGET_ACCEPTED ADDR=0x20000100
CYC=2020 EVT=PROT_COMMIT SRC=DMA ADDR=0x20000100 DATA=0xa11d00c5
CYC=2021 EVT=PROT_COMMIT SRC=DMA ADDR=0x20000100 DATA=0xa11d00c5
CYC=2022 EVT=PROT_COMMIT SRC=DMA ADDR=0x20000100 DATA=0xa11d00c5
CYC=2022 EVT=DMA_COMPLETED ERR=0
CYC=2024 EVT=PROT_COMMIT SRC=DMA ADDR=0x20000100 DATA=0xa11d00c5
CYC=2030 EVT=DMA_ADMITTED RID=0x01 ADDR=0x20000100 WDATA=0xa11d00c5 WRITE=1
CYC=2033 EVT=DMA_TARGET_ACCEPTED ADDR=0x20000100
CYC=2035 EVT=PROT_COMMIT SRC=DMA ADDR=0x20000100 DATA=0xa11d00c5
CYC=2036 EVT=PROT_COMMIT SRC=DMA ADDR=0x20000100 DATA=0xa11d00c5
CYC=2037 EVT=PROT_COMMIT SRC=DMA ADDR=0x20000100 DATA=0xa11d00c5
CYC=2037 EVT=DMA_COMPLETED ERR=0
CYC=2039 EVT=PROT_COMMIT SRC=DMA ADDR=0x20000100 DATA=0xa11d00c5
CYC=2045 EVT=DMA_ADMITTED RID=0x01 ADDR=0x20000100 WDATA=0xa11d00c5 WRITE=1
CYC=2048 EVT=DMA_TARGET_ACCEPTED ADDR=0x20000100
CYC=2050 EVT=PROT_COMMIT SRC=DMA ADDR=0x20000100 DATA=0xa11d00c5
CYC=2051 EVT=PROT_COMMIT SRC=DMA ADDR=0x20000100 DATA=0xa11d00c5
CYC=2052 EVT=PROT_COMMIT SRC=DMA ADDR=0x20000100 DATA=0xa11d00c5
CYC=2052 EVT=DMA_COMPLETED ERR=0
CYC=2054 EVT=PROT_COMMIT SRC=DMA ADDR=0x20000100 DATA=0xa11d00c5
CYC=2060 EVT=DMA_ADMITTED RID=0x01 ADDR=0x20000100 WDATA=0xa11d00c5 WRITE=1
CYC=2063 EVT=DMA_TARGET_ACCEPTED ADDR=0x20000100
CYC=2065 EVT=PROT_COMMIT SRC=DMA ADDR=0x20000100 DATA=0xa11d00c5
CYC=2066 EVT=PROT_COMMIT SRC=DMA ADDR=0x20000100 DATA=0xa11d00c5
CYC=2067 EVT=PROT_COMMIT SRC=DMA ADDR=0x20000100 DATA=0xa11d00c5
CYC=2067 EVT=DMA_COMPLETED ERR=0
CYC=2069 EVT=PROT_COMMIT SRC=DMA ADDR=0x20000100 DATA=0xa11d00c5
CYC=2075 EVT=DMA_ADMITTED RID=0x01 ADDR=0x20000100 WDATA=0xa11d00c5 WRITE=1
CYC=2078 EVT=DMA_TARGET_ACCEPTED ADDR=0x20000100
CYC=2080 EVT=PROT_COMMIT SRC=DMA ADDR=0x20000100 DATA=0xa11d00c5
CYC=2081 EVT=PROT_COMMIT SRC=DMA ADDR=0x20000100 DATA=0xa11d00c5
CYC=2082 EVT=PROT_COMMIT SRC=DMA ADDR=0x20000100 DATA=0xa11d00c5
CYC=2082 EVT=DMA_COMPLETED ERR=0
CYC=2084 EVT=PROT_COMMIT SRC=DMA ADDR=0x20000100 DATA=0xa11d00c5
CYC=2090 EVT=DMA_ADMITTED RID=0x01 ADDR=0x20000100 WDATA=0xa11d00c5 WRITE=1
CYC=2093 EVT=DMA_TARGET_ACCEPTED ADDR=0x20000100
CYC=2095 EVT=PROT_COMMIT SRC=DMA ADDR=0x20000100 DATA=0xa11d00c5
CYC=2096 EVT=PROT_COMMIT SRC=DMA ADDR=0x20000100 DATA=0xa11d00c5
CYC=2097 EVT=PROT_COMMIT SRC=DMA ADDR=0x20000100 DATA=0xa11d00c5
CYC=2097 EVT=DMA_COMPLETED ERR=0
CYC=2099 EVT=PROT_COMMIT SRC=DMA ADDR=0x20000100 DATA=0xa11d00c5
CYC=2105 EVT=DMA_ADMITTED RID=0x01 ADDR=0x20000100 WDATA=0xa11d00c5 WRITE=1
CYC=2108 EVT=DMA_TARGET_ACCEPTED ADDR=0x20000100
CYC=2110 EVT=PROT_COMMIT SRC=DMA ADDR=0x20000100 DATA=0xa11d00c5
CYC=2111 EVT=PROT_COMMIT SRC=DMA ADDR=0x20000100 DATA=0xa11d00c5
CYC=2112 EVT=PROT_COMMIT SRC=DMA ADDR=0x20000100 DATA=0xa11d00c5
CYC=2112 EVT=DMA_COMPLETED ERR=0
CYC=2114 EVT=PROT_COMMIT SRC=DMA ADDR=0x20000100 DATA=0xa11d00c5
CYC=2120 EVT=DMA_ADMITTED RID=0x01 ADDR=0x20000100 WDATA=0xa11d00c5 WRITE=1
CYC=2123 EVT=DMA_TARGET_ACCEPTED ADDR=0x20000100
CYC=2125 EVT=PROT_COMMIT SRC=DMA ADDR=0x20000100 DATA=0xa11d00c5
CYC=2126 EVT=PROT_COMMIT SRC=DMA ADDR=0x20000100 DATA=0xa11d00c5
CYC=2127 EVT=PROT_COMMIT SRC=DMA ADDR=0x20000100 DATA=0xa11d00c5
CYC=2127 EVT=DMA_COMPLETED ERR=0
CYC=2129 EVT=PROT_COMMIT SRC=DMA ADDR=0x20000100 DATA=0xa11d00c5
CYC=2135 EVT=DMA_ADMITTED RID=0x01 ADDR=0x20000100 WDATA=0xa11d00c5 WRITE=1
CYC=2138 EVT=DMA_TARGET_ACCEPTED ADDR=0x20000100
CYC=2140 EVT=PROT_COMMIT SRC=DMA ADDR=0x20000100 DATA=0xa11d00c5
CYC=2141 EVT=PROT_COMMIT SRC=DMA ADDR=0x20000100 DATA=0xa11d00c5
CYC=2142 EVT=PROT_COMMIT SRC=DMA ADDR=0x20000100 DATA=0xa11d00c5
CYC=2142 EVT=DMA_COMPLETED ERR=0
CYC=2144 EVT=PROT_COMMIT SRC=DMA ADDR=0x20000100 DATA=0xa11d00c5
CYC=2150 EVT=DMA_ADMITTED RID=0x01 ADDR=0x20000100 WDATA=0xa11d00c5 WRITE=1
CYC=2153 EVT=DMA_TARGET_ACCEPTED ADDR=0x20000100
CYC=2155 EVT=PROT_COMMIT SRC=DMA ADDR=0x20000100 DATA=0xa11d00c5
CYC=2156 EVT=PROT_COMMIT SRC=DMA ADDR=0x20000100 DATA=0xa11d00c5
CYC=2157 EVT=PROT_COMMIT SRC=DMA ADDR=0x20000100 DATA=0xa11d00c5
CYC=2157 EVT=DMA_COMPLETED ERR=0
CYC=2159 EVT=PROT_COMMIT SRC=DMA ADDR=0x20000100 DATA=0xa11d00c5
CYC=2165 EVT=DMA_ADMITTED RID=0x01 ADDR=0x20000100 WDATA=0xa11d00c5 WRITE=1
CYC=2168 EVT=DMA_TARGET_ACCEPTED ADDR=0x20000100
CYC=2170 EVT=PROT_COMMIT SRC=DMA ADDR=0x20000100 DATA=0xa11d00c5
CYC=2171 EVT=PROT_COMMIT SRC=DMA ADDR=0x20000100 DATA=0xa11d00c5
CYC=2172 EVT=PROT_COMMIT SRC=DMA ADDR=0x20000100 DATA=0xa11d00c5
CYC=2172 EVT=DMA_COMPLETED ERR=0
CYC=2174 EVT=PROT_COMMIT SRC=DMA ADDR=0x20000100 DATA=0xa11d00c5
CYC=2180 EVT=DMA_ADMITTED RID=0x01 ADDR=0x20000100 WDATA=0xa11d00c5 WRITE=1
CYC=2183 EVT=DMA_TARGET_ACCEPTED ADDR=0x20000100
CYC=2185 EVT=PROT_COMMIT SRC=DMA ADDR=0x20000100 DATA=0xa11d00c5
CYC=2186 EVT=PROT_COMMIT SRC=DMA ADDR=0x20000100 DATA=0xa11d00c5
CYC=2187 EVT=PROT_COMMIT SRC=DMA ADDR=0x20000100 DATA=0xa11d00c5
CYC=2187 EVT=DMA_COMPLETED ERR=0
CYC=2189 EVT=PROT_COMMIT SRC=DMA ADDR=0x20000100 DATA=0xa11d00c5
CYC=2195 EVT=DMA_ADMITTED RID=0x01 ADDR=0x20000100 WDATA=0xa11d00c5 WRITE=1
CYC=2198 EVT=DMA_TARGET_ACCEPTED ADDR=0x20000100
CYC=2200 EVT=PROT_COMMIT SRC=DMA ADDR=0x20000100 DATA=0xa11d00c5
CYC=2201 EVT=PROT_COMMIT SRC=DMA ADDR=0x20000100 DATA=0xa11d00c5
CYC=2202 EVT=PROT_COMMIT SRC=DMA ADDR=0x20000100 DATA=0xa11d00c5
CYC=2202 EVT=DMA_COMPLETED ERR=0
CYC=2204 EVT=PROT_COMMIT SRC=DMA ADDR=0x20000100 DATA=0xa11d00c5
CYC=2210 EVT=DMA_ADMITTED RID=0x01 ADDR=0x20000100 WDATA=0xa11d00c5 WRITE=1
CYC=2213 EVT=DMA_TARGET_ACCEPTED ADDR=0x20000100
CYC=2215 EVT=PROT_COMMIT SRC=DMA ADDR=0x20000100 DATA=0xa11d00c5
CYC=2216 EVT=PROT_COMMIT SRC=DMA ADDR=0x20000100 DATA=0xa11d00c5
CYC=2217 EVT=PROT_COMMIT SRC=DMA ADDR=0x20000100 DATA=0xa11d00c5
CYC=2217 EVT=DMA_COMPLETED ERR=0
CYC=2219 EVT=PROT_COMMIT SRC=DMA ADDR=0x20000100 DATA=0xa11d00c5
CYC=2225 EVT=DMA_ADMITTED RID=0x01 ADDR=0x20000100 WDATA=0xa11d00c5 WRITE=1
CYC=2228 EVT=DMA_TARGET_ACCEPTED ADDR=0x20000100
CYC=2230 EVT=PROT_COMMIT SRC=DMA ADDR=0x20000100 DATA=0xa11d00c5
CYC=2231 EVT=PROT_COMMIT SRC=DMA ADDR=0x20000100 DATA=0xa11d00c5
CYC=2232 EVT=PROT_COMMIT SRC=DMA ADDR=0x20000100 DATA=0xa11d00c5
CYC=2232 EVT=DMA_COMPLETED ERR=0
CYC=2234 EVT=PROT_COMMIT SRC=DMA ADDR=0x20000100 DATA=0xa11d00c5
CYC=2240 EVT=DMA_ADMITTED RID=0x01 ADDR=0x20000100 WDATA=0xa11d00c5 WRITE=1
CYC=2243 EVT=DMA_TARGET_ACCEPTED ADDR=0x20000100
CYC=2245 EVT=PROT_COMMIT SRC=DMA ADDR=0x20000100 DATA=0xa11d00c5
CYC=2246 EVT=PROT_COMMIT SRC=DMA ADDR=0x20000100 DATA=0xa11d00c5
CYC=2247 EVT=PROT_COMMIT SRC=DMA ADDR=0x20000100 DATA=0xa11d00c5
CYC=2247 EVT=DMA_COMPLETED ERR=0
CYC=2249 EVT=PROT_COMMIT SRC=DMA ADDR=0x20000100 DATA=0xa11d00c5
CYC=2255 EVT=DMA_ADMITTED RID=0x01 ADDR=0x20000100 WDATA=0xa11d00c5 WRITE=1
CYC=2258 EVT=DMA_TARGET_ACCEPTED ADDR=0x20000100
CYC=2260 EVT=PROT_COMMIT SRC=DMA ADDR=0x20000100 DATA=0xa11d00c5
CYC=2261 EVT=PROT_COMMIT SRC=DMA ADDR=0x20000100 DATA=0xa11d00c5
CYC=2262 EVT=PROT_COMMIT SRC=DMA ADDR=0x20000100 DATA=0xa11d00c5
CYC=2262 EVT=DMA_COMPLETED ERR=0
CYC=2264 EVT=PROT_COMMIT SRC=DMA ADDR=0x20000100 DATA=0xa11d00c5
CYC=2270 EVT=DMA_ADMITTED RID=0x01 ADDR=0x20000100 WDATA=0xa11d00c5 WRITE=1
CYC=2273 EVT=DMA_TARGET_ACCEPTED ADDR=0x20000100
CYC=2275 EVT=PROT_COMMIT SRC=DMA ADDR=0x20000100 DATA=0xa11d00c5
CYC=2276 EVT=PROT_COMMIT SRC=DMA ADDR=0x20000100 DATA=0xa11d00c5
CYC=2277 EVT=PROT_COMMIT SRC=DMA ADDR=0x20000100 DATA=0xa11d00c5
CYC=2277 EVT=DMA_COMPLETED ERR=0
CYC=2279 EVT=PROT_COMMIT SRC=DMA ADDR=0x20000100 DATA=0xa11d00c5
CYC=2285 EVT=DMA_ADMITTED RID=0x01 ADDR=0x20000100 WDATA=0xa11d00c5 WRITE=1
CYC=2288 EVT=DMA_TARGET_ACCEPTED ADDR=0x20000100
CYC=2290 EVT=PROT_COMMIT SRC=DMA ADDR=0x20000100 DATA=0xa11d00c5
CYC=2291 EVT=PROT_COMMIT SRC=DMA ADDR=0x20000100 DATA=0xa11d00c5
CYC=2292 EVT=PROT_COMMIT SRC=DMA ADDR=0x20000100 DATA=0xa11d00c5
CYC=2292 EVT=DMA_COMPLETED ERR=0
CYC=2294 EVT=PROT_COMMIT SRC=DMA ADDR=0x20000100 DATA=0xa11d00c5
CYC=2300 EVT=DMA_ADMITTED RID=0x01 ADDR=0x20000100 WDATA=0xa11d00c5 WRITE=1
CYC=2303 EVT=DMA_TARGET_ACCEPTED ADDR=0x20000100
CYC=2305 EVT=PROT_COMMIT SRC=DMA ADDR=0x20000100 DATA=0xa11d00c5
CYC=2306 EVT=PROT_COMMIT SRC=DMA ADDR=0x20000100 DATA=0xa11d00c5
CYC=2307 EVT=PROT_COMMIT SRC=DMA ADDR=0x20000100 DATA=0xa11d00c5
CYC=2307 EVT=DMA_COMPLETED ERR=0
CYC=2309 EVT=PROT_COMMIT SRC=DMA ADDR=0x20000100 DATA=0xa11d00c5
CYC=2315 EVT=DMA_ADMITTED RID=0x01 ADDR=0x20000100 WDATA=0xa11d00c5 WRITE=1
CYC=2318 EVT=DMA_TARGET_ACCEPTED ADDR=0x20000100
CYC=2320 EVT=PROT_COMMIT SRC=DMA ADDR=0x20000100 DATA=0xa11d00c5
CYC=2321 EVT=PROT_COMMIT SRC=DMA ADDR=0x20000100 DATA=0xa11d00c5
CYC=2322 EVT=PROT_COMMIT SRC=DMA ADDR=0x20000100 DATA=0xa11d00c5
CYC=2322 EVT=DMA_COMPLETED ERR=0
CYC=2324 EVT=PROT_COMMIT SRC=DMA ADDR=0x20000100 DATA=0xa11d00c5
CYC=2330 EVT=DMA_ADMITTED RID=0x01 ADDR=0x20000100 WDATA=0xa11d00c5 WRITE=1
CYC=2333 EVT=DMA_TARGET_ACCEPTED ADDR=0x20000100
CYC=2335 EVT=PROT_COMMIT SRC=DMA ADDR=0x20000100 DATA=0xa11d00c5
CYC=2336 EVT=PROT_COMMIT SRC=DMA ADDR=0x20000100 DATA=0xa11d00c5
CYC=2337 EVT=PROT_COMMIT SRC=DMA ADDR=0x20000100 DATA=0xa11d00c5
CYC=2337 EVT=DMA_COMPLETED ERR=0
CYC=2339 EVT=PROT_COMMIT SRC=DMA ADDR=0x20000100 DATA=0xa11d00c5
CYC=2345 EVT=DMA_ADMITTED RID=0x01 ADDR=0x20000100 WDATA=0xa11d00c5 WRITE=1
CYC=2348 EVT=DMA_TARGET_ACCEPTED ADDR=0x20000100
CYC=2350 EVT=PROT_COMMIT SRC=DMA ADDR=0x20000100 DATA=0xa11d00c5
CYC=2351 EVT=PROT_COMMIT SRC=DMA ADDR=0x20000100 DATA=0xa11d00c5
CYC=2352 EVT=PROT_COMMIT SRC=DMA ADDR=0x20000100 DATA=0xa11d00c5
CYC=2352 EVT=DMA_COMPLETED ERR=0
CYC=2354 EVT=PROT_COMMIT SRC=DMA ADDR=0x20000100 DATA=0xa11d00c5
CYC=2360 EVT=DMA_ADMITTED RID=0x01 ADDR=0x20000100 WDATA=0xa11d00c5 WRITE=1
CYC=2363 EVT=DMA_TARGET_ACCEPTED ADDR=0x20000100
CYC=2365 EVT=PROT_COMMIT SRC=DMA ADDR=0x20000100 DATA=0xa11d00c5
CYC=2366 EVT=PROT_COMMIT SRC=DMA ADDR=0x20000100 DATA=0xa11d00c5
CYC=2367 EVT=PROT_COMMIT SRC=DMA ADDR=0x20000100 DATA=0xa11d00c5
CYC=2367 EVT=DMA_COMPLETED ERR=0
CYC=2369 EVT=PROT_COMMIT SRC=DMA ADDR=0x20000100 DATA=0xa11d00c5
CYC=2375 EVT=DMA_ADMITTED RID=0x01 ADDR=0x20000100 WDATA=0xa11d00c5 WRITE=1
CYC=2378 EVT=DMA_TARGET_ACCEPTED ADDR=0x20000100
CYC=2380 EVT=PROT_COMMIT SRC=DMA ADDR=0x20000100 DATA=0xa11d00c5
CYC=2381 EVT=PROT_COMMIT SRC=DMA ADDR=0x20000100 DATA=0xa11d00c5
CYC=2382 EVT=PROT_COMMIT SRC=DMA ADDR=0x20000100 DATA=0xa11d00c5
CYC=2382 EVT=DMA_COMPLETED ERR=0
CYC=2384 EVT=PROT_COMMIT SRC=DMA ADDR=0x20000100 DATA=0xa11d00c5
CYC=2390 EVT=DMA_ADMITTED RID=0x01 ADDR=0x20000100 WDATA=0xa11d00c5 WRITE=1
CYC=2393 EVT=DMA_TARGET_ACCEPTED ADDR=0x20000100
CYC=2395 EVT=PROT_COMMIT SRC=DMA ADDR=0x20000100 DATA=0xa11d00c5
CYC=2396 EVT=PROT_COMMIT SRC=DMA ADDR=0x20000100 DATA=0xa11d00c5
CYC=2397 EVT=PROT_COMMIT SRC=DMA ADDR=0x20000100 DATA=0xa11d00c5
CYC=2397 EVT=DMA_COMPLETED ERR=0
CYC=2399 EVT=PROT_COMMIT SRC=DMA ADDR=0x20000100 DATA=0xa11d00c5
CYC=2405 EVT=DMA_ADMITTED RID=0x01 ADDR=0x20000100 WDATA=0xa11d00c5 WRITE=1
CYC=2408 EVT=DMA_TARGET_ACCEPTED ADDR=0x20000100
CYC=2410 EVT=PROT_COMMIT SRC=DMA ADDR=0x20000100 DATA=0xa11d00c5
CYC=2411 EVT=PROT_COMMIT SRC=DMA ADDR=0x20000100 DATA=0xa11d00c5
CYC=2412 EVT=PROT_COMMIT SRC=DMA ADDR=0x20000100 DATA=0xa11d00c5
CYC=2412 EVT=DMA_COMPLETED ERR=0
CYC=2414 EVT=PROT_COMMIT SRC=DMA ADDR=0x20000100 DATA=0xa11d00c5
CYC=2420 EVT=DMA_ADMITTED RID=0x01 ADDR=0x20000100 WDATA=0xa11d00c5 WRITE=1
CYC=2423 EVT=DMA_TARGET_ACCEPTED ADDR=0x20000100
CYC=2425 EVT=PROT_COMMIT SRC=DMA ADDR=0x20000100 DATA=0xa11d00c5
CYC=2426 EVT=PROT_COMMIT SRC=DMA ADDR=0x20000100 DATA=0xa11d00c5
CYC=2427 EVT=PROT_COMMIT SRC=DMA ADDR=0x20000100 DATA=0xa11d00c5
CYC=2427 EVT=DMA_COMPLETED ERR=0
CYC=2429 EVT=PROT_COMMIT SRC=DMA ADDR=0x20000100 DATA=0xa11d00c5
CYC=2435 EVT=DMA_ADMITTED RID=0x01 ADDR=0x20000100 WDATA=0xa11d00c5 WRITE=1
CYC=2438 EVT=DMA_TARGET_ACCEPTED ADDR=0x20000100
CYC=2440 EVT=PROT_COMMIT SRC=DMA ADDR=0x20000100 DATA=0xa11d00c5
CYC=2441 EVT=PROT_COMMIT SRC=DMA ADDR=0x20000100 DATA=0xa11d00c5
CYC=2442 EVT=PROT_COMMIT SRC=DMA ADDR=0x20000100 DATA=0xa11d00c5
CYC=2442 EVT=DMA_COMPLETED ERR=0
CYC=2444 EVT=PROT_COMMIT SRC=DMA ADDR=0x20000100 DATA=0xa11d00c5
CYC=2450 EVT=DMA_ADMITTED RID=0x01 ADDR=0x20000100 WDATA=0xa11d00c5 WRITE=1
CYC=2453 EVT=DMA_TARGET_ACCEPTED ADDR=0x20000100
CYC=2455 EVT=PROT_COMMIT SRC=DMA ADDR=0x20000100 DATA=0xa11d00c5
CYC=2456 EVT=PROT_COMMIT SRC=DMA ADDR=0x20000100 DATA=0xa11d00c5
CYC=2457 EVT=PROT_COMMIT SRC=DMA ADDR=0x20000100 DATA=0xa11d00c5
CYC=2457 EVT=DMA_COMPLETED ERR=0
CYC=2459 EVT=PROT_COMMIT SRC=DMA ADDR=0x20000100 DATA=0xa11d00c5
CYC=2465 EVT=DMA_ADMITTED RID=0x01 ADDR=0x20000100 WDATA=0xa11d00c5 WRITE=1
CYC=2468 EVT=DMA_TARGET_ACCEPTED ADDR=0x20000100
CYC=2470 EVT=PROT_COMMIT SRC=DMA ADDR=0x20000100 DATA=0xa11d00c5
CYC=2471 EVT=PROT_COMMIT SRC=DMA ADDR=0x20000100 DATA=0xa11d00c5
CYC=2472 EVT=PROT_COMMIT SRC=DMA ADDR=0x20000100 DATA=0xa11d00c5
CYC=2472 EVT=DMA_COMPLETED ERR=0
CYC=2474 EVT=PROT_COMMIT SRC=DMA ADDR=0x20000100 DATA=0xa11d00c5
CYC=2480 EVT=DMA_ADMITTED RID=0x01 ADDR=0x20000100 WDATA=0xa11d00c5 WRITE=1
CYC=2483 EVT=DMA_TARGET_ACCEPTED ADDR=0x20000100
CYC=2485 EVT=PROT_COMMIT SRC=DMA ADDR=0x20000100 DATA=0xa11d00c5
CYC=2486 EVT=PROT_COMMIT SRC=DMA ADDR=0x20000100 DATA=0xa11d00c5
CYC=2487 EVT=PROT_COMMIT SRC=DMA ADDR=0x20000100 DATA=0xa11d00c5
CYC=2487 EVT=DMA_COMPLETED ERR=0
CYC=2489 EVT=PROT_COMMIT SRC=DMA ADDR=0x20000100 DATA=0xa11d00c5
CYC=2495 EVT=DMA_ADMITTED RID=0x01 ADDR=0x20000100 WDATA=0xa11d00c5 WRITE=1
CYC=2498 EVT=DMA_TARGET_ACCEPTED ADDR=0x20000100
CYC=2500 EVT=PROT_COMMIT SRC=DMA ADDR=0x20000100 DATA=0xa11d00c5
CYC=2501 EVT=PROT_COMMIT SRC=DMA ADDR=0x20000100 DATA=0xa11d00c5
CYC=2502 EVT=PROT_COMMIT SRC=DMA ADDR=0x20000100 DATA=0xa11d00c5
CYC=2502 EVT=DMA_COMPLETED ERR=0
CYC=2504 EVT=PROT_COMMIT SRC=DMA ADDR=0x20000100 DATA=0xa11d00c5
CYC=2510 EVT=DMA_ADMITTED RID=0x01 ADDR=0x20000100 WDATA=0xa11d00c5 WRITE=1
CYC=2513 EVT=DMA_TARGET_ACCEPTED ADDR=0x20000100
CYC=2515 EVT=PROT_COMMIT SRC=DMA ADDR=0x20000100 DATA=0xa11d00c5
CYC=2516 EVT=PROT_COMMIT SRC=DMA ADDR=0x20000100 DATA=0xa11d00c5
CYC=2517 EVT=PROT_COMMIT SRC=DMA ADDR=0x20000100 DATA=0xa11d00c5
CYC=2517 EVT=DMA_COMPLETED ERR=0
CYC=2519 EVT=PROT_COMMIT SRC=DMA ADDR=0x20000100 DATA=0xa11d00c5
CYC=2525 EVT=DMA_ADMITTED RID=0x01 ADDR=0x20000100 WDATA=0xa11d00c5 WRITE=1
CYC=2528 EVT=DMA_TARGET_ACCEPTED ADDR=0x20000100
CYC=2530 EVT=PROT_COMMIT SRC=DMA ADDR=0x20000100 DATA=0xa11d00c5
CYC=2531 EVT=PROT_COMMIT SRC=DMA ADDR=0x20000100 DATA=0xa11d00c5
CYC=2532 EVT=PROT_COMMIT SRC=DMA ADDR=0x20000100 DATA=0xa11d00c5
CYC=2532 EVT=DMA_COMPLETED ERR=0
CYC=2534 EVT=PROT_COMMIT SRC=DMA ADDR=0x20000100 DATA=0xa11d00c5
CYC=2540 EVT=DMA_ADMITTED RID=0x01 ADDR=0x20000100 WDATA=0xa11d00c5 WRITE=1
CYC=2543 EVT=DMA_TARGET_ACCEPTED ADDR=0x20000100
CYC=2545 EVT=PROT_COMMIT SRC=DMA ADDR=0x20000100 DATA=0xa11d00c5
CYC=2546 EVT=PROT_COMMIT SRC=DMA ADDR=0x20000100 DATA=0xa11d00c5
CYC=2547 EVT=PROT_COMMIT SRC=DMA ADDR=0x20000100 DATA=0xa11d00c5
CYC=2547 EVT=DMA_COMPLETED ERR=0
CYC=2549 EVT=PROT_COMMIT SRC=DMA ADDR=0x20000100 DATA=0xa11d00c5
CYC=2555 EVT=DMA_ADMITTED RID=0x01 ADDR=0x20000100 WDATA=0xa11d00c5 WRITE=1
CYC=2558 EVT=DMA_TARGET_ACCEPTED ADDR=0x20000100
CYC=2560 EVT=PROT_COMMIT SRC=DMA ADDR=0x20000100 DATA=0xa11d00c5
CYC=2561 EVT=PROT_COMMIT SRC=DMA ADDR=0x20000100 DATA=0xa11d00c5
CYC=2562 EVT=PROT_COMMIT SRC=DMA ADDR=0x20000100 DATA=0xa11d00c5
CYC=2562 EVT=DMA_COMPLETED ERR=0
CYC=2564 EVT=PROT_COMMIT SRC=DMA ADDR=0x20000100 DATA=0xa11d00c5
CYC=2570 EVT=DMA_ADMITTED RID=0x01 ADDR=0x20000100 WDATA=0xa11d00c5 WRITE=1
CYC=2573 EVT=DMA_TARGET_ACCEPTED ADDR=0x20000100
CYC=2575 EVT=PROT_COMMIT SRC=DMA ADDR=0x20000100 DATA=0xa11d00c5
CYC=2576 EVT=PROT_COMMIT SRC=DMA ADDR=0x20000100 DATA=0xa11d00c5
CYC=2577 EVT=PROT_COMMIT SRC=DMA ADDR=0x20000100 DATA=0xa11d00c5
CYC=2577 EVT=DMA_COMPLETED ERR=0
CYC=2579 EVT=PROT_COMMIT SRC=DMA ADDR=0x20000100 DATA=0xa11d00c5
CYC=2585 EVT=DMA_ADMITTED RID=0x01 ADDR=0x20000100 WDATA=0xa11d00c5 WRITE=1
CYC=2588 EVT=DMA_TARGET_ACCEPTED ADDR=0x20000100
CYC=2590 EVT=PROT_COMMIT SRC=DMA ADDR=0x20000100 DATA=0xa11d00c5
CYC=2591 EVT=PROT_COMMIT SRC=DMA ADDR=0x20000100 DATA=0xa11d00c5
CYC=2592 EVT=PROT_COMMIT SRC=DMA ADDR=0x20000100 DATA=0xa11d00c5
CYC=2592 EVT=DMA_COMPLETED ERR=0
CYC=2594 EVT=PROT_COMMIT SRC=DMA ADDR=0x20000100 DATA=0xa11d00c5
CYC=2600 EVT=DMA_ADMITTED RID=0x01 ADDR=0x20000100 WDATA=0xa11d00c5 WRITE=1
CYC=2603 EVT=DMA_TARGET_ACCEPTED ADDR=0x20000100
CYC=2605 EVT=PROT_COMMIT SRC=DMA ADDR=0x20000100 DATA=0xa11d00c5
CYC=2606 EVT=PROT_COMMIT SRC=DMA ADDR=0x20000100 DATA=0xa11d00c5
CYC=2607 EVT=PROT_COMMIT SRC=DMA ADDR=0x20000100 DATA=0xa11d00c5
CYC=2607 EVT=DMA_COMPLETED ERR=0
CYC=2609 EVT=PROT_COMMIT SRC=DMA ADDR=0x20000100 DATA=0xa11d00c5
CYC=2615 EVT=DMA_ADMITTED RID=0x01 ADDR=0x20000100 WDATA=0xa11d00c5 WRITE=1
CYC=2618 EVT=DMA_TARGET_ACCEPTED ADDR=0x20000100
CYC=2620 EVT=PROT_COMMIT SRC=DMA ADDR=0x20000100 DATA=0xa11d00c5
CYC=2621 EVT=PROT_COMMIT SRC=DMA ADDR=0x20000100 DATA=0xa11d00c5
CYC=2622 EVT=PROT_COMMIT SRC=DMA ADDR=0x20000100 DATA=0xa11d00c5
CYC=2622 EVT=DMA_COMPLETED ERR=0
CYC=2624 EVT=PROT_COMMIT SRC=DMA ADDR=0x20000100 DATA=0xa11d00c5
CYC=2630 EVT=DMA_ADMITTED RID=0x01 ADDR=0x20000100 WDATA=0xa11d00c5 WRITE=1
CYC=2633 EVT=DMA_TARGET_ACCEPTED ADDR=0x20000100
CYC=2635 EVT=PROT_COMMIT SRC=DMA ADDR=0x20000100 DATA=0xa11d00c5
CYC=2636 EVT=PROT_COMMIT SRC=DMA ADDR=0x20000100 DATA=0xa11d00c5
CYC=2637 EVT=PROT_COMMIT SRC=DMA ADDR=0x20000100 DATA=0xa11d00c5
CYC=2637 EVT=DMA_COMPLETED ERR=0
CYC=2639 EVT=PROT_COMMIT SRC=DMA ADDR=0x20000100 DATA=0xa11d00c5
CYC=2645 EVT=DMA_ADMITTED RID=0x01 ADDR=0x20000100 WDATA=0xa11d00c5 WRITE=1
CYC=2648 EVT=DMA_TARGET_ACCEPTED ADDR=0x20000100
CYC=2650 EVT=PROT_COMMIT SRC=DMA ADDR=0x20000100 DATA=0xa11d00c5
CYC=2651 EVT=PROT_COMMIT SRC=DMA ADDR=0x20000100 DATA=0xa11d00c5
CYC=2652 EVT=PROT_COMMIT SRC=DMA ADDR=0x20000100 DATA=0xa11d00c5
CYC=2652 EVT=DMA_COMPLETED ERR=0
CYC=2654 EVT=PROT_COMMIT SRC=DMA ADDR=0x20000100 DATA=0xa11d00c5
CYC=2660 EVT=DMA_ADMITTED RID=0x01 ADDR=0x20000100 WDATA=0xa11d00c5 WRITE=1
CYC=2663 EVT=DMA_TARGET_ACCEPTED ADDR=0x20000100
CYC=2665 EVT=PROT_COMMIT SRC=DMA ADDR=0x20000100 DATA=0xa11d00c5
CYC=2666 EVT=PROT_COMMIT SRC=DMA ADDR=0x20000100 DATA=0xa11d00c5
CYC=2667 EVT=PROT_COMMIT SRC=DMA ADDR=0x20000100 DATA=0xa11d00c5
CYC=2667 EVT=DMA_COMPLETED ERR=0
CYC=2669 EVT=PROT_COMMIT SRC=DMA ADDR=0x20000100 DATA=0xa11d00c5
CYC=2675 EVT=DMA_ADMITTED RID=0x01 ADDR=0x20000100 WDATA=0xa11d00c5 WRITE=1
CYC=2678 EVT=DMA_TARGET_ACCEPTED ADDR=0x20000100
CYC=2680 EVT=PROT_COMMIT SRC=DMA ADDR=0x20000100 DATA=0xa11d00c5
CYC=2681 EVT=PROT_COMMIT SRC=DMA ADDR=0x20000100 DATA=0xa11d00c5
CYC=2682 EVT=PROT_COMMIT SRC=DMA ADDR=0x20000100 DATA=0xa11d00c5
CYC=2682 EVT=DMA_COMPLETED ERR=0
CYC=2684 EVT=PROT_COMMIT SRC=DMA ADDR=0x20000100 DATA=0xa11d00c5
CYC=2690 EVT=DMA_ADMITTED RID=0x01 ADDR=0x20000100 WDATA=0xa11d00c5 WRITE=1
CYC=2693 EVT=DMA_TARGET_ACCEPTED ADDR=0x20000100
CYC=2695 EVT=PROT_COMMIT SRC=DMA ADDR=0x20000100 DATA=0xa11d00c5
CYC=2696 EVT=PROT_COMMIT SRC=DMA ADDR=0x20000100 DATA=0xa11d00c5
CYC=2697 EVT=PROT_COMMIT SRC=DMA ADDR=0x20000100 DATA=0xa11d00c5
CYC=2697 EVT=DMA_COMPLETED ERR=0
CYC=2699 EVT=PROT_COMMIT SRC=DMA ADDR=0x20000100 DATA=0xa11d00c5
CYC=2705 EVT=DMA_ADMITTED RID=0x01 ADDR=0x20000100 WDATA=0xa11d00c5 WRITE=1
CYC=2708 EVT=DMA_TARGET_ACCEPTED ADDR=0x20000100
CYC=2710 EVT=PROT_COMMIT SRC=DMA ADDR=0x20000100 DATA=0xa11d00c5
CYC=2711 EVT=PROT_COMMIT SRC=DMA ADDR=0x20000100 DATA=0xa11d00c5
CYC=2712 EVT=PROT_COMMIT SRC=DMA ADDR=0x20000100 DATA=0xa11d00c5
CYC=2712 EVT=DMA_COMPLETED ERR=0
CYC=2714 EVT=PROT_COMMIT SRC=DMA ADDR=0x20000100 DATA=0xa11d00c5
CYC=2720 EVT=DMA_ADMITTED RID=0x01 ADDR=0x20000100 WDATA=0xa11d00c5 WRITE=1
CYC=2723 EVT=DMA_TARGET_ACCEPTED ADDR=0x20000100
CYC=2725 EVT=PROT_COMMIT SRC=DMA ADDR=0x20000100 DATA=0xa11d00c5
CYC=2726 EVT=PROT_COMMIT SRC=DMA ADDR=0x20000100 DATA=0xa11d00c5
CYC=2727 EVT=PROT_COMMIT SRC=DMA ADDR=0x20000100 DATA=0xa11d00c5
CYC=2727 EVT=DMA_COMPLETED ERR=0
CYC=2729 EVT=PROT_COMMIT SRC=DMA ADDR=0x20000100 DATA=0xa11d00c5
CYC=2735 EVT=DMA_ADMITTED RID=0x01 ADDR=0x20000100 WDATA=0xa11d00c5 WRITE=1
CYC=2738 EVT=DMA_TARGET_ACCEPTED ADDR=0x20000100
CYC=2740 EVT=PROT_COMMIT SRC=DMA ADDR=0x20000100 DATA=0xa11d00c5
CYC=2741 EVT=PROT_COMMIT SRC=DMA ADDR=0x20000100 DATA=0xa11d00c5
CYC=2742 EVT=PROT_COMMIT SRC=DMA ADDR=0x20000100 DATA=0xa11d00c5
CYC=2742 EVT=DMA_COMPLETED ERR=0
CYC=2744 EVT=PROT_COMMIT SRC=DMA ADDR=0x20000100 DATA=0xa11d00c5
CYC=2750 EVT=DMA_ADMITTED RID=0x01 ADDR=0x20000100 WDATA=0xa11d00c5 WRITE=1
CYC=2753 EVT=DMA_TARGET_ACCEPTED ADDR=0x20000100
CYC=2755 EVT=PROT_COMMIT SRC=DMA ADDR=0x20000100 DATA=0xa11d00c5
CYC=2756 EVT=PROT_COMMIT SRC=DMA ADDR=0x20000100 DATA=0xa11d00c5
CYC=2757 EVT=PROT_COMMIT SRC=DMA ADDR=0x20000100 DATA=0xa11d00c5
CYC=2757 EVT=DMA_COMPLETED ERR=0
CYC=2759 EVT=PROT_COMMIT SRC=DMA ADDR=0x20000100 DATA=0xa11d00c5
CYC=2765 EVT=DMA_ADMITTED RID=0x01 ADDR=0x20000100 WDATA=0xa11d00c5 WRITE=1
CYC=2768 EVT=DMA_TARGET_ACCEPTED ADDR=0x20000100
CYC=2770 EVT=PROT_COMMIT SRC=DMA ADDR=0x20000100 DATA=0xa11d00c5
CYC=2771 EVT=PROT_COMMIT SRC=DMA ADDR=0x20000100 DATA=0xa11d00c5
CYC=2772 EVT=PROT_COMMIT SRC=DMA ADDR=0x20000100 DATA=0xa11d00c5
CYC=2772 EVT=DMA_COMPLETED ERR=0
CYC=2774 EVT=PROT_COMMIT SRC=DMA ADDR=0x20000100 DATA=0xa11d00c5
CYC=2780 EVT=DMA_ADMITTED RID=0x01 ADDR=0x20000100 WDATA=0xa11d00c5 WRITE=1
CYC=2783 EVT=DMA_TARGET_ACCEPTED ADDR=0x20000100
CYC=2785 EVT=PROT_COMMIT SRC=DMA ADDR=0x20000100 DATA=0xa11d00c5
CYC=2786 EVT=PROT_COMMIT SRC=DMA ADDR=0x20000100 DATA=0xa11d00c5
CYC=2787 EVT=PROT_COMMIT SRC=DMA ADDR=0x20000100 DATA=0xa11d00c5
CYC=2787 EVT=DMA_COMPLETED ERR=0
CYC=2789 EVT=PROT_COMMIT SRC=DMA ADDR=0x20000100 DATA=0xa11d00c5
CYC=2795 EVT=DMA_ADMITTED RID=0x01 ADDR=0x20000100 WDATA=0xa11d00c5 WRITE=1
CYC=2798 EVT=DMA_TARGET_ACCEPTED ADDR=0x20000100
CYC=2800 EVT=PROT_COMMIT SRC=DMA ADDR=0x20000100 DATA=0xa11d00c5
CYC=2801 EVT=PROT_COMMIT SRC=DMA ADDR=0x20000100 DATA=0xa11d00c5
CYC=2802 EVT=PROT_COMMIT SRC=DMA ADDR=0x20000100 DATA=0xa11d00c5
CYC=2802 EVT=DMA_COMPLETED ERR=0
CYC=2804 EVT=PROT_COMMIT SRC=DMA ADDR=0x20000100 DATA=0xa11d00c5
CYC=2810 EVT=DMA_ADMITTED RID=0x01 ADDR=0x20000100 WDATA=0xa11d00c5 WRITE=1
CYC=2813 EVT=DMA_TARGET_ACCEPTED ADDR=0x20000100
CYC=2815 EVT=PROT_COMMIT SRC=DMA ADDR=0x20000100 DATA=0xa11d00c5
CYC=2816 EVT=PROT_COMMIT SRC=DMA ADDR=0x20000100 DATA=0xa11d00c5
CYC=2817 EVT=PROT_COMMIT SRC=DMA ADDR=0x20000100 DATA=0xa11d00c5
CYC=2817 EVT=DMA_COMPLETED ERR=0
CYC=2819 EVT=PROT_COMMIT SRC=DMA ADDR=0x20000100 DATA=0xa11d00c5
CYC=2825 EVT=DMA_ADMITTED RID=0x01 ADDR=0x20000100 WDATA=0xa11d00c5 WRITE=1
CYC=2828 EVT=DMA_TARGET_ACCEPTED ADDR=0x20000100
CYC=2830 EVT=PROT_COMMIT SRC=DMA ADDR=0x20000100 DATA=0xa11d00c5
CYC=2831 EVT=PROT_COMMIT SRC=DMA ADDR=0x20000100 DATA=0xa11d00c5
CYC=2832 EVT=PROT_COMMIT SRC=DMA ADDR=0x20000100 DATA=0xa11d00c5
CYC=2832 EVT=DMA_COMPLETED ERR=0
CYC=2834 EVT=PROT_COMMIT SRC=DMA ADDR=0x20000100 DATA=0xa11d00c5
CYC=2840 EVT=DMA_ADMITTED RID=0x01 ADDR=0x20000100 WDATA=0xa11d00c5 WRITE=1
CYC=2843 EVT=DMA_TARGET_ACCEPTED ADDR=0x20000100
CYC=2845 EVT=PROT_COMMIT SRC=DMA ADDR=0x20000100 DATA=0xa11d00c5
CYC=2846 EVT=PROT_COMMIT SRC=DMA ADDR=0x20000100 DATA=0xa11d00c5
CYC=2847 EVT=PROT_COMMIT SRC=DMA ADDR=0x20000100 DATA=0xa11d00c5
CYC=2847 EVT=DMA_COMPLETED ERR=0
CYC=2849 EVT=PROT_COMMIT SRC=DMA ADDR=0x20000100 DATA=0xa11d00c5
CYC=2855 EVT=DMA_ADMITTED RID=0x01 ADDR=0x20000100 WDATA=0xa11d00c5 WRITE=1
CYC=2858 EVT=DMA_TARGET_ACCEPTED ADDR=0x20000100
CYC=2860 EVT=PROT_COMMIT SRC=DMA ADDR=0x20000100 DATA=0xa11d00c5
CYC=2861 EVT=PROT_COMMIT SRC=DMA ADDR=0x20000100 DATA=0xa11d00c5
CYC=2862 EVT=PROT_COMMIT SRC=DMA ADDR=0x20000100 DATA=0xa11d00c5
CYC=2862 EVT=DMA_COMPLETED ERR=0
CYC=2864 EVT=PROT_COMMIT SRC=DMA ADDR=0x20000100 DATA=0xa11d00c5
CYC=2870 EVT=DMA_ADMITTED RID=0x01 ADDR=0x20000100 WDATA=0xa11d00c5 WRITE=1
CYC=2873 EVT=DMA_TARGET_ACCEPTED ADDR=0x20000100
CYC=2875 EVT=PROT_COMMIT SRC=DMA ADDR=0x20000100 DATA=0xa11d00c5
CYC=2876 EVT=PROT_COMMIT SRC=DMA ADDR=0x20000100 DATA=0xa11d00c5
CYC=2877 EVT=PROT_COMMIT SRC=DMA ADDR=0x20000100 DATA=0xa11d00c5
CYC=2877 EVT=DMA_COMPLETED ERR=0
CYC=2879 EVT=PROT_COMMIT SRC=DMA ADDR=0x20000100 DATA=0xa11d00c5
CYC=2885 EVT=DMA_ADMITTED RID=0x01 ADDR=0x20000100 WDATA=0xa11d00c5 WRITE=1
CYC=2888 EVT=DMA_TARGET_ACCEPTED ADDR=0x20000100
CYC=2890 EVT=PROT_COMMIT SRC=DMA ADDR=0x20000100 DATA=0xa11d00c5
CYC=2891 EVT=PROT_COMMIT SRC=DMA ADDR=0x20000100 DATA=0xa11d00c5
CYC=2892 EVT=PROT_COMMIT SRC=DMA ADDR=0x20000100 DATA=0xa11d00c5
CYC=2892 EVT=DMA_COMPLETED ERR=0
CYC=2894 EVT=PROT_COMMIT SRC=DMA ADDR=0x20000100 DATA=0xa11d00c5
CYC=2900 EVT=DMA_ADMITTED RID=0x01 ADDR=0x20000100 WDATA=0xa11d00c5 WRITE=1
CYC=2903 EVT=DMA_TARGET_ACCEPTED ADDR=0x20000100
CYC=2905 EVT=PROT_COMMIT SRC=DMA ADDR=0x20000100 DATA=0xa11d00c5
CYC=2906 EVT=PROT_COMMIT SRC=DMA ADDR=0x20000100 DATA=0xa11d00c5
CYC=2907 EVT=PROT_COMMIT SRC=DMA ADDR=0x20000100 DATA=0xa11d00c5
CYC=2907 EVT=DMA_COMPLETED ERR=0
CYC=2909 EVT=PROT_COMMIT SRC=DMA ADDR=0x20000100 DATA=0xa11d00c5
CYC=2915 EVT=DMA_ADMITTED RID=0x01 ADDR=0x20000100 WDATA=0xa11d00c5 WRITE=1
CYC=2918 EVT=DMA_TARGET_ACCEPTED ADDR=0x20000100
CYC=2920 EVT=PROT_COMMIT SRC=DMA ADDR=0x20000100 DATA=0xa11d00c5
CYC=2921 EVT=PROT_COMMIT SRC=DMA ADDR=0x20000100 DATA=0xa11d00c5
CYC=2922 EVT=PROT_COMMIT SRC=DMA ADDR=0x20000100 DATA=0xa11d00c5
CYC=2922 EVT=DMA_COMPLETED ERR=0
CYC=2924 EVT=PROT_COMMIT SRC=DMA ADDR=0x20000100 DATA=0xa11d00c5
CYC=2930 EVT=DMA_ADMITTED RID=0x01 ADDR=0x20000100 WDATA=0xa11d00c5 WRITE=1
CYC=2933 EVT=DMA_TARGET_ACCEPTED ADDR=0x20000100
CYC=2935 EVT=PROT_COMMIT SRC=DMA ADDR=0x20000100 DATA=0xa11d00c5
CYC=2936 EVT=PROT_COMMIT SRC=DMA ADDR=0x20000100 DATA=0xa11d00c5
CYC=2937 EVT=PROT_COMMIT SRC=DMA ADDR=0x20000100 DATA=0xa11d00c5
CYC=2937 EVT=DMA_COMPLETED ERR=0
CYC=2939 EVT=PROT_COMMIT SRC=DMA ADDR=0x20000100 DATA=0xa11d00c5
CYC=2945 EVT=DMA_ADMITTED RID=0x01 ADDR=0x20000100 WDATA=0xa11d00c5 WRITE=1
CYC=2948 EVT=DMA_TARGET_ACCEPTED ADDR=0x20000100
CYC=2950 EVT=PROT_COMMIT SRC=DMA ADDR=0x20000100 DATA=0xa11d00c5
CYC=2951 EVT=PROT_COMMIT SRC=DMA ADDR=0x20000100 DATA=0xa11d00c5
CYC=2952 EVT=PROT_COMMIT SRC=DMA ADDR=0x20000100 DATA=0xa11d00c5
CYC=2952 EVT=DMA_COMPLETED ERR=0
CYC=2954 EVT=PROT_COMMIT SRC=DMA ADDR=0x20000100 DATA=0xa11d00c5
CYC=2960 EVT=DMA_ADMITTED RID=0x01 ADDR=0x20000100 WDATA=0xa11d00c5 WRITE=1
CYC=2963 EVT=DMA_TARGET_ACCEPTED ADDR=0x20000100
CYC=2965 EVT=PROT_COMMIT SRC=DMA ADDR=0x20000100 DATA=0xa11d00c5
CYC=2966 EVT=PROT_COMMIT SRC=DMA ADDR=0x20000100 DATA=0xa11d00c5
CYC=2967 EVT=PROT_COMMIT SRC=DMA ADDR=0x20000100 DATA=0xa11d00c5
CYC=2967 EVT=DMA_COMPLETED ERR=0
CYC=2969 EVT=PROT_COMMIT SRC=DMA ADDR=0x20000100 DATA=0xa11d00c5
CYC=2975 EVT=DMA_ADMITTED RID=0x01 ADDR=0x20000100 WDATA=0xa11d00c5 WRITE=1
CYC=2978 EVT=DMA_TARGET_ACCEPTED ADDR=0x20000100
CYC=2980 EVT=PROT_COMMIT SRC=DMA ADDR=0x20000100 DATA=0xa11d00c5
CYC=2981 EVT=PROT_COMMIT SRC=DMA ADDR=0x20000100 DATA=0xa11d00c5
CYC=2982 EVT=PROT_COMMIT SRC=DMA ADDR=0x20000100 DATA=0xa11d00c5
CYC=2982 EVT=DMA_COMPLETED ERR=0
CYC=2984 EVT=PROT_COMMIT SRC=DMA ADDR=0x20000100 DATA=0xa11d00c5
CYC=2990 EVT=DMA_ADMITTED RID=0x01 ADDR=0x20000100 WDATA=0xa11d00c5 WRITE=1
CYC=2993 EVT=DMA_TARGET_ACCEPTED ADDR=0x20000100
CYC=2995 EVT=PROT_COMMIT SRC=DMA ADDR=0x20000100 DATA=0xa11d00c5
CYC=2996 EVT=PROT_COMMIT SRC=DMA ADDR=0x20000100 DATA=0xa11d00c5
CYC=2997 EVT=PROT_COMMIT SRC=DMA ADDR=0x20000100 DATA=0xa11d00c5
CYC=2997 EVT=DMA_COMPLETED ERR=0
CYC=2999 EVT=PROT_COMMIT SRC=DMA ADDR=0x20000100 DATA=0xa11d00c5
CYC=3005 EVT=DMA_ADMITTED RID=0x01 ADDR=0x20000100 WDATA=0xa11d00c5 WRITE=1
CYC=3008 EVT=DMA_TARGET_ACCEPTED ADDR=0x20000100
CYC=3010 EVT=PROT_COMMIT SRC=DMA ADDR=0x20000100 DATA=0xa11d00c5
CYC=3011 EVT=PROT_COMMIT SRC=DMA ADDR=0x20000100 DATA=0xa11d00c5
CYC=3012 EVT=PROT_COMMIT SRC=DMA ADDR=0x20000100 DATA=0xa11d00c5
CYC=3012 EVT=DMA_COMPLETED ERR=0
CYC=3014 EVT=PROT_COMMIT SRC=DMA ADDR=0x20000100 DATA=0xa11d00c5
CYC=3020 EVT=DMA_ADMITTED RID=0x01 ADDR=0x20000100 WDATA=0xa11d00c5 WRITE=1
CYC=3023 EVT=DMA_TARGET_ACCEPTED ADDR=0x20000100
CYC=3025 EVT=PROT_COMMIT SRC=DMA ADDR=0x20000100 DATA=0xa11d00c5
CYC=3026 EVT=PROT_COMMIT SRC=DMA ADDR=0x20000100 DATA=0xa11d00c5
CYC=3027 EVT=PROT_COMMIT SRC=DMA ADDR=0x20000100 DATA=0xa11d00c5
CYC=3027 EVT=DMA_COMPLETED ERR=0
CYC=3029 EVT=PROT_COMMIT SRC=DMA ADDR=0x20000100 DATA=0xa11d00c5
CYC=3035 EVT=DMA_ADMITTED RID=0x01 ADDR=0x20000100 WDATA=0xa11d00c5 WRITE=1
CYC=3038 EVT=DMA_TARGET_ACCEPTED ADDR=0x20000100
CYC=3040 EVT=PROT_COMMIT SRC=DMA ADDR=0x20000100 DATA=0xa11d00c5
CYC=3041 EVT=PROT_COMMIT SRC=DMA ADDR=0x20000100 DATA=0xa11d00c5
CYC=3042 EVT=PROT_COMMIT SRC=DMA ADDR=0x20000100 DATA=0xa11d00c5
CYC=3042 EVT=DMA_COMPLETED ERR=0
CYC=3044 EVT=PROT_COMMIT SRC=DMA ADDR=0x20000100 DATA=0xa11d00c5
CYC=3050 EVT=DMA_ADMITTED RID=0x01 ADDR=0x20000100 WDATA=0xa11d00c5 WRITE=1
CYC=3053 EVT=DMA_TARGET_ACCEPTED ADDR=0x20000100
CYC=3055 EVT=PROT_COMMIT SRC=DMA ADDR=0x20000100 DATA=0xa11d00c5
CYC=3056 EVT=PROT_COMMIT SRC=DMA ADDR=0x20000100 DATA=0xa11d00c5
CYC=3057 EVT=PROT_COMMIT SRC=DMA ADDR=0x20000100 DATA=0xa11d00c5
CYC=3057 EVT=DMA_COMPLETED ERR=0
CYC=3059 EVT=PROT_COMMIT SRC=DMA ADDR=0x20000100 DATA=0xa11d00c5
CYC=3065 EVT=DMA_ADMITTED RID=0x01 ADDR=0x20000100 WDATA=0xa11d00c5 WRITE=1
CYC=3068 EVT=DMA_TARGET_ACCEPTED ADDR=0x20000100
CYC=3070 EVT=PROT_COMMIT SRC=DMA ADDR=0x20000100 DATA=0xa11d00c5
CYC=3071 EVT=PROT_COMMIT SRC=DMA ADDR=0x20000100 DATA=0xa11d00c5
CYC=3072 EVT=PROT_COMMIT SRC=DMA ADDR=0x20000100 DATA=0xa11d00c5
CYC=3072 EVT=DMA_COMPLETED ERR=0
CYC=3074 EVT=PROT_COMMIT SRC=DMA ADDR=0x20000100 DATA=0xa11d00c5
CYC=3080 EVT=DMA_ADMITTED RID=0x01 ADDR=0x20000100 WDATA=0xa11d00c5 WRITE=1
CYC=3083 EVT=DMA_TARGET_ACCEPTED ADDR=0x20000100
CYC=3085 EVT=PROT_COMMIT SRC=DMA ADDR=0x20000100 DATA=0xa11d00c5
CYC=3086 EVT=PROT_COMMIT SRC=DMA ADDR=0x20000100 DATA=0xa11d00c5
CYC=3087 EVT=PROT_COMMIT SRC=DMA ADDR=0x20000100 DATA=0xa11d00c5
CYC=3087 EVT=DMA_COMPLETED ERR=0
CYC=3089 EVT=PROT_COMMIT SRC=DMA ADDR=0x20000100 DATA=0xa11d00c5
CYC=3095 EVT=DMA_ADMITTED RID=0x01 ADDR=0x20000100 WDATA=0xa11d00c5 WRITE=1
CYC=3098 EVT=DMA_TARGET_ACCEPTED ADDR=0x20000100
CYC=3100 EVT=PROT_COMMIT SRC=DMA ADDR=0x20000100 DATA=0xa11d00c5
CYC=3101 EVT=PROT_COMMIT SRC=DMA ADDR=0x20000100 DATA=0xa11d00c5
CYC=3102 EVT=PROT_COMMIT SRC=DMA ADDR=0x20000100 DATA=0xa11d00c5
CYC=3102 EVT=DMA_COMPLETED ERR=0
CYC=3104 EVT=PROT_COMMIT SRC=DMA ADDR=0x20000100 DATA=0xa11d00c5
CYC=3110 EVT=DMA_ADMITTED RID=0x01 ADDR=0x20000100 WDATA=0xa11d00c5 WRITE=1
CYC=3113 EVT=DMA_TARGET_ACCEPTED ADDR=0x20000100
CYC=3115 EVT=PROT_COMMIT SRC=DMA ADDR=0x20000100 DATA=0xa11d00c5
CYC=3116 EVT=PROT_COMMIT SRC=DMA ADDR=0x20000100 DATA=0xa11d00c5
CYC=3117 EVT=PROT_COMMIT SRC=DMA ADDR=0x20000100 DATA=0xa11d00c5
CYC=3117 EVT=DMA_COMPLETED ERR=0
CYC=3119 EVT=PROT_COMMIT SRC=DMA ADDR=0x20000100 DATA=0xa11d00c5
CYC=3125 EVT=DMA_ADMITTED RID=0x01 ADDR=0x20000100 WDATA=0xa11d00c5 WRITE=1
CYC=3128 EVT=DMA_TARGET_ACCEPTED ADDR=0x20000100
CYC=3130 EVT=PROT_COMMIT SRC=DMA ADDR=0x20000100 DATA=0xa11d00c5
CYC=3131 EVT=PROT_COMMIT SRC=DMA ADDR=0x20000100 DATA=0xa11d00c5
CYC=3132 EVT=PROT_COMMIT SRC=DMA ADDR=0x20000100 DATA=0xa11d00c5
CYC=3132 EVT=DMA_COMPLETED ERR=0
CYC=3134 EVT=PROT_COMMIT SRC=DMA ADDR=0x20000100 DATA=0xa11d00c5
CYC=3140 EVT=DMA_ADMITTED RID=0x01 ADDR=0x20000100 WDATA=0xa11d00c5 WRITE=1
CYC=3143 EVT=DMA_TARGET_ACCEPTED ADDR=0x20000100
CYC=3145 EVT=PROT_COMMIT SRC=DMA ADDR=0x20000100 DATA=0xa11d00c5
CYC=3146 EVT=PROT_COMMIT SRC=DMA ADDR=0x20000100 DATA=0xa11d00c5
CYC=3147 EVT=PROT_COMMIT SRC=DMA ADDR=0x20000100 DATA=0xa11d00c5
CYC=3147 EVT=DMA_COMPLETED ERR=0
CYC=3149 EVT=PROT_COMMIT SRC=DMA ADDR=0x20000100 DATA=0xa11d00c5
CYC=3155 EVT=DMA_ADMITTED RID=0x01 ADDR=0x20000100 WDATA=0xa11d00c5 WRITE=1
CYC=3158 EVT=DMA_TARGET_ACCEPTED ADDR=0x20000100
CYC=3160 EVT=PROT_COMMIT SRC=DMA ADDR=0x20000100 DATA=0xa11d00c5
CYC=3161 EVT=PROT_COMMIT SRC=DMA ADDR=0x20000100 DATA=0xa11d00c5
CYC=3162 EVT=PROT_COMMIT SRC=DMA ADDR=0x20000100 DATA=0xa11d00c5
CYC=3162 EVT=DMA_COMPLETED ERR=0
CYC=3164 EVT=PROT_COMMIT SRC=DMA ADDR=0x20000100 DATA=0xa11d00c5
CYC=3170 EVT=DMA_ADMITTED RID=0x01 ADDR=0x20000100 WDATA=0xa11d00c5 WRITE=1
CYC=3173 EVT=DMA_TARGET_ACCEPTED ADDR=0x20000100
CYC=3175 EVT=PROT_COMMIT SRC=DMA ADDR=0x20000100 DATA=0xa11d00c5
CYC=3176 EVT=PROT_COMMIT SRC=DMA ADDR=0x20000100 DATA=0xa11d00c5
CYC=3177 EVT=PROT_COMMIT SRC=DMA ADDR=0x20000100 DATA=0xa11d00c5
CYC=3177 EVT=DMA_COMPLETED ERR=0
CYC=3179 EVT=PROT_COMMIT SRC=DMA ADDR=0x20000100 DATA=0xa11d00c5
CYC=3185 EVT=DMA_ADMITTED RID=0x01 ADDR=0x20000100 WDATA=0xa11d00c5 WRITE=1
CYC=3188 EVT=DMA_TARGET_ACCEPTED ADDR=0x20000100
CYC=3190 EVT=PROT_COMMIT SRC=DMA ADDR=0x20000100 DATA=0xa11d00c5
CYC=3191 EVT=PROT_COMMIT SRC=DMA ADDR=0x20000100 DATA=0xa11d00c5
CYC=3192 EVT=PROT_COMMIT SRC=DMA ADDR=0x20000100 DATA=0xa11d00c5
CYC=3192 EVT=DMA_COMPLETED ERR=0
CYC=3194 EVT=PROT_COMMIT SRC=DMA ADDR=0x20000100 DATA=0xa11d00c5
CYC=3200 EVT=DMA_ADMITTED RID=0x01 ADDR=0x20000100 WDATA=0xa11d00c5 WRITE=1
CYC=3203 EVT=DMA_TARGET_ACCEPTED ADDR=0x20000100
CYC=3205 EVT=PROT_COMMIT SRC=DMA ADDR=0x20000100 DATA=0xa11d00c5
CYC=3206 EVT=PROT_COMMIT SRC=DMA ADDR=0x20000100 DATA=0xa11d00c5
CYC=3207 EVT=PROT_COMMIT SRC=DMA ADDR=0x20000100 DATA=0xa11d00c5
CYC=3207 EVT=DMA_COMPLETED ERR=0
CYC=3209 EVT=PROT_COMMIT SRC=DMA ADDR=0x20000100 DATA=0xa11d00c5
CYC=3215 EVT=DMA_ADMITTED RID=0x01 ADDR=0x20000100 WDATA=0xa11d00c5 WRITE=1
CYC=3218 EVT=DMA_TARGET_ACCEPTED ADDR=0x20000100
CYC=3220 EVT=PROT_COMMIT SRC=DMA ADDR=0x20000100 DATA=0xa11d00c5
CYC=3221 EVT=PROT_COMMIT SRC=DMA ADDR=0x20000100 DATA=0xa11d00c5
CYC=3222 EVT=PROT_COMMIT SRC=DMA ADDR=0x20000100 DATA=0xa11d00c5
CYC=3222 EVT=DMA_COMPLETED ERR=0
CYC=3224 EVT=PROT_COMMIT SRC=DMA ADDR=0x20000100 DATA=0xa11d00c5
CYC=3230 EVT=DMA_ADMITTED RID=0x01 ADDR=0x20000100 WDATA=0xa11d00c5 WRITE=1
CYC=3233 EVT=DMA_TARGET_ACCEPTED ADDR=0x20000100
CYC=3235 EVT=PROT_COMMIT SRC=DMA ADDR=0x20000100 DATA=0xa11d00c5
CYC=3236 EVT=PROT_COMMIT SRC=DMA ADDR=0x20000100 DATA=0xa11d00c5
CYC=3237 EVT=PROT_COMMIT SRC=DMA ADDR=0x20000100 DATA=0xa11d00c5
CYC=3237 EVT=DMA_COMPLETED ERR=0
CYC=3239 EVT=PROT_COMMIT SRC=DMA ADDR=0x20000100 DATA=0xa11d00c5
CYC=3245 EVT=DMA_ADMITTED RID=0x01 ADDR=0x20000100 WDATA=0xa11d00c5 WRITE=1
CYC=3248 EVT=DMA_TARGET_ACCEPTED ADDR=0x20000100
CYC=3250 EVT=PROT_COMMIT SRC=DMA ADDR=0x20000100 DATA=0xa11d00c5
CYC=3251 EVT=PROT_COMMIT SRC=DMA ADDR=0x20000100 DATA=0xa11d00c5
CYC=3252 EVT=PROT_COMMIT SRC=DMA ADDR=0x20000100 DATA=0xa11d00c5
CYC=3252 EVT=DMA_COMPLETED ERR=0
CYC=3254 EVT=PROT_COMMIT SRC=DMA ADDR=0x20000100 DATA=0xa11d00c5
CYC=3260 EVT=DMA_ADMITTED RID=0x01 ADDR=0x20000100 WDATA=0xa11d00c5 WRITE=1
CYC=3263 EVT=DMA_TARGET_ACCEPTED ADDR=0x20000100
CYC=3265 EVT=PROT_COMMIT SRC=DMA ADDR=0x20000100 DATA=0xa11d00c5
CYC=3266 EVT=PROT_COMMIT SRC=DMA ADDR=0x20000100 DATA=0xa11d00c5
CYC=3267 EVT=PROT_COMMIT SRC=DMA ADDR=0x20000100 DATA=0xa11d00c5
CYC=3267 EVT=DMA_COMPLETED ERR=0
CYC=3269 EVT=PROT_COMMIT SRC=DMA ADDR=0x20000100 DATA=0xa11d00c5
CYC=3275 EVT=DMA_ADMITTED RID=0x01 ADDR=0x20000100 WDATA=0xa11d00c5 WRITE=1
CYC=3278 EVT=DMA_TARGET_ACCEPTED ADDR=0x20000100
CYC=3280 EVT=PROT_COMMIT SRC=DMA ADDR=0x20000100 DATA=0xa11d00c5
CYC=3281 EVT=PROT_COMMIT SRC=DMA ADDR=0x20000100 DATA=0xa11d00c5
CYC=3282 EVT=PROT_COMMIT SRC=DMA ADDR=0x20000100 DATA=0xa11d00c5
CYC=3282 EVT=DMA_COMPLETED ERR=0
CYC=3284 EVT=PROT_COMMIT SRC=DMA ADDR=0x20000100 DATA=0xa11d00c5
CYC=3290 EVT=DMA_ADMITTED RID=0x01 ADDR=0x20000100 WDATA=0xa11d00c5 WRITE=1
CYC=3293 EVT=DMA_TARGET_ACCEPTED ADDR=0x20000100
CYC=3295 EVT=PROT_COMMIT SRC=DMA ADDR=0x20000100 DATA=0xa11d00c5
CYC=3296 EVT=PROT_COMMIT SRC=DMA ADDR=0x20000100 DATA=0xa11d00c5
CYC=3297 EVT=PROT_COMMIT SRC=DMA ADDR=0x20000100 DATA=0xa11d00c5
CYC=3297 EVT=DMA_COMPLETED ERR=0
CYC=3299 EVT=PROT_COMMIT SRC=DMA ADDR=0x20000100 DATA=0xa11d00c5
CYC=3305 EVT=DMA_ADMITTED RID=0x01 ADDR=0x20000100 WDATA=0xa11d00c5 WRITE=1
CYC=3308 EVT=DMA_TARGET_ACCEPTED ADDR=0x20000100
CYC=3310 EVT=PROT_COMMIT SRC=DMA ADDR=0x20000100 DATA=0xa11d00c5
CYC=3311 EVT=PROT_COMMIT SRC=DMA ADDR=0x20000100 DATA=0xa11d00c5
CYC=3312 EVT=PROT_COMMIT SRC=DMA ADDR=0x20000100 DATA=0xa11d00c5
CYC=3312 EVT=DMA_COMPLETED ERR=0
CYC=3314 EVT=PROT_COMMIT SRC=DMA ADDR=0x20000100 DATA=0xa11d00c5
CYC=3320 EVT=DMA_ADMITTED RID=0x01 ADDR=0x20000100 WDATA=0xa11d00c5 WRITE=1
CYC=3323 EVT=DMA_TARGET_ACCEPTED ADDR=0x20000100
CYC=3325 EVT=PROT_COMMIT SRC=DMA ADDR=0x20000100 DATA=0xa11d00c5
CYC=3326 EVT=PROT_COMMIT SRC=DMA ADDR=0x20000100 DATA=0xa11d00c5
CYC=3327 EVT=PROT_COMMIT SRC=DMA ADDR=0x20000100 DATA=0xa11d00c5
CYC=3327 EVT=DMA_COMPLETED ERR=0
CYC=3329 EVT=PROT_COMMIT SRC=DMA ADDR=0x20000100 DATA=0xa11d00c5
CYC=3335 EVT=DMA_ADMITTED RID=0x01 ADDR=0x20000100 WDATA=0xa11d00c5 WRITE=1
CYC=3338 EVT=DMA_TARGET_ACCEPTED ADDR=0x20000100
CYC=3340 EVT=PROT_COMMIT SRC=DMA ADDR=0x20000100 DATA=0xa11d00c5
CYC=3341 EVT=PROT_COMMIT SRC=DMA ADDR=0x20000100 DATA=0xa11d00c5
CYC=3342 EVT=PROT_COMMIT SRC=DMA ADDR=0x20000100 DATA=0xa11d00c5
CYC=3342 EVT=DMA_COMPLETED ERR=0
CYC=3344 EVT=PROT_COMMIT SRC=DMA ADDR=0x20000100 DATA=0xa11d00c5
CYC=3350 EVT=DMA_ADMITTED RID=0x01 ADDR=0x20000100 WDATA=0xa11d00c5 WRITE=1
CYC=3353 EVT=DMA_TARGET_ACCEPTED ADDR=0x20000100
CYC=3355 EVT=PROT_COMMIT SRC=DMA ADDR=0x20000100 DATA=0xa11d00c5
CYC=3356 EVT=PROT_COMMIT SRC=DMA ADDR=0x20000100 DATA=0xa11d00c5
CYC=3357 EVT=PROT_COMMIT SRC=DMA ADDR=0x20000100 DATA=0xa11d00c5
CYC=3357 EVT=DMA_COMPLETED ERR=0
CYC=3359 EVT=PROT_COMMIT SRC=DMA ADDR=0x20000100 DATA=0xa11d00c5
CYC=3365 EVT=DMA_ADMITTED RID=0x01 ADDR=0x20000100 WDATA=0xa11d00c5 WRITE=1
CYC=3368 EVT=DMA_TARGET_ACCEPTED ADDR=0x20000100
CYC=3370 EVT=PROT_COMMIT SRC=DMA ADDR=0x20000100 DATA=0xa11d00c5
CYC=3371 EVT=PROT_COMMIT SRC=DMA ADDR=0x20000100 DATA=0xa11d00c5
CYC=3372 EVT=PROT_COMMIT SRC=DMA ADDR=0x20000100 DATA=0xa11d00c5
CYC=3372 EVT=DMA_COMPLETED ERR=0
CYC=3374 EVT=PROT_COMMIT SRC=DMA ADDR=0x20000100 DATA=0xa11d00c5
CYC=3380 EVT=DMA_ADMITTED RID=0x01 ADDR=0x20000100 WDATA=0xa11d00c5 WRITE=1
CYC=3383 EVT=DMA_TARGET_ACCEPTED ADDR=0x20000100
CYC=3385 EVT=PROT_COMMIT SRC=DMA ADDR=0x20000100 DATA=0xa11d00c5
CYC=3386 EVT=PROT_COMMIT SRC=DMA ADDR=0x20000100 DATA=0xa11d00c5
CYC=3387 EVT=PROT_COMMIT SRC=DMA ADDR=0x20000100 DATA=0xa11d00c5
CYC=3387 EVT=DMA_COMPLETED ERR=0
CYC=3389 EVT=PROT_COMMIT SRC=DMA ADDR=0x20000100 DATA=0xa11d00c5
CYC=3395 EVT=DMA_ADMITTED RID=0x01 ADDR=0x20000100 WDATA=0xa11d00c5 WRITE=1
CYC=3398 EVT=DMA_TARGET_ACCEPTED ADDR=0x20000100
CYC=3400 EVT=PROT_COMMIT SRC=DMA ADDR=0x20000100 DATA=0xa11d00c5
CYC=3401 EVT=PROT_COMMIT SRC=DMA ADDR=0x20000100 DATA=0xa11d00c5
CYC=3402 EVT=PROT_COMMIT SRC=DMA ADDR=0x20000100 DATA=0xa11d00c5
CYC=3402 EVT=DMA_COMPLETED ERR=0
CYC=3404 EVT=PROT_COMMIT SRC=DMA ADDR=0x20000100 DATA=0xa11d00c5
CYC=3410 EVT=DMA_ADMITTED RID=0x01 ADDR=0x20000100 WDATA=0xa11d00c5 WRITE=1
CYC=3413 EVT=DMA_TARGET_ACCEPTED ADDR=0x20000100
CYC=3415 EVT=PROT_COMMIT SRC=DMA ADDR=0x20000100 DATA=0xa11d00c5
CYC=3416 EVT=PROT_COMMIT SRC=DMA ADDR=0x20000100 DATA=0xa11d00c5
CYC=3417 EVT=PROT_COMMIT SRC=DMA ADDR=0x20000100 DATA=0xa11d00c5
CYC=3417 EVT=DMA_COMPLETED ERR=0
CYC=3419 EVT=PROT_COMMIT SRC=DMA ADDR=0x20000100 DATA=0xa11d00c5
CYC=3425 EVT=DMA_ADMITTED RID=0x01 ADDR=0x20000100 WDATA=0xa11d00c5 WRITE=1
CYC=3428 EVT=DMA_TARGET_ACCEPTED ADDR=0x20000100
CYC=3430 EVT=PROT_COMMIT SRC=DMA ADDR=0x20000100 DATA=0xa11d00c5
CYC=3431 EVT=PROT_COMMIT SRC=DMA ADDR=0x20000100 DATA=0xa11d00c5
CYC=3432 EVT=PROT_COMMIT SRC=DMA ADDR=0x20000100 DATA=0xa11d00c5
CYC=3432 EVT=DMA_COMPLETED ERR=0
CYC=3434 EVT=PROT_COMMIT SRC=DMA ADDR=0x20000100 DATA=0xa11d00c5
CYC=3440 EVT=DMA_ADMITTED RID=0x01 ADDR=0x20000100 WDATA=0xa11d00c5 WRITE=1
CYC=3443 EVT=DMA_TARGET_ACCEPTED ADDR=0x20000100
CYC=3445 EVT=PROT_COMMIT SRC=DMA ADDR=0x20000100 DATA=0xa11d00c5
CYC=3446 EVT=PROT_COMMIT SRC=DMA ADDR=0x20000100 DATA=0xa11d00c5
CYC=3447 EVT=PROT_COMMIT SRC=DMA ADDR=0x20000100 DATA=0xa11d00c5
CYC=3447 EVT=DMA_COMPLETED ERR=0
CYC=3449 EVT=PROT_COMMIT SRC=DMA ADDR=0x20000100 DATA=0xa11d00c5
CYC=3455 EVT=DMA_ADMITTED RID=0x01 ADDR=0x20000100 WDATA=0xa11d00c5 WRITE=1
CYC=3458 EVT=DMA_TARGET_ACCEPTED ADDR=0x20000100
CYC=3460 EVT=PROT_COMMIT SRC=DMA ADDR=0x20000100 DATA=0xa11d00c5
CYC=3461 EVT=PROT_COMMIT SRC=DMA ADDR=0x20000100 DATA=0xa11d00c5
CYC=3462 EVT=PROT_COMMIT SRC=DMA ADDR=0x20000100 DATA=0xa11d00c5
CYC=3462 EVT=DMA_COMPLETED ERR=0
CYC=3464 EVT=PROT_COMMIT SRC=DMA ADDR=0x20000100 DATA=0xa11d00c5
CYC=3470 EVT=DMA_ADMITTED RID=0x01 ADDR=0x20000100 WDATA=0xa11d00c5 WRITE=1
CYC=3473 EVT=DMA_TARGET_ACCEPTED ADDR=0x20000100
CYC=3475 EVT=PROT_COMMIT SRC=DMA ADDR=0x20000100 DATA=0xa11d00c5
CYC=3476 EVT=PROT_COMMIT SRC=DMA ADDR=0x20000100 DATA=0xa11d00c5
CYC=3477 EVT=PROT_COMMIT SRC=DMA ADDR=0x20000100 DATA=0xa11d00c5
CYC=3477 EVT=DMA_COMPLETED ERR=0
CYC=3479 EVT=PROT_COMMIT SRC=DMA ADDR=0x20000100 DATA=0xa11d00c5
CYC=3485 EVT=DMA_ADMITTED RID=0x01 ADDR=0x20000100 WDATA=0xa11d00c5 WRITE=1
CYC=3488 EVT=DMA_TARGET_ACCEPTED ADDR=0x20000100
CYC=3490 EVT=PROT_COMMIT SRC=DMA ADDR=0x20000100 DATA=0xa11d00c5
CYC=3491 EVT=PROT_COMMIT SRC=DMA ADDR=0x20000100 DATA=0xa11d00c5
CYC=3492 EVT=PROT_COMMIT SRC=DMA ADDR=0x20000100 DATA=0xa11d00c5
CYC=3492 EVT=DMA_COMPLETED ERR=0
CYC=3494 EVT=PROT_COMMIT SRC=DMA ADDR=0x20000100 DATA=0xa11d00c5
CYC=3500 EVT=DMA_ADMITTED RID=0x01 ADDR=0x20000100 WDATA=0xa11d00c5 WRITE=1
CYC=3503 EVT=DMA_TARGET_ACCEPTED ADDR=0x20000100
CYC=3505 EVT=PROT_COMMIT SRC=DMA ADDR=0x20000100 DATA=0xa11d00c5
CYC=3506 EVT=PROT_COMMIT SRC=DMA ADDR=0x20000100 DATA=0xa11d00c5
CYC=3507 EVT=PROT_COMMIT SRC=DMA ADDR=0x20000100 DATA=0xa11d00c5
CYC=3507 EVT=DMA_COMPLETED ERR=0
CYC=3509 EVT=PROT_COMMIT SRC=DMA ADDR=0x20000100 DATA=0xa11d00c5
CYC=3515 EVT=DMA_ADMITTED RID=0x01 ADDR=0x20000100 WDATA=0xa11d00c5 WRITE=1
CYC=3518 EVT=DMA_TARGET_ACCEPTED ADDR=0x20000100
CYC=3520 EVT=PROT_COMMIT SRC=DMA ADDR=0x20000100 DATA=0xa11d00c5
CYC=3521 EVT=PROT_COMMIT SRC=DMA ADDR=0x20000100 DATA=0xa11d00c5
CYC=3522 EVT=PROT_COMMIT SRC=DMA ADDR=0x20000100 DATA=0xa11d00c5
CYC=3522 EVT=DMA_COMPLETED ERR=0
CYC=3524 EVT=PROT_COMMIT SRC=DMA ADDR=0x20000100 DATA=0xa11d00c5
CYC=3530 EVT=DMA_ADMITTED RID=0x01 ADDR=0x20000100 WDATA=0xa11d00c5 WRITE=1
CYC=3533 EVT=DMA_TARGET_ACCEPTED ADDR=0x20000100
CYC=3535 EVT=PROT_COMMIT SRC=DMA ADDR=0x20000100 DATA=0xa11d00c5
CYC=3536 EVT=PROT_COMMIT SRC=DMA ADDR=0x20000100 DATA=0xa11d00c5
CYC=3537 EVT=PROT_COMMIT SRC=DMA ADDR=0x20000100 DATA=0xa11d00c5
CYC=3537 EVT=DMA_COMPLETED ERR=0
CYC=3539 EVT=PROT_COMMIT SRC=DMA ADDR=0x20000100 DATA=0xa11d00c5
CYC=3545 EVT=DMA_ADMITTED RID=0x01 ADDR=0x20000100 WDATA=0xa11d00c5 WRITE=1
CYC=3548 EVT=DMA_TARGET_ACCEPTED ADDR=0x20000100
CYC=3550 EVT=PROT_COMMIT SRC=DMA ADDR=0x20000100 DATA=0xa11d00c5
CYC=3551 EVT=PROT_COMMIT SRC=DMA ADDR=0x20000100 DATA=0xa11d00c5
CYC=3552 EVT=PROT_COMMIT SRC=DMA ADDR=0x20000100 DATA=0xa11d00c5
CYC=3552 EVT=DMA_COMPLETED ERR=0
CYC=3554 EVT=PROT_COMMIT SRC=DMA ADDR=0x20000100 DATA=0xa11d00c5
CYC=3560 EVT=DMA_ADMITTED RID=0x01 ADDR=0x20000100 WDATA=0xa11d00c5 WRITE=1
CYC=3563 EVT=DMA_TARGET_ACCEPTED ADDR=0x20000100
CYC=3565 EVT=PROT_COMMIT SRC=DMA ADDR=0x20000100 DATA=0xa11d00c5
CYC=3566 EVT=PROT_COMMIT SRC=DMA ADDR=0x20000100 DATA=0xa11d00c5
CYC=3567 EVT=PROT_COMMIT SRC=DMA ADDR=0x20000100 DATA=0xa11d00c5
CYC=3567 EVT=DMA_COMPLETED ERR=0
CYC=3569 EVT=PROT_COMMIT SRC=DMA ADDR=0x20000100 DATA=0xa11d00c5
CYC=3575 EVT=DMA_ADMITTED RID=0x01 ADDR=0x20000100 WDATA=0xa11d00c5 WRITE=1
CYC=3578 EVT=DMA_TARGET_ACCEPTED ADDR=0x20000100
CYC=3580 EVT=PROT_COMMIT SRC=DMA ADDR=0x20000100 DATA=0xa11d00c5
CYC=3581 EVT=PROT_COMMIT SRC=DMA ADDR=0x20000100 DATA=0xa11d00c5
CYC=3582 EVT=PROT_COMMIT SRC=DMA ADDR=0x20000100 DATA=0xa11d00c5
CYC=3582 EVT=DMA_COMPLETED ERR=0
CYC=3584 EVT=PROT_COMMIT SRC=DMA ADDR=0x20000100 DATA=0xa11d00c5
CYC=3590 EVT=DMA_ADMITTED RID=0x01 ADDR=0x20000100 WDATA=0xa11d00c5 WRITE=1
CYC=3593 EVT=DMA_TARGET_ACCEPTED ADDR=0x20000100
CYC=3595 EVT=PROT_COMMIT SRC=DMA ADDR=0x20000100 DATA=0xa11d00c5
CYC=3596 EVT=PROT_COMMIT SRC=DMA ADDR=0x20000100 DATA=0xa11d00c5
CYC=3597 EVT=PROT_COMMIT SRC=DMA ADDR=0x20000100 DATA=0xa11d00c5
CYC=3597 EVT=DMA_COMPLETED ERR=0
CYC=3599 EVT=PROT_COMMIT SRC=DMA ADDR=0x20000100 DATA=0xa11d00c5
CYC=3605 EVT=DMA_ADMITTED RID=0x01 ADDR=0x20000100 WDATA=0xa11d00c5 WRITE=1
CYC=3608 EVT=DMA_TARGET_ACCEPTED ADDR=0x20000100
CYC=3610 EVT=PROT_COMMIT SRC=DMA ADDR=0x20000100 DATA=0xa11d00c5
CYC=3611 EVT=PROT_COMMIT SRC=DMA ADDR=0x20000100 DATA=0xa11d00c5
CYC=3612 EVT=PROT_COMMIT SRC=DMA ADDR=0x20000100 DATA=0xa11d00c5
CYC=3612 EVT=DMA_COMPLETED ERR=0
CYC=3614 EVT=PROT_COMMIT SRC=DMA ADDR=0x20000100 DATA=0xa11d00c5
CYC=3620 EVT=DMA_ADMITTED RID=0x01 ADDR=0x20000100 WDATA=0xa11d00c5 WRITE=1
CYC=3623 EVT=DMA_TARGET_ACCEPTED ADDR=0x20000100
CYC=3625 EVT=PROT_COMMIT SRC=DMA ADDR=0x20000100 DATA=0xa11d00c5
CYC=3626 EVT=PROT_COMMIT SRC=DMA ADDR=0x20000100 DATA=0xa11d00c5
CYC=3627 EVT=PROT_COMMIT SRC=DMA ADDR=0x20000100 DATA=0xa11d00c5
CYC=3627 EVT=DMA_COMPLETED ERR=0
CYC=3629 EVT=PROT_COMMIT SRC=DMA ADDR=0x20000100 DATA=0xa11d00c5
CYC=3635 EVT=DMA_ADMITTED RID=0x01 ADDR=0x20000100 WDATA=0xa11d00c5 WRITE=1
CYC=3638 EVT=DMA_TARGET_ACCEPTED ADDR=0x20000100
CYC=3640 EVT=PROT_COMMIT SRC=DMA ADDR=0x20000100 DATA=0xa11d00c5
CYC=3641 EVT=PROT_COMMIT SRC=DMA ADDR=0x20000100 DATA=0xa11d00c5
CYC=3642 EVT=PROT_COMMIT SRC=DMA ADDR=0x20000100 DATA=0xa11d00c5
CYC=3642 EVT=DMA_COMPLETED ERR=0
CYC=3644 EVT=PROT_COMMIT SRC=DMA ADDR=0x20000100 DATA=0xa11d00c5
CYC=3650 EVT=DMA_ADMITTED RID=0x01 ADDR=0x20000100 WDATA=0xa11d00c5 WRITE=1
CYC=3653 EVT=DMA_TARGET_ACCEPTED ADDR=0x20000100
CYC=3655 EVT=PROT_COMMIT SRC=DMA ADDR=0x20000100 DATA=0xa11d00c5
CYC=3656 EVT=PROT_COMMIT SRC=DMA ADDR=0x20000100 DATA=0xa11d00c5
CYC=3657 EVT=PROT_COMMIT SRC=DMA ADDR=0x20000100 DATA=0xa11d00c5
CYC=3657 EVT=DMA_COMPLETED ERR=0
CYC=3659 EVT=PROT_COMMIT SRC=DMA ADDR=0x20000100 DATA=0xa11d00c5
CYC=3665 EVT=DMA_ADMITTED RID=0x01 ADDR=0x20000100 WDATA=0xa11d00c5 WRITE=1
CYC=3668 EVT=DMA_TARGET_ACCEPTED ADDR=0x20000100
CYC=3670 EVT=PROT_COMMIT SRC=DMA ADDR=0x20000100 DATA=0xa11d00c5
CYC=3671 EVT=PROT_COMMIT SRC=DMA ADDR=0x20000100 DATA=0xa11d00c5
CYC=3672 EVT=PROT_COMMIT SRC=DMA ADDR=0x20000100 DATA=0xa11d00c5
CYC=3672 EVT=DMA_COMPLETED ERR=0
CYC=3674 EVT=PROT_COMMIT SRC=DMA ADDR=0x20000100 DATA=0xa11d00c5
CYC=3680 EVT=DMA_ADMITTED RID=0x01 ADDR=0x20000100 WDATA=0xa11d00c5 WRITE=1
CYC=3683 EVT=DMA_TARGET_ACCEPTED ADDR=0x20000100
CYC=3685 EVT=PROT_COMMIT SRC=DMA ADDR=0x20000100 DATA=0xa11d00c5
CYC=3686 EVT=PROT_COMMIT SRC=DMA ADDR=0x20000100 DATA=0xa11d00c5
CYC=3687 EVT=PROT_COMMIT SRC=DMA ADDR=0x20000100 DATA=0xa11d00c5
CYC=3687 EVT=DMA_COMPLETED ERR=0
CYC=3689 EVT=PROT_COMMIT SRC=DMA ADDR=0x20000100 DATA=0xa11d00c5
CYC=3695 EVT=DMA_ADMITTED RID=0x01 ADDR=0x20000100 WDATA=0xa11d00c5 WRITE=1
CYC=3698 EVT=DMA_TARGET_ACCEPTED ADDR=0x20000100
CYC=3700 EVT=PROT_COMMIT SRC=DMA ADDR=0x20000100 DATA=0xa11d00c5
CYC=3701 EVT=PROT_COMMIT SRC=DMA ADDR=0x20000100 DATA=0xa11d00c5
CYC=3702 EVT=PROT_COMMIT SRC=DMA ADDR=0x20000100 DATA=0xa11d00c5
CYC=3702 EVT=DMA_COMPLETED ERR=0
CYC=3704 EVT=PROT_COMMIT SRC=DMA ADDR=0x20000100 DATA=0xa11d00c5
CYC=3710 EVT=DMA_ADMITTED RID=0x01 ADDR=0x20000100 WDATA=0xa11d00c5 WRITE=1
CYC=3713 EVT=DMA_TARGET_ACCEPTED ADDR=0x20000100
CYC=3715 EVT=PROT_COMMIT SRC=DMA ADDR=0x20000100 DATA=0xa11d00c5
CYC=3716 EVT=PROT_COMMIT SRC=DMA ADDR=0x20000100 DATA=0xa11d00c5
CYC=3717 EVT=PROT_COMMIT SRC=DMA ADDR=0x20000100 DATA=0xa11d00c5
CYC=3717 EVT=DMA_COMPLETED ERR=0
CYC=3719 EVT=PROT_COMMIT SRC=DMA ADDR=0x20000100 DATA=0xa11d00c5
CYC=3725 EVT=DMA_ADMITTED RID=0x01 ADDR=0x20000100 WDATA=0xa11d00c5 WRITE=1
CYC=3728 EVT=DMA_TARGET_ACCEPTED ADDR=0x20000100
CYC=3730 EVT=PROT_COMMIT SRC=DMA ADDR=0x20000100 DATA=0xa11d00c5
CYC=3731 EVT=PROT_COMMIT SRC=DMA ADDR=0x20000100 DATA=0xa11d00c5
CYC=3732 EVT=PROT_COMMIT SRC=DMA ADDR=0x20000100 DATA=0xa11d00c5
CYC=3732 EVT=DMA_COMPLETED ERR=0
CYC=3734 EVT=PROT_COMMIT SRC=DMA ADDR=0x20000100 DATA=0xa11d00c5
CYC=3740 EVT=DMA_ADMITTED RID=0x01 ADDR=0x20000100 WDATA=0xa11d00c5 WRITE=1
CYC=3743 EVT=DMA_TARGET_ACCEPTED ADDR=0x20000100
CYC=3745 EVT=PROT_COMMIT SRC=DMA ADDR=0x20000100 DATA=0xa11d00c5
CYC=3746 EVT=PROT_COMMIT SRC=DMA ADDR=0x20000100 DATA=0xa11d00c5
CYC=3747 EVT=PROT_COMMIT SRC=DMA ADDR=0x20000100 DATA=0xa11d00c5
CYC=3747 EVT=DMA_COMPLETED ERR=0
CYC=3749 EVT=PROT_COMMIT SRC=DMA ADDR=0x20000100 DATA=0xa11d00c5
CYC=3755 EVT=DMA_ADMITTED RID=0x01 ADDR=0x20000100 WDATA=0xa11d00c5 WRITE=1
CYC=3758 EVT=DMA_TARGET_ACCEPTED ADDR=0x20000100
CYC=3760 EVT=PROT_COMMIT SRC=DMA ADDR=0x20000100 DATA=0xa11d00c5
CYC=3761 EVT=PROT_COMMIT SRC=DMA ADDR=0x20000100 DATA=0xa11d00c5
CYC=3762 EVT=PROT_COMMIT SRC=DMA ADDR=0x20000100 DATA=0xa11d00c5
CYC=3762 EVT=DMA_COMPLETED ERR=0
CYC=3764 EVT=PROT_COMMIT SRC=DMA ADDR=0x20000100 DATA=0xa11d00c5
CYC=3770 EVT=DMA_ADMITTED RID=0x01 ADDR=0x20000100 WDATA=0xa11d00c5 WRITE=1
CYC=3773 EVT=DMA_TARGET_ACCEPTED ADDR=0x20000100
CYC=3775 EVT=PROT_COMMIT SRC=DMA ADDR=0x20000100 DATA=0xa11d00c5
CYC=3776 EVT=PROT_COMMIT SRC=DMA ADDR=0x20000100 DATA=0xa11d00c5
CYC=3777 EVT=PROT_COMMIT SRC=DMA ADDR=0x20000100 DATA=0xa11d00c5
CYC=3777 EVT=DMA_COMPLETED ERR=0
CYC=3779 EVT=PROT_COMMIT SRC=DMA ADDR=0x20000100 DATA=0xa11d00c5
CYC=3785 EVT=DMA_ADMITTED RID=0x01 ADDR=0x20000100 WDATA=0xa11d00c5 WRITE=1
CYC=3788 EVT=DMA_TARGET_ACCEPTED ADDR=0x20000100
CYC=3790 EVT=PROT_COMMIT SRC=DMA ADDR=0x20000100 DATA=0xa11d00c5
CYC=3791 EVT=PROT_COMMIT SRC=DMA ADDR=0x20000100 DATA=0xa11d00c5
CYC=3792 EVT=PROT_COMMIT SRC=DMA ADDR=0x20000100 DATA=0xa11d00c5
CYC=3792 EVT=DMA_COMPLETED ERR=0
CYC=3794 EVT=PROT_COMMIT SRC=DMA ADDR=0x20000100 DATA=0xa11d00c5
CYC=3800 EVT=DMA_ADMITTED RID=0x01 ADDR=0x20000100 WDATA=0xa11d00c5 WRITE=1
CYC=3803 EVT=DMA_TARGET_ACCEPTED ADDR=0x20000100
CYC=3805 EVT=PROT_COMMIT SRC=DMA ADDR=0x20000100 DATA=0xa11d00c5
CYC=3806 EVT=PROT_COMMIT SRC=DMA ADDR=0x20000100 DATA=0xa11d00c5
CYC=3807 EVT=PROT_COMMIT SRC=DMA ADDR=0x20000100 DATA=0xa11d00c5
CYC=3807 EVT=DMA_COMPLETED ERR=0
CYC=3809 EVT=PROT_COMMIT SRC=DMA ADDR=0x20000100 DATA=0xa11d00c5
CYC=3815 EVT=DMA_ADMITTED RID=0x01 ADDR=0x20000100 WDATA=0xa11d00c5 WRITE=1
CYC=3818 EVT=DMA_TARGET_ACCEPTED ADDR=0x20000100
CYC=3820 EVT=PROT_COMMIT SRC=DMA ADDR=0x20000100 DATA=0xa11d00c5
CYC=3821 EVT=PROT_COMMIT SRC=DMA ADDR=0x20000100 DATA=0xa11d00c5
CYC=3822 EVT=PROT_COMMIT SRC=DMA ADDR=0x20000100 DATA=0xa11d00c5
CYC=3822 EVT=DMA_COMPLETED ERR=0
CYC=3824 EVT=PROT_COMMIT SRC=DMA ADDR=0x20000100 DATA=0xa11d00c5
CYC=3830 EVT=DMA_ADMITTED RID=0x01 ADDR=0x20000100 WDATA=0xa11d00c5 WRITE=1
CYC=3833 EVT=DMA_TARGET_ACCEPTED ADDR=0x20000100
CYC=3835 EVT=PROT_COMMIT SRC=DMA ADDR=0x20000100 DATA=0xa11d00c5
CYC=3836 EVT=PROT_COMMIT SRC=DMA ADDR=0x20000100 DATA=0xa11d00c5
CYC=3837 EVT=PROT_COMMIT SRC=DMA ADDR=0x20000100 DATA=0xa11d00c5
CYC=3837 EVT=DMA_COMPLETED ERR=0
CYC=3839 EVT=PROT_COMMIT SRC=DMA ADDR=0x20000100 DATA=0xa11d00c5
CYC=3845 EVT=DMA_ADMITTED RID=0x01 ADDR=0x20000100 WDATA=0xa11d00c5 WRITE=1
CYC=3848 EVT=DMA_TARGET_ACCEPTED ADDR=0x20000100
CYC=3850 EVT=PROT_COMMIT SRC=DMA ADDR=0x20000100 DATA=0xa11d00c5
CYC=3851 EVT=PROT_COMMIT SRC=DMA ADDR=0x20000100 DATA=0xa11d00c5
CYC=3852 EVT=PROT_COMMIT SRC=DMA ADDR=0x20000100 DATA=0xa11d00c5
CYC=3852 EVT=DMA_COMPLETED ERR=0
CYC=3854 EVT=PROT_COMMIT SRC=DMA ADDR=0x20000100 DATA=0xa11d00c5

---m7_c5_harness.log---
C5_TEST=900 REL_CPU=10 REL_DMA=20 REL_IOPMP=12 REL_SEC=12 REL_IC=8 DELAY=0 DMA_N=256
THRU_BEGIN DMA_N=256 CYC=15
THRU_XFER ERR=0 LEFT=255 CYC=28
THRU_XFER ERR=0 LEFT=254 CYC=43
THRU_XFER ERR=0 LEFT=253 CYC=58
THRU_XFER ERR=0 LEFT=252 CYC=73
THRU_XFER ERR=0 LEFT=251 CYC=88
THRU_XFER ERR=0 LEFT=250 CYC=103
THRU_XFER ERR=0 LEFT=249 CYC=118
THRU_XFER ERR=0 LEFT=248 CYC=133
THRU_XFER ERR=0 LEFT=247 CYC=148
THRU_XFER ERR=0 LEFT=246 CYC=163
THRU_XFER ERR=0 LEFT=245 CYC=178
THRU_XFER ERR=0 LEFT=244 CYC=193
THRU_XFER ERR=0 LEFT=243 CYC=208
THRU_XFER ERR=0 LEFT=242 CYC=223
THRU_XFER ERR=0 LEFT=241 CYC=238
THRU_XFER ERR=0 LEFT=240 CYC=253
THRU_XFER ERR=0 LEFT=239 CYC=268
THRU_XFER ERR=0 LEFT=238 CYC=283
THRU_XFER ERR=0 LEFT=237 CYC=298
THRU_XFER ERR=0 LEFT=236 CYC=313
THRU_XFER ERR=0 LEFT=235 CYC=328
THRU_XFER ERR=0 LEFT=234 CYC=343
THRU_XFER ERR=0 LEFT=233 CYC=358
THRU_XFER ERR=0 LEFT=232 CYC=373
THRU_XFER ERR=0 LEFT=231 CYC=388
THRU_XFER ERR=0 LEFT=230 CYC=403
THRU_XFER ERR=0 LEFT=229 CYC=418
THRU_XFER ERR=0 LEFT=228 CYC=433
THRU_XFER ERR=0 LEFT=227 CYC=448
THRU_XFER ERR=0 LEFT=226 CYC=463
THRU_XFER ERR=0 LEFT=225 CYC=478
THRU_XFER ERR=0 LEFT=224 CYC=493
THRU_XFER ERR=0 LEFT=223 CYC=508
THRU_XFER ERR=0 LEFT=222 CYC=523
THRU_XFER ERR=0 LEFT=221 CYC=538
THRU_XFER ERR=0 LEFT=220 CYC=553
THRU_XFER ERR=0 LEFT=219 CYC=568
THRU_XFER ERR=0 LEFT=218 CYC=583
THRU_XFER ERR=0 LEFT=217 CYC=598
THRU_XFER ERR=0 LEFT=216 CYC=613
THRU_XFER ERR=0 LEFT=215 CYC=628
THRU_XFER ERR=0 LEFT=214 CYC=643
THRU_XFER ERR=0 LEFT=213 CYC=658
THRU_XFER ERR=0 LEFT=212 CYC=673
THRU_XFER ERR=0 LEFT=211 CYC=688
THRU_XFER ERR=0 LEFT=210 CYC=703
THRU_XFER ERR=0 LEFT=209 CYC=718
THRU_XFER ERR=0 LEFT=208 CYC=733
THRU_XFER ERR=0 LEFT=207 CYC=748
THRU_XFER ERR=0 LEFT=206 CYC=763
THRU_XFER ERR=0 LEFT=205 CYC=778
THRU_XFER ERR=0 LEFT=204 CYC=793
THRU_XFER ERR=0 LEFT=203 CYC=808
THRU_XFER ERR=0 LEFT=202 CYC=823
THRU_XFER ERR=0 LEFT=201 CYC=838
THRU_XFER ERR=0 LEFT=200 CYC=853
THRU_XFER ERR=0 LEFT=199 CYC=868
THRU_XFER ERR=0 LEFT=198 CYC=883
THRU_XFER ERR=0 LEFT=197 CYC=898
THRU_XFER ERR=0 LEFT=196 CYC=913
THRU_XFER ERR=0 LEFT=195 CYC=928
THRU_XFER ERR=0 LEFT=194 CYC=943
THRU_XFER ERR=0 LEFT=193 CYC=958
THRU_XFER ERR=0 LEFT=192 CYC=973
THRU_XFER ERR=0 LEFT=191 CYC=988
THRU_XFER ERR=0 LEFT=190 CYC=1003
THRU_XFER ERR=0 LEFT=189 CYC=1018
THRU_XFER ERR=0 LEFT=188 CYC=1033
THRU_XFER ERR=0 LEFT=187 CYC=1048
THRU_XFER ERR=0 LEFT=186 CYC=1063
THRU_XFER ERR=0 LEFT=185 CYC=1078
THRU_XFER ERR=0 LEFT=184 CYC=1093
THRU_XFER ERR=0 LEFT=183 CYC=1108
THRU_XFER ERR=0 LEFT=182 CYC=1123
THRU_XFER ERR=0 LEFT=181 CYC=1138
THRU_XFER ERR=0 LEFT=180 CYC=1153
THRU_XFER ERR=0 LEFT=179 CYC=1168
THRU_XFER ERR=0 LEFT=178 CYC=1183
THRU_XFER ERR=0 LEFT=177 CYC=1198
THRU_XFER ERR=0 LEFT=176 CYC=1213
THRU_XFER ERR=0 LEFT=175 CYC=1228
THRU_XFER ERR=0 LEFT=174 CYC=1243
THRU_XFER ERR=0 LEFT=173 CYC=1258
THRU_XFER ERR=0 LEFT=172 CYC=1273
THRU_XFER ERR=0 LEFT=171 CYC=1288
THRU_XFER ERR=0 LEFT=170 CYC=1303
THRU_XFER ERR=0 LEFT=169 CYC=1318
THRU_XFER ERR=0 LEFT=168 CYC=1333
THRU_XFER ERR=0 LEFT=167 CYC=1348
THRU_XFER ERR=0 LEFT=166 CYC=1363
THRU_XFER ERR=0 LEFT=165 CYC=1378
THRU_XFER ERR=0 LEFT=164 CYC=1393
THRU_XFER ERR=0 LEFT=163 CYC=1408
THRU_XFER ERR=0 LEFT=162 CYC=1423
THRU_XFER ERR=0 LEFT=161 CYC=1438
THRU_XFER ERR=0 LEFT=160 CYC=1453
THRU_XFER ERR=0 LEFT=159 CYC=1468
THRU_XFER ERR=0 LEFT=158 CYC=1483
THRU_XFER ERR=0 LEFT=157 CYC=1498
THRU_XFER ERR=0 LEFT=156 CYC=1513
THRU_XFER ERR=0 LEFT=155 CYC=1528
THRU_XFER ERR=0 LEFT=154 CYC=1543
THRU_XFER ERR=0 LEFT=153 CYC=1558
THRU_XFER ERR=0 LEFT=152 CYC=1573
THRU_XFER ERR=0 LEFT=151 CYC=1588
THRU_XFER ERR=0 LEFT=150 CYC=1603
THRU_XFER ERR=0 LEFT=149 CYC=1618
THRU_XFER ERR=0 LEFT=148 CYC=1633
THRU_XFER ERR=0 LEFT=147 CYC=1648
THRU_XFER ERR=0 LEFT=146 CYC=1663
THRU_XFER ERR=0 LEFT=145 CYC=1678
THRU_XFER ERR=0 LEFT=144 CYC=1693
THRU_XFER ERR=0 LEFT=143 CYC=1708
THRU_XFER ERR=0 LEFT=142 CYC=1723
THRU_XFER ERR=0 LEFT=141 CYC=1738
THRU_XFER ERR=0 LEFT=140 CYC=1753
THRU_XFER ERR=0 LEFT=139 CYC=1768
THRU_XFER ERR=0 LEFT=138 CYC=1783
THRU_XFER ERR=0 LEFT=137 CYC=1798
THRU_XFER ERR=0 LEFT=136 CYC=1813
THRU_XFER ERR=0 LEFT=135 CYC=1828
THRU_XFER ERR=0 LEFT=134 CYC=1843
THRU_XFER ERR=0 LEFT=133 CYC=1858
THRU_XFER ERR=0 LEFT=132 CYC=1873
THRU_XFER ERR=0 LEFT=131 CYC=1888
THRU_XFER ERR=0 LEFT=130 CYC=1903
THRU_XFER ERR=0 LEFT=129 CYC=1918
THRU_XFER ERR=0 LEFT=128 CYC=1933
THRU_XFER ERR=0 LEFT=127 CYC=1948
THRU_XFER ERR=0 LEFT=126 CYC=1963
THRU_XFER ERR=0 LEFT=125 CYC=1978
THRU_XFER ERR=0 LEFT=124 CYC=1993
THRU_XFER ERR=0 LEFT=123 CYC=2008
THRU_XFER ERR=0 LEFT=122 CYC=2023
THRU_XFER ERR=0 LEFT=121 CYC=2038
THRU_XFER ERR=0 LEFT=120 CYC=2053
THRU_XFER ERR=0 LEFT=119 CYC=2068
THRU_XFER ERR=0 LEFT=118 CYC=2083
THRU_XFER ERR=0 LEFT=117 CYC=2098
THRU_XFER ERR=0 LEFT=116 CYC=2113
THRU_XFER ERR=0 LEFT=115 CYC=2128
THRU_XFER ERR=0 LEFT=114 CYC=2143
THRU_XFER ERR=0 LEFT=113 CYC=2158
THRU_XFER ERR=0 LEFT=112 CYC=2173
THRU_XFER ERR=0 LEFT=111 CYC=2188
THRU_XFER ERR=0 LEFT=110 CYC=2203
THRU_XFER ERR=0 LEFT=109 CYC=2218
THRU_XFER ERR=0 LEFT=108 CYC=2233
THRU_XFER ERR=0 LEFT=107 CYC=2248
THRU_XFER ERR=0 LEFT=106 CYC=2263
THRU_XFER ERR=0 LEFT=105 CYC=2278
THRU_XFER ERR=0 LEFT=104 CYC=2293
THRU_XFER ERR=0 LEFT=103 CYC=2308
THRU_XFER ERR=0 LEFT=102 CYC=2323
THRU_XFER ERR=0 LEFT=101 CYC=2338
THRU_XFER ERR=0 LEFT=100 CYC=2353
THRU_XFER ERR=0 LEFT=99 CYC=2368
THRU_XFER ERR=0 LEFT=98 CYC=2383
THRU_XFER ERR=0 LEFT=97 CYC=2398
THRU_XFER ERR=0 LEFT=96 CYC=2413
THRU_XFER ERR=0 LEFT=95 CYC=2428
THRU_XFER ERR=0 LEFT=94 CYC=2443
THRU_XFER ERR=0 LEFT=93 CYC=2458
THRU_XFER ERR=0 LEFT=92 CYC=2473
THRU_XFER ERR=0 LEFT=91 CYC=2488
THRU_XFER ERR=0 LEFT=90 CYC=2503
THRU_XFER ERR=0 LEFT=89 CYC=2518
THRU_XFER ERR=0 LEFT=88 CYC=2533
THRU_XFER ERR=0 LEFT=87 CYC=2548
THRU_XFER ERR=0 LEFT=86 CYC=2563
THRU_XFER ERR=0 LEFT=85 CYC=2578
THRU_XFER ERR=0 LEFT=84 CYC=2593
THRU_XFER ERR=0 LEFT=83 CYC=2608
THRU_XFER ERR=0 LEFT=82 CYC=2623
THRU_XFER ERR=0 LEFT=81 CYC=2638
THRU_XFER ERR=0 LEFT=80 CYC=2653
THRU_XFER ERR=0 LEFT=79 CYC=2668
THRU_XFER ERR=0 LEFT=78 CYC=2683
THRU_XFER ERR=0 LEFT=77 CYC=2698
THRU_XFER ERR=0 LEFT=76 CYC=2713
THRU_XFER ERR=0 LEFT=75 CYC=2728
THRU_XFER ERR=0 LEFT=74 CYC=2743
THRU_XFER ERR=0 LEFT=73 CYC=2758
THRU_XFER ERR=0 LEFT=72 CYC=2773
THRU_XFER ERR=0 LEFT=71 CYC=2788
THRU_XFER ERR=0 LEFT=70 CYC=2803
THRU_XFER ERR=0 LEFT=69 CYC=2818
THRU_XFER ERR=0 LEFT=68 CYC=2833
THRU_XFER ERR=0 LEFT=67 CYC=2848
THRU_XFER ERR=0 LEFT=66 CYC=2863
THRU_XFER ERR=0 LEFT=65 CYC=2878
THRU_XFER ERR=0 LEFT=64 CYC=2893
THRU_XFER ERR=0 LEFT=63 CYC=2908
THRU_XFER ERR=0 LEFT=62 CYC=2923
THRU_XFER ERR=0 LEFT=61 CYC=2938
THRU_XFER ERR=0 LEFT=60 CYC=2953
THRU_XFER ERR=0 LEFT=59 CYC=2968
THRU_XFER ERR=0 LEFT=58 CYC=2983
THRU_XFER ERR=0 LEFT=57 CYC=2998
THRU_XFER ERR=0 LEFT=56 CYC=3013
THRU_XFER ERR=0 LEFT=55 CYC=3028
THRU_XFER ERR=0 LEFT=54 CYC=3043
THRU_XFER ERR=0 LEFT=53 CYC=3058
THRU_XFER ERR=0 LEFT=52 CYC=3073
THRU_XFER ERR=0 LEFT=51 CYC=3088
THRU_XFER ERR=0 LEFT=50 CYC=3103
THRU_XFER ERR=0 LEFT=49 CYC=3118
THRU_XFER ERR=0 LEFT=48 CYC=3133
THRU_XFER ERR=0 LEFT=47 CYC=3148
THRU_XFER ERR=0 LEFT=46 CYC=3163
THRU_XFER ERR=0 LEFT=45 CYC=3178
THRU_XFER ERR=0 LEFT=44 CYC=3193
THRU_XFER ERR=0 LEFT=43 CYC=3208
THRU_XFER ERR=0 LEFT=42 CYC=3223
THRU_XFER ERR=0 LEFT=41 CYC=3238
THRU_XFER ERR=0 LEFT=40 CYC=3253
THRU_XFER ERR=0 LEFT=39 CYC=3268
THRU_XFER ERR=0 LEFT=38 CYC=3283
THRU_XFER ERR=0 LEFT=37 CYC=3298
THRU_XFER ERR=0 LEFT=36 CYC=3313
THRU_XFER ERR=0 LEFT=35 CYC=3328
THRU_XFER ERR=0 LEFT=34 CYC=3343
THRU_XFER ERR=0 LEFT=33 CYC=3358
THRU_XFER ERR=0 LEFT=32 CYC=3373
THRU_XFER ERR=0 LEFT=31 CYC=3388
THRU_XFER ERR=0 LEFT=30 CYC=3403
THRU_XFER ERR=0 LEFT=29 CYC=3418
THRU_XFER ERR=0 LEFT=28 CYC=3433
THRU_XFER ERR=0 LEFT=27 CYC=3448
THRU_XFER ERR=0 LEFT=26 CYC=3463
THRU_XFER ERR=0 LEFT=25 CYC=3478
THRU_XFER ERR=0 LEFT=24 CYC=3493
THRU_XFER ERR=0 LEFT=23 CYC=3508
THRU_XFER ERR=0 LEFT=22 CYC=3523
THRU_XFER ERR=0 LEFT=21 CYC=3538
THRU_XFER ERR=0 LEFT=20 CYC=3553
THRU_XFER ERR=0 LEFT=19 CYC=3568
THRU_XFER ERR=0 LEFT=18 CYC=3583
THRU_XFER ERR=0 LEFT=17 CYC=3598
THRU_XFER ERR=0 LEFT=16 CYC=3613
THRU_XFER ERR=0 LEFT=15 CYC=3628
THRU_XFER ERR=0 LEFT=14 CYC=3643
THRU_XFER ERR=0 LEFT=13 CYC=3658
THRU_XFER ERR=0 LEFT=12 CYC=3673
THRU_XFER ERR=0 LEFT=11 CYC=3688
THRU_XFER ERR=0 LEFT=10 CYC=3703
THRU_XFER ERR=0 LEFT=9 CYC=3718
THRU_XFER ERR=0 LEFT=8 CYC=3733
THRU_XFER ERR=0 LEFT=7 CYC=3748
THRU_XFER ERR=0 LEFT=6 CYC=3763
THRU_XFER ERR=0 LEFT=5 CYC=3778
THRU_XFER ERR=0 LEFT=4 CYC=3793
THRU_XFER ERR=0 LEFT=3 CYC=3808
THRU_XFER ERR=0 LEFT=2 CYC=3823
THRU_XFER ERR=0 LEFT=1 CYC=3838
THRU_XFER ERR=0 LEFT=0 CYC=3853
THRU_DONE N=256 FIRST_REQ=17 LAST_DONE=3853 TOTAL=3836
DONE PEEK=0xa11d00c5 CPU=0 DMA=2 IOPMP=2 SEC=2 IC=1 PMP=0 IRDY=15 SECURE=0 REQ=3842 ADMIT=20 COMMIT=25 RST=0 RES=0x600d0900 EPOCH=0
