START_UTC=2026-08-13T13:19:16Z
VARIANT=J2
DESIGN_CONFIG=/repo/m7/ppa/orfs/sky130hd/m7_j2/config.mk
LEC_CHECK=0
CLOCK_PERIOD=20.0
FLOW_VARIANT=d3_p20p0
ORFS_IMAGE=openroad/orfs@sha256:817b608c69a71fafc7b61baec11b4dc073fb8efb9d2714f9bd3316db4beba277
FLOW=/home/mmr/ricv_paper/third_party/OpenROAD-flow-scripts/flow
OPENROAD: /OpenROAD-flow-scripts/tools/OpenROAD
mkdir -p /work/results/sky130hd/m7_j2/d3_p20p0/
echo 20.0 > /work/results/sky130hd/m7_j2/d3_p20p0/clock_period.txt
/OpenROAD-flow-scripts/flow/scripts/synth.sh /OpenROAD-flow-scripts/flow/scripts/synth_canonicalize.tcl /work/logs/sky130hd/m7_j2/d3_p20p0/1_1_yosys_canonicalize.log
Using ABC speed script.
Extracting clock period from SDC file: /work/results/sky130hd/m7_j2/d3_p20p0/clock_period.txt
Setting clock period to 20.0
1. Executing Liberty frontend: /OpenROAD-flow-scripts/flow/platforms/sky130hd/lib/sky130_fd_sc_hd__tt_025C_1v80.lib
2. Executing Liberty frontend: /OpenROAD-flow-scripts/flow/platforms/sky130hd/lib/sky130_fd_sc_hd__tt_025C_1v80.lib
3. Executing SLANG frontend.
3.1. Executing PROC_CLEAN pass (remove empty switches from decision trees).
3.2. Executing TRIBUF pass.
3.3. Executing PROC_RMDEAD pass (remove dead branches from decision trees).
3.4. Executing PROC_PRUNE pass (remove redundant assignments in processes).
3.5. Executing PROC_INIT pass (extract init attributes).
3.6. Executing PROC_ROM pass (convert switches to ROMs).
3.7. Executing PROC_MUX pass (convert decision trees to multiplexers).
3.8. Executing PROC_CLEAN pass (remove empty switches from decision trees).
3.9. Executing OPT_EXPR pass (perform const folding).
4. Executing HIERARCHY pass (managing design hierarchy).
4.1. Analyzing design hierarchy..
4.2. Analyzing design hierarchy..
5. Executing OPT_CLEAN pass (remove unused cells and wires).
6. Executing RTLIL backend.
End of script. Logfile hash: 3aeb45e0f8, time: 0.35s, user: 0.33s, system: 0.06s, MEM: 75.68 MB peak
Yosys 0.68+post (git sha1 UNKNOWN, Release, GNU /usr/local/bin/wrapped-cc/g++ 11.4.0)
Time spent: 34% 2x read_slang (0 sec), 18% 4x read_liberty (0 sec), ...
Elapsed time: 0:00.37[h:]min:sec. CPU time: user 0.35 sys 0.07 (114%). Peak memory: 77496KB.
Log                       Ext     Elapsed/s Peak Memory/MB sha1sum result [0:20)
1_1_yosys_canonicalize    .rtlil          0             75 d40af4aa009b22529a24
/OpenROAD-flow-scripts/flow/scripts/synth.sh /OpenROAD-flow-scripts/flow/scripts/synth.tcl /work/logs/sky130hd/m7_j2/d3_p20p0/1_2_yosys.log
Using ABC speed script.
Extracting clock period from SDC file: /work/results/sky130hd/m7_j2/d3_p20p0/clock_period.txt
Setting clock period to 20.0
1. Executing RTLIL frontend.
2. Executing HIERARCHY pass (managing design hierarchy).
2.1. Analyzing design hierarchy..
2.2. Analyzing design hierarchy..
3. Executing SYNTH pass.
3.1. Executing HIERARCHY pass (managing design hierarchy).
3.1.1. Analyzing design hierarchy..
3.1.2. Analyzing design hierarchy..
3.2. Executing PROC pass (convert processes to netlists).
3.2.1. Executing PROC_CLEAN pass (remove empty switches from decision trees).
3.2.2. Executing PROC_RMDEAD pass (remove dead branches from decision trees).
3.2.3. Executing PROC_PRUNE pass (remove redundant assignments in processes).
3.2.4. Executing PROC_INIT pass (extract init attributes).
3.2.5. Executing PROC_ARST pass (detect async resets in processes).
3.2.6. Executing PROC_ROM pass (convert switches to ROMs).
3.2.7. Executing PROC_MUX pass (convert decision trees to multiplexers).
3.2.8. Executing PROC_DLATCH pass (convert process syncs to latches).
3.2.9. Executing PROC_DFF pass (convert process syncs to FFs).
3.2.10. Executing PROC_MEMWR pass (convert process memory writes to cells).
3.2.11. Executing PROC_CLEAN pass (remove empty switches from decision trees).
3.2.12. Executing OPT_EXPR pass (perform const folding).
3.3. Executing CHECK pass (checking for obvious problems).
3.4. Executing FLATTEN pass (flatten design).
3.5. Executing OPT_EXPR pass (perform const folding).
3.6. Executing OPT_CLEAN pass (remove unused cells and wires).
3.7. Executing CHECK pass (checking for obvious problems).
3.8. Executing OPT pass (performing simple optimizations).
3.8.1. Executing OPT_EXPR pass (perform const folding).
3.8.2. Executing OPT_MERGE pass (detect identical cells).
3.8.3. Executing OPT_MUXTREE pass (detect dead branches in mux trees).
3.8.4. Executing OPT_REDUCE pass (consolidate $*mux and $reduce_* inputs).
3.8.5. Executing OPT_MERGE pass (detect identical cells).
3.8.6. Executing OPT_DFF pass (perform DFF optimizations).
3.8.7. Executing OPT_CLEAN pass (remove unused cells and wires).
3.8.8. Executing OPT_EXPR pass (perform const folding).
3.8.9. Rerunning OPT passes. (Maybe there is more to do..)
3.8.10. Executing OPT_MUXTREE pass (detect dead branches in mux trees).
3.8.11. Executing OPT_REDUCE pass (consolidate $*mux and $reduce_* inputs).
3.8.12. Executing OPT_MERGE pass (detect identical cells).
3.8.13. Executing OPT_DFF pass (perform DFF optimizations).
3.8.14. Executing OPT_CLEAN pass (remove unused cells and wires).
3.8.15. Executing OPT_EXPR pass (perform const folding).
3.8.16. Rerunning OPT passes. (Maybe there is more to do..)
3.8.17. Executing OPT_MUXTREE pass (detect dead branches in mux trees).
3.8.18. Executing OPT_REDUCE pass (consolidate $*mux and $reduce_* inputs).
3.8.19. Executing OPT_MERGE pass (detect identical cells).
3.8.20. Executing OPT_DFF pass (perform DFF optimizations).
3.8.21. Executing OPT_CLEAN pass (remove unused cells and wires).
3.8.22. Executing OPT_EXPR pass (perform const folding).
3.8.23. Finished fast OPT passes. (There is nothing left to do.)
3.9. Executing FSM pass (extract and optimize FSM).
3.9.1. Executing FSM_DETECT pass (finding FSMs in design).
3.9.2. Executing FSM_EXTRACT pass (extracting FSM from design).
3.9.3. Executing FSM_OPT pass (simple optimizations of FSMs).
3.9.4. Executing OPT_CLEAN pass (remove unused cells and wires).
3.9.5. Executing FSM_OPT pass (simple optimizations of FSMs).
3.9.6. Executing FSM_RECODE pass (re-assigning FSM state encoding).
3.9.7. Executing FSM_INFO pass (dumping all available information on FSM cells).
3.9.8. Executing FSM_MAP pass (mapping FSMs to basic logic).
3.10. Executing OPT pass (performing simple optimizations).
3.10.1. Executing OPT_EXPR pass (perform const folding).
3.10.2. Executing OPT_MERGE pass (detect identical cells).
3.10.3. Executing OPT_MUXTREE pass (detect dead branches in mux trees).
3.10.4. Executing OPT_REDUCE pass (consolidate $*mux and $reduce_* inputs).
3.10.5. Executing OPT_MERGE pass (detect identical cells).
3.10.6. Executing OPT_DFF pass (perform DFF optimizations).
3.10.7. Executing OPT_CLEAN pass (remove unused cells and wires).
3.10.8. Executing OPT_EXPR pass (perform const folding).
3.10.9. Rerunning OPT passes. (Maybe there is more to do..)
3.10.10. Executing OPT_MUXTREE pass (detect dead branches in mux trees).
3.10.11. Executing OPT_REDUCE pass (consolidate $*mux and $reduce_* inputs).
3.10.12. Executing OPT_MERGE pass (detect identical cells).
3.10.13. Executing OPT_DFF pass (perform DFF optimizations).
3.10.14. Executing OPT_CLEAN pass (remove unused cells and wires).
3.10.15. Executing OPT_EXPR pass (perform const folding).
3.10.16. Rerunning OPT passes. (Maybe there is more to do..)
3.10.17. Executing OPT_MUXTREE pass (detect dead branches in mux trees).
3.10.18. Executing OPT_REDUCE pass (consolidate $*mux and $reduce_* inputs).
3.10.19. Executing OPT_MERGE pass (detect identical cells).
3.10.20. Executing OPT_DFF pass (perform DFF optimizations).
3.10.21. Executing OPT_CLEAN pass (remove unused cells and wires).
3.10.22. Executing OPT_EXPR pass (perform const folding).
3.10.23. Rerunning OPT passes. (Maybe there is more to do..)
3.10.24. Executing OPT_MUXTREE pass (detect dead branches in mux trees).
3.10.25. Executing OPT_REDUCE pass (consolidate $*mux and $reduce_* inputs).
3.10.26. Executing OPT_MERGE pass (detect identical cells).
3.10.27. Executing OPT_DFF pass (perform DFF optimizations).
3.10.28. Executing OPT_CLEAN pass (remove unused cells and wires).
3.10.29. Executing OPT_EXPR pass (perform const folding).
3.10.30. Rerunning OPT passes. (Maybe there is more to do..)
3.10.31. Executing OPT_MUXTREE pass (detect dead branches in mux trees).
3.10.32. Executing OPT_REDUCE pass (consolidate $*mux and $reduce_* inputs).
3.10.33. Executing OPT_MERGE pass (detect identical cells).
3.10.34. Executing OPT_DFF pass (perform DFF optimizations).
3.10.35. Executing OPT_CLEAN pass (remove unused cells and wires).
3.10.36. Executing OPT_EXPR pass (perform const folding).
3.10.37. Finished fast OPT passes. (There is nothing left to do.)
3.11. Executing WREDUCE pass (reducing word size of cells).
3.12. Executing PEEPOPT pass (run peephole optimizers).
3.13. Executing OPT_CLEAN pass (remove unused cells and wires).
3.14. Executing ALUMACC pass (create $alu and $macc cells).
3.15. Executing SHARE pass (SAT-based resource sharing).
3.16. Executing OPT pass (performing simple optimizations).
3.16.1. Executing OPT_EXPR pass (perform const folding).
3.16.2. Executing OPT_MERGE pass (detect identical cells).
3.16.3. Executing OPT_MUXTREE pass (detect dead branches in mux trees).
3.16.4. Executing OPT_REDUCE pass (consolidate $*mux and $reduce_* inputs).
3.16.5. Executing OPT_MERGE pass (detect identical cells).
3.16.6. Executing OPT_DFF pass (perform DFF optimizations).
3.16.7. Executing OPT_CLEAN pass (remove unused cells and wires).
3.16.8. Executing OPT_EXPR pass (perform const folding).
3.16.9. Rerunning OPT passes. (Maybe there is more to do..)
3.16.10. Executing OPT_MUXTREE pass (detect dead branches in mux trees).
3.16.11. Executing OPT_REDUCE pass (consolidate $*mux and $reduce_* inputs).
3.16.12. Executing OPT_MERGE pass (detect identical cells).
3.16.13. Executing OPT_DFF pass (perform DFF optimizations).
3.16.14. Executing OPT_CLEAN pass (remove unused cells and wires).
3.16.15. Executing OPT_EXPR pass (perform const folding).
3.16.16. Finished fast OPT passes. (There is nothing left to do.)
3.17. Executing MEMORY pass.
3.17.1. Executing OPT_MEM pass (optimize memories).
3.17.2. Executing OPT_MEM_PRIORITY pass (removing unnecessary memory write priority relations).
3.17.3. Executing OPT_MEM_FEEDBACK pass (finding memory read-to-write feedback paths).
3.17.4. Executing MEMORY_BMUX2ROM pass (converting muxes to ROMs).
3.17.5. Executing MEMORY_DFF pass (merging $dff cells to $memrd).
3.17.6. Executing OPT_CLEAN pass (remove unused cells and wires).
3.17.7. Executing MEMORY_SHARE pass (consolidating $memrd/$memwr cells).
3.17.8. Executing OPT_MEM_WIDEN pass (optimize memories where all ports are wide).
3.17.9. Executing OPT_CLEAN pass (remove unused cells and wires).
3.17.10. Executing MEMORY_COLLECT pass (generating $mem cells).
3.18. Executing OPT_CLEAN pass (remove unused cells and wires).
4. Executing TECHMAP pass (map to technology primitives).
4.1. Executing Verilog-2005 frontend: /OpenROAD-flow-scripts/tools/install/yosys/bin/../share/yosys/techmap.v
4.2. Continuing TECHMAP pass.
5. Generating architectural options for $alu
5.1. Executing WRAPCELL pass. (wrap selected cells)
5.2. Executing TECHMAP pass (map to technology primitives).
5.2.1. Executing Verilog-2005 frontend: /OpenROAD-flow-scripts/tools/install/yosys/bin/../share/yosys/techmap.v
5.2.2. Executing Verilog-2005 frontend: /OpenROAD-flow-scripts/tools/install/yosys/bin/../share/yosys/choices/han-carlson.v
5.2.3. Continuing TECHMAP pass.
Warning: Latch inferred for signal `$paramod\_80_lcu_han_carlson\WIDTH=32'00000000000000000000000000100001.\j [4:0]' from process `$paramod\_80_lcu_han_carlson\WIDTH=32'00000000000000000000000000100001.$proc$/OpenROAD-flow-scripts/tools/install/yosys/bin/../share/yosys/choices/han-carlson.v:18$86422': $auto$proc_dlatch.cc:545:proc_dlatch$87682
Warning: Latch inferred for signal `$paramod\_80_lcu_han_carlson\WIDTH=32'00000000000000000000000000100001.\j [31:5]' from process `$paramod\_80_lcu_han_carlson\WIDTH=32'00000000000000000000000000100001.$proc$/OpenROAD-flow-scripts/tools/install/yosys/bin/../share/yosys/choices/han-carlson.v:18$86422': $auto$proc_dlatch.cc:547:proc_dlatch$87685
Warning: Latch inferred for signal `$paramod\_80_lcu_han_carlson\WIDTH=32'00000000000000000000000000100010.\j [4:0]' from process `$paramod\_80_lcu_han_carlson\WIDTH=32'00000000000000000000000000100010.$proc$/OpenROAD-flow-scripts/tools/install/yosys/bin/../share/yosys/choices/han-carlson.v:18$88210': $auto$proc_dlatch.cc:545:proc_dlatch$89530
Warning: Latch inferred for signal `$paramod\_80_lcu_han_carlson\WIDTH=32'00000000000000000000000000100010.\j [31:5]' from process `$paramod\_80_lcu_han_carlson\WIDTH=32'00000000000000000000000000100010.$proc$/OpenROAD-flow-scripts/tools/install/yosys/bin/../share/yosys/choices/han-carlson.v:18$88210': $auto$proc_dlatch.cc:547:proc_dlatch$89533
Warning: Latch inferred for signal `$paramod\_80_lcu_han_carlson\WIDTH=32'00000000000000000000000000100000.\j [3:0]' from process `$paramod\_80_lcu_han_carlson\WIDTH=32'00000000000000000000000000100000.$proc$/OpenROAD-flow-scripts/tools/install/yosys/bin/../share/yosys/choices/han-carlson.v:18$90040': $auto$proc_dlatch.cc:545:proc_dlatch$91267
Warning: Latch inferred for signal `$paramod\_80_lcu_han_carlson\WIDTH=32'00000000000000000000000000100000.\j [31:4]' from process `$paramod\_80_lcu_han_carlson\WIDTH=32'00000000000000000000000000100000.$proc$/OpenROAD-flow-scripts/tools/install/yosys/bin/../share/yosys/choices/han-carlson.v:18$90040': $auto$proc_dlatch.cc:547:proc_dlatch$91270
5.3. Executing TECHMAP pass (map to technology primitives).
5.3.1. Executing Verilog-2005 frontend: /OpenROAD-flow-scripts/tools/install/yosys/bin/../share/yosys/techmap.v
5.3.2. Executing Verilog-2005 frontend: /OpenROAD-flow-scripts/tools/install/yosys/bin/../share/yosys/choices/kogge-stone.v
5.3.3. Continuing TECHMAP pass.
5.4. Executing TECHMAP pass (map to technology primitives).
5.4.1. Executing Verilog-2005 frontend: /OpenROAD-flow-scripts/tools/install/yosys/bin/../share/yosys/techmap.v
5.4.2. Executing Verilog-2005 frontend: /OpenROAD-flow-scripts/tools/install/yosys/bin/../share/yosys/choices/sklansky.v
5.4.3. Continuing TECHMAP pass.
5.5. Executing TECHMAP pass (map to technology primitives).
5.5.1. Executing Verilog-2005 frontend: /OpenROAD-flow-scripts/tools/install/yosys/bin/../share/yosys/techmap.v
5.5.2. Continuing TECHMAP pass.
6. Generating architectural options for $macc
6.1. Executing WRAPCELL pass. (wrap selected cells)
6.2. Executing TECHMAP pass (map to technology primitives).
6.2.1. Executing Verilog-2005 frontend: /OpenROAD-flow-scripts/tools/install/yosys/bin/../share/yosys/techmap.v
6.2.2. Executing Verilog-2005 frontend: /OpenROAD-flow-scripts/flow/scripts/synth_wrap_operators-booth.v
6.2.3. Continuing TECHMAP pass.
6.3. Executing TECHMAP pass (map to technology primitives).
6.3.1. Executing Verilog-2005 frontend: /OpenROAD-flow-scripts/tools/install/yosys/bin/../share/yosys/techmap.v
6.3.2. Executing Verilog-2005 frontend: /OpenROAD-flow-scripts/tools/install/yosys/bin/../share/yosys/choices/han-carlson.v
6.3.3. Continuing TECHMAP pass.
7. Executing OPT pass (performing simple optimizations).
7.1. Executing OPT_EXPR pass (perform const folding).
7.2. Executing OPT_MERGE pass (detect identical cells).
7.3. Executing OPT_DFF pass (perform DFF optimizations).
7.4. Executing OPT_CLEAN pass (remove unused cells and wires).
7.5. Rerunning OPT passes. (Removed registers in this run.)
7.6. Executing OPT_EXPR pass (perform const folding).
7.7. Executing OPT_MERGE pass (detect identical cells).
7.8. Executing OPT_DFF pass (perform DFF optimizations).
7.9. Executing OPT_CLEAN pass (remove unused cells and wires).
7.10. Rerunning OPT passes. (Removed registers in this run.)
7.11. Executing OPT_EXPR pass (perform const folding).
7.12. Executing OPT_MERGE pass (detect identical cells).
7.13. Executing OPT_DFF pass (perform DFF optimizations).
7.14. Executing OPT_CLEAN pass (remove unused cells and wires).
7.15. Finished fast OPT passes.
8. Executing MEMORY_MAP pass (converting memories to logic and flip-flops).
9. Executing OPT pass (performing simple optimizations).
9.1. Executing OPT_EXPR pass (perform const folding).
9.2. Executing OPT_MERGE pass (detect identical cells).
9.3. Executing OPT_MUXTREE pass (detect dead branches in mux trees).
9.4. Executing OPT_REDUCE pass (consolidate $*mux and $reduce_* inputs).
9.5. Executing OPT_MERGE pass (detect identical cells).
9.6. Executing OPT_SHARE pass.
9.7. Executing OPT_DFF pass (perform DFF optimizations).
9.8. Executing OPT_CLEAN pass (remove unused cells and wires).
9.9. Executing OPT_EXPR pass (perform const folding).
9.10. Rerunning OPT passes. (Maybe there is more to do..)
9.11. Executing OPT_MUXTREE pass (detect dead branches in mux trees).
9.12. Executing OPT_REDUCE pass (consolidate $*mux and $reduce_* inputs).
9.13. Executing OPT_MERGE pass (detect identical cells).
9.14. Executing OPT_SHARE pass.
9.15. Executing OPT_DFF pass (perform DFF optimizations).
9.16. Executing OPT_CLEAN pass (remove unused cells and wires).
9.17. Executing OPT_EXPR pass (perform const folding).
9.18. Rerunning OPT passes. (Maybe there is more to do..)
9.19. Executing OPT_MUXTREE pass (detect dead branches in mux trees).
9.20. Executing OPT_REDUCE pass (consolidate $*mux and $reduce_* inputs).
9.21. Executing OPT_MERGE pass (detect identical cells).
9.22. Executing OPT_SHARE pass.
9.23. Executing OPT_DFF pass (perform DFF optimizations).
9.24. Executing OPT_CLEAN pass (remove unused cells and wires).
9.25. Executing OPT_EXPR pass (perform const folding).
9.26. Finished fast OPT passes. (There is nothing left to do.)
10. Executing TECHMAP pass (map to technology primitives).
10.1. Executing Verilog-2005 frontend: /OpenROAD-flow-scripts/tools/install/yosys/bin/../share/yosys/techmap.v
10.2. Executing Verilog-2005 frontend: /OpenROAD-flow-scripts/tools/install/yosys/bin/../share/yosys/choices/han-carlson.v
10.3. Continuing TECHMAP pass.
Warning: Latch inferred for signal `$paramod\_80_lcu_han_carlson\WIDTH=32'00000000000000000000000000000001.\j' from process `$paramod\_80_lcu_han_carlson\WIDTH=32'00000000000000000000000000000001.$proc$/OpenROAD-flow-scripts/tools/install/yosys/bin/../share/yosys/choices/han-carlson.v:18$113703': $auto$proc_dlatch.cc:545:proc_dlatch$113741
Warning: Latch inferred for signal `$paramod\_80_lcu_han_carlson\WIDTH=32'00000000000000000000000000000101.\j [1:0]' from process `$paramod\_80_lcu_han_carlson\WIDTH=32'00000000000000000000000000000101.$proc$/OpenROAD-flow-scripts/tools/install/yosys/bin/../share/yosys/choices/han-carlson.v:18$113759': $auto$proc_dlatch.cc:545:proc_dlatch$113915
Warning: Latch inferred for signal `$paramod\_80_lcu_han_carlson\WIDTH=32'00000000000000000000000000000101.\j [31:2]' from process `$paramod\_80_lcu_han_carlson\WIDTH=32'00000000000000000000000000000101.$proc$/OpenROAD-flow-scripts/tools/install/yosys/bin/../share/yosys/choices/han-carlson.v:18$113759': $auto$proc_dlatch.cc:547:proc_dlatch$113918
Warning: Latch inferred for signal `$paramod\_80_lcu_han_carlson\WIDTH=32'00000000000000000000000000000010.\j' from process `$paramod\_80_lcu_han_carlson\WIDTH=32'00000000000000000000000000000010.$proc$/OpenROAD-flow-scripts/tools/install/yosys/bin/../share/yosys/choices/han-carlson.v:18$113935': $auto$proc_dlatch.cc:545:proc_dlatch$113988
Warning: Latch inferred for signal `$paramod\_80_lcu_han_carlson\WIDTH=32'00000000000000000000000001000000.\j [4:0]' from process `$paramod\_80_lcu_han_carlson\WIDTH=32'00000000000000000000000001000000.$proc$/OpenROAD-flow-scripts/tools/install/yosys/bin/../share/yosys/choices/han-carlson.v:18$114126': $auto$proc_dlatch.cc:545:proc_dlatch$116841
Warning: Latch inferred for signal `$paramod\_80_lcu_han_carlson\WIDTH=32'00000000000000000000000001000000.\j [31:5]' from process `$paramod\_80_lcu_han_carlson\WIDTH=32'00000000000000000000000001000000.$proc$/OpenROAD-flow-scripts/tools/install/yosys/bin/../share/yosys/choices/han-carlson.v:18$114126': $auto$proc_dlatch.cc:547:proc_dlatch$116844
Warning: Latch inferred for signal `$paramod\_80_lcu_han_carlson\WIDTH=32'00000000000000000000000000011111.\j [3:0]' from process `$paramod\_80_lcu_han_carlson\WIDTH=32'00000000000000000000000000011111.$proc$/OpenROAD-flow-scripts/tools/install/yosys/bin/../share/yosys/choices/han-carlson.v:18$117171': $auto$proc_dlatch.cc:545:proc_dlatch$118347
Warning: Latch inferred for signal `$paramod\_80_lcu_han_carlson\WIDTH=32'00000000000000000000000000011111.\j [31:4]' from process `$paramod\_80_lcu_han_carlson\WIDTH=32'00000000000000000000000000011111.$proc$/OpenROAD-flow-scripts/tools/install/yosys/bin/../share/yosys/choices/han-carlson.v:18$117171': $auto$proc_dlatch.cc:547:proc_dlatch$118350
Warning: Latch inferred for signal `$paramod\_80_lcu_han_carlson\WIDTH=32'00000000000000000000000000001100.\j [2:0]' from process `$paramod\_80_lcu_han_carlson\WIDTH=32'00000000000000000000000000001100.$proc$/OpenROAD-flow-scripts/tools/install/yosys/bin/../share/yosys/choices/han-carlson.v:18$118461': $auto$proc_dlatch.cc:545:proc_dlatch$118866
Warning: Latch inferred for signal `$paramod\_80_lcu_han_carlson\WIDTH=32'00000000000000000000000000001100.\j [31:3]' from process `$paramod\_80_lcu_han_carlson\WIDTH=32'00000000000000000000000000001100.$proc$/OpenROAD-flow-scripts/tools/install/yosys/bin/../share/yosys/choices/han-carlson.v:18$118461': $auto$proc_dlatch.cc:547:proc_dlatch$118869
Warning: Latch inferred for signal `$paramod\_80_lcu_han_carlson\WIDTH=32'00000000000000000000000000011110.\j [3:0]' from process `$paramod\_80_lcu_han_carlson\WIDTH=32'00000000000000000000000000011110.$proc$/OpenROAD-flow-scripts/tools/install/yosys/bin/../share/yosys/choices/han-carlson.v:18$119066': $auto$proc_dlatch.cc:545:proc_dlatch$120209
Warning: Latch inferred for signal `$paramod\_80_lcu_han_carlson\WIDTH=32'00000000000000000000000000011110.\j [31:4]' from process `$paramod\_80_lcu_han_carlson\WIDTH=32'00000000000000000000000000011110.$proc$/OpenROAD-flow-scripts/tools/install/yosys/bin/../share/yosys/choices/han-carlson.v:18$119066': $auto$proc_dlatch.cc:547:proc_dlatch$120212
Warning: Latch inferred for signal `$paramod\_80_lcu_han_carlson\WIDTH=32'00000000000000000000000000001000.\j [1:0]' from process `$paramod\_80_lcu_han_carlson\WIDTH=32'00000000000000000000000000001000.$proc$/OpenROAD-flow-scripts/tools/install/yosys/bin/../share/yosys/choices/han-carlson.v:18$120679': $auto$proc_dlatch.cc:545:proc_dlatch$120934
Warning: Latch inferred for signal `$paramod\_80_lcu_han_carlson\WIDTH=32'00000000000000000000000000001000.\j [31:2]' from process `$paramod\_80_lcu_han_carlson\WIDTH=32'00000000000000000000000000001000.$proc$/OpenROAD-flow-scripts/tools/install/yosys/bin/../share/yosys/choices/han-carlson.v:18$120679': $auto$proc_dlatch.cc:547:proc_dlatch$120937
Warning: Latch inferred for signal `$paramod\_80_lcu_han_carlson\WIDTH=32'00000000000000000000000000000011.\j [0]' from process `$paramod\_80_lcu_han_carlson\WIDTH=32'00000000000000000000000000000011.$proc$/OpenROAD-flow-scripts/tools/install/yosys/bin/../share/yosys/choices/han-carlson.v:18$120959': $auto$proc_dlatch.cc:545:proc_dlatch$121058
Warning: Latch inferred for signal `$paramod\_80_lcu_han_carlson\WIDTH=32'00000000000000000000000000000011.\j [31:1]' from process `$paramod\_80_lcu_han_carlson\WIDTH=32'00000000000000000000000000000011.$proc$/OpenROAD-flow-scripts/tools/install/yosys/bin/../share/yosys/choices/han-carlson.v:18$120959': $auto$proc_dlatch.cc:547:proc_dlatch$121061
11. Executing OPT pass (performing simple optimizations).
11.1. Executing OPT_EXPR pass (perform const folding).
11.2. Executing OPT_MERGE pass (detect identical cells).
11.3. Executing OPT_MUXTREE pass (detect dead branches in mux trees).
11.4. Executing OPT_REDUCE pass (consolidate $*mux and $reduce_* inputs).
11.5. Executing OPT_MERGE pass (detect identical cells).
11.6. Executing OPT_DFF pass (perform DFF optimizations).
11.7. Executing OPT_CLEAN pass (remove unused cells and wires).
11.8. Executing OPT_EXPR pass (perform const folding).
11.9. Rerunning OPT passes. (Maybe there is more to do..)
11.10. Executing OPT_MUXTREE pass (detect dead branches in mux trees).
11.11. Executing OPT_REDUCE pass (consolidate $*mux and $reduce_* inputs).
11.12. Executing OPT_MERGE pass (detect identical cells).
11.13. Executing OPT_DFF pass (perform DFF optimizations).
11.14. Executing OPT_CLEAN pass (remove unused cells and wires).
11.15. Executing OPT_EXPR pass (perform const folding).
11.16. Finished fast OPT passes. (There is nothing left to do.)
12. Executing DFFLEGALIZE pass (convert FFs to types supported by the target).
13. Executing TECHMAP pass (map to technology primitives).
13.1. Executing Verilog-2005 frontend: /OpenROAD-flow-scripts/flow/platforms/sky130hd/cells_latch_hd.v
13.2. Continuing TECHMAP pass.
14. Executing DFFLIBMAP pass (mapping DFF cells to sequential cells from liberty file).
14.1. Executing DFFLEGALIZE pass (convert FFs to types supported by the target).
15. Executing OPT pass (performing simple optimizations).
15.1. Executing OPT_EXPR pass (perform const folding).
15.2. Executing OPT_MERGE pass (detect identical cells).
15.3. Executing OPT_MUXTREE pass (detect dead branches in mux trees).
15.4. Executing OPT_REDUCE pass (consolidate $*mux and $reduce_* inputs).
15.5. Executing OPT_MERGE pass (detect identical cells).
15.6. Executing OPT_DFF pass (perform DFF optimizations).
15.7. Executing OPT_CLEAN pass (remove unused cells and wires).
15.8. Executing OPT_EXPR pass (perform const folding).
15.9. Rerunning OPT passes. (Maybe there is more to do..)
15.10. Executing OPT_MUXTREE pass (detect dead branches in mux trees).
15.11. Executing OPT_REDUCE pass (consolidate $*mux and $reduce_* inputs).
15.12. Executing OPT_MERGE pass (detect identical cells).
15.13. Executing OPT_DFF pass (perform DFF optimizations).
15.14. Executing OPT_CLEAN pass (remove unused cells and wires).
15.15. Executing OPT_EXPR pass (perform const folding).
15.16. Finished fast OPT passes. (There is nothing left to do.)
16. Executing SETUNDEF pass (replace undef values with defined constants).
abc_new -liberty /OpenROAD-flow-scripts/flow/platforms/sky130hd/lib/sky130_fd_sc_hd__tt_025C_1v80.lib -dont_use sky130_fd_sc_hd__probe_p_8 -dont_use sky130_fd_sc_hd__probec_p_8 -dont_use sky130_fd_sc_hd__lpflow_bleeder_1 -dont_use sky130_fd_sc_hd__lpflow_clkbufkapwr_1 -dont_use sky130_fd_sc_hd__lpflow_clkbufkapwr_16 -dont_use sky130_fd_sc_hd__lpflow_clkbufkapwr_2 -dont_use sky130_fd_sc_hd__lpflow_clkbufkapwr_4 -dont_use sky130_fd_sc_hd__lpflow_clkbufkapwr_8 -dont_use sky130_fd_sc_hd__lpflow_clkinvkapwr_1 -dont_use sky130_fd_sc_hd__lpflow_clkinvkapwr_16 -dont_use sky130_fd_sc_hd__lpflow_clkinvkapwr_2 -dont_use sky130_fd_sc_hd__lpflow_clkinvkapwr_4 -dont_use sky130_fd_sc_hd__lpflow_clkinvkapwr_8 -dont_use sky130_fd_sc_hd__lpflow_decapkapwr_12 -dont_use sky130_fd_sc_hd__lpflow_decapkapwr_3 -dont_use sky130_fd_sc_hd__lpflow_decapkapwr_4 -dont_use sky130_fd_sc_hd__lpflow_decapkapwr_6 -dont_use sky130_fd_sc_hd__lpflow_decapkapwr_8 -dont_use sky130_fd_sc_hd__lpflow_inputiso0n_1 -dont_use sky130_fd_sc_hd__lpflow_inputiso0p_1 -dont_use sky130_fd_sc_hd__lpflow_inputiso1n_1 -dont_use sky130_fd_sc_hd__lpflow_inputiso1p_1 -dont_use sky130_fd_sc_hd__lpflow_inputisolatch_1 -dont_use sky130_fd_sc_hd__lpflow_isobufsrc_1 -dont_use sky130_fd_sc_hd__lpflow_isobufsrc_16 -dont_use sky130_fd_sc_hd__lpflow_isobufsrc_2 -dont_use sky130_fd_sc_hd__lpflow_isobufsrc_4 -dont_use sky130_fd_sc_hd__lpflow_isobufsrc_8 -dont_use sky130_fd_sc_hd__lpflow_isobufsrckapwr_16 -dont_use sky130_fd_sc_hd__lpflow_lsbuf_lh_hl_isowell_tap_1 -dont_use sky130_fd_sc_hd__lpflow_lsbuf_lh_hl_isowell_tap_2 -dont_use sky130_fd_sc_hd__lpflow_lsbuf_lh_hl_isowell_tap_4 -dont_use sky130_fd_sc_hd__lpflow_lsbuf_lh_isowell_4 -dont_use sky130_fd_sc_hd__lpflow_lsbuf_lh_isowell_tap_1 -dont_use sky130_fd_sc_hd__lpflow_lsbuf_lh_isowell_tap_2 -dont_use sky130_fd_sc_hd__lpflow_lsbuf_lh_isowell_tap_4 -constr /work/objects/sky130hd/m7_j2/d3_p20p0/abc.constr -D 20.0
Warning: Feature 'abc_new' is experimental.
17. Executing ABC_NEW pass.
17.1. Executing ABC9_OPS pass (helper functions for ABC9).
17.2. Executing BOX_DERIVE pass. (derive modules for boxes)
17.3. Executing ABC9_OPS pass (helper functions for ABC9).
17.4. Executing ABC9_OPS pass (helper functions for ABC9).
17.5. Mapping module 'ALU_33_0_33_0_33_unused_CO_X_Y[0]_HAN_CARLSON'.
17.5.1. Executing ABC9_OPS pass (helper functions for ABC9).
Warning: Feature 'write_xaiger2' is experimental.
17.5.2. Executing XAIGER2 backend.
17.5.3. Executing ABC9_EXE pass (technology mapping using ABC9).
17.5.4. Executing ABC9.
Warning: Feature 'read_xaiger2' is experimental.
17.5.5. Executing XAIGER2 frontend.
17.6. Executing PORTARCS pass. (derive propagation arcs)
17.7. Executing ABC9_OPS pass (helper functions for ABC9).
17.8. Mapping module 'ALU_32_0_29_0_32_unused_CO[30:0]_Y_HAN_CARLSON'.
17.8.1. Executing ABC9_OPS pass (helper functions for ABC9).
17.8.2. Executing XAIGER2 backend.
17.8.3. Executing ABC9_EXE pass (technology mapping using ABC9).
17.8.4. Executing ABC9.
17.8.5. Executing XAIGER2 frontend.
17.9. Executing PORTARCS pass. (derive propagation arcs)
17.10. Executing ABC9_OPS pass (helper functions for ABC9).
17.11. Mapping module 'ALU_30_0_32_0_32_unused_CO[30:0]_X_Y_HAN_CARLSON'.
17.11.1. Executing ABC9_OPS pass (helper functions for ABC9).
17.11.2. Executing XAIGER2 backend.
17.11.3. Executing ABC9_EXE pass (technology mapping using ABC9).
17.11.4. Executing ABC9.
17.11.5. Executing XAIGER2 frontend.
17.12. Executing PORTARCS pass. (derive propagation arcs)
17.13. Executing ABC9_OPS pass (helper functions for ABC9).
17.14. Mapping module 'ALU_30_0_32_0_32_unused_CO[30:0]_Y_HAN_CARLSON'.
17.14.1. Executing ABC9_OPS pass (helper functions for ABC9).
17.14.2. Executing XAIGER2 backend.
17.14.3. Executing ABC9_EXE pass (technology mapping using ABC9).
17.14.4. Executing ABC9.
17.14.5. Executing XAIGER2 frontend.
17.15. Executing PORTARCS pass. (derive propagation arcs)
17.16. Executing ABC9_OPS pass (helper functions for ABC9).
17.17. Mapping module 'ALU_32_0_32_0_32_unused_CO[30:0]_Y_HAN_CARLSON'.
17.17.1. Executing ABC9_OPS pass (helper functions for ABC9).
17.17.2. Executing XAIGER2 backend.
17.17.3. Executing ABC9_EXE pass (technology mapping using ABC9).
17.17.4. Executing ABC9.
17.17.5. Executing XAIGER2 frontend.
17.18. Executing PORTARCS pass. (derive propagation arcs)
17.19. Executing ABC9_OPS pass (helper functions for ABC9).
17.20. Mapping module 'ALU_32_0_30_0_32_unused_CO[30:0]_Y_HAN_CARLSON'.
17.20.1. Executing ABC9_OPS pass (helper functions for ABC9).
17.20.2. Executing XAIGER2 backend.
17.20.3. Executing ABC9_EXE pass (technology mapping using ABC9).
17.20.4. Executing ABC9.
17.20.5. Executing XAIGER2 frontend.
17.21. Executing PORTARCS pass. (derive propagation arcs)
17.22. Executing ABC9_OPS pass (helper functions for ABC9).
17.23. Mapping module 'ALU_34_0_34_0_34_HAN_CARLSON'.
17.23.1. Executing ABC9_OPS pass (helper functions for ABC9).
17.23.2. Executing XAIGER2 backend.
17.23.3. Executing ABC9_EXE pass (technology mapping using ABC9).
17.23.4. Executing ABC9.
17.23.5. Executing XAIGER2 frontend.
17.24. Executing PORTARCS pass. (derive propagation arcs)
17.25. Executing ABC9_OPS pass (helper functions for ABC9).
17.26. Mapping module 'ALU_33_0_33_0_33_HAN_CARLSON'.
17.26.1. Executing ABC9_OPS pass (helper functions for ABC9).
17.26.2. Executing XAIGER2 backend.
17.26.3. Executing ABC9_EXE pass (technology mapping using ABC9).
17.26.4. Executing ABC9.
17.26.5. Executing XAIGER2 frontend.
17.27. Executing PORTARCS pass. (derive propagation arcs)
17.28. Executing ABC9_OPS pass (helper functions for ABC9).
17.29. Mapping module 'm7_ppa_j2_top'.
17.29.1. Executing ABC9_OPS pass (helper functions for ABC9).
17.29.2. Executing XAIGER2 backend.
17.29.3. Executing ABC9_EXE pass (technology mapping using ABC9).
17.29.4. Executing ABC9.
Warning: ABC: execution of command ""/OpenROAD-flow-scripts/tools/install/yosys/bin/yosys-abc" -s -f /tmp/yosys-abc-XiqtpC/abc.script 2>&1" failed: return code 134.
17.29.5. Executing XAIGER2 frontend.
17.30. Mapping module 'ALU_33_0_33_0_33_BRENT_KUNG'.
17.30.1. Executing ABC9_OPS pass (helper functions for ABC9).
17.30.2. Executing XAIGER2 backend.
17.30.3. Executing ABC9_EXE pass (technology mapping using ABC9).
17.30.4. Executing ABC9.
17.30.5. Executing XAIGER2 frontend.
17.31. Executing PORTARCS pass. (derive propagation arcs)
17.32. Executing ABC9_OPS pass (helper functions for ABC9).
17.33. Mapping module 'ALU_33_0_33_0_33_SKLANSKY'.
17.33.1. Executing ABC9_OPS pass (helper functions for ABC9).
17.33.2. Executing XAIGER2 backend.
17.33.3. Executing ABC9_EXE pass (technology mapping using ABC9).
17.33.4. Executing ABC9.
17.33.5. Executing XAIGER2 frontend.
17.34. Executing PORTARCS pass. (derive propagation arcs)
17.35. Executing ABC9_OPS pass (helper functions for ABC9).
17.36. Mapping module 'ALU_33_0_33_0_33_KOGGE_STONE'.
17.36.1. Executing ABC9_OPS pass (helper functions for ABC9).
17.36.2. Executing XAIGER2 backend.
17.36.3. Executing ABC9_EXE pass (technology mapping using ABC9).
17.36.4. Executing ABC9.
17.36.5. Executing XAIGER2 frontend.
17.37. Executing PORTARCS pass. (derive propagation arcs)
17.38. Executing ABC9_OPS pass (helper functions for ABC9).
17.39. Mapping module 'ALU_34_0_34_0_34_BRENT_KUNG'.
17.39.1. Executing ABC9_OPS pass (helper functions for ABC9).
17.39.2. Executing XAIGER2 backend.
17.39.3. Executing ABC9_EXE pass (technology mapping using ABC9).
17.39.4. Executing ABC9.
17.39.5. Executing XAIGER2 frontend.
17.40. Executing PORTARCS pass. (derive propagation arcs)
17.41. Executing ABC9_OPS pass (helper functions for ABC9).
17.42. Mapping module 'ALU_34_0_34_0_34_SKLANSKY'.
17.42.1. Executing ABC9_OPS pass (helper functions for ABC9).
17.42.2. Executing XAIGER2 backend.
17.42.3. Executing ABC9_EXE pass (technology mapping using ABC9).
17.42.4. Executing ABC9.
17.42.5. Executing XAIGER2 frontend.
17.43. Executing PORTARCS pass. (derive propagation arcs)
17.44. Executing ABC9_OPS pass (helper functions for ABC9).
17.45. Mapping module 'ALU_34_0_34_0_34_KOGGE_STONE'.
17.45.1. Executing ABC9_OPS pass (helper functions for ABC9).
17.45.2. Executing XAIGER2 backend.
17.45.3. Executing ABC9_EXE pass (technology mapping using ABC9).
17.45.4. Executing ABC9.
17.45.5. Executing XAIGER2 frontend.
17.46. Executing PORTARCS pass. (derive propagation arcs)
17.47. Executing ABC9_OPS pass (helper functions for ABC9).
17.48. Mapping module 'ALU_32_0_30_0_32_unused_CO[30:0]_Y_BRENT_KUNG'.
17.48.1. Executing ABC9_OPS pass (helper functions for ABC9).
17.48.2. Executing XAIGER2 backend.
17.48.3. Executing ABC9_EXE pass (technology mapping using ABC9).
17.48.4. Executing ABC9.
17.48.5. Executing XAIGER2 frontend.
17.49. Executing PORTARCS pass. (derive propagation arcs)
17.50. Executing ABC9_OPS pass (helper functions for ABC9).
17.51. Mapping module 'ALU_32_0_30_0_32_unused_CO[30:0]_Y_SKLANSKY'.
17.51.1. Executing ABC9_OPS pass (helper functions for ABC9).
17.51.2. Executing XAIGER2 backend.
17.51.3. Executing ABC9_EXE pass (technology mapping using ABC9).
17.51.4. Executing ABC9.
17.51.5. Executing XAIGER2 frontend.
17.52. Executing PORTARCS pass. (derive propagation arcs)
17.53. Executing ABC9_OPS pass (helper functions for ABC9).
17.54. Mapping module 'ALU_32_0_30_0_32_unused_CO[30:0]_Y_KOGGE_STONE'.
17.54.1. Executing ABC9_OPS pass (helper functions for ABC9).
17.54.2. Executing XAIGER2 backend.
17.54.3. Executing ABC9_EXE pass (technology mapping using ABC9).
17.54.4. Executing ABC9.
17.54.5. Executing XAIGER2 frontend.
17.55. Executing PORTARCS pass. (derive propagation arcs)
17.56. Executing ABC9_OPS pass (helper functions for ABC9).
17.57. Mapping module 'ALU_32_0_32_0_32_unused_CO[30:0]_Y_BRENT_KUNG'.
17.57.1. Executing ABC9_OPS pass (helper functions for ABC9).
17.57.2. Executing XAIGER2 backend.
17.57.3. Executing ABC9_EXE pass (technology mapping using ABC9).
17.57.4. Executing ABC9.
17.57.5. Executing XAIGER2 frontend.
17.58. Executing PORTARCS pass. (derive propagation arcs)
17.59. Executing ABC9_OPS pass (helper functions for ABC9).
17.60. Mapping module 'ALU_32_0_32_0_32_unused_CO[30:0]_Y_SKLANSKY'.
17.60.1. Executing ABC9_OPS pass (helper functions for ABC9).
17.60.2. Executing XAIGER2 backend.
17.60.3. Executing ABC9_EXE pass (technology mapping using ABC9).
17.60.4. Executing ABC9.
17.60.5. Executing XAIGER2 frontend.
17.61. Executing PORTARCS pass. (derive propagation arcs)
17.62. Executing ABC9_OPS pass (helper functions for ABC9).
17.63. Mapping module 'ALU_32_0_32_0_32_unused_CO[30:0]_Y_KOGGE_STONE'.
17.63.1. Executing ABC9_OPS pass (helper functions for ABC9).
17.63.2. Executing XAIGER2 backend.
17.63.3. Executing ABC9_EXE pass (technology mapping using ABC9).
17.63.4. Executing ABC9.
17.63.5. Executing XAIGER2 frontend.
17.64. Executing PORTARCS pass. (derive propagation arcs)
17.65. Executing ABC9_OPS pass (helper functions for ABC9).
17.66. Mapping module 'ALU_30_0_32_0_32_unused_CO[30:0]_Y_BRENT_KUNG'.
17.66.1. Executing ABC9_OPS pass (helper functions for ABC9).
17.66.2. Executing XAIGER2 backend.
17.66.3. Executing ABC9_EXE pass (technology mapping using ABC9).
17.66.4. Executing ABC9.
17.66.5. Executing XAIGER2 frontend.
17.67. Executing PORTARCS pass. (derive propagation arcs)
17.68. Executing ABC9_OPS pass (helper functions for ABC9).
17.69. Mapping module 'ALU_30_0_32_0_32_unused_CO[30:0]_Y_SKLANSKY'.
17.69.1. Executing ABC9_OPS pass (helper functions for ABC9).
17.69.2. Executing XAIGER2 backend.
17.69.3. Executing ABC9_EXE pass (technology mapping using ABC9).
17.69.4. Executing ABC9.
17.69.5. Executing XAIGER2 frontend.
17.70. Executing PORTARCS pass. (derive propagation arcs)
17.71. Executing ABC9_OPS pass (helper functions for ABC9).
17.72. Mapping module 'ALU_30_0_32_0_32_unused_CO[30:0]_Y_KOGGE_STONE'.
17.72.1. Executing ABC9_OPS pass (helper functions for ABC9).
17.72.2. Executing XAIGER2 backend.
17.72.3. Executing ABC9_EXE pass (technology mapping using ABC9).
17.72.4. Executing ABC9.
17.72.5. Executing XAIGER2 frontend.
17.73. Executing PORTARCS pass. (derive propagation arcs)
17.74. Executing ABC9_OPS pass (helper functions for ABC9).
17.75. Mapping module 'ALU_30_0_32_0_32_unused_CO[30:0]_X_Y_BRENT_KUNG'.
17.75.1. Executing ABC9_OPS pass (helper functions for ABC9).
17.75.2. Executing XAIGER2 backend.
17.75.3. Executing ABC9_EXE pass (technology mapping using ABC9).
17.75.4. Executing ABC9.
17.75.5. Executing XAIGER2 frontend.
17.76. Executing PORTARCS pass. (derive propagation arcs)
17.77. Executing ABC9_OPS pass (helper functions for ABC9).
17.78. Mapping module 'ALU_30_0_32_0_32_unused_CO[30:0]_X_Y_SKLANSKY'.
17.78.1. Executing ABC9_OPS pass (helper functions for ABC9).
17.78.2. Executing XAIGER2 backend.
17.78.3. Executing ABC9_EXE pass (technology mapping using ABC9).
17.78.4. Executing ABC9.
17.78.5. Executing XAIGER2 frontend.
17.79. Executing PORTARCS pass. (derive propagation arcs)
17.80. Executing ABC9_OPS pass (helper functions for ABC9).
17.81. Mapping module 'ALU_30_0_32_0_32_unused_CO[30:0]_X_Y_KOGGE_STONE'.
17.81.1. Executing ABC9_OPS pass (helper functions for ABC9).
17.81.2. Executing XAIGER2 backend.
17.81.3. Executing ABC9_EXE pass (technology mapping using ABC9).
17.81.4. Executing ABC9.
17.81.5. Executing XAIGER2 frontend.
17.82. Executing PORTARCS pass. (derive propagation arcs)
17.83. Executing ABC9_OPS pass (helper functions for ABC9).
17.84. Mapping module 'ALU_32_0_29_0_32_unused_CO[30:0]_Y_BRENT_KUNG'.
17.84.1. Executing ABC9_OPS pass (helper functions for ABC9).
17.84.2. Executing XAIGER2 backend.
17.84.3. Executing ABC9_EXE pass (technology mapping using ABC9).
17.84.4. Executing ABC9.
17.84.5. Executing XAIGER2 frontend.
17.85. Executing PORTARCS pass. (derive propagation arcs)
17.86. Executing ABC9_OPS pass (helper functions for ABC9).
17.87. Mapping module 'ALU_32_0_29_0_32_unused_CO[30:0]_Y_SKLANSKY'.
17.87.1. Executing ABC9_OPS pass (helper functions for ABC9).
17.87.2. Executing XAIGER2 backend.
17.87.3. Executing ABC9_EXE pass (technology mapping using ABC9).
17.87.4. Executing ABC9.
17.87.5. Executing XAIGER2 frontend.
17.88. Executing PORTARCS pass. (derive propagation arcs)
17.89. Executing ABC9_OPS pass (helper functions for ABC9).
17.90. Mapping module 'ALU_32_0_29_0_32_unused_CO[30:0]_Y_KOGGE_STONE'.
17.90.1. Executing ABC9_OPS pass (helper functions for ABC9).
17.90.2. Executing XAIGER2 backend.
17.90.3. Executing ABC9_EXE pass (technology mapping using ABC9).
17.90.4. Executing ABC9.
17.90.5. Executing XAIGER2 frontend.
17.91. Executing PORTARCS pass. (derive propagation arcs)
17.92. Executing ABC9_OPS pass (helper functions for ABC9).
17.93. Mapping module 'ALU_33_0_33_0_33_unused_CO_X_Y[0]_BRENT_KUNG'.
17.93.1. Executing ABC9_OPS pass (helper functions for ABC9).
17.93.2. Executing XAIGER2 backend.
17.93.3. Executing ABC9_EXE pass (technology mapping using ABC9).
17.93.4. Executing ABC9.
17.93.5. Executing XAIGER2 frontend.
17.94. Executing PORTARCS pass. (derive propagation arcs)
17.95. Executing ABC9_OPS pass (helper functions for ABC9).
17.96. Mapping module 'ALU_33_0_33_0_33_unused_CO_X_Y[0]_SKLANSKY'.
17.96.1. Executing ABC9_OPS pass (helper functions for ABC9).
17.96.2. Executing XAIGER2 backend.
17.96.3. Executing ABC9_EXE pass (technology mapping using ABC9).
17.96.4. Executing ABC9.
17.96.5. Executing XAIGER2 frontend.
17.97. Executing PORTARCS pass. (derive propagation arcs)
17.98. Executing ABC9_OPS pass (helper functions for ABC9).
17.99. Mapping module 'ALU_33_0_33_0_33_unused_CO_X_Y[0]_KOGGE_STONE'.
17.99.1. Executing ABC9_OPS pass (helper functions for ABC9).
17.99.2. Executing XAIGER2 backend.
17.99.3. Executing ABC9_EXE pass (technology mapping using ABC9).
17.99.4. Executing ABC9.
17.99.5. Executing XAIGER2 frontend.
17.100. Executing PORTARCS pass. (derive propagation arcs)
17.101. Executing ABC9_OPS pass (helper functions for ABC9).
17.102. Executing ABC9_OPS pass (helper functions for ABC9).
Took 48 seconds: abc_new -liberty /OpenROAD-flow-scripts/flow/platforms/sky130hd/lib/sky130_fd_sc_hd__tt_025C_1v80.lib -dont_use sky130_fd_sc_hd__probe_p_8 -dont_use sky130_fd_sc_hd__probec_p_8 -dont_use sky130_fd_sc_hd__lpflow_bleeder_1 -dont_use sky130_fd_sc_hd__lpflow_clkbufkapwr_1 -dont_use sky130_fd_sc_hd__lpflow_clkbufkapwr_16 -dont_use sky130_fd_sc_hd__lpflow_clkbufkapwr_2 -dont_use sky130_fd_sc_hd__lpflow_clkbufkapwr_4 -dont_use sky130_fd_sc_hd__lpflow_clkbufkapwr_8 -dont_use sky130_fd_sc_hd__lpflow_clkinvkapwr_1 -dont_use sky130_fd_sc_hd__lpflow_clkinvkapwr_16 -dont_use sky130_fd_sc_hd__lpflow_clkinvkapwr_2 -dont_use sky130_fd_sc_hd__lpflow_clkinvkapwr_4 -dont_use sky130_fd_sc_hd__lpflow_clkinvkapwr_8 -dont_use sky130_fd_sc_hd__lpflow_decapkapwr_12 -dont_use sky130_fd_sc_hd__lpflow_decapkapwr_3 -dont_use sky130_fd_sc_hd__lpflow_decapkapwr_4 -dont_use sky130_fd_sc_hd__lpflow_decapkapwr_6 -dont_use sky130_fd_sc_hd__lpflow_decapkapwr_8 -dont_use sky130_fd_sc_hd__lpflow_inputiso0n_1 -dont_use sky130_fd_sc_hd__lpflow_inputiso0p_1 -dont_use sky130_fd_sc_hd__lpflow_inputiso1n_1 -dont_use sky130_fd_sc_hd__lpflow_inputiso1p_1 -dont_use sky130_fd_sc_hd__lpflow_inputisolatch_1 -dont_use sky130_fd_sc_hd__lpflow_isobufsrc_1 -dont_use sky130_fd_sc_hd__lpflow_isobufsrc_16 -dont_use sky130_fd_sc_hd__lpflow_isobufsrc_2 -dont_use sky130_fd_sc_hd__lpflow_isobufsrc_4 -dont_use sky130_fd_sc_hd__lpflow_isobufsrc_8 -dont_use sky130_fd_sc_hd__lpflow_isobufsrckapwr_16 -dont_use sky130_fd_sc_hd__lpflow_lsbuf_lh_hl_isowell_tap_1 -dont_use sky130_fd_sc_hd__lpflow_lsbuf_lh_hl_isowell_tap_2 -dont_use sky130_fd_sc_hd__lpflow_lsbuf_lh_hl_isowell_tap_4 -dont_use sky130_fd_sc_hd__lpflow_lsbuf_lh_isowell_4 -dont_use sky130_fd_sc_hd__lpflow_lsbuf_lh_isowell_tap_1 -dont_use sky130_fd_sc_hd__lpflow_lsbuf_lh_isowell_tap_2 -dont_use sky130_fd_sc_hd__lpflow_lsbuf_lh_isowell_tap_4 -constr /work/objects/sky130hd/m7_j2/d3_p20p0/abc.constr -D 20.0
18. Executing SPLITNETS pass (splitting up multi-bit signals).
19. Executing OPT_CLEAN pass (remove unused cells and wires).
20. Executing HILOMAP pass (mapping to constant drivers).
21. Executing INSBUF pass (insert buffer cells for connected wires).
22. Executing CHECK pass (checking for obvious problems).
23. Printing statistics.
24. Executing CHECK pass (checking for obvious problems).
25. Executing Verilog backend.
25.1. Executing BMUXMAP pass.
25.2. Executing DEMUXMAP pass.
Warnings: 26 unique messages, 26 total
Warnings: 3 experimental features used (not excluded with -x).
End of script. Logfile hash: 64baf91125, time: 57.99s, user: 19.42s, system: 1.23s, MEM: 273.29 MB peak
Yosys 0.68+post (git sha1 UNKNOWN, Release, GNU /usr/local/bin/wrapped-cc/g++ 11.4.0)
Time spent: 67% 33x abc9_exe (41 sec), 10% 1x abc_new (6 sec), ...
Elapsed time: 0:58.07[h:]min:sec. CPU time: user 61.01 sys 1.54 (107%). Peak memory: 281456KB.
Log                       Ext     Elapsed/s Peak Memory/MB sha1sum result [0:20)
1_2_yosys                 .v             58            274 4186e118c1ac1eebe227
cp /repo/m7/ppa/orfs/sky130hd/constraint.sdc /work/results/sky130hd/m7_j2/d3_p20p0/1_2_yosys.sdc
touch -r /repo/m7/ppa/orfs/sky130hd/constraint.sdc /work/results/sky130hd/m7_j2/d3_p20p0/1_2_yosys.sdc
OpenROAD 26Q3-1080-gab6fd26351 
Features included (+) or not (-): +GPU +GUI +Python
This program is licensed under the BSD-3 license. See the LICENSE file for details.
Components of this program may be licensed under more restrictive licenses which must be honored.
[INFO ORD-0030] Using 32 thread(s).
mkdir -p /work/objects/sky130hd/m7_j2/d3_p20p0
/OpenROAD-flow-scripts/flow/scripts/flow.sh 1_synth synth_odb
Running synth_odb.tcl, stage 1_synth
read_liberty /OpenROAD-flow-scripts/flow/platforms/sky130hd/lib/sky130_fd_sc_hd__tt_025C_1v80.lib
[INFO ODB-0227] LEF file: /OpenROAD-flow-scripts/flow/platforms/sky130hd/lef/sky130_fd_sc_hd.tlef, created 13 layers, 25 vias
[INFO ODB-0227] LEF file: /OpenROAD-flow-scripts/flow/platforms/sky130hd/lef/sky130_fd_sc_hd_merged.lef, created 441 library cells
link_design -hier m7_ppa_j2_top
[WARNING ORD-0011] Hierarchical flow (-hier) is currently in development and may cause multiple issues. Do not use in production environments.
read_sdc /work/results/sky130hd/m7_j2/d3_p20p0/1_2_yosys.sdc
source /OpenROAD-flow-scripts/flow/platforms/sky130hd/setRC.tcl
eliminate_dead_logic
Removed 39 unused instances and 39 unused nets.
Design area 242302 um^2 100% utilization.
write_db /work/results/sky130hd/m7_j2/d3_p20p0/1_synth.odb
write_sdc -no_timestamp /work/results/sky130hd/m7_j2/d3_p20p0/1_synth.sdc
Elapsed time: 0:00.97[h:]min:sec. CPU time: user 0.90 sys 0.06 (100%). Peak memory: 212096KB.
Log                       Ext     Elapsed/s Peak Memory/MB sha1sum result [0:20)
1_synth                   .odb            0            207 bca5473cccb633fab1d2
1_synth                   .sdc                             18625a46dca3efa72ee5
/OpenROAD-flow-scripts/flow/scripts/flow.sh 2_1_floorplan floorplan
Running floorplan.tcl, stage 2_1_floorplan
read_liberty /OpenROAD-flow-scripts/flow/platforms/sky130hd/lib/sky130_fd_sc_hd__tt_025C_1v80.lib
read_db -hier /work/results/sky130hd/m7_j2/d3_p20p0/1_synth.odb
[WARNING ORD-0012] Hierarchical flow (-hier) is currently in development and may cause multiple issues. Do not use in production environments.
read_sdc /work/results/sky130hd/m7_j2/d3_p20p0/1_synth.sdc
source /OpenROAD-flow-scripts/flow/platforms/sky130hd/setRC.tcl
Master sky130_ef_sc_hd__decap_12 is loaded but not used in the design

==========================================================================
Floorplan check_setup
--------------------------------------------------------------------------
number instances in verilog is 28620
[INFO IFP-0107] Defining die area using utilization: 50.00% and aspect ratio: 1.
[WARNING IFP-0028] Core area lower left (1.000, 1.000) snapped to (1.380, 2.720).
[INFO IFP-0001] Added 255 rows of 1512 site unithd.
[INFO IFP-0100] Die BBox:  (  0.000  0.000 ) ( 698.135 698.135 ) um
[INFO IFP-0101] Core BBox: (  1.380  2.720 ) ( 696.900 696.320 ) um
[INFO IFP-0102] Core area:                       482412.672 um^2
[INFO IFP-0103] Total instances area:            242302.387 um^2
[INFO IFP-0104] Effective utilization:                0.502
[INFO IFP-0105] Number of instances:                  28555
source /OpenROAD-flow-scripts/flow/platforms/sky130hd/make_tracks.tcl
source /repo/m7/ppa/orfs/sky130hd/fastroute.tcl
Repair tie lo fanout...
[INFO RSZ-0042] Inserted 272 tie sky130_fd_sc_hd__conb_1 instances.
Repair tie hi fanout...
[INFO RSZ-0042] Inserted 234 tie sky130_fd_sc_hd__conb_1 instances.
replace_arith_modules -path_count 1000 -target setup -slack_threshold 0.0
[INFO RSZ-0151] Starting arithmetic module replacement to optimize 'setup' target
[INFO RSZ-0152] Analyzing 1000 critical paths with slack < 0.00
[INFO RSZ-0153] Identified 1926 violating endpoints
[INFO RSZ-0154] Identified 3 critical arithmetic instances
[INFO ODB-0496] swapMaster sanity check passed (0 failures)
[INFO ODB-0496] swapMaster sanity check passed (0 failures)
[INFO ODB-0496] swapMaster sanity check passed (0 failures)
[INFO RSZ-0160] 3 arithmetic instances have swapped to improve 'setup' target
[INFO RSZ-0026] Removed 4 buffers.
Default units for flow
 time 1ns
 capacitance 1pF
 resistance 1kohm
 voltage 1v
 current 1mA
 power 1nW
 distance 1um
   Layer   | Unit Resistance | Unit Capacitance 
           |       (kohm/um) |          (pF/um)
------------------------------------------------
       li1 |        7.18e-02 |         1.50e-04
      met1 |        1.21e-03 |         1.72e-04
      met2 |        1.22e-03 |         1.36e-04
      met3 |        1.66e-04 |         2.15e-04
      met4 |        1.68e-04 |         1.48e-04
      met5 |        1.84e-05 |         1.54e-04
------------------------------------------------

   Layer   | Via Resistance 
           |         (kohm) 
----------------------------
      mcon |       9.25e-03 
       via |       4.50e-03 
      via2 |       3.37e-03 
      via3 |       3.77e-04 
      via4 |       5.80e-06 
----------------------------
Report metrics stage 2, floorplan final...

==========================================================================
floorplan final report_design_area
--------------------------------------------------------------------------
Design area 244661 um^2 51% utilization.
write_db /work/results/sky130hd/m7_j2/d3_p20p0/2_1_floorplan.odb
write_sdc -no_timestamp /work/results/sky130hd/m7_j2/d3_p20p0/2_1_floorplan.sdc
Elapsed time: 0:05.18[h:]min:sec. CPU time: user 7.36 sys 3.86 (216%). Peak memory: 265496KB.
Log                       Ext     Elapsed/s Peak Memory/MB sha1sum result [0:20)
2_1_floorplan             .odb            5            259 25b9fd6b8c42d13c40e8
2_1_floorplan             .sdc                             18625a46dca3efa72ee5
/OpenROAD-flow-scripts/flow/scripts/flow.sh 2_2_floorplan_macro macro_place
Running macro_place.tcl, stage 2_2_floorplan_macro
read_liberty /OpenROAD-flow-scripts/flow/platforms/sky130hd/lib/sky130_fd_sc_hd__tt_025C_1v80.lib
read_db -hier /work/results/sky130hd/m7_j2/d3_p20p0/2_1_floorplan.odb
[WARNING ORD-0012] Hierarchical flow (-hier) is currently in development and may cause multiple issues. Do not use in production environments.
read_sdc /work/results/sky130hd/m7_j2/d3_p20p0/2_1_floorplan.sdc
source /OpenROAD-flow-scripts/flow/platforms/sky130hd/setRC.tcl
No macros found: Skipping macro_placement
Design area 244661 um^2 51% utilization.
write_db /work/results/sky130hd/m7_j2/d3_p20p0/2_2_floorplan_macro.odb
Elapsed time: 0:00.42[h:]min:sec. CPU time: user 0.35 sys 0.07 (100%). Peak memory: 192768KB.
Log                       Ext     Elapsed/s Peak Memory/MB sha1sum result [0:20)
2_2_floorplan_macro       .odb            0            188 25b9fd6b8c42d13c40e8
/OpenROAD-flow-scripts/flow/scripts/flow.sh 2_3_floorplan_tapcell tapcell
Running tapcell.tcl, stage 2_3_floorplan_tapcell
read_liberty /OpenROAD-flow-scripts/flow/platforms/sky130hd/lib/sky130_fd_sc_hd__tt_025C_1v80.lib
read_db -hier /work/results/sky130hd/m7_j2/d3_p20p0/2_2_floorplan_macro.odb
[WARNING ORD-0012] Hierarchical flow (-hier) is currently in development and may cause multiple issues. Do not use in production environments.
read_sdc /work/results/sky130hd/m7_j2/d3_p20p0/2_1_floorplan.sdc
source /OpenROAD-flow-scripts/flow/platforms/sky130hd/setRC.tcl
[INFO TAP-0005] Inserted 6425 tapcells.
Design area 252700 um^2 52% utilization.
write_db /work/results/sky130hd/m7_j2/d3_p20p0/2_3_floorplan_tapcell.odb
Elapsed time: 0:00.40[h:]min:sec. CPU time: user 0.33 sys 0.07 (100%). Peak memory: 178724KB.
Log                       Ext     Elapsed/s Peak Memory/MB sha1sum result [0:20)
2_3_floorplan_tapcell     .odb            0            174 7977e7957170b124bfd3
/OpenROAD-flow-scripts/flow/scripts/flow.sh 2_4_floorplan_pdn pdn
Running pdn.tcl, stage 2_4_floorplan_pdn
read_liberty /OpenROAD-flow-scripts/flow/platforms/sky130hd/lib/sky130_fd_sc_hd__tt_025C_1v80.lib
read_db -hier /work/results/sky130hd/m7_j2/d3_p20p0/2_3_floorplan_tapcell.odb
[WARNING ORD-0012] Hierarchical flow (-hier) is currently in development and may cause multiple issues. Do not use in production environments.
read_sdc /work/results/sky130hd/m7_j2/d3_p20p0/2_1_floorplan.sdc
source /OpenROAD-flow-scripts/flow/platforms/sky130hd/setRC.tcl
[WARNING PDN-1051] No instances found for grid (CORE_macro_grid_1).
[WARNING PDN-1051] No instances found for grid (CORE_macro_grid_2).
[INFO PDN-0001] Inserting grid: grid
[INFO PDN-0500] Runtime: 0.14s
Design area 252700 um^2 52% utilization.
write_db /work/results/sky130hd/m7_j2/d3_p20p0/2_4_floorplan_pdn.odb
Elapsed time: 0:00.78[h:]min:sec. CPU time: user 0.70 sys 0.08 (100%). Peak memory: 220360KB.
Log                       Ext     Elapsed/s Peak Memory/MB sha1sum result [0:20)
2_4_floorplan_pdn         .odb            0            215 7a93d90fa89b25b5df6f
cp /work/results/sky130hd/m7_j2/d3_p20p0/2_4_floorplan_pdn.odb /work/results/sky130hd/m7_j2/d3_p20p0/2_floorplan.odb
cp /work/results/sky130hd/m7_j2/d3_p20p0/2_1_floorplan.sdc /work/results/sky130hd/m7_j2/d3_p20p0/2_floorplan.sdc
/OpenROAD-flow-scripts/flow/scripts/flow.sh 3_1_place_gp_skip_io global_place_skip_io
Running global_place_skip_io.tcl, stage 3_1_place_gp_skip_io
read_liberty /OpenROAD-flow-scripts/flow/platforms/sky130hd/lib/sky130_fd_sc_hd__tt_025C_1v80.lib
read_db -hier /work/results/sky130hd/m7_j2/d3_p20p0/2_floorplan.odb
[WARNING ORD-0012] Hierarchical flow (-hier) is currently in development and may cause multiple issues. Do not use in production environments.
read_sdc /work/results/sky130hd/m7_j2/d3_p20p0/2_floorplan.sdc
source /OpenROAD-flow-scripts/flow/platforms/sky130hd/setRC.tcl
[INFO GPL-0022] Initialize gpl and calculate uniform density.
Placement density is 0.687499994635582, computed from PLACE_DENSITY_LB_ADDON  0.25 and lower bound 0.5699999928474426
global_placement -skip_io -density 0.687499994635582 -pad_left 0 -pad_right 0
[INFO GPL-0001] ---- Initialize GPL Main Data Structures
[INFO GPL-0002] DBU: 1000
[INFO GPL-0003] SiteSize: (  0.460  2.720 ) um
[INFO GPL-0004] CoreBBox: (  1.380  2.720 ) ( 696.900 696.320 ) um
[INFO GPL-0016] Core area:                  482412.672 um^2
[INFO GPL-0036] Movable instances area:     244660.899 um^2
[INFO GPL-0037] Total instances area:       252699.859 um^2
[INFO GPL-0035] Pin density area adjust:     25502.730 um^2
[INFO GPL-0032] ---- Initialize Region: Top-level
[INFO GPL-0006] Number of instances:             35656
[INFO GPL-0007] Movable instances:               29231
[INFO GPL-0008] Fixed instances:                  6425
[INFO GPL-0009] Dummy instances:                     0
[INFO GPL-0010] Number of nets:                  29426
[INFO GPL-0011] Number of pins:                 108660
[INFO GPL-0012] Die BBox:       (  0.000  0.000 ) ( 698.135 698.135 ) um
[INFO GPL-0013] Placement BBox: (  1.380  2.720 ) ( 696.900 696.320 ) um
[INFO GPL-0014] Region name: top-level.
[INFO GPL-0015] Region area:                482412.672 um^2
[INFO GPL-0017] Fixed instances area:         8038.960 um^2
[INFO GPL-0018] Movable instances area:     270163.630 um^2
[INFO GPL-0019] Utilization:                    56.952 %
[INFO GPL-0020] Standard cells area:        270163.630 um^2
[INFO GPL-0021] Large instances area:            0.000 um^2
[INFO GPL-0005] ---- Execute Conjugate Gradient Initial Placement.
[INFO GPL-0051] Source of initial instance position counters:
	Odb location = 0	Core center = 29231	Region center = 0
[INFO GPL-0033] ---- Initialize Nesterov Region: Top-level
[INFO GPL-0023] Placement target density:       0.6875
[INFO GPL-0024] Movable insts average area:      9.242 um^2
[INFO GPL-0025] Ideal bin area:                 13.443 um^2
[INFO GPL-0026] Ideal bin count:                 35884
[INFO GPL-0027] Total bin area:             482412.672 um^2
[INFO GPL-0028] Bin count (X, Y):         128 ,    128
[INFO GPL-0029] Bin size (W * H):       5.434 *  5.419 um
[INFO GPL-0030] Number of bins:                  16384
[INFO GPL-0084] ---- Execute Nesterov Global Placement.
[INFO GPL-0031] HPWL: Half-Perimeter Wirelength
Iteration | Overflow |     HPWL (um) |  HPWL(%) |   Penalty | Group
---------------------------------------------------------------
        0 |   0.9993 |  5.446412e+04 |   +0.00% |  8.67e-16 |      
       10 |   0.9991 |  4.192461e+04 |  -23.02% |  1.41e-15 |      
       20 |   0.9991 |  4.135494e+04 |   -1.36% |  2.30e-15 |      
       30 |   0.9990 |  4.118072e+04 |   -0.42% |  3.75e-15 |      
       40 |   0.9990 |  4.110271e+04 |   -0.19% |  6.10e-15 |      
       50 |   0.9989 |  4.105065e+04 |   -0.13% |  9.94e-15 |      
       60 |   0.9989 |  4.102415e+04 |   -0.06% |  1.62e-14 |      
       70 |   0.9989 |  4.105801e+04 |   +0.08% |  2.64e-14 |      
       80 |   0.9988 |  4.120862e+04 |   +0.37% |  4.30e-14 |      
       90 |   0.9987 |  4.173277e+04 |   +1.27% |  7.00e-14 |      
      100 |   0.9980 |  4.314796e+04 |   +3.39% |  1.14e-13 |      
      110 |   0.9976 |  4.630756e+04 |   +7.32% |  1.86e-13 |      
      120 |   0.9964 |  5.247370e+04 |  +13.32% |  3.02e-13 |      
      130 |   0.9939 |  6.354154e+04 |  +21.09% |  4.91e-13 |      
      140 |   0.9896 |  7.961873e+04 |  +25.30% |  7.99e-13 |      
      150 |   0.9845 |  9.996350e+04 |  +25.55% |  1.30e-12 |      
      160 |   0.9781 |  1.242178e+05 |  +24.26% |  2.11e-12 |      
      170 |   0.9704 |  1.504878e+05 |  +21.15% |  3.43e-12 |      
      180 |   0.9604 |  1.789170e+05 |  +18.89% |  5.57e-12 |      
      190 |   0.9478 |  2.131771e+05 |  +19.15% |  9.03e-12 |      
      200 |   0.9326 |  2.548205e+05 |  +19.53% |  1.46e-11 |      
      210 |   0.9112 |  3.007617e+05 |  +18.03% |  2.37e-11 |      
      220 |   0.8828 |  3.471100e+05 |  +15.41% |  3.85e-11 |      
      230 |   0.8487 |  3.912246e+05 |  +12.71% |  6.24e-11 |      
      240 |   0.8201 |  4.337153e+05 |  +10.86% |  1.01e-10 |      
      250 |   0.7751 |  4.718603e+05 |   +8.79% |  1.64e-10 |      
      260 |   0.7380 |  5.010037e+05 |   +6.18% |  2.66e-10 |      
      270 |   0.6937 |  5.292746e+05 |   +5.64% |  4.32e-10 |      
      280 |   0.6517 |  5.631209e+05 |   +6.39% |  7.02e-10 |      
      290 |   0.6043 |  6.015155e+05 |   +6.82% |  1.14e-09 |      
      300 |   0.5709 |  6.076275e+05 |   +1.02% |  1.85e-09 |      
      310 |   0.5171 |  6.235787e+05 |   +2.63% |  3.01e-09 |      
      320 |   0.4712 |  6.268279e+05 |   +0.52% |  4.90e-09 |      
      330 |   0.4278 |  6.326275e+05 |   +0.93% |  7.98e-09 |      
      340 |   0.3850 |  6.298870e+05 |   -0.43% |  1.30e-08 |      
      350 |   0.3422 |  6.313698e+05 |   +0.24% |  2.10e-08 |      
      360 |   0.3100 |  6.303937e+05 |   -0.15% |  3.09e-08 |      
      370 |   0.2813 |  6.294361e+05 |   -0.15% |  4.55e-08 |      
      380 |   0.2501 |  6.297219e+05 |   +0.05% |  6.70e-08 |      
      390 |   0.2222 |  6.297613e+05 |   +0.01% |  9.87e-08 |      
      400 |   0.1960 |  6.308829e+05 |   +0.18% |  1.45e-07 |      
      410 |   0.1694 |  6.318748e+05 |   +0.16% |  2.14e-07 |      
      420 |   0.1475 |  6.331175e+05 |   +0.20% |  3.16e-07 |      
      430 |   0.1257 |  6.347432e+05 |   +0.26% |  4.65e-07 |      
      440 |   0.1066 |  6.361542e+05 |   +0.22% |  6.85e-07 |      
      444 |   0.0993 |  6.368288e+05 |          |  8.31e-07 |      
---------------------------------------------------------------
[INFO GPL-1001] Global placement finished at iteration 444
[INFO GPL-1002] Placed Cell Area            270163.6297
[INFO GPL-1003] Available Free Area         474373.7120
[INFO GPL-1004] Minimum Feasible Density        0.5700 (cell_area / free_area)
[INFO GPL-1006]   Suggested Target Densities:
[INFO GPL-1007]     - For 90% usage of free space: 0.6328
[INFO GPL-1008]     - For 80% usage of free space: 0.7119
[INFO GPL-1014] Final placement area: 270163.63 (+0.00%)
Took 31 seconds: global_placement -skip_io -density 0.687499994635582 -pad_left 0 -pad_right 0
Design area 252700 um^2 52% utilization.
write_db /work/results/sky130hd/m7_j2/d3_p20p0/3_1_place_gp_skip_io.odb
Elapsed time: 0:31.92[h:]min:sec. CPU time: user 859.61 sys 1.10 (2696%). Peak memory: 246484KB.
Log                       Ext     Elapsed/s Peak Memory/MB sha1sum result [0:20)
3_1_place_gp_skip_io      .odb           31            240 4d07dd4941c88f04ade8
/OpenROAD-flow-scripts/flow/scripts/flow.sh 3_2_place_iop io_placement
Running io_placement.tcl, stage 3_2_place_iop
read_liberty /OpenROAD-flow-scripts/flow/platforms/sky130hd/lib/sky130_fd_sc_hd__tt_025C_1v80.lib
read_db -hier /work/results/sky130hd/m7_j2/d3_p20p0/3_1_place_gp_skip_io.odb
[WARNING ORD-0012] Hierarchical flow (-hier) is currently in development and may cause multiple issues. Do not use in production environments.
read_sdc /work/results/sky130hd/m7_j2/d3_p20p0/2_floorplan.sdc
source /OpenROAD-flow-scripts/flow/platforms/sky130hd/setRC.tcl
place_pins -hor_layers met3 -ver_layers met2
Found 0 macro blocks.
Using 2 tracks default min distance between IO pins.
[INFO PPL-0001] Number of available slots 2532
[INFO PPL-0002] Number of I/O             276
[INFO PPL-0003] Number of I/O w/sink      239
[INFO PPL-0004] Number of I/O w/o sink    37
[INFO PPL-0005] Slots per section         200
[INFO PPL-0008] Successfully assigned pins to sections.
[INFO PPL-0012] I/O nets HPWL: 47563.20 um.
Design area 252700 um^2 52% utilization.
write_db /work/results/sky130hd/m7_j2/d3_p20p0/3_2_place_iop.odb
Elapsed time: 0:00.45[h:]min:sec. CPU time: user 0.38 sys 0.07 (100%). Peak memory: 202036KB.
Log                       Ext     Elapsed/s Peak Memory/MB sha1sum result [0:20)
3_2_place_iop             .odb            0            197 c3d8a5e6fbcc520c4157
/OpenROAD-flow-scripts/flow/scripts/flow.sh 3_3_place_gp global_place
Running global_place.tcl, stage 3_3_place_gp
read_liberty /OpenROAD-flow-scripts/flow/platforms/sky130hd/lib/sky130_fd_sc_hd__tt_025C_1v80.lib
read_db -hier /work/results/sky130hd/m7_j2/d3_p20p0/3_2_place_iop.odb
[WARNING ORD-0012] Hierarchical flow (-hier) is currently in development and may cause multiple issues. Do not use in production environments.
read_sdc /work/results/sky130hd/m7_j2/d3_p20p0/2_floorplan.sdc
source /OpenROAD-flow-scripts/flow/platforms/sky130hd/setRC.tcl
[INFO RSZ-0026] Removed 0 buffers.
Perform port buffering...
[INFO RSZ-0027] Inserted 157 sky130_fd_sc_hd__clkdlybuf4s50_1 input buffers.
[INFO RSZ-0028] Inserted 77 sky130_fd_sc_hd__clkdlybuf4s50_1 output buffers.
[INFO GPL-0022] Initialize gpl and calculate uniform density.
Placement density is 0.6949999874830246, computed from PLACE_DENSITY_LB_ADDON  0.25 and lower bound 0.5799999833106995
global_placement -density 0.6949999874830246 -pad_left 0 -pad_right 0 -routability_driven -timing_driven -force_center_initial_place -min_phi_coef 0.95 -max_phi_coef 1.05
[INFO GPL-0001] ---- Initialize GPL Main Data Structures
[INFO GPL-0002] DBU: 1000
[INFO GPL-0003] SiteSize: (  0.460  2.720 ) um
[INFO GPL-0004] CoreBBox: (  1.380  2.720 ) ( 696.900 696.320 ) um
[INFO GPL-0016] Core area:                  482412.672 um^2
[INFO GPL-0036] Movable instances area:     247003.146 um^2
[INFO GPL-0037] Total instances area:       255042.106 um^2
[INFO GPL-0035] Pin density area adjust:     25613.786 um^2
[INFO GPL-0032] ---- Initialize Region: Top-level
[INFO GPL-0006] Number of instances:             35890
[INFO GPL-0007] Movable instances:               29465
[INFO GPL-0008] Fixed instances:                  6425
[INFO GPL-0009] Dummy instances:                     0
[INFO GPL-0010] Number of nets:                  29660
[INFO GPL-0011] Number of pins:                 109404
[INFO GPL-0012] Die BBox:       (  0.000  0.000 ) ( 698.135 698.135 ) um
[INFO GPL-0013] Placement BBox: (  1.380  2.720 ) ( 696.900 696.320 ) um
[INFO GPL-0014] Region name: top-level.
[INFO GPL-0015] Region area:                482412.672 um^2
[INFO GPL-0017] Fixed instances area:         8038.960 um^2
[INFO GPL-0018] Movable instances area:     272616.932 um^2
[INFO GPL-0019] Utilization:                    57.469 %
[INFO GPL-0020] Standard cells area:        272616.932 um^2
[INFO GPL-0021] Large instances area:            0.000 um^2
[INFO GPL-0005] ---- Execute Conjugate Gradient Initial Placement.
[INFO GPL-0051] Source of initial instance position counters:
	Odb location = 0	Core center = 29465	Region center = 0
[InitialPlace]  Iter: 1 conjugate gradient residual: 0.01233519 HPWL: 835400300
[InitialPlace]  Iter: 2 conjugate gradient residual: 0.00148814 HPWL: 333347481
[InitialPlace]  Iter: 3 conjugate gradient residual: 0.00066544 HPWL: 313157654
[InitialPlace]  Iter: 4 conjugate gradient residual: 0.00035588 HPWL: 301473564
[InitialPlace]  Iter: 5 conjugate gradient residual: 0.00031068 HPWL: 296346477
[InitialPlace]  Iter: 6 conjugate gradient residual: 0.00028313 HPWL: 293992713
[InitialPlace]  Iter: 7 conjugate gradient residual: 0.00027219 HPWL: 292274390
[InitialPlace]  Iter: 8 conjugate gradient residual: 0.00028209 HPWL: 291800030
[InitialPlace]  Iter: 9 conjugate gradient residual: 0.00038758 HPWL: 290648654
[InitialPlace]  Iter: 10 conjugate gradient residual: 0.00038859 HPWL: 290580263
[InitialPlace]  Iter: 11 conjugate gradient residual: 0.00030586 HPWL: 289526057
[InitialPlace]  Iter: 12 conjugate gradient residual: 0.00040483 HPWL: 289482321
[InitialPlace]  Iter: 13 conjugate gradient residual: 0.00028217 HPWL: 288489399
[InitialPlace]  Iter: 14 conjugate gradient residual: 0.00050628 HPWL: 288515116
[InitialPlace]  Iter: 15 conjugate gradient residual: 0.00028843 HPWL: 286841397
[InitialPlace]  Iter: 16 conjugate gradient residual: 0.00044297 HPWL: 287106324
[InitialPlace]  Iter: 17 conjugate gradient residual: 0.00037067 HPWL: 285867465
[InitialPlace]  Iter: 18 conjugate gradient residual: 0.00042909 HPWL: 286038685
[InitialPlace]  Iter: 19 conjugate gradient residual: 0.00041342 HPWL: 284959205
[InitialPlace]  Iter: 20 conjugate gradient residual: 0.00030375 HPWL: 285192001
[INFO GPL-0033] ---- Initialize Nesterov Region: Top-level
[INFO GPL-0023] Placement target density:       0.6950
[INFO GPL-0024] Movable insts average area:      9.252 um^2
[INFO GPL-0025] Ideal bin area:                 13.313 um^2
[INFO GPL-0026] Ideal bin count:                 36237
[INFO GPL-0027] Total bin area:             482412.672 um^2
[INFO GPL-0028] Bin count (X, Y):         128 ,    128
[INFO GPL-0029] Bin size (W * H):       5.434 *  5.419 um
[INFO GPL-0030] Number of bins:                  16384
[INFO GPL-0084] ---- Execute Nesterov Global Placement.
[INFO GPL-0031] HPWL: Half-Perimeter Wirelength
Iteration | Overflow |     HPWL (um) |  HPWL(%) |   Penalty | Group
---------------------------------------------------------------
        0 |   0.9823 |  1.080772e+05 |   +0.00% |  1.75e-16 |      
       10 |   0.9664 |  1.248877e+05 |  +15.55% |  2.84e-16 |      
       20 |   0.9572 |  1.384825e+05 |  +10.89% |  4.63e-16 |      
       30 |   0.9542 |  1.475272e+05 |   +6.53% |  7.53e-16 |      
       40 |   0.9529 |  1.520034e+05 |   +3.03% |  1.23e-15 |      
       50 |   0.9516 |  1.545153e+05 |   +1.65% |  2.00e-15 |      
       60 |   0.9504 |  1.560559e+05 |   +1.00% |  3.25e-15 |      
       70 |   0.9501 |  1.576347e+05 |   +1.01% |  5.29e-15 |      
       80 |   0.9497 |  1.596459e+05 |   +1.28% |  8.62e-15 |      
       90 |   0.9491 |  1.616834e+05 |   +1.28% |  1.40e-14 |      
      100 |   0.9486 |  1.630109e+05 |   +0.82% |  2.29e-14 |      
      110 |   0.9492 |  1.633304e+05 |   +0.20% |  3.72e-14 |      
      120 |   0.9487 |  1.630401e+05 |   -0.18% |  6.06e-14 |      
      130 |   0.9485 |  1.627831e+05 |   -0.16% |  9.88e-14 |      
      140 |   0.9484 |  1.631399e+05 |   +0.22% |  1.61e-13 |      
      150 |   0.9476 |  1.644803e+05 |   +0.82% |  2.62e-13 |      
      160 |   0.9471 |  1.671419e+05 |   +1.62% |  4.27e-13 |      
      170 |   0.9454 |  1.719221e+05 |   +2.86% |  6.95e-13 |      
      180 |   0.9439 |  1.797705e+05 |   +4.57% |  1.13e-12 |      
      190 |   0.9404 |  1.916806e+05 |   +6.63% |  1.84e-12 |      
      200 |   0.9353 |  2.076587e+05 |   +8.34% |  2.99e-12 |      
      210 |   0.9276 |  2.271320e+05 |   +9.38% |  4.86e-12 |      
      220 |   0.9183 |  2.507584e+05 |  +10.40% |  7.90e-12 |      
      230 |   0.9053 |  2.799850e+05 |  +11.66% |  1.28e-11 |      
      240 |   0.8872 |  3.143493e+05 |  +12.27% |  2.08e-11 |      
      250 |   0.8637 |  3.513252e+05 |  +11.76% |  3.38e-11 |      
      260 |   0.8370 |  3.896542e+05 |  +10.91% |  5.48e-11 |      
      270 |   0.8062 |  4.275563e+05 |   +9.73% |  8.89e-11 |      
      280 |   0.7727 |  4.613834e+05 |   +7.91% |  1.44e-10 |      
      290 |   0.7381 |  4.883768e+05 |   +5.85% |  2.34e-10 |      
      300 |   0.6966 |  5.180905e+05 |   +6.08% |  3.80e-10 |      
      310 |   0.6526 |  5.491992e+05 |   +6.00% |  6.17e-10 |      
[INFO GPL-0100] Timing-driven iteration 1/2, virtual: false.
[INFO GPL-0101]    Iter: 315, overflow: 0.634, keep resizer changes at: 1, HPWL: 562282311
Iteration |   Area    | Resized | Buffers | Nets repaired | Remaining
---------------------------------------------------------------------
        0 |     +0.0% |       0 |       0 |             0 |     30166
    final |     +6.8% |     305 |     794 |           360 |         0
---------------------------------------------------------------------
[INFO RSZ-0034] Found 358 slew violations.
[INFO RSZ-0036] Found 176 capacitance violations.
[INFO RSZ-0039] Resized 305 instances.
[INFO RSZ-0038] Inserted 794 buffers in 360 nets.
   Iter   |    Area   | Removed | Inserted |   Pins
          |           | Buffers | Buffers  | Remaining
-------------------------------------------------------
        0 |     +0.0% |       0 |        0 |     28311
     2800 |     -0.2% |      47 |       40 |     25511
     5600 |     -0.6% |     139 |       97 |     22711
     8400 |     -1.2% |     249 |      151 |     19911
    11200 |     -1.7% |     360 |      212 |     17111
    14000 |     -1.9% |     405 |      248 |     14311
    16800 |     -2.0% |     464 |      304 |     11511
    19600 |     -2.1% |     542 |      423 |      8711
    22400 |     -2.1% |     565 |      474 |      5911
    25200 |     -3.8% |     777 |      598 |      3111
    28000 |     -3.8% |     780 |      605 |       311
    final |     -3.8% |     794 |      635 |         0
-------------------------------------------------------
[INFO GPL-0106] Timing-driven: worst slack -5.095e-09
[INFO GPL-0107] Timing-driven: repair_design delta area: 6617.536 um^2 (+2.43%)
[INFO GPL-0108] Timing-driven: repair_design, gpl delta gcells: 635 (+2.16%)
[INFO GPL-0109] Timing-driven: repair_design, gcells created: 1429, deleted: 794
[INFO GPL-0110] Timing-driven: new target density: 0.70895004
Iteration | Overflow |     HPWL (um) |  HPWL(%) |   Penalty | Group
---------------------------------------------------------------
      320 |   0.6016 |  6.386865e+05 |  +16.29% |  9.95e-10 |      
[INFO GPL-0038] Routability snapshot saved at iter = 322
      321 |   0.5984 |  6.404595e+05 |          |           |      
      330 |   0.5650 |  6.538789e+05 |   +2.38% |  1.62e-09 |      
      340 |   0.5175 |  6.669525e+05 |   +2.00% |  2.63e-09 |      
      350 |   0.4836 |  6.781199e+05 |   +1.67% |  4.28e-09 |      
      360 |   0.4368 |  6.833140e+05 |   +0.77% |  6.97e-09 |      
      370 |   0.3944 |  6.862453e+05 |   +0.43% |  1.14e-08 |      
      380 |   0.3508 |  6.932572e+05 |   +1.02% |  1.85e-08 |      
      390 |   0.3181 |  6.934604e+05 |   +0.03% |  2.78e-08 |      
[INFO GPL-0040] Routability iteration: 1
[WARNING GRT-0281] Net _14855_ has a large fanout of 2191 terminals.
[INFO GPL-0041] Total routing overflow: 125.3532
[INFO GPL-0042] Number of overflowed tiles: 1079 (10.58%)
[INFO GPL-0043] Average top 0.5% routing congestion: 1.3850
[INFO GPL-0044] Average top 1.0% routing congestion: 1.3365
[INFO GPL-0045] Average top 2.0% routing congestion: 1.2810
[INFO GPL-0046] Average top 5.0% routing congestion: 1.1973
[INFO GPL-0047] Routability iteration weighted routing congestion: 1.3607
[INFO GPL-0048] Routing congestion (1.3607) lower than previous minimum (1e+30). Updating minimum.
[INFO GPL-0086] Inflated area:               18742.574 um^2 (+6.71%)
[INFO GPL-0052] Placement target density:       0.7090
[INFO GPL-0076] Removing fillers, count: Before: 6379, After: 4284 (-32.84%)
[INFO GPL-0077] Filler area (um^2)     : Before: 57072.795, After: 38324.493 (-32.85%)
[INFO GPL-0078] Removed fillers count: 2095, area removed: 18741.786 um^2. Remaining area to be compensated by modifying density: 0.788 um^2
[INFO GPL-0058] White space area:           474373.712 um^2 (+0.00%)
[INFO GPL-0059] Movable instances area:     336307.257 um^2 (+0.00%)
[INFO GPL-0060] Total filler area:           38324.493 um^2 (-32.85%)
[INFO GPL-0061] Total non-inflated area:    336301.535 um^2 (-0.00%)
[INFO GPL-0062] Total inflated area:        355044.109 um^2 (-0.00%)
[INFO GPL-0063] New Target Density:             0.7090
[INFO GPL-0087] Routability end iteration: increase inflation and revert back to snapshot.
Iteration | Overflow |     HPWL (um) |  HPWL(%) |   Penalty | Group
---------------------------------------------------------------
      400 |   0.6034 |  6.548885e+05 |   -5.56% |  1.18e-09 |      
      410 |   0.5410 |  7.078238e+05 |   +8.08% |  1.74e-09 |      
      420 |   0.5204 |  7.149525e+05 |   +1.01% |  2.56e-09 |      
      430 |   0.4898 |  7.168634e+05 |   +0.27% |  3.77e-09 |      
      440 |   0.4547 |  7.069620e+05 |   -1.38% |  5.55e-09 |      
      450 |   0.4198 |  7.203950e+05 |   +1.90% |  8.16e-09 |      
      460 |   0.3876 |  7.271301e+05 |   +0.93% |  1.20e-08 |      
      470 |   0.3577 |  7.225034e+05 |   -0.64% |  1.77e-08 |      
      480 |   0.3222 |  7.258744e+05 |   +0.47% |  2.61e-08 |      
[INFO GPL-0040] Routability iteration: 2
[INFO GPL-0041] Total routing overflow: 67.3769
[INFO GPL-0042] Number of overflowed tiles: 846 (8.29%)
[INFO GPL-0043] Average top 0.5% routing congestion: 1.2400
[INFO GPL-0044] Average top 1.0% routing congestion: 1.2077
[INFO GPL-0045] Average top 2.0% routing congestion: 1.1732
[INFO GPL-0046] Average top 5.0% routing congestion: 1.1167
[INFO GPL-0047] Routability iteration weighted routing congestion: 1.2238
[INFO GPL-0048] Routing congestion (1.2238) lower than previous minimum (1.361). Updating minimum.
[INFO GPL-0086] Inflated area:                7851.542 um^2 (+2.63%)
[INFO GPL-0052] Placement target density:       0.7090
[INFO GPL-0076] Removing fillers, count: Before: 4284, After: 3407 (-20.47%)
[INFO GPL-0077] Filler area (um^2)     : Before: 38324.493, After: 30478.886 (-20.47%)
[INFO GPL-0078] Removed fillers count: 877, area removed: 7845.607 um^2. Remaining area to be compensated by modifying density: 5.935 um^2
[INFO GPL-0058] White space area:           474373.712 um^2 (+0.00%)
[INFO GPL-0059] Movable instances area:     336307.257 um^2 (+0.00%)
[INFO GPL-0060] Total filler area:           30478.886 um^2 (-20.47%)
[INFO GPL-0061] Total non-inflated area:    336307.470 um^2 (+0.00%)
[INFO GPL-0062] Total inflated area:        344159.012 um^2 (+0.00%)
[INFO GPL-0063] New Target Density:             0.7090
[INFO GPL-0087] Routability end iteration: increase inflation and revert back to snapshot.
Iteration | Overflow |     HPWL (um) |  HPWL(%) |   Penalty | Group
---------------------------------------------------------------
      490 |   0.6193 |  6.472418e+05 |  -10.83% |  1.14e-09 |      
      500 |   0.5399 |  7.327608e+05 |  +13.21% |  1.67e-09 |      
      510 |   0.5204 |  7.402835e+05 |   +1.03% |  2.45e-09 |      
      520 |   0.4902 |  7.452812e+05 |   +0.68% |  3.61e-09 |      
      530 |   0.4563 |  7.279466e+05 |   -2.33% |  5.32e-09 |      
      540 |   0.4196 |  7.441764e+05 |   +2.23% |  7.83e-09 |      
      550 |   0.3899 |  7.499607e+05 |   +0.78% |  1.15e-08 |      
      560 |   0.3582 |  7.428267e+05 |   -0.95% |  1.70e-08 |      
      570 |   0.3242 |  7.464960e+05 |   +0.49% |  2.50e-08 |      
[INFO GPL-0040] Routability iteration: 3
[INFO GPL-0041] Total routing overflow: 60.3801
[INFO GPL-0042] Number of overflowed tiles: 782 (7.67%)
[INFO GPL-0043] Average top 0.5% routing congestion: 1.2248
[INFO GPL-0044] Average top 1.0% routing congestion: 1.1953
[INFO GPL-0045] Average top 2.0% routing congestion: 1.1615
[INFO GPL-0046] Average top 5.0% routing congestion: 1.1073
[INFO GPL-0047] Routability iteration weighted routing congestion: 1.2101
[INFO GPL-0048] Routing congestion (1.2101) lower than previous minimum (1.224). Updating minimum.
[INFO GPL-0086] Inflated area:                7087.927 um^2 (+2.32%)
[INFO GPL-0052] Placement target density:       0.7090
[INFO GPL-0076] Removing fillers, count: Before: 3407, After: 2615 (-23.25%)
[INFO GPL-0077] Filler area (um^2)     : Before: 30478.886, After: 23393.685 (-23.25%)
[INFO GPL-0078] Removed fillers count: 792, area removed: 7085.200 um^2. Remaining area to be compensated by modifying density: 2.727 um^2
[INFO GPL-0058] White space area:           474373.712 um^2 (+0.00%)
[INFO GPL-0059] Movable instances area:     336307.257 um^2 (+0.00%)
[INFO GPL-0060] Total filler area:           23393.685 um^2 (-23.25%)
[INFO GPL-0061] Total non-inflated area:    336310.197 um^2 (+0.00%)
[INFO GPL-0062] Total inflated area:        343398.124 um^2 (+0.00%)
[INFO GPL-0063] New Target Density:             0.7090
[INFO GPL-0087] Routability end iteration: increase inflation and revert back to snapshot.
Iteration | Overflow |     HPWL (um) |  HPWL(%) |   Penalty | Group
---------------------------------------------------------------
      580 |   0.6261 |  6.477016e+05 |  -13.23% |  1.14e-09 |      
      590 |   0.5329 |  7.575183e+05 |  +16.95% |  1.66e-09 |      
      600 |   0.5185 |  7.646998e+05 |   +0.95% |  2.45e-09 |      
      610 |   0.4880 |  7.731259e+05 |   +1.10% |  3.60e-09 |      
      620 |   0.4556 |  7.464389e+05 |   -3.45% |  5.31e-09 |      
      630 |   0.4184 |  7.699976e+05 |   +3.16% |  7.80e-09 |      
      640 |   0.3881 |  7.679672e+05 |   -0.26% |  1.15e-08 |      
      650 |   0.3574 |  7.588656e+05 |   -1.19% |  1.69e-08 |      
      660 |   0.3250 |  7.633986e+05 |   +0.60% |  2.49e-08 |      
[INFO GPL-0040] Routability iteration: 4
[INFO GPL-0041] Total routing overflow: 48.7738
[INFO GPL-0042] Number of overflowed tiles: 711 (6.97%)
[INFO GPL-0043] Average top 0.5% routing congestion: 1.1950
[INFO GPL-0044] Average top 1.0% routing congestion: 1.1663
[INFO GPL-0045] Average top 2.0% routing congestion: 1.1386
[INFO GPL-0046] Average top 5.0% routing congestion: 1.0903
[INFO GPL-0047] Routability iteration weighted routing congestion: 1.1806
[INFO GPL-0048] Routing congestion (1.1806) lower than previous minimum (1.21). Updating minimum.
[INFO GPL-0086] Inflated area:                5514.055 um^2 (+1.76%)
[INFO GPL-0052] Placement target density:       0.7090
[INFO GPL-0076] Removing fillers, count: Before: 2615, After: 1999 (-23.56%)
[INFO GPL-0077] Filler area (um^2)     : Before: 23393.685, After: 17882.974 (-23.56%)
[INFO GPL-0078] Removed fillers count: 616, area removed: 5510.711 um^2. Remaining area to be compensated by modifying density: 3.344 um^2
[INFO GPL-0058] White space area:           474373.712 um^2 (+0.00%)
[INFO GPL-0059] Movable instances area:     336307.257 um^2 (+0.00%)
[INFO GPL-0060] Total filler area:           17882.974 um^2 (-23.56%)
[INFO GPL-0061] Total non-inflated area:    336313.541 um^2 (+0.00%)
[INFO GPL-0062] Total inflated area:        341827.596 um^2 (+0.00%)
[INFO GPL-0063] New Target Density:             0.7090
[INFO GPL-0087] Routability end iteration: increase inflation and revert back to snapshot.
Iteration | Overflow |     HPWL (um) |  HPWL(%) |   Penalty | Group
---------------------------------------------------------------
      670 |   0.6312 |  6.480934e+05 |  -15.10% |  1.14e-09 |      
      680 |   0.5291 |  7.787749e+05 |  +20.16% |  1.66e-09 |      
      690 |   0.5184 |  7.835358e+05 |   +0.61% |  2.44e-09 |      
      700 |   0.4865 |  7.963930e+05 |   +1.64% |  3.59e-09 |      
      710 |   0.4533 |  7.638888e+05 |   -4.08% |  5.30e-09 |      
      720 |   0.4159 |  7.885743e+05 |   +3.23% |  7.78e-09 |      
      730 |   0.3891 |  7.840201e+05 |   -0.58% |  1.15e-08 |      
      740 |   0.3580 |  7.721921e+05 |   -1.51% |  1.69e-08 |      
      750 |   0.3233 |  7.773606e+05 |   +0.67% |  2.49e-08 |      
[INFO GPL-0040] Routability iteration: 5
[INFO GPL-0041] Total routing overflow: 41.3364
[INFO GPL-0042] Number of overflowed tiles: 641 (6.28%)
[INFO GPL-0043] Average top 0.5% routing congestion: 1.1825
[INFO GPL-0044] Average top 1.0% routing congestion: 1.1554
[INFO GPL-0045] Average top 2.0% routing congestion: 1.1256
[INFO GPL-0046] Average top 5.0% routing congestion: 1.0784
[INFO GPL-0047] Routability iteration weighted routing congestion: 1.1690
[INFO GPL-0048] Routing congestion (1.1690) lower than previous minimum (1.181). Updating minimum.
[INFO GPL-0086] Inflated area:                5068.507 um^2 (+1.59%)
[INFO GPL-0052] Placement target density:       0.7090
[INFO GPL-0076] Removing fillers, count: Before: 1999, After: 1433 (-28.31%)
[INFO GPL-0077] Filler area (um^2)     : Before: 17882.974, After: 12819.561 (-28.31%)
[INFO GPL-0078] Removed fillers count: 566, area removed: 5063.413 um^2. Remaining area to be compensated by modifying density: 5.094 um^2
[INFO GPL-0058] White space area:           474373.712 um^2 (+0.00%)
[INFO GPL-0059] Movable instances area:     336307.257 um^2 (+0.00%)
[INFO GPL-0060] Total filler area:           12819.561 um^2 (-28.31%)
[INFO GPL-0061] Total non-inflated area:    336318.635 um^2 (+0.00%)
[INFO GPL-0062] Total inflated area:        341387.142 um^2 (+0.00%)
[INFO GPL-0063] New Target Density:             0.7090
[INFO GPL-0087] Routability end iteration: increase inflation and revert back to snapshot.
Iteration | Overflow |     HPWL (um) |  HPWL(%) |   Penalty | Group
---------------------------------------------------------------
      760 |   0.6359 |  6.485246e+05 |  -16.57% |  1.14e-09 |      
      770 |   0.5259 |  7.996436e+05 |  +23.30% |  1.66e-09 |      
      780 |   0.5158 |  8.005044e+05 |   +0.11% |  2.44e-09 |      
      790 |   0.4851 |  8.169431e+05 |   +2.05% |  3.59e-09 |      
      800 |   0.4539 |  7.791281e+05 |   -4.63% |  5.28e-09 |      
      810 |   0.4140 |  8.053053e+05 |   +3.36% |  7.77e-09 |      
      820 |   0.3868 |  7.959275e+05 |   -1.16% |  1.14e-08 |      
      830 |   0.3560 |  7.841201e+05 |   -1.48% |  1.69e-08 |      
      840 |   0.3221 |  7.896236e+05 |   +0.70% |  2.48e-08 |      
[INFO GPL-0040] Routability iteration: 6
[INFO GPL-0041] Total routing overflow: 39.4043
[INFO GPL-0042] Number of overflowed tiles: 646 (6.33%)
[INFO GPL-0043] Average top 0.5% routing congestion: 1.1720
[INFO GPL-0044] Average top 1.0% routing congestion: 1.1457
[INFO GPL-0045] Average top 2.0% routing congestion: 1.1197
[INFO GPL-0046] Average top 5.0% routing congestion: 1.0746
[INFO GPL-0047] Routability iteration weighted routing congestion: 1.1589
[INFO GPL-0048] Routing congestion (1.1589) lower than previous minimum (1.169). Updating minimum.
[INFO GPL-0086] Inflated area:                4639.690 um^2 (+1.43%)
[INFO GPL-0052] Placement target density:       0.7090
[INFO GPL-0076] Removing fillers, count: Before: 1433, After: 915 (-36.15%)
[INFO GPL-0077] Filler area (um^2)     : Before: 12819.561, After: 8185.553 (-36.15%)
[INFO GPL-0078] Removed fillers count: 518, area removed: 4634.007 um^2. Remaining area to be compensated by modifying density: 5.683 um^2
[INFO GPL-0058] White space area:           474373.712 um^2 (+0.00%)
[INFO GPL-0059] Movable instances area:     336307.257 um^2 (+0.00%)
[INFO GPL-0060] Total filler area:            8185.553 um^2 (-36.15%)
[INFO GPL-0061] Total non-inflated area:    336324.318 um^2 (+0.00%)
[INFO GPL-0062] Total inflated area:        340964.008 um^2 (+0.00%)
[INFO GPL-0063] New Target Density:             0.7090
[INFO GPL-0087] Routability end iteration: increase inflation and revert back to snapshot.
Iteration | Overflow |     HPWL (um) |  HPWL(%) |   Penalty | Group
---------------------------------------------------------------
      850 |   0.6401 |  6.490023e+05 |  -17.81% |  1.14e-09 |      
      860 |   0.5236 |  8.178078e+05 |  +26.01% |  1.65e-09 |      
      870 |   0.5151 |  8.160939e+05 |   -0.21% |  2.43e-09 |      
      880 |   0.4836 |  8.311042e+05 |   +1.84% |  3.58e-09 |      
      890 |   0.4523 |  7.888909e+05 |   -5.08% |  5.27e-09 |      
      900 |   0.4138 |  8.181111e+05 |   +3.70% |  7.75e-09 |      
      910 |   0.3898 |  8.086617e+05 |   -1.16% |  1.14e-08 |      
      920 |   0.3540 |  7.989606e+05 |   -1.20% |  1.68e-08 |      
      930 |   0.3250 |  8.028937e+05 |   +0.49% |  2.48e-08 |      
[INFO GPL-0040] Routability iteration: 7
[INFO GPL-0041] Total routing overflow: 35.6180
[INFO GPL-0042] Number of overflowed tiles: 588 (5.76%)
[INFO GPL-0043] Average top 0.5% routing congestion: 1.1789
[INFO GPL-0044] Average top 1.0% routing congestion: 1.1502
[INFO GPL-0045] Average top 2.0% routing congestion: 1.1178
[INFO GPL-0046] Average top 5.0% routing congestion: 1.0689
[INFO GPL-0047] Routability iteration weighted routing congestion: 1.1645
[INFO GPL-0049] Routing congestion (1.1645) higher than minimum (1.1589). Consecutive non-improvement count: 1.
[INFO GPL-0086] Inflated area:                4415.959 um^2 (+1.35%)
[INFO GPL-0052] Placement target density:       0.7090
[INFO GPL-0076] Removing fillers, count: Before: 915, After: 422 (-53.88%)
[INFO GPL-0077] Filler area (um^2)     : Before: 8185.553, After: 3775.195 (-53.88%)
[INFO GPL-0078] Removed fillers count: 493, area removed: 4410.358 um^2. Remaining area to be compensated by modifying density: 5.601 um^2
[INFO GPL-0058] White space area:           474373.712 um^2 (+0.00%)
[INFO GPL-0059] Movable instances area:     336307.257 um^2 (+0.00%)
[INFO GPL-0060] Total filler area:            3775.195 um^2 (-53.88%)
[INFO GPL-0061] Total non-inflated area:    336329.919 um^2 (+0.00%)
[INFO GPL-0062] Total inflated area:        340745.878 um^2 (+0.00%)
[INFO GPL-0063] New Target Density:             0.7090
[INFO GPL-0087] Routability end iteration: increase inflation and revert back to snapshot.
Iteration | Overflow |     HPWL (um) |  HPWL(%) |   Penalty | Group
---------------------------------------------------------------
      940 |   0.6436 |  6.494306e+05 |  -19.11% |  1.14e-09 |      
      950 |   0.5204 |  8.344781e+05 |  +28.49% |  1.65e-09 |      
      960 |   0.5158 |  8.305925e+05 |   -0.47% |  2.43e-09 |      
      970 |   0.4855 |  8.402556e+05 |   +1.16% |  3.58e-09 |      
      980 |   0.4524 |  7.955015e+05 |   -5.33% |  5.27e-09 |      
      990 |   0.4145 |  8.307780e+05 |   +4.43% |  7.74e-09 |      
     1000 |   0.3883 |  8.184337e+05 |   -1.49% |  1.14e-08 |      
     1010 |   0.3557 |  8.083145e+05 |   -1.24% |  1.68e-08 |      
     1020 |   0.3261 |  8.125599e+05 |   +0.53% |  2.47e-08 |      
[INFO GPL-0040] Routability iteration: 8
[INFO GPL-0041] Total routing overflow: 32.5557
[INFO GPL-0042] Number of overflowed tiles: 571 (5.60%)
[INFO GPL-0043] Average top 0.5% routing congestion: 1.1671
[INFO GPL-0044] Average top 1.0% routing congestion: 1.1402
[INFO GPL-0045] Average top 2.0% routing congestion: 1.1100
[INFO GPL-0046] Average top 5.0% routing congestion: 1.0633
[INFO GPL-0047] Routability iteration weighted routing congestion: 1.1536
[INFO GPL-0048] Routing congestion (1.1536) lower than previous minimum (1.159). Updating minimum.
[INFO GPL-0086] Inflated area:                3945.593 um^2 (+1.19%)
[INFO GPL-0052] Placement target density:       0.7090
[INFO GPL-0076] Removing fillers, count: Before: 422, After: 0 (-100.00%)
[INFO GPL-0077] Filler area (um^2)     : Before: 3775.195, After: 0.000 (-100.00%)
[INFO GPL-0078] Removed fillers count: 422, area removed: 3775.195 um^2. Remaining area to be compensated by modifying density: 170.398 um^2
[INFO GPL-0079] New target density: 0.709357
[INFO GPL-0058] White space area:           474373.712 um^2 (+0.00%)
[INFO GPL-0059] Movable instances area:     336500.326 um^2 (+0.06%)
[INFO GPL-0060] Total filler area:               0.000 um^2 (-100.00%)
[INFO GPL-0061] Total non-inflated area:    336500.317 um^2 (+0.05%)
[INFO GPL-0062] Total inflated area:        340445.910 um^2 (+0.05%)
[INFO GPL-0063] New Target Density:             0.7094
[INFO GPL-0087] Routability end iteration: increase inflation and revert back to snapshot.
Iteration | Overflow |     HPWL (um) |  HPWL(%) |   Penalty | Group
---------------------------------------------------------------
     1030 |   0.6466 |  6.498961e+05 |  -20.02% |  1.14e-09 |      
     1040 |   0.5193 |  8.477999e+05 |  +30.45% |  1.65e-09 |      
     1050 |   0.5147 |  8.460811e+05 |   -0.20% |  2.43e-09 |      
     1060 |   0.4839 |  8.434146e+05 |   -0.32% |  3.57e-09 |      
     1070 |   0.4530 |  7.975499e+05 |   -5.44% |  5.26e-09 |      
     1080 |   0.4128 |  8.391734e+05 |   +5.22% |  7.73e-09 |      
     1090 |   0.3881 |  8.295513e+05 |   -1.15% |  1.14e-08 |      
     1100 |   0.3554 |  8.178156e+05 |   -1.41% |  1.68e-08 |      
     1110 |   0.3263 |  8.217162e+05 |   +0.48% |  2.47e-08 |      
[INFO GPL-0040] Routability iteration: 9
[INFO GPL-0041] Total routing overflow: 31.2215
[INFO GPL-0042] Number of overflowed tiles: 552 (5.41%)
[INFO GPL-0043] Average top 0.5% routing congestion: 1.1619
[INFO GPL-0044] Average top 1.0% routing congestion: 1.1366
[INFO GPL-0045] Average top 2.0% routing congestion: 1.1067
[INFO GPL-0046] Average top 5.0% routing congestion: 1.0609
[INFO GPL-0047] Routability iteration weighted routing congestion: 1.1493
[INFO GPL-0048] Routing congestion (1.1493) lower than previous minimum (1.154). Updating minimum.
[INFO GPL-0086] Inflated area:                3822.361 um^2 (+1.14%)
[INFO GPL-0052] Placement target density:       0.7094
[INFO GPL-0076] Removing fillers, count: Before: 0, After: 0 (+0.00%)
[INFO GPL-0077] Filler area (um^2)     : Before: 0.000, After: 0.000 (+0.00%)
[INFO GPL-0078] Removed fillers count: 0, area removed: 0.000 um^2. Remaining area to be compensated by modifying density: 3822.361 um^2
[INFO GPL-0079] New target density: 0.7174147
[INFO GPL-0058] White space area:           474373.712 um^2 (+0.00%)
[INFO GPL-0059] Movable instances area:     340322.681 um^2 (+1.14%)
[INFO GPL-0060] Total filler area:               0.000 um^2 (+0.00%)
[INFO GPL-0061] Total non-inflated area:    340322.678 um^2 (+1.14%)
[INFO GPL-0062] Total inflated area:        344145.038 um^2 (+1.12%)
[INFO GPL-0063] New Target Density:             0.7174
[INFO GPL-0087] Routability end iteration: increase inflation and revert back to snapshot.
Iteration | Overflow |     HPWL (um) |  HPWL(%) |   Penalty | Group
---------------------------------------------------------------
     1120 |   0.6577 |  6.375433e+05 |  -22.41% |  1.10e-09 |      
     1130 |   0.5181 |  8.489288e+05 |  +33.16% |  1.59e-09 |      
     1140 |   0.5145 |  8.538857e+05 |   +0.58% |  2.33e-09 |      
     1150 |   0.4847 |  8.474378e+05 |   -0.76% |  3.44e-09 |      
     1160 |   0.4540 |  8.053269e+05 |   -4.97% |  5.06e-09 |      
     1170 |   0.4134 |  8.379046e+05 |   +4.05% |  7.43e-09 |      
     1180 |   0.3911 |  8.331421e+05 |   -0.57% |  1.09e-08 |      
     1190 |   0.3551 |  8.212639e+05 |   -1.43% |  1.61e-08 |      
     1200 |   0.3260 |  8.254483e+05 |   +0.51% |  2.37e-08 |      
[INFO GPL-0040] Routability iteration: 10
[INFO GPL-0041] Total routing overflow: 30.8962
[INFO GPL-0042] Number of overflowed tiles: 570 (5.59%)
[INFO GPL-0043] Average top 0.5% routing congestion: 1.1511
[INFO GPL-0044] Average top 1.0% routing congestion: 1.1283
[INFO GPL-0045] Average top 2.0% routing congestion: 1.1026
[INFO GPL-0046] Average top 5.0% routing congestion: 1.0600
[INFO GPL-0047] Routability iteration weighted routing congestion: 1.1397
[INFO GPL-0048] Routing congestion (1.1397) lower than previous minimum (1.149). Updating minimum.
[INFO GPL-0086] Inflated area:                3468.862 um^2 (+1.02%)
[INFO GPL-0052] Placement target density:       0.7174
[INFO GPL-0076] Removing fillers, count: Before: 0, After: 0 (+0.00%)
[INFO GPL-0077] Filler area (um^2)     : Before: 0.000, After: 0.000 (+0.00%)
[INFO GPL-0078] Removed fillers count: 0, area removed: 0.000 um^2. Remaining area to be compensated by modifying density: 3468.862 um^2
[INFO GPL-0079] New target density: 0.7247272
[INFO GPL-0058] White space area:           474373.712 um^2 (+0.00%)
[INFO GPL-0059] Movable instances area:     343791.534 um^2 (+1.02%)
[INFO GPL-0060] Total filler area:               0.000 um^2 (+0.00%)
[INFO GPL-0061] Total non-inflated area:    343791.539 um^2 (+1.02%)
[INFO GPL-0062] Total inflated area:        347260.401 um^2 (+1.01%)
[INFO GPL-0063] New Target Density:             0.7247
[INFO GPL-0087] Routability end iteration: increase inflation and revert back to snapshot.
Iteration | Overflow |     HPWL (um) |  HPWL(%) |   Penalty | Group
---------------------------------------------------------------
     1210 |   0.6583 |  6.374583e+05 |  -22.77% |  1.10e-09 |      
     1220 |   0.5163 |  8.545634e+05 |  +34.06% |  1.59e-09 |      
     1230 |   0.5141 |  8.570111e+05 |   +0.29% |  2.33e-09 |      
     1240 |   0.4839 |  8.503527e+05 |   -0.78% |  3.43e-09 |      
     1250 |   0.4533 |  8.075178e+05 |   -5.04% |  5.06e-09 |      
     1260 |   0.4137 |  8.425170e+05 |   +4.33% |  7.43e-09 |      
     1270 |   0.3904 |  8.364878e+05 |   -0.72% |  1.09e-08 |      
     1280 |   0.3549 |  8.247093e+05 |   -1.41% |  1.61e-08 |      
     1290 |   0.3255 |  8.276445e+05 |   +0.36% |  2.37e-08 |      
[INFO GPL-0040] Routability iteration: 11
[INFO GPL-0041] Total routing overflow: 28.2208
[INFO GPL-0042] Number of overflowed tiles: 530 (5.20%)
[INFO GPL-0043] Average top 0.5% routing congestion: 1.1420
[INFO GPL-0044] Average top 1.0% routing congestion: 1.1204
[INFO GPL-0045] Average top 2.0% routing congestion: 1.0966
[INFO GPL-0046] Average top 5.0% routing congestion: 1.0552
[INFO GPL-0047] Routability iteration weighted routing congestion: 1.1312
[INFO GPL-0048] Routing congestion (1.1312) lower than previous minimum (1.14). Updating minimum.
[INFO GPL-0086] Inflated area:                3292.816 um^2 (+0.96%)
[INFO GPL-0052] Placement target density:       0.7247
[INFO GPL-0076] Removing fillers, count: Before: 0, After: 0 (+0.00%)
[INFO GPL-0077] Filler area (um^2)     : Before: 0.000, After: 0.000 (+0.00%)
[INFO GPL-0078] Removed fillers count: 0, area removed: 0.000 um^2. Remaining area to be compensated by modifying density: 3292.816 um^2
[INFO GPL-0079] New target density: 0.7316686
[INFO GPL-0058] White space area:           474373.712 um^2 (+0.00%)
[INFO GPL-0059] Movable instances area:     347084.358 um^2 (+0.96%)
[INFO GPL-0060] Total filler area:               0.000 um^2 (+0.00%)
[INFO GPL-0061] Total non-inflated area:    347084.355 um^2 (+0.96%)
[INFO GPL-0062] Total inflated area:        350377.171 um^2 (+0.95%)
[INFO GPL-0063] New Target Density:             0.7317
[INFO GPL-0087] Routability end iteration: increase inflation and revert back to snapshot.
Iteration | Overflow |     HPWL (um) |  HPWL(%) |   Penalty | Group
---------------------------------------------------------------
     1300 |   0.6588 |  6.373593e+05 |  -22.99% |  1.10e-09 |      
     1310 |   0.5134 |  8.631691e+05 |  +35.43% |  1.59e-09 |      
     1320 |   0.5135 |  8.599727e+05 |   -0.37% |  2.33e-09 |      
     1330 |   0.4821 |  8.541289e+05 |   -0.68% |  3.43e-09 |      
     1340 |   0.4517 |  8.111413e+05 |   -5.03% |  5.06e-09 |      
     1350 |   0.4142 |  8.453411e+05 |   +4.22% |  7.43e-09 |      
     1360 |   0.3876 |  8.375139e+05 |   -0.93% |  1.09e-08 |      
     1370 |   0.3536 |  8.266806e+05 |   -1.29% |  1.61e-08 |      
     1380 |   0.3245 |  8.297033e+05 |   +0.37% |  2.37e-08 |      
[INFO GPL-0040] Routability iteration: 12
[INFO GPL-0041] Total routing overflow: 28.6901
[INFO GPL-0042] Number of overflowed tiles: 553 (5.42%)
[INFO GPL-0043] Average top 0.5% routing congestion: 1.1513
[INFO GPL-0044] Average top 1.0% routing congestion: 1.1261
[INFO GPL-0045] Average top 2.0% routing congestion: 1.0982
[INFO GPL-0046] Average top 5.0% routing congestion: 1.0559
[INFO GPL-0047] Routability iteration weighted routing congestion: 1.1387
[INFO GPL-0049] Routing congestion (1.1387) higher than minimum (1.1312). Consecutive non-improvement count: 1.
[INFO GPL-0086] Inflated area:                3323.233 um^2 (+0.96%)
[INFO GPL-0052] Placement target density:       0.7317
[INFO GPL-0076] Removing fillers, count: Before: 0, After: 0 (+0.00%)
[INFO GPL-0077] Filler area (um^2)     : Before: 0.000, After: 0.000 (+0.00%)
[INFO GPL-0078] Removed fillers count: 0, area removed: 0.000 um^2. Remaining area to be compensated by modifying density: 3323.233 um^2
[INFO GPL-0079] New target density: 0.7386741
[INFO GPL-0058] White space area:           474373.712 um^2 (+0.00%)
[INFO GPL-0059] Movable instances area:     350407.590 um^2 (+0.96%)
[INFO GPL-0060] Total filler area:               0.000 um^2 (+0.00%)
[INFO GPL-0061] Total non-inflated area:    350407.588 um^2 (+0.96%)
[INFO GPL-0062] Total inflated area:        353730.821 um^2 (+0.95%)
[INFO GPL-0063] New Target Density:             0.7387
[INFO GPL-0087] Routability end iteration: increase inflation and revert back to snapshot.
Iteration | Overflow |     HPWL (um) |  HPWL(%) |   Penalty | Group
---------------------------------------------------------------
     1390 |   0.6593 |  6.372621e+05 |  -23.19% |  1.10e-09 |      
     1400 |   0.5118 |  8.701943e+05 |  +36.55% |  1.59e-09 |      
     1410 |   0.5120 |  8.638985e+05 |   -0.72% |  2.33e-09 |      
     1420 |   0.4809 |  8.567558e+05 |   -0.83% |  3.43e-09 |      
     1430 |   0.4513 |  8.132475e+05 |   -5.08% |  5.05e-09 |      
     1440 |   0.4155 |  8.484444e+05 |   +4.33% |  7.42e-09 |      
     1450 |   0.3897 |  8.416006e+05 |   -0.81% |  1.09e-08 |      
     1460 |   0.3530 |  8.292574e+05 |   -1.47% |  1.61e-08 |      
     1470 |   0.3246 |  8.326825e+05 |   +0.41% |  2.37e-08 |      
[INFO GPL-0040] Routability iteration: 13
[INFO GPL-0041] Total routing overflow: 24.9455
[INFO GPL-0042] Number of overflowed tiles: 535 (5.24%)
[INFO GPL-0043] Average top 0.5% routing congestion: 1.1289
[INFO GPL-0044] Average top 1.0% routing congestion: 1.1074
[INFO GPL-0045] Average top 2.0% routing congestion: 1.0853
[INFO GPL-0046] Average top 5.0% routing congestion: 1.0487
[INFO GPL-0047] Routability iteration weighted routing congestion: 1.1181
[INFO GPL-0048] Routing congestion (1.1181) lower than previous minimum (1.131). Updating minimum.
[INFO GPL-0086] Inflated area:                2967.951 um^2 (+0.85%)
[INFO GPL-0052] Placement target density:       0.7387
[INFO GPL-0076] Removing fillers, count: Before: 0, After: 0 (+0.00%)
[INFO GPL-0077] Filler area (um^2)     : Before: 0.000, After: 0.000 (+0.00%)
[INFO GPL-0078] Removed fillers count: 0, area removed: 0.000 um^2. Remaining area to be compensated by modifying density: 2967.951 um^2
[INFO GPL-0079] New target density: 0.7449307
[INFO GPL-0058] White space area:           474373.712 um^2 (+0.00%)
[INFO GPL-0059] Movable instances area:     353375.551 um^2 (+0.85%)
[INFO GPL-0060] Total filler area:               0.000 um^2 (+0.00%)
[INFO GPL-0061] Total non-inflated area:    353375.540 um^2 (+0.85%)
[INFO GPL-0062] Total inflated area:        356343.491 um^2 (+0.84%)
[INFO GPL-0063] New Target Density:             0.7449
[INFO GPL-0087] Routability end iteration: increase inflation and revert back to snapshot.
Iteration | Overflow |     HPWL (um) |  HPWL(%) |   Penalty | Group
---------------------------------------------------------------
     1480 |   0.6479 |  6.512749e+05 |  -21.79% |  1.14e-09 |      
     1490 |   0.5110 |  8.767167e+05 |  +34.62% |  1.65e-09 |      
     1500 |   0.5106 |  8.624748e+05 |   -1.62% |  2.42e-09 |      
     1510 |   0.4768 |  8.578275e+05 |   -0.54% |  3.57e-09 |      
     1520 |   0.4500 |  8.115831e+05 |   -5.39% |  5.25e-09 |      
     1530 |   0.4121 |  8.548267e+05 |   +5.33% |  7.71e-09 |      
     1540 |   0.3861 |  8.437336e+05 |   -1.30% |  1.14e-08 |      
     1550 |   0.3525 |  8.295219e+05 |   -1.68% |  1.67e-08 |      
     1560 |   0.3240 |  8.342262e+05 |   +0.57% |  2.46e-08 |      
[INFO GPL-0040] Routability iteration: 14
[INFO GPL-0041] Total routing overflow: 24.1383
[INFO GPL-0042] Number of overflowed tiles: 515 (5.05%)
[INFO GPL-0043] Average top 0.5% routing congestion: 1.1412
[INFO GPL-0044] Average top 1.0% routing congestion: 1.1143
[INFO GPL-0045] Average top 2.0% routing congestion: 1.0872
[INFO GPL-0046] Average top 5.0% routing congestion: 1.0472
[INFO GPL-0047] Routability iteration weighted routing congestion: 1.1278
[INFO GPL-0049] Routing congestion (1.1278) higher than minimum (1.1181). Consecutive non-improvement count: 1.
[INFO GPL-0086] Inflated area:                3056.626 um^2 (+0.86%)
[INFO GPL-0052] Placement target density:       0.7449
[INFO GPL-0076] Removing fillers, count: Before: 0, After: 0 (+0.00%)
[INFO GPL-0077] Filler area (um^2)     : Before: 0.000, After: 0.000 (+0.00%)
[INFO GPL-0078] Removed fillers count: 0, area removed: 0.000 um^2. Remaining area to be compensated by modifying density: 3056.626 um^2
[INFO GPL-0079] New target density: 0.7513741
[INFO GPL-0058] White space area:           474373.712 um^2 (+0.00%)
[INFO GPL-0059] Movable instances area:     356432.151 um^2 (+0.86%)
[INFO GPL-0060] Total filler area:               0.000 um^2 (+0.00%)
[INFO GPL-0061] Total non-inflated area:    356432.166 um^2 (+0.86%)
[INFO GPL-0062] Total inflated area:        359488.792 um^2 (+0.86%)
[INFO GPL-0063] New Target Density:             0.7514
[INFO GPL-0087] Routability end iteration: increase inflation and revert back to snapshot.
Iteration | Overflow |     HPWL (um) |  HPWL(%) |   Penalty | Group
---------------------------------------------------------------
     1570 |   0.6211 |  6.956936e+05 |  -16.61% |  1.18e-09 |      
     1580 |   0.5097 |  8.921818e+05 |  +28.24% |  1.71e-09 |      
     1590 |   0.5089 |  8.625768e+05 |   -3.32% |  2.52e-09 |      
     1600 |   0.4735 |  8.564917e+05 |   -0.71% |  3.70e-09 |      
     1610 |   0.4453 |  8.149477e+05 |   -4.85% |  5.46e-09 |      
     1620 |   0.4064 |  8.604711e+05 |   +5.59% |  8.01e-09 |      
     1630 |   0.3817 |  8.461722e+05 |   -1.66% |  1.18e-08 |      
     1640 |   0.3466 |  8.312987e+05 |   -1.76% |  1.74e-08 |      
     1650 |   0.3186 |  8.349207e+05 |   +0.44% |  2.56e-08 |      
[INFO GPL-0040] Routability iteration: 15
[INFO GPL-0041] Total routing overflow: 24.5776
[INFO GPL-0042] Number of overflowed tiles: 497 (4.87%)
[INFO GPL-0043] Average top 0.5% routing congestion: 1.1369
[INFO GPL-0044] Average top 1.0% routing congestion: 1.1141
[INFO GPL-0045] Average top 2.0% routing congestion: 1.0881
[INFO GPL-0046] Average top 5.0% routing congestion: 1.0481
[INFO GPL-0047] Routability iteration weighted routing congestion: 1.1255
[INFO GPL-0049] Routing congestion (1.1255) higher than minimum (1.1181). Consecutive non-improvement count: 2.
[INFO GPL-0086] Inflated area:                3223.291 um^2 (+0.90%)
[INFO GPL-0052] Placement target density:       0.7514
[INFO GPL-0076] Removing fillers, count: Before: 0, After: 0 (+0.00%)
[INFO GPL-0077] Filler area (um^2)     : Before: 0.000, After: 0.000 (+0.00%)
[INFO GPL-0078] Removed fillers count: 0, area removed: 0.000 um^2. Remaining area to be compensated by modifying density: 3223.291 um^2
[INFO GPL-0079] New target density: 0.758169
[INFO GPL-0058] White space area:           474373.712 um^2 (+0.00%)
[INFO GPL-0059] Movable instances area:     359655.440 um^2 (+0.90%)
[INFO GPL-0060] Total filler area:               0.000 um^2 (+0.00%)
[INFO GPL-0061] Total non-inflated area:    359655.457 um^2 (+0.90%)
[INFO GPL-0062] Total inflated area:        362878.748 um^2 (+0.90%)
[INFO GPL-0063] New Target Density:             0.7582
[INFO GPL-0087] Routability end iteration: increase inflation and revert back to snapshot.
Iteration | Overflow |     HPWL (um) |  HPWL(%) |   Penalty | Group
---------------------------------------------------------------
     1660 |   0.5898 |  7.625475e+05 |   -8.67% |  1.23e-09 |      
     1670 |   0.5089 |  8.995779e+05 |  +17.97% |  1.77e-09 |      
     1680 |   0.5062 |  8.642161e+05 |   -3.93% |  2.61e-09 |      
     1690 |   0.4706 |  8.543332e+05 |   -1.14% |  3.85e-09 |      
     1700 |   0.4445 |  8.187195e+05 |   -4.17% |  5.67e-09 |      
     1710 |   0.4063 |  8.623199e+05 |   +5.33% |  8.32e-09 |      
     1720 |   0.3763 |  8.481540e+05 |   -1.64% |  1.23e-08 |      
     1730 |   0.3439 |  8.338848e+05 |   -1.68% |  1.81e-08 |      
     1740 |   0.3152 |  8.356166e+05 |   +0.21% |  2.66e-08 |      
[INFO GPL-0040] Routability iteration: 16
[INFO GPL-0041] Total routing overflow: 22.1599
[INFO GPL-0042] Number of overflowed tiles: 480 (4.71%)
[INFO GPL-0043] Average top 0.5% routing congestion: 1.1321
[INFO GPL-0044] Average top 1.0% routing congestion: 1.1080
[INFO GPL-0045] Average top 2.0% routing congestion: 1.0814
[INFO GPL-0046] Average top 5.0% routing congestion: 1.0432
[INFO GPL-0047] Routability iteration weighted routing congestion: 1.1200
[INFO GPL-0049] Routing congestion (1.1200) higher than minimum (1.1181). Consecutive non-improvement count: 3.
[INFO GPL-0086] Inflated area:                2791.727 um^2 (+0.78%)
[INFO GPL-0052] Placement target density:       0.7582
[INFO GPL-0076] Removing fillers, count: Before: 0, After: 0 (+0.00%)
[INFO GPL-0077] Filler area (um^2)     : Before: 0.000, After: 0.000 (+0.00%)
[INFO GPL-0078] Removed fillers count: 0, area removed: 0.000 um^2. Remaining area to be compensated by modifying density: 2791.727 um^2
[INFO GPL-0079] New target density: 0.76405406
[INFO GPL-0054] No improvement in routing congestion for 3 consecutive iterations (limit is 3).
[INFO GPL-0055] Reverting inflation values and target density from the iteration with minimum observed routing congestion.
[INFO GPL-0056] Minimum observed routing congestion: 1.1181
[INFO GPL-0057] Target density at minimum routing congestion: 0.7387
[INFO GPL-0080] Restoring 0 previously removed fillers.
[INFO GPL-0089] Routability finished. Reverting to minimal observed routing congestion, could not reach target.
Iteration | Overflow |     HPWL (um) |  HPWL(%) |   Penalty | Group
---------------------------------------------------------------
     1750 |   0.5630 |  7.718169e+05 |   -7.64% |  1.27e-09 |      
     1760 |   0.5041 |  8.769488e+05 |  +13.62% |  1.85e-09 |      
     1770 |   0.4972 |  8.463773e+05 |   -3.49% |  2.72e-09 |      
     1780 |   0.4608 |  8.426299e+05 |   -0.44% |  4.01e-09 |      
     1790 |   0.4329 |  8.059190e+05 |   -4.36% |  5.91e-09 |      
     1800 |   0.3952 |  8.536492e+05 |   +5.92% |  8.66e-09 |      
     1810 |   0.3674 |  8.388756e+05 |   -1.73% |  1.28e-08 |      
     1820 |   0.3347 |  8.249104e+05 |   -1.66% |  1.88e-08 |      
     1830 |   0.3065 |  8.295260e+05 |   +0.56% |  2.77e-08 |      
     1840 |   0.2769 |  8.247807e+05 |   -0.57% |  4.08e-08 |      
     1850 |   0.2511 |  8.246070e+05 |   -0.02% |  6.01e-08 |      
     1860 |   0.2201 |  8.242005e+05 |   -0.05% |  8.85e-08 |      
     1870 |   0.1950 |  8.251323e+05 |   +0.11% |  1.30e-07 |      
[INFO GPL-0100] Timing-driven iteration 2/2, virtual: false.
[INFO GPL-0101]    Iter: 1871, overflow: 0.195, keep resizer changes at: 1, HPWL: 825132307
Iteration |   Area    | Resized | Buffers | Nets repaired | Remaining
---------------------------------------------------------------------
        0 |     +0.0% |       0 |       0 |             0 |     30801
    final |     +0.2% |      37 |      33 |            49 |         0
---------------------------------------------------------------------
[INFO RSZ-0034] Found 46 slew violations.
[INFO RSZ-0036] Found 12 capacitance violations.
[INFO RSZ-0039] Resized 37 instances.
[INFO RSZ-0038] Inserted 33 buffers in 49 nets.
   Iter   |    Area   | Removed | Inserted |   Pins
          |           | Buffers | Buffers  | Remaining
-------------------------------------------------------
        0 |     +0.0% |       0 |        0 |     28311
     2800 |     +0.1% |      44 |       63 |     25511
     5600 |     +0.2% |     102 |      144 |     22711
     8400 |     +0.3% |     157 |      222 |     19911
    11200 |     +0.3% |     220 |      299 |     17111
    14000 |     +0.4% |     263 |      370 |     14311
    16800 |     +0.5% |     325 |      478 |     11511
    19600 |     +0.7% |     456 |      687 |      8711
    22400 |     +0.8% |     507 |      773 |      5911
    25200 |     +1.3% |     631 |     1043 |      3111
    28000 |     +1.7% |     638 |     1207 |       311
    final |     +1.8% |     668 |     1260 |         0
-------------------------------------------------------
[INFO GPL-0106] Timing-driven: worst slack -5.095e-09
[INFO GPL-0107] Timing-driven: repair_design delta area: 4622.223 um^2 (+1.29%)
[INFO GPL-0108] Timing-driven: repair_design, gpl delta gcells: 625 (+2.08%)
[INFO GPL-0109] Timing-driven: repair_design, gcells created: 1293, deleted: 668
[INFO GPL-0110] Timing-driven: new target density: 0.76791286
Iteration | Overflow |     HPWL (um) |  HPWL(%) |   Penalty | Group
---------------------------------------------------------------
     1880 |   0.1630 |  8.944052e+05 |   +8.40% |  1.91e-07 |      
     1890 |   0.1404 |  8.883133e+05 |   -0.68% |  2.81e-07 |      
     1900 |   0.1208 |  8.847049e+05 |   -0.41% |  4.14e-07 |      
     1910 |   0.1022 |  8.830462e+05 |   -0.19% |  6.10e-07 |      
     1912 |   0.0990 |  8.830127e+05 |          |  6.85e-07 |      
---------------------------------------------------------------
[INFO GPL-1001] Global placement finished at iteration 1912
[INFO GPL-1017] Routability mode iteration count: 1495
[INFO GPL-1005] Routability final weighted congestion: 1.1639
[INFO GPL-1002] Placed Cell Area            355029.8113
[INFO GPL-1003] Available Free Area         474373.7120
[INFO GPL-1004] Minimum Feasible Density        0.5800 (cell_area / free_area)
[INFO GPL-1006]   Suggested Target Densities:
[INFO GPL-1007]     - For 90% usage of free space: 0.8316
[INFO GPL-1008]     - For 80% usage of free space: 0.9355
[INFO GPL-1011] Original area (um^2): 272616.93
[INFO GPL-1012] Total routability artificial inflation: 71173.12 (+26.11%)
[INFO GPL-1013] Total timing-driven delta area: 11239.76 (+4.12%)
[INFO GPL-1014] Final placement area: 355029.81 (+30.23%)
Took 206 seconds: global_placement -density 0.6949999874830246 -pad_left 0 -pad_right 0 -routability_driven -timing_driven -force_center_initial_place -min_phi_coef 0.95 -max_phi_coef 1.05
estimate_parasitics -placement
Report metrics stage 3, global place...

==========================================================================
global place report_design_area
--------------------------------------------------------------------------
Design area 267251 um^2 55% utilization.
write_db /work/results/sky130hd/m7_j2/d3_p20p0/3_3_place_gp.odb
Elapsed time: 3:33.26[h:]min:sec. CPU time: user 5030.91 sys 20.69 (2368%). Peak memory: 620320KB.
Log                       Ext     Elapsed/s Peak Memory/MB sha1sum result [0:20)
3_3_place_gp              .odb          213            605 503322302c11b4c7e8c3
/OpenROAD-flow-scripts/flow/scripts/flow.sh 3_4_place_resized resize
Running resize.tcl, stage 3_4_place_resized
read_liberty /OpenROAD-flow-scripts/flow/platforms/sky130hd/lib/sky130_fd_sc_hd__tt_025C_1v80.lib
read_db -hier /work/results/sky130hd/m7_j2/d3_p20p0/3_3_place_gp.odb
[WARNING ORD-0012] Hierarchical flow (-hier) is currently in development and may cause multiple issues. Do not use in production environments.
read_sdc /work/results/sky130hd/m7_j2/d3_p20p0/2_floorplan.sdc
source /OpenROAD-flow-scripts/flow/platforms/sky130hd/setRC.tcl
estimate_parasitics -placement
replace_arith_modules -path_count 1000 -target setup -slack_threshold 0.0
[INFO RSZ-0151] Starting arithmetic module replacement to optimize 'setup' target
[INFO RSZ-0152] Analyzing 1000 critical paths with slack < 0.00
[INFO RSZ-0153] Identified 0 violating endpoints
[INFO RSZ-0154] Identified 0 critical arithmetic instances
[INFO GPL-0083] Execute incremental mode global placement.
[INFO GPL-0001] ---- Initialize GPL Main Data Structures
[INFO GPL-0002] DBU: 1000
[INFO GPL-0003] SiteSize: (  0.460  2.720 ) um
[INFO GPL-0004] CoreBBox: (  1.380  2.720 ) ( 696.900 696.320 ) um
[INFO GPL-0016] Core area:                  482412.672 um^2
[INFO GPL-0036] Movable instances area:     259212.355 um^2
[INFO GPL-0037] Total instances area:       267251.315 um^2
[INFO GPL-0035] Pin density area adjust:     25632.454 um^2
[INFO GPL-0032] ---- Initialize Region: Top-level
[INFO GPL-0006] Number of instances:             37150
[INFO GPL-0007] Movable instances:               30725
[INFO GPL-0008] Fixed instances:                  6425
[INFO GPL-0009] Dummy instances:                     0
[INFO GPL-0010] Number of nets:                  30920
[INFO GPL-0011] Number of pins:                 111924
[INFO GPL-0012] Die BBox:       (  0.000  0.000 ) ( 698.135 698.135 ) um
[INFO GPL-0013] Placement BBox: (  1.380  2.720 ) ( 696.900 696.320 ) um
[INFO GPL-0014] Region name: top-level.
[INFO GPL-0015] Region area:                482412.672 um^2
[INFO GPL-0017] Fixed instances area:         8038.960 um^2
[INFO GPL-0018] Movable instances area:     284844.809 um^2
[INFO GPL-0019] Utilization:                    60.047 %
[INFO GPL-0020] Standard cells area:        284844.809 um^2
[INFO GPL-0021] Large instances area:            0.000 um^2
[INFO GPL-0154] Identified 30725 placed instances
[INFO GPL-0155] Identified 0 not placed instances
[INFO GPL-0156] Identified all instances as placed. Skipping incremental mode
Perform buffer insertion and gate resizing...
repair_design -verbose -match_cell_footprint
Iteration |   Area    | Resized | Buffers | Nets repaired | Remaining
---------------------------------------------------------------------
        0 |     +0.0% |       0 |       0 |             0 |     31426
     1000 |     +0.0% |       0 |       0 |             0 |     30426
     2000 |     +0.0% |       0 |       0 |             0 |     29426
     3000 |     +0.0% |       0 |       0 |             0 |     28426
     4000 |     +0.0% |       0 |       0 |             0 |     27426
     5000 |     +0.0% |       0 |       0 |             0 |     26426
     6000 |     +0.0% |       0 |       0 |             0 |     25426
     7000 |     +0.0% |       0 |       0 |             0 |     24426
     8000 |     +0.0% |       0 |       0 |             0 |     23426
     9000 |     +0.0% |       1 |       1 |             1 |     22426
    10000 |     +0.0% |       1 |       1 |             1 |     21426
    11000 |     +0.0% |       1 |       1 |             1 |     20426
    12000 |     +0.0% |       1 |       1 |             1 |     19426
    13000 |     +0.0% |       1 |       1 |             1 |     18426
    14000 |     +0.0% |       1 |       1 |             1 |     17426
    15000 |     +0.0% |       1 |       1 |             1 |     16426
    16000 |     +0.0% |       1 |       1 |             1 |     15426
    17000 |     +0.0% |       1 |       1 |             1 |     14426
    18000 |     +0.0% |       1 |       1 |             1 |     13426
    19000 |     +0.0% |       1 |       1 |             1 |     12426
    20000 |     +0.0% |       1 |       1 |             1 |     11426
    21000 |     +0.0% |       1 |       1 |             1 |     10426
    22000 |     +0.0% |       1 |       1 |             1 |      9426
    23000 |     +0.0% |       1 |       1 |             1 |      8426
    24000 |     +0.0% |       1 |       1 |             1 |      7426
    25000 |     +0.0% |       1 |       1 |             1 |      6426
    26000 |     +0.0% |       1 |       1 |             1 |      5426
    27000 |     +0.0% |       1 |       1 |             1 |      4426
    28000 |     +0.0% |       1 |       1 |             1 |      3426
    29000 |     +0.0% |       1 |       1 |             1 |      2426
    30000 |     +0.0% |       1 |       1 |             1 |      1426
    31000 |     +0.0% |       1 |       1 |             1 |       426
    final |     +0.0% |       1 |       1 |             1 |         0
---------------------------------------------------------------------
[INFO RSZ-0034] Found 1 slew violations.
[INFO RSZ-0039] Resized 1 instances.
[INFO RSZ-0038] Inserted 1 buffers in 1 nets.
[INFO RSZ-0504] Runtime: 3.50s
Floating nets: 
Report metrics stage 3, resizer...

==========================================================================
resizer report_design_area
--------------------------------------------------------------------------
Design area 267258 um^2 55% utilization.
Instance count before 37150, after 37151
Pin count before 112154, after 112156
write_db /work/results/sky130hd/m7_j2/d3_p20p0/3_4_place_resized.odb
Elapsed time: 0:13.85[h:]min:sec. CPU time: user 19.31 sys 5.84 (181%). Peak memory: 405564KB.
Log                       Ext     Elapsed/s Peak Memory/MB sha1sum result [0:20)
3_4_place_resized         .odb           13            396 c2d70eb267116056c2fc
/OpenROAD-flow-scripts/flow/scripts/flow.sh 3_5_place_dp detail_place
Running detail_place.tcl, stage 3_5_place_dp
read_liberty /OpenROAD-flow-scripts/flow/platforms/sky130hd/lib/sky130_fd_sc_hd__tt_025C_1v80.lib
read_db -hier /work/results/sky130hd/m7_j2/d3_p20p0/3_4_place_resized.odb
[WARNING ORD-0012] Hierarchical flow (-hier) is currently in development and may cause multiple issues. Do not use in production environments.
read_sdc /work/results/sky130hd/m7_j2/d3_p20p0/2_floorplan.sdc
source /OpenROAD-flow-scripts/flow/platforms/sky130hd/setRC.tcl
detailed_placement
[INFO DPL-0006] Core area: 482412.67 um^2
[INFO DPL-0007] Movable instances area: 259218.61 um^2
[INFO DPL-0008] Fixed instances area within core: 8038.96 um^2
[INFO DPL-0009] Utilization: 55.4%
[INFO DPL-0005] Diamond search max displacement: +/- 500 sites horizontally, +/- 100 rows vertically.
[INFO DPL-1102] Legalizing using negotiation legalizer.
[INFO DPL-1103] Negotiation base search window: +/-20 sites horizontally, +/-5 rows vertically 
	Automatic search window extension enabled.
	Search window extendable up to the max displacement cap of +/-500 sites, +/-100 rows near walls.
[INFO DPL-1104] NegotiationLegalizer DRC penalty: 5.
[INFO DPL-0392] Negotiation cell height distribution (1 unique row-count(s)):
[INFO DPL-0393]   height 1 row(s): 37151 cells
          |      Total |  Illegal |  Illegal
Iteration | Violations |    Cells |    Sites
---------------------------------------------
        0 |       1759 |       415 |      1344
        1 |        251 |        47 |       204
        2 |        129 |        17 |       112
        3 |         36 |         6 |        30
        4 |         40 |         4 |        36
        5 |          0 |         0 |         0
Negotiation phase 1 converged at iteration 5.
[INFO DPL-0500] Runtime: 0.42s
Placement Analysis
---------------------------------
total displacement     103763.9 u
average displacement        2.8 u
max displacement           26.2 u
original HPWL          883961.3 u
legalized HPWL         978410.8 u
delta HPWL                   11 %

improve_placement -max_displacement "5 1"
Detailed placement improvement.
[INFO DPL-0401] Setting random seed to 1.
[INFO DPL-0402] Setting maximum displacement 5 1 to 13600 2720 units.
[INFO DPL-0320] Collected 6701 fixed cells.
[INFO DPL-0318] Collected 30726 single height cells.
[INFO DPL-0321] Collected 0 wide cells.
[INFO DPL-0322] Image (1380, 2720) - (696900, 696320)
[INFO DPL-0310] Assigned 30726 cells into segments.  Movement in X-direction is 0.000000, movement in Y-direction is 0.000000.
[INFO DPL-0313] Found 0 cells in wrong regions.
[INFO DPL-0315] Found 0 row alignment problems.
[INFO DPL-0314] Found 0 site alignment problems.
[INFO DPL-0311] Found 0 overlaps between adjacent cells.
[INFO DPL-0312] Found 0 edge spacing violations and 0 padding violations.
[INFO DPL-0303] Running algorithm for independent set matching.
[INFO DPL-0300] Set matching objective is wirelength.
[INFO DPL-0301] Pass   1 of matching; objective is 9.784436e+08.
[INFO DPL-0302] End of matching; objective is 9.777775e+08, improvement is 0.07 percent.
[INFO DPL-0303] Running algorithm for global swaps.
[INFO DPL-0306] Pass   1 of global swaps; hpwl is 9.625166e+08.
[INFO DPL-0306] Pass   2 of global swaps; hpwl is 9.594918e+08.
[INFO DPL-0307] End of global swaps; objective is 9.594918e+08, improvement is 1.87 percent.
[INFO DPL-0303] Running algorithm for vertical swaps.
[INFO DPL-0308] Pass   1 of vertical swaps; hpwl is 9.553885e+08.
[INFO DPL-0309] End of vertical swaps; objective is 9.553885e+08, improvement is 0.43 percent.
[INFO DPL-0303] Running algorithm for reordering.
[INFO DPL-0304] Pass   1 of reordering; objective is 9.546116e+08.
[INFO DPL-0305] End of reordering; objective is 9.546116e+08, improvement is 0.08 percent.
[INFO DPL-0303] Running algorithm for random improvement.
[INFO DPL-0324] Random improver is using random generator.
[INFO DPL-0325] Random improver is using hpwl objective.
[INFO DPL-0326] Random improver cost string is (a).
[INFO DPL-0332] End of pass, Generator random called 614520 times.
[INFO DPL-0335] Generator random, Cumulative attempts 614520, swaps 86171, moves 165532 since last reset.
[INFO DPL-0333] End of pass, Objective hpwl, Initial cost 9.493372e+08, Scratch cost 9.379533e+08, Incremental cost 9.379533e+08, Mismatch? N
[INFO DPL-0338] End of pass, Total cost is 9.379533e+08.
[INFO DPL-0327] Pass   1 of random improver; improvement in cost is 1.20 percent.
[INFO DPL-0332] End of pass, Generator random called 614520 times.
[INFO DPL-0335] Generator random, Cumulative attempts 1229040, swaps 169323, moves 330046 since last reset.
[INFO DPL-0333] End of pass, Objective hpwl, Initial cost 9.379533e+08, Scratch cost 9.337954e+08, Incremental cost 9.337954e+08, Mismatch? N
[INFO DPL-0338] End of pass, Total cost is 9.337954e+08.
[INFO DPL-0327] Pass   2 of random improver; improvement in cost is 0.44 percent.
[INFO DPL-0328] End of random improver; improvement is 1.637119 percent.
[INFO DPL-0380] Cell flipping.
[INFO DPL-0382] Changed 0 cell orientations for row compatibility.
[INFO DPL-0383] Performed 8570 cell flips.
[INFO DPL-0384] End of flipping; objective is 9.279395e+08, improvement is 1.19 percent.
[INFO DPL-0313] Found 0 cells in wrong regions.
[INFO DPL-0315] Found 0 row alignment problems.
[INFO DPL-0314] Found 0 site alignment problems.
[INFO DPL-0311] Found 0 overlaps between adjacent cells.
[INFO DPL-0312] Found 0 edge spacing violations and 0 padding violations.
Detailed Improvement Results
------------------------------------------
Original HPWL           978410.8 u (  399416.8,   578994.0)
Final HPWL              927706.6 u (  387435.5,   540271.1)
Delta HPWL                  -5.2 % (      -3.0,       -6.7)

Took 7 seconds: improve_placement -max_displacement "5 1"
optimize_mirroring
[INFO DPL-0020] Mirrored 1450 instances
[INFO DPL-0021] HPWL before          927706.6 u
[INFO DPL-0022] HPWL after           927280.6 u
[INFO DPL-0023] HPWL delta               -0.0 %
[INFO FLW-0012] Placement violations .
estimate_parasitics -placement
Report metrics stage 3, detailed place...

==========================================================================
detailed place report_design_area
--------------------------------------------------------------------------
Design area 267258 um^2 55% utilization.
write_db /work/results/sky130hd/m7_j2/d3_p20p0/3_5_place_dp.odb
write_sdc -no_timestamp /work/results/sky130hd/m7_j2/d3_p20p0/3_place.sdc
Elapsed time: 0:15.88[h:]min:sec. CPU time: user 20.97 sys 6.18 (170%). Peak memory: 432616KB.
Log                       Ext     Elapsed/s Peak Memory/MB sha1sum result [0:20)
3_5_place_dp              .odb           15            422 60fa4f7c3a3ed65aae5b
cp /work/results/sky130hd/m7_j2/d3_p20p0/3_5_place_dp.odb /work/results/sky130hd/m7_j2/d3_p20p0/3_place.odb
/OpenROAD-flow-scripts/flow/scripts/flow.sh 4_1_cts cts
Running cts.tcl, stage 4_1_cts
read_liberty /OpenROAD-flow-scripts/flow/platforms/sky130hd/lib/sky130_fd_sc_hd__tt_025C_1v80.lib
read_db -hier /work/results/sky130hd/m7_j2/d3_p20p0/3_place.odb
[WARNING ORD-0012] Hierarchical flow (-hier) is currently in development and may cause multiple issues. Do not use in production environments.
read_sdc /work/results/sky130hd/m7_j2/d3_p20p0/3_place.sdc
source /OpenROAD-flow-scripts/flow/platforms/sky130hd/setRC.tcl
clock_tree_synthesis -sink_clustering_enable -repair_clock_nets -sink_clustering_size 20 -sink_clustering_max_diameter 50
[INFO CTS-0050] Root buffer is sky130_fd_sc_hd__clkbuf_16.
[INFO CTS-0051] Sink buffer is sky130_fd_sc_hd__clkbuf_16.
[INFO CTS-0052] The following clock buffers will be used for CTS:
                    sky130_fd_sc_hd__clkbuf_16
[INFO CTS-0049] Characterization buffer is sky130_fd_sc_hd__clkbuf_16.
[INFO CTS-0007] Net "clk" found for clock "core_clock".
[INFO CTS-0011]  Clock net "clk" for macros has 1 sinks.
[INFO CTS-0011]  Clock net "clk_regs" for registers has 692 sinks.
[INFO CTS-0010]  Clock net "_14855_" has 2190 sinks.
[INFO CTS-0008] TritonCTS found 3 clock nets.
[INFO CTS-0097] Characterization used 1 buffer(s) types.
[INFO CTS-0201] 0 blockages from hard placement blockages and placed macros will be used.
[INFO CTS-0027] Generating H-Tree topology for net clk.
[INFO CTS-0028]  Total number of sinks: 1.
[INFO CTS-0060]  Macro  sinks will be clustered in groups of up to 4 and based on buffer max cap.
[INFO CTS-0030]  Number of static layers: 0.
[INFO CTS-0020]  Wire segment unit: 13600  dbu (13 um).
[INFO CTS-0023]  Original sink region: [(287792, 436770), (287792, 436770)].
[INFO CTS-0024]  Normalized sink region: [(21.1612, 32.1154), (21.1612, 32.1154)].
[INFO CTS-0025]     Width:  0.0000.
[INFO CTS-0026]     Height: 0.0000.
 Level 1
    Direction: Vertical
    Sinks per sub-region: 1
    Sub-region size: 0.0000 X 0.0000
[INFO CTS-0034]     Segment length (rounded): 1.
[INFO CTS-0038]  Stop criterion found. Sink region hpwl is smaller than max wirelength (1911.535 um) and max number of sinks is 15.
[INFO CTS-0035]  Number of sinks covered: 1.
[INFO CTS-0201] 0 blockages from hard placement blockages and placed macros will be used.
[INFO CTS-0027] Generating H-Tree topology for net clk_regs.
[INFO CTS-0028]  Total number of sinks: 692.
[INFO CTS-0029]  Register sinks will be clustered in groups of up to 20 and with maximum cluster diameter of 50.0 um.
[INFO CTS-0030]  Number of static layers: 0.
[INFO CTS-0020]  Wire segment unit: 13600  dbu (13 um).
[INFO CTS-0204] A clustering solution was found from clustering size of 20 and clustering diameter of 50.
[INFO CTS-0205] Better solution may be possible if either -sink_clustering_size, -sink_clustering_max_diameter, or both options are omitted to enable automatic clustering.
[INFO CTS-0019]  Total number of sinks after clustering: 55.
[INFO CTS-0024]  Normalized sink region: [(0.180101, 1.36814), (35.5147, 50.4753)].
[INFO CTS-0025]     Width:  35.3346.
[INFO CTS-0026]     Height: 49.1072.
 Level 1
    Direction: Vertical
    Sinks per sub-region: 28
    Sub-region size: 35.3346 X 24.5536
[INFO CTS-0034]     Segment length (rounded): 12.
 Level 2
    Direction: Horizontal
    Sinks per sub-region: 14
    Sub-region size: 17.6673 X 24.5536
[INFO CTS-0034]     Segment length (rounded): 8.
[INFO CTS-0038]  Stop criterion found. Sink region hpwl is smaller than max wirelength (1911.535 um) and max number of sinks is 15.
[INFO CTS-0035]  Number of sinks covered: 55.
[INFO CTS-0201] 0 blockages from hard placement blockages and placed macros will be used.
[INFO CTS-0027] Generating H-Tree topology for net _14855_.
[INFO CTS-0028]  Total number of sinks: 2190.
[INFO CTS-0029]  Register sinks will be clustered in groups of up to 20 and with maximum cluster diameter of 50.0 um.
[INFO CTS-0030]  Number of static layers: 0.
[INFO CTS-0020]  Wire segment unit: 13600  dbu (13 um).
[INFO CTS-0204] A clustering solution was found from clustering size of 20 and clustering diameter of 50.
[INFO CTS-0205] Better solution may be possible if either -sink_clustering_size, -sink_clustering_max_diameter, or both options are omitted to enable automatic clustering.
[INFO CTS-0019]  Total number of sinks after clustering: 239.
[INFO CTS-0024]  Normalized sink region: [(0.566397, 13.9333), (41.2917, 50.6551)].
[INFO CTS-0025]     Width:  40.7253.
[INFO CTS-0026]     Height: 36.7217.
 Level 1
    Direction: Horizontal
    Sinks per sub-region: 120
    Sub-region size: 20.3627 X 36.7217
[INFO CTS-0034]     Segment length (rounded): 10.
 Level 2
    Direction: Vertical
    Sinks per sub-region: 60
    Sub-region size: 20.3627 X 18.3609
[INFO CTS-0034]     Segment length (rounded): 10.
 Level 3
    Direction: Horizontal
    Sinks per sub-region: 30
    Sub-region size: 10.1813 X 18.3609
[INFO CTS-0034]     Segment length (rounded): 6.
 Level 4
    Direction: Vertical
    Sinks per sub-region: 15
    Sub-region size: 10.1813 X 9.1804
[INFO CTS-0034]     Segment length (rounded): 4.
 Level 5
    Direction: Horizontal
    Sinks per sub-region: 8
    Sub-region size: 5.0907 X 9.1804
[INFO CTS-0034]     Segment length (rounded): 2.
[INFO CTS-0038]  Stop criterion found. Sink region hpwl is smaller than max wirelength (1911.535 um) and max number of sinks is 15.
[INFO CTS-0035]  Number of sinks covered: 239.
[INFO CTS-0018]     Created 2 clock buffers.
[INFO CTS-0012]     Minimum number of buffers in the clock path: 2.
[INFO CTS-0013]     Maximum number of buffers in the clock path: 2.
[INFO CTS-0015]     Created 2 clock nets.
[INFO CTS-0016]     Fanout distribution for the current clock = 1:1..
[INFO CTS-0017]     Max level of the clock tree: 1.
[INFO CTS-0018]     Created 60 clock buffers.
[INFO CTS-0012]     Minimum number of buffers in the clock path: 3.
[INFO CTS-0013]     Maximum number of buffers in the clock path: 3.
[INFO CTS-0015]     Created 60 clock nets.
[INFO CTS-0016]     Fanout distribution for the current clock = 2:3, 3:1, 4:2, 5:1, 6:4, 7:1, 8:2, 9:6, 11:1, 12:3, 13:5, 14:7, 15:6, 16:2, 17:2, 18:1, 20:12..
[INFO CTS-0017]     Max level of the clock tree: 2.
[INFO CTS-0018]     Created 276 clock buffers.
[INFO CTS-0012]     Minimum number of buffers in the clock path: 4.
[INFO CTS-0013]     Maximum number of buffers in the clock path: 4.
[INFO CTS-0015]     Created 276 clock nets.
[INFO CTS-0016]     Fanout distribution for the current clock = 2:7, 3:10, 4:15, 5:24, 6:21, 7:31, 8:31, 9:28, 10:22, 11:15, 12:16, 13:12, 14:8, 15:6, 16:11, 17:6, 18:4, 19:3, 20:1..
[INFO CTS-0017]     Max level of the clock tree: 5.
[INFO CTS-0124] Clock net "clk"
[INFO CTS-0125]  Sinks 1
[INFO CTS-0098] Clock net "clk_regs"
[INFO CTS-0099]  Sinks 746
[INFO CTS-0100]  Leaf buffers 55
[INFO CTS-0101]  Average sink wire length 410.25 um
[INFO CTS-0102]  Path depth 2 - 3
[INFO CTS-0207]  Dummy loads inserted 54
[INFO CTS-0098] Clock net "_14855_"
[INFO CTS-0099]  Sinks 2419
[INFO CTS-0100]  Leaf buffers 239
[INFO CTS-0101]  Average sink wire length 453.20 um
[INFO CTS-0102]  Path depth 3 - 4
[INFO CTS-0207]  Dummy loads inserted 229
[INFO CTS-0033] Balancing latency for clock core_clock
[INFO CTS-0036]  inserted 3 delay buffers
[INFO CTS-0037] Total number of delay buffers: 3
[INFO CTS-0500] Runtime: 1.79s
estimate_parasitics -placement
detailed_placement
[INFO DPL-0006] Core area: 482412.67 um^2
[INFO DPL-0007] Movable instances area: 271260.16 um^2
[INFO DPL-0008] Fixed instances area within core: 8038.96 um^2
[INFO DPL-0009] Utilization: 57.9%
[INFO DPL-0005] Diamond search max displacement: +/- 500 sites horizontally, +/- 100 rows vertically.
[INFO DPL-1102] Legalizing using negotiation legalizer.
[INFO DPL-1103] Negotiation base search window: +/-20 sites horizontally, +/-5 rows vertically 
	Automatic search window extension enabled.
	Search window extendable up to the max displacement cap of +/-500 sites, +/-100 rows near walls.
[INFO DPL-1104] NegotiationLegalizer DRC penalty: 5.
[INFO DPL-0392] Negotiation cell height distribution (1 unique row-count(s)):
[INFO DPL-0393]   height 1 row(s): 37776 cells
          |      Total |  Illegal |  Illegal
Iteration | Violations |    Cells |    Sites
---------------------------------------------
        0 |       1457 |       231 |      1226
        1 |        465 |        78 |       387
        2 |        376 |        41 |       335
        3 |        163 |        23 |       140
        4 |        119 |        17 |       102
        5 |         64 |         6 |        58
        6 |         32 |         4 |        28
        7 |         42 |         2 |        40
        8 |         42 |         2 |        40
        9 |         41 |         3 |        38
       10 |         22 |         2 |        20
       13 |          0 |         0 |         0
Negotiation phase 1 converged at iteration 13.
[INFO DPL-0500] Runtime: 0.63s
Placement Analysis
---------------------------------
total displacement      32809.4 u
average displacement        0.9 u
max displacement           30.9 u
original HPWL          951373.1 u
legalized HPWL         969406.5 u
delta HPWL                    2 %

estimate_parasitics -placement
repair_timing -setup_margin 0 -hold_margin 0 -repair_tns 100 -match_cell_footprint -verbose
[INFO RSZ-0100] Repair move sequence: UnbufferMove SizeUpMove SwapPinsMove BufferMove CloneMove SplitLoadMove 
[INFO RSZ-0098] No setup violations found
[INFO RSZ-0505] Runtime: 0.66s
[INFO RSZ-0033] No hold violations found.
[INFO RSZ-0506] Runtime: 0.05s
detailed_placement
[INFO DPL-0006] Core area: 482412.67 um^2
[INFO DPL-0007] Movable instances area: 271260.16 um^2
[INFO DPL-0008] Fixed instances area within core: 8038.96 um^2
[INFO DPL-0009] Utilization: 57.9%
[INFO DPL-0005] Diamond search max displacement: +/- 500 sites horizontally, +/- 100 rows vertically.
[INFO DPL-1102] Legalizing using negotiation legalizer.
[INFO DPL-1103] Negotiation base search window: +/-20 sites horizontally, +/-5 rows vertically 
	Automatic search window extension enabled.
	Search window extendable up to the max displacement cap of +/-500 sites, +/-100 rows near walls.
[INFO DPL-1104] NegotiationLegalizer DRC penalty: 5.
[INFO DPL-0392] Negotiation cell height distribution (1 unique row-count(s)):
[INFO DPL-0393]   height 1 row(s): 37776 cells
[INFO DPL-0500] Runtime: 0.17s
Placement Analysis
---------------------------------
total displacement          0.0 u
average displacement        0.0 u
max displacement            0.0 u
original HPWL          969406.5 u
legalized HPWL         969406.5 u
delta HPWL                    0 %

Report metrics stage 4, cts final...

==========================================================================
cts final report_design_area
--------------------------------------------------------------------------
Design area 279299 um^2 58% utilization.
write_db /work/results/sky130hd/m7_j2/d3_p20p0/4_1_cts.odb
write_sdc -no_timestamp /work/results/sky130hd/m7_j2/d3_p20p0/4_cts.sdc
Elapsed time: 0:15.92[h:]min:sec. CPU time: user 39.51 sys 7.42 (294%). Peak memory: 504640KB.
Log                       Ext     Elapsed/s Peak Memory/MB sha1sum result [0:20)
4_1_cts                   .odb           15            492 0746d76a509b3d5722dd
cp /work/results/sky130hd/m7_j2/d3_p20p0/4_1_cts.odb /work/results/sky130hd/m7_j2/d3_p20p0/4_cts.odb
/OpenROAD-flow-scripts/flow/scripts/flow.sh 5_1_grt global_route
Running global_route.tcl, stage 5_1_grt
read_liberty /OpenROAD-flow-scripts/flow/platforms/sky130hd/lib/sky130_fd_sc_hd__tt_025C_1v80.lib
read_db -hier /work/results/sky130hd/m7_j2/d3_p20p0/4_cts.odb
[WARNING ORD-0012] Hierarchical flow (-hier) is currently in development and may cause multiple issues. Do not use in production environments.
read_sdc /work/results/sky130hd/m7_j2/d3_p20p0/4_cts.sdc
source /OpenROAD-flow-scripts/flow/platforms/sky130hd/setRC.tcl
pin_access
[INFO DRT-0149] Reading tech and libs.
[WARNING DRT-0349] LEF58_ENCLOSURE with no CUTCLASS is not supported. Skipping for layer mcon
[WARNING DRT-0349] LEF58_ENCLOSURE with no CUTCLASS is not supported. Skipping for layer mcon
[WARNING DRT-0349] LEF58_ENCLOSURE with no CUTCLASS is not supported. Skipping for layer via
[WARNING DRT-0349] LEF58_ENCLOSURE with no CUTCLASS is not supported. Skipping for layer via
[WARNING DRT-0349] LEF58_ENCLOSURE with no CUTCLASS is not supported. Skipping for layer via2
[WARNING DRT-0349] LEF58_ENCLOSURE with no CUTCLASS is not supported. Skipping for layer via2
[WARNING DRT-0349] LEF58_ENCLOSURE with no CUTCLASS is not supported. Skipping for layer via3
[WARNING DRT-0349] LEF58_ENCLOSURE with no CUTCLASS is not supported. Skipping for layer via3
[WARNING DRT-0349] LEF58_ENCLOSURE with no CUTCLASS is not supported. Skipping for layer via4
[WARNING DRT-0349] LEF58_ENCLOSURE with no CUTCLASS is not supported. Skipping for layer via4

Units:                1000
Number of layers:     13
Number of macros:     441
Number of vias:       29
Number of viarulegen: 25

[INFO DRT-0150] Reading design.
[WARNING DRT-0120] Large net net907 has 122 pins which may impact routing performance. Consider optimization.
[WARNING DRT-0120] Large net net2673 has 103 pins which may impact routing performance. Consider optimization.
[WARNING DRT-0120] Large net net3682 has 164 pins which may impact routing performance. Consider optimization.
[WARNING DRT-0120] Large net net3688 has 142 pins which may impact routing performance. Consider optimization.
[WARNING DRT-0120] Large net net3690 has 151 pins which may impact routing performance. Consider optimization.
[WARNING DRT-0120] Large net net3695 has 165 pins which may impact routing performance. Consider optimization.
[WARNING DRT-0120] Large net net3696 has 131 pins which may impact routing performance. Consider optimization.
[WARNING DRT-0120] Large net net3697 has 129 pins which may impact routing performance. Consider optimization.

Design:                   m7_ppa_j2_top
Die area:                 ( 0 0 ) ( 698135 698135 )
Number of track patterns: 12
Number of DEF vias:       0
Number of components:     37776
Number of terminals:      278
Number of snets:          2
Number of nets:           31263

[INFO DRT-0167] List of default vias:
  Layer via
    default via: M1M2_PR
  Layer via2
    default via: M2M3_PR
  Layer via3
    default via: M3M4_PR
  Layer via4
    default via: M4M5_PR
[INFO DRT-0162] Library cell analysis.
[INFO DRT-0163] Instance analysis.
[INFO DRT-0164] Number of unique instances = 280.
[INFO DRT-0168] Init region query.
[INFO DRT-0024]   Complete FR_MASTERSLICE.
[INFO DRT-0024]   Complete Fr_VIA.
[INFO DRT-0024]   Complete li1.
[INFO DRT-0024]   Complete mcon.
[INFO DRT-0024]   Complete met1.
[INFO DRT-0024]   Complete via.
[INFO DRT-0024]   Complete met2.
[INFO DRT-0024]   Complete via2.
[INFO DRT-0024]   Complete met3.
[INFO DRT-0024]   Complete via3.
[INFO DRT-0024]   Complete met4.
[INFO DRT-0024]   Complete via4.
[INFO DRT-0024]   Complete met5.
[INFO DRT-0033] FR_MASTERSLICE shape region query size = 0.
[INFO DRT-0033] FR_VIA shape region query size = 0.
[INFO DRT-0033] li1 shape region query size = 887455.
[INFO DRT-0033] mcon shape region query size = 476240.
[INFO DRT-0033] met1 shape region query size = 128816.
[INFO DRT-0033] via shape region query size = 32640.
[INFO DRT-0033] met2 shape region query size = 19756.
[INFO DRT-0033] via2 shape region query size = 26112.
[INFO DRT-0033] met3 shape region query size = 19688.
[INFO DRT-0033] via3 shape region query size = 26112.
[INFO DRT-0033] met4 shape region query size = 7880.
[INFO DRT-0033] via4 shape region query size = 1301.
[INFO DRT-0033] met5 shape region query size = 1403.
[INFO DRT-0165] Start pin access.
[INFO DRT-0076]   Complete 1000 pins.
[INFO DRT-0076]   Complete 2000 pins.
[INFO DRT-0078]   Complete 2270 pins.
[INFO DRT-0079]   Complete 100 unique inst patterns.
[INFO DRT-0079]   Complete 200 unique inst patterns.
[INFO DRT-0081]   Complete 280 unique inst patterns.
[INFO DRT-0082]   Complete 10000 groups.
[INFO DRT-0084]   Complete 19823 groups.
#scanned instances     = 37776
#unique  instances     = 280
#stdCellGenAp          = 9051
#stdCellValidPlanarAp  = 114
#stdCellValidViaAp     = 6604
#stdCellPinNoAp        = 0
#stdCellPinCnt         = 112617
#instTermValidViaApCnt = 0
#macroGenAp            = 0
#macroValidPlanarAp    = 0
#macroValidViaAp       = 0
#macroNoAp             = 0
[INFO DRT-0166] Complete pin access.
[INFO DRT-0267] cpu time = 00:07:48, elapsed time = 00:00:19, memory = 358.20 (MB), peak = 356.96 (MB)
Took 20 seconds: pin_access
global_route -congestion_report_file /work/reports/sky130hd/m7_j2/d3_p20p0/congestion.rpt -congestion_iterations 30 -congestion_report_iter_step 5 -verbose
[INFO GRT-0020] Min routing layer: met1
[INFO GRT-0021] Max routing layer: met5
[INFO GRT-0022] Global adjustment: 0%
[INFO GRT-0023] Grid origin: (0, 0)
[INFO GRT-0088] Layer li1     Track-Pitch = 0.4600  line-2-Via Pitch: 0.3400
[INFO GRT-0088] Layer met1    Track-Pitch = 0.3400  line-2-Via Pitch: 0.3400
[INFO GRT-0088] Layer met2    Track-Pitch = 0.4600  line-2-Via Pitch: 0.3500
[INFO GRT-0088] Layer met3    Track-Pitch = 0.6800  line-2-Via Pitch: 0.6150
[INFO GRT-0088] Layer met4    Track-Pitch = 0.9200  line-2-Via Pitch: 1.0400
[INFO GRT-0088] Layer met5    Track-Pitch = 3.4000  line-2-Via Pitch: 3.1100
[INFO GRT-0003] Macros: 0
[INFO GRT-0004] Blockages: 49691
[INFO GRT-0019] Found 344 clock nets.
[INFO GRT-0001] Minimum degree: 2
[INFO GRT-0002] Maximum degree: 165

[INFO GRT-0053] Routing resources analysis:
          Routing      Original      Derated      Resource
Layer     Direction    Resources     Resources    Reduction (%)
---------------------------------------------------------------
li1        Vertical            0             0          0.00%
met1       Horizontal     131538        101522          22.82%
met2       Vertical       130600        100300          23.20%
met3       Horizontal      95900         74900          21.90%
met4       Vertical        64500         46200          28.37%
met5       Horizontal      14000         10200          27.14%
---------------------------------------------------------------

[INFO GRT-0101] Running extra iterations to remove congestion.
[INFO GRT-0102] Start extra iteration 1/30
[INFO GRT-0102] Start extra iteration 2/30
[INFO GRT-0102] Start extra iteration 3/30
[INFO GRT-0102] Start extra iteration 4/30
[INFO GRT-0197] Via related to pin nodes: 190802
[INFO GRT-0198] Via related Steiner nodes: 5814
[INFO GRT-0199] Via filling finished.
[INFO GRT-0111] Final number of vias: 248173
[INFO GRT-0112] Final usage 3D: 930573

[INFO GRT-0096] Final congestion report:
Layer         Resource        Demand        Usage (%)    Max H / Max V / Total Congestion
---------------------------------------------------------------------------------------
li1                  0             0            0.00%             0 /  0 /  0
met1            101522         66447           65.45%             0 /  0 /  0
met2            100300         74402           74.18%             0 /  0 /  0
met3             74900         22520           30.07%             0 /  0 /  0
met4             46200         22372           48.42%             0 /  0 /  0
met5             10200           313            3.07%             0 /  0 /  0
---------------------------------------------------------------------------------------
Total           333122        186054           55.85%             0 /  0 /  0

[INFO GRT-0018] Total wirelength: 1854216 um
[INFO GRT-0014] Routed nets: 31196
[INFO GRT-0303] Global routing runtime = 00:00:05
Took 5 seconds: global_route -congestion_report_file /work/reports/sky130hd/m7_j2/d3_p20p0/congestion.rpt -congestion_iterations 30 -congestion_report_iter_step 5 -verbose
[WARNING STA-0450] virtual clock vclk_core_clock can not be propagated.
estimate_parasitics -global_routing
Perform buffer insertion and gate resizing...
repair_design -verbose
Iteration |   Area    | Resized | Buffers | Nets repaired | Remaining
---------------------------------------------------------------------
        0 |     +0.0% |       0 |       0 |             0 |     32052
     1000 |     +0.0% |       0 |       0 |             0 |     31052
     2000 |     +0.0% |       0 |       0 |             0 |     30052
[WARNING RSZ-0104] Net _21656_/CO[33] only has one pin. Check if it is intended to be dangling.
[WARNING RSZ-0104] Net _21656_/CO[25] only has one pin. Check if it is intended to be dangling.
[WARNING RSZ-0104] Net _21656_/CO[22] only has one pin. Check if it is intended to be dangling.
[WARNING RSZ-0104] Net _21656_/CO[16] only has one pin. Check if it is intended to be dangling.
[WARNING RSZ-0104] Net _21656_/X[33] only has one pin. Check if it is intended to be dangling.
[WARNING RSZ-0104] Net _21656_/X[30] only has one pin. Check if it is intended to be dangling.
[WARNING RSZ-0104] Net _21656_/X[29] only has one pin. Check if it is intended to be dangling.
[WARNING RSZ-0104] Net _21656_/X[28] only has one pin. Check if it is intended to be dangling.
[WARNING RSZ-0104] Net _21656_/X[27] only has one pin. Check if it is intended to be dangling.
[WARNING RSZ-0104] Net _21656_/X[25] only has one pin. Check if it is intended to be dangling.
[WARNING RSZ-0104] Net _21656_/X[22] only has one pin. Check if it is intended to be dangling.
[WARNING RSZ-0104] Net _21656_/X[21] only has one pin. Check if it is intended to be dangling.
[WARNING RSZ-0104] Net _21656_/CO[6] only has one pin. Check if it is intended to be dangling.
[WARNING RSZ-0104] Net _21656_/CO[5] only has one pin. Check if it is intended to be dangling.
[WARNING RSZ-0104] Net _21656_/CO[4] only has one pin. Check if it is intended to be dangling.
[WARNING RSZ-0104] Net _21656_/X[24] only has one pin. Check if it is intended to be dangling.
[WARNING RSZ-0104] Net _21656_/X[20] only has one pin. Check if it is intended to be dangling.
[WARNING RSZ-0104] Net _21656_/X[19] only has one pin. Check if it is intended to be dangling.
[WARNING RSZ-0104] Net _21656_/X[18] only has one pin. Check if it is intended to be dangling.
     3000 |     +0.0% |       0 |       0 |             0 |     29052
[WARNING RSZ-0104] Net _21656_/X[15] only has one pin. Check if it is intended to be dangling.
[WARNING RSZ-0104] Net _21656_/X[14] only has one pin. Check if it is intended to be dangling.
[WARNING RSZ-0104] Net _21656_/X[13] only has one pin. Check if it is intended to be dangling.
[WARNING RSZ-0104] Net _21656_/X[12] only has one pin. Check if it is intended to be dangling.
[WARNING RSZ-0104] Net _21656_/X[11] only has one pin. Check if it is intended to be dangling.
[WARNING RSZ-0104] Net _21656_/X[10] only has one pin. Check if it is intended to be dangling.
[WARNING RSZ-0104] Net _21656_/X[8] only has one pin. Check if it is intended to be dangling.
[WARNING RSZ-0104] Net _21656_/X[9] only has one pin. Check if it is intended to be dangling.
     4000 |     +0.0% |       0 |       0 |             0 |     28052
[WARNING RSZ-0104] Net _21656_/X[3] only has one pin. Check if it is intended to be dangling.
     5000 |     +0.0% |       0 |       0 |             0 |     27052
     6000 |     +0.0% |       0 |       0 |             0 |     26052
     7000 |     +0.0% |       0 |       0 |             0 |     25052
     8000 |     +0.0% |       0 |       0 |             0 |     24052
     9000 |     +0.0% |       0 |       0 |             0 |     23052
    10000 |     +0.0% |       0 |       0 |             0 |     22052
    11000 |     +0.0% |       0 |       0 |             0 |     21052
    12000 |     +0.0% |       0 |       0 |             0 |     20052
    13000 |     +0.0% |       0 |       0 |             0 |     19052
    14000 |     +0.0% |       0 |       0 |             0 |     18052
    15000 |     +0.0% |       0 |       0 |             0 |     17052
    16000 |     +0.0% |       0 |       3 |             2 |     16052
    17000 |     +0.0% |       0 |       3 |             2 |     15052
    18000 |     +0.0% |       0 |       3 |             2 |     14052
    19000 |     +0.0% |       0 |       3 |             2 |     13052
    20000 |     +0.0% |       0 |       3 |             2 |     12052
    21000 |     +0.0% |       0 |       3 |             2 |     11052
    22000 |     +0.0% |       0 |       3 |             2 |     10052
    23000 |     +0.0% |       0 |       3 |             2 |      9052
    24000 |     +0.0% |       0 |       3 |             2 |      8052
    25000 |     +0.0% |       0 |       3 |             2 |      7052
    26000 |     +0.0% |       0 |       3 |             2 |      6052
    27000 |     +0.0% |       0 |       3 |             2 |      5052
    28000 |     +0.0% |       0 |       3 |             2 |      4052
    29000 |     +0.0% |       0 |       3 |             2 |      3052
    30000 |     +0.0% |       0 |       3 |             2 |      2052
    31000 |     +0.0% |       0 |       3 |             2 |      1052
[WARNING RSZ-0104] Net sec_release_i only has one pin. Check if it is intended to be dangling.
[WARNING RSZ-0104] Net iopmp_release_i only has one pin. Check if it is intended to be dangling.
[WARNING RSZ-0104] Net ic_release_i only has one pin. Check if it is intended to be dangling.
[WARNING RSZ-0104] Net dma_wdata_i[9] only has one pin. Check if it is intended to be dangling.
[WARNING RSZ-0104] Net dma_wdata_i[8] only has one pin. Check if it is intended to be dangling.
[WARNING RSZ-0104] Net dma_wdata_i[7] only has one pin. Check if it is intended to be dangling.
[WARNING RSZ-0104] Net dma_wdata_i[6] only has one pin. Check if it is intended to be dangling.
[WARNING RSZ-0104] Net dma_wdata_i[5] only has one pin. Check if it is intended to be dangling.
[WARNING RSZ-0104] Net dma_wdata_i[4] only has one pin. Check if it is intended to be dangling.
[WARNING RSZ-0104] Net dma_wdata_i[3] only has one pin. Check if it is intended to be dangling.
[WARNING RSZ-0104] Net dma_wdata_i[31] only has one pin. Check if it is intended to be dangling.
[WARNING RSZ-0104] Net dma_wdata_i[30] only has one pin. Check if it is intended to be dangling.
[WARNING RSZ-0104] Net dma_wdata_i[2] only has one pin. Check if it is intended to be dangling.
[WARNING RSZ-0104] Net dma_wdata_i[29] only has one pin. Check if it is intended to be dangling.
[WARNING RSZ-0104] Net dma_wdata_i[28] only has one pin. Check if it is intended to be dangling.
[WARNING RSZ-0104] Net dma_wdata_i[27] only has one pin. Check if it is intended to be dangling.
[WARNING RSZ-0104] Net dma_wdata_i[26] only has one pin. Check if it is intended to be dangling.
[WARNING RSZ-0104] Net dma_wdata_i[25] only has one pin. Check if it is intended to be dangling.
[WARNING RSZ-0104] Net dma_wdata_i[24] only has one pin. Check if it is intended to be dangling.
[WARNING RSZ-0104] Net dma_wdata_i[23] only has one pin. Check if it is intended to be dangling.
[WARNING RSZ-0104] Net dma_wdata_i[22] only has one pin. Check if it is intended to be dangling.
[WARNING RSZ-0104] Net dma_wdata_i[21] only has one pin. Check if it is intended to be dangling.
[WARNING RSZ-0104] Net dma_wdata_i[20] only has one pin. Check if it is intended to be dangling.
[WARNING RSZ-0104] Net dma_wdata_i[1] only has one pin. Check if it is intended to be dangling.
[WARNING RSZ-0104] Net dma_wdata_i[19] only has one pin. Check if it is intended to be dangling.
[WARNING RSZ-0104] Net dma_wdata_i[18] only has one pin. Check if it is intended to be dangling.
[WARNING RSZ-0104] Net dma_wdata_i[17] only has one pin. Check if it is intended to be dangling.
[WARNING RSZ-0104] Net dma_wdata_i[16] only has one pin. Check if it is intended to be dangling.
[WARNING RSZ-0104] Net dma_wdata_i[15] only has one pin. Check if it is intended to be dangling.
[WARNING RSZ-0104] Net dma_wdata_i[14] only has one pin. Check if it is intended to be dangling.
[WARNING RSZ-0104] Net dma_wdata_i[13] only has one pin. Check if it is intended to be dangling.
[WARNING RSZ-0104] Net dma_wdata_i[12] only has one pin. Check if it is intended to be dangling.
[WARNING RSZ-0104] Net dma_wdata_i[11] only has one pin. Check if it is intended to be dangling.
[WARNING RSZ-0104] Net dma_wdata_i[10] only has one pin. Check if it is intended to be dangling.
[WARNING RSZ-0104] Net dma_wdata_i[0] only has one pin. Check if it is intended to be dangling.
[WARNING RSZ-0104] Net dma_release_i only has one pin. Check if it is intended to be dangling.
[WARNING RSZ-0104] Net cpu_release_i only has one pin. Check if it is intended to be dangling.
    32000 |     +0.0% |       0 |       3 |             2 |        52
    final |     +0.0% |       0 |       3 |             2 |         0
---------------------------------------------------------------------
[INFO RSZ-0034] Found 2 slew violations.
[INFO RSZ-0036] Found 1 capacitance violations.
[INFO RSZ-0038] Inserted 3 buffers in 2 nets.
[INFO RSZ-0504] Runtime: 3.12s
global_route -start_incremental
detailed_placement
[INFO DPL-0006] Core area: 482412.67 um^2
[INFO DPL-0007] Movable instances area: 271280.18 um^2
[INFO DPL-0008] Fixed instances area within core: 8038.96 um^2
[INFO DPL-0009] Utilization: 57.9%
[INFO DPL-0005] Diamond search max displacement: +/- 500 sites horizontally, +/- 100 rows vertically.
[INFO DPL-1102] Legalizing using negotiation legalizer.
[INFO DPL-1103] Negotiation base search window: +/-20 sites horizontally, +/-5 rows vertically 
	Automatic search window extension enabled.
	Search window extendable up to the max displacement cap of +/-500 sites, +/-100 rows near walls.
[INFO DPL-1104] NegotiationLegalizer DRC penalty: 5.
[INFO DPL-0392] Negotiation cell height distribution (1 unique row-count(s)):
[INFO DPL-0393]   height 1 row(s): 37779 cells
          |      Total |  Illegal |  Illegal
Iteration | Violations |    Cells |    Sites
---------------------------------------------
        0 |          0 |         0 |         0
Negotiation phase 1 converged at iteration 0.
[INFO DPL-0500] Runtime: 0.20s
Placement Analysis
---------------------------------
total displacement         11.8 u
average displacement        0.0 u
max displacement            5.4 u
original HPWL          969697.3 u
legalized HPWL         969704.5 u
delta HPWL                    0 %

global_route -end_incremental -congestion_report_file /work/reports/sky130hd/m7_j2/d3_p20p0/congestion_post_repair_design.rpt
Repair setup and hold violations...
estimate_parasitics -global_routing
repair_timing -setup_margin 0 -hold_margin 0 -repair_tns 100 -verbose
[INFO RSZ-0100] Repair move sequence: UnbufferMove SizeUpMove SwapPinsMove BufferMove CloneMove SplitLoadMove 
[INFO RSZ-0098] No setup violations found
[INFO RSZ-0505] Runtime: 0.64s
[INFO RSZ-0033] No hold violations found.
[INFO RSZ-0506] Runtime: 0.17s
global_route -start_incremental
detailed_placement
[INFO DPL-0006] Core area: 482412.67 um^2
[INFO DPL-0007] Movable instances area: 271280.18 um^2
[INFO DPL-0008] Fixed instances area within core: 8038.96 um^2
[INFO DPL-0009] Utilization: 57.9%
[INFO DPL-0005] Diamond search max displacement: +/- 500 sites horizontally, +/- 100 rows vertically.
[INFO DPL-1102] Legalizing using negotiation legalizer.
[INFO DPL-1103] Negotiation base search window: +/-20 sites horizontally, +/-5 rows vertically 
	Automatic search window extension enabled.
	Search window extendable up to the max displacement cap of +/-500 sites, +/-100 rows near walls.
[INFO DPL-1104] NegotiationLegalizer DRC penalty: 5.
[INFO DPL-0392] Negotiation cell height distribution (1 unique row-count(s)):
[INFO DPL-0393]   height 1 row(s): 37779 cells
[INFO DPL-0500] Runtime: 0.20s
Placement Analysis
---------------------------------
total displacement          0.0 u
average displacement        0.0 u
max displacement            0.0 u
original HPWL          969704.5 u
legalized HPWL         969704.5 u
delta HPWL                    0 %

check_placement -verbose
global_route -end_incremental -congestion_report_file /work/reports/sky130hd/m7_j2/d3_p20p0/congestion_post_repair_timing.rpt
estimate_parasitics -global_routing
global_route -start_incremental
global_route -end_incremental -congestion_report_file /work/reports/sky130hd/m7_j2/d3_p20p0/congestion_post_recover_power.rpt
Repair antennas...
[INFO GRT-0012] Found 139 antenna violations.
[INFO GRT-0302] Inserted 185 jumpers for 130 nets.
[INFO GRT-0012] Found 23 antenna violations.
[INFO DPL-0006] Core area: 482412.67 um^2
[INFO DPL-0007] Movable instances area: 271023.68 um^2
[INFO DPL-0008] Fixed instances area within core: 8388.04 um^2
[INFO DPL-0009] Utilization: 57.9%
[INFO DPL-0005] Diamond search max displacement: +/- 500 sites horizontally, +/- 100 rows vertically.
[INFO DPL-1102] Legalizing using negotiation legalizer.
[INFO DPL-1103] Negotiation base search window: +/-20 sites horizontally, +/-5 rows vertically 
	Automatic search window extension enabled.
	Search window extendable up to the max displacement cap of +/-500 sites, +/-100 rows near walls.
[INFO DPL-1104] NegotiationLegalizer DRC penalty: 5.
[INFO DPL-0392] Negotiation cell height distribution (1 unique row-count(s)):
[INFO DPL-0393]   height 1 row(s): 37816 cells
          |      Total |  Illegal |  Illegal
Iteration | Violations |    Cells |    Sites
---------------------------------------------
        0 |          0 |         0 |         0
Negotiation phase 1 converged at iteration 0.
[INFO DPL-0500] Runtime: 0.22s
[INFO GRT-0015] Inserted 37 diodes.
[INFO GRT-0012] Found 1 antenna violations.
[INFO GRT-0302] Inserted 1 jumpers for 1 nets.
[INFO GRT-0012] Found 0 antenna violations.
[INFO ANT-0002] Found 0 net violations.
[INFO ANT-0001] Found 0 pin violations.
Estimate parasitics...
estimate_parasitics -global_routing
Report metrics stage 5, global route...

==========================================================================
global route report_design_area
--------------------------------------------------------------------------
Design area 279412 um^2 58% utilization.
[INFO FLW-0007] clock core_clock period 20.000000
[WARNING FLW-0010] more than one clock found. Skipping sdc update.
[INFO FLW-0011] Path endpoint path count 6599
write_db /work/results/sky130hd/m7_j2/d3_p20p0/5_1_grt.odb
write_sdc -no_timestamp /work/results/sky130hd/m7_j2/d3_p20p0/5_1_grt.sdc
Elapsed time: 0:51.13[h:]min:sec. CPU time: user 696.77 sys 14.90 (1391%). Peak memory: 1093732KB.
Log                       Ext     Elapsed/s Peak Memory/MB sha1sum result [0:20)
5_1_grt                   .odb           51           1068 17ea6209cb83da76ceec
5_1_grt                   .sdc                             5dd147e8039c9959d288
/OpenROAD-flow-scripts/flow/scripts/flow.sh 5_2_route detail_route
Running detail_route.tcl, stage 5_2_route
read_liberty /OpenROAD-flow-scripts/flow/platforms/sky130hd/lib/sky130_fd_sc_hd__tt_025C_1v80.lib
read_db -hier /work/results/sky130hd/m7_j2/d3_p20p0/5_1_grt.odb
[WARNING ORD-0012] Hierarchical flow (-hier) is currently in development and may cause multiple issues. Do not use in production environments.
read_sdc /work/results/sky130hd/m7_j2/d3_p20p0/5_1_grt.sdc
source /OpenROAD-flow-scripts/flow/platforms/sky130hd/setRC.tcl
[WARNING STA-0450] virtual clock vclk_core_clock can not be propagated.
detailed_route -output_drc /work/reports/sky130hd/m7_j2/d3_p20p0/5_route_drc.rpt -output_maze /work/results/sky130hd/m7_j2/d3_p20p0/maze.log -droute_end_iter 64 -verbose 1 -drc_report_iter_step 5
[INFO DRT-0149] Reading tech and libs.
[WARNING DRT-0349] LEF58_ENCLOSURE with no CUTCLASS is not supported. Skipping for layer mcon
[WARNING DRT-0349] LEF58_ENCLOSURE with no CUTCLASS is not supported. Skipping for layer mcon
[WARNING DRT-0349] LEF58_ENCLOSURE with no CUTCLASS is not supported. Skipping for layer via
[WARNING DRT-0349] LEF58_ENCLOSURE with no CUTCLASS is not supported. Skipping for layer via
[WARNING DRT-0349] LEF58_ENCLOSURE with no CUTCLASS is not supported. Skipping for layer via2
[WARNING DRT-0349] LEF58_ENCLOSURE with no CUTCLASS is not supported. Skipping for layer via2
[WARNING DRT-0349] LEF58_ENCLOSURE with no CUTCLASS is not supported. Skipping for layer via3
[WARNING DRT-0349] LEF58_ENCLOSURE with no CUTCLASS is not supported. Skipping for layer via3
[WARNING DRT-0349] LEF58_ENCLOSURE with no CUTCLASS is not supported. Skipping for layer via4
[WARNING DRT-0349] LEF58_ENCLOSURE with no CUTCLASS is not supported. Skipping for layer via4

Units:                1000
Number of layers:     13
Number of macros:     441
Number of vias:       29
Number of viarulegen: 25

[INFO DRT-0150] Reading design.
[WARNING DRT-0120] Large net net907 has 122 pins which may impact routing performance. Consider optimization.
[WARNING DRT-0120] Large net net2673 has 103 pins which may impact routing performance. Consider optimization.
[WARNING DRT-0120] Large net net3682 has 164 pins which may impact routing performance. Consider optimization.
[WARNING DRT-0120] Large net net3688 has 142 pins which may impact routing performance. Consider optimization.
[WARNING DRT-0120] Large net net3690 has 151 pins which may impact routing performance. Consider optimization.
[WARNING DRT-0120] Large net net3695 has 165 pins which may impact routing performance. Consider optimization.
[WARNING DRT-0120] Large net net3696 has 131 pins which may impact routing performance. Consider optimization.
[WARNING DRT-0120] Large net net3697 has 129 pins which may impact routing performance. Consider optimization.

Design:                   m7_ppa_j2_top
Die area:                 ( 0 0 ) ( 698135 698135 )
Number of track patterns: 12
Number of DEF vias:       0
Number of components:     37816
Number of terminals:      278
Number of snets:          2
Number of nets:           31266

[INFO DRT-0167] List of default vias:
  Layer via
    default via: M1M2_PR
  Layer via2
    default via: M2M3_PR
  Layer via3
    default via: M3M4_PR
  Layer via4
    default via: M4M5_PR
[INFO DRT-0162] Library cell analysis.
[INFO DRT-0163] Instance analysis.
[INFO DRT-0164] Number of unique instances = 284.
[INFO DRT-0168] Init region query.
[INFO DRT-0024]   Complete FR_MASTERSLICE.
[INFO DRT-0024]   Complete Fr_VIA.
[INFO DRT-0024]   Complete li1.
[INFO DRT-0024]   Complete mcon.
[INFO DRT-0024]   Complete met1.
[INFO DRT-0024]   Complete via.
[INFO DRT-0024]   Complete met2.
[INFO DRT-0024]   Complete via2.
[INFO DRT-0024]   Complete met3.
[INFO DRT-0024]   Complete via3.
[INFO DRT-0024]   Complete met4.
[INFO DRT-0024]   Complete via4.
[INFO DRT-0024]   Complete met5.
[INFO DRT-0033] FR_MASTERSLICE shape region query size = 0.
[INFO DRT-0033] FR_VIA shape region query size = 0.
[INFO DRT-0033] li1 shape region query size = 887628.
[INFO DRT-0033] mcon shape region query size = 476420.
[INFO DRT-0033] met1 shape region query size = 128896.
[INFO DRT-0033] via shape region query size = 32640.
[INFO DRT-0033] met2 shape region query size = 19756.
[INFO DRT-0033] via2 shape region query size = 26112.
[INFO DRT-0033] met3 shape region query size = 19688.
[INFO DRT-0033] via3 shape region query size = 26112.
[INFO DRT-0033] met4 shape region query size = 7880.
[INFO DRT-0033] via4 shape region query size = 1301.
[INFO DRT-0033] met5 shape region query size = 1403.
[INFO DRT-0165] Start pin access.
[INFO DRT-0076]   Complete 1000 pins.
[INFO DRT-0076]   Complete 2000 pins.
[INFO DRT-0078]   Complete 2292 pins.
[INFO DRT-0079]   Complete 100 unique inst patterns.
[INFO DRT-0079]   Complete 200 unique inst patterns.
[INFO DRT-0081]   Complete 284 unique inst patterns.
[INFO DRT-0082]   Complete 10000 groups.
[INFO DRT-0084]   Complete 19839 groups.
#scanned instances     = 37816
#unique  instances     = 284
#stdCellGenAp          = 9105
#stdCellValidPlanarAp  = 114
#stdCellValidViaAp     = 6648
#stdCellPinNoAp        = 0
#stdCellPinCnt         = 112623
#instTermValidViaApCnt = 0
#macroGenAp            = 0
#macroValidPlanarAp    = 0
#macroValidViaAp       = 0
#macroNoAp             = 0
[INFO DRT-0166] Complete pin access.
[INFO DRT-0267] cpu time = 00:07:54, elapsed time = 00:00:18, memory = 562.69 (MB), peak = 561.76 (MB)
[INFO DRT-0156] guideIn read 100000 guides.
[INFO DRT-0156] guideIn read 200000 guides.

[INFO DRT-0157] Number of guides:     268693

[INFO DRT-0169] Post process guides.
[INFO DRT-0176] GCELLGRID X 0 DO 101 STEP 6900 ;
[INFO DRT-0177] GCELLGRID Y 0 DO 101 STEP 6900 ;
[INFO DRT-0026]   Complete 100000 origin guides.
[INFO DRT-0026]   Complete 200000 origin guides.
[INFO DRT-0028]   Complete FR_MASTERSLICE.
[INFO DRT-0028]   Complete Fr_VIA.
[INFO DRT-0028]   Complete li1.
[INFO DRT-0028]   Complete mcon.
[INFO DRT-0028]   Complete met1.
[INFO DRT-0028]   Complete via.
[INFO DRT-0028]   Complete met2.
[INFO DRT-0028]   Complete via2.
[INFO DRT-0028]   Complete met3.
[INFO DRT-0028]   Complete via3.
[INFO DRT-0028]   Complete met4.
[INFO DRT-0028]   Complete via4.
[INFO DRT-0028]   Complete met5.
[INFO DRT-0178] Init guide query.
[INFO DRT-0035]   Complete FR_MASTERSLICE (guide).
[INFO DRT-0035]   Complete Fr_VIA (guide).
[INFO DRT-0035]   Complete li1 (guide).
[INFO DRT-0035]   Complete mcon (guide).
[INFO DRT-0035]   Complete met1 (guide).
[INFO DRT-0035]   Complete via (guide).
[INFO DRT-0035]   Complete met2 (guide).
[INFO DRT-0035]   Complete via2 (guide).
[INFO DRT-0035]   Complete met3 (guide).
[INFO DRT-0035]   Complete via3 (guide).
[INFO DRT-0035]   Complete met4 (guide).
[INFO DRT-0035]   Complete via4 (guide).
[INFO DRT-0035]   Complete met5 (guide).
[INFO DRT-0036] FR_MASTERSLICE guide region query size = 0.
[INFO DRT-0036] FR_VIA guide region query size = 0.
[INFO DRT-0036] li1 guide region query size = 86953.
[INFO DRT-0036] mcon guide region query size = 0.
[INFO DRT-0036] met1 guide region query size = 77059.
[INFO DRT-0036] via guide region query size = 0.
[INFO DRT-0036] met2 guide region query size = 42077.
[INFO DRT-0036] via2 guide region query size = 0.
[INFO DRT-0036] met3 guide region query size = 7119.
[INFO DRT-0036] via3 guide region query size = 0.
[INFO DRT-0036] met4 guide region query size = 3108.
[INFO DRT-0036] via4 guide region query size = 0.
[INFO DRT-0036] met5 guide region query size = 135.
[INFO DRT-0179] Init gr pin query.
[INFO DRT-0267] cpu time = 00:00:01, elapsed time = 00:00:00, memory = 641.40 (MB), peak = 636.64 (MB)
[INFO DRT-0245] skipped writing guide updates to database.
[INFO DRT-0181] Start track assignment.
[INFO DRT-0184] Done with 132138 vertical wires in 3 frboxes and 84313 horizontal wires in 3 frboxes.
[INFO DRT-0186] Done with 21285 vertical wires in 3 frboxes and 27835 horizontal wires in 3 frboxes.
[INFO DRT-0182] Complete track assignment.
[INFO DRT-0267] cpu time = 00:00:09, elapsed time = 00:00:04, memory = 1152.66 (MB), peak = 1148.48 (MB)
[INFO DRT-0187] Start routing data preparation.
[INFO DRT-0267] cpu time = 00:00:00, elapsed time = 00:00:00, memory = 1152.66 (MB), peak = 1148.48 (MB)
[INFO DRT-0194] Start detail routing.
[INFO DRT-0195] Start 0th optimization iteration.
    Completing 10% with 0 violations.
    elapsed time = 00:00:07, memory = 3120.16 (MB).
    Completing 20% with 0 violations.
    elapsed time = 00:00:11, memory = 3067.96 (MB).
    Completing 30% with 7264 violations.
    elapsed time = 00:00:21, memory = 3845.33 (MB).
    Completing 40% with 7264 violations.
    elapsed time = 00:00:27, memory = 3750.55 (MB).
    Completing 50% with 7264 violations.
    elapsed time = 00:00:34, memory = 3282.27 (MB).
    Completing 60% with 14792 violations.
    elapsed time = 00:00:45, memory = 4069.15 (MB).
    Completing 70% with 14792 violations.
    elapsed time = 00:00:52, memory = 3885.86 (MB).
    Completing 80% with 22839 violations.
    elapsed time = 00:01:13, memory = 4303.27 (MB).
    Completing 90% with 22839 violations.
    elapsed time = 00:01:22, memory = 4134.28 (MB).
    Completing 100% with 31329 violations.
    elapsed time = 00:01:37, memory = 3223.43 (MB).
[INFO DRT-0199]   Number of violations = 35180.
Viol/Layer         li1   mcon   met1    via   met2   met3   via3   met4   via4   met5
Cut Spacing          0     88      0      0      0      0      0      0      3      0
Metal Spacing        0      0   4432      0   1600    180      0     53      0      8
Min Hole             0      0     26      0      1      0      0      0      0      0
NS Metal             0      0      2      0      0      0      0      0      0      0
Recheck             43      0   2439      0   1101    162      0    101      0      5
Short                0     12  20837     51   3674    199      1    151      1     10
[INFO DRT-0267] cpu time = 00:27:48, elapsed time = 00:01:38, memory = 3483.16 (MB), peak = 4505.45 (MB)
Total wire length = 1355146 um.
Total wire length on LAYER li1 = 0 um.
Total wire length on LAYER met1 = 496970 um.
Total wire length on LAYER met2 = 540354 um.
Total wire length on LAYER met3 = 167301 um.
Total wire length on LAYER met4 = 147955 um.
Total wire length on LAYER met5 = 2564 um.
Total number of vias = 256109.
Up-via summary (total 256109):

-------------------------
 FR_MASTERSLICE         0
            li1    111168
           met1    126966
           met2     12251
           met3      5566
           met4       158
-------------------------
               256109


[INFO DRT-0195] Start 1st optimization iteration.
    Completing 10% with 35180 violations.
    elapsed time = 00:00:06, memory = 4559.33 (MB).
    Completing 20% with 35180 violations.
    elapsed time = 00:00:11, memory = 4088.77 (MB).
    Completing 30% with 32818 violations.
    elapsed time = 00:00:22, memory = 4584.47 (MB).
    Completing 40% with 32818 violations.
    elapsed time = 00:00:28, memory = 4418.49 (MB).
    Completing 50% with 32818 violations.
    elapsed time = 00:00:34, memory = 3936.55 (MB).
    Completing 60% with 30573 violations.
    elapsed time = 00:00:49, memory = 4766.36 (MB).
    Completing 70% with 30573 violations.
    elapsed time = 00:00:54, memory = 4392.54 (MB).
    Completing 80% with 27843 violations.
    elapsed time = 00:01:11, memory = 4844.23 (MB).
    Completing 90% with 27843 violations.
    elapsed time = 00:01:19, memory = 4602.24 (MB).
    Completing 100% with 24509 violations.
    elapsed time = 00:01:32, memory = 3643.14 (MB).
[INFO DRT-0199]   Number of violations = 24509.
Viol/Layer        mcon   met1    via   met2   met3   met4   met5
Cut Spacing        131      0      0      0      0      0      0
Metal Spacing        0   3635      0    910     79     11      4
Short                0  17735      3   1903     46     50      2
[INFO DRT-0267] cpu time = 00:25:32, elapsed time = 00:01:33, memory = 3643.14 (MB), peak = 4960.73 (MB)
Total wire length = 1342893 um.
Total wire length on LAYER li1 = 0 um.
Total wire length on LAYER met1 = 489749 um.
Total wire length on LAYER met2 = 536055 um.
Total wire length on LAYER met3 = 168188 um.
Total wire length on LAYER met4 = 146666 um.
Total wire length on LAYER met5 = 2234 um.
Total number of vias = 253312.
Up-via summary (total 253312):

-------------------------
 FR_MASTERSLICE         0
            li1    111163
           met1    124396
           met2     12192
           met3      5438
           met4       123
-------------------------
               253312


[INFO DRT-0195] Start 2nd optimization iteration.
    Completing 10% with 24509 violations.
    elapsed time = 00:00:07, memory = 4846.37 (MB).
    Completing 20% with 24509 violations.
    elapsed time = 00:00:14, memory = 4182.30 (MB).
    Completing 30% with 24261 violations.
    elapsed time = 00:00:36, memory = 4769.29 (MB).
    Completing 40% with 24261 violations.
    elapsed time = 00:00:42, memory = 4733.63 (MB).
    Completing 50% with 24261 violations.
    elapsed time = 00:00:55, memory = 3698.98 (MB).
    Completing 60% with 23736 violations.
    elapsed time = 00:01:04, memory = 4885.18 (MB).
    Completing 70% with 23736 violations.
    elapsed time = 00:01:09, memory = 4153.70 (MB).
    Completing 80% with 23183 violations.
    elapsed time = 00:01:21, memory = 4822.31 (MB).
    Completing 90% with 23183 violations.
    elapsed time = 00:01:26, memory = 4749.03 (MB).
    Completing 100% with 22453 violations.
    elapsed time = 00:01:41, memory = 3710.07 (MB).
[INFO DRT-0199]   Number of violations = 22453.
Viol/Layer        mcon   met1    via   met2   met3   met4
Cut Spacing        139      0      0      0      0      0
Metal Spacing        0   3339      0    818     62     13
Min Hole             0      2      0      0      0      0
NS Metal             0      1      0      0      0      0
Short                0  16278      2   1716     39     44
[INFO DRT-0267] cpu time = 00:25:25, elapsed time = 00:01:42, memory = 3683.79 (MB), peak = 4960.73 (MB)
Total wire length = 1339628 um.
Total wire length on LAYER li1 = 0 um.
Total wire length on LAYER met1 = 487385 um.
Total wire length on LAYER met2 = 535490 um.
Total wire length on LAYER met3 = 168187 um.
Total wire length on LAYER met4 = 146532 um.
Total wire length on LAYER met5 = 2032 um.
Total number of vias = 252181.
Up-via summary (total 252181):

-------------------------
 FR_MASTERSLICE         0
            li1    111170
           met1    123477
           met2     12011
           met3      5412
           met4       111
-------------------------
               252181


[INFO DRT-0195] Start 3rd optimization iteration.
    Completing 10% with 22453 violations.
    elapsed time = 00:00:07, memory = 4803.79 (MB).
    Completing 20% with 22453 violations.
    elapsed time = 00:00:11, memory = 4425.54 (MB).
    Completing 30% with 17904 violations.
    elapsed time = 00:00:27, memory = 4842.97 (MB).
    Completing 40% with 17904 violations.
    elapsed time = 00:00:33, memory = 4836.12 (MB).
    Completing 50% with 17904 violations.
    elapsed time = 00:00:40, memory = 4074.50 (MB).
    Completing 60% with 14021 violations.
    elapsed time = 00:01:02, memory = 4945.62 (MB).
    Completing 70% with 14021 violations.
    elapsed time = 00:01:09, memory = 4584.69 (MB).
    Completing 80% with 9315 violations.
    elapsed time = 00:01:42, memory = 4884.94 (MB).
    Completing 90% with 9315 violations.
    elapsed time = 00:01:52, memory = 4688.13 (MB).
    Completing 100% with 4968 violations.
    elapsed time = 00:02:11, memory = 3816.71 (MB).
[INFO DRT-0199]   Number of violations = 4968.
Viol/Layer        mcon   met1    via   met2   met3   met4
Cut Spacing         11      0      4      0      0      0
Metal Spacing        0   1400      0    217     19      1
Min Hole             0      4      0      0      0      0
NS Metal             0      1      0      1      0      0
Short                0   3046      2    254      8      0
[INFO DRT-0267] cpu time = 00:28:16, elapsed time = 00:02:11, memory = 3816.71 (MB), peak = 5069.43 (MB)
Total wire length = 1338570 um.
Total wire length on LAYER li1 = 0 um.
Total wire length on LAYER met1 = 445088 um.
Total wire length on LAYER met2 = 529432 um.
Total wire length on LAYER met3 = 207537 um.
Total wire length on LAYER met4 = 154642 um.
Total wire length on LAYER met5 = 1868 um.
Total number of vias = 260781.
Up-via summary (total 260781):

-------------------------
 FR_MASTERSLICE         0
            li1    111170
           met1    124980
           met2     18323
           met3      6213
           met4        95
-------------------------
               260781


[INFO DRT-0195] Start 4th optimization iteration.
    Completing 10% with 4968 violations.
    elapsed time = 00:00:00, memory = 4819.86 (MB).
    Completing 20% with 4968 violations.
    elapsed time = 00:00:01, memory = 4463.50 (MB).
    Completing 30% with 4229 violations.
    elapsed time = 00:00:08, memory = 3837.48 (MB).
    Completing 40% with 4229 violations.
    elapsed time = 00:00:09, memory = 4794.26 (MB).
    Completing 50% with 4229 violations.
    elapsed time = 00:00:13, memory = 4143.46 (MB).
    Completing 60% with 3018 violations.
    elapsed time = 00:00:21, memory = 4974.09 (MB).
    Completing 70% with 3018 violations.
    elapsed time = 00:00:22, memory = 4561.68 (MB).
    Completing 80% with 1903 violations.
    elapsed time = 00:00:37, memory = 3849.52 (MB).
    Completing 90% with 1903 violations.
    elapsed time = 00:00:40, memory = 4621.00 (MB).
    Completing 100% with 785 violations.
    elapsed time = 00:00:47, memory = 3866.09 (MB).
[INFO DRT-0199]   Number of violations = 785.
Viol/Layer        mcon   met1   met2   met3
Cut Spacing          1      0      0      0
Metal Spacing        0    287     28      6
Min Hole             0      3      0      0
Short                0    416     40      4
[INFO DRT-0267] cpu time = 00:07:27, elapsed time = 00:00:47, memory = 3830.75 (MB), peak = 5069.43 (MB)
Total wire length = 1338768 um.
Total wire length on LAYER li1 = 0 um.
Total wire length on LAYER met1 = 441596 um.
Total wire length on LAYER met2 = 529233 um.
Total wire length on LAYER met3 = 210636 um.
Total wire length on LAYER met4 = 155434 um.
Total wire length on LAYER met5 = 1868 um.
Total number of vias = 261491.
Up-via summary (total 261491):

-------------------------
 FR_MASTERSLICE         0
            li1    111168
           met1    125209
           met2     18744
           met3      6275
           met4        95
-------------------------
               261491


[INFO DRT-0195] Start 5th optimization iteration.
    Completing 10% with 785 violations.
    elapsed time = 00:00:00, memory = 3830.75 (MB).
    Completing 20% with 785 violations.
    elapsed time = 00:00:00, memory = 4358.09 (MB).
    Completing 30% with 589 violations.
    elapsed time = 00:00:05, memory = 3836.53 (MB).
    Completing 40% with 589 violations.
    elapsed time = 00:00:05, memory = 3836.53 (MB).
    Completing 50% with 589 violations.
    elapsed time = 00:00:05, memory = 4088.01 (MB).
    Completing 60% with 498 violations.
    elapsed time = 00:00:17, memory = 3836.53 (MB).
    Completing 70% with 498 violations.
    elapsed time = 00:00:18, memory = 4370.70 (MB).
    Completing 80% with 324 violations.
    elapsed time = 00:00:27, memory = 3839.27 (MB).
    Completing 90% with 324 violations.
    elapsed time = 00:00:27, memory = 3839.27 (MB).
    Completing 100% with 254 violations.
    elapsed time = 00:00:32, memory = 3847.62 (MB).
[INFO DRT-0199]   Number of violations = 254.
Viol/Layer        met1   met2
Metal Spacing      122      5
Short              120      7
[INFO DRT-0267] cpu time = 00:02:27, elapsed time = 00:00:32, memory = 3847.74 (MB), peak = 5069.43 (MB)
Total wire length = 1338800 um.
Total wire length on LAYER li1 = 0 um.
Total wire length on LAYER met1 = 441000 um.
Total wire length on LAYER met2 = 528947 um.
Total wire length on LAYER met3 = 211275 um.
Total wire length on LAYER met4 = 155708 um.
Total wire length on LAYER met5 = 1868 um.
Total number of vias = 261616.
Up-via summary (total 261616):

-------------------------
 FR_MASTERSLICE         0
            li1    111167
           met1    125252
           met2     18808
           met3      6294
           met4        95
-------------------------
               261616


[INFO DRT-0195] Start 6th optimization iteration.
    Completing 10% with 254 violations.
    elapsed time = 00:00:00, memory = 3847.74 (MB).
    Completing 20% with 254 violations.
    elapsed time = 00:00:00, memory = 3847.74 (MB).
    Completing 30% with 230 violations.
    elapsed time = 00:00:03, memory = 3847.74 (MB).
    Completing 40% with 230 violations.
    elapsed time = 00:00:03, memory = 3847.74 (MB).
    Completing 50% with 230 violations.
    elapsed time = 00:00:03, memory = 3847.74 (MB).
    Completing 60% with 196 violations.
    elapsed time = 00:00:14, memory = 3847.74 (MB).
    Completing 70% with 196 violations.
    elapsed time = 00:00:14, memory = 3847.74 (MB).
    Completing 80% with 194 violations.
    elapsed time = 00:00:31, memory = 3847.74 (MB).
    Completing 90% with 194 violations.
    elapsed time = 00:00:31, memory = 3847.74 (MB).
    Completing 100% with 183 violations.
    elapsed time = 00:00:41, memory = 3848.95 (MB).
[INFO DRT-0199]   Number of violations = 183.
Viol/Layer        mcon   met1   met2
Cut Spacing          1      0      0
Metal Spacing        0    109      6
Short                0     65      2
[INFO DRT-0267] cpu time = 00:01:45, elapsed time = 00:00:41, memory = 3848.95 (MB), peak = 5069.43 (MB)
Total wire length = 1338851 um.
Total wire length on LAYER li1 = 0 um.
Total wire length on LAYER met1 = 440944 um.
Total wire length on LAYER met2 = 528802 um.
Total wire length on LAYER met3 = 211374 um.
Total wire length on LAYER met4 = 155861 um.
Total wire length on LAYER met5 = 1868 um.
Total number of vias = 261673.
Up-via summary (total 261673):

-------------------------
 FR_MASTERSLICE         0
            li1    111168
           met1    125279
           met2     18821
           met3      6310
           met4        95
-------------------------
               261673


[INFO DRT-0195] Start 7th optimization iteration.
    Completing 10% with 183 violations.
    elapsed time = 00:00:00, memory = 3848.95 (MB).
    Completing 20% with 183 violations.
    elapsed time = 00:00:00, memory = 3848.95 (MB).
    Completing 30% with 169 violations.
    elapsed time = 00:00:01, memory = 3850.16 (MB).
    Completing 40% with 169 violations.
    elapsed time = 00:00:01, memory = 3850.16 (MB).
    Completing 50% with 169 violations.
    elapsed time = 00:00:01, memory = 3850.16 (MB).
    Completing 60% with 122 violations.
    elapsed time = 00:00:04, memory = 3850.16 (MB).
    Completing 70% with 122 violations.
    elapsed time = 00:00:04, memory = 3850.16 (MB).
    Completing 80% with 104 violations.
    elapsed time = 00:00:17, memory = 3850.16 (MB).
    Completing 90% with 104 violations.
    elapsed time = 00:00:17, memory = 3850.16 (MB).
    Completing 100% with 86 violations.
    elapsed time = 00:00:26, memory = 3850.16 (MB).
[INFO DRT-0199]   Number of violations = 86.
Viol/Layer        met1   met2
Metal Spacing       42      3
Short               39      2
[INFO DRT-0267] cpu time = 00:00:49, elapsed time = 00:00:26, memory = 3850.16 (MB), peak = 5069.43 (MB)
Total wire length = 1338817 um.
Total wire length on LAYER li1 = 0 um.
Total wire length on LAYER met1 = 440814 um.
Total wire length on LAYER met2 = 528710 um.
Total wire length on LAYER met3 = 211492 um.
Total wire length on LAYER met4 = 155931 um.
Total wire length on LAYER met5 = 1868 um.
Total number of vias = 261657.
Up-via summary (total 261657):

-------------------------
 FR_MASTERSLICE         0
            li1    111165
           met1    125243
           met2     18840
           met3      6314
           met4        95
-------------------------
               261657


[INFO DRT-0195] Start 8th guides tiles iteration.
    Completing 10% with 86 violations.
    elapsed time = 00:00:00, memory = 3908.19 (MB).
    Completing 20% with 86 violations.
    elapsed time = 00:00:00, memory = 3908.19 (MB).
    Completing 30% with 86 violations.
    elapsed time = 00:00:00, memory = 3908.19 (MB).
    Completing 40% with 86 violations.
    elapsed time = 00:00:09, memory = 3850.16 (MB).
    Completing 50% with 78 violations.
    elapsed time = 00:00:10, memory = 3850.16 (MB).
    Completing 60% with 78 violations.
    elapsed time = 00:00:10, memory = 3850.16 (MB).
    Completing 70% with 78 violations.
    elapsed time = 00:00:10, memory = 3850.16 (MB).
    Completing 80% with 78 violations.
    elapsed time = 00:00:12, memory = 3850.16 (MB).
    Completing 90% with 56 violations.
    elapsed time = 00:00:13, memory = 3850.16 (MB).
    Completing 100% with 56 violations.
    elapsed time = 00:00:15, memory = 3850.16 (MB).
[INFO DRT-0199]   Number of violations = 56.
Viol/Layer        met1   met2
Metal Spacing       32      4
Short               18      2
[INFO DRT-0267] cpu time = 00:00:25, elapsed time = 00:00:15, memory = 3850.16 (MB), peak = 5069.43 (MB)
Total wire length = 1338822 um.
Total wire length on LAYER li1 = 0 um.
Total wire length on LAYER met1 = 440803 um.
Total wire length on LAYER met2 = 528723 um.
Total wire length on LAYER met3 = 211495 um.
Total wire length on LAYER met4 = 155931 um.
Total wire length on LAYER met5 = 1868 um.
Total number of vias = 261664.
Up-via summary (total 261664):

-------------------------
 FR_MASTERSLICE         0
            li1    111165
           met1    125250
           met2     18840
           met3      6314
           met4        95
-------------------------
               261664


[INFO DRT-0195] Start 9th guides tiles iteration.
    Completing 10% with 56 violations.
    elapsed time = 00:00:00, memory = 3908.19 (MB).
    Completing 20% with 56 violations.
    elapsed time = 00:00:00, memory = 3908.19 (MB).
    Completing 30% with 56 violations.
    elapsed time = 00:00:01, memory = 3908.19 (MB).
    Completing 40% with 56 violations.
    elapsed time = 00:00:10, memory = 3850.16 (MB).
    Completing 50% with 56 violations.
    elapsed time = 00:00:10, memory = 3850.16 (MB).
    Completing 60% with 56 violations.
    elapsed time = 00:00:10, memory = 3850.16 (MB).
    Completing 70% with 56 violations.
    elapsed time = 00:00:11, memory = 3850.16 (MB).
    Completing 80% with 56 violations.
    elapsed time = 00:00:13, memory = 3850.16 (MB).
    Completing 90% with 55 violations.
    elapsed time = 00:00:14, memory = 3850.16 (MB).
    Completing 100% with 55 violations.
    elapsed time = 00:00:15, memory = 3850.16 (MB).
[INFO DRT-0199]   Number of violations = 55.
Viol/Layer        met1   met2
Metal Spacing       31      3
Short               19      2
[INFO DRT-0267] cpu time = 00:00:25, elapsed time = 00:00:16, memory = 3850.16 (MB), peak = 5069.43 (MB)
Total wire length = 1338823 um.
Total wire length on LAYER li1 = 0 um.
Total wire length on LAYER met1 = 440806 um.
Total wire length on LAYER met2 = 528722 um.
Total wire length on LAYER met3 = 211495 um.
Total wire length on LAYER met4 = 155931 um.
Total wire length on LAYER met5 = 1868 um.
Total number of vias = 261662.
Up-via summary (total 261662):

-------------------------
 FR_MASTERSLICE         0
            li1    111165
           met1    125248
           met2     18840
           met3      6314
           met4        95
-------------------------
               261662


[INFO DRT-0195] Start 10th guides tiles iteration.
    Completing 10% with 55 violations.
    elapsed time = 00:00:00, memory = 3883.25 (MB).
    Completing 20% with 55 violations.
    elapsed time = 00:00:00, memory = 3883.25 (MB).
    Completing 30% with 55 violations.
    elapsed time = 00:00:00, memory = 3883.25 (MB).
    Completing 40% with 55 violations.
    elapsed time = 00:00:02, memory = 3850.16 (MB).
    Completing 50% with 14 violations.
    elapsed time = 00:00:02, memory = 3850.16 (MB).
    Completing 60% with 14 violations.
    elapsed time = 00:00:02, memory = 3850.16 (MB).
    Completing 70% with 14 violations.
    elapsed time = 00:00:02, memory = 3850.16 (MB).
    Completing 80% with 14 violations.
    elapsed time = 00:00:03, memory = 3850.16 (MB).
    Completing 90% with 4 violations.
    elapsed time = 00:00:03, memory = 3850.16 (MB).
    Completing 100% with 2 violations.
    elapsed time = 00:00:03, memory = 3850.16 (MB).
[INFO DRT-0199]   Number of violations = 2.
Viol/Layer        met1   met2
Metal Spacing        1      1
[INFO DRT-0267] cpu time = 00:00:06, elapsed time = 00:00:03, memory = 3850.16 (MB), peak = 5069.43 (MB)
Total wire length = 1338875 um.
Total wire length on LAYER li1 = 0 um.
Total wire length on LAYER met1 = 440798 um.
Total wire length on LAYER met2 = 528745 um.
Total wire length on LAYER met3 = 211532 um.
Total wire length on LAYER met4 = 155930 um.
Total wire length on LAYER met5 = 1868 um.
Total number of vias = 261698.
Up-via summary (total 261698):

-------------------------
 FR_MASTERSLICE         0
            li1    111165
           met1    125258
           met2     18864
           met3      6316
           met4        95
-------------------------
               261698


[INFO DRT-0195] Start 11th guides tiles iteration.
    Completing 30% with 2 violations.
    elapsed time = 00:00:00, memory = 3850.16 (MB).
    Completing 60% with 2 violations.
    elapsed time = 00:00:00, memory = 3850.16 (MB).
    Completing 100% with 2 violations.
    elapsed time = 00:00:00, memory = 3850.16 (MB).
[INFO DRT-0199]   Number of violations = 2.
Viol/Layer        met1
Metal Spacing        1
Short                1
[INFO DRT-0267] cpu time = 00:00:01, elapsed time = 00:00:00, memory = 3850.16 (MB), peak = 5069.43 (MB)
Total wire length = 1338882 um.
Total wire length on LAYER li1 = 0 um.
Total wire length on LAYER met1 = 440800 um.
Total wire length on LAYER met2 = 528748 um.
Total wire length on LAYER met3 = 211534 um.
Total wire length on LAYER met4 = 155930 um.
Total wire length on LAYER met5 = 1868 um.
Total number of vias = 261703.
Up-via summary (total 261703):

-------------------------
 FR_MASTERSLICE         0
            li1    111165
           met1    125261
           met2     18866
           met3      6316
           met4        95
-------------------------
               261703


[INFO DRT-0195] Start 12th stubborn tiles iteration.
    Completing 10% with 2 violations.
    elapsed time = 00:00:00, memory = 3880.84 (MB).
    Completing 20% with 2 violations.
    elapsed time = 00:00:01, memory = 4084.10 (MB).
    Completing 30% with 2 violations.
    elapsed time = 00:00:02, memory = 4250.96 (MB).
    Completing 40% with 2 violations.
    elapsed time = 00:00:02, memory = 4378.35 (MB).
    Completing 50% with 2 violations.
    elapsed time = 00:00:03, memory = 4524.21 (MB).
    Completing 60% with 2 violations.
    elapsed time = 00:00:04, memory = 4936.57 (MB).
    Completing 70% with 2 violations.
    elapsed time = 00:00:05, memory = 4904.33 (MB).
    Completing 80% with 2 violations.
    elapsed time = 00:00:05, memory = 4745.58 (MB).
    Completing 90% with 2 violations.
    elapsed time = 00:00:07, memory = 4613.88 (MB).
    Completing 100% with 0 violations.
    elapsed time = 00:00:15, memory = 4331.80 (MB).
[INFO DRT-0199]   Number of violations = 0.
[INFO DRT-0267] cpu time = 00:03:27, elapsed time = 00:00:15, memory = 4331.80 (MB), peak = 5073.13 (MB)
Total wire length = 1338896 um.
Total wire length on LAYER li1 = 0 um.
Total wire length on LAYER met1 = 440813 um.
Total wire length on LAYER met2 = 528678 um.
Total wire length on LAYER met3 = 211543 um.
Total wire length on LAYER met4 = 155992 um.
Total wire length on LAYER met5 = 1868 um.
Total number of vias = 261720.
Up-via summary (total 261720):

-------------------------
 FR_MASTERSLICE         0
            li1    111165
           met1    125265
           met2     18873
           met3      6322
           met4        95
-------------------------
               261720


[INFO DRT-0198] Complete detail routing.
Total wire length = 1338896 um.
Total wire length on LAYER li1 = 0 um.
Total wire length on LAYER met1 = 440813 um.
Total wire length on LAYER met2 = 528678 um.
Total wire length on LAYER met3 = 211543 um.
Total wire length on LAYER met4 = 155992 um.
Total wire length on LAYER met5 = 1868 um.
Total number of vias = 261720.
Up-via summary (total 261720):

-------------------------
 FR_MASTERSLICE         0
            li1    111165
           met1    125265
           met2     18873
           met3      6322
           met4        95
-------------------------
               261720


[INFO DRT-0267] cpu time = 02:03:59, elapsed time = 00:10:26, memory = 4331.80 (MB), peak = 5073.13 (MB)

[INFO DRT-0180] Post processing.
[INFO DRT-0501] Runtime: 651.30s
Took 651 seconds: detailed_route -output_drc /work/reports/sky130hd/m7_j2/d3_p20p0/5_route_drc.rpt -output_maze /work/results/sky130hd/m7_j2/d3_p20p0/maze.log -droute_end_iter 64 -verbose 1 -drc_report_iter_step 5
[INFO GRT-0012] Found 76 antenna violations.
[WARNING GRT-0243] Unable to repair antennas on net with diodes.
[INFO DPL-0006] Core area: 482412.67 um^2
[INFO DPL-0007] Movable instances area: 2.50 um^2
[INFO DPL-0008] Fixed instances area within core: 279659.47 um^2
[INFO DPL-0009] Utilization: 58.0%
[INFO DPL-0005] Diamond search max displacement: +/- 500 sites horizontally, +/- 100 rows vertically.
[INFO DPL-1102] Legalizing using negotiation legalizer.
[INFO DPL-1103] Negotiation base search window: +/-20 sites horizontally, +/-5 rows vertically 
	Automatic search window extension enabled.
	Search window extendable up to the max displacement cap of +/-500 sites, +/-100 rows near walls.
[INFO DPL-1104] NegotiationLegalizer DRC penalty: 5.
[INFO DPL-0392] Negotiation cell height distribution (1 unique row-count(s)):
[INFO DPL-0393]   height 1 row(s): 37916 cells
          |      Total |  Illegal |  Illegal
Iteration | Violations |    Cells |    Sites
---------------------------------------------
        0 |          0 |         0 |         0
Negotiation phase 1 converged at iteration 0.
[INFO DPL-0500] Runtime: 0.12s
[INFO GRT-0015] Inserted 100 diodes.
[WARNING DRT-0120] Large net net907 has 122 pins which may impact routing performance. Consider optimization.
[WARNING DRT-0120] Large net net2673 has 103 pins which may impact routing performance. Consider optimization.
[WARNING DRT-0120] Large net net3682 has 164 pins which may impact routing performance. Consider optimization.
[WARNING DRT-0120] Large net net3688 has 142 pins which may impact routing performance. Consider optimization.
[WARNING DRT-0120] Large net net3690 has 151 pins which may impact routing performance. Consider optimization.
[WARNING DRT-0120] Large net net3695 has 165 pins which may impact routing performance. Consider optimization.
[WARNING DRT-0120] Large net net3696 has 131 pins which may impact routing performance. Consider optimization.
[WARNING DRT-0120] Large net net3697 has 129 pins which may impact routing performance. Consider optimization.
[INFO DRT-0024]   Complete FR_MASTERSLICE.
[INFO DRT-0024]   Complete Fr_VIA.
[INFO DRT-0024]   Complete li1.
[INFO DRT-0024]   Complete mcon.
[INFO DRT-0024]   Complete met1.
[INFO DRT-0024]   Complete via.
[INFO DRT-0024]   Complete met2.
[INFO DRT-0024]   Complete via2.
[INFO DRT-0024]   Complete met3.
[INFO DRT-0024]   Complete via3.
[INFO DRT-0024]   Complete met4.
[INFO DRT-0024]   Complete via4.
[INFO DRT-0024]   Complete met5.
[INFO DRT-0165] Start pin access.
[INFO DRT-0076]   Complete 1000 pins.
[INFO DRT-0076]   Complete 2000 pins.
[INFO DRT-0078]   Complete 2292 pins.
[INFO DRT-0079]   Complete 100 unique inst patterns.
[INFO DRT-0079]   Complete 200 unique inst patterns.
[INFO DRT-0081]   Complete 284 unique inst patterns.
[INFO DRT-0082]   Complete 10000 groups.
[INFO DRT-0084]   Complete 19842 groups.
#scanned instances     = 37916
#unique  instances     = 284
#stdCellGenAp          = 9105
#stdCellValidPlanarAp  = 114
#stdCellValidViaAp     = 6648
#stdCellPinNoAp        = 0
#stdCellPinCnt         = 112623
#instTermValidViaApCnt = 0
#macroGenAp            = 0
#macroValidPlanarAp    = 0
#macroValidViaAp       = 0
#macroNoAp             = 0
[INFO DRT-0166] Complete pin access.
[INFO DRT-0267] cpu time = 00:08:03, elapsed time = 00:00:19, memory = 3361.82 (MB), peak = 5073.13 (MB)
[INFO DRT-0156] guideIn read 100000 guides.
[INFO DRT-0156] guideIn read 200000 guides.

[INFO DRT-0157] Number of guides:     267681

[INFO DRT-0169] Post process guides.
[INFO DRT-0176] GCELLGRID X 0 DO 101 STEP 6900 ;
[INFO DRT-0177] GCELLGRID Y 0 DO 101 STEP 6900 ;
[INFO DRT-0026]   Complete 100000 origin guides.
[INFO DRT-0026]   Complete 200000 origin guides.
[INFO DRT-0028]   Complete FR_MASTERSLICE.
[INFO DRT-0028]   Complete Fr_VIA.
[INFO DRT-0028]   Complete li1.
[INFO DRT-0028]   Complete mcon.
[INFO DRT-0028]   Complete met1.
[INFO DRT-0028]   Complete via.
[INFO DRT-0028]   Complete met2.
[INFO DRT-0028]   Complete via2.
[INFO DRT-0028]   Complete met3.
[INFO DRT-0028]   Complete via3.
[INFO DRT-0028]   Complete met4.
[INFO DRT-0028]   Complete via4.
[INFO DRT-0028]   Complete met5.
[INFO DRT-0178] Init guide query.
[INFO DRT-0035]   Complete FR_MASTERSLICE (guide).
[INFO DRT-0035]   Complete Fr_VIA (guide).
[INFO DRT-0035]   Complete li1 (guide).
[INFO DRT-0035]   Complete mcon (guide).
[INFO DRT-0035]   Complete met1 (guide).
[INFO DRT-0035]   Complete via (guide).
[INFO DRT-0035]   Complete met2 (guide).
[INFO DRT-0035]   Complete via2 (guide).
[INFO DRT-0035]   Complete met3 (guide).
[INFO DRT-0035]   Complete via3 (guide).
[INFO DRT-0035]   Complete met4 (guide).
[INFO DRT-0035]   Complete via4 (guide).
[INFO DRT-0035]   Complete met5 (guide).
[INFO DRT-0036] FR_MASTERSLICE guide region query size = 0.
[INFO DRT-0036] FR_VIA guide region query size = 0.
[INFO DRT-0036] li1 guide region query size = 86984.
[INFO DRT-0036] mcon guide region query size = 0.
[INFO DRT-0036] met1 guide region query size = 77107.
[INFO DRT-0036] via guide region query size = 0.
[INFO DRT-0036] met2 guide region query size = 41973.
[INFO DRT-0036] via2 guide region query size = 0.
[INFO DRT-0036] met3 guide region query size = 6738.
[INFO DRT-0036] via3 guide region query size = 0.
[INFO DRT-0036] met4 guide region query size = 2813.
[INFO DRT-0036] via4 guide region query size = 0.
[INFO DRT-0036] met5 guide region query size = 78.
[INFO DRT-0179] Init gr pin query.
[INFO DRT-0267] cpu time = 00:00:01, elapsed time = 00:00:00, memory = 3361.82 (MB), peak = 5073.13 (MB)
[INFO DRT-0245] skipped writing guide updates to database.
[INFO DRT-0181] Start track assignment.
[INFO DRT-0184] Done with 131770 vertical wires in 3 frboxes and 83923 horizontal wires in 3 frboxes.
[INFO DRT-0186] Done with 21785 vertical wires in 3 frboxes and 28151 horizontal wires in 3 frboxes.
[INFO DRT-0182] Complete track assignment.
[INFO DRT-0267] cpu time = 00:00:11, elapsed time = 00:00:05, memory = 3510.33 (MB), peak = 5073.13 (MB)
[INFO DRT-0187] Start routing data preparation.
[INFO DRT-0267] cpu time = 00:00:00, elapsed time = 00:00:00, memory = 3510.33 (MB), peak = 5073.13 (MB)
[INFO DRT-0194] Start detail routing.
[INFO DRT-0195] Start 0th optimization iteration.
    Completing 10% with 0 violations.
    elapsed time = 00:00:01, memory = 4404.75 (MB).
    Completing 20% with 0 violations.
    elapsed time = 00:00:02, memory = 4249.53 (MB).
    Completing 30% with 2562 violations.
    elapsed time = 00:00:09, memory = 4692.72 (MB).
    Completing 40% with 2562 violations.
    elapsed time = 00:00:10, memory = 4642.51 (MB).
    Completing 50% with 2562 violations.
    elapsed time = 00:00:13, memory = 4029.88 (MB).
    Completing 60% with 5212 violations.
    elapsed time = 00:00:21, memory = 4765.34 (MB).
    Completing 70% with 5212 violations.
    elapsed time = 00:00:23, memory = 4455.07 (MB).
    Completing 80% with 7565 violations.
    elapsed time = 00:00:38, memory = 4818.23 (MB).
    Completing 90% with 7565 violations.
    elapsed time = 00:00:40, memory = 4588.58 (MB).
    Completing 100% with 10078 violations.
    elapsed time = 00:00:47, memory = 3716.38 (MB).
[INFO DRT-0199]   Number of violations = 11141.
Viol/Layer         li1   mcon   met1    via   met2   met3   met4
Cut Spacing          0      9      0      1      0      0      0
Metal Spacing        0      0    593      0    647     52     11
Min Hole             0      0      6      0      1      0      0
Recheck              2      0    495      0    453     75     38
Short                0      3   4917      4   3484    229    121
[INFO DRT-0267] cpu time = 00:08:23, elapsed time = 00:00:47, memory = 3917.09 (MB), peak = 5073.13 (MB)
Total wire length = 1340721 um.
Total wire length on LAYER li1 = 0 um.
Total wire length on LAYER met1 = 454142 um.
Total wire length on LAYER met2 = 539755 um.
Total wire length on LAYER met3 = 197283 um.
Total wire length on LAYER met4 = 147707 um.
Total wire length on LAYER met5 = 1832 um.
Total number of vias = 261794.
Up-via summary (total 261794):

-------------------------
 FR_MASTERSLICE         0
            li1    111314
           met1    126356
           met2     18081
           met3      5954
           met4        89
-------------------------
               261794


[INFO DRT-0195] Start 1st optimization iteration.
    Completing 10% with 11141 violations.
    elapsed time = 00:00:01, memory = 4824.95 (MB).
    Completing 20% with 11141 violations.
    elapsed time = 00:00:02, memory = 4465.29 (MB).
    Completing 30% with 9857 violations.
    elapsed time = 00:00:08, memory = 4744.45 (MB).
    Completing 40% with 9857 violations.
    elapsed time = 00:00:10, memory = 4790.49 (MB).
    Completing 50% with 9857 violations.
    elapsed time = 00:00:11, memory = 4301.02 (MB).
    Completing 60% with 8553 violations.
    elapsed time = 00:00:20, memory = 4885.40 (MB).
    Completing 70% with 8553 violations.
    elapsed time = 00:00:22, memory = 4599.67 (MB).
    Completing 80% with 7183 violations.
    elapsed time = 00:00:30, memory = 4995.37 (MB).
    Completing 90% with 7183 violations.
    elapsed time = 00:00:31, memory = 4710.95 (MB).
    Completing 100% with 5682 violations.
    elapsed time = 00:00:39, memory = 3954.81 (MB).
[INFO DRT-0199]   Number of violations = 5682.
Viol/Layer        mcon   met1    via   met2   via2   met3   met4
Cut Spacing          3      0      0      0      1      0      0
Metal Spacing        0    402      0    479      0     27      2
Short                0   3099      1   1598      0     31     39
[INFO DRT-0267] cpu time = 00:06:31, elapsed time = 00:00:39, memory = 3954.81 (MB), peak = 5073.13 (MB)
Total wire length = 1338646 um.
Total wire length on LAYER li1 = 0 um.
Total wire length on LAYER met1 = 452405 um.
Total wire length on LAYER met2 = 538701 um.
Total wire length on LAYER met3 = 197778 um.
Total wire length on LAYER met4 = 147933 um.
Total wire length on LAYER met5 = 1828 um.
Total number of vias = 261367.
Up-via summary (total 261367):

-------------------------
 FR_MASTERSLICE         0
            li1    111316
           met1    125974
           met2     18045
           met3      5943
           met4        89
-------------------------
               261367


[INFO DRT-0195] Start 2nd optimization iteration.
    Completing 10% with 5682 violations.
    elapsed time = 00:00:01, memory = 4934.85 (MB).
    Completing 20% with 5682 violations.
    elapsed time = 00:00:02, memory = 4427.67 (MB).
    Completing 30% with 5581 violations.
    elapsed time = 00:00:06, memory = 3957.04 (MB).
    Completing 40% with 5581 violations.
    elapsed time = 00:00:08, memory = 4782.24 (MB).
    Completing 50% with 5581 violations.
    elapsed time = 00:00:13, memory = 3959.31 (MB).
    Completing 60% with 5523 violations.
    elapsed time = 00:00:15, memory = 5040.50 (MB).
    Completing 70% with 5523 violations.
    elapsed time = 00:00:17, memory = 4351.77 (MB).
    Completing 80% with 5263 violations.
    elapsed time = 00:00:24, memory = 4960.96 (MB).
    Completing 90% with 5263 violations.
    elapsed time = 00:00:25, memory = 4644.87 (MB).
    Completing 100% with 5105 violations.
    elapsed time = 00:00:31, memory = 3985.34 (MB).
[INFO DRT-0199]   Number of violations = 5105.
Viol/Layer        mcon   met1    via   met2   met3   met4
Cut Spacing          2      0      0      0      0      0
Metal Spacing        0    318      0    433     19      2
Short                0   2847      1   1414     27     42
[INFO DRT-0267] cpu time = 00:05:22, elapsed time = 00:00:31, memory = 3988.34 (MB), peak = 5073.13 (MB)
Total wire length = 1337946 um.
Total wire length on LAYER li1 = 0 um.
Total wire length on LAYER met1 = 452059 um.
Total wire length on LAYER met2 = 538305 um.
Total wire length on LAYER met3 = 197751 um.
Total wire length on LAYER met4 = 148001 um.
Total wire length on LAYER met5 = 1828 um.
Total number of vias = 261191.
Up-via summary (total 261191):

-------------------------
 FR_MASTERSLICE         0
            li1    111315
           met1    125823
           met2     18022
           met3      5942
           met4        89
-------------------------
               261191


[INFO DRT-0195] Start 3rd optimization iteration.
    Completing 10% with 5105 violations.
    elapsed time = 00:00:00, memory = 4952.76 (MB).
    Completing 20% with 5105 violations.
    elapsed time = 00:00:02, memory = 4578.00 (MB).
    Completing 30% with 4339 violations.
    elapsed time = 00:00:12, memory = 3989.50 (MB).
    Completing 40% with 4339 violations.
    elapsed time = 00:00:14, memory = 4938.54 (MB).
    Completing 50% with 4339 violations.
    elapsed time = 00:00:18, memory = 4258.85 (MB).
    Completing 60% with 3215 violations.
    elapsed time = 00:00:26, memory = 4977.11 (MB).
    Completing 70% with 3215 violations.
    elapsed time = 00:00:27, memory = 4641.69 (MB).
    Completing 80% with 2398 violations.
    elapsed time = 00:00:49, memory = 3997.73 (MB).
    Completing 90% with 2398 violations.
    elapsed time = 00:00:52, memory = 4663.37 (MB).
    Completing 100% with 1320 violations.
    elapsed time = 00:01:06, memory = 3999.65 (MB).
[INFO DRT-0199]   Number of violations = 1320.
Viol/Layer        mcon   met1    via   met2   met3   met4
Cut Spacing          5      0      1      0      0      0
Metal Spacing        0    273      0    101     12      0
Min Hole             0      3      0      0      0      0
NS Metal             0      1      0      0      0      0
Short                0    643      0    272      8      1
[INFO DRT-0267] cpu time = 00:09:09, elapsed time = 00:01:07, memory = 3951.55 (MB), peak = 5073.13 (MB)
Total wire length = 1337777 um.
Total wire length on LAYER li1 = 0 um.
Total wire length on LAYER met1 = 443708 um.
Total wire length on LAYER met2 = 533698 um.
Total wire length on LAYER met3 = 205952 um.
Total wire length on LAYER met4 = 152570 um.
Total wire length on LAYER met5 = 1846 um.
Total number of vias = 263167.
Up-via summary (total 263167):

-------------------------
 FR_MASTERSLICE         0
            li1    111314
           met1    126160
           met2     19294
           met3      6312
           met4        87
-------------------------
               263167


[INFO DRT-0195] Start 4th optimization iteration.
    Completing 10% with 1320 violations.
    elapsed time = 00:00:00, memory = 3951.55 (MB).
    Completing 20% with 1320 violations.
    elapsed time = 00:00:00, memory = 3951.55 (MB).
    Completing 30% with 1141 violations.
    elapsed time = 00:00:05, memory = 3951.56 (MB).
    Completing 40% with 1141 violations.
    elapsed time = 00:00:05, memory = 3951.56 (MB).
    Completing 50% with 1141 violations.
    elapsed time = 00:00:06, memory = 4191.46 (MB).
    Completing 60% with 775 violations.
    elapsed time = 00:00:12, memory = 3951.56 (MB).
    Completing 70% with 775 violations.
    elapsed time = 00:00:12, memory = 4479.62 (MB).
    Completing 80% with 491 violations.
    elapsed time = 00:00:39, memory = 3951.96 (MB).
    Completing 90% with 491 violations.
    elapsed time = 00:00:39, memory = 3951.96 (MB).
    Completing 100% with 246 violations.
    elapsed time = 00:00:48, memory = 3951.97 (MB).
[INFO DRT-0199]   Number of violations = 246.
Viol/Layer        mcon   met1   met2
Cut Spacing          1      0      0
Metal Spacing        0     98     12
Short                0    118     17
[INFO DRT-0267] cpu time = 00:02:41, elapsed time = 00:00:48, memory = 3951.97 (MB), peak = 5073.13 (MB)
Total wire length = 1337743 um.
Total wire length on LAYER li1 = 0 um.
Total wire length on LAYER met1 = 442833 um.
Total wire length on LAYER met2 = 532798 um.
Total wire length on LAYER met3 = 206779 um.
Total wire length on LAYER met4 = 153485 um.
Total wire length on LAYER met5 = 1846 um.
Total number of vias = 263335.
Up-via summary (total 263335):

-------------------------
 FR_MASTERSLICE         0
            li1    111317
           met1    126151
           met2     19392
           met3      6388
           met4        87
-------------------------
               263335


[INFO DRT-0195] Start 5th optimization iteration.
    Completing 10% with 246 violations.
    elapsed time = 00:00:00, memory = 3951.97 (MB).
    Completing 20% with 246 violations.
    elapsed time = 00:00:00, memory = 3951.97 (MB).
    Completing 30% with 224 violations.
    elapsed time = 00:00:01, memory = 3951.97 (MB).
    Completing 40% with 224 violations.
    elapsed time = 00:00:01, memory = 3951.97 (MB).
    Completing 50% with 224 violations.
    elapsed time = 00:00:01, memory = 3951.97 (MB).
    Completing 60% with 173 violations.
    elapsed time = 00:00:06, memory = 3951.97 (MB).
    Completing 70% with 173 violations.
    elapsed time = 00:00:06, memory = 3951.97 (MB).
    Completing 80% with 153 violations.
    elapsed time = 00:00:18, memory = 3951.97 (MB).
    Completing 90% with 153 violations.
    elapsed time = 00:00:18, memory = 3951.97 (MB).
    Completing 100% with 75 violations.
    elapsed time = 00:00:19, memory = 3951.97 (MB).
[INFO DRT-0199]   Number of violations = 75.
Viol/Layer        met1
Metal Spacing       24
Short               51
[INFO DRT-0267] cpu time = 00:00:55, elapsed time = 00:00:19, memory = 3951.97 (MB), peak = 5073.13 (MB)
Total wire length = 1337711 um.
Total wire length on LAYER li1 = 0 um.
Total wire length on LAYER met1 = 442716 um.
Total wire length on LAYER met2 = 532659 um.
Total wire length on LAYER met3 = 206881 um.
Total wire length on LAYER met4 = 153607 um.
Total wire length on LAYER met5 = 1846 um.
Total number of vias = 263366.
Up-via summary (total 263366):

-------------------------
 FR_MASTERSLICE         0
            li1    111318
           met1    126154
           met2     19408
           met3      6399
           met4        87
-------------------------
               263366


[INFO DRT-0195] Start 6th guides tiles iteration.
    Completing 10% with 75 violations.
    elapsed time = 00:00:00, memory = 3985.29 (MB).
    Completing 20% with 75 violations.
    elapsed time = 00:00:00, memory = 3985.29 (MB).
    Completing 30% with 75 violations.
    elapsed time = 00:00:00, memory = 3985.29 (MB).
    Completing 40% with 75 violations.
    elapsed time = 00:00:05, memory = 3951.97 (MB).
    Completing 50% with 40 violations.
    elapsed time = 00:00:05, memory = 3951.97 (MB).
    Completing 60% with 40 violations.
    elapsed time = 00:00:05, memory = 3951.97 (MB).
    Completing 70% with 40 violations.
    elapsed time = 00:00:06, memory = 3951.97 (MB).
    Completing 80% with 40 violations.
    elapsed time = 00:00:09, memory = 3951.97 (MB).
    Completing 90% with 25 violations.
    elapsed time = 00:00:09, memory = 3951.97 (MB).
    Completing 100% with 25 violations.
    elapsed time = 00:00:10, memory = 3951.97 (MB).
[INFO DRT-0199]   Number of violations = 25.
Viol/Layer        met1
Metal Spacing        9
Short               16
[INFO DRT-0267] cpu time = 00:00:14, elapsed time = 00:00:10, memory = 3951.97 (MB), peak = 5073.13 (MB)
Total wire length = 1337722 um.
Total wire length on LAYER li1 = 0 um.
Total wire length on LAYER met1 = 442709 um.
Total wire length on LAYER met2 = 532662 um.
Total wire length on LAYER met3 = 206885 um.
Total wire length on LAYER met4 = 153617 um.
Total wire length on LAYER met5 = 1846 um.
Total number of vias = 263372.
Up-via summary (total 263372):

-------------------------
 FR_MASTERSLICE         0
            li1    111318
           met1    126153
           met2     19412
           met3      6402
           met4        87
-------------------------
               263372


[INFO DRT-0195] Start 7th guides tiles iteration.
    Completing 20% with 25 violations.
    elapsed time = 00:00:00, memory = 3985.29 (MB).
    Completing 50% with 25 violations.
    elapsed time = 00:00:05, memory = 3951.97 (MB).
    Completing 70% with 25 violations.
    elapsed time = 00:00:09, memory = 3951.97 (MB).
    Completing 100% with 25 violations.
    elapsed time = 00:00:11, memory = 3951.97 (MB).
[INFO DRT-0199]   Number of violations = 25.
Viol/Layer        met1
Metal Spacing        9
Short               16
[INFO DRT-0267] cpu time = 00:00:12, elapsed time = 00:00:11, memory = 3951.97 (MB), peak = 5073.13 (MB)
Total wire length = 1337722 um.
Total wire length on LAYER li1 = 0 um.
Total wire length on LAYER met1 = 442709 um.
Total wire length on LAYER met2 = 532662 um.
Total wire length on LAYER met3 = 206885 um.
Total wire length on LAYER met4 = 153617 um.
Total wire length on LAYER met5 = 1846 um.
Total number of vias = 263372.
Up-via summary (total 263372):

-------------------------
 FR_MASTERSLICE         0
            li1    111318
           met1    126153
           met2     19412
           met3      6402
           met4        87
-------------------------
               263372


[INFO DRT-0195] Start 8th stubborn tiles iteration.
    Completing 10% with 25 violations.
    elapsed time = 00:00:02, memory = 5371.88 (MB).
    Completing 20% with 25 violations.
    elapsed time = 00:00:05, memory = 5569.43 (MB).
    Completing 30% with 25 violations.
    elapsed time = 00:00:10, memory = 5881.97 (MB).
    Completing 40% with 25 violations.
    elapsed time = 00:00:22, memory = 6126.31 (MB).
    Completing 50% with 25 violations.
    elapsed time = 00:00:37, memory = 6393.97 (MB).
    Completing 60% with 25 violations.
    elapsed time = 00:00:47, memory = 6552.95 (MB).
    Completing 70% with 25 violations.
    elapsed time = 00:00:57, memory = 6564.16 (MB).
    Completing 80% with 25 violations.
    elapsed time = 00:01:09, memory = 5972.71 (MB).
    Completing 90% with 25 violations.
    elapsed time = 00:01:15, memory = 5385.02 (MB).
    Completing 100% with 0 violations.
    elapsed time = 00:01:26, memory = 4638.78 (MB).
[INFO DRT-0199]   Number of violations = 0.
[INFO DRT-0267] cpu time = 00:32:47, elapsed time = 00:01:26, memory = 4638.78 (MB), peak = 6822.32 (MB)
Total wire length = 1337752 um.
Total wire length on LAYER li1 = 0 um.
Total wire length on LAYER met1 = 442710 um.
Total wire length on LAYER met2 = 532676 um.
Total wire length on LAYER met3 = 206892 um.
Total wire length on LAYER met4 = 153627 um.
Total wire length on LAYER met5 = 1846 um.
Total number of vias = 263370.
Up-via summary (total 263370):

-------------------------
 FR_MASTERSLICE         0
            li1    111318
           met1    126150
           met2     19413
           met3      6402
           met4        87
-------------------------
               263370


[INFO DRT-0198] Complete detail routing.
Total wire length = 1337752 um.
Total wire length on LAYER li1 = 0 um.
Total wire length on LAYER met1 = 442710 um.
Total wire length on LAYER met2 = 532676 um.
Total wire length on LAYER met3 = 206892 um.
Total wire length on LAYER met4 = 153627 um.
Total wire length on LAYER met5 = 1846 um.
Total number of vias = 263370.
Up-via summary (total 263370):

-------------------------
 FR_MASTERSLICE         0
            li1    111318
           met1    126150
           met2     19413
           met3      6402
           met4        87
-------------------------
               263370


[INFO DRT-0267] cpu time = 01:06:18, elapsed time = 00:06:03, memory = 4638.78 (MB), peak = 6822.32 (MB)

[INFO DRT-0180] Post processing.
[INFO DRT-0501] Runtime: 389.90s
[INFO ANT-0002] Found 26 net violations.
[INFO ANT-0001] Found 33 pin violations.
[INFO GRT-0012] Found 26 antenna violations.
[INFO DPL-0006] Core area: 482412.67 um^2
[INFO DPL-0007] Movable instances area: 0.00 um^2
[INFO DPL-0008] Fixed instances area within core: 279744.55 um^2
[INFO DPL-0009] Utilization: 58.0%
[INFO DPL-0005] Diamond search max displacement: +/- 500 sites horizontally, +/- 100 rows vertically.
[INFO DPL-1102] Legalizing using negotiation legalizer.
[INFO DPL-1103] Negotiation base search window: +/-20 sites horizontally, +/-5 rows vertically 
	Automatic search window extension enabled.
	Search window extendable up to the max displacement cap of +/-500 sites, +/-100 rows near walls.
[INFO DPL-1104] NegotiationLegalizer DRC penalty: 5.
[INFO DPL-0392] Negotiation cell height distribution (1 unique row-count(s)):
[INFO DPL-0393]   height 1 row(s): 37949 cells
[INFO DPL-0500] Runtime: 0.18s
[INFO GRT-0015] Inserted 33 diodes.
[WARNING DRT-0120] Large net net907 has 122 pins which may impact routing performance. Consider optimization.
[WARNING DRT-0120] Large net net2673 has 103 pins which may impact routing performance. Consider optimization.
[WARNING DRT-0120] Large net net3682 has 164 pins which may impact routing performance. Consider optimization.
[WARNING DRT-0120] Large net net3688 has 142 pins which may impact routing performance. Consider optimization.
[WARNING DRT-0120] Large net net3690 has 151 pins which may impact routing performance. Consider optimization.
[WARNING DRT-0120] Large net net3695 has 165 pins which may impact routing performance. Consider optimization.
[WARNING DRT-0120] Large net net3696 has 131 pins which may impact routing performance. Consider optimization.
[WARNING DRT-0120] Large net net3697 has 129 pins which may impact routing performance. Consider optimization.
[INFO DRT-0024]   Complete FR_MASTERSLICE.
[INFO DRT-0024]   Complete Fr_VIA.
[INFO DRT-0024]   Complete li1.
[INFO DRT-0024]   Complete mcon.
[INFO DRT-0024]   Complete met1.
[INFO DRT-0024]   Complete via.
[INFO DRT-0024]   Complete met2.
[INFO DRT-0024]   Complete via2.
[INFO DRT-0024]   Complete met3.
[INFO DRT-0024]   Complete via3.
[INFO DRT-0024]   Complete met4.
[INFO DRT-0024]   Complete via4.
[INFO DRT-0024]   Complete met5.
[INFO DRT-0165] Start pin access.
[INFO DRT-0076]   Complete 1000 pins.
[INFO DRT-0076]   Complete 2000 pins.
[INFO DRT-0078]   Complete 2292 pins.
[INFO DRT-0079]   Complete 100 unique inst patterns.
[INFO DRT-0079]   Complete 200 unique inst patterns.
[INFO DRT-0081]   Complete 284 unique inst patterns.
[INFO DRT-0082]   Complete 10000 groups.
[INFO DRT-0084]   Complete 19847 groups.
#scanned instances     = 37949
#unique  instances     = 284
#stdCellGenAp          = 9105
#stdCellValidPlanarAp  = 114
#stdCellValidViaAp     = 6648
#stdCellPinNoAp        = 0
#stdCellPinCnt         = 112623
#instTermValidViaApCnt = 0
#macroGenAp            = 0
#macroValidPlanarAp    = 0
#macroValidViaAp       = 0
#macroNoAp             = 0
[INFO DRT-0166] Complete pin access.
[INFO DRT-0267] cpu time = 00:08:15, elapsed time = 00:00:20, memory = 4638.82 (MB), peak = 6822.32 (MB)
[INFO DRT-0156] guideIn read 100000 guides.
[INFO DRT-0156] guideIn read 200000 guides.

[INFO DRT-0157] Number of guides:     267494

[INFO DRT-0169] Post process guides.
[INFO DRT-0176] GCELLGRID X 0 DO 101 STEP 6900 ;
[INFO DRT-0177] GCELLGRID Y 0 DO 101 STEP 6900 ;
[INFO DRT-0026]   Complete 100000 origin guides.
[INFO DRT-0026]   Complete 200000 origin guides.
[INFO DRT-0028]   Complete FR_MASTERSLICE.
[INFO DRT-0028]   Complete Fr_VIA.
[INFO DRT-0028]   Complete li1.
[INFO DRT-0028]   Complete mcon.
[INFO DRT-0028]   Complete met1.
[INFO DRT-0028]   Complete via.
[INFO DRT-0028]   Complete met2.
[INFO DRT-0028]   Complete via2.
[INFO DRT-0028]   Complete met3.
[INFO DRT-0028]   Complete via3.
[INFO DRT-0028]   Complete met4.
[INFO DRT-0028]   Complete via4.
[INFO DRT-0028]   Complete met5.
[INFO DRT-0178] Init guide query.
[INFO DRT-0035]   Complete FR_MASTERSLICE (guide).
[INFO DRT-0035]   Complete Fr_VIA (guide).
[INFO DRT-0035]   Complete li1 (guide).
[INFO DRT-0035]   Complete mcon (guide).
[INFO DRT-0035]   Complete met1 (guide).
[INFO DRT-0035]   Complete via (guide).
[INFO DRT-0035]   Complete met2 (guide).
[INFO DRT-0035]   Complete via2 (guide).
[INFO DRT-0035]   Complete met3 (guide).
[INFO DRT-0035]   Complete via3 (guide).
[INFO DRT-0035]   Complete met4 (guide).
[INFO DRT-0035]   Complete via4 (guide).
[INFO DRT-0035]   Complete met5 (guide).
[INFO DRT-0036] FR_MASTERSLICE guide region query size = 0.
[INFO DRT-0036] FR_VIA guide region query size = 0.
[INFO DRT-0036] li1 guide region query size = 86992.
[INFO DRT-0036] mcon guide region query size = 0.
[INFO DRT-0036] met1 guide region query size = 77096.
[INFO DRT-0036] via guide region query size = 0.
[INFO DRT-0036] met2 guide region query size = 41946.
[INFO DRT-0036] via2 guide region query size = 0.
[INFO DRT-0036] met3 guide region query size = 6674.
[INFO DRT-0036] via3 guide region query size = 0.
[INFO DRT-0036] met4 guide region query size = 2770.
[INFO DRT-0036] via4 guide region query size = 0.
[INFO DRT-0036] met5 guide region query size = 71.
[INFO DRT-0179] Init gr pin query.
[INFO DRT-0267] cpu time = 00:00:01, elapsed time = 00:00:00, memory = 4638.82 (MB), peak = 6822.32 (MB)
[INFO DRT-0245] skipped writing guide updates to database.
[INFO DRT-0181] Start track assignment.
[INFO DRT-0184] Done with 131708 vertical wires in 3 frboxes and 83841 horizontal wires in 3 frboxes.
[INFO DRT-0186] Done with 21777 vertical wires in 3 frboxes and 28094 horizontal wires in 3 frboxes.
[INFO DRT-0182] Complete track assignment.
[INFO DRT-0267] cpu time = 00:00:11, elapsed time = 00:00:05, memory = 4751.23 (MB), peak = 6822.32 (MB)
[INFO DRT-0187] Start routing data preparation.
[INFO DRT-0267] cpu time = 00:00:00, elapsed time = 00:00:00, memory = 4751.23 (MB), peak = 6822.32 (MB)
[INFO DRT-0194] Start detail routing.
[INFO DRT-0195] Start 0th optimization iteration.
    Completing 10% with 0 violations.
    elapsed time = 00:00:01, memory = 5590.70 (MB).
    Completing 20% with 0 violations.
    elapsed time = 00:00:01, memory = 5296.17 (MB).
    Completing 30% with 1128 violations.
    elapsed time = 00:00:06, memory = 5636.17 (MB).
    Completing 40% with 1128 violations.
    elapsed time = 00:00:07, memory = 5521.50 (MB).
    Completing 50% with 1128 violations.
    elapsed time = 00:00:09, memory = 4966.62 (MB).
    Completing 60% with 2211 violations.
    elapsed time = 00:00:13, memory = 5776.26 (MB).
    Completing 70% with 2211 violations.
    elapsed time = 00:00:14, memory = 5426.05 (MB).
    Completing 80% with 3258 violations.
    elapsed time = 00:00:24, memory = 5551.11 (MB).
    Completing 90% with 3258 violations.
    elapsed time = 00:00:25, memory = 5423.62 (MB).
    Completing 100% with 4250 violations.
    elapsed time = 00:00:30, memory = 4741.04 (MB).
[INFO DRT-0199]   Number of violations = 4768.
Viol/Layer         li1   mcon   met1    via   met2   met3   met4   met5
Cut Spacing          0      2      0      0      0      0      0      0
Metal Spacing        0      0    281      0    293     35      5      0
Min Hole             0      0      2      0      0      0      0      0
Recheck              3      0    263      0    216     24     11      1
Short                0      1   2010      3   1484    105     28      1
[INFO DRT-0267] cpu time = 00:05:11, elapsed time = 00:00:30, memory = 4741.04 (MB), peak = 6822.32 (MB)
Total wire length = 1339250 um.
Total wire length on LAYER li1 = 0 um.
Total wire length on LAYER met1 = 447115 um.
Total wire length on LAYER met2 = 536643 um.
Total wire length on LAYER met3 = 203205 um.
Total wire length on LAYER met4 = 150451 um.
Total wire length on LAYER met5 = 1835 um.
Total number of vias = 263290.
Up-via summary (total 263290):

-------------------------
 FR_MASTERSLICE         0
            li1    111373
           met1    126579
           met2     18989
           met3      6262
           met4        87
-------------------------
               263290


[INFO DRT-0195] Start 1st optimization iteration.
    Completing 10% with 4768 violations.
    elapsed time = 00:00:00, memory = 5615.49 (MB).
    Completing 20% with 4768 violations.
    elapsed time = 00:00:01, memory = 5300.25 (MB).
    Completing 30% with 4211 violations.
    elapsed time = 00:00:08, memory = 5422.76 (MB).
    Completing 40% with 4211 violations.
    elapsed time = 00:00:09, memory = 5547.40 (MB).
    Completing 50% with 4211 violations.
    elapsed time = 00:00:10, memory = 5027.64 (MB).
    Completing 60% with 3619 violations.
    elapsed time = 00:00:14, memory = 5698.09 (MB).
    Completing 70% with 3619 violations.
    elapsed time = 00:00:15, memory = 5414.49 (MB).
    Completing 80% with 2875 violations.
    elapsed time = 00:00:20, memory = 5654.51 (MB).
    Completing 90% with 2875 violations.
    elapsed time = 00:00:21, memory = 5454.73 (MB).
    Completing 100% with 2177 violations.
    elapsed time = 00:00:24, memory = 4751.32 (MB).
[INFO DRT-0199]   Number of violations = 2177.
Viol/Layer        mcon   met1   met2   met3   met4
Cut Spacing          1      0      0      0      0
Metal Spacing        0    136    215     43      0
Short                0   1133    574     60     15
[INFO DRT-0267] cpu time = 00:04:20, elapsed time = 00:00:24, memory = 4751.32 (MB), peak = 6822.32 (MB)
Total wire length = 1338238 um.
Total wire length on LAYER li1 = 0 um.
Total wire length on LAYER met1 = 446624 um.
Total wire length on LAYER met2 = 536086 um.
Total wire length on LAYER met3 = 203140 um.
Total wire length on LAYER met4 = 150554 um.
Total wire length on LAYER met5 = 1832 um.
Total number of vias = 263123.
Up-via summary (total 263123):

-------------------------
 FR_MASTERSLICE         0
            li1    111376
           met1    126415
           met2     18990
           met3      6257
           met4        85
-------------------------
               263123


[INFO DRT-0195] Start 2nd optimization iteration.
    Completing 10% with 2177 violations.
    elapsed time = 00:00:00, memory = 4751.32 (MB).
    Completing 20% with 2177 violations.
    elapsed time = 00:00:01, memory = 5140.78 (MB).
    Completing 30% with 2158 violations.
    elapsed time = 00:00:04, memory = 4751.32 (MB).
    Completing 40% with 2158 violations.
    elapsed time = 00:00:05, memory = 5511.07 (MB).
    Completing 50% with 2158 violations.
    elapsed time = 00:00:10, memory = 4751.32 (MB).
    Completing 60% with 2053 violations.
    elapsed time = 00:00:10, memory = 4751.32 (MB).
    Completing 70% with 2053 violations.
    elapsed time = 00:00:12, memory = 5233.09 (MB).
    Completing 80% with 1987 violations.
    elapsed time = 00:00:14, memory = 4753.55 (MB).
    Completing 90% with 1987 violations.
    elapsed time = 00:00:15, memory = 5522.10 (MB).
    Completing 100% with 1911 violations.
    elapsed time = 00:00:20, memory = 4753.56 (MB).
[INFO DRT-0199]   Number of violations = 1911.
Viol/Layer        mcon   met1    via   met2   met3   met4
Cut Spacing          1      0      0      0      0      0
Metal Spacing        0    168      0    142     17      0
Short                0   1031      1    508     33     10
[INFO DRT-0267] cpu time = 00:02:33, elapsed time = 00:00:20, memory = 4753.56 (MB), peak = 6822.32 (MB)
Total wire length = 1337833 um.
Total wire length on LAYER li1 = 0 um.
Total wire length on LAYER met1 = 446317 um.
Total wire length on LAYER met2 = 535899 um.
Total wire length on LAYER met3 = 203201 um.
Total wire length on LAYER met4 = 150586 um.
Total wire length on LAYER met5 = 1827 um.
Total number of vias = 263055.
Up-via summary (total 263055):

-------------------------
 FR_MASTERSLICE         0
            li1    111374
           met1    126355
           met2     18984
           met3      6257
           met4        85
-------------------------
               263055


[INFO DRT-0195] Start 3rd optimization iteration.
    Completing 10% with 1911 violations.
    elapsed time = 00:00:00, memory = 4753.56 (MB).
    Completing 20% with 1911 violations.
    elapsed time = 00:00:00, memory = 5389.59 (MB).
    Completing 30% with 1643 violations.
    elapsed time = 00:00:07, memory = 4753.56 (MB).
    Completing 40% with 1643 violations.
    elapsed time = 00:00:07, memory = 4753.56 (MB).
    Completing 50% with 1643 violations.
    elapsed time = 00:00:09, memory = 4992.04 (MB).
    Completing 60% with 1225 violations.
    elapsed time = 00:00:23, memory = 4753.56 (MB).
    Completing 70% with 1225 violations.
    elapsed time = 00:00:24, memory = 5434.75 (MB).
    Completing 80% with 1019 violations.
    elapsed time = 00:00:46, memory = 4753.56 (MB).
    Completing 90% with 1019 violations.
    elapsed time = 00:00:46, memory = 4753.56 (MB).
    Completing 100% with 615 violations.
    elapsed time = 00:00:54, memory = 4753.56 (MB).
[INFO DRT-0199]   Number of violations = 615.
Viol/Layer        met1    via   met2   met3
Cut Spacing          0      1      0      0
Metal Spacing      108      0     39     12
Short              340      1    114      0
[INFO DRT-0267] cpu time = 00:04:16, elapsed time = 00:00:55, memory = 4753.56 (MB), peak = 6822.32 (MB)
Total wire length = 1337945 um.
Total wire length on LAYER li1 = 0 um.
Total wire length on LAYER met1 = 444042 um.
Total wire length on LAYER met2 = 534225 um.
Total wire length on LAYER met3 = 205404 um.
Total wire length on LAYER met4 = 152431 um.
Total wire length on LAYER met5 = 1841 um.
Total number of vias = 263731.
Up-via summary (total 263731):

-------------------------
 FR_MASTERSLICE         0
            li1    111370
           met1    126467
           met2     19396
           met3      6413
           met4        85
-------------------------
               263731


[INFO DRT-0195] Start 4th optimization iteration.
    Completing 10% with 615 violations.
    elapsed time = 00:00:00, memory = 4753.56 (MB).
    Completing 20% with 615 violations.
    elapsed time = 00:00:00, memory = 4753.56 (MB).
    Completing 30% with 523 violations.
    elapsed time = 00:00:06, memory = 4753.56 (MB).
    Completing 40% with 523 violations.
    elapsed time = 00:00:06, memory = 4753.56 (MB).
    Completing 50% with 523 violations.
    elapsed time = 00:00:06, memory = 4985.59 (MB).
    Completing 60% with 392 violations.
    elapsed time = 00:00:17, memory = 4753.56 (MB).
    Completing 70% with 392 violations.
    elapsed time = 00:00:17, memory = 4753.56 (MB).
    Completing 80% with 324 violations.
    elapsed time = 00:00:28, memory = 4753.56 (MB).
    Completing 90% with 324 violations.
    elapsed time = 00:00:28, memory = 4753.56 (MB).
    Completing 100% with 226 violations.
    elapsed time = 00:00:36, memory = 4753.56 (MB).
[INFO DRT-0199]   Number of violations = 226.
Viol/Layer        mcon   met1   met2
Cut Spacing          1      0      0
Metal Spacing        0     72     16
Short                0    125     12
[INFO DRT-0267] cpu time = 00:01:32, elapsed time = 00:00:36, memory = 4753.56 (MB), peak = 6822.32 (MB)
Total wire length = 1337981 um.
Total wire length on LAYER li1 = 0 um.
Total wire length on LAYER met1 = 443324 um.
Total wire length on LAYER met2 = 533948 um.
Total wire length on LAYER met3 = 206142 um.
Total wire length on LAYER met4 = 152725 um.
Total wire length on LAYER met5 = 1841 um.
Total number of vias = 263836.
Up-via summary (total 263836):

-------------------------
 FR_MASTERSLICE         0
            li1    111369
           met1    126455
           met2     19486
           met3      6441
           met4        85
-------------------------
               263836


[INFO DRT-0195] Start 5th optimization iteration.
    Completing 10% with 226 violations.
    elapsed time = 00:00:00, memory = 4753.56 (MB).
    Completing 20% with 226 violations.
    elapsed time = 00:00:00, memory = 4753.56 (MB).
    Completing 30% with 218 violations.
    elapsed time = 00:00:03, memory = 4753.56 (MB).
    Completing 40% with 218 violations.
    elapsed time = 00:00:03, memory = 4753.56 (MB).
    Completing 50% with 218 violations.
    elapsed time = 00:00:03, memory = 4753.56 (MB).
    Completing 60% with 151 violations.
    elapsed time = 00:00:08, memory = 4753.56 (MB).
    Completing 70% with 151 violations.
    elapsed time = 00:00:08, memory = 4753.56 (MB).
    Completing 80% with 148 violations.
    elapsed time = 00:00:23, memory = 4753.56 (MB).
    Completing 90% with 148 violations.
    elapsed time = 00:00:23, memory = 4753.56 (MB).
    Completing 100% with 139 violations.
    elapsed time = 00:00:24, memory = 4753.56 (MB).
[INFO DRT-0199]   Number of violations = 139.
Viol/Layer        mcon   met1   met2
Cut Spacing          1      0      0
Metal Spacing        0     44      3
Short                0     89      2
[INFO DRT-0267] cpu time = 00:00:51, elapsed time = 00:00:24, memory = 4753.56 (MB), peak = 6822.32 (MB)
Total wire length = 1337973 um.
Total wire length on LAYER li1 = 0 um.
Total wire length on LAYER met1 = 443233 um.
Total wire length on LAYER met2 = 533901 um.
Total wire length on LAYER met3 = 206213 um.
Total wire length on LAYER met4 = 152784 um.
Total wire length on LAYER met5 = 1841 um.
Total number of vias = 263823.
Up-via summary (total 263823):

-------------------------
 FR_MASTERSLICE         0
            li1    111368
           met1    126441
           met2     19490
           met3      6439
           met4        85
-------------------------
               263823


[INFO DRT-0195] Start 6th optimization iteration.
    Completing 10% with 139 violations.
    elapsed time = 00:00:00, memory = 4753.56 (MB).
    Completing 20% with 139 violations.
    elapsed time = 00:00:00, memory = 4753.56 (MB).
    Completing 30% with 116 violations.
    elapsed time = 00:00:02, memory = 4753.56 (MB).
    Completing 40% with 116 violations.
    elapsed time = 00:00:02, memory = 4753.56 (MB).
    Completing 50% with 116 violations.
    elapsed time = 00:00:02, memory = 4753.56 (MB).
    Completing 60% with 107 violations.
    elapsed time = 00:00:05, memory = 4753.56 (MB).
    Completing 70% with 107 violations.
    elapsed time = 00:00:05, memory = 4753.56 (MB).
    Completing 80% with 107 violations.
    elapsed time = 00:00:23, memory = 4753.56 (MB).
    Completing 90% with 107 violations.
    elapsed time = 00:00:23, memory = 4753.56 (MB).
    Completing 100% with 97 violations.
    elapsed time = 00:00:33, memory = 4753.56 (MB).
[INFO DRT-0199]   Number of violations = 97.
Viol/Layer        met1   met2
Metal Spacing       35      0
Short               60      2
[INFO DRT-0267] cpu time = 00:00:43, elapsed time = 00:00:33, memory = 4753.56 (MB), peak = 6822.32 (MB)
Total wire length = 1337979 um.
Total wire length on LAYER li1 = 0 um.
Total wire length on LAYER met1 = 443196 um.
Total wire length on LAYER met2 = 533873 um.
Total wire length on LAYER met3 = 206264 um.
Total wire length on LAYER met4 = 152803 um.
Total wire length on LAYER met5 = 1841 um.
Total number of vias = 263830.
Up-via summary (total 263830):

-------------------------
 FR_MASTERSLICE         0
            li1    111367
           met1    126436
           met2     19505
           met3      6437
           met4        85
-------------------------
               263830


[INFO DRT-0195] Start 7th guides tiles iteration.
    Completing 10% with 97 violations.
    elapsed time = 00:00:00, memory = 4753.56 (MB).
    Completing 20% with 97 violations.
    elapsed time = 00:00:00, memory = 4753.56 (MB).
    Completing 30% with 97 violations.
    elapsed time = 00:00:00, memory = 4753.56 (MB).
    Completing 40% with 97 violations.
    elapsed time = 00:00:01, memory = 4753.56 (MB).
    Completing 50% with 54 violations.
    elapsed time = 00:00:01, memory = 4753.56 (MB).
    Completing 60% with 54 violations.
    elapsed time = 00:00:05, memory = 4815.05 (MB).
    Completing 70% with 54 violations.
    elapsed time = 00:00:16, memory = 4753.56 (MB).
    Completing 80% with 54 violations.
    elapsed time = 00:00:16, memory = 4796.64 (MB).
    Completing 100% with 37 violations.
    elapsed time = 00:00:20, memory = 4753.56 (MB).
[INFO DRT-0199]   Number of violations = 37.
Viol/Layer        met1   met2
Metal Spacing       19      2
Short               16      0
[INFO DRT-0267] cpu time = 00:00:27, elapsed time = 00:00:20, memory = 4753.56 (MB), peak = 6822.32 (MB)
Total wire length = 1338000 um.
Total wire length on LAYER li1 = 0 um.
Total wire length on LAYER met1 = 443175 um.
Total wire length on LAYER met2 = 533895 um.
Total wire length on LAYER met3 = 206288 um.
Total wire length on LAYER met4 = 152800 um.
Total wire length on LAYER met5 = 1841 um.
Total number of vias = 263850.
Up-via summary (total 263850):

-------------------------
 FR_MASTERSLICE         0
            li1    111366
           met1    126452
           met2     19511
           met3      6436
           met4        85
-------------------------
               263850


[INFO DRT-0195] Start 8th guides tiles iteration.
    Completing 10% with 37 violations.
    elapsed time = 00:00:00, memory = 4753.56 (MB).
    Completing 30% with 37 violations.
    elapsed time = 00:00:00, memory = 4753.56 (MB).
    Completing 50% with 37 violations.
    elapsed time = 00:00:02, memory = 4753.56 (MB).
    Completing 60% with 13 violations.
    elapsed time = 00:00:02, memory = 4753.56 (MB).
    Completing 80% with 13 violations.
    elapsed time = 00:00:02, memory = 4753.56 (MB).
    Completing 100% with 12 violations.
    elapsed time = 00:00:05, memory = 4753.56 (MB).
[INFO DRT-0199]   Number of violations = 12.
Viol/Layer        met1   met2
Metal Spacing        9      3
[INFO DRT-0267] cpu time = 00:00:07, elapsed time = 00:00:05, memory = 4753.56 (MB), peak = 6822.32 (MB)
Total wire length = 1338015 um.
Total wire length on LAYER li1 = 0 um.
Total wire length on LAYER met1 = 443170 um.
Total wire length on LAYER met2 = 533890 um.
Total wire length on LAYER met3 = 206304 um.
Total wire length on LAYER met4 = 152808 um.
Total wire length on LAYER met5 = 1841 um.
Total number of vias = 263855.
Up-via summary (total 263855):

-------------------------
 FR_MASTERSLICE         0
            li1    111366
           met1    126452
           met2     19515
           met3      6437
           met4        85
-------------------------
               263855


[INFO DRT-0195] Start 9th guides tiles iteration.
    Completing 20% with 12 violations.
    elapsed time = 00:00:00, memory = 4753.56 (MB).
    Completing 40% with 12 violations.
    elapsed time = 00:00:00, memory = 4753.56 (MB).
    Completing 60% with 12 violations.
    elapsed time = 00:00:02, memory = 4753.56 (MB).
    Completing 80% with 8 violations.
    elapsed time = 00:00:02, memory = 4753.56 (MB).
    Completing 100% with 8 violations.
    elapsed time = 00:00:02, memory = 4753.56 (MB).
[INFO DRT-0199]   Number of violations = 8.
Viol/Layer        met1   met2
Metal Spacing        6      2
[INFO DRT-0267] cpu time = 00:00:03, elapsed time = 00:00:02, memory = 4753.56 (MB), peak = 6822.32 (MB)
Total wire length = 1338009 um.
Total wire length on LAYER li1 = 0 um.
Total wire length on LAYER met1 = 443171 um.
Total wire length on LAYER met2 = 533886 um.
Total wire length on LAYER met3 = 206302 um.
Total wire length on LAYER met4 = 152808 um.
Total wire length on LAYER met5 = 1841 um.
Total number of vias = 263852.
Up-via summary (total 263852):

-------------------------
 FR_MASTERSLICE         0
            li1    111366
           met1    126451
           met2     19513
           met3      6437
           met4        85
-------------------------
               263852


[INFO DRT-0195] Start 10th guides tiles iteration.
    Completing 100% with 8 violations.
    elapsed time = 00:00:00, memory = 4753.56 (MB).
[INFO DRT-0199]   Number of violations = 8.
Viol/Layer        met1   met2
Metal Spacing        6      2
[INFO DRT-0267] cpu time = 00:00:00, elapsed time = 00:00:00, memory = 4753.56 (MB), peak = 6822.32 (MB)
Total wire length = 1338009 um.
Total wire length on LAYER li1 = 0 um.
Total wire length on LAYER met1 = 443171 um.
Total wire length on LAYER met2 = 533886 um.
Total wire length on LAYER met3 = 206302 um.
Total wire length on LAYER met4 = 152808 um.
Total wire length on LAYER met5 = 1841 um.
Total number of vias = 263852.
Up-via summary (total 263852):

-------------------------
 FR_MASTERSLICE         0
            li1    111366
           met1    126451
           met2     19513
           met3      6437
           met4        85
-------------------------
               263852


[INFO DRT-0195] Start 11th stubborn tiles iteration.
    Completing 10% with 8 violations.
    elapsed time = 00:00:03, memory = 6112.80 (MB).
    Completing 20% with 8 violations.
    elapsed time = 00:00:05, memory = 5713.27 (MB).
    Completing 30% with 8 violations.
    elapsed time = 00:00:09, memory = 5452.16 (MB).
    Completing 40% with 8 violations.
    elapsed time = 00:00:16, memory = 5002.96 (MB).
    Completing 50% with 2 violations.
    elapsed time = 00:00:37, memory = 5074.96 (MB).
    Completing 60% with 2 violations.
    elapsed time = 00:00:37, memory = 5234.61 (MB).
    Completing 70% with 2 violations.
    elapsed time = 00:00:37, memory = 5235.22 (MB).
    Completing 80% with 2 violations.
    elapsed time = 00:00:37, memory = 5235.22 (MB).
    Completing 90% with 2 violations.
    elapsed time = 00:00:37, memory = 4969.15 (MB).
    Completing 100% with 0 violations.
    elapsed time = 00:00:38, memory = 4809.50 (MB).
[INFO DRT-0199]   Number of violations = 0.
[INFO DRT-0267] cpu time = 00:05:01, elapsed time = 00:00:38, memory = 4809.50 (MB), peak = 6822.32 (MB)
Total wire length = 1338004 um.
Total wire length on LAYER li1 = 0 um.
Total wire length on LAYER met1 = 443168 um.
Total wire length on LAYER met2 = 533846 um.
Total wire length on LAYER met3 = 206332 um.
Total wire length on LAYER met4 = 152816 um.
Total wire length on LAYER met5 = 1841 um.
Total number of vias = 263854.
Up-via summary (total 263854):

-------------------------
 FR_MASTERSLICE         0
            li1    111366
           met1    126450
           met2     19516
           met3      6437
           met4        85
-------------------------
               263854


[INFO DRT-0198] Complete detail routing.
Total wire length = 1338004 um.
Total wire length on LAYER li1 = 0 um.
Total wire length on LAYER met1 = 443168 um.
Total wire length on LAYER met2 = 533846 um.
Total wire length on LAYER met3 = 206332 um.
Total wire length on LAYER met4 = 152816 um.
Total wire length on LAYER met5 = 1841 um.
Total number of vias = 263854.
Up-via summary (total 263854):

-------------------------
 FR_MASTERSLICE         0
            li1    111366
           met1    126450
           met2     19516
           met3      6437
           met4        85
-------------------------
               263854


[INFO DRT-0267] cpu time = 00:25:11, elapsed time = 00:04:53, memory = 4809.50 (MB), peak = 6822.32 (MB)

[INFO DRT-0180] Post processing.
[INFO DRT-0501] Runtime: 320.38s
[INFO ANT-0002] Found 3 net violations.
[INFO ANT-0001] Found 3 pin violations.
[INFO GRT-0012] Found 3 antenna violations.
[INFO DPL-0006] Core area: 482412.67 um^2
[INFO DPL-0007] Movable instances area: 0.00 um^2
[INFO DPL-0008] Fixed instances area within core: 279752.05 um^2
[INFO DPL-0009] Utilization: 58.0%
[INFO DPL-0005] Diamond search max displacement: +/- 500 sites horizontally, +/- 100 rows vertically.
[INFO DPL-1102] Legalizing using negotiation legalizer.
[INFO DPL-1103] Negotiation base search window: +/-20 sites horizontally, +/-5 rows vertically 
	Automatic search window extension enabled.
	Search window extendable up to the max displacement cap of +/-500 sites, +/-100 rows near walls.
[INFO DPL-1104] NegotiationLegalizer DRC penalty: 5.
[INFO DPL-0392] Negotiation cell height distribution (1 unique row-count(s)):
[INFO DPL-0393]   height 1 row(s): 37952 cells
[INFO DPL-0500] Runtime: 0.17s
[INFO GRT-0015] Inserted 3 diodes.
[WARNING DRT-0120] Large net net907 has 122 pins which may impact routing performance. Consider optimization.
[WARNING DRT-0120] Large net net2673 has 103 pins which may impact routing performance. Consider optimization.
[WARNING DRT-0120] Large net net3682 has 164 pins which may impact routing performance. Consider optimization.
[WARNING DRT-0120] Large net net3688 has 142 pins which may impact routing performance. Consider optimization.
[WARNING DRT-0120] Large net net3690 has 151 pins which may impact routing performance. Consider optimization.
[WARNING DRT-0120] Large net net3695 has 165 pins which may impact routing performance. Consider optimization.
[WARNING DRT-0120] Large net net3696 has 131 pins which may impact routing performance. Consider optimization.
[WARNING DRT-0120] Large net net3697 has 129 pins which may impact routing performance. Consider optimization.
[INFO DRT-0024]   Complete FR_MASTERSLICE.
[INFO DRT-0024]   Complete Fr_VIA.
[INFO DRT-0024]   Complete li1.
[INFO DRT-0024]   Complete mcon.
[INFO DRT-0024]   Complete met1.
[INFO DRT-0024]   Complete via.
[INFO DRT-0024]   Complete met2.
[INFO DRT-0024]   Complete via2.
[INFO DRT-0024]   Complete met3.
[INFO DRT-0024]   Complete via3.
[INFO DRT-0024]   Complete met4.
[INFO DRT-0024]   Complete via4.
[INFO DRT-0024]   Complete met5.
[INFO DRT-0165] Start pin access.
[INFO DRT-0076]   Complete 1000 pins.
[INFO DRT-0076]   Complete 2000 pins.
[INFO DRT-0078]   Complete 2292 pins.
[INFO DRT-0079]   Complete 100 unique inst patterns.
[INFO DRT-0079]   Complete 200 unique inst patterns.
[INFO DRT-0081]   Complete 284 unique inst patterns.
[INFO DRT-0082]   Complete 10000 groups.
[INFO DRT-0084]   Complete 19848 groups.
#scanned instances     = 37952
#unique  instances     = 284
#stdCellGenAp          = 9105
#stdCellValidPlanarAp  = 114
#stdCellValidViaAp     = 6648
#stdCellPinNoAp        = 0
#stdCellPinCnt         = 112623
#instTermValidViaApCnt = 0
#macroGenAp            = 0
#macroValidPlanarAp    = 0
#macroValidViaAp       = 0
#macroNoAp             = 0
[INFO DRT-0166] Complete pin access.
[INFO DRT-0267] cpu time = 00:08:04, elapsed time = 00:00:19, memory = 4809.40 (MB), peak = 6822.32 (MB)
[INFO DRT-0156] guideIn read 100000 guides.
[INFO DRT-0156] guideIn read 200000 guides.

[INFO DRT-0157] Number of guides:     267527

[INFO DRT-0169] Post process guides.
[INFO DRT-0176] GCELLGRID X 0 DO 101 STEP 6900 ;
[INFO DRT-0177] GCELLGRID Y 0 DO 101 STEP 6900 ;
[INFO DRT-0026]   Complete 100000 origin guides.
[INFO DRT-0026]   Complete 200000 origin guides.
[INFO DRT-0028]   Complete FR_MASTERSLICE.
[INFO DRT-0028]   Complete Fr_VIA.
[INFO DRT-0028]   Complete li1.
[INFO DRT-0028]   Complete mcon.
[INFO DRT-0028]   Complete met1.
[INFO DRT-0028]   Complete via.
[INFO DRT-0028]   Complete met2.
[INFO DRT-0028]   Complete via2.
[INFO DRT-0028]   Complete met3.
[INFO DRT-0028]   Complete via3.
[INFO DRT-0028]   Complete met4.
[INFO DRT-0028]   Complete via4.
[INFO DRT-0028]   Complete met5.
[INFO DRT-0178] Init guide query.
[INFO DRT-0035]   Complete FR_MASTERSLICE (guide).
[INFO DRT-0035]   Complete Fr_VIA (guide).
[INFO DRT-0035]   Complete li1 (guide).
[INFO DRT-0035]   Complete mcon (guide).
[INFO DRT-0035]   Complete met1 (guide).
[INFO DRT-0035]   Complete via (guide).
[INFO DRT-0035]   Complete met2 (guide).
[INFO DRT-0035]   Complete via2 (guide).
[INFO DRT-0035]   Complete met3 (guide).
[INFO DRT-0035]   Complete via3 (guide).
[INFO DRT-0035]   Complete met4 (guide).
[INFO DRT-0035]   Complete via4 (guide).
[INFO DRT-0035]   Complete met5 (guide).
[INFO DRT-0036] FR_MASTERSLICE guide region query size = 0.
[INFO DRT-0036] FR_VIA guide region query size = 0.
[INFO DRT-0036] li1 guide region query size = 86993.
[INFO DRT-0036] mcon guide region query size = 0.
[INFO DRT-0036] met1 guide region query size = 77095.
[INFO DRT-0036] via guide region query size = 0.
[INFO DRT-0036] met2 guide region query size = 41948.
[INFO DRT-0036] via2 guide region query size = 0.
[INFO DRT-0036] met3 guide region query size = 6687.
[INFO DRT-0036] via3 guide region query size = 0.
[INFO DRT-0036] met4 guide region query size = 2779.
[INFO DRT-0036] via4 guide region query size = 0.
[INFO DRT-0036] met5 guide region query size = 72.
[INFO DRT-0179] Init gr pin query.
[INFO DRT-0267] cpu time = 00:00:01, elapsed time = 00:00:00, memory = 4809.40 (MB), peak = 6822.32 (MB)
[INFO DRT-0245] skipped writing guide updates to database.
[INFO DRT-0181] Start track assignment.
[INFO DRT-0184] Done with 131720 vertical wires in 3 frboxes and 83854 horizontal wires in 3 frboxes.
[INFO DRT-0186] Done with 21595 vertical wires in 3 frboxes and 28139 horizontal wires in 3 frboxes.
[INFO DRT-0182] Complete track assignment.
[INFO DRT-0267] cpu time = 00:00:11, elapsed time = 00:00:05, memory = 4845.99 (MB), peak = 6822.32 (MB)
[INFO DRT-0187] Start routing data preparation.
[INFO DRT-0267] cpu time = 00:00:00, elapsed time = 00:00:00, memory = 4845.99 (MB), peak = 6822.32 (MB)
[INFO DRT-0194] Start detail routing.
[INFO DRT-0195] Start 0th optimization iteration.
    Completing 10% with 0 violations.
    elapsed time = 00:00:01, memory = 5493.19 (MB).
    Completing 20% with 0 violations.
    elapsed time = 00:00:01, memory = 5286.86 (MB).
    Completing 30% with 30 violations.
    elapsed time = 00:00:03, memory = 5633.91 (MB).
    Completing 40% with 30 violations.
    elapsed time = 00:00:04, memory = 5530.91 (MB).
    Completing 50% with 30 violations.
    elapsed time = 00:00:04, memory = 5124.70 (MB).
    Completing 60% with 117 violations.
    elapsed time = 00:00:06, memory = 5697.74 (MB).
    Completing 70% with 117 violations.
    elapsed time = 00:00:07, memory = 5296.02 (MB).
    Completing 80% with 185 violations.
    elapsed time = 00:00:09, memory = 5704.86 (MB).
    Completing 90% with 185 violations.
    elapsed time = 00:00:09, memory = 5466.42 (MB).
    Completing 100% with 275 violations.
    elapsed time = 00:00:11, memory = 4823.87 (MB).
[INFO DRT-0199]   Number of violations = 314.
Viol/Layer        met1   met2   met3   met4   met5
Metal Spacing       15     19      2      5      0
Recheck             12     18      4      5      0
Short               90     58     24     61      1
[INFO DRT-0267] cpu time = 00:02:48, elapsed time = 00:00:11, memory = 4823.87 (MB), peak = 6822.32 (MB)
Total wire length = 1338146 um.
Total wire length on LAYER li1 = 0 um.
Total wire length on LAYER met1 = 443246 um.
Total wire length on LAYER met2 = 533701 um.
Total wire length on LAYER met3 = 206185 um.
Total wire length on LAYER met4 = 153148 um.
Total wire length on LAYER met5 = 1865 um.
Total number of vias = 263823.
Up-via summary (total 263823):

-------------------------
 FR_MASTERSLICE         0
            li1    111369
           met1    126446
           met2     19492
           met3      6429
           met4        87
-------------------------
               263823


[INFO DRT-0195] Start 1st optimization iteration.
    Completing 10% with 314 violations.
    elapsed time = 00:00:00, memory = 5408.18 (MB).
    Completing 20% with 314 violations.
    elapsed time = 00:00:01, memory = 5158.98 (MB).
    Completing 30% with 299 violations.
    elapsed time = 00:00:03, memory = 5422.05 (MB).
    Completing 40% with 299 violations.
    elapsed time = 00:00:03, memory = 5543.27 (MB).
    Completing 50% with 299 violations.
    elapsed time = 00:00:04, memory = 4996.14 (MB).
    Completing 60% with 215 violations.
    elapsed time = 00:00:06, memory = 5554.96 (MB).
    Completing 70% with 215 violations.
    elapsed time = 00:00:06, memory = 5350.03 (MB).
    Completing 80% with 172 violations.
    elapsed time = 00:00:08, memory = 5644.15 (MB).
    Completing 90% with 172 violations.
    elapsed time = 00:00:09, memory = 5375.58 (MB).
    Completing 100% with 118 violations.
    elapsed time = 00:00:10, memory = 4826.95 (MB).
[INFO DRT-0199]   Number of violations = 118.
Viol/Layer        met1   met2   met3   met4
Metal Spacing        3      8      0      0
Short               43     18      1     45
[INFO DRT-0267] cpu time = 00:02:38, elapsed time = 00:00:10, memory = 4826.95 (MB), peak = 6822.32 (MB)
Total wire length = 1338104 um.
Total wire length on LAYER li1 = 0 um.
Total wire length on LAYER met1 = 443193 um.
Total wire length on LAYER met2 = 533655 um.
Total wire length on LAYER met3 = 206211 um.
Total wire length on LAYER met4 = 153178 um.
Total wire length on LAYER met5 = 1865 um.
Total number of vias = 263820.
Up-via summary (total 263820):

-------------------------
 FR_MASTERSLICE         0
            li1    111369
           met1    126435
           met2     19496
           met3      6433
           met4        87
-------------------------
               263820


[INFO DRT-0195] Start 2nd optimization iteration.
    Completing 10% with 118 violations.
    elapsed time = 00:00:00, memory = 4826.95 (MB).
    Completing 20% with 118 violations.
    elapsed time = 00:00:00, memory = 4826.95 (MB).
    Completing 30% with 113 violations.
    elapsed time = 00:00:00, memory = 4826.95 (MB).
    Completing 40% with 113 violations.
    elapsed time = 00:00:00, memory = 4826.95 (MB).
    Completing 50% with 113 violations.
    elapsed time = 00:00:01, memory = 4826.95 (MB).
    Completing 60% with 118 violations.
    elapsed time = 00:00:01, memory = 4826.95 (MB).
    Completing 70% with 118 violations.
    elapsed time = 00:00:01, memory = 4826.95 (MB).
    Completing 80% with 101 violations.
    elapsed time = 00:00:02, memory = 4826.95 (MB).
    Completing 90% with 101 violations.
    elapsed time = 00:00:02, memory = 4826.95 (MB).
    Completing 100% with 103 violations.
    elapsed time = 00:00:03, memory = 4826.95 (MB).
[INFO DRT-0199]   Number of violations = 103.
Viol/Layer        met1   met2   met4
Metal Spacing        3      5      0
Short               43      5     47
[INFO DRT-0267] cpu time = 00:00:13, elapsed time = 00:00:03, memory = 4826.95 (MB), peak = 6822.32 (MB)
Total wire length = 1338098 um.
Total wire length on LAYER li1 = 0 um.
Total wire length on LAYER met1 = 443165 um.
Total wire length on LAYER met2 = 533647 um.
Total wire length on LAYER met3 = 206240 um.
Total wire length on LAYER met4 = 153177 um.
Total wire length on LAYER met5 = 1867 um.
Total number of vias = 263818.
Up-via summary (total 263818):

-------------------------
 FR_MASTERSLICE         0
            li1    111369
           met1    126426
           met2     19500
           met3      6436
           met4        87
-------------------------
               263818


[INFO DRT-0195] Start 3rd optimization iteration.
    Completing 10% with 103 violations.
    elapsed time = 00:00:00, memory = 4826.95 (MB).
    Completing 20% with 103 violations.
    elapsed time = 00:00:00, memory = 4826.95 (MB).
    Completing 30% with 102 violations.
    elapsed time = 00:00:00, memory = 4826.95 (MB).
    Completing 40% with 102 violations.
    elapsed time = 00:00:00, memory = 4826.95 (MB).
    Completing 50% with 102 violations.
    elapsed time = 00:00:00, memory = 4826.95 (MB).
    Completing 60% with 73 violations.
    elapsed time = 00:00:01, memory = 4826.95 (MB).
    Completing 70% with 73 violations.
    elapsed time = 00:00:01, memory = 4826.95 (MB).
    Completing 80% with 44 violations.
    elapsed time = 00:00:02, memory = 4831.59 (MB).
    Completing 90% with 44 violations.
    elapsed time = 00:00:02, memory = 4831.59 (MB).
    Completing 100% with 13 violations.
    elapsed time = 00:00:05, memory = 4831.59 (MB).
[INFO DRT-0199]   Number of violations = 13.
Viol/Layer        met1   met2
Metal Spacing        2      2
Short                6      3
[INFO DRT-0267] cpu time = 00:00:12, elapsed time = 00:00:05, memory = 4831.59 (MB), peak = 6822.32 (MB)
Total wire length = 1338132 um.
Total wire length on LAYER li1 = 0 um.
Total wire length on LAYER met1 = 443041 um.
Total wire length on LAYER met2 = 533754 um.
Total wire length on LAYER met3 = 206416 um.
Total wire length on LAYER met4 = 153067 um.
Total wire length on LAYER met5 = 1853 um.
Total number of vias = 263879.
Up-via summary (total 263879):

-------------------------
 FR_MASTERSLICE         0
            li1    111370
           met1    126427
           met2     19535
           met3      6460
           met4        87
-------------------------
               263879


[INFO DRT-0195] Start 4th guides tiles iteration.
    Completing 50% with 13 violations.
    elapsed time = 00:00:00, memory = 4831.59 (MB).
    Completing 100% with 0 violations.
    elapsed time = 00:00:00, memory = 4831.59 (MB).
[INFO DRT-0199]   Number of violations = 0.
[INFO DRT-0267] cpu time = 00:00:01, elapsed time = 00:00:00, memory = 4831.59 (MB), peak = 6822.32 (MB)
Total wire length = 1338125 um.
Total wire length on LAYER li1 = 0 um.
Total wire length on LAYER met1 = 443034 um.
Total wire length on LAYER met2 = 533749 um.
Total wire length on LAYER met3 = 206424 um.
Total wire length on LAYER met4 = 153063 um.
Total wire length on LAYER met5 = 1853 um.
Total number of vias = 263870.
Up-via summary (total 263870):

-------------------------
 FR_MASTERSLICE         0
            li1    111370
           met1    126422
           met2     19533
           met3      6458
           met4        87
-------------------------
               263870


[INFO DRT-0198] Complete detail routing.
Total wire length = 1338125 um.
Total wire length on LAYER li1 = 0 um.
Total wire length on LAYER met1 = 443034 um.
Total wire length on LAYER met2 = 533749 um.
Total wire length on LAYER met3 = 206424 um.
Total wire length on LAYER met4 = 153063 um.
Total wire length on LAYER met5 = 1853 um.
Total number of vias = 263870.
Up-via summary (total 263870):

-------------------------
 FR_MASTERSLICE         0
            li1    111370
           met1    126422
           met2     19533
           met3      6458
           met4        87
-------------------------
               263870


[INFO DRT-0267] cpu time = 00:05:55, elapsed time = 00:00:31, memory = 4831.59 (MB), peak = 6822.32 (MB)

[INFO DRT-0180] Post processing.
[INFO DRT-0501] Runtime: 58.47s
[INFO ANT-0002] Found 0 net violations.
[INFO ANT-0001] Found 0 pin violations.
[INFO ANT-0002] Found 0 net violations.
[INFO ANT-0001] Found 0 pin violations.
Design area 279752 um^2 58% utilization.
write_db /work/results/sky130hd/m7_j2/d3_p20p0/5_2_route.odb
Elapsed time: 24:00.62[h:]min:sec. CPU time: user 15521.78 sys 65.07 (1081%). Peak memory: 6986060KB.
Log                       Ext     Elapsed/s Peak Memory/MB sha1sum result [0:20)
5_2_route                 .odb         1440           6822 7e76a50f319d42d897d2
/OpenROAD-flow-scripts/flow/scripts/flow.sh 5_3_fillcell fillcell
Running fillcell.tcl, stage 5_3_fillcell
read_liberty /OpenROAD-flow-scripts/flow/platforms/sky130hd/lib/sky130_fd_sc_hd__tt_025C_1v80.lib
read_db -hier /work/results/sky130hd/m7_j2/d3_p20p0/5_2_route.odb
[WARNING ORD-0012] Hierarchical flow (-hier) is currently in development and may cause multiple issues. Do not use in production environments.
read_sdc /work/results/sky130hd/m7_j2/d3_p20p0/5_1_grt.sdc
source /OpenROAD-flow-scripts/flow/platforms/sky130hd/setRC.tcl
[WARNING STA-0450] virtual clock vclk_core_clock can not be propagated.
filler_placement "sky130_fd_sc_hd__fill_1 sky130_fd_sc_hd__fill_2 sky130_fd_sc_hd__fill_4 sky130_fd_sc_hd__fill_8"
[INFO DPL-0001] Placed 43538 filler instances.
Design area 279752 um^2 58% utilization.
write_db /work/results/sky130hd/m7_j2/d3_p20p0/5_3_fillcell.odb
Elapsed time: 0:01.03[h:]min:sec. CPU time: user 0.88 sys 0.15 (99%). Peak memory: 304964KB.
Log                       Ext     Elapsed/s Peak Memory/MB sha1sum result [0:20)
5_3_fillcell              .odb            1            297 9068cb78205f52fb9e83
cp /work/results/sky130hd/m7_j2/d3_p20p0/5_3_fillcell.odb /work/results/sky130hd/m7_j2/d3_p20p0/5_route.odb
cp /work/results/sky130hd/m7_j2/d3_p20p0/5_1_grt.sdc /work/results/sky130hd/m7_j2/d3_p20p0/5_route.sdc
/OpenROAD-flow-scripts/flow/scripts/flow.sh 6_1_fill density_fill
Running density_fill.tcl, stage 6_1_fill
read_liberty /OpenROAD-flow-scripts/flow/platforms/sky130hd/lib/sky130_fd_sc_hd__tt_025C_1v80.lib
read_db -hier /work/results/sky130hd/m7_j2/d3_p20p0/5_route.odb
[WARNING ORD-0012] Hierarchical flow (-hier) is currently in development and may cause multiple issues. Do not use in production environments.
read_sdc /work/results/sky130hd/m7_j2/d3_p20p0/5_route.sdc
source /OpenROAD-flow-scripts/flow/platforms/sky130hd/setRC.tcl
exec cp /work/results/sky130hd/m7_j2/d3_p20p0/5_route.odb /work/results/sky130hd/m7_j2/d3_p20p0/6_1_fill.odb
Elapsed time: 0:00.64[h:]min:sec. CPU time: user 0.50 sys 0.13 (99%). Peak memory: 247560KB.
Log                       Ext     Elapsed/s Peak Memory/MB sha1sum result [0:20)
6_1_fill                  .odb            0            241 9068cb78205f52fb9e83
cp /work/results/sky130hd/m7_j2/d3_p20p0/5_route.sdc /work/results/sky130hd/m7_j2/d3_p20p0/6_1_fill.sdc
/OpenROAD-flow-scripts/flow/scripts/flow.sh 6_report final_report
Running final_report.tcl, stage 6_report
read_liberty /OpenROAD-flow-scripts/flow/platforms/sky130hd/lib/sky130_fd_sc_hd__tt_025C_1v80.lib
read_db -hier /work/results/sky130hd/m7_j2/d3_p20p0/6_1_fill.odb
[WARNING ORD-0012] Hierarchical flow (-hier) is currently in development and may cause multiple issues. Do not use in production environments.
read_sdc /work/results/sky130hd/m7_j2/d3_p20p0/6_1_fill.sdc
source /OpenROAD-flow-scripts/flow/platforms/sky130hd/setRC.tcl
[WARNING STA-0450] virtual clock vclk_core_clock can not be propagated.
write_db /work/results/sky130hd/m7_j2/d3_p20p0/6_final.odb
write_sdc -no_timestamp /work/results/sky130hd/m7_j2/d3_p20p0/6_final.sdc
Deleted 0 routing obstructions
Warning: master sky130_ef_sc_hd__decap_12 has signal pins but no liberty cell
[INFO RCX-0431] Defined process_corner X with ext_model_index 0
[INFO RCX-0029] Defined extraction corner X
[WARNING RCX-0514] The ext_model_file option is deprecated. Use set_extraction_rules_file command instead.
[INFO RCX-0435] Reading extraction model file /OpenROAD-flow-scripts/flow/platforms/sky130hd/rcx_patterns.rules ...
[INFO RCX-0436] RC segment generation m7_ppa_j2_top (max_merge_res 50.0) ...
[INFO RCX-0040] Final 142135 rc segments
[INFO RCX-0439] Coupling Cap extraction m7_ppa_j2_top ...
[INFO RCX-0440] Coupling threshhold is 0.1000 fF, coupling capacitance less than 0.1000 fF will be grounded.
[INFO RCX-0442] 52% of 301761 wires extracted
[INFO RCX-0442] 100% of 301761 wires extracted
[INFO RCX-0045] Extract 31266 nets, 173327 rsegs, 173327 caps, 379207 ccs
[INFO RCX-0443] 31266 nets finished
[INFO PSM-0040] All shapes on net VDD are connected.
########## IR report #################
Net              : VDD
Corner           : default
Total power      : 6.50e-02 W
Supply voltage   : 1.80e+00 V
Worstcase voltage: 1.80e+00 V
Average voltage  : 1.80e+00 V
Average IR drop  : 2.76e-05 V
Worstcase IR drop: 1.50e-03 V
Percentage drop  : 0.08 %
######################################
[INFO PSM-0040] All shapes on net VSS are connected.
########## IR report #################
Net              : VSS
Corner           : default
Total power      : 6.50e-02 W
Supply voltage   : 0.00e+00 V
Worstcase voltage: 1.40e-03 V
Average voltage  : 2.60e-05 V
Average IR drop  : 2.60e-05 V
Worstcase IR drop: 1.40e-03 V
Percentage drop  : 0.08 %
######################################
Cell type report:                       Count       Area
  Fill cell                             43538  202660.62
  Tap cell                               6425    8038.96
  Antenna cell                            173     432.92
  Clock buffer                            383    8967.35
  Timing Repair Buffer                   1498   12456.95
  Inverter                                488    1835.51
  Clock inverter                          242    3074.20
  Sequential cell                        2882   74214.93
  Multi-Input combinational cell        25861  170731.24
  Total                                 81490  482412.67
Report metrics stage 6, finish...

==========================================================================
finish report_design_area
--------------------------------------------------------------------------
Design area 279752 um^2 58% utilization.
[WARNING GUI-0076] QStandardPaths: XDG_RUNTIME_DIR not set, defaulting to '/tmp/runtime-'
Elapsed time: 0:24.83[h:]min:sec. CPU time: user 43.89 sys 7.49 (206%). Peak memory: 818464KB.
Log                       Ext     Elapsed/s Peak Memory/MB sha1sum result [0:20)
6_report                                 24            799                  N/A
cp /OpenROAD-flow-scripts/flow/platforms/sky130hd/lef/sky130_fd_sc_hd.tlef /work/objects/sky130hd/m7_j2/d3_p20p0/klayout_tech.lef
/usr/bin/python3 /OpenROAD-flow-scripts/flow/util/generate_klayout_tech.py \
	--template /OpenROAD-flow-scripts/flow/platforms/sky130hd/sky130hd.lyt \
	--output /work/objects/sky130hd/m7_j2/d3_p20p0/klayout.lyt \
	--lef-files /work/objects/sky130hd/m7_j2/d3_p20p0/klayout_tech.lef /OpenROAD-flow-scripts/flow/platforms/sky130hd/lef/sky130_fd_sc_hd_merged.lef   \
	--map-files 
/usr/bin/python3 /OpenROAD-flow-scripts/flow/scripts/run_command.py --log /work/logs/sky130hd/m7_j2/d3_p20p0/6_1_merge.log --tee -- \
        /OpenROAD-flow-scripts/flow/scripts/klayout.sh -zz -rd design_name=m7_ppa_j2_top \
        -rd in_def=/work/results/sky130hd/m7_j2/d3_p20p0/6_final.def \
        -rd in_files="/OpenROAD-flow-scripts/flow/platforms/sky130hd/gds/sky130_fd_sc_hd.gds  " \
        -rd seal_file="" \
        -rd out_file=/work/results/sky130hd/m7_j2/d3_p20p0/6_1_merged.gds \
        -rd tech_file=/work/objects/sky130hd/m7_j2/d3_p20p0/klayout.lyt \
        -rd layer_map= \
        -r /OpenROAD-flow-scripts/flow/util/def2stream.py
KLayout 0.30.7
[INFO] Reporting cells prior to loading DEF ...
	/OpenROAD-flow-scripts/flow/platforms/sky130hd/gds/sky130_fd_sc_hd.gds
[INFO] All LEF cells have matching GDS/OAS cells
[INFO] No orphan cells in the final layout
Elapsed time: 0:02.58[h:]min:sec. CPU time: user 2.32 sys 0.22 (98%). Peak memory: 592372KB.
cp /work/results/sky130hd/m7_j2/d3_p20p0/6_1_merged.gds /work/results/sky130hd/m7_j2/d3_p20p0/6_final.gds
/work/logs/sky130hd/m7_j2/d3_p20p0
Log                       Ext     Elapsed/s Peak Memory/MB sha1sum result [0:20)
1_1_yosys_canonicalize    .rtlil          0             75 d40af4aa009b22529a24
1_2_yosys                 .v             58            274 4186e118c1ac1eebe227
1_2_yosys                 .sdc                             a56667f6ad0d463e0909
1_synth                   .odb            0            207 bca5473cccb633fab1d2
1_synth                   .sdc                             18625a46dca3efa72ee5
2_1_floorplan             .odb            5            259 25b9fd6b8c42d13c40e8
2_1_floorplan             .sdc                             18625a46dca3efa72ee5
2_2_floorplan_macro       .odb            0            188 25b9fd6b8c42d13c40e8
2_3_floorplan_tapcell     .odb            0            174 7977e7957170b124bfd3
2_4_floorplan_pdn         .odb            0            215 7a93d90fa89b25b5df6f
3_1_place_gp_skip_io      .odb           31            240 4d07dd4941c88f04ade8
3_2_place_iop             .odb            0            197 c3d8a5e6fbcc520c4157
3_3_place_gp              .odb          213            605 503322302c11b4c7e8c3
3_4_place_resized         .odb           13            396 c2d70eb267116056c2fc
3_5_place_dp              .odb           15            422 60fa4f7c3a3ed65aae5b
4_1_cts                   .odb           15            492 0746d76a509b3d5722dd
5_1_grt                   .odb           51           1068 17ea6209cb83da76ceec
5_1_grt                   .sdc                             5dd147e8039c9959d288
5_2_route                 .odb         1440           6822 7e76a50f319d42d897d2
5_3_fillcell              .odb            1            297 9068cb78205f52fb9e83
6_1_fill                  .odb            0            241 9068cb78205f52fb9e83
6_1_fill                  .sdc                             5dd147e8039c9959d288
6_1_merge                                 2            578                  N/A
6_report                                 24            799                  N/A
Total                                  1868           6822                     
END_UTC=2026-08-13T13:50:42Z
ELAPSED_SEC=1886
EXIT_CODE=0
