CONTINUE_UTC=2026-08-12T18:27:05Z
FROM=full_make_resume
OPENROAD: /OpenROAD-flow-scripts/tools/OpenROAD
mkdir -p /work/results/sky130hd/m7_j2/p13p0/
echo 13.0 > /work/results/sky130hd/m7_j2/p13p0/clock_period.txt
/OpenROAD-flow-scripts/flow/scripts/synth.sh /OpenROAD-flow-scripts/flow/scripts/synth_canonicalize.tcl /work/logs/sky130hd/m7_j2/p13p0/1_1_yosys_canonicalize.log
Using ABC speed script.
Extracting clock period from SDC file: /work/results/sky130hd/m7_j2/p13p0/clock_period.txt
Setting clock period to 13.0
1. Executing Liberty frontend: /OpenROAD-flow-scripts/flow/platforms/sky130hd/lib/sky130_fd_sc_hd__tt_025C_1v80.lib
2. Executing Liberty frontend: /OpenROAD-flow-scripts/flow/platforms/sky130hd/lib/sky130_fd_sc_hd__tt_025C_1v80.lib
3. Executing SLANG frontend.
3.1. Executing PROC_CLEAN pass (remove empty switches from decision trees).
3.2. Executing TRIBUF pass.
3.3. Executing PROC_RMDEAD pass (remove dead branches from decision trees).
3.4. Executing PROC_PRUNE pass (remove redundant assignments in processes).
3.5. Executing PROC_INIT pass (extract init attributes).
3.6. Executing PROC_ROM pass (convert switches to ROMs).
3.7. Executing PROC_MUX pass (convert decision trees to multiplexers).
3.8. Executing PROC_CLEAN pass (remove empty switches from decision trees).
3.9. Executing OPT_EXPR pass (perform const folding).
4. Executing HIERARCHY pass (managing design hierarchy).
4.1. Analyzing design hierarchy..
4.2. Analyzing design hierarchy..
5. Executing OPT_CLEAN pass (remove unused cells and wires).
6. Executing RTLIL backend.
End of script. Logfile hash: e848d0b34a, time: 0.34s, user: 0.33s, system: 0.04s, MEM: 74.80 MB peak
Yosys 0.68+post (git sha1 UNKNOWN, Release, GNU /usr/local/bin/wrapped-cc/g++ 11.4.0)
Time spent: 35% 2x read_slang (0 sec), 19% 4x read_liberty (0 sec), ...
Elapsed time: 0:00.35[h:]min:sec. CPU time: user 0.35 sys 0.05 (114%). Peak memory: 76596KB.
Log                       Ext     Elapsed/s Peak Memory/MB sha1sum result [0:20)
1_1_yosys_canonicalize    .rtlil          0             74 d40af4aa009b22529a24
/OpenROAD-flow-scripts/flow/scripts/synth.sh /OpenROAD-flow-scripts/flow/scripts/synth.tcl /work/logs/sky130hd/m7_j2/p13p0/1_2_yosys.log
Using ABC speed script.
Extracting clock period from SDC file: /work/results/sky130hd/m7_j2/p13p0/clock_period.txt
Setting clock period to 13.0
1. Executing RTLIL frontend.
2. Executing HIERARCHY pass (managing design hierarchy).
2.1. Analyzing design hierarchy..
2.2. Analyzing design hierarchy..
3. Executing SYNTH pass.
3.1. Executing HIERARCHY pass (managing design hierarchy).
3.1.1. Analyzing design hierarchy..
3.1.2. Analyzing design hierarchy..
3.2. Executing PROC pass (convert processes to netlists).
3.2.1. Executing PROC_CLEAN pass (remove empty switches from decision trees).
3.2.2. Executing PROC_RMDEAD pass (remove dead branches from decision trees).
3.2.3. Executing PROC_PRUNE pass (remove redundant assignments in processes).
3.2.4. Executing PROC_INIT pass (extract init attributes).
3.2.5. Executing PROC_ARST pass (detect async resets in processes).
3.2.6. Executing PROC_ROM pass (convert switches to ROMs).
3.2.7. Executing PROC_MUX pass (convert decision trees to multiplexers).
3.2.8. Executing PROC_DLATCH pass (convert process syncs to latches).
3.2.9. Executing PROC_DFF pass (convert process syncs to FFs).
3.2.10. Executing PROC_MEMWR pass (convert process memory writes to cells).
3.2.11. Executing PROC_CLEAN pass (remove empty switches from decision trees).
3.2.12. Executing OPT_EXPR pass (perform const folding).
3.3. Executing CHECK pass (checking for obvious problems).
3.4. Executing FLATTEN pass (flatten design).
3.5. Executing OPT_EXPR pass (perform const folding).
3.6. Executing OPT_CLEAN pass (remove unused cells and wires).
3.7. Executing CHECK pass (checking for obvious problems).
3.8. Executing OPT pass (performing simple optimizations).
3.8.1. Executing OPT_EXPR pass (perform const folding).
3.8.2. Executing OPT_MERGE pass (detect identical cells).
3.8.3. Executing OPT_MUXTREE pass (detect dead branches in mux trees).
3.8.4. Executing OPT_REDUCE pass (consolidate $*mux and $reduce_* inputs).
3.8.5. Executing OPT_MERGE pass (detect identical cells).
3.8.6. Executing OPT_DFF pass (perform DFF optimizations).
3.8.7. Executing OPT_CLEAN pass (remove unused cells and wires).
3.8.8. Executing OPT_EXPR pass (perform const folding).
3.8.9. Rerunning OPT passes. (Maybe there is more to do..)
3.8.10. Executing OPT_MUXTREE pass (detect dead branches in mux trees).
3.8.11. Executing OPT_REDUCE pass (consolidate $*mux and $reduce_* inputs).
3.8.12. Executing OPT_MERGE pass (detect identical cells).
3.8.13. Executing OPT_DFF pass (perform DFF optimizations).
3.8.14. Executing OPT_CLEAN pass (remove unused cells and wires).
3.8.15. Executing OPT_EXPR pass (perform const folding).
3.8.16. Rerunning OPT passes. (Maybe there is more to do..)
3.8.17. Executing OPT_MUXTREE pass (detect dead branches in mux trees).
3.8.18. Executing OPT_REDUCE pass (consolidate $*mux and $reduce_* inputs).
3.8.19. Executing OPT_MERGE pass (detect identical cells).
3.8.20. Executing OPT_DFF pass (perform DFF optimizations).
3.8.21. Executing OPT_CLEAN pass (remove unused cells and wires).
3.8.22. Executing OPT_EXPR pass (perform const folding).
3.8.23. Finished fast OPT passes. (There is nothing left to do.)
3.9. Executing FSM pass (extract and optimize FSM).
3.9.1. Executing FSM_DETECT pass (finding FSMs in design).
3.9.2. Executing FSM_EXTRACT pass (extracting FSM from design).
3.9.3. Executing FSM_OPT pass (simple optimizations of FSMs).
3.9.4. Executing OPT_CLEAN pass (remove unused cells and wires).
3.9.5. Executing FSM_OPT pass (simple optimizations of FSMs).
3.9.6. Executing FSM_RECODE pass (re-assigning FSM state encoding).
3.9.7. Executing FSM_INFO pass (dumping all available information on FSM cells).
3.9.8. Executing FSM_MAP pass (mapping FSMs to basic logic).
3.10. Executing OPT pass (performing simple optimizations).
3.10.1. Executing OPT_EXPR pass (perform const folding).
3.10.2. Executing OPT_MERGE pass (detect identical cells).
3.10.3. Executing OPT_MUXTREE pass (detect dead branches in mux trees).
3.10.4. Executing OPT_REDUCE pass (consolidate $*mux and $reduce_* inputs).
3.10.5. Executing OPT_MERGE pass (detect identical cells).
3.10.6. Executing OPT_DFF pass (perform DFF optimizations).
3.10.7. Executing OPT_CLEAN pass (remove unused cells and wires).
3.10.8. Executing OPT_EXPR pass (perform const folding).
3.10.9. Rerunning OPT passes. (Maybe there is more to do..)
3.10.10. Executing OPT_MUXTREE pass (detect dead branches in mux trees).
3.10.11. Executing OPT_REDUCE pass (consolidate $*mux and $reduce_* inputs).
3.10.12. Executing OPT_MERGE pass (detect identical cells).
3.10.13. Executing OPT_DFF pass (perform DFF optimizations).
3.10.14. Executing OPT_CLEAN pass (remove unused cells and wires).
3.10.15. Executing OPT_EXPR pass (perform const folding).
3.10.16. Rerunning OPT passes. (Maybe there is more to do..)
3.10.17. Executing OPT_MUXTREE pass (detect dead branches in mux trees).
3.10.18. Executing OPT_REDUCE pass (consolidate $*mux and $reduce_* inputs).
3.10.19. Executing OPT_MERGE pass (detect identical cells).
3.10.20. Executing OPT_DFF pass (perform DFF optimizations).
3.10.21. Executing OPT_CLEAN pass (remove unused cells and wires).
3.10.22. Executing OPT_EXPR pass (perform const folding).
3.10.23. Rerunning OPT passes. (Maybe there is more to do..)
3.10.24. Executing OPT_MUXTREE pass (detect dead branches in mux trees).
3.10.25. Executing OPT_REDUCE pass (consolidate $*mux and $reduce_* inputs).
3.10.26. Executing OPT_MERGE pass (detect identical cells).
3.10.27. Executing OPT_DFF pass (perform DFF optimizations).
3.10.28. Executing OPT_CLEAN pass (remove unused cells and wires).
3.10.29. Executing OPT_EXPR pass (perform const folding).
3.10.30. Rerunning OPT passes. (Maybe there is more to do..)
3.10.31. Executing OPT_MUXTREE pass (detect dead branches in mux trees).
3.10.32. Executing OPT_REDUCE pass (consolidate $*mux and $reduce_* inputs).
3.10.33. Executing OPT_MERGE pass (detect identical cells).
3.10.34. Executing OPT_DFF pass (perform DFF optimizations).
3.10.35. Executing OPT_CLEAN pass (remove unused cells and wires).
3.10.36. Executing OPT_EXPR pass (perform const folding).
3.10.37. Finished fast OPT passes. (There is nothing left to do.)
3.11. Executing WREDUCE pass (reducing word size of cells).
3.12. Executing PEEPOPT pass (run peephole optimizers).
3.13. Executing OPT_CLEAN pass (remove unused cells and wires).
3.14. Executing ALUMACC pass (create $alu and $macc cells).
3.15. Executing SHARE pass (SAT-based resource sharing).
3.16. Executing OPT pass (performing simple optimizations).
3.16.1. Executing OPT_EXPR pass (perform const folding).
3.16.2. Executing OPT_MERGE pass (detect identical cells).
3.16.3. Executing OPT_MUXTREE pass (detect dead branches in mux trees).
3.16.4. Executing OPT_REDUCE pass (consolidate $*mux and $reduce_* inputs).
3.16.5. Executing OPT_MERGE pass (detect identical cells).
3.16.6. Executing OPT_DFF pass (perform DFF optimizations).
3.16.7. Executing OPT_CLEAN pass (remove unused cells and wires).
3.16.8. Executing OPT_EXPR pass (perform const folding).
3.16.9. Rerunning OPT passes. (Maybe there is more to do..)
3.16.10. Executing OPT_MUXTREE pass (detect dead branches in mux trees).
3.16.11. Executing OPT_REDUCE pass (consolidate $*mux and $reduce_* inputs).
3.16.12. Executing OPT_MERGE pass (detect identical cells).
3.16.13. Executing OPT_DFF pass (perform DFF optimizations).
3.16.14. Executing OPT_CLEAN pass (remove unused cells and wires).
3.16.15. Executing OPT_EXPR pass (perform const folding).
3.16.16. Finished fast OPT passes. (There is nothing left to do.)
3.17. Executing MEMORY pass.
3.17.1. Executing OPT_MEM pass (optimize memories).
3.17.2. Executing OPT_MEM_PRIORITY pass (removing unnecessary memory write priority relations).
3.17.3. Executing OPT_MEM_FEEDBACK pass (finding memory read-to-write feedback paths).
3.17.4. Executing MEMORY_BMUX2ROM pass (converting muxes to ROMs).
3.17.5. Executing MEMORY_DFF pass (merging $dff cells to $memrd).
3.17.6. Executing OPT_CLEAN pass (remove unused cells and wires).
3.17.7. Executing MEMORY_SHARE pass (consolidating $memrd/$memwr cells).
3.17.8. Executing OPT_MEM_WIDEN pass (optimize memories where all ports are wide).
3.17.9. Executing OPT_CLEAN pass (remove unused cells and wires).
3.17.10. Executing MEMORY_COLLECT pass (generating $mem cells).
3.18. Executing OPT_CLEAN pass (remove unused cells and wires).
4. Executing TECHMAP pass (map to technology primitives).
4.1. Executing Verilog-2005 frontend: /OpenROAD-flow-scripts/tools/install/yosys/bin/../share/yosys/techmap.v
4.2. Continuing TECHMAP pass.
5. Generating architectural options for $alu
5.1. Executing WRAPCELL pass. (wrap selected cells)
5.2. Executing TECHMAP pass (map to technology primitives).
5.2.1. Executing Verilog-2005 frontend: /OpenROAD-flow-scripts/tools/install/yosys/bin/../share/yosys/techmap.v
5.2.2. Executing Verilog-2005 frontend: /OpenROAD-flow-scripts/tools/install/yosys/bin/../share/yosys/choices/han-carlson.v
5.2.3. Continuing TECHMAP pass.
Warning: Latch inferred for signal `$paramod\_80_lcu_han_carlson\WIDTH=32'00000000000000000000000000100001.\j [4:0]' from process `$paramod\_80_lcu_han_carlson\WIDTH=32'00000000000000000000000000100001.$proc$/OpenROAD-flow-scripts/tools/install/yosys/bin/../share/yosys/choices/han-carlson.v:18$86422': $auto$proc_dlatch.cc:545:proc_dlatch$87682
Warning: Latch inferred for signal `$paramod\_80_lcu_han_carlson\WIDTH=32'00000000000000000000000000100001.\j [31:5]' from process `$paramod\_80_lcu_han_carlson\WIDTH=32'00000000000000000000000000100001.$proc$/OpenROAD-flow-scripts/tools/install/yosys/bin/../share/yosys/choices/han-carlson.v:18$86422': $auto$proc_dlatch.cc:547:proc_dlatch$87685
Warning: Latch inferred for signal `$paramod\_80_lcu_han_carlson\WIDTH=32'00000000000000000000000000100010.\j [4:0]' from process `$paramod\_80_lcu_han_carlson\WIDTH=32'00000000000000000000000000100010.$proc$/OpenROAD-flow-scripts/tools/install/yosys/bin/../share/yosys/choices/han-carlson.v:18$88210': $auto$proc_dlatch.cc:545:proc_dlatch$89530
Warning: Latch inferred for signal `$paramod\_80_lcu_han_carlson\WIDTH=32'00000000000000000000000000100010.\j [31:5]' from process `$paramod\_80_lcu_han_carlson\WIDTH=32'00000000000000000000000000100010.$proc$/OpenROAD-flow-scripts/tools/install/yosys/bin/../share/yosys/choices/han-carlson.v:18$88210': $auto$proc_dlatch.cc:547:proc_dlatch$89533
Warning: Latch inferred for signal `$paramod\_80_lcu_han_carlson\WIDTH=32'00000000000000000000000000100000.\j [3:0]' from process `$paramod\_80_lcu_han_carlson\WIDTH=32'00000000000000000000000000100000.$proc$/OpenROAD-flow-scripts/tools/install/yosys/bin/../share/yosys/choices/han-carlson.v:18$90040': $auto$proc_dlatch.cc:545:proc_dlatch$91267
Warning: Latch inferred for signal `$paramod\_80_lcu_han_carlson\WIDTH=32'00000000000000000000000000100000.\j [31:4]' from process `$paramod\_80_lcu_han_carlson\WIDTH=32'00000000000000000000000000100000.$proc$/OpenROAD-flow-scripts/tools/install/yosys/bin/../share/yosys/choices/han-carlson.v:18$90040': $auto$proc_dlatch.cc:547:proc_dlatch$91270
5.3. Executing TECHMAP pass (map to technology primitives).
5.3.1. Executing Verilog-2005 frontend: /OpenROAD-flow-scripts/tools/install/yosys/bin/../share/yosys/techmap.v
5.3.2. Executing Verilog-2005 frontend: /OpenROAD-flow-scripts/tools/install/yosys/bin/../share/yosys/choices/kogge-stone.v
5.3.3. Continuing TECHMAP pass.
5.4. Executing TECHMAP pass (map to technology primitives).
5.4.1. Executing Verilog-2005 frontend: /OpenROAD-flow-scripts/tools/install/yosys/bin/../share/yosys/techmap.v
5.4.2. Executing Verilog-2005 frontend: /OpenROAD-flow-scripts/tools/install/yosys/bin/../share/yosys/choices/sklansky.v
5.4.3. Continuing TECHMAP pass.
5.5. Executing TECHMAP pass (map to technology primitives).
5.5.1. Executing Verilog-2005 frontend: /OpenROAD-flow-scripts/tools/install/yosys/bin/../share/yosys/techmap.v
5.5.2. Continuing TECHMAP pass.
6. Generating architectural options for $macc
6.1. Executing WRAPCELL pass. (wrap selected cells)
6.2. Executing TECHMAP pass (map to technology primitives).
6.2.1. Executing Verilog-2005 frontend: /OpenROAD-flow-scripts/tools/install/yosys/bin/../share/yosys/techmap.v
6.2.2. Executing Verilog-2005 frontend: /OpenROAD-flow-scripts/flow/scripts/synth_wrap_operators-booth.v
6.2.3. Continuing TECHMAP pass.
6.3. Executing TECHMAP pass (map to technology primitives).
6.3.1. Executing Verilog-2005 frontend: /OpenROAD-flow-scripts/tools/install/yosys/bin/../share/yosys/techmap.v
6.3.2. Executing Verilog-2005 frontend: /OpenROAD-flow-scripts/tools/install/yosys/bin/../share/yosys/choices/han-carlson.v
6.3.3. Continuing TECHMAP pass.
7. Executing OPT pass (performing simple optimizations).
7.1. Executing OPT_EXPR pass (perform const folding).
7.2. Executing OPT_MERGE pass (detect identical cells).
7.3. Executing OPT_DFF pass (perform DFF optimizations).
7.4. Executing OPT_CLEAN pass (remove unused cells and wires).
7.5. Rerunning OPT passes. (Removed registers in this run.)
7.6. Executing OPT_EXPR pass (perform const folding).
7.7. Executing OPT_MERGE pass (detect identical cells).
7.8. Executing OPT_DFF pass (perform DFF optimizations).
7.9. Executing OPT_CLEAN pass (remove unused cells and wires).
7.10. Rerunning OPT passes. (Removed registers in this run.)
7.11. Executing OPT_EXPR pass (perform const folding).
7.12. Executing OPT_MERGE pass (detect identical cells).
7.13. Executing OPT_DFF pass (perform DFF optimizations).
7.14. Executing OPT_CLEAN pass (remove unused cells and wires).
7.15. Finished fast OPT passes.
8. Executing MEMORY_MAP pass (converting memories to logic and flip-flops).
9. Executing OPT pass (performing simple optimizations).
9.1. Executing OPT_EXPR pass (perform const folding).
9.2. Executing OPT_MERGE pass (detect identical cells).
9.3. Executing OPT_MUXTREE pass (detect dead branches in mux trees).
9.4. Executing OPT_REDUCE pass (consolidate $*mux and $reduce_* inputs).
9.5. Executing OPT_MERGE pass (detect identical cells).
9.6. Executing OPT_SHARE pass.
9.7. Executing OPT_DFF pass (perform DFF optimizations).
9.8. Executing OPT_CLEAN pass (remove unused cells and wires).
9.9. Executing OPT_EXPR pass (perform const folding).
9.10. Rerunning OPT passes. (Maybe there is more to do..)
9.11. Executing OPT_MUXTREE pass (detect dead branches in mux trees).
9.12. Executing OPT_REDUCE pass (consolidate $*mux and $reduce_* inputs).
9.13. Executing OPT_MERGE pass (detect identical cells).
9.14. Executing OPT_SHARE pass.
9.15. Executing OPT_DFF pass (perform DFF optimizations).
9.16. Executing OPT_CLEAN pass (remove unused cells and wires).
9.17. Executing OPT_EXPR pass (perform const folding).
9.18. Rerunning OPT passes. (Maybe there is more to do..)
9.19. Executing OPT_MUXTREE pass (detect dead branches in mux trees).
9.20. Executing OPT_REDUCE pass (consolidate $*mux and $reduce_* inputs).
9.21. Executing OPT_MERGE pass (detect identical cells).
9.22. Executing OPT_SHARE pass.
9.23. Executing OPT_DFF pass (perform DFF optimizations).
9.24. Executing OPT_CLEAN pass (remove unused cells and wires).
9.25. Executing OPT_EXPR pass (perform const folding).
9.26. Finished fast OPT passes. (There is nothing left to do.)
10. Executing TECHMAP pass (map to technology primitives).
10.1. Executing Verilog-2005 frontend: /OpenROAD-flow-scripts/tools/install/yosys/bin/../share/yosys/techmap.v
10.2. Executing Verilog-2005 frontend: /OpenROAD-flow-scripts/tools/install/yosys/bin/../share/yosys/choices/han-carlson.v
10.3. Continuing TECHMAP pass.
Warning: Latch inferred for signal `$paramod\_80_lcu_han_carlson\WIDTH=32'00000000000000000000000000000001.\j' from process `$paramod\_80_lcu_han_carlson\WIDTH=32'00000000000000000000000000000001.$proc$/OpenROAD-flow-scripts/tools/install/yosys/bin/../share/yosys/choices/han-carlson.v:18$113703': $auto$proc_dlatch.cc:545:proc_dlatch$113741
Warning: Latch inferred for signal `$paramod\_80_lcu_han_carlson\WIDTH=32'00000000000000000000000000000101.\j [1:0]' from process `$paramod\_80_lcu_han_carlson\WIDTH=32'00000000000000000000000000000101.$proc$/OpenROAD-flow-scripts/tools/install/yosys/bin/../share/yosys/choices/han-carlson.v:18$113759': $auto$proc_dlatch.cc:545:proc_dlatch$113915
Warning: Latch inferred for signal `$paramod\_80_lcu_han_carlson\WIDTH=32'00000000000000000000000000000101.\j [31:2]' from process `$paramod\_80_lcu_han_carlson\WIDTH=32'00000000000000000000000000000101.$proc$/OpenROAD-flow-scripts/tools/install/yosys/bin/../share/yosys/choices/han-carlson.v:18$113759': $auto$proc_dlatch.cc:547:proc_dlatch$113918
Warning: Latch inferred for signal `$paramod\_80_lcu_han_carlson\WIDTH=32'00000000000000000000000000000010.\j' from process `$paramod\_80_lcu_han_carlson\WIDTH=32'00000000000000000000000000000010.$proc$/OpenROAD-flow-scripts/tools/install/yosys/bin/../share/yosys/choices/han-carlson.v:18$113935': $auto$proc_dlatch.cc:545:proc_dlatch$113988
Warning: Latch inferred for signal `$paramod\_80_lcu_han_carlson\WIDTH=32'00000000000000000000000001000000.\j [4:0]' from process `$paramod\_80_lcu_han_carlson\WIDTH=32'00000000000000000000000001000000.$proc$/OpenROAD-flow-scripts/tools/install/yosys/bin/../share/yosys/choices/han-carlson.v:18$114126': $auto$proc_dlatch.cc:545:proc_dlatch$116841
Warning: Latch inferred for signal `$paramod\_80_lcu_han_carlson\WIDTH=32'00000000000000000000000001000000.\j [31:5]' from process `$paramod\_80_lcu_han_carlson\WIDTH=32'00000000000000000000000001000000.$proc$/OpenROAD-flow-scripts/tools/install/yosys/bin/../share/yosys/choices/han-carlson.v:18$114126': $auto$proc_dlatch.cc:547:proc_dlatch$116844
Warning: Latch inferred for signal `$paramod\_80_lcu_han_carlson\WIDTH=32'00000000000000000000000000011111.\j [3:0]' from process `$paramod\_80_lcu_han_carlson\WIDTH=32'00000000000000000000000000011111.$proc$/OpenROAD-flow-scripts/tools/install/yosys/bin/../share/yosys/choices/han-carlson.v:18$117171': $auto$proc_dlatch.cc:545:proc_dlatch$118347
Warning: Latch inferred for signal `$paramod\_80_lcu_han_carlson\WIDTH=32'00000000000000000000000000011111.\j [31:4]' from process `$paramod\_80_lcu_han_carlson\WIDTH=32'00000000000000000000000000011111.$proc$/OpenROAD-flow-scripts/tools/install/yosys/bin/../share/yosys/choices/han-carlson.v:18$117171': $auto$proc_dlatch.cc:547:proc_dlatch$118350
Warning: Latch inferred for signal `$paramod\_80_lcu_han_carlson\WIDTH=32'00000000000000000000000000001100.\j [2:0]' from process `$paramod\_80_lcu_han_carlson\WIDTH=32'00000000000000000000000000001100.$proc$/OpenROAD-flow-scripts/tools/install/yosys/bin/../share/yosys/choices/han-carlson.v:18$118461': $auto$proc_dlatch.cc:545:proc_dlatch$118866
Warning: Latch inferred for signal `$paramod\_80_lcu_han_carlson\WIDTH=32'00000000000000000000000000001100.\j [31:3]' from process `$paramod\_80_lcu_han_carlson\WIDTH=32'00000000000000000000000000001100.$proc$/OpenROAD-flow-scripts/tools/install/yosys/bin/../share/yosys/choices/han-carlson.v:18$118461': $auto$proc_dlatch.cc:547:proc_dlatch$118869
Warning: Latch inferred for signal `$paramod\_80_lcu_han_carlson\WIDTH=32'00000000000000000000000000011110.\j [3:0]' from process `$paramod\_80_lcu_han_carlson\WIDTH=32'00000000000000000000000000011110.$proc$/OpenROAD-flow-scripts/tools/install/yosys/bin/../share/yosys/choices/han-carlson.v:18$119066': $auto$proc_dlatch.cc:545:proc_dlatch$120209
Warning: Latch inferred for signal `$paramod\_80_lcu_han_carlson\WIDTH=32'00000000000000000000000000011110.\j [31:4]' from process `$paramod\_80_lcu_han_carlson\WIDTH=32'00000000000000000000000000011110.$proc$/OpenROAD-flow-scripts/tools/install/yosys/bin/../share/yosys/choices/han-carlson.v:18$119066': $auto$proc_dlatch.cc:547:proc_dlatch$120212
Warning: Latch inferred for signal `$paramod\_80_lcu_han_carlson\WIDTH=32'00000000000000000000000000001000.\j [1:0]' from process `$paramod\_80_lcu_han_carlson\WIDTH=32'00000000000000000000000000001000.$proc$/OpenROAD-flow-scripts/tools/install/yosys/bin/../share/yosys/choices/han-carlson.v:18$120679': $auto$proc_dlatch.cc:545:proc_dlatch$120934
Warning: Latch inferred for signal `$paramod\_80_lcu_han_carlson\WIDTH=32'00000000000000000000000000001000.\j [31:2]' from process `$paramod\_80_lcu_han_carlson\WIDTH=32'00000000000000000000000000001000.$proc$/OpenROAD-flow-scripts/tools/install/yosys/bin/../share/yosys/choices/han-carlson.v:18$120679': $auto$proc_dlatch.cc:547:proc_dlatch$120937
Warning: Latch inferred for signal `$paramod\_80_lcu_han_carlson\WIDTH=32'00000000000000000000000000000011.\j [0]' from process `$paramod\_80_lcu_han_carlson\WIDTH=32'00000000000000000000000000000011.$proc$/OpenROAD-flow-scripts/tools/install/yosys/bin/../share/yosys/choices/han-carlson.v:18$120959': $auto$proc_dlatch.cc:545:proc_dlatch$121058
Warning: Latch inferred for signal `$paramod\_80_lcu_han_carlson\WIDTH=32'00000000000000000000000000000011.\j [31:1]' from process `$paramod\_80_lcu_han_carlson\WIDTH=32'00000000000000000000000000000011.$proc$/OpenROAD-flow-scripts/tools/install/yosys/bin/../share/yosys/choices/han-carlson.v:18$120959': $auto$proc_dlatch.cc:547:proc_dlatch$121061
11. Executing OPT pass (performing simple optimizations).
11.1. Executing OPT_EXPR pass (perform const folding).
11.2. Executing OPT_MERGE pass (detect identical cells).
11.3. Executing OPT_MUXTREE pass (detect dead branches in mux trees).
11.4. Executing OPT_REDUCE pass (consolidate $*mux and $reduce_* inputs).
11.5. Executing OPT_MERGE pass (detect identical cells).
11.6. Executing OPT_DFF pass (perform DFF optimizations).
11.7. Executing OPT_CLEAN pass (remove unused cells and wires).
11.8. Executing OPT_EXPR pass (perform const folding).
11.9. Rerunning OPT passes. (Maybe there is more to do..)
11.10. Executing OPT_MUXTREE pass (detect dead branches in mux trees).
11.11. Executing OPT_REDUCE pass (consolidate $*mux and $reduce_* inputs).
11.12. Executing OPT_MERGE pass (detect identical cells).
11.13. Executing OPT_DFF pass (perform DFF optimizations).
11.14. Executing OPT_CLEAN pass (remove unused cells and wires).
11.15. Executing OPT_EXPR pass (perform const folding).
11.16. Finished fast OPT passes. (There is nothing left to do.)
12. Executing DFFLEGALIZE pass (convert FFs to types supported by the target).
13. Executing TECHMAP pass (map to technology primitives).
13.1. Executing Verilog-2005 frontend: /OpenROAD-flow-scripts/flow/platforms/sky130hd/cells_latch_hd.v
13.2. Continuing TECHMAP pass.
14. Executing DFFLIBMAP pass (mapping DFF cells to sequential cells from liberty file).
14.1. Executing DFFLEGALIZE pass (convert FFs to types supported by the target).
15. Executing OPT pass (performing simple optimizations).
15.1. Executing OPT_EXPR pass (perform const folding).
15.2. Executing OPT_MERGE pass (detect identical cells).
15.3. Executing OPT_MUXTREE pass (detect dead branches in mux trees).
15.4. Executing OPT_REDUCE pass (consolidate $*mux and $reduce_* inputs).
15.5. Executing OPT_MERGE pass (detect identical cells).
15.6. Executing OPT_DFF pass (perform DFF optimizations).
15.7. Executing OPT_CLEAN pass (remove unused cells and wires).
15.8. Executing OPT_EXPR pass (perform const folding).
15.9. Rerunning OPT passes. (Maybe there is more to do..)
15.10. Executing OPT_MUXTREE pass (detect dead branches in mux trees).
15.11. Executing OPT_REDUCE pass (consolidate $*mux and $reduce_* inputs).
15.12. Executing OPT_MERGE pass (detect identical cells).
15.13. Executing OPT_DFF pass (perform DFF optimizations).
15.14. Executing OPT_CLEAN pass (remove unused cells and wires).
15.15. Executing OPT_EXPR pass (perform const folding).
15.16. Finished fast OPT passes. (There is nothing left to do.)
16. Executing SETUNDEF pass (replace undef values with defined constants).
abc_new -liberty /OpenROAD-flow-scripts/flow/platforms/sky130hd/lib/sky130_fd_sc_hd__tt_025C_1v80.lib -dont_use sky130_fd_sc_hd__probe_p_8 -dont_use sky130_fd_sc_hd__probec_p_8 -dont_use sky130_fd_sc_hd__lpflow_bleeder_1 -dont_use sky130_fd_sc_hd__lpflow_clkbufkapwr_1 -dont_use sky130_fd_sc_hd__lpflow_clkbufkapwr_16 -dont_use sky130_fd_sc_hd__lpflow_clkbufkapwr_2 -dont_use sky130_fd_sc_hd__lpflow_clkbufkapwr_4 -dont_use sky130_fd_sc_hd__lpflow_clkbufkapwr_8 -dont_use sky130_fd_sc_hd__lpflow_clkinvkapwr_1 -dont_use sky130_fd_sc_hd__lpflow_clkinvkapwr_16 -dont_use sky130_fd_sc_hd__lpflow_clkinvkapwr_2 -dont_use sky130_fd_sc_hd__lpflow_clkinvkapwr_4 -dont_use sky130_fd_sc_hd__lpflow_clkinvkapwr_8 -dont_use sky130_fd_sc_hd__lpflow_decapkapwr_12 -dont_use sky130_fd_sc_hd__lpflow_decapkapwr_3 -dont_use sky130_fd_sc_hd__lpflow_decapkapwr_4 -dont_use sky130_fd_sc_hd__lpflow_decapkapwr_6 -dont_use sky130_fd_sc_hd__lpflow_decapkapwr_8 -dont_use sky130_fd_sc_hd__lpflow_inputiso0n_1 -dont_use sky130_fd_sc_hd__lpflow_inputiso0p_1 -dont_use sky130_fd_sc_hd__lpflow_inputiso1n_1 -dont_use sky130_fd_sc_hd__lpflow_inputiso1p_1 -dont_use sky130_fd_sc_hd__lpflow_inputisolatch_1 -dont_use sky130_fd_sc_hd__lpflow_isobufsrc_1 -dont_use sky130_fd_sc_hd__lpflow_isobufsrc_16 -dont_use sky130_fd_sc_hd__lpflow_isobufsrc_2 -dont_use sky130_fd_sc_hd__lpflow_isobufsrc_4 -dont_use sky130_fd_sc_hd__lpflow_isobufsrc_8 -dont_use sky130_fd_sc_hd__lpflow_isobufsrckapwr_16 -dont_use sky130_fd_sc_hd__lpflow_lsbuf_lh_hl_isowell_tap_1 -dont_use sky130_fd_sc_hd__lpflow_lsbuf_lh_hl_isowell_tap_2 -dont_use sky130_fd_sc_hd__lpflow_lsbuf_lh_hl_isowell_tap_4 -dont_use sky130_fd_sc_hd__lpflow_lsbuf_lh_isowell_4 -dont_use sky130_fd_sc_hd__lpflow_lsbuf_lh_isowell_tap_1 -dont_use sky130_fd_sc_hd__lpflow_lsbuf_lh_isowell_tap_2 -dont_use sky130_fd_sc_hd__lpflow_lsbuf_lh_isowell_tap_4 -constr /work/objects/sky130hd/m7_j2/p13p0/abc.constr -D 13.0
Warning: Feature 'abc_new' is experimental.
17. Executing ABC_NEW pass.
17.1. Executing ABC9_OPS pass (helper functions for ABC9).
17.2. Executing BOX_DERIVE pass. (derive modules for boxes)
17.3. Executing ABC9_OPS pass (helper functions for ABC9).
17.4. Executing ABC9_OPS pass (helper functions for ABC9).
17.5. Mapping module 'ALU_33_0_33_0_33_unused_CO_X_Y[0]_HAN_CARLSON'.
17.5.1. Executing ABC9_OPS pass (helper functions for ABC9).
Warning: Feature 'write_xaiger2' is experimental.
17.5.2. Executing XAIGER2 backend.
17.5.3. Executing ABC9_EXE pass (technology mapping using ABC9).
17.5.4. Executing ABC9.
Warning: Feature 'read_xaiger2' is experimental.
17.5.5. Executing XAIGER2 frontend.
17.6. Executing PORTARCS pass. (derive propagation arcs)
17.7. Executing ABC9_OPS pass (helper functions for ABC9).
17.8. Mapping module 'ALU_32_0_29_0_32_unused_CO[30:0]_Y_HAN_CARLSON'.
17.8.1. Executing ABC9_OPS pass (helper functions for ABC9).
17.8.2. Executing XAIGER2 backend.
17.8.3. Executing ABC9_EXE pass (technology mapping using ABC9).
17.8.4. Executing ABC9.
17.8.5. Executing XAIGER2 frontend.
17.9. Executing PORTARCS pass. (derive propagation arcs)
17.10. Executing ABC9_OPS pass (helper functions for ABC9).
17.11. Mapping module 'ALU_30_0_32_0_32_unused_CO[30:0]_X_Y_HAN_CARLSON'.
17.11.1. Executing ABC9_OPS pass (helper functions for ABC9).
17.11.2. Executing XAIGER2 backend.
17.11.3. Executing ABC9_EXE pass (technology mapping using ABC9).
17.11.4. Executing ABC9.
17.11.5. Executing XAIGER2 frontend.
17.12. Executing PORTARCS pass. (derive propagation arcs)
17.13. Executing ABC9_OPS pass (helper functions for ABC9).
17.14. Mapping module 'ALU_30_0_32_0_32_unused_CO[30:0]_Y_HAN_CARLSON'.
17.14.1. Executing ABC9_OPS pass (helper functions for ABC9).
17.14.2. Executing XAIGER2 backend.
17.14.3. Executing ABC9_EXE pass (technology mapping using ABC9).
17.14.4. Executing ABC9.
17.14.5. Executing XAIGER2 frontend.
17.15. Executing PORTARCS pass. (derive propagation arcs)
17.16. Executing ABC9_OPS pass (helper functions for ABC9).
17.17. Mapping module 'ALU_32_0_32_0_32_unused_CO[30:0]_Y_HAN_CARLSON'.
17.17.1. Executing ABC9_OPS pass (helper functions for ABC9).
17.17.2. Executing XAIGER2 backend.
17.17.3. Executing ABC9_EXE pass (technology mapping using ABC9).
17.17.4. Executing ABC9.
17.17.5. Executing XAIGER2 frontend.
17.18. Executing PORTARCS pass. (derive propagation arcs)
17.19. Executing ABC9_OPS pass (helper functions for ABC9).
17.20. Mapping module 'ALU_32_0_30_0_32_unused_CO[30:0]_Y_HAN_CARLSON'.
17.20.1. Executing ABC9_OPS pass (helper functions for ABC9).
17.20.2. Executing XAIGER2 backend.
17.20.3. Executing ABC9_EXE pass (technology mapping using ABC9).
17.20.4. Executing ABC9.
17.20.5. Executing XAIGER2 frontend.
17.21. Executing PORTARCS pass. (derive propagation arcs)
17.22. Executing ABC9_OPS pass (helper functions for ABC9).
17.23. Mapping module 'ALU_34_0_34_0_34_HAN_CARLSON'.
17.23.1. Executing ABC9_OPS pass (helper functions for ABC9).
17.23.2. Executing XAIGER2 backend.
17.23.3. Executing ABC9_EXE pass (technology mapping using ABC9).
17.23.4. Executing ABC9.
17.23.5. Executing XAIGER2 frontend.
17.24. Executing PORTARCS pass. (derive propagation arcs)
17.25. Executing ABC9_OPS pass (helper functions for ABC9).
17.26. Mapping module 'ALU_33_0_33_0_33_HAN_CARLSON'.
17.26.1. Executing ABC9_OPS pass (helper functions for ABC9).
17.26.2. Executing XAIGER2 backend.
17.26.3. Executing ABC9_EXE pass (technology mapping using ABC9).
17.26.4. Executing ABC9.
17.26.5. Executing XAIGER2 frontend.
17.27. Executing PORTARCS pass. (derive propagation arcs)
17.28. Executing ABC9_OPS pass (helper functions for ABC9).
17.29. Mapping module 'm7_ppa_j2_top'.
17.29.1. Executing ABC9_OPS pass (helper functions for ABC9).
17.29.2. Executing XAIGER2 backend.
17.29.3. Executing ABC9_EXE pass (technology mapping using ABC9).
17.29.4. Executing ABC9.
Warning: ABC: execution of command ""/OpenROAD-flow-scripts/tools/install/yosys/bin/yosys-abc" -s -f /tmp/yosys-abc-hH1Sje/abc.script 2>&1" failed: return code 134.
17.29.5. Executing XAIGER2 frontend.
17.30. Mapping module 'ALU_33_0_33_0_33_BRENT_KUNG'.
17.30.1. Executing ABC9_OPS pass (helper functions for ABC9).
17.30.2. Executing XAIGER2 backend.
17.30.3. Executing ABC9_EXE pass (technology mapping using ABC9).
17.30.4. Executing ABC9.
17.30.5. Executing XAIGER2 frontend.
17.31. Executing PORTARCS pass. (derive propagation arcs)
17.32. Executing ABC9_OPS pass (helper functions for ABC9).
17.33. Mapping module 'ALU_33_0_33_0_33_SKLANSKY'.
17.33.1. Executing ABC9_OPS pass (helper functions for ABC9).
17.33.2. Executing XAIGER2 backend.
17.33.3. Executing ABC9_EXE pass (technology mapping using ABC9).
17.33.4. Executing ABC9.
17.33.5. Executing XAIGER2 frontend.
17.34. Executing PORTARCS pass. (derive propagation arcs)
17.35. Executing ABC9_OPS pass (helper functions for ABC9).
17.36. Mapping module 'ALU_33_0_33_0_33_KOGGE_STONE'.
17.36.1. Executing ABC9_OPS pass (helper functions for ABC9).
17.36.2. Executing XAIGER2 backend.
17.36.3. Executing ABC9_EXE pass (technology mapping using ABC9).
17.36.4. Executing ABC9.
17.36.5. Executing XAIGER2 frontend.
17.37. Executing PORTARCS pass. (derive propagation arcs)
17.38. Executing ABC9_OPS pass (helper functions for ABC9).
17.39. Mapping module 'ALU_34_0_34_0_34_BRENT_KUNG'.
17.39.1. Executing ABC9_OPS pass (helper functions for ABC9).
17.39.2. Executing XAIGER2 backend.
17.39.3. Executing ABC9_EXE pass (technology mapping using ABC9).
17.39.4. Executing ABC9.
17.39.5. Executing XAIGER2 frontend.
17.40. Executing PORTARCS pass. (derive propagation arcs)
17.41. Executing ABC9_OPS pass (helper functions for ABC9).
17.42. Mapping module 'ALU_34_0_34_0_34_SKLANSKY'.
17.42.1. Executing ABC9_OPS pass (helper functions for ABC9).
17.42.2. Executing XAIGER2 backend.
17.42.3. Executing ABC9_EXE pass (technology mapping using ABC9).
17.42.4. Executing ABC9.
17.42.5. Executing XAIGER2 frontend.
17.43. Executing PORTARCS pass. (derive propagation arcs)
17.44. Executing ABC9_OPS pass (helper functions for ABC9).
17.45. Mapping module 'ALU_34_0_34_0_34_KOGGE_STONE'.
17.45.1. Executing ABC9_OPS pass (helper functions for ABC9).
17.45.2. Executing XAIGER2 backend.
17.45.3. Executing ABC9_EXE pass (technology mapping using ABC9).
17.45.4. Executing ABC9.
17.45.5. Executing XAIGER2 frontend.
17.46. Executing PORTARCS pass. (derive propagation arcs)
17.47. Executing ABC9_OPS pass (helper functions for ABC9).
17.48. Mapping module 'ALU_32_0_30_0_32_unused_CO[30:0]_Y_BRENT_KUNG'.
17.48.1. Executing ABC9_OPS pass (helper functions for ABC9).
17.48.2. Executing XAIGER2 backend.
17.48.3. Executing ABC9_EXE pass (technology mapping using ABC9).
17.48.4. Executing ABC9.
17.48.5. Executing XAIGER2 frontend.
17.49. Executing PORTARCS pass. (derive propagation arcs)
17.50. Executing ABC9_OPS pass (helper functions for ABC9).
17.51. Mapping module 'ALU_32_0_30_0_32_unused_CO[30:0]_Y_SKLANSKY'.
17.51.1. Executing ABC9_OPS pass (helper functions for ABC9).
17.51.2. Executing XAIGER2 backend.
17.51.3. Executing ABC9_EXE pass (technology mapping using ABC9).
17.51.4. Executing ABC9.
17.51.5. Executing XAIGER2 frontend.
17.52. Executing PORTARCS pass. (derive propagation arcs)
17.53. Executing ABC9_OPS pass (helper functions for ABC9).
17.54. Mapping module 'ALU_32_0_30_0_32_unused_CO[30:0]_Y_KOGGE_STONE'.
17.54.1. Executing ABC9_OPS pass (helper functions for ABC9).
17.54.2. Executing XAIGER2 backend.
17.54.3. Executing ABC9_EXE pass (technology mapping using ABC9).
17.54.4. Executing ABC9.
17.54.5. Executing XAIGER2 frontend.
17.55. Executing PORTARCS pass. (derive propagation arcs)
17.56. Executing ABC9_OPS pass (helper functions for ABC9).
17.57. Mapping module 'ALU_32_0_32_0_32_unused_CO[30:0]_Y_BRENT_KUNG'.
17.57.1. Executing ABC9_OPS pass (helper functions for ABC9).
17.57.2. Executing XAIGER2 backend.
17.57.3. Executing ABC9_EXE pass (technology mapping using ABC9).
17.57.4. Executing ABC9.
17.57.5. Executing XAIGER2 frontend.
17.58. Executing PORTARCS pass. (derive propagation arcs)
17.59. Executing ABC9_OPS pass (helper functions for ABC9).
17.60. Mapping module 'ALU_32_0_32_0_32_unused_CO[30:0]_Y_SKLANSKY'.
17.60.1. Executing ABC9_OPS pass (helper functions for ABC9).
17.60.2. Executing XAIGER2 backend.
17.60.3. Executing ABC9_EXE pass (technology mapping using ABC9).
17.60.4. Executing ABC9.
17.60.5. Executing XAIGER2 frontend.
17.61. Executing PORTARCS pass. (derive propagation arcs)
17.62. Executing ABC9_OPS pass (helper functions for ABC9).
17.63. Mapping module 'ALU_32_0_32_0_32_unused_CO[30:0]_Y_KOGGE_STONE'.
17.63.1. Executing ABC9_OPS pass (helper functions for ABC9).
17.63.2. Executing XAIGER2 backend.
17.63.3. Executing ABC9_EXE pass (technology mapping using ABC9).
17.63.4. Executing ABC9.
17.63.5. Executing XAIGER2 frontend.
17.64. Executing PORTARCS pass. (derive propagation arcs)
17.65. Executing ABC9_OPS pass (helper functions for ABC9).
17.66. Mapping module 'ALU_30_0_32_0_32_unused_CO[30:0]_Y_BRENT_KUNG'.
17.66.1. Executing ABC9_OPS pass (helper functions for ABC9).
17.66.2. Executing XAIGER2 backend.
17.66.3. Executing ABC9_EXE pass (technology mapping using ABC9).
17.66.4. Executing ABC9.
17.66.5. Executing XAIGER2 frontend.
17.67. Executing PORTARCS pass. (derive propagation arcs)
17.68. Executing ABC9_OPS pass (helper functions for ABC9).
17.69. Mapping module 'ALU_30_0_32_0_32_unused_CO[30:0]_Y_SKLANSKY'.
17.69.1. Executing ABC9_OPS pass (helper functions for ABC9).
17.69.2. Executing XAIGER2 backend.
17.69.3. Executing ABC9_EXE pass (technology mapping using ABC9).
17.69.4. Executing ABC9.
17.69.5. Executing XAIGER2 frontend.
17.70. Executing PORTARCS pass. (derive propagation arcs)
17.71. Executing ABC9_OPS pass (helper functions for ABC9).
17.72. Mapping module 'ALU_30_0_32_0_32_unused_CO[30:0]_Y_KOGGE_STONE'.
17.72.1. Executing ABC9_OPS pass (helper functions for ABC9).
17.72.2. Executing XAIGER2 backend.
17.72.3. Executing ABC9_EXE pass (technology mapping using ABC9).
17.72.4. Executing ABC9.
17.72.5. Executing XAIGER2 frontend.
17.73. Executing PORTARCS pass. (derive propagation arcs)
17.74. Executing ABC9_OPS pass (helper functions for ABC9).
17.75. Mapping module 'ALU_30_0_32_0_32_unused_CO[30:0]_X_Y_BRENT_KUNG'.
17.75.1. Executing ABC9_OPS pass (helper functions for ABC9).
17.75.2. Executing XAIGER2 backend.
17.75.3. Executing ABC9_EXE pass (technology mapping using ABC9).
17.75.4. Executing ABC9.
17.75.5. Executing XAIGER2 frontend.
17.76. Executing PORTARCS pass. (derive propagation arcs)
17.77. Executing ABC9_OPS pass (helper functions for ABC9).
17.78. Mapping module 'ALU_30_0_32_0_32_unused_CO[30:0]_X_Y_SKLANSKY'.
17.78.1. Executing ABC9_OPS pass (helper functions for ABC9).
17.78.2. Executing XAIGER2 backend.
17.78.3. Executing ABC9_EXE pass (technology mapping using ABC9).
17.78.4. Executing ABC9.
17.78.5. Executing XAIGER2 frontend.
17.79. Executing PORTARCS pass. (derive propagation arcs)
17.80. Executing ABC9_OPS pass (helper functions for ABC9).
17.81. Mapping module 'ALU_30_0_32_0_32_unused_CO[30:0]_X_Y_KOGGE_STONE'.
17.81.1. Executing ABC9_OPS pass (helper functions for ABC9).
17.81.2. Executing XAIGER2 backend.
17.81.3. Executing ABC9_EXE pass (technology mapping using ABC9).
17.81.4. Executing ABC9.
17.81.5. Executing XAIGER2 frontend.
17.82. Executing PORTARCS pass. (derive propagation arcs)
17.83. Executing ABC9_OPS pass (helper functions for ABC9).
17.84. Mapping module 'ALU_32_0_29_0_32_unused_CO[30:0]_Y_BRENT_KUNG'.
17.84.1. Executing ABC9_OPS pass (helper functions for ABC9).
17.84.2. Executing XAIGER2 backend.
17.84.3. Executing ABC9_EXE pass (technology mapping using ABC9).
17.84.4. Executing ABC9.
17.84.5. Executing XAIGER2 frontend.
17.85. Executing PORTARCS pass. (derive propagation arcs)
17.86. Executing ABC9_OPS pass (helper functions for ABC9).
17.87. Mapping module 'ALU_32_0_29_0_32_unused_CO[30:0]_Y_SKLANSKY'.
17.87.1. Executing ABC9_OPS pass (helper functions for ABC9).
17.87.2. Executing XAIGER2 backend.
17.87.3. Executing ABC9_EXE pass (technology mapping using ABC9).
17.87.4. Executing ABC9.
17.87.5. Executing XAIGER2 frontend.
17.88. Executing PORTARCS pass. (derive propagation arcs)
17.89. Executing ABC9_OPS pass (helper functions for ABC9).
17.90. Mapping module 'ALU_32_0_29_0_32_unused_CO[30:0]_Y_KOGGE_STONE'.
17.90.1. Executing ABC9_OPS pass (helper functions for ABC9).
17.90.2. Executing XAIGER2 backend.
17.90.3. Executing ABC9_EXE pass (technology mapping using ABC9).
17.90.4. Executing ABC9.
17.90.5. Executing XAIGER2 frontend.
17.91. Executing PORTARCS pass. (derive propagation arcs)
17.92. Executing ABC9_OPS pass (helper functions for ABC9).
17.93. Mapping module 'ALU_33_0_33_0_33_unused_CO_X_Y[0]_BRENT_KUNG'.
17.93.1. Executing ABC9_OPS pass (helper functions for ABC9).
17.93.2. Executing XAIGER2 backend.
17.93.3. Executing ABC9_EXE pass (technology mapping using ABC9).
17.93.4. Executing ABC9.
17.93.5. Executing XAIGER2 frontend.
17.94. Executing PORTARCS pass. (derive propagation arcs)
17.95. Executing ABC9_OPS pass (helper functions for ABC9).
17.96. Mapping module 'ALU_33_0_33_0_33_unused_CO_X_Y[0]_SKLANSKY'.
17.96.1. Executing ABC9_OPS pass (helper functions for ABC9).
17.96.2. Executing XAIGER2 backend.
17.96.3. Executing ABC9_EXE pass (technology mapping using ABC9).
17.96.4. Executing ABC9.
17.96.5. Executing XAIGER2 frontend.
17.97. Executing PORTARCS pass. (derive propagation arcs)
17.98. Executing ABC9_OPS pass (helper functions for ABC9).
17.99. Mapping module 'ALU_33_0_33_0_33_unused_CO_X_Y[0]_KOGGE_STONE'.
17.99.1. Executing ABC9_OPS pass (helper functions for ABC9).
17.99.2. Executing XAIGER2 backend.
17.99.3. Executing ABC9_EXE pass (technology mapping using ABC9).
17.99.4. Executing ABC9.
17.99.5. Executing XAIGER2 frontend.
17.100. Executing PORTARCS pass. (derive propagation arcs)
17.101. Executing ABC9_OPS pass (helper functions for ABC9).
17.102. Executing ABC9_OPS pass (helper functions for ABC9).
Took 45 seconds: abc_new -liberty /OpenROAD-flow-scripts/flow/platforms/sky130hd/lib/sky130_fd_sc_hd__tt_025C_1v80.lib -dont_use sky130_fd_sc_hd__probe_p_8 -dont_use sky130_fd_sc_hd__probec_p_8 -dont_use sky130_fd_sc_hd__lpflow_bleeder_1 -dont_use sky130_fd_sc_hd__lpflow_clkbufkapwr_1 -dont_use sky130_fd_sc_hd__lpflow_clkbufkapwr_16 -dont_use sky130_fd_sc_hd__lpflow_clkbufkapwr_2 -dont_use sky130_fd_sc_hd__lpflow_clkbufkapwr_4 -dont_use sky130_fd_sc_hd__lpflow_clkbufkapwr_8 -dont_use sky130_fd_sc_hd__lpflow_clkinvkapwr_1 -dont_use sky130_fd_sc_hd__lpflow_clkinvkapwr_16 -dont_use sky130_fd_sc_hd__lpflow_clkinvkapwr_2 -dont_use sky130_fd_sc_hd__lpflow_clkinvkapwr_4 -dont_use sky130_fd_sc_hd__lpflow_clkinvkapwr_8 -dont_use sky130_fd_sc_hd__lpflow_decapkapwr_12 -dont_use sky130_fd_sc_hd__lpflow_decapkapwr_3 -dont_use sky130_fd_sc_hd__lpflow_decapkapwr_4 -dont_use sky130_fd_sc_hd__lpflow_decapkapwr_6 -dont_use sky130_fd_sc_hd__lpflow_decapkapwr_8 -dont_use sky130_fd_sc_hd__lpflow_inputiso0n_1 -dont_use sky130_fd_sc_hd__lpflow_inputiso0p_1 -dont_use sky130_fd_sc_hd__lpflow_inputiso1n_1 -dont_use sky130_fd_sc_hd__lpflow_inputiso1p_1 -dont_use sky130_fd_sc_hd__lpflow_inputisolatch_1 -dont_use sky130_fd_sc_hd__lpflow_isobufsrc_1 -dont_use sky130_fd_sc_hd__lpflow_isobufsrc_16 -dont_use sky130_fd_sc_hd__lpflow_isobufsrc_2 -dont_use sky130_fd_sc_hd__lpflow_isobufsrc_4 -dont_use sky130_fd_sc_hd__lpflow_isobufsrc_8 -dont_use sky130_fd_sc_hd__lpflow_isobufsrckapwr_16 -dont_use sky130_fd_sc_hd__lpflow_lsbuf_lh_hl_isowell_tap_1 -dont_use sky130_fd_sc_hd__lpflow_lsbuf_lh_hl_isowell_tap_2 -dont_use sky130_fd_sc_hd__lpflow_lsbuf_lh_hl_isowell_tap_4 -dont_use sky130_fd_sc_hd__lpflow_lsbuf_lh_isowell_4 -dont_use sky130_fd_sc_hd__lpflow_lsbuf_lh_isowell_tap_1 -dont_use sky130_fd_sc_hd__lpflow_lsbuf_lh_isowell_tap_2 -dont_use sky130_fd_sc_hd__lpflow_lsbuf_lh_isowell_tap_4 -constr /work/objects/sky130hd/m7_j2/p13p0/abc.constr -D 13.0
18. Executing SPLITNETS pass (splitting up multi-bit signals).
19. Executing OPT_CLEAN pass (remove unused cells and wires).
20. Executing HILOMAP pass (mapping to constant drivers).
21. Executing INSBUF pass (insert buffer cells for connected wires).
22. Executing CHECK pass (checking for obvious problems).
23. Printing statistics.
24. Executing CHECK pass (checking for obvious problems).
25. Executing Verilog backend.
25.1. Executing BMUXMAP pass.
25.2. Executing DEMUXMAP pass.
Warnings: 26 unique messages, 26 total
Warnings: 3 experimental features used (not excluded with -x).
End of script. Logfile hash: e6f557ba5f, time: 53.63s, user: 18.15s, system: 1.20s, MEM: 269.72 MB peak
Yosys 0.68+post (git sha1 UNKNOWN, Release, GNU /usr/local/bin/wrapped-cc/g++ 11.4.0)
Time spent: 66% 33x abc9_exe (38 sec), 11% 1x abc_new (6 sec), ...
Elapsed time: 0:53.70[h:]min:sec. CPU time: user 56.42 sys 1.55 (107%). Peak memory: 277616KB.
Log                       Ext     Elapsed/s Peak Memory/MB sha1sum result [0:20)
1_2_yosys                 .v             53            271 4186e118c1ac1eebe227
1_2_yosys                 .sdc                             a56667f6ad0d463e0909
cp /repo/m7/ppa/orfs/sky130hd/constraint.sdc /work/results/sky130hd/m7_j2/p13p0/1_2_yosys.sdc
touch -r /repo/m7/ppa/orfs/sky130hd/constraint.sdc /work/results/sky130hd/m7_j2/p13p0/1_2_yosys.sdc
/OpenROAD-flow-scripts/flow/scripts/flow.sh 1_synth synth_odb
Running synth_odb.tcl, stage 1_synth
read_liberty /OpenROAD-flow-scripts/flow/platforms/sky130hd/lib/sky130_fd_sc_hd__tt_025C_1v80.lib
[INFO ODB-0227] LEF file: /OpenROAD-flow-scripts/flow/platforms/sky130hd/lef/sky130_fd_sc_hd.tlef, created 13 layers, 25 vias
[INFO ODB-0227] LEF file: /OpenROAD-flow-scripts/flow/platforms/sky130hd/lef/sky130_fd_sc_hd_merged.lef, created 441 library cells
link_design -hier m7_ppa_j2_top
[WARNING ORD-0011] Hierarchical flow (-hier) is currently in development and may cause multiple issues. Do not use in production environments.
read_sdc /work/results/sky130hd/m7_j2/p13p0/1_2_yosys.sdc
source /OpenROAD-flow-scripts/flow/platforms/sky130hd/setRC.tcl
eliminate_dead_logic
Removed 39 unused instances and 39 unused nets.
Design area 242302 um^2 100% utilization.
write_db /work/results/sky130hd/m7_j2/p13p0/1_synth.odb
write_sdc -no_timestamp /work/results/sky130hd/m7_j2/p13p0/1_synth.sdc
Elapsed time: 0:00.95[h:]min:sec. CPU time: user 0.86 sys 0.07 (97%). Peak memory: 211536KB.
Log                       Ext     Elapsed/s Peak Memory/MB sha1sum result [0:20)
1_synth                   .odb            0            206 bca5473cccb633fab1d2
1_synth                   .sdc                             1596c2ac47f4686f1ce2
/OpenROAD-flow-scripts/flow/scripts/flow.sh 2_1_floorplan floorplan
Running floorplan.tcl, stage 2_1_floorplan
read_liberty /OpenROAD-flow-scripts/flow/platforms/sky130hd/lib/sky130_fd_sc_hd__tt_025C_1v80.lib
read_db -hier /work/results/sky130hd/m7_j2/p13p0/1_synth.odb
[WARNING ORD-0012] Hierarchical flow (-hier) is currently in development and may cause multiple issues. Do not use in production environments.
read_sdc /work/results/sky130hd/m7_j2/p13p0/1_synth.sdc
source /OpenROAD-flow-scripts/flow/platforms/sky130hd/setRC.tcl
Master sky130_ef_sc_hd__decap_12 is loaded but not used in the design

==========================================================================
Floorplan check_setup
--------------------------------------------------------------------------
number instances in verilog is 28620
[INFO IFP-0107] Defining die area using utilization: 50.00% and aspect ratio: 1.
[WARNING IFP-0028] Core area lower left (1.000, 1.000) snapped to (1.380, 2.720).
[INFO IFP-0001] Added 255 rows of 1512 site unithd.
[INFO IFP-0100] Die BBox:  (  0.000  0.000 ) ( 698.135 698.135 ) um
[INFO IFP-0101] Core BBox: (  1.380  2.720 ) ( 696.900 696.320 ) um
[INFO IFP-0102] Core area:                       482412.672 um^2
[INFO IFP-0103] Total instances area:            242302.387 um^2
[INFO IFP-0104] Effective utilization:                0.502
[INFO IFP-0105] Number of instances:                  28555
source /OpenROAD-flow-scripts/flow/platforms/sky130hd/make_tracks.tcl
source /repo/m7/ppa/orfs/sky130hd/fastroute.tcl
Repair tie lo fanout...
[INFO RSZ-0042] Inserted 272 tie sky130_fd_sc_hd__conb_1 instances.
Repair tie hi fanout...
[INFO RSZ-0042] Inserted 234 tie sky130_fd_sc_hd__conb_1 instances.
replace_arith_modules -path_count 1000 -target setup -slack_threshold 0.0
[INFO RSZ-0151] Starting arithmetic module replacement to optimize 'setup' target
[INFO RSZ-0152] Analyzing 1000 critical paths with slack < 0.00
[INFO RSZ-0153] Identified 2577 violating endpoints
[INFO RSZ-0154] Identified 3 critical arithmetic instances
[INFO ODB-0496] swapMaster sanity check passed (0 failures)
[INFO ODB-0496] swapMaster sanity check passed (0 failures)
[INFO ODB-0496] swapMaster sanity check passed (0 failures)
[INFO RSZ-0160] 3 arithmetic instances have swapped to improve 'setup' target
[INFO RSZ-0026] Removed 4 buffers.
Default units for flow
 time 1ns
 capacitance 1pF
 resistance 1kohm
 voltage 1v
 current 1mA
 power 1nW
 distance 1um
   Layer   | Unit Resistance | Unit Capacitance 
           |       (kohm/um) |          (pF/um)
------------------------------------------------
       li1 |        7.18e-02 |         1.50e-04
      met1 |        1.21e-03 |         1.72e-04
      met2 |        1.22e-03 |         1.36e-04
      met3 |        1.66e-04 |         2.15e-04
      met4 |        1.68e-04 |         1.48e-04
      met5 |        1.84e-05 |         1.54e-04
------------------------------------------------

   Layer   | Via Resistance 
           |         (kohm) 
----------------------------
      mcon |       9.25e-03 
       via |       4.50e-03 
      via2 |       3.37e-03 
      via3 |       3.77e-04 
      via4 |       5.80e-06 
----------------------------
Report metrics stage 2, floorplan final...

==========================================================================
floorplan final report_design_area
--------------------------------------------------------------------------
Design area 244661 um^2 51% utilization.
write_db /work/results/sky130hd/m7_j2/p13p0/2_1_floorplan.odb
write_sdc -no_timestamp /work/results/sky130hd/m7_j2/p13p0/2_1_floorplan.sdc
Elapsed time: 0:04.67[h:]min:sec. CPU time: user 6.45 sys 4.26 (229%). Peak memory: 263448KB.
Log                       Ext     Elapsed/s Peak Memory/MB sha1sum result [0:20)
2_1_floorplan             .odb            4            257 25b9fd6b8c42d13c40e8
2_1_floorplan             .sdc                             1596c2ac47f4686f1ce2
/OpenROAD-flow-scripts/flow/scripts/flow.sh 2_2_floorplan_macro macro_place
Running macro_place.tcl, stage 2_2_floorplan_macro
read_liberty /OpenROAD-flow-scripts/flow/platforms/sky130hd/lib/sky130_fd_sc_hd__tt_025C_1v80.lib
read_db -hier /work/results/sky130hd/m7_j2/p13p0/2_1_floorplan.odb
[WARNING ORD-0012] Hierarchical flow (-hier) is currently in development and may cause multiple issues. Do not use in production environments.
read_sdc /work/results/sky130hd/m7_j2/p13p0/2_1_floorplan.sdc
source /OpenROAD-flow-scripts/flow/platforms/sky130hd/setRC.tcl
No macros found: Skipping macro_placement
Design area 244661 um^2 51% utilization.
write_db /work/results/sky130hd/m7_j2/p13p0/2_2_floorplan_macro.odb
Elapsed time: 0:00.41[h:]min:sec. CPU time: user 0.34 sys 0.06 (97%). Peak memory: 192008KB.
Log                       Ext     Elapsed/s Peak Memory/MB sha1sum result [0:20)
2_2_floorplan_macro       .odb            0            187 25b9fd6b8c42d13c40e8
/OpenROAD-flow-scripts/flow/scripts/flow.sh 2_3_floorplan_tapcell tapcell
Running tapcell.tcl, stage 2_3_floorplan_tapcell
read_liberty /OpenROAD-flow-scripts/flow/platforms/sky130hd/lib/sky130_fd_sc_hd__tt_025C_1v80.lib
read_db -hier /work/results/sky130hd/m7_j2/p13p0/2_2_floorplan_macro.odb
[WARNING ORD-0012] Hierarchical flow (-hier) is currently in development and may cause multiple issues. Do not use in production environments.
read_sdc /work/results/sky130hd/m7_j2/p13p0/2_1_floorplan.sdc
source /OpenROAD-flow-scripts/flow/platforms/sky130hd/setRC.tcl
[INFO TAP-0005] Inserted 6425 tapcells.
Design area 252700 um^2 52% utilization.
write_db /work/results/sky130hd/m7_j2/p13p0/2_3_floorplan_tapcell.odb
Elapsed time: 0:00.41[h:]min:sec. CPU time: user 0.33 sys 0.07 (95%). Peak memory: 177408KB.
Log                       Ext     Elapsed/s Peak Memory/MB sha1sum result [0:20)
2_3_floorplan_tapcell     .odb            0            173 7977e7957170b124bfd3
/OpenROAD-flow-scripts/flow/scripts/flow.sh 2_4_floorplan_pdn pdn
Running pdn.tcl, stage 2_4_floorplan_pdn
read_liberty /OpenROAD-flow-scripts/flow/platforms/sky130hd/lib/sky130_fd_sc_hd__tt_025C_1v80.lib
read_db -hier /work/results/sky130hd/m7_j2/p13p0/2_3_floorplan_tapcell.odb
[WARNING ORD-0012] Hierarchical flow (-hier) is currently in development and may cause multiple issues. Do not use in production environments.
read_sdc /work/results/sky130hd/m7_j2/p13p0/2_1_floorplan.sdc
source /OpenROAD-flow-scripts/flow/platforms/sky130hd/setRC.tcl
[WARNING PDN-1051] No instances found for grid (CORE_macro_grid_1).
[WARNING PDN-1051] No instances found for grid (CORE_macro_grid_2).
[INFO PDN-0001] Inserting grid: grid
[INFO PDN-0500] Runtime: 0.12s
Design area 252700 um^2 52% utilization.
write_db /work/results/sky130hd/m7_j2/p13p0/2_4_floorplan_pdn.odb
Elapsed time: 0:00.77[h:]min:sec. CPU time: user 0.67 sys 0.07 (96%). Peak memory: 218892KB.
Log                       Ext     Elapsed/s Peak Memory/MB sha1sum result [0:20)
2_4_floorplan_pdn         .odb            0            213 7a93d90fa89b25b5df6f
cp /work/results/sky130hd/m7_j2/p13p0/2_4_floorplan_pdn.odb /work/results/sky130hd/m7_j2/p13p0/2_floorplan.odb
cp /work/results/sky130hd/m7_j2/p13p0/2_1_floorplan.sdc /work/results/sky130hd/m7_j2/p13p0/2_floorplan.sdc
/OpenROAD-flow-scripts/flow/scripts/flow.sh 3_1_place_gp_skip_io global_place_skip_io
Running global_place_skip_io.tcl, stage 3_1_place_gp_skip_io
read_liberty /OpenROAD-flow-scripts/flow/platforms/sky130hd/lib/sky130_fd_sc_hd__tt_025C_1v80.lib
read_db -hier /work/results/sky130hd/m7_j2/p13p0/2_floorplan.odb
[WARNING ORD-0012] Hierarchical flow (-hier) is currently in development and may cause multiple issues. Do not use in production environments.
read_sdc /work/results/sky130hd/m7_j2/p13p0/2_floorplan.sdc
source /OpenROAD-flow-scripts/flow/platforms/sky130hd/setRC.tcl
[INFO GPL-0022] Initialize gpl and calculate uniform density.
Placement density is 0.687499994635582, computed from PLACE_DENSITY_LB_ADDON  0.25 and lower bound 0.5699999928474426
global_placement -skip_io -density 0.687499994635582 -pad_left 0 -pad_right 0
[INFO GPL-0001] ---- Initialize GPL Main Data Structures
[INFO GPL-0002] DBU: 1000
[INFO GPL-0003] SiteSize: (  0.460  2.720 ) um
[INFO GPL-0004] CoreBBox: (  1.380  2.720 ) ( 696.900 696.320 ) um
[INFO GPL-0016] Core area:                  482412.672 um^2
[INFO GPL-0036] Movable instances area:     244660.899 um^2
[INFO GPL-0037] Total instances area:       252699.859 um^2
[INFO GPL-0035] Pin density area adjust:     25502.730 um^2
[INFO GPL-0032] ---- Initialize Region: Top-level
[INFO GPL-0006] Number of instances:             35656
[INFO GPL-0007] Movable instances:               29231
[INFO GPL-0008] Fixed instances:                  6425
[INFO GPL-0009] Dummy instances:                     0
[INFO GPL-0010] Number of nets:                  29426
[INFO GPL-0011] Number of pins:                 108660
[INFO GPL-0012] Die BBox:       (  0.000  0.000 ) ( 698.135 698.135 ) um
[INFO GPL-0013] Placement BBox: (  1.380  2.720 ) ( 696.900 696.320 ) um
[INFO GPL-0014] Region name: top-level.
[INFO GPL-0015] Region area:                482412.672 um^2
[INFO GPL-0017] Fixed instances area:         8038.960 um^2
[INFO GPL-0018] Movable instances area:     270163.630 um^2
[INFO GPL-0019] Utilization:                    56.952 %
[INFO GPL-0020] Standard cells area:        270163.630 um^2
[INFO GPL-0021] Large instances area:            0.000 um^2
[INFO GPL-0005] ---- Execute Conjugate Gradient Initial Placement.
[INFO GPL-0051] Source of initial instance position counters:
	Odb location = 0	Core center = 29231	Region center = 0
[INFO GPL-0033] ---- Initialize Nesterov Region: Top-level
[INFO GPL-0023] Placement target density:       0.6875
[INFO GPL-0024] Movable insts average area:      9.242 um^2
[INFO GPL-0025] Ideal bin area:                 13.443 um^2
[INFO GPL-0026] Ideal bin count:                 35884
[INFO GPL-0027] Total bin area:             482412.672 um^2
[INFO GPL-0028] Bin count (X, Y):         128 ,    128
[INFO GPL-0029] Bin size (W * H):       5.434 *  5.419 um
[INFO GPL-0030] Number of bins:                  16384
[INFO GPL-0084] ---- Execute Nesterov Global Placement.
[INFO GPL-0031] HPWL: Half-Perimeter Wirelength
Iteration | Overflow |     HPWL (um) |  HPWL(%) |   Penalty | Group
---------------------------------------------------------------
        0 |   0.9993 |  5.446412e+04 |   +0.00% |  8.67e-16 |      
       10 |   0.9991 |  4.192461e+04 |  -23.02% |  1.41e-15 |      
       20 |   0.9991 |  4.135494e+04 |   -1.36% |  2.30e-15 |      
       30 |   0.9990 |  4.118072e+04 |   -0.42% |  3.75e-15 |      
       40 |   0.9990 |  4.110271e+04 |   -0.19% |  6.10e-15 |      
       50 |   0.9989 |  4.105065e+04 |   -0.13% |  9.94e-15 |      
       60 |   0.9989 |  4.102415e+04 |   -0.06% |  1.62e-14 |      
       70 |   0.9989 |  4.105801e+04 |   +0.08% |  2.64e-14 |      
       80 |   0.9988 |  4.120862e+04 |   +0.37% |  4.30e-14 |      
       90 |   0.9987 |  4.173277e+04 |   +1.27% |  7.00e-14 |      
      100 |   0.9980 |  4.314796e+04 |   +3.39% |  1.14e-13 |      
      110 |   0.9976 |  4.630756e+04 |   +7.32% |  1.86e-13 |      
      120 |   0.9964 |  5.247370e+04 |  +13.32% |  3.02e-13 |      
      130 |   0.9939 |  6.354154e+04 |  +21.09% |  4.91e-13 |      
      140 |   0.9896 |  7.961873e+04 |  +25.30% |  7.99e-13 |      
      150 |   0.9845 |  9.996350e+04 |  +25.55% |  1.30e-12 |      
      160 |   0.9781 |  1.242178e+05 |  +24.26% |  2.11e-12 |      
      170 |   0.9704 |  1.504878e+05 |  +21.15% |  3.43e-12 |      
      180 |   0.9604 |  1.789170e+05 |  +18.89% |  5.57e-12 |      
      190 |   0.9478 |  2.131771e+05 |  +19.15% |  9.03e-12 |      
      200 |   0.9326 |  2.548205e+05 |  +19.53% |  1.46e-11 |      
      210 |   0.9112 |  3.007617e+05 |  +18.03% |  2.37e-11 |      
      220 |   0.8828 |  3.471100e+05 |  +15.41% |  3.85e-11 |      
      230 |   0.8487 |  3.912246e+05 |  +12.71% |  6.24e-11 |      
      240 |   0.8201 |  4.337153e+05 |  +10.86% |  1.01e-10 |      
      250 |   0.7751 |  4.718603e+05 |   +8.79% |  1.64e-10 |      
      260 |   0.7380 |  5.010037e+05 |   +6.18% |  2.66e-10 |      
      270 |   0.6937 |  5.292746e+05 |   +5.64% |  4.32e-10 |      
      280 |   0.6517 |  5.631209e+05 |   +6.39% |  7.02e-10 |      
      290 |   0.6043 |  6.015155e+05 |   +6.82% |  1.14e-09 |      
      300 |   0.5709 |  6.076275e+05 |   +1.02% |  1.85e-09 |      
      310 |   0.5171 |  6.235787e+05 |   +2.63% |  3.01e-09 |      
      320 |   0.4712 |  6.268279e+05 |   +0.52% |  4.90e-09 |      
      330 |   0.4278 |  6.326275e+05 |   +0.93% |  7.98e-09 |      
      340 |   0.3850 |  6.298870e+05 |   -0.43% |  1.30e-08 |      
      350 |   0.3422 |  6.313698e+05 |   +0.24% |  2.10e-08 |      
      360 |   0.3100 |  6.303937e+05 |   -0.15% |  3.09e-08 |      
      370 |   0.2813 |  6.294361e+05 |   -0.15% |  4.55e-08 |      
      380 |   0.2501 |  6.297219e+05 |   +0.05% |  6.70e-08 |      
      390 |   0.2222 |  6.297613e+05 |   +0.01% |  9.87e-08 |      
      400 |   0.1960 |  6.308829e+05 |   +0.18% |  1.45e-07 |      
      410 |   0.1694 |  6.318748e+05 |   +0.16% |  2.14e-07 |      
      420 |   0.1475 |  6.331175e+05 |   +0.20% |  3.16e-07 |      
      430 |   0.1257 |  6.347432e+05 |   +0.26% |  4.65e-07 |      
      440 |   0.1066 |  6.361542e+05 |   +0.22% |  6.85e-07 |      
      444 |   0.0993 |  6.368288e+05 |          |  8.31e-07 |      
---------------------------------------------------------------
[INFO GPL-1001] Global placement finished at iteration 444
[INFO GPL-1002] Placed Cell Area            270163.6297
[INFO GPL-1003] Available Free Area         474373.7120
[INFO GPL-1004] Minimum Feasible Density        0.5700 (cell_area / free_area)
[INFO GPL-1006]   Suggested Target Densities:
[INFO GPL-1007]     - For 90% usage of free space: 0.6328
[INFO GPL-1008]     - For 80% usage of free space: 0.7119
[INFO GPL-1014] Final placement area: 270163.63 (+0.00%)
Took 26 seconds: global_placement -skip_io -density 0.687499994635582 -pad_left 0 -pad_right 0
Design area 252700 um^2 52% utilization.
write_db /work/results/sky130hd/m7_j2/p13p0/3_1_place_gp_skip_io.odb
Elapsed time: 0:26.52[h:]min:sec. CPU time: user 741.07 sys 0.72 (2797%). Peak memory: 245100KB.
Log                       Ext     Elapsed/s Peak Memory/MB sha1sum result [0:20)
3_1_place_gp_skip_io      .odb           26            239 4d07dd4941c88f04ade8
/OpenROAD-flow-scripts/flow/scripts/flow.sh 3_2_place_iop io_placement
Running io_placement.tcl, stage 3_2_place_iop
read_liberty /OpenROAD-flow-scripts/flow/platforms/sky130hd/lib/sky130_fd_sc_hd__tt_025C_1v80.lib
read_db -hier /work/results/sky130hd/m7_j2/p13p0/3_1_place_gp_skip_io.odb
[WARNING ORD-0012] Hierarchical flow (-hier) is currently in development and may cause multiple issues. Do not use in production environments.
read_sdc /work/results/sky130hd/m7_j2/p13p0/2_floorplan.sdc
source /OpenROAD-flow-scripts/flow/platforms/sky130hd/setRC.tcl
place_pins -hor_layers met3 -ver_layers met2
Found 0 macro blocks.
Using 2 tracks default min distance between IO pins.
[INFO PPL-0001] Number of available slots 2532
[INFO PPL-0002] Number of I/O             276
[INFO PPL-0003] Number of I/O w/sink      239
[INFO PPL-0004] Number of I/O w/o sink    37
[INFO PPL-0005] Slots per section         200
[INFO PPL-0008] Successfully assigned pins to sections.
[INFO PPL-0012] I/O nets HPWL: 47563.20 um.
Design area 252700 um^2 52% utilization.
write_db /work/results/sky130hd/m7_j2/p13p0/3_2_place_iop.odb
Elapsed time: 0:00.44[h:]min:sec. CPU time: user 0.36 sys 0.06 (96%). Peak memory: 202960KB.
Log                       Ext     Elapsed/s Peak Memory/MB sha1sum result [0:20)
3_2_place_iop             .odb            0            198 c3d8a5e6fbcc520c4157
/OpenROAD-flow-scripts/flow/scripts/flow.sh 3_3_place_gp global_place
Running global_place.tcl, stage 3_3_place_gp
read_liberty /OpenROAD-flow-scripts/flow/platforms/sky130hd/lib/sky130_fd_sc_hd__tt_025C_1v80.lib
read_db -hier /work/results/sky130hd/m7_j2/p13p0/3_2_place_iop.odb
[WARNING ORD-0012] Hierarchical flow (-hier) is currently in development and may cause multiple issues. Do not use in production environments.
read_sdc /work/results/sky130hd/m7_j2/p13p0/2_floorplan.sdc
source /OpenROAD-flow-scripts/flow/platforms/sky130hd/setRC.tcl
[INFO RSZ-0026] Removed 0 buffers.
Perform port buffering...
[INFO RSZ-0027] Inserted 157 sky130_fd_sc_hd__clkdlybuf4s50_1 input buffers.
[INFO RSZ-0028] Inserted 77 sky130_fd_sc_hd__clkdlybuf4s50_1 output buffers.
[INFO GPL-0022] Initialize gpl and calculate uniform density.
Placement density is 0.6949999874830246, computed from PLACE_DENSITY_LB_ADDON  0.25 and lower bound 0.5799999833106995
global_placement -density 0.6949999874830246 -pad_left 0 -pad_right 0 -routability_driven -timing_driven -force_center_initial_place -min_phi_coef 0.95 -max_phi_coef 1.05
[INFO GPL-0001] ---- Initialize GPL Main Data Structures
[INFO GPL-0002] DBU: 1000
[INFO GPL-0003] SiteSize: (  0.460  2.720 ) um
[INFO GPL-0004] CoreBBox: (  1.380  2.720 ) ( 696.900 696.320 ) um
[INFO GPL-0016] Core area:                  482412.672 um^2
[INFO GPL-0036] Movable instances area:     247003.146 um^2
[INFO GPL-0037] Total instances area:       255042.106 um^2
[INFO GPL-0035] Pin density area adjust:     25613.786 um^2
[INFO GPL-0032] ---- Initialize Region: Top-level
[INFO GPL-0006] Number of instances:             35890
[INFO GPL-0007] Movable instances:               29465
[INFO GPL-0008] Fixed instances:                  6425
[INFO GPL-0009] Dummy instances:                     0
[INFO GPL-0010] Number of nets:                  29660
[INFO GPL-0011] Number of pins:                 109404
[INFO GPL-0012] Die BBox:       (  0.000  0.000 ) ( 698.135 698.135 ) um
[INFO GPL-0013] Placement BBox: (  1.380  2.720 ) ( 696.900 696.320 ) um
[INFO GPL-0014] Region name: top-level.
[INFO GPL-0015] Region area:                482412.672 um^2
[INFO GPL-0017] Fixed instances area:         8038.960 um^2
[INFO GPL-0018] Movable instances area:     272616.932 um^2
[INFO GPL-0019] Utilization:                    57.469 %
[INFO GPL-0020] Standard cells area:        272616.932 um^2
[INFO GPL-0021] Large instances area:            0.000 um^2
[INFO GPL-0005] ---- Execute Conjugate Gradient Initial Placement.
[INFO GPL-0051] Source of initial instance position counters:
	Odb location = 0	Core center = 29465	Region center = 0
[InitialPlace]  Iter: 1 conjugate gradient residual: 0.01233519 HPWL: 835400300
[InitialPlace]  Iter: 2 conjugate gradient residual: 0.00148814 HPWL: 333347481
[InitialPlace]  Iter: 3 conjugate gradient residual: 0.00066544 HPWL: 313157654
[InitialPlace]  Iter: 4 conjugate gradient residual: 0.00035588 HPWL: 301473564
[InitialPlace]  Iter: 5 conjugate gradient residual: 0.00031068 HPWL: 296346477
[InitialPlace]  Iter: 6 conjugate gradient residual: 0.00028313 HPWL: 293992713
[InitialPlace]  Iter: 7 conjugate gradient residual: 0.00027219 HPWL: 292274390
[InitialPlace]  Iter: 8 conjugate gradient residual: 0.00028209 HPWL: 291800030
[InitialPlace]  Iter: 9 conjugate gradient residual: 0.00038758 HPWL: 290648654
[InitialPlace]  Iter: 10 conjugate gradient residual: 0.00038859 HPWL: 290580263
[InitialPlace]  Iter: 11 conjugate gradient residual: 0.00030586 HPWL: 289526057
[InitialPlace]  Iter: 12 conjugate gradient residual: 0.00040483 HPWL: 289482321
[InitialPlace]  Iter: 13 conjugate gradient residual: 0.00028217 HPWL: 288489399
[InitialPlace]  Iter: 14 conjugate gradient residual: 0.00050628 HPWL: 288515116
[InitialPlace]  Iter: 15 conjugate gradient residual: 0.00028843 HPWL: 286841397
[InitialPlace]  Iter: 16 conjugate gradient residual: 0.00044297 HPWL: 287106324
[InitialPlace]  Iter: 17 conjugate gradient residual: 0.00037067 HPWL: 285867465
[InitialPlace]  Iter: 18 conjugate gradient residual: 0.00042909 HPWL: 286038685
[InitialPlace]  Iter: 19 conjugate gradient residual: 0.00041342 HPWL: 284959205
[InitialPlace]  Iter: 20 conjugate gradient residual: 0.00030375 HPWL: 285192001
[INFO GPL-0033] ---- Initialize Nesterov Region: Top-level
[INFO GPL-0023] Placement target density:       0.6950
[INFO GPL-0024] Movable insts average area:      9.252 um^2
[INFO GPL-0025] Ideal bin area:                 13.313 um^2
[INFO GPL-0026] Ideal bin count:                 36237
[INFO GPL-0027] Total bin area:             482412.672 um^2
[INFO GPL-0028] Bin count (X, Y):         128 ,    128
[INFO GPL-0029] Bin size (W * H):       5.434 *  5.419 um
[INFO GPL-0030] Number of bins:                  16384
[INFO GPL-0084] ---- Execute Nesterov Global Placement.
[INFO GPL-0031] HPWL: Half-Perimeter Wirelength
Iteration | Overflow |     HPWL (um) |  HPWL(%) |   Penalty | Group
---------------------------------------------------------------
        0 |   0.9823 |  1.080772e+05 |   +0.00% |  1.75e-16 |      
       10 |   0.9664 |  1.248877e+05 |  +15.55% |  2.84e-16 |      
       20 |   0.9572 |  1.384825e+05 |  +10.89% |  4.63e-16 |      
       30 |   0.9542 |  1.475272e+05 |   +6.53% |  7.53e-16 |      
       40 |   0.9529 |  1.520034e+05 |   +3.03% |  1.23e-15 |      
       50 |   0.9516 |  1.545153e+05 |   +1.65% |  2.00e-15 |      
       60 |   0.9504 |  1.560559e+05 |   +1.00% |  3.25e-15 |      
       70 |   0.9501 |  1.576347e+05 |   +1.01% |  5.29e-15 |      
       80 |   0.9497 |  1.596459e+05 |   +1.28% |  8.62e-15 |      
       90 |   0.9491 |  1.616834e+05 |   +1.28% |  1.40e-14 |      
      100 |   0.9486 |  1.630109e+05 |   +0.82% |  2.29e-14 |      
      110 |   0.9492 |  1.633304e+05 |   +0.20% |  3.72e-14 |      
      120 |   0.9487 |  1.630401e+05 |   -0.18% |  6.06e-14 |      
      130 |   0.9485 |  1.627831e+05 |   -0.16% |  9.88e-14 |      
      140 |   0.9484 |  1.631399e+05 |   +0.22% |  1.61e-13 |      
      150 |   0.9476 |  1.644803e+05 |   +0.82% |  2.62e-13 |      
      160 |   0.9471 |  1.671419e+05 |   +1.62% |  4.27e-13 |      
      170 |   0.9454 |  1.719221e+05 |   +2.86% |  6.95e-13 |      
      180 |   0.9439 |  1.797705e+05 |   +4.57% |  1.13e-12 |      
      190 |   0.9404 |  1.916806e+05 |   +6.63% |  1.84e-12 |      
      200 |   0.9353 |  2.076587e+05 |   +8.34% |  2.99e-12 |      
      210 |   0.9276 |  2.271320e+05 |   +9.38% |  4.86e-12 |      
      220 |   0.9183 |  2.507584e+05 |  +10.40% |  7.90e-12 |      
      230 |   0.9053 |  2.799850e+05 |  +11.66% |  1.28e-11 |      
      240 |   0.8872 |  3.143493e+05 |  +12.27% |  2.08e-11 |      
      250 |   0.8637 |  3.513252e+05 |  +11.76% |  3.38e-11 |      
      260 |   0.8370 |  3.896542e+05 |  +10.91% |  5.48e-11 |      
      270 |   0.8062 |  4.275563e+05 |   +9.73% |  8.89e-11 |      
      280 |   0.7727 |  4.613834e+05 |   +7.91% |  1.44e-10 |      
      290 |   0.7381 |  4.883768e+05 |   +5.85% |  2.34e-10 |      
      300 |   0.6966 |  5.180905e+05 |   +6.08% |  3.80e-10 |      
      310 |   0.6526 |  5.491992e+05 |   +6.00% |  6.17e-10 |      
[INFO GPL-0100] Timing-driven iteration 1/2, virtual: false.
[INFO GPL-0101]    Iter: 315, overflow: 0.634, keep resizer changes at: 1, HPWL: 562282311
Iteration |   Area    | Resized | Buffers | Nets repaired | Remaining
---------------------------------------------------------------------
        0 |     +0.0% |       0 |       0 |             0 |     30166
    final |     +6.8% |     305 |     794 |           360 |         0
---------------------------------------------------------------------
[INFO RSZ-0034] Found 358 slew violations.
[INFO RSZ-0036] Found 176 capacitance violations.
[INFO RSZ-0039] Resized 305 instances.
[INFO RSZ-0038] Inserted 794 buffers in 360 nets.
   Iter   |    Area   | Removed | Inserted |   Pins
          |           | Buffers | Buffers  | Remaining
-------------------------------------------------------
        0 |     +0.0% |       0 |        0 |     28311
     2800 |     +0.2% |      48 |      167 |     25511
     5600 |     +0.5% |     140 |      424 |     22711
     8400 |     +0.2% |     250 |      566 |     19911
    11200 |     -0.0% |     361 |      704 |     17111
    14000 |     -0.2% |     406 |      755 |     14311
    16800 |     -0.2% |     465 |      852 |     11511
    19600 |     -0.1% |     543 |     1028 |      8711
    22400 |     -0.1% |     566 |     1104 |      5911
    25200 |     -1.5% |     778 |     1297 |      3111
    28000 |     -1.5% |     781 |     1304 |       311
    final |     -1.5% |     795 |     1328 |         0
-------------------------------------------------------
[INFO GPL-0106] Timing-driven: worst slack -3.6949999e-09
[INFO GPL-0107] Timing-driven: repair_design delta area: 12848.512 um^2 (+4.71%)
[INFO GPL-0108] Timing-driven: repair_design, gpl delta gcells: 1327 (+4.50%)
[INFO GPL-0109] Timing-driven: repair_design, gcells created: 2122, deleted: 795
[INFO GPL-0110] Timing-driven: new target density: 0.7220852
[INFO GPL-0038] Routability snapshot saved at iter = 319
      318 |   0.5996 |  6.799531e+05 |          |           |      
Iteration | Overflow |     HPWL (um) |  HPWL(%) |   Penalty | Group
---------------------------------------------------------------
      320 |   0.5951 |  6.762452e+05 |  +23.13% |  9.91e-10 |      
      330 |   0.5610 |  6.829928e+05 |   +1.00% |  1.61e-09 |      
      340 |   0.5143 |  6.912846e+05 |   +1.21% |  2.62e-09 |      
      350 |   0.4763 |  7.044558e+05 |   +1.91% |  4.27e-09 |      
      360 |   0.4291 |  7.074339e+05 |   +0.42% |  6.95e-09 |      
      370 |   0.3900 |  7.143044e+05 |   +0.97% |  1.13e-08 |      
      380 |   0.3459 |  7.204542e+05 |   +0.86% |  1.84e-08 |      
      390 |   0.3147 |  7.199142e+05 |   -0.07% |  2.71e-08 |      
[INFO GPL-0040] Routability iteration: 1
[WARNING GRT-0281] Net _14855_ has a large fanout of 2191 terminals.
[INFO GPL-0041] Total routing overflow: 146.3065
[INFO GPL-0042] Number of overflowed tiles: 1165 (11.42%)
[INFO GPL-0043] Average top 0.5% routing congestion: 1.4201
[INFO GPL-0044] Average top 1.0% routing congestion: 1.3624
[INFO GPL-0045] Average top 2.0% routing congestion: 1.3023
[INFO GPL-0046] Average top 5.0% routing congestion: 1.2188
[INFO GPL-0047] Routability iteration weighted routing congestion: 1.3912
[INFO GPL-0048] Routing congestion (1.3912) lower than previous minimum (1e+30). Updating minimum.
[INFO GPL-0086] Inflated area:               21987.945 um^2 (+7.70%)
[INFO GPL-0052] Placement target density:       0.7221
[INFO GPL-0076] Removing fillers, count: Before: 6379, After: 3922 (-38.52%)
[INFO GPL-0077] Filler area (um^2)     : Before: 57072.795, After: 35086.055 (-38.52%)
[INFO GPL-0078] Removed fillers count: 2457, area removed: 21980.224 um^2. Remaining area to be compensated by modifying density: 7.722 um^2
[INFO GPL-0058] White space area:           474373.712 um^2 (+0.00%)
[INFO GPL-0059] Movable instances area:     342538.224 um^2 (+0.00%)
[INFO GPL-0060] Total filler area:           35086.055 um^2 (-38.52%)
[INFO GPL-0061] Total non-inflated area:    342539.444 um^2 (+0.00%)
[INFO GPL-0062] Total inflated area:        364527.390 um^2 (+0.00%)
[INFO GPL-0063] New Target Density:             0.7221
[INFO GPL-0087] Routability end iteration: increase inflation and revert back to snapshot.
Iteration | Overflow |     HPWL (um) |  HPWL(%) |   Penalty | Group
---------------------------------------------------------------
      400 |   0.5986 |  7.131696e+05 |   -0.94% |  1.10e-09 |      
      410 |   0.5435 |  7.526570e+05 |   +5.54% |  1.61e-09 |      
      420 |   0.5256 |  7.456962e+05 |   -0.92% |  2.38e-09 |      
      430 |   0.4911 |  7.498471e+05 |   +0.56% |  3.50e-09 |      
      440 |   0.4555 |  7.414709e+05 |   -1.12% |  5.15e-09 |      
      450 |   0.4194 |  7.672993e+05 |   +3.48% |  7.57e-09 |      
      460 |   0.3887 |  7.631836e+05 |   -0.54% |  1.12e-08 |      
      470 |   0.3559 |  7.603459e+05 |   -0.37% |  1.64e-08 |      
      480 |   0.3219 |  7.674224e+05 |   +0.93% |  2.42e-08 |      
[INFO GPL-0040] Routability iteration: 2
[INFO GPL-0041] Total routing overflow: 83.9407
[INFO GPL-0042] Number of overflowed tiles: 964 (9.45%)
[INFO GPL-0043] Average top 0.5% routing congestion: 1.2709
[INFO GPL-0044] Average top 1.0% routing congestion: 1.2346
[INFO GPL-0045] Average top 2.0% routing congestion: 1.1974
[INFO GPL-0046] Average top 5.0% routing congestion: 1.1387
[INFO GPL-0047] Routability iteration weighted routing congestion: 1.2528
[INFO GPL-0048] Routing congestion (1.2528) lower than previous minimum (1.391). Updating minimum.
[INFO GPL-0086] Inflated area:                9700.352 um^2 (+3.16%)
[INFO GPL-0052] Placement target density:       0.7221
[INFO GPL-0076] Removing fillers, count: Before: 3922, After: 2838 (-27.64%)
[INFO GPL-0077] Filler area (um^2)     : Before: 35086.055, After: 25388.634 (-27.64%)
[INFO GPL-0078] Removed fillers count: 1084, area removed: 9697.421 um^2. Remaining area to be compensated by modifying density: 2.931 um^2
[INFO GPL-0058] White space area:           474373.712 um^2 (+0.00%)
[INFO GPL-0059] Movable instances area:     342538.224 um^2 (+0.00%)
[INFO GPL-0060] Total filler area:           25388.634 um^2 (-27.64%)
[INFO GPL-0061] Total non-inflated area:    342542.376 um^2 (+0.00%)
[INFO GPL-0062] Total inflated area:        352242.727 um^2 (+0.00%)
[INFO GPL-0063] New Target Density:             0.7221
[INFO GPL-0087] Routability end iteration: increase inflation and revert back to snapshot.
Iteration | Overflow |     HPWL (um) |  HPWL(%) |   Penalty | Group
---------------------------------------------------------------
      490 |   0.6178 |  7.006374e+05 |   -8.70% |  1.02e-09 |      
      500 |   0.5455 |  7.958212e+05 |  +13.59% |  1.49e-09 |      
      510 |   0.5285 |  7.799695e+05 |   -1.99% |  2.19e-09 |      
      520 |   0.4962 |  7.900582e+05 |   +1.29% |  3.22e-09 |      
      530 |   0.4616 |  7.660404e+05 |   -3.04% |  4.75e-09 |      
      540 |   0.4220 |  8.039780e+05 |   +4.95% |  6.97e-09 |      
      550 |   0.3945 |  7.958039e+05 |   -1.02% |  1.03e-08 |      
      560 |   0.3604 |  7.862437e+05 |   -1.20% |  1.51e-08 |      
      570 |   0.3275 |  7.922040e+05 |   +0.76% |  2.23e-08 |      
[INFO GPL-0040] Routability iteration: 3
[INFO GPL-0041] Total routing overflow: 68.3565
[INFO GPL-0042] Number of overflowed tiles: 902 (8.84%)
[INFO GPL-0043] Average top 0.5% routing congestion: 1.2504
[INFO GPL-0044] Average top 1.0% routing congestion: 1.2093
[INFO GPL-0045] Average top 2.0% routing congestion: 1.1726
[INFO GPL-0046] Average top 5.0% routing congestion: 1.1165
[INFO GPL-0047] Routability iteration weighted routing congestion: 1.2299
[INFO GPL-0048] Routing congestion (1.2299) lower than previous minimum (1.253). Updating minimum.
[INFO GPL-0086] Inflated area:                8541.266 um^2 (+2.69%)
[INFO GPL-0052] Placement target density:       0.7221
[INFO GPL-0076] Removing fillers, count: Before: 2838, After: 1884 (-33.62%)
[INFO GPL-0077] Filler area (um^2)     : Before: 25388.634, After: 16854.189 (-33.62%)
[INFO GPL-0078] Removed fillers count: 954, area removed: 8534.446 um^2. Remaining area to be compensated by modifying density: 6.820 um^2
[INFO GPL-0058] White space area:           474373.712 um^2 (+0.00%)
[INFO GPL-0059] Movable instances area:     342538.224 um^2 (+0.00%)
[INFO GPL-0060] Total filler area:           16854.189 um^2 (-33.62%)
[INFO GPL-0061] Total non-inflated area:    342549.195 um^2 (+0.00%)
[INFO GPL-0062] Total inflated area:        351090.461 um^2 (+0.00%)
[INFO GPL-0063] New Target Density:             0.7221
[INFO GPL-0087] Routability end iteration: increase inflation and revert back to snapshot.
Iteration | Overflow |     HPWL (um) |  HPWL(%) |   Penalty | Group
---------------------------------------------------------------
      580 |   0.6427 |  6.747582e+05 |  -14.83% |  9.44e-10 |      
      590 |   0.5464 |  8.243032e+05 |  +22.16% |  1.37e-09 |      
      600 |   0.5275 |  8.175213e+05 |   -0.82% |  2.02e-09 |      
      610 |   0.4976 |  8.307262e+05 |   +1.62% |  2.97e-09 |      
      620 |   0.4673 |  7.934309e+05 |   -4.49% |  4.37e-09 |      
      630 |   0.4244 |  8.336526e+05 |   +5.07% |  6.42e-09 |      
      640 |   0.3968 |  8.199382e+05 |   -1.65% |  9.46e-09 |      
      650 |   0.3682 |  8.070708e+05 |   -1.57% |  1.39e-08 |      
      660 |   0.3345 |  8.144894e+05 |   +0.92% |  2.05e-08 |      
      670 |   0.3011 |  8.102470e+05 |   -0.52% |  3.02e-08 |      
[INFO GPL-0040] Routability iteration: 4
[INFO GPL-0041] Total routing overflow: 61.3599
[INFO GPL-0042] Number of overflowed tiles: 863 (8.46%)
[INFO GPL-0043] Average top 0.5% routing congestion: 1.2132
[INFO GPL-0044] Average top 1.0% routing congestion: 1.1859
[INFO GPL-0045] Average top 2.0% routing congestion: 1.1572
[INFO GPL-0046] Average top 5.0% routing congestion: 1.1058
[INFO GPL-0047] Routability iteration weighted routing congestion: 1.1995
[INFO GPL-0048] Routing congestion (1.1995) lower than previous minimum (1.23). Updating minimum.
[INFO GPL-0086] Inflated area:                6966.502 um^2 (+2.14%)
[INFO GPL-0052] Placement target density:       0.7221
[INFO GPL-0076] Removing fillers, count: Before: 1884, After: 1106 (-41.30%)
[INFO GPL-0077] Filler area (um^2)     : Before: 16854.189, After: 9894.232 (-41.30%)
[INFO GPL-0078] Removed fillers count: 778, area removed: 6959.957 um^2. Remaining area to be compensated by modifying density: 6.545 um^2
[INFO GPL-0058] White space area:           474373.712 um^2 (+0.00%)
[INFO GPL-0059] Movable instances area:     342538.224 um^2 (+0.00%)
[INFO GPL-0060] Total filler area:            9894.232 um^2 (-41.30%)
[INFO GPL-0061] Total non-inflated area:    342555.740 um^2 (+0.00%)
[INFO GPL-0062] Total inflated area:        349522.242 um^2 (+0.00%)
[INFO GPL-0063] New Target Density:             0.7221
[INFO GPL-0087] Routability end iteration: increase inflation and revert back to snapshot.
Iteration | Overflow |     HPWL (um) |  HPWL(%) |   Penalty | Group
---------------------------------------------------------------
      680 |   0.5528 |  8.246454e+05 |   +1.78% |  1.27e-09 |      
      690 |   0.5276 |  8.562786e+05 |   +3.84% |  1.86e-09 |      
      700 |   0.5037 |  8.495239e+05 |   -0.79% |  2.74e-09 |      
      710 |   0.4738 |  8.266486e+05 |   -2.69% |  4.03e-09 |      
      720 |   0.4319 |  8.479810e+05 |   +2.58% |  5.92e-09 |      
      730 |   0.4011 |  8.423332e+05 |   -0.67% |  8.71e-09 |      
      740 |   0.3741 |  8.319713e+05 |   -1.23% |  1.28e-08 |      
      750 |   0.3395 |  8.343161e+05 |   +0.28% |  1.89e-08 |      
      760 |   0.3085 |  8.292846e+05 |   -0.60% |  2.78e-08 |      
[INFO GPL-0040] Routability iteration: 5
[INFO GPL-0041] Total routing overflow: 55.0645
[INFO GPL-0042] Number of overflowed tiles: 824 (8.08%)
[INFO GPL-0043] Average top 0.5% routing congestion: 1.2080
[INFO GPL-0044] Average top 1.0% routing congestion: 1.1767
[INFO GPL-0045] Average top 2.0% routing congestion: 1.1436
[INFO GPL-0046] Average top 5.0% routing congestion: 1.0965
[INFO GPL-0047] Routability iteration weighted routing congestion: 1.1923
[INFO GPL-0048] Routing congestion (1.1923) lower than previous minimum (1.2). Updating minimum.
[INFO GPL-0086] Inflated area:                6483.206 um^2 (+1.95%)
[INFO GPL-0052] Placement target density:       0.7221
[INFO GPL-0076] Removing fillers, count: Before: 1106, After: 382 (-65.46%)
[INFO GPL-0077] Filler area (um^2)     : Before: 9894.232, After: 3417.357 (-65.46%)
[INFO GPL-0078] Removed fillers count: 724, area removed: 6476.875 um^2. Remaining area to be compensated by modifying density: 6.331 um^2
[INFO GPL-0058] White space area:           474373.712 um^2 (+0.00%)
[INFO GPL-0059] Movable instances area:     342538.224 um^2 (+0.00%)
[INFO GPL-0060] Total filler area:            3417.357 um^2 (-65.46%)
[INFO GPL-0061] Total non-inflated area:    342562.071 um^2 (+0.00%)
[INFO GPL-0062] Total inflated area:        349045.277 um^2 (+0.00%)
[INFO GPL-0063] New Target Density:             0.7221
[INFO GPL-0087] Routability end iteration: increase inflation and revert back to snapshot.
Iteration | Overflow |     HPWL (um) |  HPWL(%) |   Penalty | Group
---------------------------------------------------------------
      770 |   0.5661 |  8.197640e+05 |   -1.15% |  1.18e-09 |      
      780 |   0.5258 |  8.957990e+05 |   +9.28% |  1.72e-09 |      
      790 |   0.5102 |  8.537299e+05 |   -4.70% |  2.53e-09 |      
      800 |   0.4777 |  8.607655e+05 |   +0.82% |  3.72e-09 |      
      810 |   0.4411 |  8.456471e+05 |   -1.76% |  5.47e-09 |      
      820 |   0.4114 |  8.680964e+05 |   +2.65% |  8.03e-09 |      
      830 |   0.3749 |  8.595460e+05 |   -0.98% |  1.18e-08 |      
      840 |   0.3433 |  8.503956e+05 |   -1.06% |  1.74e-08 |      
      850 |   0.3144 |  8.475261e+05 |   -0.34% |  2.56e-08 |      
[INFO GPL-0040] Routability iteration: 6
[INFO GPL-0041] Total routing overflow: 47.9834
[INFO GPL-0042] Number of overflowed tiles: 775 (7.60%)
[INFO GPL-0043] Average top 0.5% routing congestion: 1.1960
[INFO GPL-0044] Average top 1.0% routing congestion: 1.1667
[INFO GPL-0045] Average top 2.0% routing congestion: 1.1340
[INFO GPL-0046] Average top 5.0% routing congestion: 1.0864
[INFO GPL-0047] Routability iteration weighted routing congestion: 1.1813
[INFO GPL-0048] Routing congestion (1.1813) lower than previous minimum (1.192). Updating minimum.
[INFO GPL-0086] Inflated area:                5747.993 um^2 (+1.69%)
[INFO GPL-0052] Placement target density:       0.7221
[INFO GPL-0076] Removing fillers, count: Before: 382, After: 0 (-100.00%)
[INFO GPL-0077] Filler area (um^2)     : Before: 3417.357, After: 0.000 (-100.00%)
[INFO GPL-0078] Removed fillers count: 382, area removed: 3417.357 um^2. Remaining area to be compensated by modifying density: 2330.637 um^2
[INFO GPL-0079] New target density: 0.7270485
[INFO GPL-0058] White space area:           474373.712 um^2 (+0.00%)
[INFO GPL-0059] Movable instances area:     344892.703 um^2 (+0.69%)
[INFO GPL-0060] Total filler area:               0.000 um^2 (-100.00%)
[INFO GPL-0061] Total non-inflated area:    344892.708 um^2 (+0.68%)
[INFO GPL-0062] Total inflated area:        350640.701 um^2 (+0.67%)
[INFO GPL-0063] New Target Density:             0.7270
[INFO GPL-0087] Routability end iteration: increase inflation and revert back to snapshot.
Iteration | Overflow |     HPWL (um) |  HPWL(%) |   Penalty | Group
---------------------------------------------------------------
      860 |   0.5889 |  7.969515e+05 |   -5.97% |  1.09e-09 |      
      870 |   0.5236 |  9.222154e+05 |  +15.72% |  1.59e-09 |      
      880 |   0.5187 |  8.638010e+05 |   -6.33% |  2.34e-09 |      
      890 |   0.4815 |  8.821954e+05 |   +2.13% |  3.44e-09 |      
      900 |   0.4512 |  8.345839e+05 |   -5.40% |  5.06e-09 |      
      910 |   0.4129 |  8.888169e+05 |   +6.50% |  7.42e-09 |      
      920 |   0.3837 |  8.722577e+05 |   -1.86% |  1.09e-08 |      
      930 |   0.3517 |  8.539006e+05 |   -2.10% |  1.61e-08 |      
      940 |   0.3247 |  8.586745e+05 |   +0.56% |  2.37e-08 |      
[INFO GPL-0040] Routability iteration: 7
[INFO GPL-0041] Total routing overflow: 43.6624
[INFO GPL-0042] Number of overflowed tiles: 740 (7.25%)
[INFO GPL-0043] Average top 0.5% routing congestion: 1.1800
[INFO GPL-0044] Average top 1.0% routing congestion: 1.1552
[INFO GPL-0045] Average top 2.0% routing congestion: 1.1242
[INFO GPL-0046] Average top 5.0% routing congestion: 1.0794
[INFO GPL-0047] Routability iteration weighted routing congestion: 1.1676
[INFO GPL-0048] Routing congestion (1.1676) lower than previous minimum (1.181). Updating minimum.
[INFO GPL-0086] Inflated area:                5466.259 um^2 (+1.58%)
[INFO GPL-0052] Placement target density:       0.7270
[INFO GPL-0076] Removing fillers, count: Before: 0, After: 0 (+0.00%)
[INFO GPL-0077] Filler area (um^2)     : Before: 0.000, After: 0.000 (+0.00%)
[INFO GPL-0078] Removed fillers count: 0, area removed: 0.000 um^2. Remaining area to be compensated by modifying density: 5466.259 um^2
[INFO GPL-0079] New target density: 0.7385716
[INFO GPL-0058] White space area:           474373.712 um^2 (+0.00%)
[INFO GPL-0059] Movable instances area:     350358.962 um^2 (+1.58%)
[INFO GPL-0060] Total filler area:               0.000 um^2 (+0.00%)
[INFO GPL-0061] Total non-inflated area:    350358.967 um^2 (+1.58%)
[INFO GPL-0062] Total inflated area:        355825.227 um^2 (+1.56%)
[INFO GPL-0063] New Target Density:             0.7386
[INFO GPL-0087] Routability end iteration: increase inflation and revert back to snapshot.
Iteration | Overflow |     HPWL (um) |  HPWL(%) |   Penalty | Group
---------------------------------------------------------------
      950 |   0.6276 |  7.269458e+05 |  -15.34% |  1.02e-09 |      
      960 |   0.5246 |  9.316902e+05 |  +28.17% |  1.47e-09 |      
      970 |   0.5220 |  8.766189e+05 |   -5.91% |  2.16e-09 |      
      980 |   0.4877 |  8.942495e+05 |   +2.01% |  3.18e-09 |      
      990 |   0.4615 |  8.340517e+05 |   -6.73% |  4.69e-09 |      
     1000 |   0.4124 |  8.964775e+05 |   +7.48% |  6.87e-09 |      
     1010 |   0.3923 |  8.721826e+05 |   -2.71% |  1.01e-08 |      
     1020 |   0.3565 |  8.567595e+05 |   -1.77% |  1.49e-08 |      
     1030 |   0.3289 |  8.640638e+05 |   +0.85% |  2.19e-08 |      
[INFO GPL-0040] Routability iteration: 8
[INFO GPL-0041] Total routing overflow: 40.2960
[INFO GPL-0042] Number of overflowed tiles: 741 (7.26%)
[INFO GPL-0043] Average top 0.5% routing congestion: 1.1652
[INFO GPL-0044] Average top 1.0% routing congestion: 1.1411
[INFO GPL-0045] Average top 2.0% routing congestion: 1.1142
[INFO GPL-0046] Average top 5.0% routing congestion: 1.0732
[INFO GPL-0047] Routability iteration weighted routing congestion: 1.1532
[INFO GPL-0048] Routing congestion (1.1532) lower than previous minimum (1.168). Updating minimum.
[INFO GPL-0086] Inflated area:                5033.983 um^2 (+1.44%)
[INFO GPL-0052] Placement target density:       0.7386
[INFO GPL-0076] Removing fillers, count: Before: 0, After: 0 (+0.00%)
[INFO GPL-0077] Filler area (um^2)     : Before: 0.000, After: 0.000 (+0.00%)
[INFO GPL-0078] Removed fillers count: 0, area removed: 0.000 um^2. Remaining area to be compensated by modifying density: 5033.983 um^2
[INFO GPL-0079] New target density: 0.7491835
[INFO GPL-0058] White space area:           474373.712 um^2 (+0.00%)
[INFO GPL-0059] Movable instances area:     355392.946 um^2 (+1.44%)
[INFO GPL-0060] Total filler area:               0.000 um^2 (+0.00%)
[INFO GPL-0061] Total non-inflated area:    355392.951 um^2 (+1.44%)
[INFO GPL-0062] Total inflated area:        360426.934 um^2 (+1.42%)
[INFO GPL-0063] New Target Density:             0.7492
[INFO GPL-0087] Routability end iteration: increase inflation and revert back to snapshot.
Iteration | Overflow |     HPWL (um) |  HPWL(%) |   Penalty | Group
---------------------------------------------------------------
     1040 |   0.6606 |  6.731166e+05 |  -22.10% |  9.44e-10 |      
     1050 |   0.5245 |  9.284776e+05 |  +37.94% |  1.36e-09 |      
     1060 |   0.5223 |  8.966081e+05 |   -3.43% |  2.00e-09 |      
     1070 |   0.4923 |  9.012263e+05 |   +0.52% |  2.94e-09 |      
     1080 |   0.4668 |  8.430559e+05 |   -6.45% |  4.33e-09 |      
     1090 |   0.4163 |  8.982604e+05 |   +6.55% |  6.35e-09 |      
     1100 |   0.3978 |  8.770916e+05 |   -2.36% |  9.35e-09 |      
     1110 |   0.3630 |  8.642007e+05 |   -1.47% |  1.38e-08 |      
     1120 |   0.3319 |  8.716559e+05 |   +0.86% |  2.03e-08 |      
     1130 |   0.3011 |  8.631756e+05 |   -0.97% |  2.99e-08 |      
[INFO GPL-0040] Routability iteration: 9
[INFO GPL-0041] Total routing overflow: 38.8257
[INFO GPL-0042] Number of overflowed tiles: 700 (6.86%)
[INFO GPL-0043] Average top 0.5% routing congestion: 1.1652
[INFO GPL-0044] Average top 1.0% routing congestion: 1.1424
[INFO GPL-0045] Average top 2.0% routing congestion: 1.1156
[INFO GPL-0046] Average top 5.0% routing congestion: 1.0725
[INFO GPL-0047] Routability iteration weighted routing congestion: 1.1538
[INFO GPL-0049] Routing congestion (1.1538) higher than minimum (1.1532). Consecutive non-improvement count: 1.
[INFO GPL-0086] Inflated area:                4757.627 um^2 (+1.34%)
[INFO GPL-0052] Placement target density:       0.7492
[INFO GPL-0076] Removing fillers, count: Before: 0, After: 0 (+0.00%)
[INFO GPL-0077] Filler area (um^2)     : Before: 0.000, After: 0.000 (+0.00%)
[INFO GPL-0078] Removed fillers count: 0, area removed: 0.000 um^2. Remaining area to be compensated by modifying density: 4757.628 um^2
[INFO GPL-0079] New target density: 0.75921273
[INFO GPL-0058] White space area:           474373.712 um^2 (+0.00%)
[INFO GPL-0059] Movable instances area:     360150.565 um^2 (+1.34%)
[INFO GPL-0060] Total filler area:               0.000 um^2 (+0.00%)
[INFO GPL-0061] Total non-inflated area:    360150.578 um^2 (+1.34%)
[INFO GPL-0062] Total inflated area:        364908.206 um^2 (+1.32%)
[INFO GPL-0063] New Target Density:             0.7592
[INFO GPL-0087] Routability end iteration: increase inflation and revert back to snapshot.
Iteration | Overflow |     HPWL (um) |  HPWL(%) |   Penalty | Group
---------------------------------------------------------------
     1140 |   0.5333 |  8.903045e+05 |   +3.14% |  1.26e-09 |      
     1150 |   0.5226 |  9.185527e+05 |   +3.17% |  1.85e-09 |      
     1160 |   0.4964 |  8.986525e+05 |   -2.17% |  2.72e-09 |      
     1170 |   0.4681 |  8.600360e+05 |   -4.30% |  4.01e-09 |      
     1180 |   0.4276 |  8.877312e+05 |   +3.22% |  5.89e-09 |      
     1190 |   0.4038 |  8.864784e+05 |   -0.14% |  8.65e-09 |      
     1200 |   0.3686 |  8.738742e+05 |   -1.42% |  1.27e-08 |      
     1210 |   0.3370 |  8.735617e+05 |   -0.04% |  1.88e-08 |      
     1220 |   0.3058 |  8.664135e+05 |   -0.82% |  2.76e-08 |      
[INFO GPL-0040] Routability iteration: 10
[INFO GPL-0041] Total routing overflow: 39.3017
[INFO GPL-0042] Number of overflowed tiles: 674 (6.61%)
[INFO GPL-0043] Average top 0.5% routing congestion: 1.1768
[INFO GPL-0044] Average top 1.0% routing congestion: 1.1479
[INFO GPL-0045] Average top 2.0% routing congestion: 1.1174
[INFO GPL-0046] Average top 5.0% routing congestion: 1.0736
[INFO GPL-0047] Routability iteration weighted routing congestion: 1.1624
[INFO GPL-0049] Routing congestion (1.1624) higher than minimum (1.1532). Consecutive non-improvement count: 2.
[INFO GPL-0086] Inflated area:                5054.476 um^2 (+1.40%)
[INFO GPL-0052] Placement target density:       0.7592
[INFO GPL-0076] Removing fillers, count: Before: 0, After: 0 (+0.00%)
[INFO GPL-0077] Filler area (um^2)     : Before: 0.000, After: 0.000 (+0.00%)
[INFO GPL-0078] Removed fillers count: 0, area removed: 0.000 um^2. Remaining area to be compensated by modifying density: 5054.476 um^2
[INFO GPL-0079] New target density: 0.76986784
[INFO GPL-0058] White space area:           474373.712 um^2 (+0.00%)
[INFO GPL-0059] Movable instances area:     365205.062 um^2 (+1.40%)
[INFO GPL-0060] Total filler area:               0.000 um^2 (+0.00%)
[INFO GPL-0061] Total non-inflated area:    365205.054 um^2 (+1.40%)
[INFO GPL-0062] Total inflated area:        370259.529 um^2 (+1.38%)
[INFO GPL-0063] New Target Density:             0.7699
[INFO GPL-0087] Routability end iteration: increase inflation and revert back to snapshot.
Iteration | Overflow |     HPWL (um) |  HPWL(%) |   Penalty | Group
---------------------------------------------------------------
     1230 |   0.5389 |  8.838340e+05 |   +2.01% |  1.22e-09 |      
     1240 |   0.5221 |  9.310774e+05 |   +5.35% |  1.78e-09 |      
     1250 |   0.4993 |  9.008852e+05 |   -3.24% |  2.62e-09 |      
     1260 |   0.4698 |  8.715264e+05 |   -3.26% |  3.85e-09 |      
     1270 |   0.4326 |  8.829081e+05 |   +1.31% |  5.67e-09 |      
     1280 |   0.4045 |  8.948206e+05 |   +1.35% |  8.32e-09 |      
     1290 |   0.3705 |  8.826592e+05 |   -1.36% |  1.23e-08 |      
     1300 |   0.3410 |  8.762017e+05 |   -0.73% |  1.80e-08 |      
     1310 |   0.3082 |  8.698185e+05 |   -0.73% |  2.66e-08 |      
[INFO GPL-0040] Routability iteration: 11
[INFO GPL-0041] Total routing overflow: 34.8480
[INFO GPL-0042] Number of overflowed tiles: 656 (6.43%)
[INFO GPL-0043] Average top 0.5% routing congestion: 1.1589
[INFO GPL-0044] Average top 1.0% routing congestion: 1.1335
[INFO GPL-0045] Average top 2.0% routing congestion: 1.1061
[INFO GPL-0046] Average top 5.0% routing congestion: 1.0660
[INFO GPL-0047] Routability iteration weighted routing congestion: 1.1462
[INFO GPL-0048] Routing congestion (1.1462) lower than previous minimum (1.153). Updating minimum.
[INFO GPL-0086] Inflated area:                4518.965 um^2 (+1.24%)
[INFO GPL-0052] Placement target density:       0.7699
[INFO GPL-0076] Removing fillers, count: Before: 0, After: 0 (+0.00%)
[INFO GPL-0077] Filler area (um^2)     : Before: 0.000, After: 0.000 (+0.00%)
[INFO GPL-0078] Removed fillers count: 0, area removed: 0.000 um^2. Remaining area to be compensated by modifying density: 4518.965 um^2
[INFO GPL-0079] New target density: 0.77939403
[INFO GPL-0058] White space area:           474373.712 um^2 (+0.00%)
[INFO GPL-0059] Movable instances area:     369724.031 um^2 (+1.24%)
[INFO GPL-0060] Total filler area:               0.000 um^2 (+0.00%)
[INFO GPL-0061] Total non-inflated area:    369724.019 um^2 (+1.24%)
[INFO GPL-0062] Total inflated area:        374242.985 um^2 (+1.22%)
[INFO GPL-0063] New Target Density:             0.7794
[INFO GPL-0087] Routability end iteration: increase inflation and revert back to snapshot.
Iteration | Overflow |     HPWL (um) |  HPWL(%) |   Penalty | Group
---------------------------------------------------------------
     1320 |   0.5588 |  8.532507e+05 |   -1.90% |  1.13e-09 |      
     1330 |   0.5195 |  9.496220e+05 |  +11.29% |  1.65e-09 |      
     1340 |   0.5040 |  8.996566e+05 |   -5.26% |  2.42e-09 |      
     1350 |   0.4757 |  8.913863e+05 |   -0.92% |  3.56e-09 |      
     1360 |   0.4407 |  8.715121e+05 |   -2.23% |  5.25e-09 |      
     1370 |   0.4088 |  9.047448e+05 |   +3.81% |  7.70e-09 |      
     1380 |   0.3784 |  8.883232e+05 |   -1.82% |  1.13e-08 |      
     1390 |   0.3443 |  8.757074e+05 |   -1.42% |  1.67e-08 |      
     1400 |   0.3153 |  8.730201e+05 |   -0.31% |  2.46e-08 |      
[INFO GPL-0040] Routability iteration: 12
[INFO GPL-0041] Total routing overflow: 37.6211
[INFO GPL-0042] Number of overflowed tiles: 655 (6.42%)
[INFO GPL-0043] Average top 0.5% routing congestion: 1.1785
[INFO GPL-0044] Average top 1.0% routing congestion: 1.1463
[INFO GPL-0045] Average top 2.0% routing congestion: 1.1155
[INFO GPL-0046] Average top 5.0% routing congestion: 1.0714
[INFO GPL-0047] Routability iteration weighted routing congestion: 1.1624
[INFO GPL-0049] Routing congestion (1.1624) higher than minimum (1.1462). Consecutive non-improvement count: 1.
[INFO GPL-0086] Inflated area:                4984.125 um^2 (+1.35%)
[INFO GPL-0052] Placement target density:       0.7794
[INFO GPL-0076] Removing fillers, count: Before: 0, After: 0 (+0.00%)
[INFO GPL-0077] Filler area (um^2)     : Before: 0.000, After: 0.000 (+0.00%)
[INFO GPL-0078] Removed fillers count: 0, area removed: 0.000 um^2. Remaining area to be compensated by modifying density: 4984.125 um^2
[INFO GPL-0079] New target density: 0.7899007
[INFO GPL-0058] White space area:           474373.712 um^2 (+0.00%)
[INFO GPL-0059] Movable instances area:     374708.142 um^2 (+1.35%)
[INFO GPL-0060] Total filler area:               0.000 um^2 (+0.00%)
[INFO GPL-0061] Total non-inflated area:    374708.145 um^2 (+1.35%)
[INFO GPL-0062] Total inflated area:        379692.270 um^2 (+1.33%)
[INFO GPL-0063] New Target Density:             0.7899
[INFO GPL-0087] Routability end iteration: increase inflation and revert back to snapshot.
Iteration | Overflow |     HPWL (um) |  HPWL(%) |   Penalty | Group
---------------------------------------------------------------
     1410 |   0.5723 |  8.410163e+05 |   -3.67% |  1.09e-09 |      
     1420 |   0.5168 |  9.595073e+05 |  +14.09% |  1.58e-09 |      
     1430 |   0.5051 |  9.029178e+05 |   -5.90% |  2.33e-09 |      
     1440 |   0.4771 |  8.997432e+05 |   -0.35% |  3.43e-09 |      
     1450 |   0.4436 |  8.686862e+05 |   -3.45% |  5.05e-09 |      
     1460 |   0.4075 |  9.094552e+05 |   +4.69% |  7.40e-09 |      
     1470 |   0.3811 |  8.917150e+05 |   -1.95% |  1.09e-08 |      
     1480 |   0.3483 |  8.743133e+05 |   -1.95% |  1.61e-08 |      
     1490 |   0.3181 |  8.758084e+05 |   +0.17% |  2.36e-08 |      
[INFO GPL-0040] Routability iteration: 13
[INFO GPL-0041] Total routing overflow: 34.7616
[INFO GPL-0042] Number of overflowed tiles: 666 (6.53%)
[INFO GPL-0043] Average top 0.5% routing congestion: 1.1596
[INFO GPL-0044] Average top 1.0% routing congestion: 1.1349
[INFO GPL-0045] Average top 2.0% routing congestion: 1.1073
[INFO GPL-0046] Average top 5.0% routing congestion: 1.0656
[INFO GPL-0047] Routability iteration weighted routing congestion: 1.1473
[INFO GPL-0049] Routing congestion (1.1473) higher than minimum (1.1462). Consecutive non-improvement count: 2.
[INFO GPL-0086] Inflated area:                4540.343 um^2 (+1.21%)
[INFO GPL-0052] Placement target density:       0.7899
[INFO GPL-0076] Removing fillers, count: Before: 0, After: 0 (+0.00%)
[INFO GPL-0077] Filler area (um^2)     : Before: 0.000, After: 0.000 (+0.00%)
[INFO GPL-0078] Removed fillers count: 0, area removed: 0.000 um^2. Remaining area to be compensated by modifying density: 4540.343 um^2
[INFO GPL-0079] New target density: 0.7994719
[INFO GPL-0058] White space area:           474373.712 um^2 (+0.00%)
[INFO GPL-0059] Movable instances area:     379248.476 um^2 (+1.21%)
[INFO GPL-0060] Total filler area:               0.000 um^2 (+0.00%)
[INFO GPL-0061] Total non-inflated area:    379248.487 um^2 (+1.21%)
[INFO GPL-0062] Total inflated area:        383788.830 um^2 (+1.20%)
[INFO GPL-0063] New Target Density:             0.7995
[INFO GPL-0087] Routability end iteration: increase inflation and revert back to snapshot.
Iteration | Overflow |     HPWL (um) |  HPWL(%) |   Penalty | Group
---------------------------------------------------------------
     1500 |   0.5926 |  8.077977e+05 |   -7.77% |  1.05e-09 |      
     1510 |   0.5149 |  9.724335e+05 |  +20.38% |  1.52e-09 |      
     1520 |   0.5068 |  9.093094e+05 |   -6.49% |  2.24e-09 |      
     1530 |   0.4800 |  9.083401e+05 |   -0.11% |  3.29e-09 |      
     1540 |   0.4450 |  8.697844e+05 |   -4.24% |  4.85e-09 |      
     1550 |   0.4092 |  9.145822e+05 |   +5.15% |  7.12e-09 |      
     1560 |   0.3829 |  8.962694e+05 |   -2.00% |  1.05e-08 |      
     1570 |   0.3509 |  8.751497e+05 |   -2.36% |  1.54e-08 |      
     1580 |   0.3195 |  8.784616e+05 |   +0.38% |  2.27e-08 |      
[INFO GPL-0040] Routability iteration: 14
[INFO GPL-0041] Total routing overflow: 33.6942
[INFO GPL-0042] Number of overflowed tiles: 667 (6.54%)
[INFO GPL-0043] Average top 0.5% routing congestion: 1.1577
[INFO GPL-0044] Average top 1.0% routing congestion: 1.1311
[INFO GPL-0045] Average top 2.0% routing congestion: 1.1030
[INFO GPL-0046] Average top 5.0% routing congestion: 1.0635
[INFO GPL-0047] Routability iteration weighted routing congestion: 1.1444
[INFO GPL-0048] Routing congestion (1.1444) lower than previous minimum (1.146). Updating minimum.
[INFO GPL-0086] Inflated area:                4405.062 um^2 (+1.16%)
[INFO GPL-0052] Placement target density:       0.7995
[INFO GPL-0076] Removing fillers, count: Before: 0, After: 0 (+0.00%)
[INFO GPL-0077] Filler area (um^2)     : Before: 0.000, After: 0.000 (+0.00%)
[INFO GPL-0078] Removed fillers count: 0, area removed: 0.000 um^2. Remaining area to be compensated by modifying density: 4405.061 um^2
[INFO GPL-0079] New target density: 0.808758
[INFO GPL-0058] White space area:           474373.712 um^2 (+0.00%)
[INFO GPL-0059] Movable instances area:     383653.544 um^2 (+1.16%)
[INFO GPL-0060] Total filler area:               0.000 um^2 (+0.00%)
[INFO GPL-0061] Total non-inflated area:    383653.548 um^2 (+1.16%)
[INFO GPL-0062] Total inflated area:        388058.610 um^2 (+1.15%)
[INFO GPL-0063] New Target Density:             0.8088
[INFO GPL-0087] Routability end iteration: increase inflation and revert back to snapshot.
Iteration | Overflow |     HPWL (um) |  HPWL(%) |   Penalty | Group
---------------------------------------------------------------
     1590 |   0.6195 |  7.504513e+05 |  -14.57% |  1.02e-09 |      
     1600 |   0.5110 |  9.878723e+05 |  +31.64% |  1.46e-09 |      
     1610 |   0.5114 |  9.146269e+05 |   -7.41% |  2.15e-09 |      
     1620 |   0.4812 |  9.178692e+05 |   +0.35% |  3.17e-09 |      
     1630 |   0.4460 |  8.713867e+05 |   -5.06% |  4.67e-09 |      
     1640 |   0.4117 |  9.175505e+05 |   +5.30% |  6.85e-09 |      
     1650 |   0.3865 |  8.961161e+05 |   -2.34% |  1.01e-08 |      
     1660 |   0.3551 |  8.776938e+05 |   -2.06% |  1.49e-08 |      
     1670 |   0.3209 |  8.813410e+05 |   +0.42% |  2.19e-08 |      
[INFO GPL-0040] Routability iteration: 15
[INFO GPL-0041] Total routing overflow: 31.4670
[INFO GPL-0042] Number of overflowed tiles: 613 (6.01%)
[INFO GPL-0043] Average top 0.5% routing congestion: 1.1459
[INFO GPL-0044] Average top 1.0% routing congestion: 1.1236
[INFO GPL-0045] Average top 2.0% routing congestion: 1.0991
[INFO GPL-0046] Average top 5.0% routing congestion: 1.0604
[INFO GPL-0047] Routability iteration weighted routing congestion: 1.1348
[INFO GPL-0048] Routing congestion (1.1348) lower than previous minimum (1.144). Updating minimum.
[INFO GPL-0086] Inflated area:                4236.044 um^2 (+1.10%)
[INFO GPL-0052] Placement target density:       0.8088
[INFO GPL-0076] Removing fillers, count: Before: 0, After: 0 (+0.00%)
[INFO GPL-0077] Filler area (um^2)     : Before: 0.000, After: 0.000 (+0.00%)
[INFO GPL-0078] Removed fillers count: 0, area removed: 0.000 um^2. Remaining area to be compensated by modifying density: 4236.044 um^2
[INFO GPL-0079] New target density: 0.8176878
[INFO GPL-0058] White space area:           474373.712 um^2 (+0.00%)
[INFO GPL-0059] Movable instances area:     387889.594 um^2 (+1.10%)
[INFO GPL-0060] Total filler area:               0.000 um^2 (+0.00%)
[INFO GPL-0061] Total non-inflated area:    387889.593 um^2 (+1.10%)
[INFO GPL-0062] Total inflated area:        392125.637 um^2 (+1.09%)
[INFO GPL-0063] New Target Density:             0.8177
[INFO GPL-0087] Routability end iteration: increase inflation and revert back to snapshot.
Iteration | Overflow |     HPWL (um) |  HPWL(%) |   Penalty | Group
---------------------------------------------------------------
     1680 |   0.6184 |  7.538321e+05 |  -14.47% |  1.02e-09 |      
     1690 |   0.5090 |  9.964060e+05 |  +32.18% |  1.46e-09 |      
     1700 |   0.5083 |  9.219637e+05 |   -7.47% |  2.15e-09 |      
     1710 |   0.4824 |  9.192468e+05 |   -0.29% |  3.17e-09 |      
     1720 |   0.4456 |  8.769297e+05 |   -4.60% |  4.66e-09 |      
     1730 |   0.4089 |  9.203645e+05 |   +4.95% |  6.84e-09 |      
     1740 |   0.3851 |  8.980412e+05 |   -2.43% |  1.01e-08 |      
     1750 |   0.3529 |  8.802906e+05 |   -1.98% |  1.48e-08 |      
     1760 |   0.3213 |  8.831060e+05 |   +0.32% |  2.19e-08 |      
[INFO GPL-0040] Routability iteration: 16
[INFO GPL-0041] Total routing overflow: 34.1487
[INFO GPL-0042] Number of overflowed tiles: 673 (6.60%)
[INFO GPL-0043] Average top 0.5% routing congestion: 1.1525
[INFO GPL-0044] Average top 1.0% routing congestion: 1.1302
[INFO GPL-0045] Average top 2.0% routing congestion: 1.1045
[INFO GPL-0046] Average top 5.0% routing congestion: 1.0644
[INFO GPL-0047] Routability iteration weighted routing congestion: 1.1413
[INFO GPL-0049] Routing congestion (1.1413) higher than minimum (1.1348). Consecutive non-improvement count: 1.
[INFO GPL-0086] Inflated area:                4507.837 um^2 (+1.16%)
[INFO GPL-0052] Placement target density:       0.8177
[INFO GPL-0076] Removing fillers, count: Before: 0, After: 0 (+0.00%)
[INFO GPL-0077] Filler area (um^2)     : Before: 0.000, After: 0.000 (+0.00%)
[INFO GPL-0078] Removed fillers count: 0, area removed: 0.000 um^2. Remaining area to be compensated by modifying density: 4507.838 um^2
[INFO GPL-0079] New target density: 0.82719046
[INFO GPL-0058] White space area:           474373.712 um^2 (+0.00%)
[INFO GPL-0059] Movable instances area:     392397.423 um^2 (+1.16%)
[INFO GPL-0060] Total filler area:               0.000 um^2 (+0.00%)
[INFO GPL-0061] Total non-inflated area:    392397.430 um^2 (+1.16%)
[INFO GPL-0062] Total inflated area:        396905.268 um^2 (+1.15%)
[INFO GPL-0063] New Target Density:             0.8272
[INFO GPL-0087] Routability end iteration: increase inflation and revert back to snapshot.
Iteration | Overflow |     HPWL (um) |  HPWL(%) |   Penalty | Group
---------------------------------------------------------------
     1770 |   0.6170 |  7.575174e+05 |  -14.22% |  1.02e-09 |      
     1780 |   0.5077 |  1.004513e+06 |  +32.61% |  1.46e-09 |      
     1790 |   0.5082 |  9.281773e+05 |   -7.60% |  2.15e-09 |      
     1800 |   0.4821 |  9.230923e+05 |   -0.55% |  3.16e-09 |      
     1810 |   0.4448 |  8.838203e+05 |   -4.25% |  4.66e-09 |      
     1820 |   0.4106 |  9.233372e+05 |   +4.47% |  6.84e-09 |      
     1830 |   0.3863 |  9.009987e+05 |   -2.42% |  1.01e-08 |      
     1840 |   0.3566 |  8.823503e+05 |   -2.07% |  1.48e-08 |      
     1850 |   0.3202 |  8.851729e+05 |   +0.32% |  2.18e-08 |      
[INFO GPL-0040] Routability iteration: 17
[INFO GPL-0041] Total routing overflow: 31.4000
[INFO GPL-0042] Number of overflowed tiles: 636 (6.23%)
[INFO GPL-0043] Average top 0.5% routing congestion: 1.1374
[INFO GPL-0044] Average top 1.0% routing congestion: 1.1182
[INFO GPL-0045] Average top 2.0% routing congestion: 1.0961
[INFO GPL-0046] Average top 5.0% routing congestion: 1.0597
[INFO GPL-0047] Routability iteration weighted routing congestion: 1.1278
[INFO GPL-0048] Routing congestion (1.1278) lower than previous minimum (1.135). Updating minimum.
[INFO GPL-0086] Inflated area:                4405.175 um^2 (+1.12%)
[INFO GPL-0052] Placement target density:       0.8272
[INFO GPL-0076] Removing fillers, count: Before: 0, After: 0 (+0.00%)
[INFO GPL-0077] Filler area (um^2)     : Before: 0.000, After: 0.000 (+0.00%)
[INFO GPL-0078] Removed fillers count: 0, area removed: 0.000 um^2. Remaining area to be compensated by modifying density: 4405.175 um^2
[INFO GPL-0079] New target density: 0.8364768
[INFO GPL-0058] White space area:           474373.712 um^2 (+0.00%)
[INFO GPL-0059] Movable instances area:     396802.621 um^2 (+1.12%)
[INFO GPL-0060] Total filler area:               0.000 um^2 (+0.00%)
[INFO GPL-0061] Total non-inflated area:    396802.606 um^2 (+1.12%)
[INFO GPL-0062] Total inflated area:        401207.781 um^2 (+1.11%)
[INFO GPL-0063] New Target Density:             0.8365
[INFO GPL-0087] Routability end iteration: increase inflation and revert back to snapshot.
Iteration | Overflow |     HPWL (um) |  HPWL(%) |   Penalty | Group
---------------------------------------------------------------
     1860 |   0.6157 |  7.606129e+05 |  -14.07% |  1.02e-09 |      
     1870 |   0.5066 |  1.011552e+06 |  +32.99% |  1.46e-09 |      
     1880 |   0.5081 |  9.333737e+05 |   -7.73% |  2.15e-09 |      
     1890 |   0.4813 |  9.266129e+05 |   -0.72% |  3.16e-09 |      
     1900 |   0.4452 |  8.862863e+05 |   -4.35% |  4.66e-09 |      
     1910 |   0.4103 |  9.261234e+05 |   +4.49% |  6.84e-09 |      
     1920 |   0.3848 |  9.032393e+05 |   -2.47% |  1.01e-08 |      
     1930 |   0.3549 |  8.830125e+05 |   -2.24% |  1.48e-08 |      
     1940 |   0.3210 |  8.868282e+05 |   +0.43% |  2.18e-08 |      
[INFO GPL-0040] Routability iteration: 18
[INFO GPL-0041] Total routing overflow: 33.5774
[INFO GPL-0042] Number of overflowed tiles: 664 (6.51%)
[INFO GPL-0043] Average top 0.5% routing congestion: 1.1539
[INFO GPL-0044] Average top 1.0% routing congestion: 1.1290
[INFO GPL-0045] Average top 2.0% routing congestion: 1.1034
[INFO GPL-0046] Average top 5.0% routing congestion: 1.0635
[INFO GPL-0047] Routability iteration weighted routing congestion: 1.1414
[INFO GPL-0049] Routing congestion (1.1414) higher than minimum (1.1278). Consecutive non-improvement count: 1.
[INFO GPL-0086] Inflated area:                4969.775 um^2 (+1.25%)
[INFO GPL-0052] Placement target density:       0.8365
[INFO GPL-0076] Removing fillers, count: Before: 0, After: 0 (+0.00%)
[INFO GPL-0077] Filler area (um^2)     : Before: 0.000, After: 0.000 (+0.00%)
[INFO GPL-0078] Removed fillers count: 0, area removed: 0.000 um^2. Remaining area to be compensated by modifying density: 4969.775 um^2
[INFO GPL-0079] New target density: 0.8469533
[INFO GPL-0058] White space area:           474373.712 um^2 (+0.00%)
[INFO GPL-0059] Movable instances area:     401772.380 um^2 (+1.25%)
[INFO GPL-0060] Total filler area:               0.000 um^2 (+0.00%)
[INFO GPL-0061] Total non-inflated area:    401772.381 um^2 (+1.25%)
[INFO GPL-0062] Total inflated area:        406742.155 um^2 (+1.24%)
[INFO GPL-0063] New Target Density:             0.8470
[INFO GPL-0087] Routability end iteration: increase inflation and revert back to snapshot.
Iteration | Overflow |     HPWL (um) |  HPWL(%) |   Penalty | Group
---------------------------------------------------------------
     1950 |   0.6144 |  7.648322e+05 |  -13.76% |  1.02e-09 |      
     1960 |   0.5041 |  1.020826e+06 |  +33.47% |  1.46e-09 |      
     1970 |   0.5067 |  9.409979e+05 |   -7.82% |  2.15e-09 |      
     1980 |   0.4795 |  9.299623e+05 |   -1.17% |  3.16e-09 |      
     1990 |   0.4461 |  8.914709e+05 |   -4.14% |  4.65e-09 |      
     2000 |   0.4071 |  9.295624e+05 |   +4.27% |  6.83e-09 |      
     2010 |   0.3801 |  9.074330e+05 |   -2.38% |  1.01e-08 |      
     2020 |   0.3529 |  8.854702e+05 |   -2.42% |  1.48e-08 |      
     2030 |   0.3189 |  8.883899e+05 |   +0.33% |  2.18e-08 |      
[INFO GPL-0040] Routability iteration: 19
[INFO GPL-0041] Total routing overflow: 34.9660
[INFO GPL-0042] Number of overflowed tiles: 677 (6.64%)
[INFO GPL-0043] Average top 0.5% routing congestion: 1.1583
[INFO GPL-0044] Average top 1.0% routing congestion: 1.1314
[INFO GPL-0045] Average top 2.0% routing congestion: 1.1045
[INFO GPL-0046] Average top 5.0% routing congestion: 1.0657
[INFO GPL-0047] Routability iteration weighted routing congestion: 1.1449
[INFO GPL-0049] Routing congestion (1.1449) higher than minimum (1.1278). Consecutive non-improvement count: 2.
[INFO GPL-0086] Inflated area:                4933.677 um^2 (+1.23%)
[INFO GPL-0052] Placement target density:       0.8470
[INFO GPL-0076] Removing fillers, count: Before: 0, After: 0 (+0.00%)
[INFO GPL-0077] Filler area (um^2)     : Before: 0.000, After: 0.000 (+0.00%)
[INFO GPL-0078] Removed fillers count: 0, area removed: 0.000 um^2. Remaining area to be compensated by modifying density: 4933.677 um^2
[INFO GPL-0079] New target density: 0.8573537
[INFO GPL-0058] White space area:           474373.712 um^2 (+0.00%)
[INFO GPL-0059] Movable instances area:     406706.061 um^2 (+1.23%)
[INFO GPL-0060] Total filler area:               0.000 um^2 (+0.00%)
[INFO GPL-0061] Total non-inflated area:    406706.057 um^2 (+1.23%)
[INFO GPL-0062] Total inflated area:        411639.734 um^2 (+1.21%)
[INFO GPL-0063] New Target Density:             0.8574
[INFO GPL-0087] Routability end iteration: increase inflation and revert back to snapshot.
Iteration | Overflow |     HPWL (um) |  HPWL(%) |   Penalty | Group
---------------------------------------------------------------
     2040 |   0.5771 |  8.510332e+05 |   -4.20% |  1.05e-09 |      
     2050 |   0.5089 |  1.016074e+06 |  +19.39% |  1.51e-09 |      
     2060 |   0.4981 |  9.487201e+05 |   -6.63% |  2.23e-09 |      
     2070 |   0.4786 |  9.249561e+05 |   -2.50% |  3.28e-09 |      
     2080 |   0.4390 |  9.054262e+05 |   -2.11% |  4.83e-09 |      
     2090 |   0.4054 |  9.277543e+05 |   +2.47% |  7.09e-09 |      
     2100 |   0.3769 |  9.088077e+05 |   -2.04% |  1.04e-08 |      
     2110 |   0.3471 |  8.910954e+05 |   -1.95% |  1.54e-08 |      
     2120 |   0.3195 |  8.894018e+05 |   -0.19% |  2.27e-08 |      
[INFO GPL-0040] Routability iteration: 20
[INFO GPL-0041] Total routing overflow: 35.2079
[INFO GPL-0042] Number of overflowed tiles: 662 (6.49%)
[INFO GPL-0043] Average top 0.5% routing congestion: 1.1686
[INFO GPL-0044] Average top 1.0% routing congestion: 1.1384
[INFO GPL-0045] Average top 2.0% routing congestion: 1.1078
[INFO GPL-0046] Average top 5.0% routing congestion: 1.0664
[INFO GPL-0047] Routability iteration weighted routing congestion: 1.1535
[INFO GPL-0049] Routing congestion (1.1535) higher than minimum (1.1278). Consecutive non-improvement count: 3.
[INFO GPL-0086] Inflated area:                5094.634 um^2 (+1.25%)
[INFO GPL-0052] Placement target density:       0.8574
[INFO GPL-0076] Removing fillers, count: Before: 0, After: 0 (+0.00%)
[INFO GPL-0077] Filler area (um^2)     : Before: 0.000, After: 0.000 (+0.00%)
[INFO GPL-0078] Removed fillers count: 0, area removed: 0.000 um^2. Remaining area to be compensated by modifying density: 5094.634 um^2
[INFO GPL-0079] New target density: 0.86809343
[INFO GPL-0054] No improvement in routing congestion for 3 consecutive iterations (limit is 3).
[INFO GPL-0055] Reverting inflation values and target density from the iteration with minimum observed routing congestion.
[INFO GPL-0056] Minimum observed routing congestion: 1.1278
[INFO GPL-0057] Target density at minimum routing congestion: 0.8272
[INFO GPL-0080] Restoring 0 previously removed fillers.
[INFO GPL-0089] Routability finished. Reverting to minimal observed routing congestion, could not reach target.
Iteration | Overflow |     HPWL (um) |  HPWL(%) |   Penalty | Group
---------------------------------------------------------------
     2130 |   0.5736 |  8.141285e+05 |   -8.46% |  1.05e-09 |      
     2140 |   0.4999 |  9.848484e+05 |  +20.97% |  1.52e-09 |      
     2150 |   0.4945 |  9.188237e+05 |   -6.70% |  2.24e-09 |      
     2160 |   0.4666 |  9.170973e+05 |   -0.19% |  3.29e-09 |      
     2170 |   0.4324 |  8.773873e+05 |   -4.33% |  4.85e-09 |      
     2180 |   0.3968 |  9.193444e+05 |   +4.78% |  7.12e-09 |      
     2190 |   0.3730 |  8.973931e+05 |   -2.39% |  1.05e-08 |      
     2200 |   0.3434 |  8.801852e+05 |   -1.92% |  1.54e-08 |      
     2210 |   0.3127 |  8.833826e+05 |   +0.36% |  2.27e-08 |      
     2220 |   0.2813 |  8.767674e+05 |   -0.75% |  3.35e-08 |      
     2230 |   0.2517 |  8.746837e+05 |   -0.24% |  4.93e-08 |      
     2240 |   0.2243 |  8.729930e+05 |   -0.19% |  7.27e-08 |      
     2250 |   0.1976 |  8.731650e+05 |   +0.02% |  1.07e-07 |      
[INFO GPL-0100] Timing-driven iteration 2/2, virtual: false.
[INFO GPL-0101]    Iter: 2253, overflow: 0.193, keep resizer changes at: 1, HPWL: 873445951
Iteration |   Area    | Resized | Buffers | Nets repaired | Remaining
---------------------------------------------------------------------
        0 |     +0.0% |       0 |       0 |             0 |     31493
    final |     +0.2% |      35 |      29 |            45 |         0
---------------------------------------------------------------------
[INFO RSZ-0034] Found 42 slew violations.
[INFO RSZ-0036] Found 8 capacitance violations.
[INFO RSZ-0039] Resized 35 instances.
[INFO RSZ-0038] Inserted 29 buffers in 45 nets.
   Iter   |    Area   | Removed | Inserted |   Pins
          |           | Buffers | Buffers  | Remaining
-------------------------------------------------------
        0 |     +0.0% |       0 |        0 |     28311
     2800 |     -0.1% |     170 |      137 |     25511
     5600 |     -0.4% |     427 |      293 |     22711
     8400 |     -0.5% |     570 |      390 |     19911
    11200 |     -0.6% |     713 |      509 |     17111
    14000 |     -0.5% |     767 |      596 |     14311
    16800 |     -0.4% |     870 |      720 |     11511
    19600 |     -0.3% |    1056 |      957 |      8711
    22400 |     -0.2% |    1132 |     1065 |      5911
    25200 |     +0.1% |    1325 |     1360 |      3111
    28000 |     +0.6% |    1332 |     1541 |       311
    final |     +0.7% |    1356 |     1589 |         0
-------------------------------------------------------
[INFO GPL-0106] Timing-driven: worst slack -3.6949999e-09
[INFO GPL-0107] Timing-driven: repair_design delta area: -854.109 um^2 (-0.21%)
[INFO GPL-0108] Timing-driven: repair_design, gpl delta gcells: 262 (+0.85%)
[INFO GPL-0109] Timing-driven: repair_design, gcells created: 1618, deleted: 1356
[INFO GPL-0110] Timing-driven: new target density: 0.8555532
Iteration | Overflow |     HPWL (um) |  HPWL(%) |   Penalty | Group
---------------------------------------------------------------
     2260 |   0.1694 |  9.244809e+05 |   +5.88% |  1.57e-07 |      
     2270 |   0.1455 |  9.152292e+05 |   -1.00% |  2.31e-07 |      
     2280 |   0.1223 |  9.105187e+05 |   -0.51% |  3.40e-07 |      
     2290 |   0.1039 |  9.082269e+05 |   -0.25% |  5.02e-07 |      
     2293 |   0.0982 |  9.079305e+05 |          |  5.86e-07 |      
---------------------------------------------------------------
[INFO GPL-1001] Global placement finished at iteration 2293
[INFO GPL-1017] Routability mode iteration count: 1875
[INFO GPL-1005] Routability final weighted congestion: 1.1333
[INFO GPL-1002] Placed Cell Area            391543.3214
[INFO GPL-1003] Available Free Area         474373.7120
[INFO GPL-1004] Minimum Feasible Density        0.5800 (cell_area / free_area)
[INFO GPL-1006]   Suggested Target Densities:
[INFO GPL-1007]     - For 90% usage of free space: 0.9171
[INFO GPL-1008]     - For 80% usage of free space: 1.0317
[INFO GPL-1011] Original area (um^2): 272616.93
[INFO GPL-1012] Total routability artificial inflation: 106931.99 (+39.22%)
[INFO GPL-1013] Total timing-driven delta area: 11994.40 (+4.40%)
[INFO GPL-1014] Final placement area: 391543.32 (+43.62%)
Took 182 seconds: global_placement -density 0.6949999874830246 -pad_left 0 -pad_right 0 -routability_driven -timing_driven -force_center_initial_place -min_phi_coef 0.95 -max_phi_coef 1.05
estimate_parasitics -placement
Report metrics stage 3, global place...

==========================================================================
global place report_design_area
--------------------------------------------------------------------------
Design area 270527 um^2 56% utilization.
write_db /work/results/sky130hd/m7_j2/p13p0/3_3_place_gp.odb
Elapsed time: 3:07.43[h:]min:sec. CPU time: user 4675.31 sys 24.55 (2507%). Peak memory: 563108KB.
Log                       Ext     Elapsed/s Peak Memory/MB sha1sum result [0:20)
3_3_place_gp              .odb          187            549 17a7e912e4694572ddd1
/OpenROAD-flow-scripts/flow/scripts/flow.sh 3_4_place_resized resize
Running resize.tcl, stage 3_4_place_resized
read_liberty /OpenROAD-flow-scripts/flow/platforms/sky130hd/lib/sky130_fd_sc_hd__tt_025C_1v80.lib
read_db -hier /work/results/sky130hd/m7_j2/p13p0/3_3_place_gp.odb
[WARNING ORD-0012] Hierarchical flow (-hier) is currently in development and may cause multiple issues. Do not use in production environments.
read_sdc /work/results/sky130hd/m7_j2/p13p0/2_floorplan.sdc
source /OpenROAD-flow-scripts/flow/platforms/sky130hd/setRC.tcl
estimate_parasitics -placement
replace_arith_modules -path_count 1000 -target setup -slack_threshold 0.0
[INFO RSZ-0151] Starting arithmetic module replacement to optimize 'setup' target
[INFO RSZ-0152] Analyzing 1000 critical paths with slack < 0.00
[INFO RSZ-0153] Identified 0 violating endpoints
[INFO RSZ-0154] Identified 0 critical arithmetic instances
[INFO GPL-0083] Execute incremental mode global placement.
[INFO GPL-0001] ---- Initialize GPL Main Data Structures
[INFO GPL-0002] DBU: 1000
[INFO GPL-0003] SiteSize: (  0.460  2.720 ) um
[INFO GPL-0004] CoreBBox: (  1.380  2.720 ) ( 696.900 696.320 ) um
[INFO GPL-0016] Core area:                  482412.672 um^2
[INFO GPL-0036] Movable instances area:     262487.997 um^2
[INFO GPL-0037] Total instances area:       270526.957 um^2
[INFO GPL-0035] Pin density area adjust:     25819.717 um^2
[INFO GPL-0032] ---- Initialize Region: Top-level
[INFO GPL-0006] Number of instances:             37479
[INFO GPL-0007] Movable instances:               31054
[INFO GPL-0008] Fixed instances:                  6425
[INFO GPL-0009] Dummy instances:                     0
[INFO GPL-0010] Number of nets:                  31249
[INFO GPL-0011] Number of pins:                 112582
[INFO GPL-0012] Die BBox:       (  0.000  0.000 ) ( 698.135 698.135 ) um
[INFO GPL-0013] Placement BBox: (  1.380  2.720 ) ( 696.900 696.320 ) um
[INFO GPL-0014] Region name: top-level.
[INFO GPL-0015] Region area:                482412.672 um^2
[INFO GPL-0017] Fixed instances area:         8038.960 um^2
[INFO GPL-0018] Movable instances area:     288307.714 um^2
[INFO GPL-0019] Utilization:                    60.776 %
[INFO GPL-0020] Standard cells area:        288307.714 um^2
[INFO GPL-0021] Large instances area:            0.000 um^2
[INFO GPL-0154] Identified 31054 placed instances
[INFO GPL-0155] Identified 0 not placed instances
[INFO GPL-0156] Identified all instances as placed. Skipping incremental mode
Perform buffer insertion and gate resizing...
repair_design -verbose -match_cell_footprint
Iteration |   Area    | Resized | Buffers | Nets repaired | Remaining
---------------------------------------------------------------------
        0 |     +0.0% |       0 |       0 |             0 |     31755
     1000 |     +0.0% |       0 |       0 |             0 |     30755
     2000 |     +0.0% |       0 |       0 |             0 |     29755
     3000 |     +0.0% |       0 |       0 |             0 |     28755
     4000 |     +0.0% |       0 |       0 |             0 |     27755
     5000 |     +0.0% |       0 |       0 |             0 |     26755
     6000 |     +0.0% |       0 |       0 |             0 |     25755
     7000 |     +0.0% |       0 |       0 |             0 |     24755
     8000 |     +0.0% |       0 |       0 |             0 |     23755
     9000 |     +0.0% |       1 |       1 |             1 |     22755
    10000 |     +0.0% |       1 |       1 |             1 |     21755
    11000 |     +0.0% |       1 |       1 |             1 |     20755
    12000 |     +0.0% |       1 |       1 |             1 |     19755
    13000 |     +0.0% |       1 |       1 |             1 |     18755
    14000 |     +0.0% |       1 |       1 |             1 |     17755
    15000 |     +0.0% |       1 |       1 |             1 |     16755
    16000 |     +0.0% |       1 |       1 |             1 |     15755
    17000 |     +0.0% |       1 |       1 |             1 |     14755
    18000 |     +0.0% |       1 |       1 |             1 |     13755
    19000 |     +0.0% |       1 |       1 |             1 |     12755
    20000 |     +0.0% |       1 |       1 |             1 |     11755
    21000 |     +0.0% |       1 |       1 |             1 |     10755
    22000 |     +0.0% |       1 |       1 |             1 |      9755
    23000 |     +0.0% |       1 |       1 |             1 |      8755
    24000 |     +0.0% |       1 |       1 |             1 |      7755
    25000 |     +0.0% |       1 |       1 |             1 |      6755
    26000 |     +0.0% |       1 |       1 |             1 |      5755
    27000 |     +0.0% |       1 |       1 |             1 |      4755
    28000 |     +0.0% |       1 |       1 |             1 |      3755
    29000 |     +0.0% |       1 |       1 |             1 |      2755
    30000 |     +0.0% |       1 |       1 |             1 |      1755
    31000 |     +0.0% |       1 |       1 |             1 |       755
    final |     +0.0% |       1 |       1 |             1 |         0
---------------------------------------------------------------------
[INFO RSZ-0034] Found 1 slew violations.
[INFO RSZ-0039] Resized 1 instances.
[INFO RSZ-0038] Inserted 1 buffers in 1 nets.
[INFO RSZ-0504] Runtime: 2.09s
Floating nets: 
Report metrics stage 3, resizer...

==========================================================================
resizer report_design_area
--------------------------------------------------------------------------
Design area 270533 um^2 56% utilization.
Instance count before 37479, after 37480
Pin count before 112812, after 112814
write_db /work/results/sky130hd/m7_j2/p13p0/3_4_place_resized.odb
Elapsed time: 0:10.60[h:]min:sec. CPU time: user 15.97 sys 7.19 (218%). Peak memory: 309292KB.
Log                       Ext     Elapsed/s Peak Memory/MB sha1sum result [0:20)
3_4_place_resized         .odb           10            302 11f0948ae0de8563a217
/OpenROAD-flow-scripts/flow/scripts/flow.sh 3_5_place_dp detail_place
Running detail_place.tcl, stage 3_5_place_dp
read_liberty /OpenROAD-flow-scripts/flow/platforms/sky130hd/lib/sky130_fd_sc_hd__tt_025C_1v80.lib
read_db -hier /work/results/sky130hd/m7_j2/p13p0/3_4_place_resized.odb
[WARNING ORD-0012] Hierarchical flow (-hier) is currently in development and may cause multiple issues. Do not use in production environments.
read_sdc /work/results/sky130hd/m7_j2/p13p0/2_floorplan.sdc
source /OpenROAD-flow-scripts/flow/platforms/sky130hd/setRC.tcl
detailed_placement
[INFO DPL-0006] Core area: 482412.67 um^2
[INFO DPL-0007] Movable instances area: 262494.25 um^2
[INFO DPL-0008] Fixed instances area within core: 8038.96 um^2
[INFO DPL-0009] Utilization: 56.1%
[INFO DPL-0005] Diamond search max displacement: +/- 500 sites horizontally, +/- 100 rows vertically.
[INFO DPL-1102] Legalizing using negotiation legalizer.
[INFO DPL-1103] Negotiation base search window: +/-20 sites horizontally, +/-5 rows vertically 
	Automatic search window extension enabled.
	Search window extendable up to the max displacement cap of +/-500 sites, +/-100 rows near walls.
[INFO DPL-1104] NegotiationLegalizer DRC penalty: 5.
[INFO DPL-0392] Negotiation cell height distribution (1 unique row-count(s)):
[INFO DPL-0393]   height 1 row(s): 37480 cells
          |      Total |  Illegal |  Illegal
Iteration | Violations |    Cells |    Sites
---------------------------------------------
        0 |       3621 |       763 |      2858
        1 |       1228 |       176 |      1052
        2 |        854 |       108 |       746
        3 |        442 |        50 |       392
        4 |        257 |        27 |       230
        5 |        223 |        19 |       204
        6 |        113 |        13 |       100
        7 |         56 |         8 |        48
        8 |         65 |        11 |        54
        9 |         36 |         4 |        32
       10 |         16 |         2 |        14
       11 |          0 |         0 |         0
Negotiation phase 1 converged at iteration 11.
[INFO DPL-0500] Runtime: 0.62s
Placement Analysis
---------------------------------
total displacement     109139.1 u
average displacement        2.9 u
max displacement           27.2 u
original HPWL          908889.8 u
legalized HPWL        1011410.7 u
delta HPWL                   11 %

improve_placement -max_displacement "5 1"
Detailed placement improvement.
[INFO DPL-0401] Setting random seed to 1.
[INFO DPL-0402] Setting maximum displacement 5 1 to 13600 2720 units.
[INFO DPL-0320] Collected 6701 fixed cells.
[INFO DPL-0318] Collected 31055 single height cells.
[INFO DPL-0321] Collected 0 wide cells.
[INFO DPL-0322] Image (1380, 2720) - (696900, 696320)
[INFO DPL-0310] Assigned 31055 cells into segments.  Movement in X-direction is 0.000000, movement in Y-direction is 0.000000.
[INFO DPL-0313] Found 0 cells in wrong regions.
[INFO DPL-0315] Found 0 row alignment problems.
[INFO DPL-0314] Found 0 site alignment problems.
[INFO DPL-0311] Found 0 overlaps between adjacent cells.
[INFO DPL-0312] Found 0 edge spacing violations and 0 padding violations.
[INFO DPL-0303] Running algorithm for independent set matching.
[INFO DPL-0300] Set matching objective is wirelength.
[INFO DPL-0301] Pass   1 of matching; objective is 1.011413e+09.
[INFO DPL-0302] End of matching; objective is 1.010594e+09, improvement is 0.08 percent.
[INFO DPL-0303] Running algorithm for global swaps.
[INFO DPL-0306] Pass   1 of global swaps; hpwl is 9.950237e+08.
[INFO DPL-0306] Pass   2 of global swaps; hpwl is 9.919223e+08.
[INFO DPL-0307] End of global swaps; objective is 9.919223e+08, improvement is 1.85 percent.
[INFO DPL-0303] Running algorithm for vertical swaps.
[INFO DPL-0308] Pass   1 of vertical swaps; hpwl is 9.879885e+08.
[INFO DPL-0309] End of vertical swaps; objective is 9.879885e+08, improvement is 0.40 percent.
[INFO DPL-0303] Running algorithm for reordering.
[INFO DPL-0304] Pass   1 of reordering; objective is 9.868823e+08.
[INFO DPL-0305] End of reordering; objective is 9.868823e+08, improvement is 0.11 percent.
[INFO DPL-0303] Running algorithm for random improvement.
[INFO DPL-0324] Random improver is using random generator.
[INFO DPL-0325] Random improver is using hpwl objective.
[INFO DPL-0326] Random improver cost string is (a).
[INFO DPL-0332] End of pass, Generator random called 621100 times.
[INFO DPL-0335] Generator random, Cumulative attempts 621100, swaps 90099, moves 157311 since last reset.
[INFO DPL-0333] End of pass, Objective hpwl, Initial cost 9.818909e+08, Scratch cost 9.703655e+08, Incremental cost 9.703655e+08, Mismatch? N
[INFO DPL-0338] End of pass, Total cost is 9.703655e+08.
[INFO DPL-0327] Pass   1 of random improver; improvement in cost is 1.17 percent.
[INFO DPL-0332] End of pass, Generator random called 621100 times.
[INFO DPL-0335] Generator random, Cumulative attempts 1242200, swaps 176092, moves 314431 since last reset.
[INFO DPL-0333] End of pass, Objective hpwl, Initial cost 9.703655e+08, Scratch cost 9.663837e+08, Incremental cost 9.663837e+08, Mismatch? N
[INFO DPL-0338] End of pass, Total cost is 9.663837e+08.
[INFO DPL-0327] Pass   2 of random improver; improvement in cost is 0.41 percent.
[INFO DPL-0328] End of random improver; improvement is 1.579317 percent.
[INFO DPL-0380] Cell flipping.
[INFO DPL-0382] Changed 0 cell orientations for row compatibility.
[INFO DPL-0383] Performed 8422 cell flips.
[INFO DPL-0384] End of flipping; objective is 9.605738e+08, improvement is 1.11 percent.
[INFO DPL-0313] Found 0 cells in wrong regions.
[INFO DPL-0315] Found 0 row alignment problems.
[INFO DPL-0314] Found 0 site alignment problems.
[INFO DPL-0311] Found 0 overlaps between adjacent cells.
[INFO DPL-0312] Found 0 edge spacing violations and 0 padding violations.
Detailed Improvement Results
------------------------------------------
Original HPWL          1011410.7 u (  405164.4,   606246.3)
Final HPWL              960420.7 u (  392231.3,   568189.4)
Delta HPWL                  -5.0 % (      -3.2,       -6.3)

Took 6 seconds: improve_placement -max_displacement "5 1"
optimize_mirroring
[INFO DPL-0020] Mirrored 1474 instances
[INFO DPL-0021] HPWL before          960420.7 u
[INFO DPL-0022] HPWL after           960025.8 u
[INFO DPL-0023] HPWL delta               -0.0 %
[INFO FLW-0012] Placement violations .
estimate_parasitics -placement
Report metrics stage 3, detailed place...

==========================================================================
detailed place report_design_area
--------------------------------------------------------------------------
Design area 270533 um^2 56% utilization.
write_db /work/results/sky130hd/m7_j2/p13p0/3_5_place_dp.odb
write_sdc -no_timestamp /work/results/sky130hd/m7_j2/p13p0/3_place.sdc
Elapsed time: 0:14.49[h:]min:sec. CPU time: user 19.58 sys 6.93 (183%). Peak memory: 348808KB.
Log                       Ext     Elapsed/s Peak Memory/MB sha1sum result [0:20)
3_5_place_dp              .odb           14            340 fce57cec9a515c3ed190
cp /work/results/sky130hd/m7_j2/p13p0/3_5_place_dp.odb /work/results/sky130hd/m7_j2/p13p0/3_place.odb
/OpenROAD-flow-scripts/flow/scripts/flow.sh 4_1_cts cts
Running cts.tcl, stage 4_1_cts
read_liberty /OpenROAD-flow-scripts/flow/platforms/sky130hd/lib/sky130_fd_sc_hd__tt_025C_1v80.lib
read_db -hier /work/results/sky130hd/m7_j2/p13p0/3_place.odb
[WARNING ORD-0012] Hierarchical flow (-hier) is currently in development and may cause multiple issues. Do not use in production environments.
read_sdc /work/results/sky130hd/m7_j2/p13p0/3_place.sdc
source /OpenROAD-flow-scripts/flow/platforms/sky130hd/setRC.tcl
clock_tree_synthesis -sink_clustering_enable -repair_clock_nets -sink_clustering_size 20 -sink_clustering_max_diameter 50
[INFO CTS-0050] Root buffer is sky130_fd_sc_hd__clkbuf_16.
[INFO CTS-0051] Sink buffer is sky130_fd_sc_hd__clkbuf_16.
[INFO CTS-0052] The following clock buffers will be used for CTS:
                    sky130_fd_sc_hd__clkbuf_16
[INFO CTS-0049] Characterization buffer is sky130_fd_sc_hd__clkbuf_16.
[INFO CTS-0007] Net "clk" found for clock "core_clock".
[INFO CTS-0011]  Clock net "clk" for macros has 1 sinks.
[INFO CTS-0011]  Clock net "clk_regs" for registers has 692 sinks.
[INFO CTS-0010]  Clock net "_14855_" has 2190 sinks.
[INFO CTS-0008] TritonCTS found 3 clock nets.
[INFO CTS-0097] Characterization used 1 buffer(s) types.
[INFO CTS-0201] 0 blockages from hard placement blockages and placed macros will be used.
[INFO CTS-0027] Generating H-Tree topology for net clk.
[INFO CTS-0028]  Total number of sinks: 1.
[INFO CTS-0060]  Macro  sinks will be clustered in groups of up to 4 and based on buffer max cap.
[INFO CTS-0030]  Number of static layers: 0.
[INFO CTS-0020]  Wire segment unit: 13600  dbu (13 um).
[INFO CTS-0023]  Original sink region: [(276467, 424050), (276467, 424050)].
[INFO CTS-0024]  Normalized sink region: [(20.3285, 31.1801), (20.3285, 31.1801)].
[INFO CTS-0025]     Width:  0.0000.
[INFO CTS-0026]     Height: 0.0000.
 Level 1
    Direction: Vertical
    Sinks per sub-region: 1
    Sub-region size: 0.0000 X 0.0000
[INFO CTS-0034]     Segment length (rounded): 1.
[INFO CTS-0038]  Stop criterion found. Sink region hpwl is smaller than max wirelength (1911.535 um) and max number of sinks is 15.
[INFO CTS-0035]  Number of sinks covered: 1.
[INFO CTS-0201] 0 blockages from hard placement blockages and placed macros will be used.
[INFO CTS-0027] Generating H-Tree topology for net clk_regs.
[INFO CTS-0028]  Total number of sinks: 692.
[INFO CTS-0029]  Register sinks will be clustered in groups of up to 20 and with maximum cluster diameter of 50.0 um.
[INFO CTS-0030]  Number of static layers: 0.
[INFO CTS-0020]  Wire segment unit: 13600  dbu (13 um).
[INFO CTS-0204] A clustering solution was found from clustering size of 20 and clustering diameter of 50.
[INFO CTS-0205] Better solution may be possible if either -sink_clustering_size, -sink_clustering_max_diameter, or both options are omitted to enable automatic clustering.
[INFO CTS-0019]  Total number of sinks after clustering: 52.
[INFO CTS-0024]  Normalized sink region: [(0.290074, 1.35286), (35.9552, 50.6991)].
[INFO CTS-0025]     Width:  35.6651.
[INFO CTS-0026]     Height: 49.3463.
 Level 1
    Direction: Vertical
    Sinks per sub-region: 26
    Sub-region size: 35.6651 X 24.6731
[INFO CTS-0034]     Segment length (rounded): 12.
 Level 2
    Direction: Horizontal
    Sinks per sub-region: 13
    Sub-region size: 17.8326 X 24.6731
[INFO CTS-0034]     Segment length (rounded): 8.
[INFO CTS-0038]  Stop criterion found. Sink region hpwl is smaller than max wirelength (1911.535 um) and max number of sinks is 15.
[INFO CTS-0035]  Number of sinks covered: 52.
[INFO CTS-0201] 0 blockages from hard placement blockages and placed macros will be used.
[INFO CTS-0027] Generating H-Tree topology for net _14855_.
[INFO CTS-0028]  Total number of sinks: 2190.
[INFO CTS-0029]  Register sinks will be clustered in groups of up to 20 and with maximum cluster diameter of 50.0 um.
[INFO CTS-0030]  Number of static layers: 0.
[INFO CTS-0020]  Wire segment unit: 13600  dbu (13 um).
[INFO CTS-0204] A clustering solution was found from clustering size of 20 and clustering diameter of 50.
[INFO CTS-0205] Better solution may be possible if either -sink_clustering_size, -sink_clustering_max_diameter, or both options are omitted to enable automatic clustering.
[INFO CTS-0019]  Total number of sinks after clustering: 254.
[INFO CTS-0024]  Normalized sink region: [(0.327279, 11.8864), (39.3055, 50.6319)].
[INFO CTS-0025]     Width:  38.9782.
[INFO CTS-0026]     Height: 38.7455.
 Level 1
    Direction: Horizontal
    Sinks per sub-region: 127
    Sub-region size: 19.4891 X 38.7455
[INFO CTS-0034]     Segment length (rounded): 10.
 Level 2
    Direction: Vertical
    Sinks per sub-region: 64
    Sub-region size: 19.4891 X 19.3727
[INFO CTS-0034]     Segment length (rounded): 10.
 Level 3
    Direction: Horizontal
    Sinks per sub-region: 32
    Sub-region size: 9.7446 X 19.3727
[INFO CTS-0034]     Segment length (rounded): 4.
 Level 4
    Direction: Vertical
    Sinks per sub-region: 16
    Sub-region size: 9.7446 X 9.6864
[INFO CTS-0034]     Segment length (rounded): 4.
 Level 5
    Direction: Horizontal
    Sinks per sub-region: 8
    Sub-region size: 4.8723 X 9.6864
[INFO CTS-0034]     Segment length (rounded): 2.
[INFO CTS-0038]  Stop criterion found. Sink region hpwl is smaller than max wirelength (1911.535 um) and max number of sinks is 15.
[INFO CTS-0035]  Number of sinks covered: 254.
[INFO CTS-0018]     Created 2 clock buffers.
[INFO CTS-0012]     Minimum number of buffers in the clock path: 2.
[INFO CTS-0013]     Maximum number of buffers in the clock path: 2.
[INFO CTS-0015]     Created 2 clock nets.
[INFO CTS-0016]     Fanout distribution for the current clock = 1:1..
[INFO CTS-0017]     Max level of the clock tree: 1.
[INFO CTS-0018]     Created 57 clock buffers.
[INFO CTS-0012]     Minimum number of buffers in the clock path: 3.
[INFO CTS-0013]     Maximum number of buffers in the clock path: 3.
[INFO CTS-0015]     Created 57 clock nets.
[INFO CTS-0016]     Fanout distribution for the current clock = 3:2, 4:2, 5:5, 6:1, 7:1, 8:1, 9:4, 10:2, 11:3, 12:3, 13:2, 14:6, 16:5, 17:2, 18:1, 19:3, 20:13..
[INFO CTS-0017]     Max level of the clock tree: 2.
[INFO CTS-0018]     Created 291 clock buffers.
[INFO CTS-0012]     Minimum number of buffers in the clock path: 4.
[INFO CTS-0013]     Maximum number of buffers in the clock path: 4.
[INFO CTS-0015]     Created 291 clock nets.
[INFO CTS-0016]     Fanout distribution for the current clock = 2:8, 3:9, 4:24, 5:20, 6:27, 7:30, 8:33, 9:32, 10:28, 11:20, 12:12, 13:13, 14:7, 15:9, 16:8, 17:3, 18:1, 19:2..
[INFO CTS-0017]     Max level of the clock tree: 5.
[INFO CTS-0124] Clock net "clk"
[INFO CTS-0125]  Sinks 1
[INFO CTS-0098] Clock net "clk_regs"
[INFO CTS-0099]  Sinks 743
[INFO CTS-0100]  Leaf buffers 52
[INFO CTS-0101]  Average sink wire length 423.95 um
[INFO CTS-0102]  Path depth 2 - 3
[INFO CTS-0207]  Dummy loads inserted 51
[INFO CTS-0098] Clock net "_14855_"
[INFO CTS-0099]  Sinks 2433
[INFO CTS-0100]  Leaf buffers 254
[INFO CTS-0101]  Average sink wire length 432.80 um
[INFO CTS-0102]  Path depth 3 - 4
[INFO CTS-0207]  Dummy loads inserted 243
[INFO CTS-0033] Balancing latency for clock core_clock
[INFO CTS-0036]  inserted 3 delay buffers
[INFO CTS-0037] Total number of delay buffers: 3
[INFO CTS-0500] Runtime: 1.50s
estimate_parasitics -placement
detailed_placement
[INFO DPL-0006] Core area: 482412.67 um^2
[INFO DPL-0007] Movable instances area: 275086.33 um^2
[INFO DPL-0008] Fixed instances area within core: 8038.96 um^2
[INFO DPL-0009] Utilization: 58.7%
[INFO DPL-0005] Diamond search max displacement: +/- 500 sites horizontally, +/- 100 rows vertically.
[INFO DPL-1102] Legalizing using negotiation legalizer.
[INFO DPL-1103] Negotiation base search window: +/-20 sites horizontally, +/-5 rows vertically 
	Automatic search window extension enabled.
	Search window extendable up to the max displacement cap of +/-500 sites, +/-100 rows near walls.
[INFO DPL-1104] NegotiationLegalizer DRC penalty: 5.
[INFO DPL-0392] Negotiation cell height distribution (1 unique row-count(s)):
[INFO DPL-0393]   height 1 row(s): 38128 cells
          |      Total |  Illegal |  Illegal
Iteration | Violations |    Cells |    Sites
---------------------------------------------
        0 |       3285 |       477 |      2808
        1 |       2532 |       289 |      2237
        2 |       1609 |       159 |      1450
        3 |       1174 |       123 |      1051
        4 |        929 |        97 |       832
        5 |        783 |        69 |       714
        6 |        367 |        41 |       326
        7 |        318 |        34 |       284
        8 |        329 |        34 |       295
        9 |        266 |        20 |       246
       10 |        167 |        13 |       154
       20 |         67 |         5 |        62
       21 |          0 |         0 |         0
Negotiation phase 1 converged at iteration 21.
[INFO DPL-0500] Runtime: 0.65s
Placement Analysis
---------------------------------
total displacement      36626.9 u
average displacement        1.0 u
max displacement           55.0 u
original HPWL          983993.6 u
legalized HPWL        1005852.7 u
delta HPWL                    2 %

estimate_parasitics -placement
repair_timing -setup_margin 0 -hold_margin 0 -repair_tns 100 -match_cell_footprint -verbose
[INFO RSZ-0100] Repair move sequence: UnbufferMove SizeUpMove SwapPinsMove BufferMove CloneMove SplitLoadMove 
[INFO RSZ-0094] Found 1 endpoints with setup violations.
[INFO RSZ-0099] Repairing 1 out of 1 (100.00%) violating endpoints...
   Iter   | Removed | Resized | Inserted | Cloned |  Pin  |   Area   |    WNS   |   StTNS    |   EnTNS    |  Viol  |  Worst  
          | Buffers |  Gates  | Buffers  |  Gates | Swaps |          |          |            |            | Endpts | St/EnPt 
------------------------------------------------------------------------------------------------------------------------------
       0* |       0 |       0 |        0 |      0 |     0 |    +0.0% |   -0.536 |     -139.2 |       -0.5 |      1 | data_req_o
      10* |       0 |       5 |        8 |      0 |     1 |    +0.0% |   -0.088 |     -136.9 |       -0.1 |      1 | data_req_o
      14* |       0 |       8 |       10 |      0 |     1 |    +0.1% |    0.052 |     -136.7 |        0.0 |      1 | data_req_o
      14* |       0 |       8 |       10 |      0 |     1 |    +0.1% |    0.052 |     -136.7 |        0.0 |      1 | data_req_o
    final |       0 |       8 |       10 |      0 |     1 |    +0.1% |    0.052 |     -136.7 |        0.0 |      0 | data_req_o
------------------------------------------------------------------------------------------------------------------------------
[INFO RSZ-0040] Inserted 10 buffers.
[INFO RSZ-0051] Resized 8 instances: 8 up, 0 up match, 0 down, 0 VT
[INFO RSZ-0043] Swapped pins on 1 instances.
[INFO RSZ-0505] Runtime: 1.32s
[INFO RSZ-0033] No hold violations found.
[INFO RSZ-0506] Runtime: 0.02s
detailed_placement
[INFO DPL-0006] Core area: 482412.67 um^2
[INFO DPL-0007] Movable instances area: 275236.47 um^2
[INFO DPL-0008] Fixed instances area within core: 8038.96 um^2
[INFO DPL-0009] Utilization: 58.7%
[INFO DPL-0005] Diamond search max displacement: +/- 500 sites horizontally, +/- 100 rows vertically.
[INFO DPL-1102] Legalizing using negotiation legalizer.
[INFO DPL-1103] Negotiation base search window: +/-20 sites horizontally, +/-5 rows vertically 
	Automatic search window extension enabled.
	Search window extendable up to the max displacement cap of +/-500 sites, +/-100 rows near walls.
[INFO DPL-1104] NegotiationLegalizer DRC penalty: 5.
[INFO DPL-0392] Negotiation cell height distribution (1 unique row-count(s)):
[INFO DPL-0393]   height 1 row(s): 38138 cells
          |      Total |  Illegal |  Illegal
Iteration | Violations |    Cells |    Sites
---------------------------------------------
        0 |         38 |         8 |        30
        1 |         20 |         2 |        18
        2 |         29 |         3 |        26
        3 |         39 |         3 |        36
        4 |         44 |         2 |        42
        5 |          0 |         0 |         0
Negotiation phase 1 converged at iteration 5.
[INFO DPL-0500] Runtime: 0.19s
Placement Analysis
---------------------------------
total displacement        156.2 u
average displacement        0.0 u
max displacement           17.2 u
original HPWL         1006327.9 u
legalized HPWL        1006443.6 u
delta HPWL                    0 %

Report metrics stage 4, cts final...

==========================================================================
cts final report_design_area
--------------------------------------------------------------------------
Design area 283275 um^2 59% utilization.
write_db /work/results/sky130hd/m7_j2/p13p0/4_1_cts.odb
write_sdc -no_timestamp /work/results/sky130hd/m7_j2/p13p0/4_cts.sdc
Elapsed time: 0:12.77[h:]min:sec. CPU time: user 34.09 sys 10.45 (348%). Peak memory: 405228KB.
Log                       Ext     Elapsed/s Peak Memory/MB sha1sum result [0:20)
4_1_cts                   .odb           12            395 f1ea7bf2643a69961ee5
cp /work/results/sky130hd/m7_j2/p13p0/4_1_cts.odb /work/results/sky130hd/m7_j2/p13p0/4_cts.odb
/OpenROAD-flow-scripts/flow/scripts/flow.sh 5_1_grt global_route
Running global_route.tcl, stage 5_1_grt
read_liberty /OpenROAD-flow-scripts/flow/platforms/sky130hd/lib/sky130_fd_sc_hd__tt_025C_1v80.lib
read_db -hier /work/results/sky130hd/m7_j2/p13p0/4_cts.odb
[WARNING ORD-0012] Hierarchical flow (-hier) is currently in development and may cause multiple issues. Do not use in production environments.
read_sdc /work/results/sky130hd/m7_j2/p13p0/4_cts.sdc
source /OpenROAD-flow-scripts/flow/platforms/sky130hd/setRC.tcl
pin_access
[INFO DRT-0149] Reading tech and libs.
[WARNING DRT-0349] LEF58_ENCLOSURE with no CUTCLASS is not supported. Skipping for layer mcon
[WARNING DRT-0349] LEF58_ENCLOSURE with no CUTCLASS is not supported. Skipping for layer mcon
[WARNING DRT-0349] LEF58_ENCLOSURE with no CUTCLASS is not supported. Skipping for layer via
[WARNING DRT-0349] LEF58_ENCLOSURE with no CUTCLASS is not supported. Skipping for layer via
[WARNING DRT-0349] LEF58_ENCLOSURE with no CUTCLASS is not supported. Skipping for layer via2
[WARNING DRT-0349] LEF58_ENCLOSURE with no CUTCLASS is not supported. Skipping for layer via2
[WARNING DRT-0349] LEF58_ENCLOSURE with no CUTCLASS is not supported. Skipping for layer via3
[WARNING DRT-0349] LEF58_ENCLOSURE with no CUTCLASS is not supported. Skipping for layer via3
[WARNING DRT-0349] LEF58_ENCLOSURE with no CUTCLASS is not supported. Skipping for layer via4
[WARNING DRT-0349] LEF58_ENCLOSURE with no CUTCLASS is not supported. Skipping for layer via4

Units:                1000
Number of layers:     13
Number of macros:     441
Number of vias:       29
Number of viarulegen: 25

[INFO DRT-0150] Reading design.
[WARNING DRT-0120] Large net net3545 has 103 pins which may impact routing performance. Consider optimization.
[WARNING DRT-0120] Large net net4707 has 170 pins which may impact routing performance. Consider optimization.
[WARNING DRT-0120] Large net net4708 has 156 pins which may impact routing performance. Consider optimization.
[WARNING DRT-0120] Large net net4710 has 149 pins which may impact routing performance. Consider optimization.
[WARNING DRT-0120] Large net net4716 has 126 pins which may impact routing performance. Consider optimization.
[WARNING DRT-0120] Large net net4717 has 130 pins which may impact routing performance. Consider optimization.
[WARNING DRT-0120] Large net net4723 has 164 pins which may impact routing performance. Consider optimization.
[WARNING DRT-0120] Large net net4727 has 137 pins which may impact routing performance. Consider optimization.

Design:                   m7_ppa_j2_top
Die area:                 ( 0 0 ) ( 698135 698135 )
Number of track patterns: 12
Number of DEF vias:       0
Number of components:     38138
Number of terminals:      278
Number of snets:          2
Number of nets:           31614

[INFO DRT-0167] List of default vias:
  Layer via
    default via: M1M2_PR
  Layer via2
    default via: M2M3_PR
  Layer via3
    default via: M3M4_PR
  Layer via4
    default via: M4M5_PR
[INFO DRT-0162] Library cell analysis.
[INFO DRT-0163] Instance analysis.
[INFO DRT-0164] Number of unique instances = 277.
[INFO DRT-0168] Init region query.
[INFO DRT-0024]   Complete FR_MASTERSLICE.
[INFO DRT-0024]   Complete Fr_VIA.
[INFO DRT-0024]   Complete li1.
[INFO DRT-0024]   Complete mcon.
[INFO DRT-0024]   Complete met1.
[INFO DRT-0024]   Complete via.
[INFO DRT-0024]   Complete met2.
[INFO DRT-0024]   Complete via2.
[INFO DRT-0024]   Complete met3.
[INFO DRT-0024]   Complete via3.
[INFO DRT-0024]   Complete met4.
[INFO DRT-0024]   Complete via4.
[INFO DRT-0024]   Complete met5.
[INFO DRT-0033] FR_MASTERSLICE shape region query size = 0.
[INFO DRT-0033] FR_VIA shape region query size = 0.
[INFO DRT-0033] li1 shape region query size = 897603.
[INFO DRT-0033] mcon shape region query size = 482630.
[INFO DRT-0033] met1 shape region query size = 129584.
[INFO DRT-0033] via shape region query size = 32640.
[INFO DRT-0033] met2 shape region query size = 19756.
[INFO DRT-0033] via2 shape region query size = 26112.
[INFO DRT-0033] met3 shape region query size = 19688.
[INFO DRT-0033] via3 shape region query size = 26112.
[INFO DRT-0033] met4 shape region query size = 7880.
[INFO DRT-0033] via4 shape region query size = 1301.
[INFO DRT-0033] met5 shape region query size = 1403.
[INFO DRT-0165] Start pin access.
[INFO DRT-0076]   Complete 1000 pins.
[INFO DRT-0076]   Complete 2000 pins.
[INFO DRT-0078]   Complete 2243 pins.
[INFO DRT-0079]   Complete 100 unique inst patterns.
[INFO DRT-0079]   Complete 200 unique inst patterns.
[INFO DRT-0081]   Complete 277 unique inst patterns.
[INFO DRT-0082]   Complete 10000 groups.
[INFO DRT-0084]   Complete 19367 groups.
#scanned instances     = 38138
#unique  instances     = 277
#stdCellGenAp          = 8980
#stdCellValidPlanarAp  = 114
#stdCellValidViaAp     = 6557
#stdCellPinNoAp        = 0
#stdCellPinCnt         = 113330
#instTermValidViaApCnt = 0
#macroGenAp            = 0
#macroValidPlanarAp    = 0
#macroValidViaAp       = 0
#macroNoAp             = 0
[INFO DRT-0166] Complete pin access.
[INFO DRT-0267] cpu time = 00:08:21, elapsed time = 00:00:18, memory = 359.42 (MB), peak = 359.02 (MB)
Took 19 seconds: pin_access
global_route -congestion_report_file /work/reports/sky130hd/m7_j2/p13p0/congestion.rpt -congestion_iterations 30 -congestion_report_iter_step 5 -verbose
[INFO GRT-0020] Min routing layer: met1
[INFO GRT-0021] Max routing layer: met5
[INFO GRT-0022] Global adjustment: 0%
[INFO GRT-0023] Grid origin: (0, 0)
[INFO GRT-0088] Layer li1     Track-Pitch = 0.4600  line-2-Via Pitch: 0.3400
[INFO GRT-0088] Layer met1    Track-Pitch = 0.3400  line-2-Via Pitch: 0.3400
[INFO GRT-0088] Layer met2    Track-Pitch = 0.4600  line-2-Via Pitch: 0.3500
[INFO GRT-0088] Layer met3    Track-Pitch = 0.6800  line-2-Via Pitch: 0.6150
[INFO GRT-0088] Layer met4    Track-Pitch = 0.9200  line-2-Via Pitch: 1.0400
[INFO GRT-0088] Layer met5    Track-Pitch = 3.4000  line-2-Via Pitch: 3.1100
[INFO GRT-0003] Macros: 0
[INFO GRT-0004] Blockages: 49706
[INFO GRT-0019] Found 356 clock nets.
[INFO GRT-0001] Minimum degree: 2
[INFO GRT-0002] Maximum degree: 170

[INFO GRT-0053] Routing resources analysis:
          Routing      Original      Derated      Resource
Layer     Direction    Resources     Resources    Reduction (%)
---------------------------------------------------------------
li1        Vertical            0             0          0.00%
met1       Horizontal     131557        101518          22.83%
met2       Vertical       130600        100300          23.20%
met3       Horizontal      95900         74900          21.90%
met4       Vertical        64500         46200          28.37%
met5       Horizontal      14000         10200          27.14%
---------------------------------------------------------------

[INFO GRT-0101] Running extra iterations to remove congestion.
[INFO GRT-0102] Start extra iteration 1/30
[INFO GRT-0102] Start extra iteration 2/30
[INFO GRT-0102] Start extra iteration 3/30
[INFO GRT-0102] Start extra iteration 4/30
[INFO GRT-0197] Via related to pin nodes: 195083
[INFO GRT-0198] Via related Steiner nodes: 5704
[INFO GRT-0199] Via filling finished.
[INFO GRT-0111] Final number of vias: 254426
[INFO GRT-0112] Final usage 3D: 953051

[INFO GRT-0096] Final congestion report:
Layer         Resource        Demand        Usage (%)    Max H / Max V / Total Congestion
---------------------------------------------------------------------------------------
li1                  0             0            0.00%             0 /  0 /  0
met1            101518         65527           64.55%             0 /  0 /  0
met2            100300         76865           76.64%             0 /  0 /  0
met3             74900         23672           31.60%             0 /  0 /  0
met4             46200         23374           50.59%             0 /  0 /  0
met5             10200           335            3.28%             0 /  0 /  0
---------------------------------------------------------------------------------------
Total           333118        189773           56.97%             0 /  0 /  0

[INFO GRT-0018] Total wirelength: 1887508 um
[INFO GRT-0014] Routed nets: 31547
[INFO GRT-0303] Global routing runtime = 00:00:03
[WARNING STA-0450] virtual clock vclk_core_clock can not be propagated.
estimate_parasitics -global_routing
Perform buffer insertion and gate resizing...
repair_design -verbose
Iteration |   Area    | Resized | Buffers | Nets repaired | Remaining
---------------------------------------------------------------------
        0 |     +0.0% |       0 |       0 |             0 |     32414
     1000 |     +0.0% |       0 |       0 |             0 |     31414
     2000 |     +0.0% |       0 |       0 |             0 |     30414
[WARNING RSZ-0104] Net _21656_/CO[33] only has one pin. Check if it is intended to be dangling.
[WARNING RSZ-0104] Net _21656_/CO[25] only has one pin. Check if it is intended to be dangling.
[WARNING RSZ-0104] Net _21656_/CO[22] only has one pin. Check if it is intended to be dangling.
[WARNING RSZ-0104] Net _21656_/CO[16] only has one pin. Check if it is intended to be dangling.
[WARNING RSZ-0104] Net _21656_/X[33] only has one pin. Check if it is intended to be dangling.
[WARNING RSZ-0104] Net _21656_/X[30] only has one pin. Check if it is intended to be dangling.
     3000 |     +0.0% |       0 |       0 |             0 |     29414
[WARNING RSZ-0104] Net _21656_/X[29] only has one pin. Check if it is intended to be dangling.
[WARNING RSZ-0104] Net _21656_/X[28] only has one pin. Check if it is intended to be dangling.
[WARNING RSZ-0104] Net _21656_/X[27] only has one pin. Check if it is intended to be dangling.
[WARNING RSZ-0104] Net _21656_/X[25] only has one pin. Check if it is intended to be dangling.
[WARNING RSZ-0104] Net _21656_/X[24] only has one pin. Check if it is intended to be dangling.
[WARNING RSZ-0104] Net _21656_/X[22] only has one pin. Check if it is intended to be dangling.
[WARNING RSZ-0104] Net _21656_/X[21] only has one pin. Check if it is intended to be dangling.
[WARNING RSZ-0104] Net _21656_/X[19] only has one pin. Check if it is intended to be dangling.
[WARNING RSZ-0104] Net _21656_/X[18] only has one pin. Check if it is intended to be dangling.
[WARNING RSZ-0104] Net _21656_/CO[6] only has one pin. Check if it is intended to be dangling.
[WARNING RSZ-0104] Net _21656_/CO[5] only has one pin. Check if it is intended to be dangling.
[WARNING RSZ-0104] Net _21656_/CO[4] only has one pin. Check if it is intended to be dangling.
[WARNING RSZ-0104] Net _21656_/X[20] only has one pin. Check if it is intended to be dangling.
     4000 |     +0.0% |       0 |       0 |             0 |     28414
[WARNING RSZ-0104] Net _21656_/X[15] only has one pin. Check if it is intended to be dangling.
[WARNING RSZ-0104] Net _21656_/X[14] only has one pin. Check if it is intended to be dangling.
[WARNING RSZ-0104] Net _21656_/X[13] only has one pin. Check if it is intended to be dangling.
[WARNING RSZ-0104] Net _21656_/X[12] only has one pin. Check if it is intended to be dangling.
[WARNING RSZ-0104] Net _21656_/X[11] only has one pin. Check if it is intended to be dangling.
[WARNING RSZ-0104] Net _21656_/X[10] only has one pin. Check if it is intended to be dangling.
[WARNING RSZ-0104] Net _21656_/X[8] only has one pin. Check if it is intended to be dangling.
     5000 |     +0.0% |       0 |       0 |             0 |     27414
[WARNING RSZ-0104] Net _21656_/X[9] only has one pin. Check if it is intended to be dangling.
[WARNING RSZ-0104] Net _21656_/X[3] only has one pin. Check if it is intended to be dangling.
     6000 |     +0.0% |       0 |       0 |             0 |     26414
     7000 |     +0.0% |       1 |       0 |             1 |     25414
     8000 |     +0.0% |       1 |       0 |             1 |     24414
     9000 |     +0.0% |       1 |       0 |             1 |     23414
    10000 |     +0.0% |       1 |       0 |             1 |     22414
    11000 |     +0.0% |       2 |       0 |             1 |     21414
    12000 |     +0.0% |       2 |       0 |             1 |     20414
    13000 |     +0.0% |       2 |       0 |             1 |     19414
    14000 |     +0.0% |       2 |       0 |             1 |     18414
    15000 |     +0.0% |       2 |       5 |             5 |     17414
    16000 |     +0.0% |       2 |       6 |             6 |     16414
    17000 |     +0.0% |       2 |       6 |             6 |     15414
    18000 |     +0.0% |       2 |       6 |             6 |     14414
    19000 |     +0.0% |       3 |       6 |             7 |     13414
    20000 |     +0.0% |       4 |       7 |             9 |     12414
    21000 |     +0.0% |       4 |       7 |             9 |     11414
    22000 |     +0.0% |       4 |       7 |             9 |     10414
    23000 |     +0.0% |       4 |       7 |             9 |      9414
    24000 |     +0.0% |       4 |       7 |             9 |      8414
    25000 |     +0.0% |       4 |       7 |             9 |      7414
    26000 |     +0.0% |       4 |       8 |            10 |      6414
    27000 |     +0.0% |       4 |       8 |            10 |      5414
    28000 |     +0.0% |       4 |       8 |            10 |      4414
    29000 |     +0.0% |       4 |       8 |            10 |      3414
    30000 |     +0.0% |       4 |       8 |            10 |      2414
    31000 |     +0.0% |       4 |       8 |            10 |      1414
    32000 |     +0.0% |       4 |       8 |            10 |       414
[WARNING RSZ-0104] Net sec_release_i only has one pin. Check if it is intended to be dangling.
[WARNING RSZ-0104] Net iopmp_release_i only has one pin. Check if it is intended to be dangling.
[WARNING RSZ-0104] Net ic_release_i only has one pin. Check if it is intended to be dangling.
[WARNING RSZ-0104] Net dma_wdata_i[9] only has one pin. Check if it is intended to be dangling.
[WARNING RSZ-0104] Net dma_wdata_i[8] only has one pin. Check if it is intended to be dangling.
[WARNING RSZ-0104] Net dma_wdata_i[7] only has one pin. Check if it is intended to be dangling.
[WARNING RSZ-0104] Net dma_wdata_i[6] only has one pin. Check if it is intended to be dangling.
[WARNING RSZ-0104] Net dma_wdata_i[5] only has one pin. Check if it is intended to be dangling.
[WARNING RSZ-0104] Net dma_wdata_i[4] only has one pin. Check if it is intended to be dangling.
[WARNING RSZ-0104] Net dma_wdata_i[3] only has one pin. Check if it is intended to be dangling.
[WARNING RSZ-0104] Net dma_wdata_i[31] only has one pin. Check if it is intended to be dangling.
[WARNING RSZ-0104] Net dma_wdata_i[30] only has one pin. Check if it is intended to be dangling.
[WARNING RSZ-0104] Net dma_wdata_i[2] only has one pin. Check if it is intended to be dangling.
[WARNING RSZ-0104] Net dma_wdata_i[29] only has one pin. Check if it is intended to be dangling.
[WARNING RSZ-0104] Net dma_wdata_i[28] only has one pin. Check if it is intended to be dangling.
[WARNING RSZ-0104] Net dma_wdata_i[27] only has one pin. Check if it is intended to be dangling.
[WARNING RSZ-0104] Net dma_wdata_i[26] only has one pin. Check if it is intended to be dangling.
[WARNING RSZ-0104] Net dma_wdata_i[25] only has one pin. Check if it is intended to be dangling.
[WARNING RSZ-0104] Net dma_wdata_i[24] only has one pin. Check if it is intended to be dangling.
[WARNING RSZ-0104] Net dma_wdata_i[23] only has one pin. Check if it is intended to be dangling.
[WARNING RSZ-0104] Net dma_wdata_i[22] only has one pin. Check if it is intended to be dangling.
[WARNING RSZ-0104] Net dma_wdata_i[21] only has one pin. Check if it is intended to be dangling.
[WARNING RSZ-0104] Net dma_wdata_i[20] only has one pin. Check if it is intended to be dangling.
[WARNING RSZ-0104] Net dma_wdata_i[1] only has one pin. Check if it is intended to be dangling.
[WARNING RSZ-0104] Net dma_wdata_i[19] only has one pin. Check if it is intended to be dangling.
[WARNING RSZ-0104] Net dma_wdata_i[18] only has one pin. Check if it is intended to be dangling.
[WARNING RSZ-0104] Net dma_wdata_i[17] only has one pin. Check if it is intended to be dangling.
[WARNING RSZ-0104] Net dma_wdata_i[16] only has one pin. Check if it is intended to be dangling.
[WARNING RSZ-0104] Net dma_wdata_i[15] only has one pin. Check if it is intended to be dangling.
[WARNING RSZ-0104] Net dma_wdata_i[14] only has one pin. Check if it is intended to be dangling.
[WARNING RSZ-0104] Net dma_wdata_i[13] only has one pin. Check if it is intended to be dangling.
[WARNING RSZ-0104] Net dma_wdata_i[12] only has one pin. Check if it is intended to be dangling.
[WARNING RSZ-0104] Net dma_wdata_i[11] only has one pin. Check if it is intended to be dangling.
[WARNING RSZ-0104] Net dma_wdata_i[10] only has one pin. Check if it is intended to be dangling.
[WARNING RSZ-0104] Net dma_wdata_i[0] only has one pin. Check if it is intended to be dangling.
[WARNING RSZ-0104] Net dma_release_i only has one pin. Check if it is intended to be dangling.
[WARNING RSZ-0104] Net cpu_release_i only has one pin. Check if it is intended to be dangling.
    final |     +0.0% |       4 |       8 |            10 |         0
---------------------------------------------------------------------
[INFO RSZ-0034] Found 10 slew violations.
[INFO RSZ-0036] Found 3 capacitance violations.
[INFO RSZ-0039] Resized 4 instances.
[INFO RSZ-0038] Inserted 8 buffers in 10 nets.
[INFO RSZ-0504] Runtime: 3.06s
global_route -start_incremental
detailed_placement
[INFO DPL-0006] Core area: 482412.67 um^2
[INFO DPL-0007] Movable instances area: 275315.30 um^2
[INFO DPL-0008] Fixed instances area within core: 8038.96 um^2
[INFO DPL-0009] Utilization: 58.7%
[INFO DPL-0005] Diamond search max displacement: +/- 500 sites horizontally, +/- 100 rows vertically.
[INFO DPL-1102] Legalizing using negotiation legalizer.
[INFO DPL-1103] Negotiation base search window: +/-20 sites horizontally, +/-5 rows vertically 
	Automatic search window extension enabled.
	Search window extendable up to the max displacement cap of +/-500 sites, +/-100 rows near walls.
[INFO DPL-1104] NegotiationLegalizer DRC penalty: 5.
[INFO DPL-0392] Negotiation cell height distribution (1 unique row-count(s)):
[INFO DPL-0393]   height 1 row(s): 38146 cells
          |      Total |  Illegal |  Illegal
Iteration | Violations |    Cells |    Sites
---------------------------------------------
        0 |          0 |         0 |         0
Negotiation phase 1 converged at iteration 0.
[INFO DPL-0500] Runtime: 0.16s
Placement Analysis
---------------------------------
total displacement         50.3 u
average displacement        0.0 u
max displacement           10.9 u
original HPWL         1007508.2 u
legalized HPWL        1007540.5 u
delta HPWL                    0 %

global_route -end_incremental -congestion_report_file /work/reports/sky130hd/m7_j2/p13p0/congestion_post_repair_design.rpt
Repair setup and hold violations...
estimate_parasitics -global_routing
repair_timing -setup_margin 0 -hold_margin 0 -repair_tns 100 -verbose
[INFO RSZ-0100] Repair move sequence: UnbufferMove SizeUpMove SwapPinsMove BufferMove CloneMove SplitLoadMove 
[INFO RSZ-0094] Found 2 endpoints with setup violations.
[INFO RSZ-0099] Repairing 2 out of 2 (100.00%) violating endpoints...
   Iter   | Removed | Resized | Inserted | Cloned |  Pin  |   Area   |    WNS   |   StTNS    |   EnTNS    |  Viol  |  Worst  
          | Buffers |  Gates  | Buffers  |  Gates | Swaps |          |          |            |            | Endpts | St/EnPt 
------------------------------------------------------------------------------------------------------------------------------
       0* |       0 |       0 |        0 |      0 |     0 |    +0.0% |   -0.716 |     -152.0 |       -0.8 |      2 | data_req_o
      10* |       0 |       5 |        7 |      0 |     2 |    +0.0% |   -0.472 |     -146.7 |       -0.5 |      2 | data_req_o
      20* |       0 |      13 |        9 |      0 |     3 |    +0.1% |   -0.282 |     -141.0 |       -0.3 |      2 | data_req_o
      30* |       0 |      19 |       14 |      1 |     4 |    +0.1% |   -0.190 |     -139.3 |       -0.2 |      2 | data_req_o
      40* |       0 |      27 |       17 |      1 |     4 |    +0.1% |   -0.077 |     -137.2 |       -0.1 |      2 | data_req_o
      43* |       0 |      30 |       17 |      1 |     4 |    +0.1% |   -0.052 |     -137.0 |       -0.1 |      2 | data_req_o
      44* |       0 |      30 |       17 |      1 |     4 |    +0.1% |   -0.052 |     -137.0 |       -0.1 |      2 | data_req_o
      44* |       0 |      30 |       17 |      1 |     4 |    +0.1% |   -0.052 |     -137.0 |       -0.1 |      2 | data_req_o
      50+ |       0 |      35 |       17 |      1 |     4 |    +0.1% |   -0.020 |     -136.7 |       -0.0 |      1 | data_req_o
      52+ |       0 |      38 |       17 |      1 |     4 |    +0.1% |    0.000 |     -136.7 |        0.0 |      1 | data_req_o
    final |       0 |      38 |       17 |      1 |     4 |    +0.1% |    0.000 |     -136.7 |        0.0 |      0 | data_req_o
------------------------------------------------------------------------------------------------------------------------------
[INFO RSZ-0045] Inserted 17 buffers, 1 to split loads.
[INFO RSZ-0051] Resized 38 instances: 38 up, 0 up match, 0 down, 0 VT
[INFO RSZ-0043] Swapped pins on 4 instances.
[INFO RSZ-0049] Cloned 1 instances.
[INFO RSZ-0505] Runtime: 5.68s
[INFO RSZ-0033] No hold violations found.
[INFO RSZ-0506] Runtime: 0.12s
Took 6 seconds: repair_timing -setup_margin 0 -hold_margin 0 -repair_tns 100 -verbose
global_route -start_incremental
detailed_placement
[INFO DPL-0006] Core area: 482412.67 um^2
[INFO DPL-0007] Movable instances area: 275648.12 um^2
[INFO DPL-0008] Fixed instances area within core: 8038.96 um^2
[INFO DPL-0009] Utilization: 58.8%
[INFO DPL-0005] Diamond search max displacement: +/- 500 sites horizontally, +/- 100 rows vertically.
[INFO DPL-1102] Legalizing using negotiation legalizer.
[INFO DPL-1103] Negotiation base search window: +/-20 sites horizontally, +/-5 rows vertically 
	Automatic search window extension enabled.
	Search window extendable up to the max displacement cap of +/-500 sites, +/-100 rows near walls.
[INFO DPL-1104] NegotiationLegalizer DRC penalty: 5.
[INFO DPL-0392] Negotiation cell height distribution (1 unique row-count(s)):
[INFO DPL-0393]   height 1 row(s): 38164 cells
          |      Total |  Illegal |  Illegal
Iteration | Violations |    Cells |    Sites
---------------------------------------------
        0 |         33 |         7 |        26
        1 |         12 |         2 |        10
        2 |         20 |         2 |        18
        3 |         18 |         2 |        16
        4 |         10 |         2 |         8
        5 |         12 |         2 |        10
        6 |          0 |         0 |         0
Negotiation phase 1 converged at iteration 6.
[INFO DPL-0500] Runtime: 0.23s
Placement Analysis
---------------------------------
total displacement        274.1 u
average displacement        0.0 u
max displacement           30.5 u
original HPWL         1008111.2 u
legalized HPWL        1008454.6 u
delta HPWL                    0 %

check_placement -verbose
global_route -end_incremental -congestion_report_file /work/reports/sky130hd/m7_j2/p13p0/congestion_post_repair_timing.rpt
estimate_parasitics -global_routing
global_route -start_incremental
global_route -end_incremental -congestion_report_file /work/reports/sky130hd/m7_j2/p13p0/congestion_post_recover_power.rpt
Repair antennas...
[INFO GRT-0012] Found 176 antenna violations.
[INFO GRT-0302] Inserted 215 jumpers for 169 nets.
[INFO GRT-0012] Found 21 antenna violations.
[WARNING GRT-0243] Unable to repair antennas on net with diodes.
[INFO DPL-0006] Core area: 482412.67 um^2
[INFO DPL-0007] Movable instances area: 275356.59 um^2
[INFO DPL-0008] Fixed instances area within core: 8420.58 um^2
[INFO DPL-0009] Utilization: 58.8%
[INFO DPL-0005] Diamond search max displacement: +/- 500 sites horizontally, +/- 100 rows vertically.
[INFO DPL-1102] Legalizing using negotiation legalizer.
[INFO DPL-1103] Negotiation base search window: +/-20 sites horizontally, +/-5 rows vertically 
	Automatic search window extension enabled.
	Search window extendable up to the max displacement cap of +/-500 sites, +/-100 rows near walls.
[INFO DPL-1104] NegotiationLegalizer DRC penalty: 5.
[INFO DPL-0392] Negotiation cell height distribution (1 unique row-count(s)):
[INFO DPL-0393]   height 1 row(s): 38200 cells
          |      Total |  Illegal |  Illegal
Iteration | Violations |    Cells |    Sites
---------------------------------------------
        0 |         40 |         2 |        38
        1 |         20 |         2 |        18
        2 |         26 |         2 |        24
        3 |         24 |         2 |        22
        4 |         43 |         3 |        40
        5 |         40 |         3 |        37
        6 |          0 |         0 |         0
Negotiation phase 1 converged at iteration 6.
[INFO DPL-0500] Runtime: 0.26s
[INFO GRT-0015] Inserted 36 diodes.
[INFO GRT-0012] Found 2 antenna violations.
[INFO GRT-0302] Inserted 1 jumpers for 1 nets.
[INFO GRT-0012] Found 1 antenna violations.
[INFO DPL-0006] Core area: 482412.67 um^2
[INFO DPL-0007] Movable instances area: 275728.20 um^2
[INFO DPL-0008] Fixed instances area within core: 8053.97 um^2
[INFO DPL-0009] Utilization: 58.8%
[INFO DPL-0005] Diamond search max displacement: +/- 500 sites horizontally, +/- 100 rows vertically.
[INFO DPL-1102] Legalizing using negotiation legalizer.
[INFO DPL-1103] Negotiation base search window: +/-20 sites horizontally, +/-5 rows vertically 
	Automatic search window extension enabled.
	Search window extendable up to the max displacement cap of +/-500 sites, +/-100 rows near walls.
[INFO DPL-1104] NegotiationLegalizer DRC penalty: 5.
[INFO DPL-0392] Negotiation cell height distribution (1 unique row-count(s)):
[INFO DPL-0393]   height 1 row(s): 38202 cells
          |      Total |  Illegal |  Illegal
Iteration | Violations |    Cells |    Sites
---------------------------------------------
        0 |          0 |         0 |         0
Negotiation phase 1 converged at iteration 0.
[INFO DPL-0500] Runtime: 0.17s
[INFO GRT-0015] Inserted 2 diodes.
[INFO GRT-0012] Found 0 antenna violations.
[INFO ANT-0002] Found 0 net violations.
[INFO ANT-0001] Found 0 pin violations.
Estimate parasitics...
estimate_parasitics -global_routing
Report metrics stage 5, global route...

==========================================================================
global route report_design_area
--------------------------------------------------------------------------
Design area 283782 um^2 59% utilization.
[INFO FLW-0007] clock core_clock period 13.000000
[WARNING FLW-0010] more than one clock found. Skipping sdc update.
[INFO FLW-0011] Path endpoint path count 6611
write_db /work/results/sky130hd/m7_j2/p13p0/5_1_grt.odb
write_sdc -no_timestamp /work/results/sky130hd/m7_j2/p13p0/5_1_grt.sdc
Elapsed time: 0:52.96[h:]min:sec. CPU time: user 776.05 sys 17.80 (1498%). Peak memory: 1114468KB.
Log                       Ext     Elapsed/s Peak Memory/MB sha1sum result [0:20)
5_1_grt                   .odb           52           1088 da1dc709a2e897f8eccb
5_1_grt                   .sdc                             4108138768f2ac16ffdc
/OpenROAD-flow-scripts/flow/scripts/flow.sh 5_2_route detail_route
Running detail_route.tcl, stage 5_2_route
read_liberty /OpenROAD-flow-scripts/flow/platforms/sky130hd/lib/sky130_fd_sc_hd__tt_025C_1v80.lib
read_db -hier /work/results/sky130hd/m7_j2/p13p0/5_1_grt.odb
[WARNING ORD-0012] Hierarchical flow (-hier) is currently in development and may cause multiple issues. Do not use in production environments.
read_sdc /work/results/sky130hd/m7_j2/p13p0/5_1_grt.sdc
source /OpenROAD-flow-scripts/flow/platforms/sky130hd/setRC.tcl
[WARNING STA-0450] virtual clock vclk_core_clock can not be propagated.
detailed_route -output_drc /work/reports/sky130hd/m7_j2/p13p0/5_route_drc.rpt -output_maze /work/results/sky130hd/m7_j2/p13p0/maze.log -droute_end_iter 64 -verbose 1 -drc_report_iter_step 5
[INFO DRT-0149] Reading tech and libs.
[WARNING DRT-0349] LEF58_ENCLOSURE with no CUTCLASS is not supported. Skipping for layer mcon
[WARNING DRT-0349] LEF58_ENCLOSURE with no CUTCLASS is not supported. Skipping for layer mcon
[WARNING DRT-0349] LEF58_ENCLOSURE with no CUTCLASS is not supported. Skipping for layer via
[WARNING DRT-0349] LEF58_ENCLOSURE with no CUTCLASS is not supported. Skipping for layer via
[WARNING DRT-0349] LEF58_ENCLOSURE with no CUTCLASS is not supported. Skipping for layer via2
[WARNING DRT-0349] LEF58_ENCLOSURE with no CUTCLASS is not supported. Skipping for layer via2
[WARNING DRT-0349] LEF58_ENCLOSURE with no CUTCLASS is not supported. Skipping for layer via3
[WARNING DRT-0349] LEF58_ENCLOSURE with no CUTCLASS is not supported. Skipping for layer via3
[WARNING DRT-0349] LEF58_ENCLOSURE with no CUTCLASS is not supported. Skipping for layer via4
[WARNING DRT-0349] LEF58_ENCLOSURE with no CUTCLASS is not supported. Skipping for layer via4

Units:                1000
Number of layers:     13
Number of macros:     441
Number of vias:       29
Number of viarulegen: 25

[INFO DRT-0150] Reading design.
[WARNING DRT-0120] Large net net3545 has 103 pins which may impact routing performance. Consider optimization.
[WARNING DRT-0120] Large net net4707 has 170 pins which may impact routing performance. Consider optimization.
[WARNING DRT-0120] Large net net4708 has 156 pins which may impact routing performance. Consider optimization.
[WARNING DRT-0120] Large net net4710 has 149 pins which may impact routing performance. Consider optimization.
[WARNING DRT-0120] Large net net4716 has 126 pins which may impact routing performance. Consider optimization.
[WARNING DRT-0120] Large net net4717 has 130 pins which may impact routing performance. Consider optimization.
[WARNING DRT-0120] Large net net4723 has 164 pins which may impact routing performance. Consider optimization.
[WARNING DRT-0120] Large net net4727 has 137 pins which may impact routing performance. Consider optimization.

Design:                   m7_ppa_j2_top
Die area:                 ( 0 0 ) ( 698135 698135 )
Number of track patterns: 12
Number of DEF vias:       0
Number of components:     38202
Number of terminals:      278
Number of snets:          2
Number of nets:           31640

[INFO DRT-0167] List of default vias:
  Layer via
    default via: M1M2_PR
  Layer via2
    default via: M2M3_PR
  Layer via3
    default via: M3M4_PR
  Layer via4
    default via: M4M5_PR
[INFO DRT-0162] Library cell analysis.
[INFO DRT-0163] Instance analysis.
[INFO DRT-0164] Number of unique instances = 294.
[INFO DRT-0168] Init region query.
[INFO DRT-0024]   Complete FR_MASTERSLICE.
[INFO DRT-0024]   Complete Fr_VIA.
[INFO DRT-0024]   Complete li1.
[INFO DRT-0024]   Complete mcon.
[INFO DRT-0024]   Complete met1.
[INFO DRT-0024]   Complete via.
[INFO DRT-0024]   Complete met2.
[INFO DRT-0024]   Complete via2.
[INFO DRT-0024]   Complete met3.
[INFO DRT-0024]   Complete via3.
[INFO DRT-0024]   Complete met4.
[INFO DRT-0024]   Complete via4.
[INFO DRT-0024]   Complete met5.
[INFO DRT-0033] FR_MASTERSLICE shape region query size = 0.
[INFO DRT-0033] FR_VIA shape region query size = 0.
[INFO DRT-0033] li1 shape region query size = 898715.
[INFO DRT-0033] mcon shape region query size = 483440.
[INFO DRT-0033] met1 shape region query size = 129712.
[INFO DRT-0033] via shape region query size = 32640.
[INFO DRT-0033] met2 shape region query size = 19756.
[INFO DRT-0033] via2 shape region query size = 26112.
[INFO DRT-0033] met3 shape region query size = 19688.
[INFO DRT-0033] via3 shape region query size = 26112.
[INFO DRT-0033] met4 shape region query size = 7880.
[INFO DRT-0033] via4 shape region query size = 1301.
[INFO DRT-0033] met5 shape region query size = 1403.
[INFO DRT-0165] Start pin access.
[INFO DRT-0076]   Complete 1000 pins.
[INFO DRT-0076]   Complete 2000 pins.
[INFO DRT-0078]   Complete 2373 pins.
[INFO DRT-0079]   Complete 100 unique inst patterns.
[INFO DRT-0079]   Complete 200 unique inst patterns.
[INFO DRT-0081]   Complete 294 unique inst patterns.
[INFO DRT-0082]   Complete 10000 groups.
[INFO DRT-0084]   Complete 19398 groups.
#scanned instances     = 38202
#unique  instances     = 294
#stdCellGenAp          = 9406
#stdCellValidPlanarAp  = 114
#stdCellValidViaAp     = 6900
#stdCellPinNoAp        = 0
#stdCellPinCnt         = 113382
#instTermValidViaApCnt = 0
#macroGenAp            = 0
#macroValidPlanarAp    = 0
#macroValidViaAp       = 0
#macroNoAp             = 0
[INFO DRT-0166] Complete pin access.
[INFO DRT-0267] cpu time = 00:08:20, elapsed time = 00:00:18, memory = 564.54 (MB), peak = 564.88 (MB)
[INFO DRT-0156] guideIn read 100000 guides.
[INFO DRT-0156] guideIn read 200000 guides.

[INFO DRT-0157] Number of guides:     273975

[INFO DRT-0169] Post process guides.
[INFO DRT-0176] GCELLGRID X 0 DO 101 STEP 6900 ;
[INFO DRT-0177] GCELLGRID Y 0 DO 101 STEP 6900 ;
[INFO DRT-0026]   Complete 100000 origin guides.
[INFO DRT-0026]   Complete 200000 origin guides.
[INFO DRT-0028]   Complete FR_MASTERSLICE.
[INFO DRT-0028]   Complete Fr_VIA.
[INFO DRT-0028]   Complete li1.
[INFO DRT-0028]   Complete mcon.
[INFO DRT-0028]   Complete met1.
[INFO DRT-0028]   Complete via.
[INFO DRT-0028]   Complete met2.
[INFO DRT-0028]   Complete via2.
[INFO DRT-0028]   Complete met3.
[INFO DRT-0028]   Complete via3.
[INFO DRT-0028]   Complete met4.
[INFO DRT-0028]   Complete via4.
[INFO DRT-0028]   Complete met5.
[INFO DRT-0178] Init guide query.
[INFO DRT-0035]   Complete FR_MASTERSLICE (guide).
[INFO DRT-0035]   Complete Fr_VIA (guide).
[INFO DRT-0035]   Complete li1 (guide).
[INFO DRT-0035]   Complete mcon (guide).
[INFO DRT-0035]   Complete met1 (guide).
[INFO DRT-0035]   Complete via (guide).
[INFO DRT-0035]   Complete met2 (guide).
[INFO DRT-0035]   Complete via2 (guide).
[INFO DRT-0035]   Complete met3 (guide).
[INFO DRT-0035]   Complete via3 (guide).
[INFO DRT-0035]   Complete met4 (guide).
[INFO DRT-0035]   Complete via4 (guide).
[INFO DRT-0035]   Complete met5 (guide).
[INFO DRT-0036] FR_MASTERSLICE guide region query size = 0.
[INFO DRT-0036] FR_VIA guide region query size = 0.
[INFO DRT-0036] li1 guide region query size = 87936.
[INFO DRT-0036] mcon guide region query size = 0.
[INFO DRT-0036] met1 guide region query size = 78401.
[INFO DRT-0036] via guide region query size = 0.
[INFO DRT-0036] met2 guide region query size = 43412.
[INFO DRT-0036] via2 guide region query size = 0.
[INFO DRT-0036] met3 guide region query size = 7764.
[INFO DRT-0036] via3 guide region query size = 0.
[INFO DRT-0036] met4 guide region query size = 3488.
[INFO DRT-0036] via4 guide region query size = 0.
[INFO DRT-0036] met5 guide region query size = 162.
[INFO DRT-0179] Init gr pin query.
[INFO DRT-0267] cpu time = 00:00:01, elapsed time = 00:00:00, memory = 645.28 (MB), peak = 640.54 (MB)
[INFO DRT-0245] skipped writing guide updates to database.
[INFO DRT-0181] Start track assignment.
[INFO DRT-0184] Done with 134836 vertical wires in 3 frboxes and 86327 horizontal wires in 3 frboxes.
[INFO DRT-0186] Done with 23182 vertical wires in 3 frboxes and 28006 horizontal wires in 3 frboxes.
[INFO DRT-0182] Complete track assignment.
[INFO DRT-0267] cpu time = 00:00:09, elapsed time = 00:00:04, memory = 1113.18 (MB), peak = 1219.65 (MB)
[INFO DRT-0187] Start routing data preparation.
[INFO DRT-0267] cpu time = 00:00:00, elapsed time = 00:00:00, memory = 1113.18 (MB), peak = 1219.65 (MB)
[INFO DRT-0194] Start detail routing.
[INFO DRT-0195] Start 0th optimization iteration.
    Completing 10% with 0 violations.
    elapsed time = 00:00:07, memory = 3099.05 (MB).
    Completing 20% with 0 violations.
    elapsed time = 00:00:11, memory = 2944.36 (MB).
    Completing 30% with 7579 violations.
    elapsed time = 00:00:21, memory = 3851.69 (MB).
    Completing 40% with 7579 violations.
    elapsed time = 00:00:27, memory = 3730.98 (MB).
    Completing 50% with 7579 violations.
    elapsed time = 00:00:32, memory = 3151.56 (MB).
    Completing 60% with 15686 violations.
    elapsed time = 00:00:43, memory = 3908.22 (MB).
    Completing 70% with 15686 violations.
    elapsed time = 00:00:48, memory = 3642.72 (MB).
    Completing 80% with 23870 violations.
    elapsed time = 00:01:04, memory = 4313.27 (MB).
    Completing 90% with 23870 violations.
    elapsed time = 00:01:12, memory = 4177.59 (MB).
    Completing 100% with 31836 violations.
    elapsed time = 00:01:20, memory = 3128.89 (MB).
[INFO DRT-0199]   Number of violations = 35657.
Viol/Layer         li1   mcon   met1    via   met2   met3   via3   met4   via4   met5
Cut Spacing          0     92      0      1      0      0      0      0      1      0
Metal Spacing        0      0   4372      0   1766    185      0     39      0      4
Min Hole             0      0     23      0      1      0      0      0      0      0
Recheck             37      0   2315      0   1198    162      0    100      0      9
Short                0      6  20823     47   4157    188      1    118      2     10
[INFO DRT-0267] cpu time = 00:26:13, elapsed time = 00:01:20, memory = 3337.61 (MB), peak = 4501.62 (MB)
Total wire length = 1383958 um.
Total wire length on LAYER li1 = 0 um.
Total wire length on LAYER met1 = 495386 um.
Total wire length on LAYER met2 = 557202 um.
Total wire length on LAYER met3 = 173870 um.
Total wire length on LAYER met4 = 154614 um.
Total wire length on LAYER met5 = 2884 um.
Total number of vias = 259011.
Up-via summary (total 259011):

-------------------------
 FR_MASTERSLICE         0
            li1    111884
           met1    127637
           met2     13045
           met3      6259
           met4       186
-------------------------
               259011


[INFO DRT-0195] Start 1st optimization iteration.
    Completing 10% with 35657 violations.
    elapsed time = 00:00:07, memory = 4317.46 (MB).
    Completing 20% with 35657 violations.
    elapsed time = 00:00:11, memory = 3975.62 (MB).
    Completing 30% with 33234 violations.
    elapsed time = 00:00:18, memory = 4428.96 (MB).
    Completing 40% with 33234 violations.
    elapsed time = 00:00:24, memory = 4290.74 (MB).
    Completing 50% with 33234 violations.
    elapsed time = 00:00:29, memory = 3754.95 (MB).
    Completing 60% with 30942 violations.
    elapsed time = 00:00:41, memory = 4576.28 (MB).
    Completing 70% with 30942 violations.
    elapsed time = 00:00:46, memory = 4163.73 (MB).
    Completing 80% with 27534 violations.
    elapsed time = 00:01:00, memory = 4696.89 (MB).
    Completing 90% with 27534 violations.
    elapsed time = 00:01:07, memory = 4362.40 (MB).
    Completing 100% with 24538 violations.
    elapsed time = 00:01:13, memory = 3438.50 (MB).
[INFO DRT-0199]   Number of violations = 24543.
Viol/Layer        mcon   met1    via   met2   met3   met4
Cut Spacing        114      0      0      0      0      0
Metal Spacing        0   3592      0    986    105      7
Recheck              0      4      0      1      0      0
Short                0  17605      1   2015     70     43
[INFO DRT-0267] cpu time = 00:24:29, elapsed time = 00:01:14, memory = 3438.50 (MB), peak = 4824.12 (MB)
Total wire length = 1371996 um.
Total wire length on LAYER li1 = 0 um.
Total wire length on LAYER met1 = 488222 um.
Total wire length on LAYER met2 = 552899 um.
Total wire length on LAYER met3 = 174563 um.
Total wire length on LAYER met4 = 153683 um.
Total wire length on LAYER met5 = 2627 um.
Total number of vias = 256494.
Up-via summary (total 256494):

-------------------------
 FR_MASTERSLICE         0
            li1    111814
           met1    125569
           met2     12948
           met3      6016
           met4       147
-------------------------
               256494


[INFO DRT-0195] Start 2nd optimization iteration.
    Completing 10% with 24543 violations.
    elapsed time = 00:00:06, memory = 4578.23 (MB).
    Completing 20% with 24543 violations.
    elapsed time = 00:00:12, memory = 4035.24 (MB).
    Completing 30% with 24446 violations.
    elapsed time = 00:00:21, memory = 4547.99 (MB).
    Completing 40% with 24446 violations.
    elapsed time = 00:00:27, memory = 4362.97 (MB).
    Completing 50% with 24446 violations.
    elapsed time = 00:00:33, memory = 3480.44 (MB).
    Completing 60% with 24546 violations.
    elapsed time = 00:00:43, memory = 4810.79 (MB).
    Completing 70% with 24546 violations.
    elapsed time = 00:00:47, memory = 4109.96 (MB).
    Completing 80% with 24019 violations.
    elapsed time = 00:01:01, memory = 4785.78 (MB).
    Completing 90% with 24019 violations.
    elapsed time = 00:01:06, memory = 4506.59 (MB).
    Completing 100% with 23288 violations.
    elapsed time = 00:01:17, memory = 3535.05 (MB).
[INFO DRT-0199]   Number of violations = 23291.
Viol/Layer        mcon   met1    via   met2   met3   met4
Cut Spacing        118      0      0      0      0      0
Metal Spacing        0   3416      0    860     92      9
Min Hole             0      2      0      2      0      0
Recheck              0      3      0      0      0      0
Short                0  16959      3   1690     80     57
[INFO DRT-0267] cpu time = 00:24:06, elapsed time = 00:01:18, memory = 3535.05 (MB), peak = 4861.53 (MB)
Total wire length = 1370038 um.
Total wire length on LAYER li1 = 0 um.
Total wire length on LAYER met1 = 486712 um.
Total wire length on LAYER met2 = 552714 um.
Total wire length on LAYER met3 = 174296 um.
Total wire length on LAYER met4 = 153623 um.
Total wire length on LAYER met5 = 2691 um.
Total number of vias = 255987.
Up-via summary (total 255987):

-------------------------
 FR_MASTERSLICE         0
            li1    111854
           met1    124974
           met2     12948
           met3      6052
           met4       159
-------------------------
               255987


[INFO DRT-0195] Start 3rd optimization iteration.
    Completing 10% with 23291 violations.
    elapsed time = 00:00:07, memory = 4836.49 (MB).
    Completing 20% with 23291 violations.
    elapsed time = 00:00:10, memory = 4360.89 (MB).
    Completing 30% with 18732 violations.
    elapsed time = 00:00:31, memory = 4810.57 (MB).
    Completing 40% with 18732 violations.
    elapsed time = 00:00:39, memory = 4672.20 (MB).
    Completing 50% with 18732 violations.
    elapsed time = 00:00:46, memory = 3977.31 (MB).
    Completing 60% with 14383 violations.
    elapsed time = 00:01:07, memory = 4862.92 (MB).
    Completing 70% with 14383 violations.
    elapsed time = 00:01:13, memory = 4418.85 (MB).
    Completing 80% with 9589 violations.
    elapsed time = 00:01:33, memory = 4694.81 (MB).
    Completing 90% with 9589 violations.
    elapsed time = 00:01:40, memory = 4589.48 (MB).
    Completing 100% with 5136 violations.
    elapsed time = 00:01:54, memory = 3725.14 (MB).
[INFO DRT-0199]   Number of violations = 5136.
Viol/Layer        mcon   met1    via   met2   met3   met4
Cut Spacing         22      0      2      0      0      0
Metal Spacing        0   1454      0    272     23      2
Min Hole             0      0      0      1      0      0
Short                0   2996      2    354      8      0
[INFO DRT-0267] cpu time = 00:28:17, elapsed time = 00:01:54, memory = 3666.76 (MB), peak = 4942.54 (MB)
Total wire length = 1368490 um.
Total wire length on LAYER li1 = 0 um.
Total wire length on LAYER met1 = 445217 um.
Total wire length on LAYER met2 = 547217 um.
Total wire length on LAYER met3 = 212516 um.
Total wire length on LAYER met4 = 160952 um.
Total wire length on LAYER met5 = 2587 um.
Total number of vias = 264812.
Up-via summary (total 264812):

-------------------------
 FR_MASTERSLICE         0
            li1    111852
           met1    126628
           met2     19366
           met3      6828
           met4       138
-------------------------
               264812


[INFO DRT-0195] Start 4th optimization iteration.
    Completing 10% with 5136 violations.
    elapsed time = 00:00:00, memory = 4614.10 (MB).
    Completing 20% with 5136 violations.
    elapsed time = 00:00:03, memory = 4284.15 (MB).
    Completing 30% with 4323 violations.
    elapsed time = 00:00:13, memory = 4679.75 (MB).
    Completing 40% with 4323 violations.
    elapsed time = 00:00:14, memory = 4591.07 (MB).
    Completing 50% with 4323 violations.
    elapsed time = 00:00:18, memory = 3999.48 (MB).
    Completing 60% with 3184 violations.
    elapsed time = 00:00:31, memory = 4679.21 (MB).
    Completing 70% with 3184 violations.
    elapsed time = 00:00:33, memory = 4337.18 (MB).
    Completing 80% with 1991 violations.
    elapsed time = 00:00:44, memory = 3695.91 (MB).
    Completing 90% with 1991 violations.
    elapsed time = 00:00:46, memory = 4482.93 (MB).
    Completing 100% with 1196 violations.
    elapsed time = 00:00:54, memory = 3715.08 (MB).
[INFO DRT-0199]   Number of violations = 1196.
Viol/Layer        mcon   met1    via   met2   met3   met4
Cut Spacing          7      0      0      0      0      0
Metal Spacing        0    436      0     50     11      1
Short                0    619      1     53     17      1
[INFO DRT-0267] cpu time = 00:08:53, elapsed time = 00:00:55, memory = 3598.80 (MB), peak = 4942.54 (MB)
Total wire length = 1368582 um.
Total wire length on LAYER li1 = 0 um.
Total wire length on LAYER met1 = 441652 um.
Total wire length on LAYER met2 = 545914 um.
Total wire length on LAYER met3 = 216054 um.
Total wire length on LAYER met4 = 162373 um.
Total wire length on LAYER met5 = 2587 um.
Total number of vias = 265386.
Up-via summary (total 265386):

-------------------------
 FR_MASTERSLICE         0
            li1    111862
           met1    126562
           met2     19865
           met3      6959
           met4       138
-------------------------
               265386


[INFO DRT-0195] Start 5th optimization iteration.
    Completing 10% with 1196 violations.
    elapsed time = 00:00:00, memory = 3598.80 (MB).
    Completing 20% with 1196 violations.
    elapsed time = 00:00:00, memory = 3598.80 (MB).
    Completing 30% with 990 violations.
    elapsed time = 00:00:07, memory = 3598.80 (MB).
    Completing 40% with 990 violations.
    elapsed time = 00:00:07, memory = 3598.80 (MB).
    Completing 50% with 990 violations.
    elapsed time = 00:00:08, memory = 3951.04 (MB).
    Completing 60% with 769 violations.
    elapsed time = 00:00:17, memory = 3598.80 (MB).
    Completing 70% with 769 violations.
    elapsed time = 00:00:17, memory = 3598.80 (MB).
    Completing 80% with 524 violations.
    elapsed time = 00:00:27, memory = 3598.80 (MB).
    Completing 90% with 524 violations.
    elapsed time = 00:00:27, memory = 3598.80 (MB).
    Completing 100% with 337 violations.
    elapsed time = 00:00:32, memory = 3598.80 (MB).
[INFO DRT-0199]   Number of violations = 337.
Viol/Layer        mcon   met1   met2
Cut Spacing          2      0      0
Metal Spacing        0    148     12
Short                0    162     13
[INFO DRT-0267] cpu time = 00:02:35, elapsed time = 00:00:32, memory = 3598.87 (MB), peak = 4942.54 (MB)
Total wire length = 1368657 um.
Total wire length on LAYER li1 = 0 um.
Total wire length on LAYER met1 = 440863 um.
Total wire length on LAYER met2 = 545566 um.
Total wire length on LAYER met3 = 216719 um.
Total wire length on LAYER met4 = 162953 um.
Total wire length on LAYER met5 = 2553 um.
Total number of vias = 265536.
Up-via summary (total 265536):

-------------------------
 FR_MASTERSLICE         0
            li1    111864
           met1    126604
           met2     19927
           met3      7005
           met4       136
-------------------------
               265536


[INFO DRT-0195] Start 6th optimization iteration.
    Completing 10% with 337 violations.
    elapsed time = 00:00:00, memory = 3598.87 (MB).
    Completing 20% with 337 violations.
    elapsed time = 00:00:00, memory = 3598.87 (MB).
    Completing 30% with 327 violations.
    elapsed time = 00:00:04, memory = 3599.32 (MB).
    Completing 40% with 327 violations.
    elapsed time = 00:00:04, memory = 3599.32 (MB).
    Completing 50% with 327 violations.
    elapsed time = 00:00:04, memory = 3599.32 (MB).
    Completing 60% with 296 violations.
    elapsed time = 00:00:09, memory = 3599.61 (MB).
    Completing 70% with 296 violations.
    elapsed time = 00:00:09, memory = 3599.61 (MB).
    Completing 80% with 216 violations.
    elapsed time = 00:00:14, memory = 3599.61 (MB).
    Completing 90% with 216 violations.
    elapsed time = 00:00:14, memory = 3599.61 (MB).
    Completing 100% with 153 violations.
    elapsed time = 00:00:18, memory = 3599.61 (MB).
[INFO DRT-0199]   Number of violations = 153.
Viol/Layer        mcon   met1   met2
Cut Spacing          1      0      0
Metal Spacing        0     50      3
Short                0     94      5
[INFO DRT-0267] cpu time = 00:01:01, elapsed time = 00:00:18, memory = 3599.61 (MB), peak = 4942.54 (MB)
Total wire length = 1368712 um.
Total wire length on LAYER li1 = 0 um.
Total wire length on LAYER met1 = 440780 um.
Total wire length on LAYER met2 = 545614 um.
Total wire length on LAYER met3 = 216841 um.
Total wire length on LAYER met4 = 162922 um.
Total wire length on LAYER met5 = 2553 um.
Total number of vias = 265532.
Up-via summary (total 265532):

-------------------------
 FR_MASTERSLICE         0
            li1    111867
           met1    126605
           met2     19936
           met3      6988
           met4       136
-------------------------
               265532


[INFO DRT-0195] Start 7th optimization iteration.
    Completing 10% with 153 violations.
    elapsed time = 00:00:00, memory = 3599.61 (MB).
    Completing 20% with 153 violations.
    elapsed time = 00:00:00, memory = 3599.61 (MB).
    Completing 30% with 148 violations.
    elapsed time = 00:00:03, memory = 3599.61 (MB).
    Completing 40% with 148 violations.
    elapsed time = 00:00:03, memory = 3599.61 (MB).
    Completing 50% with 148 violations.
    elapsed time = 00:00:03, memory = 3599.61 (MB).
    Completing 60% with 122 violations.
    elapsed time = 00:00:05, memory = 3599.61 (MB).
    Completing 70% with 122 violations.
    elapsed time = 00:00:05, memory = 3599.61 (MB).
    Completing 80% with 83 violations.
    elapsed time = 00:00:09, memory = 3599.61 (MB).
    Completing 90% with 83 violations.
    elapsed time = 00:00:09, memory = 3599.61 (MB).
    Completing 100% with 42 violations.
    elapsed time = 00:00:12, memory = 3599.61 (MB).
[INFO DRT-0199]   Number of violations = 42.
Viol/Layer        mcon   met1   met2
Cut Spacing          1      0      0
Metal Spacing        0     18      0
Short                0     21      2
[INFO DRT-0267] cpu time = 00:00:28, elapsed time = 00:00:12, memory = 3599.61 (MB), peak = 4942.54 (MB)
Total wire length = 1368679 um.
Total wire length on LAYER li1 = 0 um.
Total wire length on LAYER met1 = 440722 um.
Total wire length on LAYER met2 = 545555 um.
Total wire length on LAYER met3 = 216889 um.
Total wire length on LAYER met4 = 162957 um.
Total wire length on LAYER met5 = 2553 um.
Total number of vias = 265535.
Up-via summary (total 265535):

-------------------------
 FR_MASTERSLICE         0
            li1    111866
           met1    126607
           met2     19935
           met3      6991
           met4       136
-------------------------
               265535


[INFO DRT-0195] Start 8th guides tiles iteration.
    Completing 10% with 42 violations.
    elapsed time = 00:00:00, memory = 3599.61 (MB).
    Completing 20% with 42 violations.
    elapsed time = 00:00:00, memory = 3599.61 (MB).
    Completing 30% with 42 violations.
    elapsed time = 00:00:00, memory = 3599.61 (MB).
    Completing 40% with 42 violations.
    elapsed time = 00:00:00, memory = 3599.61 (MB).
    Completing 50% with 42 violations.
    elapsed time = 00:00:00, memory = 3599.61 (MB).
    Completing 60% with 35 violations.
    elapsed time = 00:00:00, memory = 3599.61 (MB).
    Completing 70% with 35 violations.
    elapsed time = 00:00:00, memory = 3599.61 (MB).
    Completing 80% with 35 violations.
    elapsed time = 00:00:01, memory = 3599.61 (MB).
    Completing 90% with 35 violations.
    elapsed time = 00:00:02, memory = 3599.61 (MB).
    Completing 100% with 35 violations.
    elapsed time = 00:00:02, memory = 3599.61 (MB).
[INFO DRT-0199]   Number of violations = 35.
Viol/Layer        met1   met2
Metal Spacing       17      0
Short               16      2
[INFO DRT-0267] cpu time = 00:00:06, elapsed time = 00:00:02, memory = 3599.61 (MB), peak = 4942.54 (MB)
Total wire length = 1368682 um.
Total wire length on LAYER li1 = 0 um.
Total wire length on LAYER met1 = 440721 um.
Total wire length on LAYER met2 = 545557 um.
Total wire length on LAYER met3 = 216891 um.
Total wire length on LAYER met4 = 162957 um.
Total wire length on LAYER met5 = 2553 um.
Total number of vias = 265532.
Up-via summary (total 265532):

-------------------------
 FR_MASTERSLICE         0
            li1    111867
           met1    126606
           met2     19932
           met3      6991
           met4       136
-------------------------
               265532


[INFO DRT-0195] Start 9th guides tiles iteration.
    Completing 10% with 35 violations.
    elapsed time = 00:00:00, memory = 3600.94 (MB).
    Completing 20% with 35 violations.
    elapsed time = 00:00:00, memory = 3600.94 (MB).
    Completing 30% with 35 violations.
    elapsed time = 00:00:00, memory = 3600.94 (MB).
    Completing 50% with 35 violations.
    elapsed time = 00:00:01, memory = 3600.94 (MB).
    Completing 60% with 34 violations.
    elapsed time = 00:00:01, memory = 3600.94 (MB).
    Completing 70% with 34 violations.
    elapsed time = 00:00:01, memory = 3600.94 (MB).
    Completing 80% with 34 violations.
    elapsed time = 00:00:02, memory = 3600.94 (MB).
    Completing 100% with 34 violations.
    elapsed time = 00:00:02, memory = 3600.94 (MB).
[INFO DRT-0199]   Number of violations = 34.
Viol/Layer        met1   met2
Metal Spacing       16      0
Short               16      2
[INFO DRT-0267] cpu time = 00:00:07, elapsed time = 00:00:02, memory = 3600.94 (MB), peak = 4942.54 (MB)
Total wire length = 1368685 um.
Total wire length on LAYER li1 = 0 um.
Total wire length on LAYER met1 = 440720 um.
Total wire length on LAYER met2 = 545558 um.
Total wire length on LAYER met3 = 216893 um.
Total wire length on LAYER met4 = 162957 um.
Total wire length on LAYER met5 = 2553 um.
Total number of vias = 265534.
Up-via summary (total 265534):

-------------------------
 FR_MASTERSLICE         0
            li1    111867
           met1    126606
           met2     19934
           met3      6991
           met4       136
-------------------------
               265534


[INFO DRT-0195] Start 10th guides tiles iteration.
    Completing 10% with 34 violations.
    elapsed time = 00:00:00, memory = 3600.94 (MB).
    Completing 20% with 34 violations.
    elapsed time = 00:00:00, memory = 3600.94 (MB).
    Completing 40% with 34 violations.
    elapsed time = 00:00:00, memory = 3600.94 (MB).
    Completing 50% with 34 violations.
    elapsed time = 00:00:00, memory = 3600.94 (MB).
    Completing 70% with 4 violations.
    elapsed time = 00:00:00, memory = 3600.94 (MB).
    Completing 80% with 4 violations.
    elapsed time = 00:00:00, memory = 3600.94 (MB).
    Completing 100% with 4 violations.
    elapsed time = 00:00:00, memory = 3600.94 (MB).
[INFO DRT-0199]   Number of violations = 4.
Viol/Layer        met1
Short                4
[INFO DRT-0267] cpu time = 00:00:02, elapsed time = 00:00:00, memory = 3600.94 (MB), peak = 4942.54 (MB)
Total wire length = 1368707 um.
Total wire length on LAYER li1 = 0 um.
Total wire length on LAYER met1 = 440704 um.
Total wire length on LAYER met2 = 545575 um.
Total wire length on LAYER met3 = 216911 um.
Total wire length on LAYER met4 = 162961 um.
Total wire length on LAYER met5 = 2553 um.
Total number of vias = 265547.
Up-via summary (total 265547):

-------------------------
 FR_MASTERSLICE         0
            li1    111867
           met1    126609
           met2     19940
           met3      6995
           met4       136
-------------------------
               265547


[INFO DRT-0195] Start 11th guides tiles iteration.
    Completing 50% with 4 violations.
    elapsed time = 00:00:00, memory = 3600.94 (MB).
    Completing 100% with 0 violations.
    elapsed time = 00:00:00, memory = 3600.94 (MB).
[INFO DRT-0199]   Number of violations = 0.
[INFO DRT-0267] cpu time = 00:00:01, elapsed time = 00:00:00, memory = 3600.94 (MB), peak = 4942.54 (MB)
Total wire length = 1368707 um.
Total wire length on LAYER li1 = 0 um.
Total wire length on LAYER met1 = 440704 um.
Total wire length on LAYER met2 = 545575 um.
Total wire length on LAYER met3 = 216911 um.
Total wire length on LAYER met4 = 162961 um.
Total wire length on LAYER met5 = 2553 um.
Total number of vias = 265547.
Up-via summary (total 265547):

-------------------------
 FR_MASTERSLICE         0
            li1    111867
           met1    126609
           met2     19940
           met3      6995
           met4       136
-------------------------
               265547


[INFO DRT-0198] Complete detail routing.
Total wire length = 1368707 um.
Total wire length on LAYER li1 = 0 um.
Total wire length on LAYER met1 = 440704 um.
Total wire length on LAYER met2 = 545575 um.
Total wire length on LAYER met3 = 216911 um.
Total wire length on LAYER met4 = 162961 um.
Total wire length on LAYER met5 = 2553 um.
Total number of vias = 265547.
Up-via summary (total 265547):

-------------------------
 FR_MASTERSLICE         0
            li1    111867
           met1    126609
           met2     19940
           met3      6995
           met4       136
-------------------------
               265547


[INFO DRT-0267] cpu time = 01:56:25, elapsed time = 00:07:54, memory = 3600.94 (MB), peak = 4942.54 (MB)

[INFO DRT-0180] Post processing.
[INFO DRT-0501] Runtime: 499.52s
Took 500 seconds: detailed_route -output_drc /work/reports/sky130hd/m7_j2/p13p0/5_route_drc.rpt -output_maze /work/results/sky130hd/m7_j2/p13p0/maze.log -droute_end_iter 64 -verbose 1 -drc_report_iter_step 5
[INFO GRT-0012] Found 91 antenna violations.
[WARNING GRT-0243] Unable to repair antennas on net with diodes.
[INFO DPL-0006] Core area: 482412.67 um^2
[INFO DPL-0007] Movable instances area: 2.50 um^2
[INFO DPL-0008] Fixed instances area within core: 284107.48 um^2
[INFO DPL-0009] Utilization: 58.9%
[INFO DPL-0005] Diamond search max displacement: +/- 500 sites horizontally, +/- 100 rows vertically.
[INFO DPL-1102] Legalizing using negotiation legalizer.
[INFO DPL-1103] Negotiation base search window: +/-20 sites horizontally, +/-5 rows vertically 
	Automatic search window extension enabled.
	Search window extendable up to the max displacement cap of +/-500 sites, +/-100 rows near walls.
[INFO DPL-1104] NegotiationLegalizer DRC penalty: 5.
[INFO DPL-0392] Negotiation cell height distribution (1 unique row-count(s)):
[INFO DPL-0393]   height 1 row(s): 38333 cells
          |      Total |  Illegal |  Illegal
Iteration | Violations |    Cells |    Sites
---------------------------------------------
        0 |          0 |         0 |         0
Negotiation phase 1 converged at iteration 0.
[INFO DPL-0500] Runtime: 0.09s
[INFO GRT-0015] Inserted 131 diodes.
[WARNING DRT-0120] Large net net3545 has 103 pins which may impact routing performance. Consider optimization.
[WARNING DRT-0120] Large net net4707 has 170 pins which may impact routing performance. Consider optimization.
[WARNING DRT-0120] Large net net4708 has 156 pins which may impact routing performance. Consider optimization.
[WARNING DRT-0120] Large net net4710 has 149 pins which may impact routing performance. Consider optimization.
[WARNING DRT-0120] Large net net4716 has 126 pins which may impact routing performance. Consider optimization.
[WARNING DRT-0120] Large net net4717 has 130 pins which may impact routing performance. Consider optimization.
[WARNING DRT-0120] Large net net4723 has 164 pins which may impact routing performance. Consider optimization.
[WARNING DRT-0120] Large net net4727 has 137 pins which may impact routing performance. Consider optimization.
[INFO DRT-0024]   Complete FR_MASTERSLICE.
[INFO DRT-0024]   Complete Fr_VIA.
[INFO DRT-0024]   Complete li1.
[INFO DRT-0024]   Complete mcon.
[INFO DRT-0024]   Complete met1.
[INFO DRT-0024]   Complete via.
[INFO DRT-0024]   Complete met2.
[INFO DRT-0024]   Complete via2.
[INFO DRT-0024]   Complete met3.
[INFO DRT-0024]   Complete via3.
[INFO DRT-0024]   Complete met4.
[INFO DRT-0024]   Complete via4.
[INFO DRT-0024]   Complete met5.
[INFO DRT-0165] Start pin access.
[INFO DRT-0076]   Complete 1000 pins.
[INFO DRT-0076]   Complete 2000 pins.
[INFO DRT-0078]   Complete 2373 pins.
[INFO DRT-0079]   Complete 100 unique inst patterns.
[INFO DRT-0079]   Complete 200 unique inst patterns.
[INFO DRT-0081]   Complete 294 unique inst patterns.
[INFO DRT-0082]   Complete 10000 groups.
[INFO DRT-0084]   Complete 19410 groups.
#scanned instances     = 38333
#unique  instances     = 294
#stdCellGenAp          = 9406
#stdCellValidPlanarAp  = 114
#stdCellValidViaAp     = 6900
#stdCellPinNoAp        = 0
#stdCellPinCnt         = 113382
#instTermValidViaApCnt = 0
#macroGenAp            = 0
#macroValidPlanarAp    = 0
#macroValidViaAp       = 0
#macroNoAp             = 0
[INFO DRT-0166] Complete pin access.
[INFO DRT-0267] cpu time = 00:08:27, elapsed time = 00:00:19, memory = 3090.94 (MB), peak = 4942.54 (MB)
[INFO DRT-0156] guideIn read 100000 guides.
[INFO DRT-0156] guideIn read 200000 guides.

[INFO DRT-0157] Number of guides:     272381

[INFO DRT-0169] Post process guides.
[INFO DRT-0176] GCELLGRID X 0 DO 101 STEP 6900 ;
[INFO DRT-0177] GCELLGRID Y 0 DO 101 STEP 6900 ;
[INFO DRT-0026]   Complete 100000 origin guides.
[INFO DRT-0026]   Complete 200000 origin guides.
[INFO DRT-0028]   Complete FR_MASTERSLICE.
[INFO DRT-0028]   Complete Fr_VIA.
[INFO DRT-0028]   Complete li1.
[INFO DRT-0028]   Complete mcon.
[INFO DRT-0028]   Complete met1.
[INFO DRT-0028]   Complete via.
[INFO DRT-0028]   Complete met2.
[INFO DRT-0028]   Complete via2.
[INFO DRT-0028]   Complete met3.
[INFO DRT-0028]   Complete via3.
[INFO DRT-0028]   Complete met4.
[INFO DRT-0028]   Complete via4.
[INFO DRT-0028]   Complete met5.
[INFO DRT-0178] Init guide query.
[INFO DRT-0035]   Complete FR_MASTERSLICE (guide).
[INFO DRT-0035]   Complete Fr_VIA (guide).
[INFO DRT-0035]   Complete li1 (guide).
[INFO DRT-0035]   Complete mcon (guide).
[INFO DRT-0035]   Complete met1 (guide).
[INFO DRT-0035]   Complete via (guide).
[INFO DRT-0035]   Complete met2 (guide).
[INFO DRT-0035]   Complete via2 (guide).
[INFO DRT-0035]   Complete met3 (guide).
[INFO DRT-0035]   Complete via3 (guide).
[INFO DRT-0035]   Complete met4 (guide).
[INFO DRT-0035]   Complete via4 (guide).
[INFO DRT-0035]   Complete met5 (guide).
[INFO DRT-0036] FR_MASTERSLICE guide region query size = 0.
[INFO DRT-0036] FR_VIA guide region query size = 0.
[INFO DRT-0036] li1 guide region query size = 87989.
[INFO DRT-0036] mcon guide region query size = 0.
[INFO DRT-0036] met1 guide region query size = 78459.
[INFO DRT-0036] via guide region query size = 0.
[INFO DRT-0036] met2 guide region query size = 43255.
[INFO DRT-0036] via2 guide region query size = 0.
[INFO DRT-0036] met3 guide region query size = 7228.
[INFO DRT-0036] via3 guide region query size = 0.
[INFO DRT-0036] met4 guide region query size = 3099.
[INFO DRT-0036] via4 guide region query size = 0.
[INFO DRT-0036] met5 guide region query size = 87.
[INFO DRT-0179] Init gr pin query.
[INFO DRT-0267] cpu time = 00:00:01, elapsed time = 00:00:00, memory = 3090.94 (MB), peak = 4942.54 (MB)
[INFO DRT-0245] skipped writing guide updates to database.
[INFO DRT-0181] Start track assignment.
[INFO DRT-0184] Done with 134343 vertical wires in 3 frboxes and 85774 horizontal wires in 3 frboxes.
[INFO DRT-0186] Done with 23624 vertical wires in 3 frboxes and 28226 horizontal wires in 3 frboxes.
[INFO DRT-0182] Complete track assignment.
[INFO DRT-0267] cpu time = 00:00:09, elapsed time = 00:00:04, memory = 3326.66 (MB), peak = 4942.54 (MB)
[INFO DRT-0187] Start routing data preparation.
[INFO DRT-0267] cpu time = 00:00:00, elapsed time = 00:00:00, memory = 3326.66 (MB), peak = 4942.54 (MB)
[INFO DRT-0194] Start detail routing.
[INFO DRT-0195] Start 0th optimization iteration.
    Completing 10% with 0 violations.
    elapsed time = 00:00:01, memory = 4179.70 (MB).
    Completing 20% with 0 violations.
    elapsed time = 00:00:03, memory = 4003.82 (MB).
    Completing 30% with 3063 violations.
    elapsed time = 00:00:07, memory = 4417.34 (MB).
    Completing 40% with 3063 violations.
    elapsed time = 00:00:09, memory = 4434.40 (MB).
    Completing 50% with 3063 violations.
    elapsed time = 00:00:11, memory = 3787.66 (MB).
    Completing 60% with 6398 violations.
    elapsed time = 00:00:16, memory = 4615.23 (MB).
    Completing 70% with 6398 violations.
    elapsed time = 00:00:19, memory = 4200.36 (MB).
    Completing 80% with 9947 violations.
    elapsed time = 00:00:31, memory = 4528.48 (MB).
    Completing 90% with 9947 violations.
    elapsed time = 00:00:34, memory = 4272.00 (MB).
    Completing 100% with 12723 violations.
    elapsed time = 00:00:37, memory = 3388.46 (MB).
[INFO DRT-0199]   Number of violations = 13865.
Viol/Layer         li1   mcon   met1    via   met2   met3   met4
Cut Spacing          0      6      0      0      0      0      0
Metal Spacing        0      0    707      0    829     62      9
Min Hole             0      0      7      0      0      0      0
Recheck              5      0    542      0    470     78     47
Short                0      1   5882      8   4765    285    162
[INFO DRT-0267] cpu time = 00:08:04, elapsed time = 00:00:37, memory = 3594.21 (MB), peak = 4942.54 (MB)
Total wire length = 1369443 um.
Total wire length on LAYER li1 = 0 um.
Total wire length on LAYER met1 = 455136 um.
Total wire length on LAYER met2 = 558966 um.
Total wire length on LAYER met3 = 199999 um.
Total wire length on LAYER met4 = 152991 um.
Total wire length on LAYER met5 = 2350 um.
Total number of vias = 265150.
Up-via summary (total 265150):

-------------------------
 FR_MASTERSLICE         0
            li1    112048
           met1    127509
           met2     18941
           met3      6539
           met4       113
-------------------------
               265150


[INFO DRT-0195] Start 1st optimization iteration.
    Completing 10% with 13865 violations.
    elapsed time = 00:00:01, memory = 4600.55 (MB).
    Completing 20% with 13865 violations.
    elapsed time = 00:00:02, memory = 4292.03 (MB).
    Completing 30% with 12374 violations.
    elapsed time = 00:00:06, memory = 4513.60 (MB).
    Completing 40% with 12374 violations.
    elapsed time = 00:00:07, memory = 4464.98 (MB).
    Completing 50% with 12374 violations.
    elapsed time = 00:00:08, memory = 4013.62 (MB).
    Completing 60% with 11029 violations.
    elapsed time = 00:00:12, memory = 4781.38 (MB).
    Completing 70% with 11029 violations.
    elapsed time = 00:00:14, memory = 4333.43 (MB).
    Completing 80% with 9153 violations.
    elapsed time = 00:00:21, memory = 4900.20 (MB).
    Completing 90% with 9153 violations.
    elapsed time = 00:00:23, memory = 4583.27 (MB).
    Completing 100% with 7496 violations.
    elapsed time = 00:00:28, memory = 3743.71 (MB).
[INFO DRT-0199]   Number of violations = 7503.
Viol/Layer        mcon   met1   met2   met3   met4
Cut Spacing          2      0      0      0      0
Metal Spacing        0    447    667     40      1
Recheck              0      6      1      0      0
Short                0   3877   2363     74     25
[INFO DRT-0267] cpu time = 00:06:16, elapsed time = 00:00:28, memory = 3743.71 (MB), peak = 4942.54 (MB)
Total wire length = 1367288 um.
Total wire length on LAYER li1 = 0 um.
Total wire length on LAYER met1 = 453929 um.
Total wire length on LAYER met2 = 557416 um.
Total wire length on LAYER met3 = 200342 um.
Total wire length on LAYER met4 = 153246 um.
Total wire length on LAYER met5 = 2353 um.
Total number of vias = 264796.
Up-via summary (total 264796):

-------------------------
 FR_MASTERSLICE         0
            li1    112040
           met1    127119
           met2     18979
           met3      6545
           met4       113
-------------------------
               264796


[INFO DRT-0195] Start 2nd optimization iteration.
    Completing 10% with 7503 violations.
    elapsed time = 00:00:01, memory = 4712.98 (MB).
    Completing 20% with 7503 violations.
    elapsed time = 00:00:02, memory = 4222.99 (MB).
    Completing 30% with 7359 violations.
    elapsed time = 00:00:04, memory = 3695.89 (MB).
    Completing 40% with 7359 violations.
    elapsed time = 00:00:06, memory = 4499.17 (MB).
    Completing 50% with 7359 violations.
    elapsed time = 00:00:10, memory = 3699.45 (MB).
    Completing 60% with 7157 violations.
    elapsed time = 00:00:12, memory = 4905.75 (MB).
    Completing 70% with 7157 violations.
    elapsed time = 00:00:13, memory = 4226.43 (MB).
    Completing 80% with 7030 violations.
    elapsed time = 00:00:16, memory = 3699.45 (MB).
    Completing 90% with 7030 violations.
    elapsed time = 00:00:18, memory = 4680.71 (MB).
    Completing 100% with 6864 violations.
    elapsed time = 00:00:25, memory = 3664.44 (MB).
[INFO DRT-0199]   Number of violations = 6864.
Viol/Layer        mcon   met1    via   met2   met3   met4
Cut Spacing          3      0      0      0      0      0
Metal Spacing        0    404      0    674     34      3
Short                0   3573      5   2103     41     24
[INFO DRT-0267] cpu time = 00:05:18, elapsed time = 00:00:25, memory = 3650.69 (MB), peak = 4956.66 (MB)
Total wire length = 1366756 um.
Total wire length on LAYER li1 = 0 um.
Total wire length on LAYER met1 = 453655 um.
Total wire length on LAYER met2 = 557294 um.
Total wire length on LAYER met3 = 200163 um.
Total wire length on LAYER met4 = 153261 um.
Total wire length on LAYER met5 = 2381 um.
Total number of vias = 264624.
Up-via summary (total 264624):

-------------------------
 FR_MASTERSLICE         0
            li1    112049
           met1    127019
           met2     18928
           met3      6513
           met4       115
-------------------------
               264624


[INFO DRT-0195] Start 3rd optimization iteration.
    Completing 10% with 6864 violations.
    elapsed time = 00:00:00, memory = 4711.46 (MB).
    Completing 20% with 6864 violations.
    elapsed time = 00:00:02, memory = 4420.71 (MB).
    Completing 30% with 5564 violations.
    elapsed time = 00:00:09, memory = 3656.43 (MB).
    Completing 40% with 5564 violations.
    elapsed time = 00:00:11, memory = 4728.66 (MB).
    Completing 50% with 5564 violations.
    elapsed time = 00:00:16, memory = 3995.44 (MB).
    Completing 60% with 4126 violations.
    elapsed time = 00:00:25, memory = 3691.09 (MB).
    Completing 70% with 4126 violations.
    elapsed time = 00:00:28, memory = 4389.68 (MB).
    Completing 80% with 2562 violations.
    elapsed time = 00:00:44, memory = 3691.18 (MB).
    Completing 90% with 2562 violations.
    elapsed time = 00:00:47, memory = 4454.48 (MB).
    Completing 100% with 1481 violations.
    elapsed time = 00:00:56, memory = 3673.99 (MB).
[INFO DRT-0199]   Number of violations = 1481.
Viol/Layer        mcon   met1   met2   via2   met3   met4
Cut Spacing          3      0      0      0      0      0
Metal Spacing        0    350    111      0     15      1
Short                0    699    286      1     15      0
[INFO DRT-0267] cpu time = 00:08:56, elapsed time = 00:00:57, memory = 3673.99 (MB), peak = 4956.66 (MB)
Total wire length = 1366503 um.
Total wire length on LAYER li1 = 0 um.
Total wire length on LAYER met1 = 443225 um.
Total wire length on LAYER met2 = 549949 um.
Total wire length on LAYER met3 = 210345 um.
Total wire length on LAYER met4 = 160616 um.
Total wire length on LAYER met5 = 2367 um.
Total number of vias = 267468.
Up-via summary (total 267468):

-------------------------
 FR_MASTERSLICE         0
            li1    112033
           met1    127484
           met2     20658
           met3      7180
           met4       113
-------------------------
               267468


[INFO DRT-0195] Start 4th optimization iteration.
    Completing 10% with 1481 violations.
    elapsed time = 00:00:00, memory = 3673.99 (MB).
    Completing 20% with 1481 violations.
    elapsed time = 00:00:00, memory = 3673.99 (MB).
    Completing 30% with 1281 violations.
    elapsed time = 00:00:03, memory = 3673.99 (MB).
    Completing 40% with 1281 violations.
    elapsed time = 00:00:03, memory = 3673.99 (MB).
    Completing 50% with 1281 violations.
    elapsed time = 00:00:05, memory = 3957.82 (MB).
    Completing 60% with 1060 violations.
    elapsed time = 00:00:09, memory = 3679.50 (MB).
    Completing 70% with 1060 violations.
    elapsed time = 00:00:09, memory = 3679.50 (MB).
    Completing 80% with 683 violations.
    elapsed time = 00:00:19, memory = 3679.91 (MB).
    Completing 90% with 683 violations.
    elapsed time = 00:00:19, memory = 3679.91 (MB).
    Completing 100% with 357 violations.
    elapsed time = 00:00:29, memory = 3679.91 (MB).
[INFO DRT-0199]   Number of violations = 357.
Viol/Layer        met1   met2   met3
Metal Spacing      116     28      6
Short              169     38      0
[INFO DRT-0267] cpu time = 00:02:36, elapsed time = 00:00:29, memory = 3679.91 (MB), peak = 4956.66 (MB)
Total wire length = 1366464 um.
Total wire length on LAYER li1 = 0 um.
Total wire length on LAYER met1 = 442160 um.
Total wire length on LAYER met2 = 549517 um.
Total wire length on LAYER met3 = 211225 um.
Total wire length on LAYER met4 = 161197 um.
Total wire length on LAYER met5 = 2362 um.
Total number of vias = 267595.
Up-via summary (total 267595):

-------------------------
 FR_MASTERSLICE         0
            li1    112038
           met1    127501
           met2     20724
           met3      7219
           met4       113
-------------------------
               267595


[INFO DRT-0195] Start 5th optimization iteration.
    Completing 10% with 357 violations.
    elapsed time = 00:00:00, memory = 3679.91 (MB).
    Completing 20% with 357 violations.
    elapsed time = 00:00:00, memory = 3679.91 (MB).
    Completing 30% with 299 violations.
    elapsed time = 00:00:01, memory = 3679.91 (MB).
    Completing 40% with 299 violations.
    elapsed time = 00:00:01, memory = 3679.91 (MB).
    Completing 50% with 299 violations.
    elapsed time = 00:00:01, memory = 3679.91 (MB).
    Completing 60% with 292 violations.
    elapsed time = 00:00:08, memory = 3679.91 (MB).
    Completing 70% with 292 violations.
    elapsed time = 00:00:08, memory = 3679.91 (MB).
    Completing 80% with 150 violations.
    elapsed time = 00:00:19, memory = 3679.91 (MB).
    Completing 90% with 150 violations.
    elapsed time = 00:00:19, memory = 3679.91 (MB).
    Completing 100% with 95 violations.
    elapsed time = 00:00:22, memory = 3679.91 (MB).
[INFO DRT-0199]   Number of violations = 95.
Viol/Layer        mcon   met1   met2
Cut Spacing          1      0      0
Metal Spacing        0     50      3
Short                0     40      1
[INFO DRT-0267] cpu time = 00:00:51, elapsed time = 00:00:22, memory = 3679.91 (MB), peak = 4956.66 (MB)
Total wire length = 1366493 um.
Total wire length on LAYER li1 = 0 um.
Total wire length on LAYER met1 = 442044 um.
Total wire length on LAYER met2 = 549412 um.
Total wire length on LAYER met3 = 211372 um.
Total wire length on LAYER met4 = 161301 um.
Total wire length on LAYER met5 = 2362 um.
Total number of vias = 267622.
Up-via summary (total 267622):

-------------------------
 FR_MASTERSLICE         0
            li1    112037
           met1    127515
           met2     20729
           met3      7228
           met4       113
-------------------------
               267622


[INFO DRT-0195] Start 6th guides tiles iteration.
    Completing 10% with 95 violations.
    elapsed time = 00:00:00, memory = 3767.04 (MB).
    Completing 20% with 95 violations.
    elapsed time = 00:00:00, memory = 3814.20 (MB).
    Completing 30% with 95 violations.
    elapsed time = 00:00:00, memory = 3830.07 (MB).
    Completing 40% with 95 violations.
    elapsed time = 00:00:00, memory = 3830.07 (MB).
    Completing 50% with 95 violations.
    elapsed time = 00:00:00, memory = 3833.23 (MB).
    Completing 60% with 68 violations.
    elapsed time = 00:00:31, memory = 3714.07 (MB).
    Completing 70% with 68 violations.
    elapsed time = 00:00:31, memory = 3714.07 (MB).
    Completing 80% with 68 violations.
    elapsed time = 00:00:32, memory = 3714.07 (MB).
    Completing 90% with 68 violations.
    elapsed time = 00:00:32, memory = 3714.07 (MB).
    Completing 100% with 47 violations.
    elapsed time = 00:00:33, memory = 3714.07 (MB).
[INFO DRT-0199]   Number of violations = 47.
Viol/Layer        mcon   met1   met2
Cut Spacing          1      0      0
Metal Spacing        0     21      0
Short                0     24      1
[INFO DRT-0267] cpu time = 00:00:38, elapsed time = 00:00:33, memory = 3714.07 (MB), peak = 4956.66 (MB)
Total wire length = 1366500 um.
Total wire length on LAYER li1 = 0 um.
Total wire length on LAYER met1 = 442087 um.
Total wire length on LAYER met2 = 549409 um.
Total wire length on LAYER met3 = 211330 um.
Total wire length on LAYER met4 = 161310 um.
Total wire length on LAYER met5 = 2362 um.
Total number of vias = 267627.
Up-via summary (total 267627):

-------------------------
 FR_MASTERSLICE         0
            li1    112037
           met1    127529
           met2     20723
           met3      7225
           met4       113
-------------------------
               267627


[INFO DRT-0195] Start 7th guides tiles iteration.
    Completing 10% with 47 violations.
    elapsed time = 00:00:00, memory = 3714.07 (MB).
    Completing 20% with 47 violations.
    elapsed time = 00:00:00, memory = 3714.07 (MB).
    Completing 30% with 47 violations.
    elapsed time = 00:00:00, memory = 3714.07 (MB).
    Completing 40% with 47 violations.
    elapsed time = 00:00:00, memory = 3714.07 (MB).
    Completing 50% with 47 violations.
    elapsed time = 00:00:00, memory = 3714.07 (MB).
    Completing 60% with 46 violations.
    elapsed time = 00:00:00, memory = 3714.07 (MB).
    Completing 70% with 46 violations.
    elapsed time = 00:00:00, memory = 3714.07 (MB).
    Completing 80% with 46 violations.
    elapsed time = 00:00:01, memory = 3714.07 (MB).
    Completing 90% with 46 violations.
    elapsed time = 00:00:02, memory = 3714.07 (MB).
    Completing 100% with 41 violations.
    elapsed time = 00:00:02, memory = 3714.07 (MB).
[INFO DRT-0199]   Number of violations = 41.
Viol/Layer        mcon   met1   met2
Cut Spacing          1      0      0
Metal Spacing        0     15      3
Short                0     21      1
[INFO DRT-0267] cpu time = 00:00:06, elapsed time = 00:00:02, memory = 3714.07 (MB), peak = 4956.66 (MB)
Total wire length = 1366497 um.
Total wire length on LAYER li1 = 0 um.
Total wire length on LAYER met1 = 442075 um.
Total wire length on LAYER met2 = 549392 um.
Total wire length on LAYER met3 = 211338 um.
Total wire length on LAYER met4 = 161327 um.
Total wire length on LAYER met5 = 2362 um.
Total number of vias = 267633.
Up-via summary (total 267633):

-------------------------
 FR_MASTERSLICE         0
            li1    112036
           met1    127531
           met2     20726
           met3      7227
           met4       113
-------------------------
               267633


[INFO DRT-0195] Start 8th guides tiles iteration.
    Completing 10% with 41 violations.
    elapsed time = 00:00:00, memory = 3714.07 (MB).
    Completing 20% with 41 violations.
    elapsed time = 00:00:00, memory = 3714.07 (MB).
    Completing 30% with 41 violations.
    elapsed time = 00:00:00, memory = 3714.07 (MB).
    Completing 40% with 41 violations.
    elapsed time = 00:00:00, memory = 3714.07 (MB).
    Completing 50% with 41 violations.
    elapsed time = 00:00:00, memory = 3714.07 (MB).
    Completing 60% with 40 violations.
    elapsed time = 00:00:00, memory = 3714.07 (MB).
    Completing 70% with 40 violations.
    elapsed time = 00:00:00, memory = 3714.07 (MB).
    Completing 80% with 40 violations.
    elapsed time = 00:00:01, memory = 3714.07 (MB).
    Completing 90% with 40 violations.
    elapsed time = 00:00:01, memory = 3714.07 (MB).
    Completing 100% with 30 violations.
    elapsed time = 00:00:02, memory = 3714.07 (MB).
[INFO DRT-0199]   Number of violations = 30.
Viol/Layer        mcon   met1   met2
Cut Spacing          1      0      0
Metal Spacing        0     12      0
Short                0     16      1
[INFO DRT-0267] cpu time = 00:00:06, elapsed time = 00:00:02, memory = 3714.07 (MB), peak = 4956.66 (MB)
Total wire length = 1366495 um.
Total wire length on LAYER li1 = 0 um.
Total wire length on LAYER met1 = 442081 um.
Total wire length on LAYER met2 = 549387 um.
Total wire length on LAYER met3 = 211337 um.
Total wire length on LAYER met4 = 161326 um.
Total wire length on LAYER met5 = 2362 um.
Total number of vias = 267631.
Up-via summary (total 267631):

-------------------------
 FR_MASTERSLICE         0
            li1    112036
           met1    127532
           met2     20723
           met3      7227
           met4       113
-------------------------
               267631


[INFO DRT-0195] Start 9th guides tiles iteration.
    Completing 10% with 30 violations.
    elapsed time = 00:00:00, memory = 3714.07 (MB).
    Completing 20% with 30 violations.
    elapsed time = 00:00:00, memory = 3714.07 (MB).
    Completing 30% with 30 violations.
    elapsed time = 00:00:00, memory = 3714.07 (MB).
    Completing 40% with 30 violations.
    elapsed time = 00:00:00, memory = 3714.07 (MB).
    Completing 50% with 30 violations.
    elapsed time = 00:00:00, memory = 3714.07 (MB).
    Completing 60% with 30 violations.
    elapsed time = 00:00:00, memory = 3714.07 (MB).
    Completing 70% with 30 violations.
    elapsed time = 00:00:00, memory = 3714.07 (MB).
    Completing 80% with 30 violations.
    elapsed time = 00:00:00, memory = 3714.07 (MB).
    Completing 90% with 30 violations.
    elapsed time = 00:00:01, memory = 3714.07 (MB).
    Completing 100% with 22 violations.
    elapsed time = 00:00:01, memory = 3714.07 (MB).
[INFO DRT-0199]   Number of violations = 22.
Viol/Layer        mcon   met1   met2
Cut Spacing          1      0      0
Metal Spacing        0      8      0
Short                0     12      1
[INFO DRT-0267] cpu time = 00:00:04, elapsed time = 00:00:01, memory = 3714.07 (MB), peak = 4956.66 (MB)
Total wire length = 1366494 um.
Total wire length on LAYER li1 = 0 um.
Total wire length on LAYER met1 = 442080 um.
Total wire length on LAYER met2 = 549387 um.
Total wire length on LAYER met3 = 211337 um.
Total wire length on LAYER met4 = 161326 um.
Total wire length on LAYER met5 = 2362 um.
Total number of vias = 267631.
Up-via summary (total 267631):

-------------------------
 FR_MASTERSLICE         0
            li1    112036
           met1    127532
           met2     20723
           met3      7227
           met4       113
-------------------------
               267631


[INFO DRT-0195] Start 10th guides tiles iteration.
    Completing 10% with 22 violations.
    elapsed time = 00:00:00, memory = 3714.07 (MB).
    Completing 20% with 22 violations.
    elapsed time = 00:00:00, memory = 3714.07 (MB).
    Completing 30% with 22 violations.
    elapsed time = 00:00:00, memory = 3714.07 (MB).
    Completing 50% with 22 violations.
    elapsed time = 00:00:00, memory = 3714.07 (MB).
    Completing 60% with 22 violations.
    elapsed time = 00:00:00, memory = 3714.07 (MB).
    Completing 70% with 4 violations.
    elapsed time = 00:00:00, memory = 3714.07 (MB).
    Completing 80% with 4 violations.
    elapsed time = 00:00:00, memory = 3714.07 (MB).
    Completing 100% with 4 violations.
    elapsed time = 00:00:02, memory = 3714.07 (MB).
[INFO DRT-0199]   Number of violations = 4.
Viol/Layer        met1
Metal Spacing        4
[INFO DRT-0267] cpu time = 00:00:04, elapsed time = 00:00:02, memory = 3714.07 (MB), peak = 4956.66 (MB)
Total wire length = 1366496 um.
Total wire length on LAYER li1 = 0 um.
Total wire length on LAYER met1 = 442076 um.
Total wire length on LAYER met2 = 549377 um.
Total wire length on LAYER met3 = 211339 um.
Total wire length on LAYER met4 = 161340 um.
Total wire length on LAYER met5 = 2362 um.
Total number of vias = 267638.
Up-via summary (total 267638):

-------------------------
 FR_MASTERSLICE         0
            li1    112036
           met1    127531
           met2     20727
           met3      7231
           met4       113
-------------------------
               267638


[INFO DRT-0195] Start 11th guides tiles iteration.
    Completing 20% with 4 violations.
    elapsed time = 00:00:00, memory = 3714.07 (MB).
    Completing 50% with 4 violations.
    elapsed time = 00:00:00, memory = 3714.07 (MB).
    Completing 70% with 4 violations.
    elapsed time = 00:00:00, memory = 3714.07 (MB).
    Completing 100% with 4 violations.
    elapsed time = 00:00:00, memory = 3714.07 (MB).
[INFO DRT-0199]   Number of violations = 4.
Viol/Layer        met1
Metal Spacing        4
[INFO DRT-0267] cpu time = 00:00:02, elapsed time = 00:00:00, memory = 3714.07 (MB), peak = 4956.66 (MB)
Total wire length = 1366496 um.
Total wire length on LAYER li1 = 0 um.
Total wire length on LAYER met1 = 442077 um.
Total wire length on LAYER met2 = 549377 um.
Total wire length on LAYER met3 = 211339 um.
Total wire length on LAYER met4 = 161340 um.
Total wire length on LAYER met5 = 2362 um.
Total number of vias = 267638.
Up-via summary (total 267638):

-------------------------
 FR_MASTERSLICE         0
            li1    112036
           met1    127531
           met2     20727
           met3      7231
           met4       113
-------------------------
               267638


[INFO DRT-0195] Start 12th stubborn tiles iteration.
    Completing 10% with 4 violations.
    elapsed time = 00:00:01, memory = 4996.86 (MB).
    Completing 20% with 4 violations.
    elapsed time = 00:00:02, memory = 4777.00 (MB).
    Completing 30% with 4 violations.
    elapsed time = 00:00:03, memory = 4437.55 (MB).
    Completing 40% with 4 violations.
    elapsed time = 00:00:04, memory = 4056.56 (MB).
    Completing 50% with 4 violations.
    elapsed time = 00:00:06, memory = 3733.40 (MB).
    Completing 60% with 1 violations.
    elapsed time = 00:00:07, memory = 4595.35 (MB).
    Completing 70% with 1 violations.
    elapsed time = 00:00:07, memory = 4521.11 (MB).
    Completing 80% with 1 violations.
    elapsed time = 00:00:07, memory = 4203.36 (MB).
    Completing 90% with 1 violations.
    elapsed time = 00:00:08, memory = 3919.75 (MB).
    Completing 100% with 0 violations.
    elapsed time = 00:00:08, memory = 3733.45 (MB).
[INFO DRT-0199]   Number of violations = 0.
[INFO DRT-0267] cpu time = 00:02:20, elapsed time = 00:00:08, memory = 3733.45 (MB), peak = 5001.11 (MB)
Total wire length = 1366493 um.
Total wire length on LAYER li1 = 0 um.
Total wire length on LAYER met1 = 442079 um.
Total wire length on LAYER met2 = 549367 um.
Total wire length on LAYER met3 = 211336 um.
Total wire length on LAYER met4 = 161348 um.
Total wire length on LAYER met5 = 2362 um.
Total number of vias = 267639.
Up-via summary (total 267639):

-------------------------
 FR_MASTERSLICE         0
            li1    112036
           met1    127530
           met2     20727
           met3      7233
           met4       113
-------------------------
               267639


[INFO DRT-0198] Complete detail routing.
Total wire length = 1366493 um.
Total wire length on LAYER li1 = 0 um.
Total wire length on LAYER met1 = 442079 um.
Total wire length on LAYER met2 = 549367 um.
Total wire length on LAYER met3 = 211336 um.
Total wire length on LAYER met4 = 161348 um.
Total wire length on LAYER met5 = 2362 um.
Total number of vias = 267639.
Up-via summary (total 267639):

-------------------------
 FR_MASTERSLICE         0
            li1    112036
           met1    127530
           met2     20727
           met3      7233
           met4       113
-------------------------
               267639


[INFO DRT-0267] cpu time = 00:35:29, elapsed time = 00:04:13, memory = 3733.45 (MB), peak = 5001.11 (MB)

[INFO DRT-0180] Post processing.
[INFO DRT-0501] Runtime: 278.83s
[INFO ANT-0002] Found 25 net violations.
[INFO ANT-0001] Found 30 pin violations.
[INFO GRT-0012] Found 25 antenna violations.
[INFO DPL-0006] Core area: 482412.67 um^2
[INFO DPL-0007] Movable instances area: 0.00 um^2
[INFO DPL-0008] Fixed instances area within core: 284187.56 um^2
[INFO DPL-0009] Utilization: 58.9%
[INFO DPL-0005] Diamond search max displacement: +/- 500 sites horizontally, +/- 100 rows vertically.
[INFO DPL-1102] Legalizing using negotiation legalizer.
[INFO DPL-1103] Negotiation base search window: +/-20 sites horizontally, +/-5 rows vertically 
	Automatic search window extension enabled.
	Search window extendable up to the max displacement cap of +/-500 sites, +/-100 rows near walls.
[INFO DPL-1104] NegotiationLegalizer DRC penalty: 5.
[INFO DPL-0392] Negotiation cell height distribution (1 unique row-count(s)):
[INFO DPL-0393]   height 1 row(s): 38364 cells
[INFO DPL-0500] Runtime: 0.10s
[INFO GRT-0015] Inserted 31 diodes.
[WARNING DRT-0120] Large net net3545 has 103 pins which may impact routing performance. Consider optimization.
[WARNING DRT-0120] Large net net4707 has 170 pins which may impact routing performance. Consider optimization.
[WARNING DRT-0120] Large net net4708 has 156 pins which may impact routing performance. Consider optimization.
[WARNING DRT-0120] Large net net4710 has 149 pins which may impact routing performance. Consider optimization.
[WARNING DRT-0120] Large net net4716 has 126 pins which may impact routing performance. Consider optimization.
[WARNING DRT-0120] Large net net4717 has 130 pins which may impact routing performance. Consider optimization.
[WARNING DRT-0120] Large net net4723 has 164 pins which may impact routing performance. Consider optimization.
[WARNING DRT-0120] Large net net4727 has 137 pins which may impact routing performance. Consider optimization.
[INFO DRT-0024]   Complete FR_MASTERSLICE.
[INFO DRT-0024]   Complete Fr_VIA.
[INFO DRT-0024]   Complete li1.
[INFO DRT-0024]   Complete mcon.
[INFO DRT-0024]   Complete met1.
[INFO DRT-0024]   Complete via.
[INFO DRT-0024]   Complete met2.
[INFO DRT-0024]   Complete via2.
[INFO DRT-0024]   Complete met3.
[INFO DRT-0024]   Complete via3.
[INFO DRT-0024]   Complete met4.
[INFO DRT-0024]   Complete via4.
[INFO DRT-0024]   Complete met5.
[INFO DRT-0165] Start pin access.
[INFO DRT-0076]   Complete 1000 pins.
[INFO DRT-0076]   Complete 2000 pins.
[INFO DRT-0078]   Complete 2373 pins.
[INFO DRT-0079]   Complete 100 unique inst patterns.
[INFO DRT-0079]   Complete 200 unique inst patterns.
[INFO DRT-0081]   Complete 294 unique inst patterns.
[INFO DRT-0082]   Complete 10000 groups.
[INFO DRT-0084]   Complete 19417 groups.
#scanned instances     = 38364
#unique  instances     = 294
#stdCellGenAp          = 9406
#stdCellValidPlanarAp  = 114
#stdCellValidViaAp     = 6900
#stdCellPinNoAp        = 0
#stdCellPinCnt         = 113382
#instTermValidViaApCnt = 0
#macroGenAp            = 0
#macroValidPlanarAp    = 0
#macroValidViaAp       = 0
#macroNoAp             = 0
[INFO DRT-0166] Complete pin access.
[INFO DRT-0267] cpu time = 00:08:34, elapsed time = 00:00:19, memory = 3699.32 (MB), peak = 5001.11 (MB)
[INFO DRT-0156] guideIn read 100000 guides.
[INFO DRT-0156] guideIn read 200000 guides.

[INFO DRT-0157] Number of guides:     272378

[INFO DRT-0169] Post process guides.
[INFO DRT-0176] GCELLGRID X 0 DO 101 STEP 6900 ;
[INFO DRT-0177] GCELLGRID Y 0 DO 101 STEP 6900 ;
[INFO DRT-0026]   Complete 100000 origin guides.
[INFO DRT-0026]   Complete 200000 origin guides.
[INFO DRT-0028]   Complete FR_MASTERSLICE.
[INFO DRT-0028]   Complete Fr_VIA.
[INFO DRT-0028]   Complete li1.
[INFO DRT-0028]   Complete mcon.
[INFO DRT-0028]   Complete met1.
[INFO DRT-0028]   Complete via.
[INFO DRT-0028]   Complete met2.
[INFO DRT-0028]   Complete via2.
[INFO DRT-0028]   Complete met3.
[INFO DRT-0028]   Complete via3.
[INFO DRT-0028]   Complete met4.
[INFO DRT-0028]   Complete via4.
[INFO DRT-0028]   Complete met5.
[INFO DRT-0178] Init guide query.
[INFO DRT-0035]   Complete FR_MASTERSLICE (guide).
[INFO DRT-0035]   Complete Fr_VIA (guide).
[INFO DRT-0035]   Complete li1 (guide).
[INFO DRT-0035]   Complete mcon (guide).
[INFO DRT-0035]   Complete met1 (guide).
[INFO DRT-0035]   Complete via (guide).
[INFO DRT-0035]   Complete met2 (guide).
[INFO DRT-0035]   Complete via2 (guide).
[INFO DRT-0035]   Complete met3 (guide).
[INFO DRT-0035]   Complete via3 (guide).
[INFO DRT-0035]   Complete met4 (guide).
[INFO DRT-0035]   Complete via4 (guide).
[INFO DRT-0035]   Complete met5 (guide).
[INFO DRT-0036] FR_MASTERSLICE guide region query size = 0.
[INFO DRT-0036] FR_VIA guide region query size = 0.
[INFO DRT-0036] li1 guide region query size = 87997.
[INFO DRT-0036] mcon guide region query size = 0.
[INFO DRT-0036] met1 guide region query size = 78472.
[INFO DRT-0036] via guide region query size = 0.
[INFO DRT-0036] met2 guide region query size = 43258.
[INFO DRT-0036] via2 guide region query size = 0.
[INFO DRT-0036] met3 guide region query size = 7203.
[INFO DRT-0036] via3 guide region query size = 0.
[INFO DRT-0036] met4 guide region query size = 3076.
[INFO DRT-0036] via4 guide region query size = 0.
[INFO DRT-0036] met5 guide region query size = 83.
[INFO DRT-0179] Init gr pin query.
[INFO DRT-0267] cpu time = 00:00:01, elapsed time = 00:00:00, memory = 3699.32 (MB), peak = 5001.11 (MB)
[INFO DRT-0245] skipped writing guide updates to database.
[INFO DRT-0181] Start track assignment.
[INFO DRT-0184] Done with 134331 vertical wires in 3 frboxes and 85758 horizontal wires in 3 frboxes.
[INFO DRT-0186] Done with 23491 vertical wires in 3 frboxes and 28248 horizontal wires in 3 frboxes.
[INFO DRT-0182] Complete track assignment.
[INFO DRT-0267] cpu time = 00:00:09, elapsed time = 00:00:04, memory = 3877.61 (MB), peak = 5001.11 (MB)
[INFO DRT-0187] Start routing data preparation.
[INFO DRT-0267] cpu time = 00:00:00, elapsed time = 00:00:00, memory = 3877.61 (MB), peak = 5001.11 (MB)
[INFO DRT-0194] Start detail routing.
[INFO DRT-0195] Start 0th optimization iteration.
    Completing 10% with 0 violations.
    elapsed time = 00:00:01, memory = 4871.98 (MB).
    Completing 20% with 0 violations.
    elapsed time = 00:00:01, memory = 4628.59 (MB).
    Completing 30% with 1000 violations.
    elapsed time = 00:00:05, memory = 4932.10 (MB).
    Completing 40% with 1000 violations.
    elapsed time = 00:00:06, memory = 4822.56 (MB).
    Completing 50% with 1000 violations.
    elapsed time = 00:00:07, memory = 4208.46 (MB).
    Completing 60% with 1960 violations.
    elapsed time = 00:00:09, memory = 4895.68 (MB).
    Completing 70% with 1960 violations.
    elapsed time = 00:00:10, memory = 4559.16 (MB).
    Completing 80% with 2892 violations.
    elapsed time = 00:00:18, memory = 4978.03 (MB).
    Completing 90% with 2892 violations.
    elapsed time = 00:00:18, memory = 4695.34 (MB).
    Completing 100% with 3554 violations.
    elapsed time = 00:00:20, memory = 3867.70 (MB).
[INFO DRT-0199]   Number of violations = 3932.
Viol/Layer         li1   met1    via   met2   met3   met4
Metal Spacing        0    248      0    245     29      3
Min Hole             0      3      0      0      0      0
Recheck              1    181      0    161     23     12
Short                0   1566      3   1310    109     38
[INFO DRT-0267] cpu time = 00:04:04, elapsed time = 00:00:21, memory = 3867.70 (MB), peak = 5081.09 (MB)
Total wire length = 1367881 um.
Total wire length on LAYER li1 = 0 um.
Total wire length on LAYER met1 = 445193 um.
Total wire length on LAYER met2 = 551922 um.
Total wire length on LAYER met3 = 209061 um.
Total wire length on LAYER met4 = 159424 um.
Total wire length on LAYER met5 = 2279 um.
Total number of vias = 267493.
Up-via summary (total 267493):

-------------------------
 FR_MASTERSLICE         0
            li1    112083
           met1    127820
           met2     20374
           met3      7106
           met4       110
-------------------------
               267493


[INFO DRT-0195] Start 1st optimization iteration.
    Completing 10% with 3932 violations.
    elapsed time = 00:00:01, memory = 4782.25 (MB).
    Completing 20% with 3932 violations.
    elapsed time = 00:00:01, memory = 4511.21 (MB).
    Completing 30% with 3429 violations.
    elapsed time = 00:00:03, memory = 4735.55 (MB).
    Completing 40% with 3429 violations.
    elapsed time = 00:00:04, memory = 4721.19 (MB).
    Completing 50% with 3429 violations.
    elapsed time = 00:00:05, memory = 4125.41 (MB).
    Completing 60% with 2786 violations.
    elapsed time = 00:00:09, memory = 4878.10 (MB).
    Completing 70% with 2786 violations.
    elapsed time = 00:00:10, memory = 4576.70 (MB).
    Completing 80% with 2194 violations.
    elapsed time = 00:00:15, memory = 4862.83 (MB).
    Completing 90% with 2194 violations.
    elapsed time = 00:00:16, memory = 4552.37 (MB).
    Completing 100% with 1738 violations.
    elapsed time = 00:00:18, memory = 3784.81 (MB).
[INFO DRT-0199]   Number of violations = 1738.
Viol/Layer        mcon   met1   met2   met3   met4
Cut Spacing          1      0      0      0      0
Metal Spacing        0    124    182     18      0
Short                0    865    491     43     14
[INFO DRT-0267] cpu time = 00:03:38, elapsed time = 00:00:18, memory = 3784.81 (MB), peak = 5081.09 (MB)
Total wire length = 1367102 um.
Total wire length on LAYER li1 = 0 um.
Total wire length on LAYER met1 = 444732 um.
Total wire length on LAYER met2 = 551411 um.
Total wire length on LAYER met3 = 209034 um.
Total wire length on LAYER met4 = 159645 um.
Total wire length on LAYER met5 = 2279 um.
Total number of vias = 267391.
Up-via summary (total 267391):

-------------------------
 FR_MASTERSLICE         0
            li1    112074
           met1    127703
           met2     20383
           met3      7121
           met4       110
-------------------------
               267391


[INFO DRT-0195] Start 2nd optimization iteration.
    Completing 10% with 1738 violations.
    elapsed time = 00:00:00, memory = 3784.81 (MB).
    Completing 20% with 1738 violations.
    elapsed time = 00:00:00, memory = 4117.81 (MB).
    Completing 30% with 1713 violations.
    elapsed time = 00:00:01, memory = 3786.00 (MB).
    Completing 40% with 1713 violations.
    elapsed time = 00:00:02, memory = 4722.27 (MB).
    Completing 50% with 1713 violations.
    elapsed time = 00:00:06, memory = 3796.76 (MB).
    Completing 60% with 1644 violations.
    elapsed time = 00:00:06, memory = 3796.76 (MB).
    Completing 70% with 1644 violations.
    elapsed time = 00:00:07, memory = 4253.02 (MB).
    Completing 80% with 1618 violations.
    elapsed time = 00:00:10, memory = 3796.76 (MB).
    Completing 90% with 1618 violations.
    elapsed time = 00:00:10, memory = 3796.76 (MB).
    Completing 100% with 1543 violations.
    elapsed time = 00:00:15, memory = 3797.97 (MB).
[INFO DRT-0199]   Number of violations = 1543.
Viol/Layer        met1    via   met2   met3   met4
Metal Spacing      148      0    127     12      0
Short              740      1    478     28      9
[INFO DRT-0267] cpu time = 00:01:57, elapsed time = 00:00:15, memory = 3797.97 (MB), peak = 5081.09 (MB)
Total wire length = 1366989 um.
Total wire length on LAYER li1 = 0 um.
Total wire length on LAYER met1 = 444596 um.
Total wire length on LAYER met2 = 551344 um.
Total wire length on LAYER met3 = 209118 um.
Total wire length on LAYER met4 = 159650 um.
Total wire length on LAYER met5 = 2279 um.
Total number of vias = 267349.
Up-via summary (total 267349):

-------------------------
 FR_MASTERSLICE         0
            li1    112077
           met1    127642
           met2     20407
           met3      7113
           met4       110
-------------------------
               267349


[INFO DRT-0195] Start 3rd optimization iteration.
    Completing 10% with 1543 violations.
    elapsed time = 00:00:00, memory = 3797.97 (MB).
    Completing 20% with 1543 violations.
    elapsed time = 00:00:00, memory = 4448.81 (MB).
    Completing 30% with 1277 violations.
    elapsed time = 00:00:06, memory = 3797.97 (MB).
    Completing 40% with 1277 violations.
    elapsed time = 00:00:06, memory = 3797.97 (MB).
    Completing 50% with 1277 violations.
    elapsed time = 00:00:07, memory = 4147.80 (MB).
    Completing 60% with 897 violations.
    elapsed time = 00:00:10, memory = 3797.97 (MB).
    Completing 70% with 897 violations.
    elapsed time = 00:00:11, memory = 4398.15 (MB).
    Completing 80% with 646 violations.
    elapsed time = 00:00:18, memory = 3799.32 (MB).
    Completing 90% with 646 violations.
    elapsed time = 00:00:19, memory = 4471.31 (MB).
    Completing 100% with 369 violations.
    elapsed time = 00:00:23, memory = 3801.68 (MB).
[INFO DRT-0199]   Number of violations = 369.
Viol/Layer        met1   met2   met3
Metal Spacing       81     46      1
Min Hole             1      0      0
Short              151     87      2
[INFO DRT-0267] cpu time = 00:03:08, elapsed time = 00:00:23, memory = 3801.68 (MB), peak = 5081.09 (MB)
Total wire length = 1366936 um.
Total wire length on LAYER li1 = 0 um.
Total wire length on LAYER met1 = 442673 um.
Total wire length on LAYER met2 = 549462 um.
Total wire length on LAYER met3 = 210879 um.
Total wire length on LAYER met4 = 161603 um.
Total wire length on LAYER met5 = 2317 um.
Total number of vias = 268038.
Up-via summary (total 268038):

-------------------------
 FR_MASTERSLICE         0
            li1    112081
           met1    127785
           met2     20791
           met3      7271
           met4       110
-------------------------
               268038


[INFO DRT-0195] Start 4th optimization iteration.
    Completing 10% with 369 violations.
    elapsed time = 00:00:00, memory = 3801.68 (MB).
    Completing 20% with 369 violations.
    elapsed time = 00:00:00, memory = 3801.68 (MB).
    Completing 30% with 305 violations.
    elapsed time = 00:00:03, memory = 3801.68 (MB).
    Completing 40% with 305 violations.
    elapsed time = 00:00:03, memory = 3801.68 (MB).
    Completing 50% with 305 violations.
    elapsed time = 00:00:03, memory = 4116.96 (MB).
    Completing 60% with 232 violations.
    elapsed time = 00:00:06, memory = 3801.68 (MB).
    Completing 70% with 232 violations.
    elapsed time = 00:00:06, memory = 3801.68 (MB).
    Completing 80% with 147 violations.
    elapsed time = 00:00:10, memory = 3801.68 (MB).
    Completing 90% with 147 violations.
    elapsed time = 00:00:10, memory = 3801.68 (MB).
    Completing 100% with 75 violations.
    elapsed time = 00:00:13, memory = 3801.68 (MB).
[INFO DRT-0199]   Number of violations = 75.
Viol/Layer        met1   met2
Metal Spacing       25      1
Short               49      0
[INFO DRT-0267] cpu time = 00:00:41, elapsed time = 00:00:13, memory = 3801.68 (MB), peak = 5081.09 (MB)
Total wire length = 1367017 um.
Total wire length on LAYER li1 = 0 um.
Total wire length on LAYER met1 = 442442 um.
Total wire length on LAYER met2 = 549118 um.
Total wire length on LAYER met3 = 211240 um.
Total wire length on LAYER met4 = 161897 um.
Total wire length on LAYER met5 = 2317 um.
Total number of vias = 268093.
Up-via summary (total 268093):

-------------------------
 FR_MASTERSLICE         0
            li1    112081
           met1    127791
           met2     20817
           met3      7294
           met4       110
-------------------------
               268093


[INFO DRT-0195] Start 5th guides tiles iteration.
    Completing 10% with 75 violations.
    elapsed time = 00:00:00, memory = 3801.68 (MB).
    Completing 20% with 75 violations.
    elapsed time = 00:00:00, memory = 3801.68 (MB).
    Completing 30% with 75 violations.
    elapsed time = 00:00:00, memory = 3801.68 (MB).
    Completing 40% with 75 violations.
    elapsed time = 00:00:00, memory = 3801.68 (MB).
    Completing 50% with 25 violations.
    elapsed time = 00:00:01, memory = 3801.68 (MB).
    Completing 60% with 25 violations.
    elapsed time = 00:00:01, memory = 3801.68 (MB).
    Completing 70% with 25 violations.
    elapsed time = 00:00:01, memory = 3801.68 (MB).
    Completing 80% with 25 violations.
    elapsed time = 00:00:01, memory = 3801.68 (MB).
    Completing 90% with 5 violations.
    elapsed time = 00:00:01, memory = 3801.68 (MB).
    Completing 100% with 4 violations.
    elapsed time = 00:00:01, memory = 3801.68 (MB).
[INFO DRT-0199]   Number of violations = 4.
Viol/Layer        met1   met2
Metal Spacing        2      1
Short                1      0
[INFO DRT-0267] cpu time = 00:00:05, elapsed time = 00:00:01, memory = 3801.68 (MB), peak = 5081.09 (MB)
Total wire length = 1367028 um.
Total wire length on LAYER li1 = 0 um.
Total wire length on LAYER met1 = 442426 um.
Total wire length on LAYER met2 = 549115 um.
Total wire length on LAYER met3 = 211263 um.
Total wire length on LAYER met4 = 161905 um.
Total wire length on LAYER met5 = 2317 um.
Total number of vias = 268095.
Up-via summary (total 268095):

-------------------------
 FR_MASTERSLICE         0
            li1    112081
           met1    127790
           met2     20818
           met3      7296
           met4       110
-------------------------
               268095


[INFO DRT-0195] Start 6th guides tiles iteration.
    Completing 10% with 4 violations.
    elapsed time = 00:00:00, memory = 3801.68 (MB).
    Completing 30% with 4 violations.
    elapsed time = 00:00:00, memory = 3801.68 (MB).
    Completing 50% with 4 violations.
    elapsed time = 00:00:01, memory = 3801.68 (MB).
    Completing 60% with 4 violations.
    elapsed time = 00:00:01, memory = 3801.68 (MB).
    Completing 80% with 4 violations.
    elapsed time = 00:00:01, memory = 3801.68 (MB).
    Completing 100% with 3 violations.
    elapsed time = 00:00:01, memory = 3801.68 (MB).
[INFO DRT-0199]   Number of violations = 3.
Viol/Layer        met1   met2
Metal Spacing        1      1
Short                1      0
[INFO DRT-0267] cpu time = 00:00:03, elapsed time = 00:00:01, memory = 3801.68 (MB), peak = 5081.09 (MB)
Total wire length = 1367026 um.
Total wire length on LAYER li1 = 0 um.
Total wire length on LAYER met1 = 442425 um.
Total wire length on LAYER met2 = 549112 um.
Total wire length on LAYER met3 = 211264 um.
Total wire length on LAYER met4 = 161905 um.
Total wire length on LAYER met5 = 2317 um.
Total number of vias = 268096.
Up-via summary (total 268096):

-------------------------
 FR_MASTERSLICE         0
            li1    112081
           met1    127789
           met2     20820
           met3      7296
           met4       110
-------------------------
               268096


[INFO DRT-0195] Start 7th guides tiles iteration.
    Completing 20% with 3 violations.
    elapsed time = 00:00:00, memory = 3801.68 (MB).
    Completing 50% with 3 violations.
    elapsed time = 00:00:01, memory = 3801.68 (MB).
    Completing 70% with 3 violations.
    elapsed time = 00:00:01, memory = 3801.68 (MB).
    Completing 100% with 3 violations.
    elapsed time = 00:00:01, memory = 3801.68 (MB).
[INFO DRT-0199]   Number of violations = 3.
Viol/Layer        met1   met2
Metal Spacing        1      1
Short                1      0
[INFO DRT-0267] cpu time = 00:00:02, elapsed time = 00:00:01, memory = 3801.68 (MB), peak = 5081.09 (MB)
Total wire length = 1367026 um.
Total wire length on LAYER li1 = 0 um.
Total wire length on LAYER met1 = 442425 um.
Total wire length on LAYER met2 = 549112 um.
Total wire length on LAYER met3 = 211264 um.
Total wire length on LAYER met4 = 161905 um.
Total wire length on LAYER met5 = 2317 um.
Total number of vias = 268096.
Up-via summary (total 268096):

-------------------------
 FR_MASTERSLICE         0
            li1    112081
           met1    127789
           met2     20820
           met3      7296
           met4       110
-------------------------
               268096


[INFO DRT-0195] Start 8th stubborn tiles iteration.
    Completing 10% with 3 violations.
    elapsed time = 00:00:01, memory = 5189.75 (MB).
    Completing 20% with 3 violations.
    elapsed time = 00:00:02, memory = 5148.07 (MB).
    Completing 30% with 3 violations.
    elapsed time = 00:00:04, memory = 5408.98 (MB).
    Completing 40% with 3 violations.
    elapsed time = 00:00:07, memory = 5635.41 (MB).
    Completing 50% with 3 violations.
    elapsed time = 00:00:11, memory = 5994.26 (MB).
    Completing 60% with 3 violations.
    elapsed time = 00:00:14, memory = 6045.91 (MB).
    Completing 70% with 3 violations.
    elapsed time = 00:00:19, memory = 6130.51 (MB).
    Completing 80% with 3 violations.
    elapsed time = 00:00:22, memory = 5697.16 (MB).
    Completing 90% with 3 violations.
    elapsed time = 00:00:24, memory = 5298.29 (MB).
    Completing 100% with 0 violations.
    elapsed time = 00:00:30, memory = 4692.56 (MB).
[INFO DRT-0199]   Number of violations = 0.
[INFO DRT-0267] cpu time = 00:11:02, elapsed time = 00:00:30, memory = 4692.56 (MB), peak = 6326.92 (MB)
Total wire length = 1367022 um.
Total wire length on LAYER li1 = 0 um.
Total wire length on LAYER met1 = 442406 um.
Total wire length on LAYER met2 = 549112 um.
Total wire length on LAYER met3 = 211274 um.
Total wire length on LAYER met4 = 161910 um.
Total wire length on LAYER met5 = 2317 um.
Total number of vias = 268090.
Up-via summary (total 268090):

-------------------------
 FR_MASTERSLICE         0
            li1    112081
           met1    127781
           met2     20822
           met3      7296
           met4       110
-------------------------
               268090


[INFO DRT-0198] Complete detail routing.
Total wire length = 1367022 um.
Total wire length on LAYER li1 = 0 um.
Total wire length on LAYER met1 = 442406 um.
Total wire length on LAYER met2 = 549112 um.
Total wire length on LAYER met3 = 211274 um.
Total wire length on LAYER met4 = 161910 um.
Total wire length on LAYER met5 = 2317 um.
Total number of vias = 268090.
Up-via summary (total 268090):

-------------------------
 FR_MASTERSLICE         0
            li1    112081
           met1    127781
           met2     20822
           met3      7296
           met4       110
-------------------------
               268090


[INFO DRT-0267] cpu time = 00:24:45, elapsed time = 00:02:08, memory = 4692.56 (MB), peak = 6326.92 (MB)

[INFO DRT-0180] Post processing.
[INFO DRT-0501] Runtime: 154.10s
[INFO ANT-0002] Found 4 net violations.
[INFO ANT-0001] Found 4 pin violations.
[INFO GRT-0012] Found 4 antenna violations.
[INFO DPL-0006] Core area: 482412.67 um^2
[INFO DPL-0007] Movable instances area: 0.00 um^2
[INFO DPL-0008] Fixed instances area within core: 284197.57 um^2
[INFO DPL-0009] Utilization: 58.9%
[INFO DPL-0005] Diamond search max displacement: +/- 500 sites horizontally, +/- 100 rows vertically.
[INFO DPL-1102] Legalizing using negotiation legalizer.
[INFO DPL-1103] Negotiation base search window: +/-20 sites horizontally, +/-5 rows vertically 
	Automatic search window extension enabled.
	Search window extendable up to the max displacement cap of +/-500 sites, +/-100 rows near walls.
[INFO DPL-1104] NegotiationLegalizer DRC penalty: 5.
[INFO DPL-0392] Negotiation cell height distribution (1 unique row-count(s)):
[INFO DPL-0393]   height 1 row(s): 38368 cells
[INFO DPL-0500] Runtime: 0.13s
[INFO GRT-0015] Inserted 4 diodes.
[WARNING DRT-0120] Large net net3545 has 103 pins which may impact routing performance. Consider optimization.
[WARNING DRT-0120] Large net net4707 has 170 pins which may impact routing performance. Consider optimization.
[WARNING DRT-0120] Large net net4708 has 156 pins which may impact routing performance. Consider optimization.
[WARNING DRT-0120] Large net net4710 has 149 pins which may impact routing performance. Consider optimization.
[WARNING DRT-0120] Large net net4716 has 126 pins which may impact routing performance. Consider optimization.
[WARNING DRT-0120] Large net net4717 has 130 pins which may impact routing performance. Consider optimization.
[WARNING DRT-0120] Large net net4723 has 164 pins which may impact routing performance. Consider optimization.
[WARNING DRT-0120] Large net net4727 has 137 pins which may impact routing performance. Consider optimization.
[INFO DRT-0024]   Complete FR_MASTERSLICE.
[INFO DRT-0024]   Complete Fr_VIA.
[INFO DRT-0024]   Complete li1.
[INFO DRT-0024]   Complete mcon.
[INFO DRT-0024]   Complete met1.
[INFO DRT-0024]   Complete via.
[INFO DRT-0024]   Complete met2.
[INFO DRT-0024]   Complete via2.
[INFO DRT-0024]   Complete met3.
[INFO DRT-0024]   Complete via3.
[INFO DRT-0024]   Complete met4.
[INFO DRT-0024]   Complete via4.
[INFO DRT-0024]   Complete met5.
[INFO DRT-0165] Start pin access.
[INFO DRT-0076]   Complete 1000 pins.
[INFO DRT-0076]   Complete 2000 pins.
[INFO DRT-0078]   Complete 2373 pins.
[INFO DRT-0079]   Complete 100 unique inst patterns.
[INFO DRT-0079]   Complete 200 unique inst patterns.
[INFO DRT-0081]   Complete 294 unique inst patterns.
[INFO DRT-0082]   Complete 10000 groups.
[INFO DRT-0084]   Complete 19417 groups.
#scanned instances     = 38368
#unique  instances     = 294
#stdCellGenAp          = 9406
#stdCellValidPlanarAp  = 114
#stdCellValidViaAp     = 6900
#stdCellPinNoAp        = 0
#stdCellPinCnt         = 113382
#instTermValidViaApCnt = 0
#macroGenAp            = 0
#macroValidPlanarAp    = 0
#macroValidViaAp       = 0
#macroNoAp             = 0
[INFO DRT-0166] Complete pin access.
[INFO DRT-0267] cpu time = 00:08:48, elapsed time = 00:00:20, memory = 4604.29 (MB), peak = 6326.92 (MB)
[INFO DRT-0156] guideIn read 100000 guides.
[INFO DRT-0156] guideIn read 200000 guides.

[INFO DRT-0157] Number of guides:     272378

[INFO DRT-0169] Post process guides.
[INFO DRT-0176] GCELLGRID X 0 DO 101 STEP 6900 ;
[INFO DRT-0177] GCELLGRID Y 0 DO 101 STEP 6900 ;
[INFO DRT-0026]   Complete 100000 origin guides.
[INFO DRT-0026]   Complete 200000 origin guides.
[INFO DRT-0028]   Complete FR_MASTERSLICE.
[INFO DRT-0028]   Complete Fr_VIA.
[INFO DRT-0028]   Complete li1.
[INFO DRT-0028]   Complete mcon.
[INFO DRT-0028]   Complete met1.
[INFO DRT-0028]   Complete via.
[INFO DRT-0028]   Complete met2.
[INFO DRT-0028]   Complete via2.
[INFO DRT-0028]   Complete met3.
[INFO DRT-0028]   Complete via3.
[INFO DRT-0028]   Complete met4.
[INFO DRT-0028]   Complete via4.
[INFO DRT-0028]   Complete met5.
[INFO DRT-0178] Init guide query.
[INFO DRT-0035]   Complete FR_MASTERSLICE (guide).
[INFO DRT-0035]   Complete Fr_VIA (guide).
[INFO DRT-0035]   Complete li1 (guide).
[INFO DRT-0035]   Complete mcon (guide).
[INFO DRT-0035]   Complete met1 (guide).
[INFO DRT-0035]   Complete via (guide).
[INFO DRT-0035]   Complete met2 (guide).
[INFO DRT-0035]   Complete via2 (guide).
[INFO DRT-0035]   Complete met3 (guide).
[INFO DRT-0035]   Complete via3 (guide).
[INFO DRT-0035]   Complete met4 (guide).
[INFO DRT-0035]   Complete via4 (guide).
[INFO DRT-0035]   Complete met5 (guide).
[INFO DRT-0036] FR_MASTERSLICE guide region query size = 0.
[INFO DRT-0036] FR_VIA guide region query size = 0.
[INFO DRT-0036] li1 guide region query size = 87999.
[INFO DRT-0036] mcon guide region query size = 0.
[INFO DRT-0036] met1 guide region query size = 78468.
[INFO DRT-0036] via guide region query size = 0.
[INFO DRT-0036] met2 guide region query size = 43256.
[INFO DRT-0036] via2 guide region query size = 0.
[INFO DRT-0036] met3 guide region query size = 7205.
[INFO DRT-0036] via3 guide region query size = 0.
[INFO DRT-0036] met4 guide region query size = 3080.
[INFO DRT-0036] via4 guide region query size = 0.
[INFO DRT-0036] met5 guide region query size = 85.
[INFO DRT-0179] Init gr pin query.
[INFO DRT-0267] cpu time = 00:00:01, elapsed time = 00:00:00, memory = 4604.29 (MB), peak = 6326.92 (MB)
[INFO DRT-0245] skipped writing guide updates to database.
[INFO DRT-0181] Start track assignment.
[INFO DRT-0184] Done with 134335 vertical wires in 3 frboxes and 85758 horizontal wires in 3 frboxes.
[INFO DRT-0186] Done with 23615 vertical wires in 3 frboxes and 28228 horizontal wires in 3 frboxes.
[INFO DRT-0182] Complete track assignment.
[INFO DRT-0267] cpu time = 00:00:09, elapsed time = 00:00:04, memory = 4697.00 (MB), peak = 6326.92 (MB)
[INFO DRT-0187] Start routing data preparation.
[INFO DRT-0267] cpu time = 00:00:00, elapsed time = 00:00:00, memory = 4697.00 (MB), peak = 6326.92 (MB)
[INFO DRT-0194] Start detail routing.
[INFO DRT-0195] Start 0th optimization iteration.
    Completing 10% with 0 violations.
    elapsed time = 00:00:00, memory = 5684.68 (MB).
    Completing 20% with 0 violations.
    elapsed time = 00:00:01, memory = 5325.98 (MB).
    Completing 30% with 163 violations.
    elapsed time = 00:00:03, memory = 5685.22 (MB).
    Completing 40% with 163 violations.
    elapsed time = 00:00:03, memory = 5502.61 (MB).
    Completing 50% with 163 violations.
    elapsed time = 00:00:04, memory = 4964.30 (MB).
    Completing 60% with 269 violations.
    elapsed time = 00:00:06, memory = 5619.22 (MB).
    Completing 70% with 269 violations.
    elapsed time = 00:00:06, memory = 5344.93 (MB).
    Completing 80% with 439 violations.
    elapsed time = 00:00:08, memory = 5794.69 (MB).
    Completing 90% with 439 violations.
    elapsed time = 00:00:09, memory = 5471.02 (MB).
    Completing 100% with 503 violations.
    elapsed time = 00:00:11, memory = 4705.15 (MB).
[INFO DRT-0199]   Number of violations = 564.
Viol/Layer        met1   met2   met3   met4   met5
Metal Spacing       78     27      2      4      0
Recheck             25     24      7      4      1
Short              226    128     17     20      1
[INFO DRT-0267] cpu time = 00:02:44, elapsed time = 00:00:11, memory = 4705.15 (MB), peak = 6326.92 (MB)
Total wire length = 1367155 um.
Total wire length on LAYER li1 = 0 um.
Total wire length on LAYER met1 = 442893 um.
Total wire length on LAYER met2 = 549195 um.
Total wire length on LAYER met3 = 210852 um.
Total wire length on LAYER met4 = 161797 um.
Total wire length on LAYER met5 = 2416 um.
Total number of vias = 268012.
Up-via summary (total 268012):

-------------------------
 FR_MASTERSLICE         0
            li1    112092
           met1    127766
           met2     20767
           met3      7273
           met4       114
-------------------------
               268012


[INFO DRT-0195] Start 1st optimization iteration.
    Completing 10% with 564 violations.
    elapsed time = 00:00:01, memory = 5530.22 (MB).
    Completing 20% with 564 violations.
    elapsed time = 00:00:01, memory = 5210.37 (MB).
    Completing 30% with 432 violations.
    elapsed time = 00:00:05, memory = 5646.19 (MB).
    Completing 40% with 432 violations.
    elapsed time = 00:00:06, memory = 5510.82 (MB).
    Completing 50% with 432 violations.
    elapsed time = 00:00:06, memory = 5009.32 (MB).
    Completing 60% with 357 violations.
    elapsed time = 00:00:08, memory = 5624.62 (MB).
    Completing 70% with 357 violations.
    elapsed time = 00:00:09, memory = 5342.02 (MB).
    Completing 80% with 294 violations.
    elapsed time = 00:00:10, memory = 5760.04 (MB).
    Completing 90% with 294 violations.
    elapsed time = 00:00:11, memory = 5482.59 (MB).
    Completing 100% with 228 violations.
    elapsed time = 00:00:12, memory = 4695.79 (MB).
[INFO DRT-0199]   Number of violations = 228.
Viol/Layer        met1   met2   met3   met4
Metal Spacing       37      8      0      0
Short              124     52      1      6
[INFO DRT-0267] cpu time = 00:02:42, elapsed time = 00:00:12, memory = 4695.79 (MB), peak = 6326.92 (MB)
Total wire length = 1367079 um.
Total wire length on LAYER li1 = 0 um.
Total wire length on LAYER met1 = 442888 um.
Total wire length on LAYER met2 = 549144 um.
Total wire length on LAYER met3 = 210853 um.
Total wire length on LAYER met4 = 161805 um.
Total wire length on LAYER met5 = 2388 um.
Total number of vias = 267987.
Up-via summary (total 267987):

-------------------------
 FR_MASTERSLICE         0
            li1    112091
           met1    127754
           met2     20751
           met3      7279
           met4       112
-------------------------
               267987


[INFO DRT-0195] Start 2nd optimization iteration.
    Completing 10% with 228 violations.
    elapsed time = 00:00:00, memory = 4695.79 (MB).
    Completing 20% with 228 violations.
    elapsed time = 00:00:00, memory = 4695.79 (MB).
    Completing 30% with 208 violations.
    elapsed time = 00:00:02, memory = 4695.79 (MB).
    Completing 40% with 208 violations.
    elapsed time = 00:00:02, memory = 4695.79 (MB).
    Completing 50% with 208 violations.
    elapsed time = 00:00:03, memory = 4695.79 (MB).
    Completing 60% with 191 violations.
    elapsed time = 00:00:03, memory = 4695.79 (MB).
    Completing 70% with 191 violations.
    elapsed time = 00:00:03, memory = 4695.79 (MB).
    Completing 80% with 194 violations.
    elapsed time = 00:00:04, memory = 4695.79 (MB).
    Completing 90% with 194 violations.
    elapsed time = 00:00:04, memory = 4695.79 (MB).
    Completing 100% with 205 violations.
    elapsed time = 00:00:06, memory = 4695.79 (MB).
[INFO DRT-0199]   Number of violations = 205.
Viol/Layer        met1   met2   met3   met4
Metal Spacing       39      8      0      0
Short              116     33      1      8
[INFO DRT-0267] cpu time = 00:00:20, elapsed time = 00:00:06, memory = 4695.79 (MB), peak = 6326.92 (MB)
Total wire length = 1367068 um.
Total wire length on LAYER li1 = 0 um.
Total wire length on LAYER met1 = 442876 um.
Total wire length on LAYER met2 = 549143 um.
Total wire length on LAYER met3 = 210851 um.
Total wire length on LAYER met4 = 161807 um.
Total wire length on LAYER met5 = 2388 um.
Total number of vias = 267979.
Up-via summary (total 267979):

-------------------------
 FR_MASTERSLICE         0
            li1    112089
           met1    127750
           met2     20750
           met3      7278
           met4       112
-------------------------
               267979


[INFO DRT-0195] Start 3rd optimization iteration.
    Completing 10% with 205 violations.
    elapsed time = 00:00:00, memory = 4695.79 (MB).
    Completing 20% with 205 violations.
    elapsed time = 00:00:00, memory = 4695.79 (MB).
    Completing 30% with 144 violations.
    elapsed time = 00:00:03, memory = 4703.36 (MB).
    Completing 40% with 144 violations.
    elapsed time = 00:00:03, memory = 4703.36 (MB).
    Completing 50% with 144 violations.
    elapsed time = 00:00:03, memory = 4703.36 (MB).
    Completing 60% with 110 violations.
    elapsed time = 00:00:05, memory = 4703.36 (MB).
    Completing 70% with 110 violations.
    elapsed time = 00:00:05, memory = 4703.36 (MB).
    Completing 80% with 64 violations.
    elapsed time = 00:00:07, memory = 4703.97 (MB).
    Completing 90% with 64 violations.
    elapsed time = 00:00:07, memory = 4703.97 (MB).
    Completing 100% with 45 violations.
    elapsed time = 00:00:08, memory = 4703.97 (MB).
[INFO DRT-0199]   Number of violations = 45.
Viol/Layer        met1   met2   met4
Metal Spacing       15      3      0
Short               24      0      3
[INFO DRT-0267] cpu time = 00:00:23, elapsed time = 00:00:08, memory = 4703.97 (MB), peak = 6326.92 (MB)
Total wire length = 1367007 um.
Total wire length on LAYER li1 = 0 um.
Total wire length on LAYER met1 = 442347 um.
Total wire length on LAYER met2 = 548991 um.
Total wire length on LAYER met3 = 211261 um.
Total wire length on LAYER met4 = 162017 um.
Total wire length on LAYER met5 = 2388 um.
Total number of vias = 268064.
Up-via summary (total 268064):

-------------------------
 FR_MASTERSLICE         0
            li1    112087
           met1    127760
           met2     20809
           met3      7296
           met4       112
-------------------------
               268064


[INFO DRT-0195] Start 4th guides tiles iteration.
    Completing 10% with 45 violations.
    elapsed time = 00:00:00, memory = 4807.38 (MB).
    Completing 20% with 45 violations.
    elapsed time = 00:00:00, memory = 4807.38 (MB).
    Completing 30% with 45 violations.
    elapsed time = 00:00:00, memory = 4807.38 (MB).
    Completing 40% with 45 violations.
    elapsed time = 00:00:00, memory = 4807.38 (MB).
    Completing 50% with 45 violations.
    elapsed time = 00:00:00, memory = 4703.97 (MB).
    Completing 60% with 25 violations.
    elapsed time = 00:00:00, memory = 4703.97 (MB).
    Completing 70% with 25 violations.
    elapsed time = 00:00:00, memory = 4703.97 (MB).
    Completing 80% with 25 violations.
    elapsed time = 00:00:00, memory = 4703.97 (MB).
    Completing 90% with 25 violations.
    elapsed time = 00:00:01, memory = 4703.97 (MB).
    Completing 100% with 11 violations.
    elapsed time = 00:00:01, memory = 4703.97 (MB).
[INFO DRT-0199]   Number of violations = 11.
Viol/Layer        met1   met2
Metal Spacing        3      1
Short                3      4
[INFO DRT-0267] cpu time = 00:00:04, elapsed time = 00:00:01, memory = 4703.97 (MB), peak = 6326.92 (MB)
Total wire length = 1366995 um.
Total wire length on LAYER li1 = 0 um.
Total wire length on LAYER met1 = 442258 um.
Total wire length on LAYER met2 = 549019 um.
Total wire length on LAYER met3 = 211355 um.
Total wire length on LAYER met4 = 161973 um.
Total wire length on LAYER met5 = 2388 um.
Total number of vias = 268063.
Up-via summary (total 268063):

-------------------------
 FR_MASTERSLICE         0
            li1    112087
           met1    127750
           met2     20811
           met3      7303
           met4       112
-------------------------
               268063


[INFO DRT-0195] Start 5th guides tiles iteration.
    Completing 50% with 11 violations.
    elapsed time = 00:00:00, memory = 4703.97 (MB).
    Completing 100% with 0 violations.
    elapsed time = 00:00:00, memory = 4703.97 (MB).
[INFO DRT-0199]   Number of violations = 0.
[INFO DRT-0267] cpu time = 00:00:01, elapsed time = 00:00:00, memory = 4703.97 (MB), peak = 6326.92 (MB)
Total wire length = 1366999 um.
Total wire length on LAYER li1 = 0 um.
Total wire length on LAYER met1 = 442264 um.
Total wire length on LAYER met2 = 549018 um.
Total wire length on LAYER met3 = 211354 um.
Total wire length on LAYER met4 = 161973 um.
Total wire length on LAYER met5 = 2388 um.
Total number of vias = 268067.
Up-via summary (total 268067):

-------------------------
 FR_MASTERSLICE         0
            li1    112087
           met1    127750
           met2     20815
           met3      7303
           met4       112
-------------------------
               268067


[INFO DRT-0198] Complete detail routing.
Total wire length = 1366999 um.
Total wire length on LAYER li1 = 0 um.
Total wire length on LAYER met1 = 442264 um.
Total wire length on LAYER met2 = 549018 um.
Total wire length on LAYER met3 = 211354 um.
Total wire length on LAYER met4 = 161973 um.
Total wire length on LAYER met5 = 2388 um.
Total number of vias = 268067.
Up-via summary (total 268067):

-------------------------
 FR_MASTERSLICE         0
            li1    112087
           met1    127750
           met2     20815
           met3      7303
           met4       112
-------------------------
               268067


[INFO DRT-0267] cpu time = 00:06:17, elapsed time = 00:00:41, memory = 4703.97 (MB), peak = 6326.92 (MB)

[INFO DRT-0180] Post processing.
[INFO DRT-0501] Runtime: 67.37s
[INFO ANT-0002] Found 1 net violations.
[INFO ANT-0001] Found 1 pin violations.
[INFO GRT-0012] Found 1 antenna violations.
[INFO DPL-0006] Core area: 482412.67 um^2
[INFO DPL-0007] Movable instances area: 0.00 um^2
[INFO DPL-0008] Fixed instances area within core: 284200.07 um^2
[INFO DPL-0009] Utilization: 58.9%
[INFO DPL-0005] Diamond search max displacement: +/- 500 sites horizontally, +/- 100 rows vertically.
[INFO DPL-1102] Legalizing using negotiation legalizer.
[INFO DPL-1103] Negotiation base search window: +/-20 sites horizontally, +/-5 rows vertically 
	Automatic search window extension enabled.
	Search window extendable up to the max displacement cap of +/-500 sites, +/-100 rows near walls.
[INFO DPL-1104] NegotiationLegalizer DRC penalty: 5.
[INFO DPL-0392] Negotiation cell height distribution (1 unique row-count(s)):
[INFO DPL-0393]   height 1 row(s): 38369 cells
[INFO DPL-0500] Runtime: 0.15s
[INFO GRT-0015] Inserted 1 diodes.
[WARNING DRT-0120] Large net net3545 has 103 pins which may impact routing performance. Consider optimization.
[WARNING DRT-0120] Large net net4707 has 170 pins which may impact routing performance. Consider optimization.
[WARNING DRT-0120] Large net net4708 has 156 pins which may impact routing performance. Consider optimization.
[WARNING DRT-0120] Large net net4710 has 149 pins which may impact routing performance. Consider optimization.
[WARNING DRT-0120] Large net net4716 has 126 pins which may impact routing performance. Consider optimization.
[WARNING DRT-0120] Large net net4717 has 130 pins which may impact routing performance. Consider optimization.
[WARNING DRT-0120] Large net net4723 has 164 pins which may impact routing performance. Consider optimization.
[WARNING DRT-0120] Large net net4727 has 137 pins which may impact routing performance. Consider optimization.
[INFO DRT-0024]   Complete FR_MASTERSLICE.
[INFO DRT-0024]   Complete Fr_VIA.
[INFO DRT-0024]   Complete li1.
[INFO DRT-0024]   Complete mcon.
[INFO DRT-0024]   Complete met1.
[INFO DRT-0024]   Complete via.
[INFO DRT-0024]   Complete met2.
[INFO DRT-0024]   Complete via2.
[INFO DRT-0024]   Complete met3.
[INFO DRT-0024]   Complete via3.
[INFO DRT-0024]   Complete met4.
[INFO DRT-0024]   Complete via4.
[INFO DRT-0024]   Complete met5.
[INFO DRT-0165] Start pin access.
[INFO DRT-0076]   Complete 1000 pins.
[INFO DRT-0076]   Complete 2000 pins.
[INFO DRT-0078]   Complete 2373 pins.
[INFO DRT-0079]   Complete 100 unique inst patterns.
[INFO DRT-0079]   Complete 200 unique inst patterns.
[INFO DRT-0081]   Complete 294 unique inst patterns.
[INFO DRT-0082]   Complete 10000 groups.
[INFO DRT-0084]   Complete 19418 groups.
#scanned instances     = 38369
#unique  instances     = 294
#stdCellGenAp          = 9406
#stdCellValidPlanarAp  = 114
#stdCellValidViaAp     = 6900
#stdCellPinNoAp        = 0
#stdCellPinCnt         = 113382
#instTermValidViaApCnt = 0
#macroGenAp            = 0
#macroValidPlanarAp    = 0
#macroValidViaAp       = 0
#macroNoAp             = 0
[INFO DRT-0166] Complete pin access.
[INFO DRT-0267] cpu time = 00:08:45, elapsed time = 00:00:19, memory = 4666.51 (MB), peak = 6326.92 (MB)
[INFO DRT-0156] guideIn read 100000 guides.
[INFO DRT-0156] guideIn read 200000 guides.

[INFO DRT-0157] Number of guides:     272385

[INFO DRT-0169] Post process guides.
[INFO DRT-0176] GCELLGRID X 0 DO 101 STEP 6900 ;
[INFO DRT-0177] GCELLGRID Y 0 DO 101 STEP 6900 ;
[INFO DRT-0026]   Complete 100000 origin guides.
[INFO DRT-0026]   Complete 200000 origin guides.
[INFO DRT-0028]   Complete FR_MASTERSLICE.
[INFO DRT-0028]   Complete Fr_VIA.
[INFO DRT-0028]   Complete li1.
[INFO DRT-0028]   Complete mcon.
[INFO DRT-0028]   Complete met1.
[INFO DRT-0028]   Complete via.
[INFO DRT-0028]   Complete met2.
[INFO DRT-0028]   Complete via2.
[INFO DRT-0028]   Complete met3.
[INFO DRT-0028]   Complete via3.
[INFO DRT-0028]   Complete met4.
[INFO DRT-0028]   Complete via4.
[INFO DRT-0028]   Complete met5.
[INFO DRT-0178] Init guide query.
[INFO DRT-0035]   Complete FR_MASTERSLICE (guide).
[INFO DRT-0035]   Complete Fr_VIA (guide).
[INFO DRT-0035]   Complete li1 (guide).
[INFO DRT-0035]   Complete mcon (guide).
[INFO DRT-0035]   Complete met1 (guide).
[INFO DRT-0035]   Complete via (guide).
[INFO DRT-0035]   Complete met2 (guide).
[INFO DRT-0035]   Complete via2 (guide).
[INFO DRT-0035]   Complete met3 (guide).
[INFO DRT-0035]   Complete via3 (guide).
[INFO DRT-0035]   Complete met4 (guide).
[INFO DRT-0035]   Complete via4 (guide).
[INFO DRT-0035]   Complete met5 (guide).
[INFO DRT-0036] FR_MASTERSLICE guide region query size = 0.
[INFO DRT-0036] FR_VIA guide region query size = 0.
[INFO DRT-0036] li1 guide region query size = 87999.
[INFO DRT-0036] mcon guide region query size = 0.
[INFO DRT-0036] met1 guide region query size = 78466.
[INFO DRT-0036] via guide region query size = 0.
[INFO DRT-0036] met2 guide region query size = 43257.
[INFO DRT-0036] via2 guide region query size = 0.
[INFO DRT-0036] met3 guide region query size = 7210.
[INFO DRT-0036] via3 guide region query size = 0.
[INFO DRT-0036] met4 guide region query size = 3083.
[INFO DRT-0036] via4 guide region query size = 0.
[INFO DRT-0036] met5 guide region query size = 85.
[INFO DRT-0179] Init gr pin query.
[INFO DRT-0267] cpu time = 00:00:01, elapsed time = 00:00:00, memory = 4666.51 (MB), peak = 6326.92 (MB)
[INFO DRT-0245] skipped writing guide updates to database.
[INFO DRT-0181] Start track assignment.
[INFO DRT-0184] Done with 134339 vertical wires in 3 frboxes and 85761 horizontal wires in 3 frboxes.
[INFO DRT-0186] Done with 23532 vertical wires in 3 frboxes and 28210 horizontal wires in 3 frboxes.
[INFO DRT-0182] Complete track assignment.
[INFO DRT-0267] cpu time = 00:00:09, elapsed time = 00:00:04, memory = 4748.31 (MB), peak = 6326.92 (MB)
[INFO DRT-0187] Start routing data preparation.
[INFO DRT-0267] cpu time = 00:00:00, elapsed time = 00:00:00, memory = 4748.31 (MB), peak = 6326.92 (MB)
[INFO DRT-0194] Start detail routing.
[INFO DRT-0195] Start 0th optimization iteration.
    Completing 10% with 0 violations.
    elapsed time = 00:00:00, memory = 5478.73 (MB).
    Completing 20% with 0 violations.
    elapsed time = 00:00:01, memory = 5245.54 (MB).
    Completing 30% with 27 violations.
    elapsed time = 00:00:02, memory = 5710.38 (MB).
    Completing 40% with 27 violations.
    elapsed time = 00:00:03, memory = 5423.86 (MB).
    Completing 50% with 27 violations.
    elapsed time = 00:00:03, memory = 4905.75 (MB).
    Completing 60% with 27 violations.
    elapsed time = 00:00:05, memory = 5573.15 (MB).
    Completing 70% with 27 violations.
    elapsed time = 00:00:05, memory = 5229.28 (MB).
    Completing 80% with 47 violations.
    elapsed time = 00:00:07, memory = 5635.98 (MB).
    Completing 90% with 47 violations.
    elapsed time = 00:00:07, memory = 5305.00 (MB).
    Completing 100% with 50 violations.
    elapsed time = 00:00:08, memory = 4741.45 (MB).
[INFO DRT-0199]   Number of violations = 58.
Viol/Layer        met1   met2
Metal Spacing        4      0
Recheck              5      3
Short               29     17
[INFO DRT-0267] cpu time = 00:02:43, elapsed time = 00:00:09, memory = 4741.45 (MB), peak = 6326.92 (MB)
Total wire length = 1367004 um.
Total wire length on LAYER li1 = 0 um.
Total wire length on LAYER met1 = 442282 um.
Total wire length on LAYER met2 = 549011 um.
Total wire length on LAYER met3 = 211334 um.
Total wire length on LAYER met4 = 161988 um.
Total wire length on LAYER met5 = 2388 um.
Total number of vias = 268063.
Up-via summary (total 268063):

-------------------------
 FR_MASTERSLICE         0
            li1    112089
           met1    127748
           met2     20810
           met3      7304
           met4       112
-------------------------
               268063


[INFO DRT-0195] Start 1st optimization iteration.
    Completing 10% with 58 violations.
    elapsed time = 00:00:00, memory = 5387.55 (MB).
    Completing 20% with 58 violations.
    elapsed time = 00:00:01, memory = 5167.64 (MB).
    Completing 30% with 53 violations.
    elapsed time = 00:00:02, memory = 5268.18 (MB).
    Completing 40% with 53 violations.
    elapsed time = 00:00:03, memory = 5291.04 (MB).
    Completing 50% with 53 violations.
    elapsed time = 00:00:03, memory = 5010.17 (MB).
    Completing 60% with 42 violations.
    elapsed time = 00:00:05, memory = 5440.53 (MB).
    Completing 70% with 42 violations.
    elapsed time = 00:00:06, memory = 5222.30 (MB).
    Completing 80% with 22 violations.
    elapsed time = 00:00:07, memory = 5657.39 (MB).
    Completing 90% with 22 violations.
    elapsed time = 00:00:07, memory = 5358.69 (MB).
    Completing 100% with 22 violations.
    elapsed time = 00:00:08, memory = 4717.06 (MB).
[INFO DRT-0199]   Number of violations = 22.
Viol/Layer        met1   met2
Metal Spacing        4      0
Short               15      3
[INFO DRT-0267] cpu time = 00:02:39, elapsed time = 00:00:08, memory = 4717.06 (MB), peak = 6326.92 (MB)
Total wire length = 1367002 um.
Total wire length on LAYER li1 = 0 um.
Total wire length on LAYER met1 = 442282 um.
Total wire length on LAYER met2 = 549007 um.
Total wire length on LAYER met3 = 211333 um.
Total wire length on LAYER met4 = 161990 um.
Total wire length on LAYER met5 = 2388 um.
Total number of vias = 268066.
Up-via summary (total 268066):

-------------------------
 FR_MASTERSLICE         0
            li1    112089
           met1    127751
           met2     20810
           met3      7304
           met4       112
-------------------------
               268066


[INFO DRT-0195] Start 2nd optimization iteration.
    Completing 10% with 22 violations.
    elapsed time = 00:00:00, memory = 4717.06 (MB).
    Completing 20% with 22 violations.
    elapsed time = 00:00:00, memory = 4717.06 (MB).
    Completing 30% with 22 violations.
    elapsed time = 00:00:00, memory = 4717.06 (MB).
    Completing 40% with 22 violations.
    elapsed time = 00:00:00, memory = 4717.06 (MB).
    Completing 50% with 22 violations.
    elapsed time = 00:00:00, memory = 4717.06 (MB).
    Completing 60% with 22 violations.
    elapsed time = 00:00:00, memory = 4717.06 (MB).
    Completing 70% with 22 violations.
    elapsed time = 00:00:00, memory = 4717.06 (MB).
    Completing 80% with 6 violations.
    elapsed time = 00:00:00, memory = 4717.06 (MB).
    Completing 90% with 6 violations.
    elapsed time = 00:00:00, memory = 4717.06 (MB).
    Completing 100% with 6 violations.
    elapsed time = 00:00:00, memory = 4717.06 (MB).
[INFO DRT-0199]   Number of violations = 6.
Viol/Layer        met1   met2
Short                3      3
[INFO DRT-0267] cpu time = 00:00:02, elapsed time = 00:00:00, memory = 4717.06 (MB), peak = 6326.92 (MB)
Total wire length = 1367003 um.
Total wire length on LAYER li1 = 0 um.
Total wire length on LAYER met1 = 442285 um.
Total wire length on LAYER met2 = 549007 um.
Total wire length on LAYER met3 = 211331 um.
Total wire length on LAYER met4 = 161990 um.
Total wire length on LAYER met5 = 2388 um.
Total number of vias = 268066.
Up-via summary (total 268066):

-------------------------
 FR_MASTERSLICE         0
            li1    112089
           met1    127751
           met2     20810
           met3      7304
           met4       112
-------------------------
               268066


[INFO DRT-0195] Start 3rd guides tiles iteration.
    Completing 30% with 6 violations.
    elapsed time = 00:00:00, memory = 4717.06 (MB).
    Completing 60% with 6 violations.
    elapsed time = 00:00:00, memory = 4717.06 (MB).
    Completing 100% with 0 violations.
    elapsed time = 00:00:00, memory = 4717.06 (MB).
[INFO DRT-0199]   Number of violations = 0.
[INFO DRT-0267] cpu time = 00:00:01, elapsed time = 00:00:00, memory = 4717.06 (MB), peak = 6326.92 (MB)
Total wire length = 1366984 um.
Total wire length on LAYER li1 = 0 um.
Total wire length on LAYER met1 = 442189 um.
Total wire length on LAYER met2 = 548910 um.
Total wire length on LAYER met3 = 211414 um.
Total wire length on LAYER met4 = 162083 um.
Total wire length on LAYER met5 = 2388 um.
Total number of vias = 268060.
Up-via summary (total 268060):

-------------------------
 FR_MASTERSLICE         0
            li1    112089
           met1    127742
           met2     20811
           met3      7306
           met4       112
-------------------------
               268060


[INFO DRT-0198] Complete detail routing.
Total wire length = 1366984 um.
Total wire length on LAYER li1 = 0 um.
Total wire length on LAYER met1 = 442189 um.
Total wire length on LAYER met2 = 548910 um.
Total wire length on LAYER met3 = 211414 um.
Total wire length on LAYER met4 = 162083 um.
Total wire length on LAYER met5 = 2388 um.
Total number of vias = 268060.
Up-via summary (total 268060):

-------------------------
 FR_MASTERSLICE         0
            li1    112089
           met1    127742
           met2     20811
           met3      7306
           met4       112
-------------------------
               268060


[INFO DRT-0267] cpu time = 00:05:27, elapsed time = 00:00:19, memory = 4717.06 (MB), peak = 6326.92 (MB)

[INFO DRT-0180] Post processing.
[INFO DRT-0501] Runtime: 45.46s
[INFO ANT-0002] Found 0 net violations.
[INFO ANT-0001] Found 0 pin violations.
[INFO ANT-0002] Found 0 net violations.
[INFO ANT-0001] Found 0 pin violations.
Design area 284200 um^2 59% utilization.
write_db /work/results/sky130hd/m7_j2/p13p0/5_2_route.odb
Elapsed time: 17:47.39[h:]min:sec. CPU time: user 14249.98 sys 67.70 (1341%). Peak memory: 6478764KB.
Log                       Ext     Elapsed/s Peak Memory/MB sha1sum result [0:20)
5_2_route                 .odb         1067           6326 40d89deb3c759d8d3ccf
/OpenROAD-flow-scripts/flow/scripts/flow.sh 5_3_fillcell fillcell
Running fillcell.tcl, stage 5_3_fillcell
read_liberty /OpenROAD-flow-scripts/flow/platforms/sky130hd/lib/sky130_fd_sc_hd__tt_025C_1v80.lib
read_db -hier /work/results/sky130hd/m7_j2/p13p0/5_2_route.odb
[WARNING ORD-0012] Hierarchical flow (-hier) is currently in development and may cause multiple issues. Do not use in production environments.
read_sdc /work/results/sky130hd/m7_j2/p13p0/5_1_grt.sdc
source /OpenROAD-flow-scripts/flow/platforms/sky130hd/setRC.tcl
[WARNING STA-0450] virtual clock vclk_core_clock can not be propagated.
filler_placement "sky130_fd_sc_hd__fill_1 sky130_fd_sc_hd__fill_2 sky130_fd_sc_hd__fill_4 sky130_fd_sc_hd__fill_8"
[INFO DPL-0001] Placed 42284 filler instances.
Design area 284200 um^2 59% utilization.
write_db /work/results/sky130hd/m7_j2/p13p0/5_3_fillcell.odb
Elapsed time: 0:00.85[h:]min:sec. CPU time: user 0.71 sys 0.13 (99%). Peak memory: 306700KB.
Log                       Ext     Elapsed/s Peak Memory/MB sha1sum result [0:20)
5_3_fillcell              .odb            0            299 226b3e00752ba39b5304
cp /work/results/sky130hd/m7_j2/p13p0/5_3_fillcell.odb /work/results/sky130hd/m7_j2/p13p0/5_route.odb
cp /work/results/sky130hd/m7_j2/p13p0/5_1_grt.sdc /work/results/sky130hd/m7_j2/p13p0/5_route.sdc
/OpenROAD-flow-scripts/flow/scripts/flow.sh 6_1_fill density_fill
Running density_fill.tcl, stage 6_1_fill
read_liberty /OpenROAD-flow-scripts/flow/platforms/sky130hd/lib/sky130_fd_sc_hd__tt_025C_1v80.lib
read_db -hier /work/results/sky130hd/m7_j2/p13p0/5_route.odb
[WARNING ORD-0012] Hierarchical flow (-hier) is currently in development and may cause multiple issues. Do not use in production environments.
read_sdc /work/results/sky130hd/m7_j2/p13p0/5_route.sdc
source /OpenROAD-flow-scripts/flow/platforms/sky130hd/setRC.tcl
exec cp /work/results/sky130hd/m7_j2/p13p0/5_route.odb /work/results/sky130hd/m7_j2/p13p0/6_1_fill.odb
Elapsed time: 0:00.51[h:]min:sec. CPU time: user 0.42 sys 0.09 (100%). Peak memory: 247932KB.
Log                       Ext     Elapsed/s Peak Memory/MB sha1sum result [0:20)
6_1_fill                  .odb            0            242 226b3e00752ba39b5304
cp /work/results/sky130hd/m7_j2/p13p0/5_route.sdc /work/results/sky130hd/m7_j2/p13p0/6_1_fill.sdc
/OpenROAD-flow-scripts/flow/scripts/flow.sh 6_report final_report
Running final_report.tcl, stage 6_report
read_liberty /OpenROAD-flow-scripts/flow/platforms/sky130hd/lib/sky130_fd_sc_hd__tt_025C_1v80.lib
read_db -hier /work/results/sky130hd/m7_j2/p13p0/6_1_fill.odb
[WARNING ORD-0012] Hierarchical flow (-hier) is currently in development and may cause multiple issues. Do not use in production environments.
read_sdc /work/results/sky130hd/m7_j2/p13p0/6_1_fill.sdc
source /OpenROAD-flow-scripts/flow/platforms/sky130hd/setRC.tcl
[WARNING STA-0450] virtual clock vclk_core_clock can not be propagated.
write_db /work/results/sky130hd/m7_j2/p13p0/6_final.odb
write_sdc -no_timestamp /work/results/sky130hd/m7_j2/p13p0/6_final.sdc
Deleted 0 routing obstructions
Warning: master sky130_ef_sc_hd__decap_12 has signal pins but no liberty cell
[INFO RCX-0431] Defined process_corner X with ext_model_index 0
[INFO RCX-0029] Defined extraction corner X
[WARNING RCX-0514] The ext_model_file option is deprecated. Use set_extraction_rules_file command instead.
[INFO RCX-0435] Reading extraction model file /OpenROAD-flow-scripts/flow/platforms/sky130hd/rcx_patterns.rules ...
[INFO RCX-0436] RC segment generation m7_ppa_j2_top (max_merge_res 50.0) ...
[INFO RCX-0040] Final 143218 rc segments
[INFO RCX-0439] Coupling Cap extraction m7_ppa_j2_top ...
[INFO RCX-0440] Coupling threshhold is 0.1000 fF, coupling capacitance less than 0.1000 fF will be grounded.
[INFO RCX-0442] 52% of 306758 wires extracted
[INFO RCX-0442] 100% of 306758 wires extracted
[INFO RCX-0045] Extract 31640 nets, 174787 rsegs, 174787 caps, 387821 ccs
[INFO RCX-0443] 31640 nets finished
[INFO PSM-0040] All shapes on net VDD are connected.
########## IR report #################
Net              : VDD
Corner           : default
Total power      : 1.04e-01 W
Supply voltage   : 1.80e+00 V
Worstcase voltage: 1.80e+00 V
Average voltage  : 1.80e+00 V
Average IR drop  : 4.42e-05 V
Worstcase IR drop: 1.29e-03 V
Percentage drop  : 0.07 %
######################################
[INFO PSM-0040] All shapes on net VSS are connected.
########## IR report #################
Net              : VSS
Corner           : default
Total power      : 1.04e-01 W
Supply voltage   : 0.00e+00 V
Worstcase voltage: 1.96e-03 V
Average voltage  : 4.17e-05 V
Average IR drop  : 4.17e-05 V
Worstcase IR drop: 1.96e-03 V
Percentage drop  : 0.11 %
######################################
Cell type report:                       Count       Area
  Fill cell                             42284  198212.60
  Tap cell                               6425    8038.96
  Antenna cell                            205     512.99
  Clock buffer                            412    9481.59
  Timing Repair Buffer                   1860   16072.92
  Inverter                                488    1835.51
  Clock inverter                          236    3110.48
  Sequential cell                        2882   74214.93
  Multi-Input combinational cell        25861  170932.69
  Total                                 80653  482412.67
Report metrics stage 6, finish...

==========================================================================
finish report_design_area
--------------------------------------------------------------------------
Design area 284200 um^2 59% utilization.
[WARNING GUI-0076] QStandardPaths: XDG_RUNTIME_DIR not set, defaulting to '/tmp/runtime-'
Elapsed time: 0:19.46[h:]min:sec. CPU time: user 37.49 sys 10.00 (244%). Peak memory: 827412KB.
Log                       Ext     Elapsed/s Peak Memory/MB sha1sum result [0:20)
6_report                                 19            808                  N/A
cp /OpenROAD-flow-scripts/flow/platforms/sky130hd/lef/sky130_fd_sc_hd.tlef /work/objects/sky130hd/m7_j2/p13p0/klayout_tech.lef
/usr/bin/python3 /OpenROAD-flow-scripts/flow/util/generate_klayout_tech.py \
	--template /OpenROAD-flow-scripts/flow/platforms/sky130hd/sky130hd.lyt \
	--output /work/objects/sky130hd/m7_j2/p13p0/klayout.lyt \
	--lef-files /work/objects/sky130hd/m7_j2/p13p0/klayout_tech.lef /OpenROAD-flow-scripts/flow/platforms/sky130hd/lef/sky130_fd_sc_hd_merged.lef   \
	--map-files 
/usr/bin/python3 /OpenROAD-flow-scripts/flow/scripts/run_command.py --log /work/logs/sky130hd/m7_j2/p13p0/6_1_merge.log --tee -- \
        /OpenROAD-flow-scripts/flow/scripts/klayout.sh -zz -rd design_name=m7_ppa_j2_top \
        -rd in_def=/work/results/sky130hd/m7_j2/p13p0/6_final.def \
        -rd in_files="/OpenROAD-flow-scripts/flow/platforms/sky130hd/gds/sky130_fd_sc_hd.gds  " \
        -rd seal_file="" \
        -rd out_file=/work/results/sky130hd/m7_j2/p13p0/6_1_merged.gds \
        -rd tech_file=/work/objects/sky130hd/m7_j2/p13p0/klayout.lyt \
        -rd layer_map= \
        -r /OpenROAD-flow-scripts/flow/util/def2stream.py
KLayout 0.30.7
[INFO] Reporting cells prior to loading DEF ...
	/OpenROAD-flow-scripts/flow/platforms/sky130hd/gds/sky130_fd_sc_hd.gds
[INFO] All LEF cells have matching GDS/OAS cells
[INFO] No orphan cells in the final layout
Elapsed time: 0:02.25[h:]min:sec. CPU time: user 1.98 sys 0.19 (96%). Peak memory: 596924KB.
cp /work/results/sky130hd/m7_j2/p13p0/6_1_merged.gds /work/results/sky130hd/m7_j2/p13p0/6_final.gds
/work/logs/sky130hd/m7_j2/p13p0
Log                       Ext     Elapsed/s Peak Memory/MB sha1sum result [0:20)
1_1_yosys_canonicalize    .rtlil          0             74 d40af4aa009b22529a24
1_2_yosys                 .v             53            271 4186e118c1ac1eebe227
1_2_yosys                 .sdc                             a56667f6ad0d463e0909
1_synth                   .odb            0            206 bca5473cccb633fab1d2
1_synth                   .sdc                             1596c2ac47f4686f1ce2
2_1_floorplan             .odb            4            257 25b9fd6b8c42d13c40e8
2_1_floorplan             .sdc                             1596c2ac47f4686f1ce2
2_2_floorplan_macro       .odb            0            187 25b9fd6b8c42d13c40e8
2_3_floorplan_tapcell     .odb            0            173 7977e7957170b124bfd3
2_4_floorplan_pdn         .odb            0            213 7a93d90fa89b25b5df6f
3_1_place_gp_skip_io      .odb           26            239 4d07dd4941c88f04ade8
3_2_place_iop             .odb            0            198 c3d8a5e6fbcc520c4157
3_3_place_gp              .odb          187            549 17a7e912e4694572ddd1
3_4_place_resized         .odb           10            302 11f0948ae0de8563a217
3_5_place_dp              .odb           14            340 fce57cec9a515c3ed190
4_1_cts                   .odb           12            395 f1ea7bf2643a69961ee5
5_1_grt                   .odb           52           1088 da1dc709a2e897f8eccb
5_1_grt                   .sdc                             4108138768f2ac16ffdc
5_2_route                 .odb         1067           6326 40d89deb3c759d8d3ccf
5_3_fillcell              .odb            0            299 226b3e00752ba39b5304
6_1_fill                  .odb            0            242 226b3e00752ba39b5304
6_1_fill                  .sdc                             4108138768f2ac16ffdc
6_1_merge                                 2            582                  N/A
6_report                                 19            808                  N/A
Total                                  1446           6326                     
END_UTC=2026-08-12T18:51:30Z
ELAPSED_SEC=1465
EXIT_CODE=0
