START_UTC=2026-08-12T16:14:39Z
VARIANT=J2
DESIGN_CONFIG=/repo/m7/ppa/orfs/sky130hd/m7_j2/config.mk
LEC_CHECK=0
CLOCK_PERIOD=13.0
FLOW_VARIANT=p13p0
ORFS_IMAGE=openroad/orfs@sha256:817b608c69a71fafc7b61baec11b4dc073fb8efb9d2714f9bd3316db4beba277
FLOW=/home/mmr/ricv_paper/third_party/OpenROAD-flow-scripts/flow
OPENROAD: /OpenROAD-flow-scripts/tools/OpenROAD
mkdir -p /work/results/sky130hd/m7_j2/p13p0/
echo 13.0 > /work/results/sky130hd/m7_j2/p13p0/clock_period.txt
/OpenROAD-flow-scripts/flow/scripts/synth.sh /OpenROAD-flow-scripts/flow/scripts/synth_canonicalize.tcl /work/logs/sky130hd/m7_j2/p13p0/1_1_yosys_canonicalize.log
Using ABC speed script.
Extracting clock period from SDC file: /work/results/sky130hd/m7_j2/p13p0/clock_period.txt
Setting clock period to 13.0
1. Executing Liberty frontend: /OpenROAD-flow-scripts/flow/platforms/sky130hd/lib/sky130_fd_sc_hd__tt_025C_1v80.lib
2. Executing Liberty frontend: /OpenROAD-flow-scripts/flow/platforms/sky130hd/lib/sky130_fd_sc_hd__tt_025C_1v80.lib
3. Executing SLANG frontend.
3.1. Executing PROC_CLEAN pass (remove empty switches from decision trees).
3.2. Executing TRIBUF pass.
3.3. Executing PROC_RMDEAD pass (remove dead branches from decision trees).
3.4. Executing PROC_PRUNE pass (remove redundant assignments in processes).
3.5. Executing PROC_INIT pass (extract init attributes).
3.6. Executing PROC_ROM pass (convert switches to ROMs).
3.7. Executing PROC_MUX pass (convert decision trees to multiplexers).
3.8. Executing PROC_CLEAN pass (remove empty switches from decision trees).
3.9. Executing OPT_EXPR pass (perform const folding).
4. Executing HIERARCHY pass (managing design hierarchy).
4.1. Analyzing design hierarchy..
4.2. Analyzing design hierarchy..
5. Executing OPT_CLEAN pass (remove unused cells and wires).
6. Executing RTLIL backend.
End of script. Logfile hash: e848d0b34a, time: 0.33s, user: 0.33s, system: 0.04s, MEM: 77.20 MB peak
Yosys 0.68+post (git sha1 UNKNOWN, Release, GNU /usr/local/bin/wrapped-cc/g++ 11.4.0)
Time spent: 33% 2x read_slang (0 sec), 20% 4x read_liberty (0 sec), ...
Elapsed time: 0:00.34[h:]min:sec. CPU time: user 0.34 sys 0.05 (115%). Peak memory: 79048KB.
Log                       Ext     Elapsed/s Peak Memory/MB sha1sum result [0:20)
1_1_yosys_canonicalize    .rtlil          0             77 d40af4aa009b22529a24
/OpenROAD-flow-scripts/flow/scripts/synth.sh /OpenROAD-flow-scripts/flow/scripts/synth.tcl /work/logs/sky130hd/m7_j2/p13p0/1_2_yosys.log
Using ABC speed script.
Extracting clock period from SDC file: /work/results/sky130hd/m7_j2/p13p0/clock_period.txt
Setting clock period to 13.0
1. Executing RTLIL frontend.
2. Executing HIERARCHY pass (managing design hierarchy).
2.1. Analyzing design hierarchy..
2.2. Analyzing design hierarchy..
3. Executing SYNTH pass.
3.1. Executing HIERARCHY pass (managing design hierarchy).
3.1.1. Analyzing design hierarchy..
3.1.2. Analyzing design hierarchy..
3.2. Executing PROC pass (convert processes to netlists).
3.2.1. Executing PROC_CLEAN pass (remove empty switches from decision trees).
3.2.2. Executing PROC_RMDEAD pass (remove dead branches from decision trees).
3.2.3. Executing PROC_PRUNE pass (remove redundant assignments in processes).
3.2.4. Executing PROC_INIT pass (extract init attributes).
3.2.5. Executing PROC_ARST pass (detect async resets in processes).
3.2.6. Executing PROC_ROM pass (convert switches to ROMs).
3.2.7. Executing PROC_MUX pass (convert decision trees to multiplexers).
3.2.8. Executing PROC_DLATCH pass (convert process syncs to latches).
3.2.9. Executing PROC_DFF pass (convert process syncs to FFs).
3.2.10. Executing PROC_MEMWR pass (convert process memory writes to cells).
3.2.11. Executing PROC_CLEAN pass (remove empty switches from decision trees).
3.2.12. Executing OPT_EXPR pass (perform const folding).
3.3. Executing CHECK pass (checking for obvious problems).
3.4. Executing FLATTEN pass (flatten design).
3.5. Executing OPT_EXPR pass (perform const folding).
3.6. Executing OPT_CLEAN pass (remove unused cells and wires).
3.7. Executing CHECK pass (checking for obvious problems).
3.8. Executing OPT pass (performing simple optimizations).
3.8.1. Executing OPT_EXPR pass (perform const folding).
3.8.2. Executing OPT_MERGE pass (detect identical cells).
3.8.3. Executing OPT_MUXTREE pass (detect dead branches in mux trees).
3.8.4. Executing OPT_REDUCE pass (consolidate $*mux and $reduce_* inputs).
3.8.5. Executing OPT_MERGE pass (detect identical cells).
3.8.6. Executing OPT_DFF pass (perform DFF optimizations).
3.8.7. Executing OPT_CLEAN pass (remove unused cells and wires).
3.8.8. Executing OPT_EXPR pass (perform const folding).
3.8.9. Rerunning OPT passes. (Maybe there is more to do..)
3.8.10. Executing OPT_MUXTREE pass (detect dead branches in mux trees).
3.8.11. Executing OPT_REDUCE pass (consolidate $*mux and $reduce_* inputs).
3.8.12. Executing OPT_MERGE pass (detect identical cells).
3.8.13. Executing OPT_DFF pass (perform DFF optimizations).
3.8.14. Executing OPT_CLEAN pass (remove unused cells and wires).
3.8.15. Executing OPT_EXPR pass (perform const folding).
3.8.16. Rerunning OPT passes. (Maybe there is more to do..)
3.8.17. Executing OPT_MUXTREE pass (detect dead branches in mux trees).
3.8.18. Executing OPT_REDUCE pass (consolidate $*mux and $reduce_* inputs).
3.8.19. Executing OPT_MERGE pass (detect identical cells).
3.8.20. Executing OPT_DFF pass (perform DFF optimizations).
3.8.21. Executing OPT_CLEAN pass (remove unused cells and wires).
3.8.22. Executing OPT_EXPR pass (perform const folding).
3.8.23. Finished fast OPT passes. (There is nothing left to do.)
3.9. Executing FSM pass (extract and optimize FSM).
3.9.1. Executing FSM_DETECT pass (finding FSMs in design).
3.9.2. Executing FSM_EXTRACT pass (extracting FSM from design).
3.9.3. Executing FSM_OPT pass (simple optimizations of FSMs).
3.9.4. Executing OPT_CLEAN pass (remove unused cells and wires).
3.9.5. Executing FSM_OPT pass (simple optimizations of FSMs).
3.9.6. Executing FSM_RECODE pass (re-assigning FSM state encoding).
3.9.7. Executing FSM_INFO pass (dumping all available information on FSM cells).
3.9.8. Executing FSM_MAP pass (mapping FSMs to basic logic).
3.10. Executing OPT pass (performing simple optimizations).
3.10.1. Executing OPT_EXPR pass (perform const folding).
3.10.2. Executing OPT_MERGE pass (detect identical cells).
3.10.3. Executing OPT_MUXTREE pass (detect dead branches in mux trees).
3.10.4. Executing OPT_REDUCE pass (consolidate $*mux and $reduce_* inputs).
3.10.5. Executing OPT_MERGE pass (detect identical cells).
3.10.6. Executing OPT_DFF pass (perform DFF optimizations).
3.10.7. Executing OPT_CLEAN pass (remove unused cells and wires).
3.10.8. Executing OPT_EXPR pass (perform const folding).
3.10.9. Rerunning OPT passes. (Maybe there is more to do..)
3.10.10. Executing OPT_MUXTREE pass (detect dead branches in mux trees).
3.10.11. Executing OPT_REDUCE pass (consolidate $*mux and $reduce_* inputs).
3.10.12. Executing OPT_MERGE pass (detect identical cells).
3.10.13. Executing OPT_DFF pass (perform DFF optimizations).
3.10.14. Executing OPT_CLEAN pass (remove unused cells and wires).
3.10.15. Executing OPT_EXPR pass (perform const folding).
3.10.16. Rerunning OPT passes. (Maybe there is more to do..)
3.10.17. Executing OPT_MUXTREE pass (detect dead branches in mux trees).
3.10.18. Executing OPT_REDUCE pass (consolidate $*mux and $reduce_* inputs).
3.10.19. Executing OPT_MERGE pass (detect identical cells).
3.10.20. Executing OPT_DFF pass (perform DFF optimizations).
3.10.21. Executing OPT_CLEAN pass (remove unused cells and wires).
3.10.22. Executing OPT_EXPR pass (perform const folding).
3.10.23. Rerunning OPT passes. (Maybe there is more to do..)
3.10.24. Executing OPT_MUXTREE pass (detect dead branches in mux trees).
3.10.25. Executing OPT_REDUCE pass (consolidate $*mux and $reduce_* inputs).
3.10.26. Executing OPT_MERGE pass (detect identical cells).
3.10.27. Executing OPT_DFF pass (perform DFF optimizations).
3.10.28. Executing OPT_CLEAN pass (remove unused cells and wires).
3.10.29. Executing OPT_EXPR pass (perform const folding).
3.10.30. Rerunning OPT passes. (Maybe there is more to do..)
3.10.31. Executing OPT_MUXTREE pass (detect dead branches in mux trees).
3.10.32. Executing OPT_REDUCE pass (consolidate $*mux and $reduce_* inputs).
3.10.33. Executing OPT_MERGE pass (detect identical cells).
3.10.34. Executing OPT_DFF pass (perform DFF optimizations).
3.10.35. Executing OPT_CLEAN pass (remove unused cells and wires).
3.10.36. Executing OPT_EXPR pass (perform const folding).
3.10.37. Finished fast OPT passes. (There is nothing left to do.)
3.11. Executing WREDUCE pass (reducing word size of cells).
3.12. Executing PEEPOPT pass (run peephole optimizers).
3.13. Executing OPT_CLEAN pass (remove unused cells and wires).
3.14. Executing ALUMACC pass (create $alu and $macc cells).
3.15. Executing SHARE pass (SAT-based resource sharing).
3.16. Executing OPT pass (performing simple optimizations).
3.16.1. Executing OPT_EXPR pass (perform const folding).
3.16.2. Executing OPT_MERGE pass (detect identical cells).
3.16.3. Executing OPT_MUXTREE pass (detect dead branches in mux trees).
3.16.4. Executing OPT_REDUCE pass (consolidate $*mux and $reduce_* inputs).
3.16.5. Executing OPT_MERGE pass (detect identical cells).
3.16.6. Executing OPT_DFF pass (perform DFF optimizations).
3.16.7. Executing OPT_CLEAN pass (remove unused cells and wires).
3.16.8. Executing OPT_EXPR pass (perform const folding).
3.16.9. Rerunning OPT passes. (Maybe there is more to do..)
3.16.10. Executing OPT_MUXTREE pass (detect dead branches in mux trees).
3.16.11. Executing OPT_REDUCE pass (consolidate $*mux and $reduce_* inputs).
3.16.12. Executing OPT_MERGE pass (detect identical cells).
3.16.13. Executing OPT_DFF pass (perform DFF optimizations).
3.16.14. Executing OPT_CLEAN pass (remove unused cells and wires).
3.16.15. Executing OPT_EXPR pass (perform const folding).
3.16.16. Finished fast OPT passes. (There is nothing left to do.)
3.17. Executing MEMORY pass.
3.17.1. Executing OPT_MEM pass (optimize memories).
3.17.2. Executing OPT_MEM_PRIORITY pass (removing unnecessary memory write priority relations).
3.17.3. Executing OPT_MEM_FEEDBACK pass (finding memory read-to-write feedback paths).
3.17.4. Executing MEMORY_BMUX2ROM pass (converting muxes to ROMs).
3.17.5. Executing MEMORY_DFF pass (merging $dff cells to $memrd).
3.17.6. Executing OPT_CLEAN pass (remove unused cells and wires).
3.17.7. Executing MEMORY_SHARE pass (consolidating $memrd/$memwr cells).
3.17.8. Executing OPT_MEM_WIDEN pass (optimize memories where all ports are wide).
3.17.9. Executing OPT_CLEAN pass (remove unused cells and wires).
3.17.10. Executing MEMORY_COLLECT pass (generating $mem cells).
3.18. Executing OPT_CLEAN pass (remove unused cells and wires).
4. Executing TECHMAP pass (map to technology primitives).
4.1. Executing Verilog-2005 frontend: /OpenROAD-flow-scripts/tools/install/yosys/bin/../share/yosys/techmap.v
4.2. Continuing TECHMAP pass.
5. Generating architectural options for $alu
5.1. Executing WRAPCELL pass. (wrap selected cells)
5.2. Executing TECHMAP pass (map to technology primitives).
5.2.1. Executing Verilog-2005 frontend: /OpenROAD-flow-scripts/tools/install/yosys/bin/../share/yosys/techmap.v
5.2.2. Executing Verilog-2005 frontend: /OpenROAD-flow-scripts/tools/install/yosys/bin/../share/yosys/choices/han-carlson.v
5.2.3. Continuing TECHMAP pass.
Warning: Latch inferred for signal `$paramod\_80_lcu_han_carlson\WIDTH=32'00000000000000000000000000100001.\j [4:0]' from process `$paramod\_80_lcu_han_carlson\WIDTH=32'00000000000000000000000000100001.$proc$/OpenROAD-flow-scripts/tools/install/yosys/bin/../share/yosys/choices/han-carlson.v:18$86422': $auto$proc_dlatch.cc:545:proc_dlatch$87682
Warning: Latch inferred for signal `$paramod\_80_lcu_han_carlson\WIDTH=32'00000000000000000000000000100001.\j [31:5]' from process `$paramod\_80_lcu_han_carlson\WIDTH=32'00000000000000000000000000100001.$proc$/OpenROAD-flow-scripts/tools/install/yosys/bin/../share/yosys/choices/han-carlson.v:18$86422': $auto$proc_dlatch.cc:547:proc_dlatch$87685
Warning: Latch inferred for signal `$paramod\_80_lcu_han_carlson\WIDTH=32'00000000000000000000000000100010.\j [4:0]' from process `$paramod\_80_lcu_han_carlson\WIDTH=32'00000000000000000000000000100010.$proc$/OpenROAD-flow-scripts/tools/install/yosys/bin/../share/yosys/choices/han-carlson.v:18$88210': $auto$proc_dlatch.cc:545:proc_dlatch$89530
Warning: Latch inferred for signal `$paramod\_80_lcu_han_carlson\WIDTH=32'00000000000000000000000000100010.\j [31:5]' from process `$paramod\_80_lcu_han_carlson\WIDTH=32'00000000000000000000000000100010.$proc$/OpenROAD-flow-scripts/tools/install/yosys/bin/../share/yosys/choices/han-carlson.v:18$88210': $auto$proc_dlatch.cc:547:proc_dlatch$89533
Warning: Latch inferred for signal `$paramod\_80_lcu_han_carlson\WIDTH=32'00000000000000000000000000100000.\j [3:0]' from process `$paramod\_80_lcu_han_carlson\WIDTH=32'00000000000000000000000000100000.$proc$/OpenROAD-flow-scripts/tools/install/yosys/bin/../share/yosys/choices/han-carlson.v:18$90040': $auto$proc_dlatch.cc:545:proc_dlatch$91267
Warning: Latch inferred for signal `$paramod\_80_lcu_han_carlson\WIDTH=32'00000000000000000000000000100000.\j [31:4]' from process `$paramod\_80_lcu_han_carlson\WIDTH=32'00000000000000000000000000100000.$proc$/OpenROAD-flow-scripts/tools/install/yosys/bin/../share/yosys/choices/han-carlson.v:18$90040': $auto$proc_dlatch.cc:547:proc_dlatch$91270
5.3. Executing TECHMAP pass (map to technology primitives).
5.3.1. Executing Verilog-2005 frontend: /OpenROAD-flow-scripts/tools/install/yosys/bin/../share/yosys/techmap.v
5.3.2. Executing Verilog-2005 frontend: /OpenROAD-flow-scripts/tools/install/yosys/bin/../share/yosys/choices/kogge-stone.v
5.3.3. Continuing TECHMAP pass.
5.4. Executing TECHMAP pass (map to technology primitives).
5.4.1. Executing Verilog-2005 frontend: /OpenROAD-flow-scripts/tools/install/yosys/bin/../share/yosys/techmap.v
5.4.2. Executing Verilog-2005 frontend: /OpenROAD-flow-scripts/tools/install/yosys/bin/../share/yosys/choices/sklansky.v
5.4.3. Continuing TECHMAP pass.
5.5. Executing TECHMAP pass (map to technology primitives).
5.5.1. Executing Verilog-2005 frontend: /OpenROAD-flow-scripts/tools/install/yosys/bin/../share/yosys/techmap.v
5.5.2. Continuing TECHMAP pass.
6. Generating architectural options for $macc
6.1. Executing WRAPCELL pass. (wrap selected cells)
6.2. Executing TECHMAP pass (map to technology primitives).
6.2.1. Executing Verilog-2005 frontend: /OpenROAD-flow-scripts/tools/install/yosys/bin/../share/yosys/techmap.v
6.2.2. Executing Verilog-2005 frontend: /OpenROAD-flow-scripts/flow/scripts/synth_wrap_operators-booth.v
6.2.3. Continuing TECHMAP pass.
6.3. Executing TECHMAP pass (map to technology primitives).
6.3.1. Executing Verilog-2005 frontend: /OpenROAD-flow-scripts/tools/install/yosys/bin/../share/yosys/techmap.v
6.3.2. Executing Verilog-2005 frontend: /OpenROAD-flow-scripts/tools/install/yosys/bin/../share/yosys/choices/han-carlson.v
6.3.3. Continuing TECHMAP pass.
7. Executing OPT pass (performing simple optimizations).
7.1. Executing OPT_EXPR pass (perform const folding).
7.2. Executing OPT_MERGE pass (detect identical cells).
7.3. Executing OPT_DFF pass (perform DFF optimizations).
7.4. Executing OPT_CLEAN pass (remove unused cells and wires).
7.5. Rerunning OPT passes. (Removed registers in this run.)
7.6. Executing OPT_EXPR pass (perform const folding).
7.7. Executing OPT_MERGE pass (detect identical cells).
7.8. Executing OPT_DFF pass (perform DFF optimizations).
7.9. Executing OPT_CLEAN pass (remove unused cells and wires).
7.10. Rerunning OPT passes. (Removed registers in this run.)
7.11. Executing OPT_EXPR pass (perform const folding).
7.12. Executing OPT_MERGE pass (detect identical cells).
7.13. Executing OPT_DFF pass (perform DFF optimizations).
7.14. Executing OPT_CLEAN pass (remove unused cells and wires).
7.15. Finished fast OPT passes.
8. Executing MEMORY_MAP pass (converting memories to logic and flip-flops).
9. Executing OPT pass (performing simple optimizations).
9.1. Executing OPT_EXPR pass (perform const folding).
9.2. Executing OPT_MERGE pass (detect identical cells).
9.3. Executing OPT_MUXTREE pass (detect dead branches in mux trees).
9.4. Executing OPT_REDUCE pass (consolidate $*mux and $reduce_* inputs).
9.5. Executing OPT_MERGE pass (detect identical cells).
9.6. Executing OPT_SHARE pass.
9.7. Executing OPT_DFF pass (perform DFF optimizations).
9.8. Executing OPT_CLEAN pass (remove unused cells and wires).
9.9. Executing OPT_EXPR pass (perform const folding).
9.10. Rerunning OPT passes. (Maybe there is more to do..)
9.11. Executing OPT_MUXTREE pass (detect dead branches in mux trees).
9.12. Executing OPT_REDUCE pass (consolidate $*mux and $reduce_* inputs).
9.13. Executing OPT_MERGE pass (detect identical cells).
9.14. Executing OPT_SHARE pass.
9.15. Executing OPT_DFF pass (perform DFF optimizations).
9.16. Executing OPT_CLEAN pass (remove unused cells and wires).
9.17. Executing OPT_EXPR pass (perform const folding).
9.18. Rerunning OPT passes. (Maybe there is more to do..)
9.19. Executing OPT_MUXTREE pass (detect dead branches in mux trees).
9.20. Executing OPT_REDUCE pass (consolidate $*mux and $reduce_* inputs).
9.21. Executing OPT_MERGE pass (detect identical cells).
9.22. Executing OPT_SHARE pass.
9.23. Executing OPT_DFF pass (perform DFF optimizations).
9.24. Executing OPT_CLEAN pass (remove unused cells and wires).
9.25. Executing OPT_EXPR pass (perform const folding).
9.26. Finished fast OPT passes. (There is nothing left to do.)
10. Executing TECHMAP pass (map to technology primitives).
10.1. Executing Verilog-2005 frontend: /OpenROAD-flow-scripts/tools/install/yosys/bin/../share/yosys/techmap.v
10.2. Executing Verilog-2005 frontend: /OpenROAD-flow-scripts/tools/install/yosys/bin/../share/yosys/choices/han-carlson.v
10.3. Continuing TECHMAP pass.
Warning: Latch inferred for signal `$paramod\_80_lcu_han_carlson\WIDTH=32'00000000000000000000000000000001.\j' from process `$paramod\_80_lcu_han_carlson\WIDTH=32'00000000000000000000000000000001.$proc$/OpenROAD-flow-scripts/tools/install/yosys/bin/../share/yosys/choices/han-carlson.v:18$113703': $auto$proc_dlatch.cc:545:proc_dlatch$113741
Warning: Latch inferred for signal `$paramod\_80_lcu_han_carlson\WIDTH=32'00000000000000000000000000000101.\j [1:0]' from process `$paramod\_80_lcu_han_carlson\WIDTH=32'00000000000000000000000000000101.$proc$/OpenROAD-flow-scripts/tools/install/yosys/bin/../share/yosys/choices/han-carlson.v:18$113759': $auto$proc_dlatch.cc:545:proc_dlatch$113915
Warning: Latch inferred for signal `$paramod\_80_lcu_han_carlson\WIDTH=32'00000000000000000000000000000101.\j [31:2]' from process `$paramod\_80_lcu_han_carlson\WIDTH=32'00000000000000000000000000000101.$proc$/OpenROAD-flow-scripts/tools/install/yosys/bin/../share/yosys/choices/han-carlson.v:18$113759': $auto$proc_dlatch.cc:547:proc_dlatch$113918
Warning: Latch inferred for signal `$paramod\_80_lcu_han_carlson\WIDTH=32'00000000000000000000000000000010.\j' from process `$paramod\_80_lcu_han_carlson\WIDTH=32'00000000000000000000000000000010.$proc$/OpenROAD-flow-scripts/tools/install/yosys/bin/../share/yosys/choices/han-carlson.v:18$113935': $auto$proc_dlatch.cc:545:proc_dlatch$113988
Warning: Latch inferred for signal `$paramod\_80_lcu_han_carlson\WIDTH=32'00000000000000000000000001000000.\j [4:0]' from process `$paramod\_80_lcu_han_carlson\WIDTH=32'00000000000000000000000001000000.$proc$/OpenROAD-flow-scripts/tools/install/yosys/bin/../share/yosys/choices/han-carlson.v:18$114126': $auto$proc_dlatch.cc:545:proc_dlatch$116841
Warning: Latch inferred for signal `$paramod\_80_lcu_han_carlson\WIDTH=32'00000000000000000000000001000000.\j [31:5]' from process `$paramod\_80_lcu_han_carlson\WIDTH=32'00000000000000000000000001000000.$proc$/OpenROAD-flow-scripts/tools/install/yosys/bin/../share/yosys/choices/han-carlson.v:18$114126': $auto$proc_dlatch.cc:547:proc_dlatch$116844
Warning: Latch inferred for signal `$paramod\_80_lcu_han_carlson\WIDTH=32'00000000000000000000000000011111.\j [3:0]' from process `$paramod\_80_lcu_han_carlson\WIDTH=32'00000000000000000000000000011111.$proc$/OpenROAD-flow-scripts/tools/install/yosys/bin/../share/yosys/choices/han-carlson.v:18$117171': $auto$proc_dlatch.cc:545:proc_dlatch$118347
Warning: Latch inferred for signal `$paramod\_80_lcu_han_carlson\WIDTH=32'00000000000000000000000000011111.\j [31:4]' from process `$paramod\_80_lcu_han_carlson\WIDTH=32'00000000000000000000000000011111.$proc$/OpenROAD-flow-scripts/tools/install/yosys/bin/../share/yosys/choices/han-carlson.v:18$117171': $auto$proc_dlatch.cc:547:proc_dlatch$118350
Warning: Latch inferred for signal `$paramod\_80_lcu_han_carlson\WIDTH=32'00000000000000000000000000001100.\j [2:0]' from process `$paramod\_80_lcu_han_carlson\WIDTH=32'00000000000000000000000000001100.$proc$/OpenROAD-flow-scripts/tools/install/yosys/bin/../share/yosys/choices/han-carlson.v:18$118461': $auto$proc_dlatch.cc:545:proc_dlatch$118866
Warning: Latch inferred for signal `$paramod\_80_lcu_han_carlson\WIDTH=32'00000000000000000000000000001100.\j [31:3]' from process `$paramod\_80_lcu_han_carlson\WIDTH=32'00000000000000000000000000001100.$proc$/OpenROAD-flow-scripts/tools/install/yosys/bin/../share/yosys/choices/han-carlson.v:18$118461': $auto$proc_dlatch.cc:547:proc_dlatch$118869
Warning: Latch inferred for signal `$paramod\_80_lcu_han_carlson\WIDTH=32'00000000000000000000000000011110.\j [3:0]' from process `$paramod\_80_lcu_han_carlson\WIDTH=32'00000000000000000000000000011110.$proc$/OpenROAD-flow-scripts/tools/install/yosys/bin/../share/yosys/choices/han-carlson.v:18$119066': $auto$proc_dlatch.cc:545:proc_dlatch$120209
Warning: Latch inferred for signal `$paramod\_80_lcu_han_carlson\WIDTH=32'00000000000000000000000000011110.\j [31:4]' from process `$paramod\_80_lcu_han_carlson\WIDTH=32'00000000000000000000000000011110.$proc$/OpenROAD-flow-scripts/tools/install/yosys/bin/../share/yosys/choices/han-carlson.v:18$119066': $auto$proc_dlatch.cc:547:proc_dlatch$120212
Warning: Latch inferred for signal `$paramod\_80_lcu_han_carlson\WIDTH=32'00000000000000000000000000001000.\j [1:0]' from process `$paramod\_80_lcu_han_carlson\WIDTH=32'00000000000000000000000000001000.$proc$/OpenROAD-flow-scripts/tools/install/yosys/bin/../share/yosys/choices/han-carlson.v:18$120679': $auto$proc_dlatch.cc:545:proc_dlatch$120934
Warning: Latch inferred for signal `$paramod\_80_lcu_han_carlson\WIDTH=32'00000000000000000000000000001000.\j [31:2]' from process `$paramod\_80_lcu_han_carlson\WIDTH=32'00000000000000000000000000001000.$proc$/OpenROAD-flow-scripts/tools/install/yosys/bin/../share/yosys/choices/han-carlson.v:18$120679': $auto$proc_dlatch.cc:547:proc_dlatch$120937
Warning: Latch inferred for signal `$paramod\_80_lcu_han_carlson\WIDTH=32'00000000000000000000000000000011.\j [0]' from process `$paramod\_80_lcu_han_carlson\WIDTH=32'00000000000000000000000000000011.$proc$/OpenROAD-flow-scripts/tools/install/yosys/bin/../share/yosys/choices/han-carlson.v:18$120959': $auto$proc_dlatch.cc:545:proc_dlatch$121058
Warning: Latch inferred for signal `$paramod\_80_lcu_han_carlson\WIDTH=32'00000000000000000000000000000011.\j [31:1]' from process `$paramod\_80_lcu_han_carlson\WIDTH=32'00000000000000000000000000000011.$proc$/OpenROAD-flow-scripts/tools/install/yosys/bin/../share/yosys/choices/han-carlson.v:18$120959': $auto$proc_dlatch.cc:547:proc_dlatch$121061
11. Executing OPT pass (performing simple optimizations).
11.1. Executing OPT_EXPR pass (perform const folding).
11.2. Executing OPT_MERGE pass (detect identical cells).
11.3. Executing OPT_MUXTREE pass (detect dead branches in mux trees).
11.4. Executing OPT_REDUCE pass (consolidate $*mux and $reduce_* inputs).
11.5. Executing OPT_MERGE pass (detect identical cells).
11.6. Executing OPT_DFF pass (perform DFF optimizations).
11.7. Executing OPT_CLEAN pass (remove unused cells and wires).
11.8. Executing OPT_EXPR pass (perform const folding).
11.9. Rerunning OPT passes. (Maybe there is more to do..)
11.10. Executing OPT_MUXTREE pass (detect dead branches in mux trees).
11.11. Executing OPT_REDUCE pass (consolidate $*mux and $reduce_* inputs).
11.12. Executing OPT_MERGE pass (detect identical cells).
11.13. Executing OPT_DFF pass (perform DFF optimizations).
11.14. Executing OPT_CLEAN pass (remove unused cells and wires).
11.15. Executing OPT_EXPR pass (perform const folding).
11.16. Finished fast OPT passes. (There is nothing left to do.)
12. Executing DFFLEGALIZE pass (convert FFs to types supported by the target).
13. Executing TECHMAP pass (map to technology primitives).
13.1. Executing Verilog-2005 frontend: /OpenROAD-flow-scripts/flow/platforms/sky130hd/cells_latch_hd.v
13.2. Continuing TECHMAP pass.
14. Executing DFFLIBMAP pass (mapping DFF cells to sequential cells from liberty file).
14.1. Executing DFFLEGALIZE pass (convert FFs to types supported by the target).
15. Executing OPT pass (performing simple optimizations).
15.1. Executing OPT_EXPR pass (perform const folding).
15.2. Executing OPT_MERGE pass (detect identical cells).
15.3. Executing OPT_MUXTREE pass (detect dead branches in mux trees).
15.4. Executing OPT_REDUCE pass (consolidate $*mux and $reduce_* inputs).
15.5. Executing OPT_MERGE pass (detect identical cells).
15.6. Executing OPT_DFF pass (perform DFF optimizations).
15.7. Executing OPT_CLEAN pass (remove unused cells and wires).
15.8. Executing OPT_EXPR pass (perform const folding).
15.9. Rerunning OPT passes. (Maybe there is more to do..)
15.10. Executing OPT_MUXTREE pass (detect dead branches in mux trees).
15.11. Executing OPT_REDUCE pass (consolidate $*mux and $reduce_* inputs).
15.12. Executing OPT_MERGE pass (detect identical cells).
15.13. Executing OPT_DFF pass (perform DFF optimizations).
15.14. Executing OPT_CLEAN pass (remove unused cells and wires).
15.15. Executing OPT_EXPR pass (perform const folding).
15.16. Finished fast OPT passes. (There is nothing left to do.)
16. Executing SETUNDEF pass (replace undef values with defined constants).
abc_new -liberty /OpenROAD-flow-scripts/flow/platforms/sky130hd/lib/sky130_fd_sc_hd__tt_025C_1v80.lib -dont_use sky130_fd_sc_hd__probe_p_8 -dont_use sky130_fd_sc_hd__probec_p_8 -dont_use sky130_fd_sc_hd__lpflow_bleeder_1 -dont_use sky130_fd_sc_hd__lpflow_clkbufkapwr_1 -dont_use sky130_fd_sc_hd__lpflow_clkbufkapwr_16 -dont_use sky130_fd_sc_hd__lpflow_clkbufkapwr_2 -dont_use sky130_fd_sc_hd__lpflow_clkbufkapwr_4 -dont_use sky130_fd_sc_hd__lpflow_clkbufkapwr_8 -dont_use sky130_fd_sc_hd__lpflow_clkinvkapwr_1 -dont_use sky130_fd_sc_hd__lpflow_clkinvkapwr_16 -dont_use sky130_fd_sc_hd__lpflow_clkinvkapwr_2 -dont_use sky130_fd_sc_hd__lpflow_clkinvkapwr_4 -dont_use sky130_fd_sc_hd__lpflow_clkinvkapwr_8 -dont_use sky130_fd_sc_hd__lpflow_decapkapwr_12 -dont_use sky130_fd_sc_hd__lpflow_decapkapwr_3 -dont_use sky130_fd_sc_hd__lpflow_decapkapwr_4 -dont_use sky130_fd_sc_hd__lpflow_decapkapwr_6 -dont_use sky130_fd_sc_hd__lpflow_decapkapwr_8 -dont_use sky130_fd_sc_hd__lpflow_inputiso0n_1 -dont_use sky130_fd_sc_hd__lpflow_inputiso0p_1 -dont_use sky130_fd_sc_hd__lpflow_inputiso1n_1 -dont_use sky130_fd_sc_hd__lpflow_inputiso1p_1 -dont_use sky130_fd_sc_hd__lpflow_inputisolatch_1 -dont_use sky130_fd_sc_hd__lpflow_isobufsrc_1 -dont_use sky130_fd_sc_hd__lpflow_isobufsrc_16 -dont_use sky130_fd_sc_hd__lpflow_isobufsrc_2 -dont_use sky130_fd_sc_hd__lpflow_isobufsrc_4 -dont_use sky130_fd_sc_hd__lpflow_isobufsrc_8 -dont_use sky130_fd_sc_hd__lpflow_isobufsrckapwr_16 -dont_use sky130_fd_sc_hd__lpflow_lsbuf_lh_hl_isowell_tap_1 -dont_use sky130_fd_sc_hd__lpflow_lsbuf_lh_hl_isowell_tap_2 -dont_use sky130_fd_sc_hd__lpflow_lsbuf_lh_hl_isowell_tap_4 -dont_use sky130_fd_sc_hd__lpflow_lsbuf_lh_isowell_4 -dont_use sky130_fd_sc_hd__lpflow_lsbuf_lh_isowell_tap_1 -dont_use sky130_fd_sc_hd__lpflow_lsbuf_lh_isowell_tap_2 -dont_use sky130_fd_sc_hd__lpflow_lsbuf_lh_isowell_tap_4 -constr /work/objects/sky130hd/m7_j2/p13p0/abc.constr -D 13.0
Warning: Feature 'abc_new' is experimental.
17. Executing ABC_NEW pass.
17.1. Executing ABC9_OPS pass (helper functions for ABC9).
17.2. Executing BOX_DERIVE pass. (derive modules for boxes)
17.3. Executing ABC9_OPS pass (helper functions for ABC9).
17.4. Executing ABC9_OPS pass (helper functions for ABC9).
17.5. Mapping module 'ALU_33_0_33_0_33_unused_CO_X_Y[0]_HAN_CARLSON'.
17.5.1. Executing ABC9_OPS pass (helper functions for ABC9).
Warning: Feature 'write_xaiger2' is experimental.
17.5.2. Executing XAIGER2 backend.
17.5.3. Executing ABC9_EXE pass (technology mapping using ABC9).
17.5.4. Executing ABC9.
Warning: Feature 'read_xaiger2' is experimental.
17.5.5. Executing XAIGER2 frontend.
17.6. Executing PORTARCS pass. (derive propagation arcs)
17.7. Executing ABC9_OPS pass (helper functions for ABC9).
17.8. Mapping module 'ALU_32_0_29_0_32_unused_CO[30:0]_Y_HAN_CARLSON'.
17.8.1. Executing ABC9_OPS pass (helper functions for ABC9).
17.8.2. Executing XAIGER2 backend.
17.8.3. Executing ABC9_EXE pass (technology mapping using ABC9).
17.8.4. Executing ABC9.
17.8.5. Executing XAIGER2 frontend.
17.9. Executing PORTARCS pass. (derive propagation arcs)
17.10. Executing ABC9_OPS pass (helper functions for ABC9).
17.11. Mapping module 'ALU_30_0_32_0_32_unused_CO[30:0]_X_Y_HAN_CARLSON'.
17.11.1. Executing ABC9_OPS pass (helper functions for ABC9).
17.11.2. Executing XAIGER2 backend.
17.11.3. Executing ABC9_EXE pass (technology mapping using ABC9).
17.11.4. Executing ABC9.
17.11.5. Executing XAIGER2 frontend.
17.12. Executing PORTARCS pass. (derive propagation arcs)
17.13. Executing ABC9_OPS pass (helper functions for ABC9).
17.14. Mapping module 'ALU_30_0_32_0_32_unused_CO[30:0]_Y_HAN_CARLSON'.
17.14.1. Executing ABC9_OPS pass (helper functions for ABC9).
17.14.2. Executing XAIGER2 backend.
17.14.3. Executing ABC9_EXE pass (technology mapping using ABC9).
17.14.4. Executing ABC9.
17.14.5. Executing XAIGER2 frontend.
17.15. Executing PORTARCS pass. (derive propagation arcs)
17.16. Executing ABC9_OPS pass (helper functions for ABC9).
17.17. Mapping module 'ALU_32_0_32_0_32_unused_CO[30:0]_Y_HAN_CARLSON'.
17.17.1. Executing ABC9_OPS pass (helper functions for ABC9).
17.17.2. Executing XAIGER2 backend.
17.17.3. Executing ABC9_EXE pass (technology mapping using ABC9).
17.17.4. Executing ABC9.
17.17.5. Executing XAIGER2 frontend.
17.18. Executing PORTARCS pass. (derive propagation arcs)
17.19. Executing ABC9_OPS pass (helper functions for ABC9).
17.20. Mapping module 'ALU_32_0_30_0_32_unused_CO[30:0]_Y_HAN_CARLSON'.
17.20.1. Executing ABC9_OPS pass (helper functions for ABC9).
17.20.2. Executing XAIGER2 backend.
17.20.3. Executing ABC9_EXE pass (technology mapping using ABC9).
17.20.4. Executing ABC9.
17.20.5. Executing XAIGER2 frontend.
17.21. Executing PORTARCS pass. (derive propagation arcs)
17.22. Executing ABC9_OPS pass (helper functions for ABC9).
17.23. Mapping module 'ALU_34_0_34_0_34_HAN_CARLSON'.
17.23.1. Executing ABC9_OPS pass (helper functions for ABC9).
17.23.2. Executing XAIGER2 backend.
17.23.3. Executing ABC9_EXE pass (technology mapping using ABC9).
17.23.4. Executing ABC9.
17.23.5. Executing XAIGER2 frontend.
17.24. Executing PORTARCS pass. (derive propagation arcs)
17.25. Executing ABC9_OPS pass (helper functions for ABC9).
17.26. Mapping module 'ALU_33_0_33_0_33_HAN_CARLSON'.
17.26.1. Executing ABC9_OPS pass (helper functions for ABC9).
17.26.2. Executing XAIGER2 backend.
17.26.3. Executing ABC9_EXE pass (technology mapping using ABC9).
17.26.4. Executing ABC9.
17.26.5. Executing XAIGER2 frontend.
17.27. Executing PORTARCS pass. (derive propagation arcs)
17.28. Executing ABC9_OPS pass (helper functions for ABC9).
17.29. Mapping module 'm7_ppa_j2_top'.
17.29.1. Executing ABC9_OPS pass (helper functions for ABC9).
17.29.2. Executing XAIGER2 backend.
17.29.3. Executing ABC9_EXE pass (technology mapping using ABC9).
17.29.4. Executing ABC9.
Warning: ABC: execution of command ""/OpenROAD-flow-scripts/tools/install/yosys/bin/yosys-abc" -s -f /tmp/yosys-abc-2gBoPG/abc.script 2>&1" failed: return code 134.
17.29.5. Executing XAIGER2 frontend.
17.30. Mapping module 'ALU_33_0_33_0_33_BRENT_KUNG'.
17.30.1. Executing ABC9_OPS pass (helper functions for ABC9).
17.30.2. Executing XAIGER2 backend.
17.30.3. Executing ABC9_EXE pass (technology mapping using ABC9).
17.30.4. Executing ABC9.
17.30.5. Executing XAIGER2 frontend.
17.31. Executing PORTARCS pass. (derive propagation arcs)
17.32. Executing ABC9_OPS pass (helper functions for ABC9).
17.33. Mapping module 'ALU_33_0_33_0_33_SKLANSKY'.
17.33.1. Executing ABC9_OPS pass (helper functions for ABC9).
17.33.2. Executing XAIGER2 backend.
17.33.3. Executing ABC9_EXE pass (technology mapping using ABC9).
17.33.4. Executing ABC9.
17.33.5. Executing XAIGER2 frontend.
17.34. Executing PORTARCS pass. (derive propagation arcs)
17.35. Executing ABC9_OPS pass (helper functions for ABC9).
17.36. Mapping module 'ALU_33_0_33_0_33_KOGGE_STONE'.
17.36.1. Executing ABC9_OPS pass (helper functions for ABC9).
17.36.2. Executing XAIGER2 backend.
17.36.3. Executing ABC9_EXE pass (technology mapping using ABC9).
17.36.4. Executing ABC9.
17.36.5. Executing XAIGER2 frontend.
17.37. Executing PORTARCS pass. (derive propagation arcs)
17.38. Executing ABC9_OPS pass (helper functions for ABC9).
17.39. Mapping module 'ALU_34_0_34_0_34_BRENT_KUNG'.
17.39.1. Executing ABC9_OPS pass (helper functions for ABC9).
17.39.2. Executing XAIGER2 backend.
17.39.3. Executing ABC9_EXE pass (technology mapping using ABC9).
17.39.4. Executing ABC9.
17.39.5. Executing XAIGER2 frontend.
17.40. Executing PORTARCS pass. (derive propagation arcs)
17.41. Executing ABC9_OPS pass (helper functions for ABC9).
17.42. Mapping module 'ALU_34_0_34_0_34_SKLANSKY'.
17.42.1. Executing ABC9_OPS pass (helper functions for ABC9).
17.42.2. Executing XAIGER2 backend.
17.42.3. Executing ABC9_EXE pass (technology mapping using ABC9).
17.42.4. Executing ABC9.
17.42.5. Executing XAIGER2 frontend.
17.43. Executing PORTARCS pass. (derive propagation arcs)
17.44. Executing ABC9_OPS pass (helper functions for ABC9).
17.45. Mapping module 'ALU_34_0_34_0_34_KOGGE_STONE'.
17.45.1. Executing ABC9_OPS pass (helper functions for ABC9).
17.45.2. Executing XAIGER2 backend.
17.45.3. Executing ABC9_EXE pass (technology mapping using ABC9).
17.45.4. Executing ABC9.
17.45.5. Executing XAIGER2 frontend.
17.46. Executing PORTARCS pass. (derive propagation arcs)
17.47. Executing ABC9_OPS pass (helper functions for ABC9).
17.48. Mapping module 'ALU_32_0_30_0_32_unused_CO[30:0]_Y_BRENT_KUNG'.
17.48.1. Executing ABC9_OPS pass (helper functions for ABC9).
17.48.2. Executing XAIGER2 backend.
17.48.3. Executing ABC9_EXE pass (technology mapping using ABC9).
17.48.4. Executing ABC9.
17.48.5. Executing XAIGER2 frontend.
17.49. Executing PORTARCS pass. (derive propagation arcs)
17.50. Executing ABC9_OPS pass (helper functions for ABC9).
17.51. Mapping module 'ALU_32_0_30_0_32_unused_CO[30:0]_Y_SKLANSKY'.
17.51.1. Executing ABC9_OPS pass (helper functions for ABC9).
17.51.2. Executing XAIGER2 backend.
17.51.3. Executing ABC9_EXE pass (technology mapping using ABC9).
17.51.4. Executing ABC9.
17.51.5. Executing XAIGER2 frontend.
17.52. Executing PORTARCS pass. (derive propagation arcs)
17.53. Executing ABC9_OPS pass (helper functions for ABC9).
17.54. Mapping module 'ALU_32_0_30_0_32_unused_CO[30:0]_Y_KOGGE_STONE'.
17.54.1. Executing ABC9_OPS pass (helper functions for ABC9).
17.54.2. Executing XAIGER2 backend.
17.54.3. Executing ABC9_EXE pass (technology mapping using ABC9).
17.54.4. Executing ABC9.
17.54.5. Executing XAIGER2 frontend.
17.55. Executing PORTARCS pass. (derive propagation arcs)
17.56. Executing ABC9_OPS pass (helper functions for ABC9).
17.57. Mapping module 'ALU_32_0_32_0_32_unused_CO[30:0]_Y_BRENT_KUNG'.
17.57.1. Executing ABC9_OPS pass (helper functions for ABC9).
17.57.2. Executing XAIGER2 backend.
17.57.3. Executing ABC9_EXE pass (technology mapping using ABC9).
17.57.4. Executing ABC9.
17.57.5. Executing XAIGER2 frontend.
17.58. Executing PORTARCS pass. (derive propagation arcs)
17.59. Executing ABC9_OPS pass (helper functions for ABC9).
17.60. Mapping module 'ALU_32_0_32_0_32_unused_CO[30:0]_Y_SKLANSKY'.
17.60.1. Executing ABC9_OPS pass (helper functions for ABC9).
17.60.2. Executing XAIGER2 backend.
17.60.3. Executing ABC9_EXE pass (technology mapping using ABC9).
17.60.4. Executing ABC9.
17.60.5. Executing XAIGER2 frontend.
17.61. Executing PORTARCS pass. (derive propagation arcs)
17.62. Executing ABC9_OPS pass (helper functions for ABC9).
17.63. Mapping module 'ALU_32_0_32_0_32_unused_CO[30:0]_Y_KOGGE_STONE'.
17.63.1. Executing ABC9_OPS pass (helper functions for ABC9).
17.63.2. Executing XAIGER2 backend.
17.63.3. Executing ABC9_EXE pass (technology mapping using ABC9).
17.63.4. Executing ABC9.
17.63.5. Executing XAIGER2 frontend.
17.64. Executing PORTARCS pass. (derive propagation arcs)
17.65. Executing ABC9_OPS pass (helper functions for ABC9).
17.66. Mapping module 'ALU_30_0_32_0_32_unused_CO[30:0]_Y_BRENT_KUNG'.
17.66.1. Executing ABC9_OPS pass (helper functions for ABC9).
17.66.2. Executing XAIGER2 backend.
17.66.3. Executing ABC9_EXE pass (technology mapping using ABC9).
17.66.4. Executing ABC9.
17.66.5. Executing XAIGER2 frontend.
17.67. Executing PORTARCS pass. (derive propagation arcs)
17.68. Executing ABC9_OPS pass (helper functions for ABC9).
17.69. Mapping module 'ALU_30_0_32_0_32_unused_CO[30:0]_Y_SKLANSKY'.
17.69.1. Executing ABC9_OPS pass (helper functions for ABC9).
17.69.2. Executing XAIGER2 backend.
17.69.3. Executing ABC9_EXE pass (technology mapping using ABC9).
17.69.4. Executing ABC9.
17.69.5. Executing XAIGER2 frontend.
17.70. Executing PORTARCS pass. (derive propagation arcs)
17.71. Executing ABC9_OPS pass (helper functions for ABC9).
17.72. Mapping module 'ALU_30_0_32_0_32_unused_CO[30:0]_Y_KOGGE_STONE'.
17.72.1. Executing ABC9_OPS pass (helper functions for ABC9).
17.72.2. Executing XAIGER2 backend.
17.72.3. Executing ABC9_EXE pass (technology mapping using ABC9).
17.72.4. Executing ABC9.
17.72.5. Executing XAIGER2 frontend.
17.73. Executing PORTARCS pass. (derive propagation arcs)
17.74. Executing ABC9_OPS pass (helper functions for ABC9).
17.75. Mapping module 'ALU_30_0_32_0_32_unused_CO[30:0]_X_Y_BRENT_KUNG'.
17.75.1. Executing ABC9_OPS pass (helper functions for ABC9).
17.75.2. Executing XAIGER2 backend.
17.75.3. Executing ABC9_EXE pass (technology mapping using ABC9).
17.75.4. Executing ABC9.
17.75.5. Executing XAIGER2 frontend.
17.76. Executing PORTARCS pass. (derive propagation arcs)
17.77. Executing ABC9_OPS pass (helper functions for ABC9).
17.78. Mapping module 'ALU_30_0_32_0_32_unused_CO[30:0]_X_Y_SKLANSKY'.
17.78.1. Executing ABC9_OPS pass (helper functions for ABC9).
17.78.2. Executing XAIGER2 backend.
17.78.3. Executing ABC9_EXE pass (technology mapping using ABC9).
17.78.4. Executing ABC9.
17.78.5. Executing XAIGER2 frontend.
17.79. Executing PORTARCS pass. (derive propagation arcs)
17.80. Executing ABC9_OPS pass (helper functions for ABC9).
17.81. Mapping module 'ALU_30_0_32_0_32_unused_CO[30:0]_X_Y_KOGGE_STONE'.
17.81.1. Executing ABC9_OPS pass (helper functions for ABC9).
17.81.2. Executing XAIGER2 backend.
17.81.3. Executing ABC9_EXE pass (technology mapping using ABC9).
17.81.4. Executing ABC9.
17.81.5. Executing XAIGER2 frontend.
17.82. Executing PORTARCS pass. (derive propagation arcs)
17.83. Executing ABC9_OPS pass (helper functions for ABC9).
17.84. Mapping module 'ALU_32_0_29_0_32_unused_CO[30:0]_Y_BRENT_KUNG'.
17.84.1. Executing ABC9_OPS pass (helper functions for ABC9).
17.84.2. Executing XAIGER2 backend.
17.84.3. Executing ABC9_EXE pass (technology mapping using ABC9).
17.84.4. Executing ABC9.
17.84.5. Executing XAIGER2 frontend.
17.85. Executing PORTARCS pass. (derive propagation arcs)
17.86. Executing ABC9_OPS pass (helper functions for ABC9).
17.87. Mapping module 'ALU_32_0_29_0_32_unused_CO[30:0]_Y_SKLANSKY'.
17.87.1. Executing ABC9_OPS pass (helper functions for ABC9).
17.87.2. Executing XAIGER2 backend.
17.87.3. Executing ABC9_EXE pass (technology mapping using ABC9).
17.87.4. Executing ABC9.
17.87.5. Executing XAIGER2 frontend.
17.88. Executing PORTARCS pass. (derive propagation arcs)
17.89. Executing ABC9_OPS pass (helper functions for ABC9).
17.90. Mapping module 'ALU_32_0_29_0_32_unused_CO[30:0]_Y_KOGGE_STONE'.
17.90.1. Executing ABC9_OPS pass (helper functions for ABC9).
17.90.2. Executing XAIGER2 backend.
17.90.3. Executing ABC9_EXE pass (technology mapping using ABC9).
17.90.4. Executing ABC9.
17.90.5. Executing XAIGER2 frontend.
17.91. Executing PORTARCS pass. (derive propagation arcs)
17.92. Executing ABC9_OPS pass (helper functions for ABC9).
17.93. Mapping module 'ALU_33_0_33_0_33_unused_CO_X_Y[0]_BRENT_KUNG'.
17.93.1. Executing ABC9_OPS pass (helper functions for ABC9).
17.93.2. Executing XAIGER2 backend.
17.93.3. Executing ABC9_EXE pass (technology mapping using ABC9).
17.93.4. Executing ABC9.
17.93.5. Executing XAIGER2 frontend.
17.94. Executing PORTARCS pass. (derive propagation arcs)
17.95. Executing ABC9_OPS pass (helper functions for ABC9).
17.96. Mapping module 'ALU_33_0_33_0_33_unused_CO_X_Y[0]_SKLANSKY'.
17.96.1. Executing ABC9_OPS pass (helper functions for ABC9).
17.96.2. Executing XAIGER2 backend.
17.96.3. Executing ABC9_EXE pass (technology mapping using ABC9).
17.96.4. Executing ABC9.
17.96.5. Executing XAIGER2 frontend.
17.97. Executing PORTARCS pass. (derive propagation arcs)
17.98. Executing ABC9_OPS pass (helper functions for ABC9).
17.99. Mapping module 'ALU_33_0_33_0_33_unused_CO_X_Y[0]_KOGGE_STONE'.
17.99.1. Executing ABC9_OPS pass (helper functions for ABC9).
17.99.2. Executing XAIGER2 backend.
17.99.3. Executing ABC9_EXE pass (technology mapping using ABC9).
17.99.4. Executing ABC9.
17.99.5. Executing XAIGER2 frontend.
17.100. Executing PORTARCS pass. (derive propagation arcs)
17.101. Executing ABC9_OPS pass (helper functions for ABC9).
17.102. Executing ABC9_OPS pass (helper functions for ABC9).
Took 55 seconds: abc_new -liberty /OpenROAD-flow-scripts/flow/platforms/sky130hd/lib/sky130_fd_sc_hd__tt_025C_1v80.lib -dont_use sky130_fd_sc_hd__probe_p_8 -dont_use sky130_fd_sc_hd__probec_p_8 -dont_use sky130_fd_sc_hd__lpflow_bleeder_1 -dont_use sky130_fd_sc_hd__lpflow_clkbufkapwr_1 -dont_use sky130_fd_sc_hd__lpflow_clkbufkapwr_16 -dont_use sky130_fd_sc_hd__lpflow_clkbufkapwr_2 -dont_use sky130_fd_sc_hd__lpflow_clkbufkapwr_4 -dont_use sky130_fd_sc_hd__lpflow_clkbufkapwr_8 -dont_use sky130_fd_sc_hd__lpflow_clkinvkapwr_1 -dont_use sky130_fd_sc_hd__lpflow_clkinvkapwr_16 -dont_use sky130_fd_sc_hd__lpflow_clkinvkapwr_2 -dont_use sky130_fd_sc_hd__lpflow_clkinvkapwr_4 -dont_use sky130_fd_sc_hd__lpflow_clkinvkapwr_8 -dont_use sky130_fd_sc_hd__lpflow_decapkapwr_12 -dont_use sky130_fd_sc_hd__lpflow_decapkapwr_3 -dont_use sky130_fd_sc_hd__lpflow_decapkapwr_4 -dont_use sky130_fd_sc_hd__lpflow_decapkapwr_6 -dont_use sky130_fd_sc_hd__lpflow_decapkapwr_8 -dont_use sky130_fd_sc_hd__lpflow_inputiso0n_1 -dont_use sky130_fd_sc_hd__lpflow_inputiso0p_1 -dont_use sky130_fd_sc_hd__lpflow_inputiso1n_1 -dont_use sky130_fd_sc_hd__lpflow_inputiso1p_1 -dont_use sky130_fd_sc_hd__lpflow_inputisolatch_1 -dont_use sky130_fd_sc_hd__lpflow_isobufsrc_1 -dont_use sky130_fd_sc_hd__lpflow_isobufsrc_16 -dont_use sky130_fd_sc_hd__lpflow_isobufsrc_2 -dont_use sky130_fd_sc_hd__lpflow_isobufsrc_4 -dont_use sky130_fd_sc_hd__lpflow_isobufsrc_8 -dont_use sky130_fd_sc_hd__lpflow_isobufsrckapwr_16 -dont_use sky130_fd_sc_hd__lpflow_lsbuf_lh_hl_isowell_tap_1 -dont_use sky130_fd_sc_hd__lpflow_lsbuf_lh_hl_isowell_tap_2 -dont_use sky130_fd_sc_hd__lpflow_lsbuf_lh_hl_isowell_tap_4 -dont_use sky130_fd_sc_hd__lpflow_lsbuf_lh_isowell_4 -dont_use sky130_fd_sc_hd__lpflow_lsbuf_lh_isowell_tap_1 -dont_use sky130_fd_sc_hd__lpflow_lsbuf_lh_isowell_tap_2 -dont_use sky130_fd_sc_hd__lpflow_lsbuf_lh_isowell_tap_4 -constr /work/objects/sky130hd/m7_j2/p13p0/abc.constr -D 13.0
18. Executing SPLITNETS pass (splitting up multi-bit signals).
19. Executing OPT_CLEAN pass (remove unused cells and wires).
20. Executing HILOMAP pass (mapping to constant drivers).
21. Executing INSBUF pass (insert buffer cells for connected wires).
22. Executing CHECK pass (checking for obvious problems).
23. Printing statistics.
24. Executing CHECK pass (checking for obvious problems).
25. Executing Verilog backend.
25.1. Executing BMUXMAP pass.
25.2. Executing DEMUXMAP pass.
Warnings: 26 unique messages, 26 total
Warnings: 3 experimental features used (not excluded with -x).
End of script. Logfile hash: 22570f569e, time: 65.76s, user: 23.57s, system: 0.94s, MEM: 276.57 MB peak
Yosys 0.68+post (git sha1 UNKNOWN, Release, GNU /usr/local/bin/wrapped-cc/g++ 11.4.0)
Time spent: 64% 33x abc9_exe (43 sec), 11% 1x abc_new (7 sec), ...
Elapsed time: 1:05.90[h:]min:sec. CPU time: user 66.69 sys 1.34 (103%). Peak memory: 284276KB.
Log                       Ext     Elapsed/s Peak Memory/MB sha1sum result [0:20)
1_2_yosys                 .v             65            277 4186e118c1ac1eebe227
cp /repo/m7/ppa/orfs/sky130hd/constraint.sdc /work/results/sky130hd/m7_j2/p13p0/1_2_yosys.sdc
touch -r /repo/m7/ppa/orfs/sky130hd/constraint.sdc /work/results/sky130hd/m7_j2/p13p0/1_2_yosys.sdc
OpenROAD 26Q3-1080-gab6fd26351 
Features included (+) or not (-): +GPU +GUI +Python
This program is licensed under the BSD-3 license. See the LICENSE file for details.
Components of this program may be licensed under more restrictive licenses which must be honored.
[INFO ORD-0030] Using 32 thread(s).
mkdir -p /work/objects/sky130hd/m7_j2/p13p0
/OpenROAD-flow-scripts/flow/scripts/flow.sh 1_synth synth_odb
Running synth_odb.tcl, stage 1_synth
read_liberty /OpenROAD-flow-scripts/flow/platforms/sky130hd/lib/sky130_fd_sc_hd__tt_025C_1v80.lib
[INFO ODB-0227] LEF file: /OpenROAD-flow-scripts/flow/platforms/sky130hd/lef/sky130_fd_sc_hd.tlef, created 13 layers, 25 vias
[INFO ODB-0227] LEF file: /OpenROAD-flow-scripts/flow/platforms/sky130hd/lef/sky130_fd_sc_hd_merged.lef, created 441 library cells
link_design -hier m7_ppa_j2_top
[WARNING ORD-0011] Hierarchical flow (-hier) is currently in development and may cause multiple issues. Do not use in production environments.
read_sdc /work/results/sky130hd/m7_j2/p13p0/1_2_yosys.sdc
source /OpenROAD-flow-scripts/flow/platforms/sky130hd/setRC.tcl
eliminate_dead_logic
Removed 39 unused instances and 39 unused nets.
Design area 242302 um^2 100% utilization.
write_db /work/results/sky130hd/m7_j2/p13p0/1_synth.odb
write_sdc -no_timestamp /work/results/sky130hd/m7_j2/p13p0/1_synth.sdc
Elapsed time: 0:01.55[h:]min:sec. CPU time: user 1.41 sys 0.08 (96%). Peak memory: 217460KB.
Log                       Ext     Elapsed/s Peak Memory/MB sha1sum result [0:20)
1_synth                   .odb            1            212 bca5473cccb633fab1d2
1_synth                   .sdc                             1596c2ac47f4686f1ce2
/OpenROAD-flow-scripts/flow/scripts/flow.sh 2_1_floorplan floorplan
Running floorplan.tcl, stage 2_1_floorplan
read_liberty /OpenROAD-flow-scripts/flow/platforms/sky130hd/lib/sky130_fd_sc_hd__tt_025C_1v80.lib
read_db -hier /work/results/sky130hd/m7_j2/p13p0/1_synth.odb
[WARNING ORD-0012] Hierarchical flow (-hier) is currently in development and may cause multiple issues. Do not use in production environments.
read_sdc /work/results/sky130hd/m7_j2/p13p0/1_synth.sdc
source /OpenROAD-flow-scripts/flow/platforms/sky130hd/setRC.tcl
Master sky130_ef_sc_hd__decap_12 is loaded but not used in the design

==========================================================================
Floorplan check_setup
--------------------------------------------------------------------------
number instances in verilog is 28620
[INFO IFP-0107] Defining die area using utilization: 50.00% and aspect ratio: 1.
[WARNING IFP-0028] Core area lower left (1.000, 1.000) snapped to (1.380, 2.720).
[INFO IFP-0001] Added 255 rows of 1512 site unithd.
[INFO IFP-0100] Die BBox:  (  0.000  0.000 ) ( 698.135 698.135 ) um
[INFO IFP-0101] Core BBox: (  1.380  2.720 ) ( 696.900 696.320 ) um
[INFO IFP-0102] Core area:                       482412.672 um^2
[INFO IFP-0103] Total instances area:            242302.387 um^2
[INFO IFP-0104] Effective utilization:                0.502
[INFO IFP-0105] Number of instances:                  28555
source /OpenROAD-flow-scripts/flow/platforms/sky130hd/make_tracks.tcl
source /repo/m7/ppa/orfs/sky130hd/fastroute.tcl
Repair tie lo fanout...
[INFO RSZ-0042] Inserted 272 tie sky130_fd_sc_hd__conb_1 instances.
Repair tie hi fanout...
[INFO RSZ-0042] Inserted 234 tie sky130_fd_sc_hd__conb_1 instances.
replace_arith_modules -path_count 1000 -target setup -slack_threshold 0.0
[INFO RSZ-0151] Starting arithmetic module replacement to optimize 'setup' target
[INFO RSZ-0152] Analyzing 1000 critical paths with slack < 0.00
[INFO RSZ-0153] Identified 2577 violating endpoints
[INFO RSZ-0154] Identified 3 critical arithmetic instances
[INFO ODB-0496] swapMaster sanity check passed (0 failures)
[INFO ODB-0496] swapMaster sanity check passed (0 failures)
[INFO ODB-0496] swapMaster sanity check passed (0 failures)
[INFO RSZ-0160] 3 arithmetic instances have swapped to improve 'setup' target
[INFO RSZ-0026] Removed 4 buffers.
Default units for flow
 time 1ns
 capacitance 1pF
 resistance 1kohm
 voltage 1v
 current 1mA
 power 1nW
 distance 1um
   Layer   | Unit Resistance | Unit Capacitance 
           |       (kohm/um) |          (pF/um)
------------------------------------------------
       li1 |        7.18e-02 |         1.50e-04
      met1 |        1.21e-03 |         1.72e-04
      met2 |        1.22e-03 |         1.36e-04
      met3 |        1.66e-04 |         2.15e-04
      met4 |        1.68e-04 |         1.48e-04
      met5 |        1.84e-05 |         1.54e-04
------------------------------------------------

   Layer   | Via Resistance 
           |         (kohm) 
----------------------------
      mcon |       9.25e-03 
       via |       4.50e-03 
      via2 |       3.37e-03 
      via3 |       3.77e-04 
      via4 |       5.80e-06 
----------------------------
Report metrics stage 2, floorplan final...

==========================================================================
floorplan final report_design_area
--------------------------------------------------------------------------
Design area 244661 um^2 51% utilization.
write_db /work/results/sky130hd/m7_j2/p13p0/2_1_floorplan.odb
write_sdc -no_timestamp /work/results/sky130hd/m7_j2/p13p0/2_1_floorplan.sdc
Elapsed time: 0:10.89[h:]min:sec. CPU time: user 10.44 sys 0.24 (98%). Peak memory: 271964KB.
Log                       Ext     Elapsed/s Peak Memory/MB sha1sum result [0:20)
2_1_floorplan             .odb           10            265 25b9fd6b8c42d13c40e8
2_1_floorplan             .sdc                             1596c2ac47f4686f1ce2
/OpenROAD-flow-scripts/flow/scripts/flow.sh 2_2_floorplan_macro macro_place
Running macro_place.tcl, stage 2_2_floorplan_macro
read_liberty /OpenROAD-flow-scripts/flow/platforms/sky130hd/lib/sky130_fd_sc_hd__tt_025C_1v80.lib
read_db -hier /work/results/sky130hd/m7_j2/p13p0/2_1_floorplan.odb
[WARNING ORD-0012] Hierarchical flow (-hier) is currently in development and may cause multiple issues. Do not use in production environments.
read_sdc /work/results/sky130hd/m7_j2/p13p0/2_1_floorplan.sdc
source /OpenROAD-flow-scripts/flow/platforms/sky130hd/setRC.tcl
No macros found: Skipping macro_placement
Design area 244661 um^2 51% utilization.
write_db /work/results/sky130hd/m7_j2/p13p0/2_2_floorplan_macro.odb
Elapsed time: 0:00.70[h:]min:sec. CPU time: user 0.48 sys 0.08 (80%). Peak memory: 196748KB.
Log                       Ext     Elapsed/s Peak Memory/MB sha1sum result [0:20)
2_2_floorplan_macro       .odb            0            192 25b9fd6b8c42d13c40e8
/OpenROAD-flow-scripts/flow/scripts/flow.sh 2_3_floorplan_tapcell tapcell
Running tapcell.tcl, stage 2_3_floorplan_tapcell
read_liberty /OpenROAD-flow-scripts/flow/platforms/sky130hd/lib/sky130_fd_sc_hd__tt_025C_1v80.lib
read_db -hier /work/results/sky130hd/m7_j2/p13p0/2_2_floorplan_macro.odb
[WARNING ORD-0012] Hierarchical flow (-hier) is currently in development and may cause multiple issues. Do not use in production environments.
read_sdc /work/results/sky130hd/m7_j2/p13p0/2_1_floorplan.sdc
source /OpenROAD-flow-scripts/flow/platforms/sky130hd/setRC.tcl
[INFO TAP-0005] Inserted 6425 tapcells.
Design area 252700 um^2 52% utilization.
write_db /work/results/sky130hd/m7_j2/p13p0/2_3_floorplan_tapcell.odb
Elapsed time: 0:00.48[h:]min:sec. CPU time: user 0.39 sys 0.07 (96%). Peak memory: 183640KB.
Log                       Ext     Elapsed/s Peak Memory/MB sha1sum result [0:20)
2_3_floorplan_tapcell     .odb            0            179 7977e7957170b124bfd3
/OpenROAD-flow-scripts/flow/scripts/flow.sh 2_4_floorplan_pdn pdn
Running pdn.tcl, stage 2_4_floorplan_pdn
read_liberty /OpenROAD-flow-scripts/flow/platforms/sky130hd/lib/sky130_fd_sc_hd__tt_025C_1v80.lib
read_db -hier /work/results/sky130hd/m7_j2/p13p0/2_3_floorplan_tapcell.odb
[WARNING ORD-0012] Hierarchical flow (-hier) is currently in development and may cause multiple issues. Do not use in production environments.
read_sdc /work/results/sky130hd/m7_j2/p13p0/2_1_floorplan.sdc
source /OpenROAD-flow-scripts/flow/platforms/sky130hd/setRC.tcl
[WARNING PDN-1051] No instances found for grid (CORE_macro_grid_1).
[WARNING PDN-1051] No instances found for grid (CORE_macro_grid_2).
[INFO PDN-0001] Inserting grid: grid
[INFO PDN-0500] Runtime: 0.17s
Design area 252700 um^2 52% utilization.
write_db /work/results/sky130hd/m7_j2/p13p0/2_4_floorplan_pdn.odb
Elapsed time: 0:00.98[h:]min:sec. CPU time: user 0.88 sys 0.08 (96%). Peak memory: 224520KB.
Log                       Ext     Elapsed/s Peak Memory/MB sha1sum result [0:20)
2_4_floorplan_pdn         .odb            0            219 7a93d90fa89b25b5df6f
cp /work/results/sky130hd/m7_j2/p13p0/2_4_floorplan_pdn.odb /work/results/sky130hd/m7_j2/p13p0/2_floorplan.odb
cp /work/results/sky130hd/m7_j2/p13p0/2_1_floorplan.sdc /work/results/sky130hd/m7_j2/p13p0/2_floorplan.sdc
/OpenROAD-flow-scripts/flow/scripts/flow.sh 3_1_place_gp_skip_io global_place_skip_io
Running global_place_skip_io.tcl, stage 3_1_place_gp_skip_io
read_liberty /OpenROAD-flow-scripts/flow/platforms/sky130hd/lib/sky130_fd_sc_hd__tt_025C_1v80.lib
read_db -hier /work/results/sky130hd/m7_j2/p13p0/2_floorplan.odb
[WARNING ORD-0012] Hierarchical flow (-hier) is currently in development and may cause multiple issues. Do not use in production environments.
read_sdc /work/results/sky130hd/m7_j2/p13p0/2_floorplan.sdc
source /OpenROAD-flow-scripts/flow/platforms/sky130hd/setRC.tcl
[INFO GPL-0022] Initialize gpl and calculate uniform density.
Placement density is 0.687499994635582, computed from PLACE_DENSITY_LB_ADDON  0.25 and lower bound 0.5699999928474426
global_placement -skip_io -density 0.687499994635582 -pad_left 0 -pad_right 0
[INFO GPL-0001] ---- Initialize GPL Main Data Structures
[INFO GPL-0002] DBU: 1000
[INFO GPL-0003] SiteSize: (  0.460  2.720 ) um
[INFO GPL-0004] CoreBBox: (  1.380  2.720 ) ( 696.900 696.320 ) um
[INFO GPL-0016] Core area:                  482412.672 um^2
[INFO GPL-0036] Movable instances area:     244660.899 um^2
[INFO GPL-0037] Total instances area:       252699.859 um^2
[INFO GPL-0035] Pin density area adjust:     25502.730 um^2
[INFO GPL-0032] ---- Initialize Region: Top-level
[INFO GPL-0006] Number of instances:             35656
[INFO GPL-0007] Movable instances:               29231
[INFO GPL-0008] Fixed instances:                  6425
[INFO GPL-0009] Dummy instances:                     0
[INFO GPL-0010] Number of nets:                  29426
[INFO GPL-0011] Number of pins:                 108660
[INFO GPL-0012] Die BBox:       (  0.000  0.000 ) ( 698.135 698.135 ) um
[INFO GPL-0013] Placement BBox: (  1.380  2.720 ) ( 696.900 696.320 ) um
[INFO GPL-0014] Region name: top-level.
[INFO GPL-0015] Region area:                482412.672 um^2
[INFO GPL-0017] Fixed instances area:         8038.960 um^2
[INFO GPL-0018] Movable instances area:     270163.630 um^2
[INFO GPL-0019] Utilization:                    56.952 %
[INFO GPL-0020] Standard cells area:        270163.630 um^2
[INFO GPL-0021] Large instances area:            0.000 um^2
[INFO GPL-0005] ---- Execute Conjugate Gradient Initial Placement.
[INFO GPL-0051] Source of initial instance position counters:
	Odb location = 0	Core center = 29231	Region center = 0
[INFO GPL-0033] ---- Initialize Nesterov Region: Top-level
[INFO GPL-0023] Placement target density:       0.6875
[INFO GPL-0024] Movable insts average area:      9.242 um^2
[INFO GPL-0025] Ideal bin area:                 13.443 um^2
[INFO GPL-0026] Ideal bin count:                 35884
[INFO GPL-0027] Total bin area:             482412.672 um^2
[INFO GPL-0028] Bin count (X, Y):         128 ,    128
[INFO GPL-0029] Bin size (W * H):       5.434 *  5.419 um
[INFO GPL-0030] Number of bins:                  16384
[INFO GPL-0084] ---- Execute Nesterov Global Placement.
[INFO GPL-0031] HPWL: Half-Perimeter Wirelength
Iteration | Overflow |     HPWL (um) |  HPWL(%) |   Penalty | Group
---------------------------------------------------------------
        0 |   0.9993 |  5.446412e+04 |   +0.00% |  8.67e-16 |      
       10 |   0.9991 |  4.192461e+04 |  -23.02% |  1.41e-15 |      
       20 |   0.9991 |  4.135494e+04 |   -1.36% |  2.30e-15 |      
       30 |   0.9990 |  4.118072e+04 |   -0.42% |  3.75e-15 |      
       40 |   0.9990 |  4.110271e+04 |   -0.19% |  6.10e-15 |      
       50 |   0.9989 |  4.105065e+04 |   -0.13% |  9.94e-15 |      
       60 |   0.9989 |  4.102415e+04 |   -0.06% |  1.62e-14 |      
       70 |   0.9989 |  4.105801e+04 |   +0.08% |  2.64e-14 |      
       80 |   0.9988 |  4.120862e+04 |   +0.37% |  4.30e-14 |      
       90 |   0.9987 |  4.173277e+04 |   +1.27% |  7.00e-14 |      
      100 |   0.9980 |  4.314796e+04 |   +3.39% |  1.14e-13 |      
      110 |   0.9976 |  4.630756e+04 |   +7.32% |  1.86e-13 |      
      120 |   0.9964 |  5.247370e+04 |  +13.32% |  3.02e-13 |      
      130 |   0.9939 |  6.354154e+04 |  +21.09% |  4.91e-13 |      
      140 |   0.9896 |  7.961873e+04 |  +25.30% |  7.99e-13 |      
      150 |   0.9845 |  9.996350e+04 |  +25.55% |  1.30e-12 |      
      160 |   0.9781 |  1.242178e+05 |  +24.26% |  2.11e-12 |      
      170 |   0.9704 |  1.504878e+05 |  +21.15% |  3.43e-12 |      
      180 |   0.9604 |  1.789170e+05 |  +18.89% |  5.57e-12 |      
      190 |   0.9478 |  2.131771e+05 |  +19.15% |  9.03e-12 |      
      200 |   0.9326 |  2.548205e+05 |  +19.53% |  1.46e-11 |      
      210 |   0.9112 |  3.007617e+05 |  +18.03% |  2.37e-11 |      
      220 |   0.8828 |  3.471100e+05 |  +15.41% |  3.85e-11 |      
      230 |   0.8487 |  3.912246e+05 |  +12.71% |  6.24e-11 |      
      240 |   0.8201 |  4.337153e+05 |  +10.86% |  1.01e-10 |      
      250 |   0.7751 |  4.718603e+05 |   +8.79% |  1.64e-10 |      
      260 |   0.7380 |  5.010037e+05 |   +6.18% |  2.66e-10 |      
      270 |   0.6937 |  5.292746e+05 |   +5.64% |  4.32e-10 |      
      280 |   0.6517 |  5.631209e+05 |   +6.39% |  7.02e-10 |      
      290 |   0.6043 |  6.015155e+05 |   +6.82% |  1.14e-09 |      
      300 |   0.5709 |  6.076275e+05 |   +1.02% |  1.85e-09 |      
      310 |   0.5171 |  6.235787e+05 |   +2.63% |  3.01e-09 |      
      320 |   0.4712 |  6.268279e+05 |   +0.52% |  4.90e-09 |      
      330 |   0.4278 |  6.326275e+05 |   +0.93% |  7.98e-09 |      
      340 |   0.3850 |  6.298870e+05 |   -0.43% |  1.30e-08 |      
      350 |   0.3422 |  6.313698e+05 |   +0.24% |  2.10e-08 |      
      360 |   0.3100 |  6.303937e+05 |   -0.15% |  3.09e-08 |      
      370 |   0.2813 |  6.294361e+05 |   -0.15% |  4.55e-08 |      
      380 |   0.2501 |  6.297219e+05 |   +0.05% |  6.70e-08 |      
      390 |   0.2222 |  6.297613e+05 |   +0.01% |  9.87e-08 |      
      400 |   0.1960 |  6.308829e+05 |   +0.18% |  1.45e-07 |      
      410 |   0.1694 |  6.318748e+05 |   +0.16% |  2.14e-07 |      
      420 |   0.1475 |  6.331175e+05 |   +0.20% |  3.16e-07 |      
      430 |   0.1257 |  6.347432e+05 |   +0.26% |  4.65e-07 |      
      440 |   0.1066 |  6.361542e+05 |   +0.22% |  6.85e-07 |      
      444 |   0.0993 |  6.368288e+05 |          |  8.31e-07 |      
---------------------------------------------------------------
[INFO GPL-1001] Global placement finished at iteration 444
[INFO GPL-1002] Placed Cell Area            270163.6297
[INFO GPL-1003] Available Free Area         474373.7120
[INFO GPL-1004] Minimum Feasible Density        0.5700 (cell_area / free_area)
[INFO GPL-1006]   Suggested Target Densities:
[INFO GPL-1007]     - For 90% usage of free space: 0.6328
[INFO GPL-1008]     - For 80% usage of free space: 0.7119
[INFO GPL-1014] Final placement area: 270163.63 (+0.00%)
Took 219 seconds: global_placement -skip_io -density 0.687499994635582 -pad_left 0 -pad_right 0
Design area 252700 um^2 52% utilization.
write_db /work/results/sky130hd/m7_j2/p13p0/3_1_place_gp_skip_io.odb
Elapsed time: 3:40.71[h:]min:sec. CPU time: user 1442.10 sys 1.98 (654%). Peak memory: 251108KB.
Log                       Ext     Elapsed/s Peak Memory/MB sha1sum result [0:20)
3_1_place_gp_skip_io      .odb          220            245 4d07dd4941c88f04ade8
/OpenROAD-flow-scripts/flow/scripts/flow.sh 3_2_place_iop io_placement
Running io_placement.tcl, stage 3_2_place_iop
read_liberty /OpenROAD-flow-scripts/flow/platforms/sky130hd/lib/sky130_fd_sc_hd__tt_025C_1v80.lib
read_db -hier /work/results/sky130hd/m7_j2/p13p0/3_1_place_gp_skip_io.odb
[WARNING ORD-0012] Hierarchical flow (-hier) is currently in development and may cause multiple issues. Do not use in production environments.
read_sdc /work/results/sky130hd/m7_j2/p13p0/2_floorplan.sdc
source /OpenROAD-flow-scripts/flow/platforms/sky130hd/setRC.tcl
place_pins -hor_layers met3 -ver_layers met2
Found 0 macro blocks.
Using 2 tracks default min distance between IO pins.
[INFO PPL-0001] Number of available slots 2532
[INFO PPL-0002] Number of I/O             276
[INFO PPL-0003] Number of I/O w/sink      239
[INFO PPL-0004] Number of I/O w/o sink    37
[INFO PPL-0005] Slots per section         200
[INFO PPL-0008] Successfully assigned pins to sections.
[INFO PPL-0012] I/O nets HPWL: 47563.20 um.
Design area 252700 um^2 52% utilization.
write_db /work/results/sky130hd/m7_j2/p13p0/3_2_place_iop.odb
Elapsed time: 0:00.62[h:]min:sec. CPU time: user 0.52 sys 0.08 (95%). Peak memory: 208076KB.
Log                       Ext     Elapsed/s Peak Memory/MB sha1sum result [0:20)
3_2_place_iop             .odb            0            203 c3d8a5e6fbcc520c4157
/OpenROAD-flow-scripts/flow/scripts/flow.sh 3_3_place_gp global_place
Running global_place.tcl, stage 3_3_place_gp
read_liberty /OpenROAD-flow-scripts/flow/platforms/sky130hd/lib/sky130_fd_sc_hd__tt_025C_1v80.lib
read_db -hier /work/results/sky130hd/m7_j2/p13p0/3_2_place_iop.odb
[WARNING ORD-0012] Hierarchical flow (-hier) is currently in development and may cause multiple issues. Do not use in production environments.
read_sdc /work/results/sky130hd/m7_j2/p13p0/2_floorplan.sdc
source /OpenROAD-flow-scripts/flow/platforms/sky130hd/setRC.tcl
[INFO RSZ-0026] Removed 0 buffers.
Perform port buffering...
[INFO RSZ-0027] Inserted 157 sky130_fd_sc_hd__clkdlybuf4s50_1 input buffers.
[INFO RSZ-0028] Inserted 77 sky130_fd_sc_hd__clkdlybuf4s50_1 output buffers.
[INFO GPL-0022] Initialize gpl and calculate uniform density.
Placement density is 0.6949999874830246, computed from PLACE_DENSITY_LB_ADDON  0.25 and lower bound 0.5799999833106995
global_placement -density 0.6949999874830246 -pad_left 0 -pad_right 0 -routability_driven -timing_driven -force_center_initial_place -min_phi_coef 0.95 -max_phi_coef 1.05
[INFO GPL-0001] ---- Initialize GPL Main Data Structures
[INFO GPL-0002] DBU: 1000
[INFO GPL-0003] SiteSize: (  0.460  2.720 ) um
[INFO GPL-0004] CoreBBox: (  1.380  2.720 ) ( 696.900 696.320 ) um
[INFO GPL-0016] Core area:                  482412.672 um^2
[INFO GPL-0036] Movable instances area:     247003.146 um^2
[INFO GPL-0037] Total instances area:       255042.106 um^2
[INFO GPL-0035] Pin density area adjust:     25613.786 um^2
[INFO GPL-0032] ---- Initialize Region: Top-level
[INFO GPL-0006] Number of instances:             35890
[INFO GPL-0007] Movable instances:               29465
[INFO GPL-0008] Fixed instances:                  6425
[INFO GPL-0009] Dummy instances:                     0
[INFO GPL-0010] Number of nets:                  29660
[INFO GPL-0011] Number of pins:                 109404
[INFO GPL-0012] Die BBox:       (  0.000  0.000 ) ( 698.135 698.135 ) um
[INFO GPL-0013] Placement BBox: (  1.380  2.720 ) ( 696.900 696.320 ) um
[INFO GPL-0014] Region name: top-level.
[INFO GPL-0015] Region area:                482412.672 um^2
[INFO GPL-0017] Fixed instances area:         8038.960 um^2
[INFO GPL-0018] Movable instances area:     272616.932 um^2
[INFO GPL-0019] Utilization:                    57.469 %
[INFO GPL-0020] Standard cells area:        272616.932 um^2
[INFO GPL-0021] Large instances area:            0.000 um^2
[INFO GPL-0005] ---- Execute Conjugate Gradient Initial Placement.
[INFO GPL-0051] Source of initial instance position counters:
	Odb location = 0	Core center = 29465	Region center = 0
[InitialPlace]  Iter: 1 conjugate gradient residual: 0.01233519 HPWL: 835400300
[InitialPlace]  Iter: 2 conjugate gradient residual: 0.00148814 HPWL: 333347481
[InitialPlace]  Iter: 3 conjugate gradient residual: 0.00066544 HPWL: 313157654
[InitialPlace]  Iter: 4 conjugate gradient residual: 0.00035588 HPWL: 301473564
[InitialPlace]  Iter: 5 conjugate gradient residual: 0.00031068 HPWL: 296346477
[InitialPlace]  Iter: 6 conjugate gradient residual: 0.00028313 HPWL: 293992713
[InitialPlace]  Iter: 7 conjugate gradient residual: 0.00027219 HPWL: 292274390
[InitialPlace]  Iter: 8 conjugate gradient residual: 0.00028209 HPWL: 291800030
[InitialPlace]  Iter: 9 conjugate gradient residual: 0.00038758 HPWL: 290648654
make[1]: *** [Makefile:495: do-3_3_place_gp] Terminated
make: *** [Makefile:495: /work/results/sky130hd/m7_j2/p13p0/3_3_place_gp.odb] Terminated
[InitialPlace]  Iter: 10 conjugate gradient residual: 0.00038859 HPWL: 290580263
[InitialPlace]  Iter: 11 conjugate gradient residual: 0.00030586 HPWL: 289526057
[InitialPlace]  Iter: 12 conjugate gradient residual: 0.00040483 HPWL: 289482321
[InitialPlace]  Iter: 13 conjugate gradient residual: 0.00028217 HPWL: 288489399
[InitialPlace]  Iter: 14 conjugate gradient residual: 0.00050628 HPWL: 288515116
[InitialPlace]  Iter: 15 conjugate gradient residual: 0.00028843 HPWL: 286841397
[InitialPlace]  Iter: 16 conjugate gradient residual: 0.00044297 HPWL: 287106324
[InitialPlace]  Iter: 17 conjugate gradient residual: 0.00037067 HPWL: 285867465
[InitialPlace]  Iter: 18 conjugate gradient residual: 0.00042909 HPWL: 286038685
[InitialPlace]  Iter: 19 conjugate gradient residual: 0.00041342 HPWL: 284959205
[InitialPlace]  Iter: 20 conjugate gradient residual: 0.00030375 HPWL: 285192001
[INFO GPL-0033] ---- Initialize Nesterov Region: Top-level
[INFO GPL-0023] Placement target density:       0.6950
[INFO GPL-0024] Movable insts average area:      9.252 um^2
[INFO GPL-0025] Ideal bin area:                 13.313 um^2
[INFO GPL-0026] Ideal bin count:                 36237
[INFO GPL-0027] Total bin area:             482412.672 um^2
[INFO GPL-0028] Bin count (X, Y):         128 ,    128
[INFO GPL-0029] Bin size (W * H):       5.434 *  5.419 um
[INFO GPL-0030] Number of bins:                  16384
[INFO GPL-0084] ---- Execute Nesterov Global Placement.
[INFO GPL-0031] HPWL: Half-Perimeter Wirelength
Iteration | Overflow |     HPWL (um) |  HPWL(%) |   Penalty | Group
---------------------------------------------------------------
        0 |   0.9823 |  1.080772e+05 |   +0.00% |  1.75e-16 |      
       10 |   0.9664 |  1.248877e+05 |  +15.55% |  2.84e-16 |      
       20 |   0.9572 |  1.384825e+05 |  +10.89% |  4.63e-16 |      
       30 |   0.9542 |  1.475272e+05 |   +6.53% |  7.53e-16 |      
       40 |   0.9529 |  1.520034e+05 |   +3.03% |  1.23e-15 |      
       50 |   0.9516 |  1.545153e+05 |   +1.65% |  2.00e-15 |      
       60 |   0.9504 |  1.560559e+05 |   +1.00% |  3.25e-15 |      
       70 |   0.9501 |  1.576347e+05 |   +1.01% |  5.29e-15 |      
       80 |   0.9497 |  1.596459e+05 |   +1.28% |  8.62e-15 |      
       90 |   0.9491 |  1.616834e+05 |   +1.28% |  1.40e-14 |      
      100 |   0.9486 |  1.630109e+05 |   +0.82% |  2.29e-14 |      
      110 |   0.9492 |  1.633304e+05 |   +0.20% |  3.72e-14 |      
      120 |   0.9487 |  1.630401e+05 |   -0.18% |  6.06e-14 |      
      130 |   0.9485 |  1.627831e+05 |   -0.16% |  9.88e-14 |      
      140 |   0.9484 |  1.631399e+05 |   +0.22% |  1.61e-13 |      
      150 |   0.9476 |  1.644803e+05 |   +0.82% |  2.62e-13 |      
      160 |   0.9471 |  1.671419e+05 |   +1.62% |  4.27e-13 |      
      170 |   0.9454 |  1.719221e+05 |   +2.86% |  6.95e-13 |      
      180 |   0.9439 |  1.797705e+05 |   +4.57% |  1.13e-12 |      
      190 |   0.9404 |  1.916806e+05 |   +6.63% |  1.84e-12 |      
      200 |   0.9353 |  2.076587e+05 |   +8.34% |  2.99e-12 |      
      210 |   0.9276 |  2.271320e+05 |   +9.38% |  4.86e-12 |      
      220 |   0.9183 |  2.507584e+05 |  +10.40% |  7.90e-12 |      
      230 |   0.9053 |  2.799850e+05 |  +11.66% |  1.28e-11 |      
      240 |   0.8872 |  3.143493e+05 |  +12.27% |  2.08e-11 |      
      250 |   0.8637 |  3.513252e+05 |  +11.76% |  3.38e-11 |      
      260 |   0.8370 |  3.896542e+05 |  +10.91% |  5.48e-11 |      
      270 |   0.8062 |  4.275563e+05 |   +9.73% |  8.89e-11 |      
      280 |   0.7727 |  4.613834e+05 |   +7.91% |  1.44e-10 |      
      290 |   0.7381 |  4.883768e+05 |   +5.85% |  2.34e-10 |      
      300 |   0.6966 |  5.180905e+05 |   +6.08% |  3.80e-10 |      
      310 |   0.6526 |  5.491992e+05 |   +6.00% |  6.17e-10 |      
[INFO GPL-0100] Timing-driven iteration 1/2, virtual: false.
[INFO GPL-0101]    Iter: 315, overflow: 0.634, keep resizer changes at: 1, HPWL: 562282311
Iteration |   Area    | Resized | Buffers | Nets repaired | Remaining
---------------------------------------------------------------------
        0 |     +0.0% |       0 |       0 |             0 |     30166
    final |     +6.8% |     305 |     794 |           360 |         0
---------------------------------------------------------------------
[INFO RSZ-0034] Found 358 slew violations.
[INFO RSZ-0036] Found 176 capacitance violations.
[INFO RSZ-0039] Resized 305 instances.
[INFO RSZ-0038] Inserted 794 buffers in 360 nets.
   Iter   |    Area   | Removed | Inserted |   Pins
          |           | Buffers | Buffers  | Remaining
-------------------------------------------------------
        0 |     +0.0% |       0 |        0 |     28311
     2800 |     +0.2% |      48 |      167 |     25511
     5600 |     +0.5% |     140 |      424 |     22711
     8400 |     +0.2% |     250 |      566 |     19911
    11200 |     -0.0% |     361 |      704 |     17111
    14000 |     -0.2% |     406 |      755 |     14311
    16800 |     -0.2% |     465 |      852 |     11511
    19600 |     -0.1% |     543 |     1028 |      8711
    22400 |     -0.1% |     566 |     1104 |      5911
    25200 |     -1.5% |     778 |     1297 |      3111
    28000 |     -1.5% |     781 |     1304 |       311
    final |     -1.5% |     795 |     1328 |         0
-------------------------------------------------------
[INFO GPL-0106] Timing-driven: worst slack -3.6949999e-09
[INFO GPL-0107] Timing-driven: repair_design delta area: 12848.512 um^2 (+4.71%)
[INFO GPL-0108] Timing-driven: repair_design, gpl delta gcells: 1327 (+4.50%)
[INFO GPL-0109] Timing-driven: repair_design, gcells created: 2122, deleted: 795
[INFO GPL-0110] Timing-driven: new target density: 0.7220852
[INFO GPL-0038] Routability snapshot saved at iter = 319
      318 |   0.5996 |  6.799531e+05 |          |           |      
Iteration | Overflow |     HPWL (um) |  HPWL(%) |   Penalty | Group
---------------------------------------------------------------
      320 |   0.5951 |  6.762452e+05 |  +23.13% |  9.91e-10 |      
      330 |   0.5610 |  6.829928e+05 |   +1.00% |  1.61e-09 |      
      340 |   0.5143 |  6.912846e+05 |   +1.21% |  2.62e-09 |      
      350 |   0.4763 |  7.044558e+05 |   +1.91% |  4.27e-09 |      
      360 |   0.4291 |  7.074339e+05 |   +0.42% |  6.95e-09 |      
      370 |   0.3900 |  7.143044e+05 |   +0.97% |  1.13e-08 |      
      380 |   0.3459 |  7.204542e+05 |   +0.86% |  1.84e-08 |      
      390 |   0.3147 |  7.199142e+05 |   -0.07% |  2.71e-08 |      
[INFO GPL-0040] Routability iteration: 1
[WARNING GRT-0281] Net _14855_ has a large fanout of 2191 terminals.
[INFO GPL-0041] Total routing overflow: 146.3065
[INFO GPL-0042] Number of overflowed tiles: 1165 (11.42%)
[INFO GPL-0043] Average top 0.5% routing congestion: 1.4201
[INFO GPL-0044] Average top 1.0% routing congestion: 1.3624
[INFO GPL-0045] Average top 2.0% routing congestion: 1.3023
[INFO GPL-0046] Average top 5.0% routing congestion: 1.2188
[INFO GPL-0047] Routability iteration weighted routing congestion: 1.3912
[INFO GPL-0048] Routing congestion (1.3912) lower than previous minimum (1e+30). Updating minimum.
[INFO GPL-0086] Inflated area:               21987.945 um^2 (+7.70%)
[INFO GPL-0052] Placement target density:       0.7221
[INFO GPL-0076] Removing fillers, count: Before: 6379, After: 3922 (-38.52%)
[INFO GPL-0077] Filler area (um^2)     : Before: 57072.795, After: 35086.055 (-38.52%)
[INFO GPL-0078] Removed fillers count: 2457, area removed: 21980.224 um^2. Remaining area to be compensated by modifying density: 7.722 um^2
[INFO GPL-0058] White space area:           474373.712 um^2 (+0.00%)
[INFO GPL-0059] Movable instances area:     342538.224 um^2 (+0.00%)
[INFO GPL-0060] Total filler area:           35086.055 um^2 (-38.52%)
[INFO GPL-0061] Total non-inflated area:    342539.444 um^2 (+0.00%)
[INFO GPL-0062] Total inflated area:        364527.390 um^2 (+0.00%)
[INFO GPL-0063] New Target Density:             0.7221
[INFO GPL-0087] Routability end iteration: increase inflation and revert back to snapshot.
Iteration | Overflow |     HPWL (um) |  HPWL(%) |   Penalty | Group
---------------------------------------------------------------
      400 |   0.5986 |  7.131696e+05 |   -0.94% |  1.10e-09 |      
      410 |   0.5435 |  7.526570e+05 |   +5.54% |  1.61e-09 |      
      420 |   0.5256 |  7.456962e+05 |   -0.92% |  2.38e-09 |      
      430 |   0.4911 |  7.498471e+05 |   +0.56% |  3.50e-09 |      
      440 |   0.4555 |  7.414709e+05 |   -1.12% |  5.15e-09 |      
      450 |   0.4194 |  7.672993e+05 |   +3.48% |  7.57e-09 |      
      460 |   0.3887 |  7.631836e+05 |   -0.54% |  1.12e-08 |      
      470 |   0.3559 |  7.603459e+05 |   -0.37% |  1.64e-08 |      
      480 |   0.3219 |  7.674224e+05 |   +0.93% |  2.42e-08 |      
[INFO GPL-0040] Routability iteration: 2
[INFO GPL-0041] Total routing overflow: 83.9407
[INFO GPL-0042] Number of overflowed tiles: 964 (9.45%)
[INFO GPL-0043] Average top 0.5% routing congestion: 1.2709
[INFO GPL-0044] Average top 1.0% routing congestion: 1.2346
[INFO GPL-0045] Average top 2.0% routing congestion: 1.1974
[INFO GPL-0046] Average top 5.0% routing congestion: 1.1387
[INFO GPL-0047] Routability iteration weighted routing congestion: 1.2528
[INFO GPL-0048] Routing congestion (1.2528) lower than previous minimum (1.391). Updating minimum.
[INFO GPL-0086] Inflated area:                9700.352 um^2 (+3.16%)
[INFO GPL-0052] Placement target density:       0.7221
[INFO GPL-0076] Removing fillers, count: Before: 3922, After: 2838 (-27.64%)
[INFO GPL-0077] Filler area (um^2)     : Before: 35086.055, After: 25388.634 (-27.64%)
[INFO GPL-0078] Removed fillers count: 1084, area removed: 9697.421 um^2. Remaining area to be compensated by modifying density: 2.931 um^2
[INFO GPL-0058] White space area:           474373.712 um^2 (+0.00%)
[INFO GPL-0059] Movable instances area:     342538.224 um^2 (+0.00%)
[INFO GPL-0060] Total filler area:           25388.634 um^2 (-27.64%)
[INFO GPL-0061] Total non-inflated area:    342542.376 um^2 (+0.00%)
[INFO GPL-0062] Total inflated area:        352242.727 um^2 (+0.00%)
[INFO GPL-0063] New Target Density:             0.7221
[INFO GPL-0087] Routability end iteration: increase inflation and revert back to snapshot.
Iteration | Overflow |     HPWL (um) |  HPWL(%) |   Penalty | Group
---------------------------------------------------------------
      490 |   0.6178 |  7.006374e+05 |   -8.70% |  1.02e-09 |      
      500 |   0.5455 |  7.958212e+05 |  +13.59% |  1.49e-09 |      
      510 |   0.5285 |  7.799695e+05 |   -1.99% |  2.19e-09 |      
      520 |   0.4962 |  7.900582e+05 |   +1.29% |  3.22e-09 |      
      530 |   0.4616 |  7.660404e+05 |   -3.04% |  4.75e-09 |      
      540 |   0.4220 |  8.039780e+05 |   +4.95% |  6.97e-09 |      
      550 |   0.3945 |  7.958039e+05 |   -1.02% |  1.03e-08 |      
      560 |   0.3604 |  7.862437e+05 |   -1.20% |  1.51e-08 |      
      570 |   0.3275 |  7.922040e+05 |   +0.76% |  2.23e-08 |      
[INFO GPL-0040] Routability iteration: 3
[INFO GPL-0041] Total routing overflow: 68.3565
[INFO GPL-0042] Number of overflowed tiles: 902 (8.84%)
[INFO GPL-0043] Average top 0.5% routing congestion: 1.2504
[INFO GPL-0044] Average top 1.0% routing congestion: 1.2093
[INFO GPL-0045] Average top 2.0% routing congestion: 1.1726
[INFO GPL-0046] Average top 5.0% routing congestion: 1.1165
[INFO GPL-0047] Routability iteration weighted routing congestion: 1.2299
[INFO GPL-0048] Routing congestion (1.2299) lower than previous minimum (1.253). Updating minimum.
[INFO GPL-0086] Inflated area:                8541.266 um^2 (+2.69%)
[INFO GPL-0052] Placement target density:       0.7221
[INFO GPL-0076] Removing fillers, count: Before: 2838, After: 1884 (-33.62%)
[INFO GPL-0077] Filler area (um^2)     : Before: 25388.634, After: 16854.189 (-33.62%)
[INFO GPL-0078] Removed fillers count: 954, area removed: 8534.446 um^2. Remaining area to be compensated by modifying density: 6.820 um^2
[INFO GPL-0058] White space area:           474373.712 um^2 (+0.00%)
[INFO GPL-0059] Movable instances area:     342538.224 um^2 (+0.00%)
[INFO GPL-0060] Total filler area:           16854.189 um^2 (-33.62%)
[INFO GPL-0061] Total non-inflated area:    342549.195 um^2 (+0.00%)
[INFO GPL-0062] Total inflated area:        351090.461 um^2 (+0.00%)
[INFO GPL-0063] New Target Density:             0.7221
[INFO GPL-0087] Routability end iteration: increase inflation and revert back to snapshot.
Iteration | Overflow |     HPWL (um) |  HPWL(%) |   Penalty | Group
---------------------------------------------------------------
      580 |   0.6427 |  6.747582e+05 |  -14.83% |  9.44e-10 |      
      590 |   0.5464 |  8.243032e+05 |  +22.16% |  1.37e-09 |      
      600 |   0.5275 |  8.175213e+05 |   -0.82% |  2.02e-09 |      
      610 |   0.4976 |  8.307262e+05 |   +1.62% |  2.97e-09 |      
      620 |   0.4673 |  7.934309e+05 |   -4.49% |  4.37e-09 |      
      630 |   0.4244 |  8.336526e+05 |   +5.07% |  6.42e-09 |      
      640 |   0.3968 |  8.199382e+05 |   -1.65% |  9.46e-09 |      
      650 |   0.3682 |  8.070708e+05 |   -1.57% |  1.39e-08 |      
      660 |   0.3345 |  8.144894e+05 |   +0.92% |  2.05e-08 |      
      670 |   0.3011 |  8.102470e+05 |   -0.52% |  3.02e-08 |      
[INFO GPL-0040] Routability iteration: 4
[INFO GPL-0041] Total routing overflow: 61.3599
[INFO GPL-0042] Number of overflowed tiles: 863 (8.46%)
[INFO GPL-0043] Average top 0.5% routing congestion: 1.2132
[INFO GPL-0044] Average top 1.0% routing congestion: 1.1859
[INFO GPL-0045] Average top 2.0% routing congestion: 1.1572
[INFO GPL-0046] Average top 5.0% routing congestion: 1.1058
[INFO GPL-0047] Routability iteration weighted routing congestion: 1.1995
[INFO GPL-0048] Routing congestion (1.1995) lower than previous minimum (1.23). Updating minimum.
[INFO GPL-0086] Inflated area:                6966.502 um^2 (+2.14%)
[INFO GPL-0052] Placement target density:       0.7221
[INFO GPL-0076] Removing fillers, count: Before: 1884, After: 1106 (-41.30%)
[INFO GPL-0077] Filler area (um^2)     : Before: 16854.189, After: 9894.232 (-41.30%)
[INFO GPL-0078] Removed fillers count: 778, area removed: 6959.957 um^2. Remaining area to be compensated by modifying density: 6.545 um^2
[INFO GPL-0058] White space area:           474373.712 um^2 (+0.00%)
[INFO GPL-0059] Movable instances area:     342538.224 um^2 (+0.00%)
[INFO GPL-0060] Total filler area:            9894.232 um^2 (-41.30%)
[INFO GPL-0061] Total non-inflated area:    342555.740 um^2 (+0.00%)
[INFO GPL-0062] Total inflated area:        349522.242 um^2 (+0.00%)
[INFO GPL-0063] New Target Density:             0.7221
[INFO GPL-0087] Routability end iteration: increase inflation and revert back to snapshot.
Iteration | Overflow |     HPWL (um) |  HPWL(%) |   Penalty | Group
---------------------------------------------------------------
      680 |   0.5528 |  8.246454e+05 |   +1.78% |  1.27e-09 |      
      690 |   0.5276 |  8.562786e+05 |   +3.84% |  1.86e-09 |      
      700 |   0.5037 |  8.495239e+05 |   -0.79% |  2.74e-09 |      
      710 |   0.4738 |  8.266486e+05 |   -2.69% |  4.03e-09 |      
      720 |   0.4319 |  8.479810e+05 |   +2.58% |  5.92e-09 |      
      730 |   0.4011 |  8.423332e+05 |   -0.67% |  8.71e-09 |      
      740 |   0.3741 |  8.319713e+05 |   -1.23% |  1.28e-08 |      
      750 |   0.3395 |  8.343161e+05 |   +0.28% |  1.89e-08 |      
      760 |   0.3085 |  8.292846e+05 |   -0.60% |  2.78e-08 |      
[INFO GPL-0040] Routability iteration: 5
[INFO GPL-0041] Total routing overflow: 55.0645
[INFO GPL-0042] Number of overflowed tiles: 824 (8.08%)
[INFO GPL-0043] Average top 0.5% routing congestion: 1.2080
[INFO GPL-0044] Average top 1.0% routing congestion: 1.1767
[INFO GPL-0045] Average top 2.0% routing congestion: 1.1436
[INFO GPL-0046] Average top 5.0% routing congestion: 1.0965
[INFO GPL-0047] Routability iteration weighted routing congestion: 1.1923
[INFO GPL-0048] Routing congestion (1.1923) lower than previous minimum (1.2). Updating minimum.
[INFO GPL-0086] Inflated area:                6483.206 um^2 (+1.95%)
[INFO GPL-0052] Placement target density:       0.7221
[INFO GPL-0076] Removing fillers, count: Before: 1106, After: 382 (-65.46%)
[INFO GPL-0077] Filler area (um^2)     : Before: 9894.232, After: 3417.357 (-65.46%)
[INFO GPL-0078] Removed fillers count: 724, area removed: 6476.875 um^2. Remaining area to be compensated by modifying density: 6.331 um^2
[INFO GPL-0058] White space area:           474373.712 um^2 (+0.00%)
[INFO GPL-0059] Movable instances area:     342538.224 um^2 (+0.00%)
[INFO GPL-0060] Total filler area:            3417.357 um^2 (-65.46%)
[INFO GPL-0061] Total non-inflated area:    342562.071 um^2 (+0.00%)
[INFO GPL-0062] Total inflated area:        349045.277 um^2 (+0.00%)
[INFO GPL-0063] New Target Density:             0.7221
[INFO GPL-0087] Routability end iteration: increase inflation and revert back to snapshot.
Iteration | Overflow |     HPWL (um) |  HPWL(%) |   Penalty | Group
---------------------------------------------------------------
      770 |   0.5661 |  8.197640e+05 |   -1.15% |  1.18e-09 |      
      780 |   0.5258 |  8.957990e+05 |   +9.28% |  1.72e-09 |      
      790 |   0.5102 |  8.537299e+05 |   -4.70% |  2.53e-09 |      
      800 |   0.4777 |  8.607655e+05 |   +0.82% |  3.72e-09 |      
      810 |   0.4411 |  8.456471e+05 |   -1.76% |  5.47e-09 |      
      820 |   0.4114 |  8.680964e+05 |   +2.65% |  8.03e-09 |      
      830 |   0.3749 |  8.595460e+05 |   -0.98% |  1.18e-08 |      
      840 |   0.3433 |  8.503956e+05 |   -1.06% |  1.74e-08 |      
      850 |   0.3144 |  8.475261e+05 |   -0.34% |  2.56e-08 |      
[INFO GPL-0040] Routability iteration: 6
[INFO GPL-0041] Total routing overflow: 47.9834
[INFO GPL-0042] Number of overflowed tiles: 775 (7.60%)
[INFO GPL-0043] Average top 0.5% routing congestion: 1.1960
[INFO GPL-0044] Average top 1.0% routing congestion: 1.1667
[INFO GPL-0045] Average top 2.0% routing congestion: 1.1340
[INFO GPL-0046] Average top 5.0% routing congestion: 1.0864
[INFO GPL-0047] Routability iteration weighted routing congestion: 1.1813
[INFO GPL-0048] Routing congestion (1.1813) lower than previous minimum (1.192). Updating minimum.
[INFO GPL-0086] Inflated area:                5747.993 um^2 (+1.69%)
[INFO GPL-0052] Placement target density:       0.7221
[INFO GPL-0076] Removing fillers, count: Before: 382, After: 0 (-100.00%)
[INFO GPL-0077] Filler area (um^2)     : Before: 3417.357, After: 0.000 (-100.00%)
[INFO GPL-0078] Removed fillers count: 382, area removed: 3417.357 um^2. Remaining area to be compensated by modifying density: 2330.637 um^2
[INFO GPL-0079] New target density: 0.7270485
[INFO GPL-0058] White space area:           474373.712 um^2 (+0.00%)
[INFO GPL-0059] Movable instances area:     344892.703 um^2 (+0.69%)
[INFO GPL-0060] Total filler area:               0.000 um^2 (-100.00%)
[INFO GPL-0061] Total non-inflated area:    344892.708 um^2 (+0.68%)
[INFO GPL-0062] Total inflated area:        350640.701 um^2 (+0.67%)
[INFO GPL-0063] New Target Density:             0.7270
[INFO GPL-0087] Routability end iteration: increase inflation and revert back to snapshot.
Iteration | Overflow |     HPWL (um) |  HPWL(%) |   Penalty | Group
---------------------------------------------------------------
      860 |   0.5889 |  7.969515e+05 |   -5.97% |  1.09e-09 |      
      870 |   0.5236 |  9.222154e+05 |  +15.72% |  1.59e-09 |      
      880 |   0.5187 |  8.638010e+05 |   -6.33% |  2.34e-09 |      
      890 |   0.4815 |  8.821954e+05 |   +2.13% |  3.44e-09 |      
      900 |   0.4512 |  8.345839e+05 |   -5.40% |  5.06e-09 |      
      910 |   0.4129 |  8.888169e+05 |   +6.50% |  7.42e-09 |      
      920 |   0.3837 |  8.722577e+05 |   -1.86% |  1.09e-08 |      
      930 |   0.3517 |  8.539006e+05 |   -2.10% |  1.61e-08 |      
      940 |   0.3247 |  8.586745e+05 |   +0.56% |  2.37e-08 |      
[INFO GPL-0040] Routability iteration: 7
[INFO GPL-0041] Total routing overflow: 43.6624
[INFO GPL-0042] Number of overflowed tiles: 740 (7.25%)
[INFO GPL-0043] Average top 0.5% routing congestion: 1.1800
[INFO GPL-0044] Average top 1.0% routing congestion: 1.1552
[INFO GPL-0045] Average top 2.0% routing congestion: 1.1242
[INFO GPL-0046] Average top 5.0% routing congestion: 1.0794
[INFO GPL-0047] Routability iteration weighted routing congestion: 1.1676
[INFO GPL-0048] Routing congestion (1.1676) lower than previous minimum (1.181). Updating minimum.
[INFO GPL-0086] Inflated area:                5466.259 um^2 (+1.58%)
[INFO GPL-0052] Placement target density:       0.7270
[INFO GPL-0076] Removing fillers, count: Before: 0, After: 0 (+0.00%)
[INFO GPL-0077] Filler area (um^2)     : Before: 0.000, After: 0.000 (+0.00%)
[INFO GPL-0078] Removed fillers count: 0, area removed: 0.000 um^2. Remaining area to be compensated by modifying density: 5466.259 um^2
[INFO GPL-0079] New target density: 0.7385716
[INFO GPL-0058] White space area:           474373.712 um^2 (+0.00%)
[INFO GPL-0059] Movable instances area:     350358.962 um^2 (+1.58%)
[INFO GPL-0060] Total filler area:               0.000 um^2 (+0.00%)
[INFO GPL-0061] Total non-inflated area:    350358.967 um^2 (+1.58%)
[INFO GPL-0062] Total inflated area:        355825.227 um^2 (+1.56%)
[INFO GPL-0063] New Target Density:             0.7386
[INFO GPL-0087] Routability end iteration: increase inflation and revert back to snapshot.
Iteration | Overflow |     HPWL (um) |  HPWL(%) |   Penalty | Group
---------------------------------------------------------------
      950 |   0.6276 |  7.269458e+05 |  -15.34% |  1.02e-09 |      
      960 |   0.5246 |  9.316902e+05 |  +28.17% |  1.47e-09 |      
      970 |   0.5220 |  8.766189e+05 |   -5.91% |  2.16e-09 |      
      980 |   0.4877 |  8.942495e+05 |   +2.01% |  3.18e-09 |      
      990 |   0.4615 |  8.340517e+05 |   -6.73% |  4.69e-09 |      
     1000 |   0.4124 |  8.964775e+05 |   +7.48% |  6.87e-09 |      
     1010 |   0.3923 |  8.721826e+05 |   -2.71% |  1.01e-08 |      
     1020 |   0.3565 |  8.567595e+05 |   -1.77% |  1.49e-08 |      
     1030 |   0.3289 |  8.640638e+05 |   +0.85% |  2.19e-08 |      
[INFO GPL-0040] Routability iteration: 8
[INFO GPL-0041] Total routing overflow: 40.2960
[INFO GPL-0042] Number of overflowed tiles: 741 (7.26%)
[INFO GPL-0043] Average top 0.5% routing congestion: 1.1652
[INFO GPL-0044] Average top 1.0% routing congestion: 1.1411
[INFO GPL-0045] Average top 2.0% routing congestion: 1.1142
[INFO GPL-0046] Average top 5.0% routing congestion: 1.0732
[INFO GPL-0047] Routability iteration weighted routing congestion: 1.1532
[INFO GPL-0048] Routing congestion (1.1532) lower than previous minimum (1.168). Updating minimum.
[INFO GPL-0086] Inflated area:                5033.983 um^2 (+1.44%)
[INFO GPL-0052] Placement target density:       0.7386
[INFO GPL-0076] Removing fillers, count: Before: 0, After: 0 (+0.00%)
[INFO GPL-0077] Filler area (um^2)     : Before: 0.000, After: 0.000 (+0.00%)
[INFO GPL-0078] Removed fillers count: 0, area removed: 0.000 um^2. Remaining area to be compensated by modifying density: 5033.983 um^2
[INFO GPL-0079] New target density: 0.7491835
[INFO GPL-0058] White space area:           474373.712 um^2 (+0.00%)
[INFO GPL-0059] Movable instances area:     355392.946 um^2 (+1.44%)
[INFO GPL-0060] Total filler area:               0.000 um^2 (+0.00%)
[INFO GPL-0061] Total non-inflated area:    355392.951 um^2 (+1.44%)
[INFO GPL-0062] Total inflated area:        360426.934 um^2 (+1.42%)
[INFO GPL-0063] New Target Density:             0.7492
[INFO GPL-0087] Routability end iteration: increase inflation and revert back to snapshot.
Iteration | Overflow |     HPWL (um) |  HPWL(%) |   Penalty | Group
---------------------------------------------------------------
     1040 |   0.6606 |  6.731166e+05 |  -22.10% |  9.44e-10 |      
     1050 |   0.5245 |  9.284776e+05 |  +37.94% |  1.36e-09 |      
     1060 |   0.5223 |  8.966081e+05 |   -3.43% |  2.00e-09 |      
     1070 |   0.4923 |  9.012263e+05 |   +0.52% |  2.94e-09 |      
     1080 |   0.4668 |  8.430559e+05 |   -6.45% |  4.33e-09 |      
     1090 |   0.4163 |  8.982604e+05 |   +6.55% |  6.35e-09 |      
     1100 |   0.3978 |  8.770916e+05 |   -2.36% |  9.35e-09 |      
     1110 |   0.3630 |  8.642007e+05 |   -1.47% |  1.38e-08 |      
     1120 |   0.3319 |  8.716559e+05 |   +0.86% |  2.03e-08 |      
     1130 |   0.3011 |  8.631756e+05 |   -0.97% |  2.99e-08 |      
[INFO GPL-0040] Routability iteration: 9
[INFO GPL-0041] Total routing overflow: 38.8257
[INFO GPL-0042] Number of overflowed tiles: 700 (6.86%)
[INFO GPL-0043] Average top 0.5% routing congestion: 1.1652
[INFO GPL-0044] Average top 1.0% routing congestion: 1.1424
[INFO GPL-0045] Average top 2.0% routing congestion: 1.1156
[INFO GPL-0046] Average top 5.0% routing congestion: 1.0725
[INFO GPL-0047] Routability iteration weighted routing congestion: 1.1538
[INFO GPL-0049] Routing congestion (1.1538) higher than minimum (1.1532). Consecutive non-improvement count: 1.
[INFO GPL-0086] Inflated area:                4757.627 um^2 (+1.34%)
[INFO GPL-0052] Placement target density:       0.7492
[INFO GPL-0076] Removing fillers, count: Before: 0, After: 0 (+0.00%)
[INFO GPL-0077] Filler area (um^2)     : Before: 0.000, After: 0.000 (+0.00%)
[INFO GPL-0078] Removed fillers count: 0, area removed: 0.000 um^2. Remaining area to be compensated by modifying density: 4757.628 um^2
[INFO GPL-0079] New target density: 0.75921273
[INFO GPL-0058] White space area:           474373.712 um^2 (+0.00%)
[INFO GPL-0059] Movable instances area:     360150.565 um^2 (+1.34%)
[INFO GPL-0060] Total filler area:               0.000 um^2 (+0.00%)
[INFO GPL-0061] Total non-inflated area:    360150.578 um^2 (+1.34%)
[INFO GPL-0062] Total inflated area:        364908.206 um^2 (+1.32%)
[INFO GPL-0063] New Target Density:             0.7592
[INFO GPL-0087] Routability end iteration: increase inflation and revert back to snapshot.
Iteration | Overflow |     HPWL (um) |  HPWL(%) |   Penalty | Group
---------------------------------------------------------------
     1140 |   0.5333 |  8.903045e+05 |   +3.14% |  1.26e-09 |      
     1150 |   0.5226 |  9.185527e+05 |   +3.17% |  1.85e-09 |      
     1160 |   0.4964 |  8.986525e+05 |   -2.17% |  2.72e-09 |      
     1170 |   0.4681 |  8.600360e+05 |   -4.30% |  4.01e-09 |      
     1180 |   0.4276 |  8.877312e+05 |   +3.22% |  5.89e-09 |      
     1190 |   0.4038 |  8.864784e+05 |   -0.14% |  8.65e-09 |      
     1200 |   0.3686 |  8.738742e+05 |   -1.42% |  1.27e-08 |      
     1210 |   0.3370 |  8.735617e+05 |   -0.04% |  1.88e-08 |      
     1220 |   0.3058 |  8.664135e+05 |   -0.82% |  2.76e-08 |      
[INFO GPL-0040] Routability iteration: 10
[INFO GPL-0041] Total routing overflow: 39.3017
[INFO GPL-0042] Number of overflowed tiles: 674 (6.61%)
[INFO GPL-0043] Average top 0.5% routing congestion: 1.1768
[INFO GPL-0044] Average top 1.0% routing congestion: 1.1479
[INFO GPL-0045] Average top 2.0% routing congestion: 1.1174
[INFO GPL-0046] Average top 5.0% routing congestion: 1.0736
[INFO GPL-0047] Routability iteration weighted routing congestion: 1.1624
[INFO GPL-0049] Routing congestion (1.1624) higher than minimum (1.1532). Consecutive non-improvement count: 2.
[INFO GPL-0086] Inflated area:                5054.476 um^2 (+1.40%)
[INFO GPL-0052] Placement target density:       0.7592
[INFO GPL-0076] Removing fillers, count: Before: 0, After: 0 (+0.00%)
[INFO GPL-0077] Filler area (um^2)     : Before: 0.000, After: 0.000 (+0.00%)
[INFO GPL-0078] Removed fillers count: 0, area removed: 0.000 um^2. Remaining area to be compensated by modifying density: 5054.476 um^2
[INFO GPL-0079] New target density: 0.76986784
[INFO GPL-0058] White space area:           474373.712 um^2 (+0.00%)
[INFO GPL-0059] Movable instances area:     365205.062 um^2 (+1.40%)
[INFO GPL-0060] Total filler area:               0.000 um^2 (+0.00%)
[INFO GPL-0061] Total non-inflated area:    365205.054 um^2 (+1.40%)
[INFO GPL-0062] Total inflated area:        370259.529 um^2 (+1.38%)
[INFO GPL-0063] New Target Density:             0.7699
[INFO GPL-0087] Routability end iteration: increase inflation and revert back to snapshot.
Iteration | Overflow |     HPWL (um) |  HPWL(%) |   Penalty | Group
---------------------------------------------------------------
     1230 |   0.5389 |  8.838340e+05 |   +2.01% |  1.22e-09 |      
     1240 |   0.5221 |  9.310774e+05 |   +5.35% |  1.78e-09 |      
     1250 |   0.4993 |  9.008852e+05 |   -3.24% |  2.62e-09 |      
     1260 |   0.4698 |  8.715264e+05 |   -3.26% |  3.85e-09 |      
     1270 |   0.4326 |  8.829081e+05 |   +1.31% |  5.67e-09 |      
     1280 |   0.4045 |  8.948206e+05 |   +1.35% |  8.32e-09 |      
     1290 |   0.3705 |  8.826592e+05 |   -1.36% |  1.23e-08 |      
     1300 |   0.3410 |  8.762017e+05 |   -0.73% |  1.80e-08 |      
     1310 |   0.3082 |  8.698185e+05 |   -0.73% |  2.66e-08 |      
[INFO GPL-0040] Routability iteration: 11
[INFO GPL-0041] Total routing overflow: 34.8480
[INFO GPL-0042] Number of overflowed tiles: 656 (6.43%)
[INFO GPL-0043] Average top 0.5% routing congestion: 1.1589
[INFO GPL-0044] Average top 1.0% routing congestion: 1.1335
[INFO GPL-0045] Average top 2.0% routing congestion: 1.1061
[INFO GPL-0046] Average top 5.0% routing congestion: 1.0660
[INFO GPL-0047] Routability iteration weighted routing congestion: 1.1462
[INFO GPL-0048] Routing congestion (1.1462) lower than previous minimum (1.153). Updating minimum.
[INFO GPL-0086] Inflated area:                4518.965 um^2 (+1.24%)
[INFO GPL-0052] Placement target density:       0.7699
[INFO GPL-0076] Removing fillers, count: Before: 0, After: 0 (+0.00%)
[INFO GPL-0077] Filler area (um^2)     : Before: 0.000, After: 0.000 (+0.00%)
[INFO GPL-0078] Removed fillers count: 0, area removed: 0.000 um^2. Remaining area to be compensated by modifying density: 4518.965 um^2
[INFO GPL-0079] New target density: 0.77939403
[INFO GPL-0058] White space area:           474373.712 um^2 (+0.00%)
[INFO GPL-0059] Movable instances area:     369724.031 um^2 (+1.24%)
[INFO GPL-0060] Total filler area:               0.000 um^2 (+0.00%)
[INFO GPL-0061] Total non-inflated area:    369724.019 um^2 (+1.24%)
[INFO GPL-0062] Total inflated area:        374242.985 um^2 (+1.22%)
[INFO GPL-0063] New Target Density:             0.7794
[INFO GPL-0087] Routability end iteration: increase inflation and revert back to snapshot.
Iteration | Overflow |     HPWL (um) |  HPWL(%) |   Penalty | Group
---------------------------------------------------------------
     1320 |   0.5588 |  8.532507e+05 |   -1.90% |  1.13e-09 |      
     1330 |   0.5195 |  9.496220e+05 |  +11.29% |  1.65e-09 |      
     1340 |   0.5040 |  8.996566e+05 |   -5.26% |  2.42e-09 |      
     1350 |   0.4757 |  8.913863e+05 |   -0.92% |  3.56e-09 |      
     1360 |   0.4407 |  8.715121e+05 |   -2.23% |  5.25e-09 |      
     1370 |   0.4088 |  9.047448e+05 |   +3.81% |  7.70e-09 |      
     1380 |   0.3784 |  8.883232e+05 |   -1.82% |  1.13e-08 |      
     1390 |   0.3443 |  8.757074e+05 |   -1.42% |  1.67e-08 |      
     1400 |   0.3153 |  8.730201e+05 |   -0.31% |  2.46e-08 |      
[INFO GPL-0040] Routability iteration: 12
[INFO GPL-0041] Total routing overflow: 37.6211
[INFO GPL-0042] Number of overflowed tiles: 655 (6.42%)
[INFO GPL-0043] Average top 0.5% routing congestion: 1.1785
[INFO GPL-0044] Average top 1.0% routing congestion: 1.1463
[INFO GPL-0045] Average top 2.0% routing congestion: 1.1155
[INFO GPL-0046] Average top 5.0% routing congestion: 1.0714
[INFO GPL-0047] Routability iteration weighted routing congestion: 1.1624
[INFO GPL-0049] Routing congestion (1.1624) higher than minimum (1.1462). Consecutive non-improvement count: 1.
[INFO GPL-0086] Inflated area:                4984.125 um^2 (+1.35%)
[INFO GPL-0052] Placement target density:       0.7794
[INFO GPL-0076] Removing fillers, count: Before: 0, After: 0 (+0.00%)
[INFO GPL-0077] Filler area (um^2)     : Before: 0.000, After: 0.000 (+0.00%)
[INFO GPL-0078] Removed fillers count: 0, area removed: 0.000 um^2. Remaining area to be compensated by modifying density: 4984.125 um^2
[INFO GPL-0079] New target density: 0.7899007
[INFO GPL-0058] White space area:           474373.712 um^2 (+0.00%)
[INFO GPL-0059] Movable instances area:     374708.142 um^2 (+1.35%)
[INFO GPL-0060] Total filler area:               0.000 um^2 (+0.00%)
[INFO GPL-0061] Total non-inflated area:    374708.145 um^2 (+1.35%)
[INFO GPL-0062] Total inflated area:        379692.270 um^2 (+1.33%)
[INFO GPL-0063] New Target Density:             0.7899
[INFO GPL-0087] Routability end iteration: increase inflation and revert back to snapshot.
Iteration | Overflow |     HPWL (um) |  HPWL(%) |   Penalty | Group
---------------------------------------------------------------
     1410 |   0.5723 |  8.410163e+05 |   -3.67% |  1.09e-09 |      
     1420 |   0.5168 |  9.595073e+05 |  +14.09% |  1.58e-09 |      
     1430 |   0.5051 |  9.029178e+05 |   -5.90% |  2.33e-09 |      
     1440 |   0.4771 |  8.997432e+05 |   -0.35% |  3.43e-09 |      
     1450 |   0.4436 |  8.686862e+05 |   -3.45% |  5.05e-09 |      
     1460 |   0.4075 |  9.094552e+05 |   +4.69% |  7.40e-09 |      
     1470 |   0.3811 |  8.917150e+05 |   -1.95% |  1.09e-08 |      
     1480 |   0.3483 |  8.743133e+05 |   -1.95% |  1.61e-08 |      
     1490 |   0.3181 |  8.758084e+05 |   +0.17% |  2.36e-08 |      
[INFO GPL-0040] Routability iteration: 13
[INFO GPL-0041] Total routing overflow: 34.7616
[INFO GPL-0042] Number of overflowed tiles: 666 (6.53%)
[INFO GPL-0043] Average top 0.5% routing congestion: 1.1596
[INFO GPL-0044] Average top 1.0% routing congestion: 1.1349
[INFO GPL-0045] Average top 2.0% routing congestion: 1.1073
[INFO GPL-0046] Average top 5.0% routing congestion: 1.0656
[INFO GPL-0047] Routability iteration weighted routing congestion: 1.1473
[INFO GPL-0049] Routing congestion (1.1473) higher than minimum (1.1462). Consecutive non-improvement count: 2.
[INFO GPL-0086] Inflated area:                4540.343 um^2 (+1.21%)
[INFO GPL-0052] Placement target density:       0.7899
[INFO GPL-0076] Removing fillers, count: Before: 0, After: 0 (+0.00%)
[INFO GPL-0077] Filler area (um^2)     : Before: 0.000, After: 0.000 (+0.00%)
[INFO GPL-0078] Removed fillers count: 0, area removed: 0.000 um^2. Remaining area to be compensated by modifying density: 4540.343 um^2
[INFO GPL-0079] New target density: 0.7994719
[INFO GPL-0058] White space area:           474373.712 um^2 (+0.00%)
[INFO GPL-0059] Movable instances area:     379248.476 um^2 (+1.21%)
[INFO GPL-0060] Total filler area:               0.000 um^2 (+0.00%)
[INFO GPL-0061] Total non-inflated area:    379248.487 um^2 (+1.21%)
[INFO GPL-0062] Total inflated area:        383788.830 um^2 (+1.20%)
[INFO GPL-0063] New Target Density:             0.7995
[INFO GPL-0087] Routability end iteration: increase inflation and revert back to snapshot.
Iteration | Overflow |     HPWL (um) |  HPWL(%) |   Penalty | Group
---------------------------------------------------------------
     1500 |   0.5926 |  8.077977e+05 |   -7.77% |  1.05e-09 |      
     1510 |   0.5149 |  9.724335e+05 |  +20.38% |  1.52e-09 |      
     1520 |   0.5068 |  9.093094e+05 |   -6.49% |  2.24e-09 |      
     1530 |   0.4800 |  9.083401e+05 |   -0.11% |  3.29e-09 |      
     1540 |   0.4450 |  8.697844e+05 |   -4.24% |  4.85e-09 |      
     1550 |   0.4092 |  9.145822e+05 |   +5.15% |  7.12e-09 |      
     1560 |   0.3829 |  8.962694e+05 |   -2.00% |  1.05e-08 |      
     1570 |   0.3509 |  8.751497e+05 |   -2.36% |  1.54e-08 |      
     1580 |   0.3195 |  8.784616e+05 |   +0.38% |  2.27e-08 |      
[INFO GPL-0040] Routability iteration: 14
[INFO GPL-0041] Total routing overflow: 33.6942
[INFO GPL-0042] Number of overflowed tiles: 667 (6.54%)
[INFO GPL-0043] Average top 0.5% routing congestion: 1.1577
[INFO GPL-0044] Average top 1.0% routing congestion: 1.1311
[INFO GPL-0045] Average top 2.0% routing congestion: 1.1030
[INFO GPL-0046] Average top 5.0% routing congestion: 1.0635
[INFO GPL-0047] Routability iteration weighted routing congestion: 1.1444
[INFO GPL-0048] Routing congestion (1.1444) lower than previous minimum (1.146). Updating minimum.
[INFO GPL-0086] Inflated area:                4405.062 um^2 (+1.16%)
[INFO GPL-0052] Placement target density:       0.7995
[INFO GPL-0076] Removing fillers, count: Before: 0, After: 0 (+0.00%)
[INFO GPL-0077] Filler area (um^2)     : Before: 0.000, After: 0.000 (+0.00%)
[INFO GPL-0078] Removed fillers count: 0, area removed: 0.000 um^2. Remaining area to be compensated by modifying density: 4405.061 um^2
[INFO GPL-0079] New target density: 0.808758
[INFO GPL-0058] White space area:           474373.712 um^2 (+0.00%)
[INFO GPL-0059] Movable instances area:     383653.544 um^2 (+1.16%)
[INFO GPL-0060] Total filler area:               0.000 um^2 (+0.00%)
[INFO GPL-0061] Total non-inflated area:    383653.548 um^2 (+1.16%)
[INFO GPL-0062] Total inflated area:        388058.610 um^2 (+1.15%)
[INFO GPL-0063] New Target Density:             0.8088
[INFO GPL-0087] Routability end iteration: increase inflation and revert back to snapshot.
Iteration | Overflow |     HPWL (um) |  HPWL(%) |   Penalty | Group
---------------------------------------------------------------
     1590 |   0.6195 |  7.504513e+05 |  -14.57% |  1.02e-09 |      
     1600 |   0.5110 |  9.878723e+05 |  +31.64% |  1.46e-09 |      
     1610 |   0.5114 |  9.146269e+05 |   -7.41% |  2.15e-09 |      
     1620 |   0.4812 |  9.178692e+05 |   +0.35% |  3.17e-09 |      
     1630 |   0.4460 |  8.713867e+05 |   -5.06% |  4.67e-09 |      
     1640 |   0.4117 |  9.175505e+05 |   +5.30% |  6.85e-09 |      
     1650 |   0.3865 |  8.961161e+05 |   -2.34% |  1.01e-08 |      
     1660 |   0.3551 |  8.776938e+05 |   -2.06% |  1.49e-08 |      
     1670 |   0.3209 |  8.813410e+05 |   +0.42% |  2.19e-08 |      
[INFO GPL-0040] Routability iteration: 15
[INFO GPL-0041] Total routing overflow: 31.4670
[INFO GPL-0042] Number of overflowed tiles: 613 (6.01%)
[INFO GPL-0043] Average top 0.5% routing congestion: 1.1459
[INFO GPL-0044] Average top 1.0% routing congestion: 1.1236
[INFO GPL-0045] Average top 2.0% routing congestion: 1.0991
[INFO GPL-0046] Average top 5.0% routing congestion: 1.0604
[INFO GPL-0047] Routability iteration weighted routing congestion: 1.1348
[INFO GPL-0048] Routing congestion (1.1348) lower than previous minimum (1.144). Updating minimum.
[INFO GPL-0086] Inflated area:                4236.044 um^2 (+1.10%)
[INFO GPL-0052] Placement target density:       0.8088
[INFO GPL-0076] Removing fillers, count: Before: 0, After: 0 (+0.00%)
[INFO GPL-0077] Filler area (um^2)     : Before: 0.000, After: 0.000 (+0.00%)
[INFO GPL-0078] Removed fillers count: 0, area removed: 0.000 um^2. Remaining area to be compensated by modifying density: 4236.044 um^2
[INFO GPL-0079] New target density: 0.8176878
[INFO GPL-0058] White space area:           474373.712 um^2 (+0.00%)
[INFO GPL-0059] Movable instances area:     387889.594 um^2 (+1.10%)
[INFO GPL-0060] Total filler area:               0.000 um^2 (+0.00%)
[INFO GPL-0061] Total non-inflated area:    387889.593 um^2 (+1.10%)
[INFO GPL-0062] Total inflated area:        392125.637 um^2 (+1.09%)
[INFO GPL-0063] New Target Density:             0.8177
[INFO GPL-0087] Routability end iteration: increase inflation and revert back to snapshot.
Iteration | Overflow |     HPWL (um) |  HPWL(%) |   Penalty | Group
---------------------------------------------------------------
     1680 |   0.6184 |  7.538321e+05 |  -14.47% |  1.02e-09 |      
     1690 |   0.5090 |  9.964060e+05 |  +32.18% |  1.46e-09 |      
     1700 |   0.5083 |  9.219637e+05 |   -7.47% |  2.15e-09 |      
     1710 |   0.4824 |  9.192468e+05 |   -0.29% |  3.17e-09 |      
     1720 |   0.4456 |  8.769297e+05 |   -4.60% |  4.66e-09 |      
     1730 |   0.4089 |  9.203645e+05 |   +4.95% |  6.84e-09 |      
     1740 |   0.3851 |  8.980412e+05 |   -2.43% |  1.01e-08 |      
     1750 |   0.3529 |  8.802906e+05 |   -1.98% |  1.48e-08 |      
     1760 |   0.3213 |  8.831060e+05 |   +0.32% |  2.19e-08 |      
[INFO GPL-0040] Routability iteration: 16
[INFO GPL-0041] Total routing overflow: 34.1487
[INFO GPL-0042] Number of overflowed tiles: 673 (6.60%)
[INFO GPL-0043] Average top 0.5% routing congestion: 1.1525
[INFO GPL-0044] Average top 1.0% routing congestion: 1.1302
[INFO GPL-0045] Average top 2.0% routing congestion: 1.1045
[INFO GPL-0046] Average top 5.0% routing congestion: 1.0644
[INFO GPL-0047] Routability iteration weighted routing congestion: 1.1413
[INFO GPL-0049] Routing congestion (1.1413) higher than minimum (1.1348). Consecutive non-improvement count: 1.
[INFO GPL-0086] Inflated area:                4507.837 um^2 (+1.16%)
[INFO GPL-0052] Placement target density:       0.8177
[INFO GPL-0076] Removing fillers, count: Before: 0, After: 0 (+0.00%)
[INFO GPL-0077] Filler area (um^2)     : Before: 0.000, After: 0.000 (+0.00%)
[INFO GPL-0078] Removed fillers count: 0, area removed: 0.000 um^2. Remaining area to be compensated by modifying density: 4507.838 um^2
[INFO GPL-0079] New target density: 0.82719046
[INFO GPL-0058] White space area:           474373.712 um^2 (+0.00%)
[INFO GPL-0059] Movable instances area:     392397.423 um^2 (+1.16%)
[INFO GPL-0060] Total filler area:               0.000 um^2 (+0.00%)
[INFO GPL-0061] Total non-inflated area:    392397.430 um^2 (+1.16%)
[INFO GPL-0062] Total inflated area:        396905.268 um^2 (+1.15%)
[INFO GPL-0063] New Target Density:             0.8272
[INFO GPL-0087] Routability end iteration: increase inflation and revert back to snapshot.
Iteration | Overflow |     HPWL (um) |  HPWL(%) |   Penalty | Group
---------------------------------------------------------------
     1770 |   0.6170 |  7.575174e+05 |  -14.22% |  1.02e-09 |      
     1780 |   0.5077 |  1.004513e+06 |  +32.61% |  1.46e-09 |      
     1790 |   0.5082 |  9.281773e+05 |   -7.60% |  2.15e-09 |      
     1800 |   0.4821 |  9.230923e+05 |   -0.55% |  3.16e-09 |      
     1810 |   0.4448 |  8.838203e+05 |   -4.25% |  4.66e-09 |      
     1820 |   0.4106 |  9.233372e+05 |   +4.47% |  6.84e-09 |      
     1830 |   0.3863 |  9.009987e+05 |   -2.42% |  1.01e-08 |      
     1840 |   0.3566 |  8.823503e+05 |   -2.07% |  1.48e-08 |      
     1850 |   0.3202 |  8.851729e+05 |   +0.32% |  2.18e-08 |      
[INFO GPL-0040] Routability iteration: 17
[INFO GPL-0041] Total routing overflow: 31.4000
[INFO GPL-0042] Number of overflowed tiles: 636 (6.23%)
[INFO GPL-0043] Average top 0.5% routing congestion: 1.1374
[INFO GPL-0044] Average top 1.0% routing congestion: 1.1182
[INFO GPL-0045] Average top 2.0% routing congestion: 1.0961
[INFO GPL-0046] Average top 5.0% routing congestion: 1.0597
[INFO GPL-0047] Routability iteration weighted routing congestion: 1.1278
[INFO GPL-0048] Routing congestion (1.1278) lower than previous minimum (1.135). Updating minimum.
[INFO GPL-0086] Inflated area:                4405.175 um^2 (+1.12%)
[INFO GPL-0052] Placement target density:       0.8272
[INFO GPL-0076] Removing fillers, count: Before: 0, After: 0 (+0.00%)
[INFO GPL-0077] Filler area (um^2)     : Before: 0.000, After: 0.000 (+0.00%)
[INFO GPL-0078] Removed fillers count: 0, area removed: 0.000 um^2. Remaining area to be compensated by modifying density: 4405.175 um^2
[INFO GPL-0079] New target density: 0.8364768
[INFO GPL-0058] White space area:           474373.712 um^2 (+0.00%)
[INFO GPL-0059] Movable instances area:     396802.621 um^2 (+1.12%)
[INFO GPL-0060] Total filler area:               0.000 um^2 (+0.00%)
[INFO GPL-0061] Total non-inflated area:    396802.606 um^2 (+1.12%)
[INFO GPL-0062] Total inflated area:        401207.781 um^2 (+1.11%)
[INFO GPL-0063] New Target Density:             0.8365
[INFO GPL-0087] Routability end iteration: increase inflation and revert back to snapshot.
Iteration | Overflow |     HPWL (um) |  HPWL(%) |   Penalty | Group
---------------------------------------------------------------
     1860 |   0.6157 |  7.606129e+05 |  -14.07% |  1.02e-09 |      
     1870 |   0.5066 |  1.011552e+06 |  +32.99% |  1.46e-09 |      
     1880 |   0.5081 |  9.333737e+05 |   -7.73% |  2.15e-09 |      
     1890 |   0.4813 |  9.266129e+05 |   -0.72% |  3.16e-09 |      
     1900 |   0.4452 |  8.862863e+05 |   -4.35% |  4.66e-09 |      
     1910 |   0.4103 |  9.261234e+05 |   +4.49% |  6.84e-09 |      
     1920 |   0.3848 |  9.032393e+05 |   -2.47% |  1.01e-08 |      
     1930 |   0.3549 |  8.830125e+05 |   -2.24% |  1.48e-08 |      
     1940 |   0.3210 |  8.868282e+05 |   +0.43% |  2.18e-08 |      
[INFO GPL-0040] Routability iteration: 18
[INFO GPL-0041] Total routing overflow: 33.5774
[INFO GPL-0042] Number of overflowed tiles: 664 (6.51%)
[INFO GPL-0043] Average top 0.5% routing congestion: 1.1539
[INFO GPL-0044] Average top 1.0% routing congestion: 1.1290
[INFO GPL-0045] Average top 2.0% routing congestion: 1.1034
[INFO GPL-0046] Average top 5.0% routing congestion: 1.0635
[INFO GPL-0047] Routability iteration weighted routing congestion: 1.1414
[INFO GPL-0049] Routing congestion (1.1414) higher than minimum (1.1278). Consecutive non-improvement count: 1.
[INFO GPL-0086] Inflated area:                4969.775 um^2 (+1.25%)
[INFO GPL-0052] Placement target density:       0.8365
[INFO GPL-0076] Removing fillers, count: Before: 0, After: 0 (+0.00%)
[INFO GPL-0077] Filler area (um^2)     : Before: 0.000, After: 0.000 (+0.00%)
[INFO GPL-0078] Removed fillers count: 0, area removed: 0.000 um^2. Remaining area to be compensated by modifying density: 4969.775 um^2
[INFO GPL-0079] New target density: 0.8469533
[INFO GPL-0058] White space area:           474373.712 um^2 (+0.00%)
[INFO GPL-0059] Movable instances area:     401772.380 um^2 (+1.25%)
[INFO GPL-0060] Total filler area:               0.000 um^2 (+0.00%)
[INFO GPL-0061] Total non-inflated area:    401772.381 um^2 (+1.25%)
[INFO GPL-0062] Total inflated area:        406742.155 um^2 (+1.24%)
[INFO GPL-0063] New Target Density:             0.8470
[INFO GPL-0087] Routability end iteration: increase inflation and revert back to snapshot.
Iteration | Overflow |     HPWL (um) |  HPWL(%) |   Penalty | Group
---------------------------------------------------------------
     1950 |   0.6144 |  7.648322e+05 |  -13.76% |  1.02e-09 |      
     1960 |   0.5041 |  1.020826e+06 |  +33.47% |  1.46e-09 |      
     1970 |   0.5067 |  9.409979e+05 |   -7.82% |  2.15e-09 |      
     1980 |   0.4795 |  9.299623e+05 |   -1.17% |  3.16e-09 |      
     1990 |   0.4461 |  8.914709e+05 |   -4.14% |  4.65e-09 |      
     2000 |   0.4071 |  9.295624e+05 |   +4.27% |  6.83e-09 |      
     2010 |   0.3801 |  9.074330e+05 |   -2.38% |  1.01e-08 |      
     2020 |   0.3529 |  8.854702e+05 |   -2.42% |  1.48e-08 |      
     2030 |   0.3189 |  8.883899e+05 |   +0.33% |  2.18e-08 |      
[INFO GPL-0040] Routability iteration: 19
[INFO GPL-0041] Total routing overflow: 34.9660
[INFO GPL-0042] Number of overflowed tiles: 677 (6.64%)
[INFO GPL-0043] Average top 0.5% routing congestion: 1.1583
[INFO GPL-0044] Average top 1.0% routing congestion: 1.1314
[INFO GPL-0045] Average top 2.0% routing congestion: 1.1045
[INFO GPL-0046] Average top 5.0% routing congestion: 1.0657
[INFO GPL-0047] Routability iteration weighted routing congestion: 1.1449
[INFO GPL-0049] Routing congestion (1.1449) higher than minimum (1.1278). Consecutive non-improvement count: 2.
[INFO GPL-0086] Inflated area:                4933.677 um^2 (+1.23%)
[INFO GPL-0052] Placement target density:       0.8470
[INFO GPL-0076] Removing fillers, count: Before: 0, After: 0 (+0.00%)
[INFO GPL-0077] Filler area (um^2)     : Before: 0.000, After: 0.000 (+0.00%)
[INFO GPL-0078] Removed fillers count: 0, area removed: 0.000 um^2. Remaining area to be compensated by modifying density: 4933.677 um^2
[INFO GPL-0079] New target density: 0.8573537
[INFO GPL-0058] White space area:           474373.712 um^2 (+0.00%)
[INFO GPL-0059] Movable instances area:     406706.061 um^2 (+1.23%)
[INFO GPL-0060] Total filler area:               0.000 um^2 (+0.00%)
[INFO GPL-0061] Total non-inflated area:    406706.057 um^2 (+1.23%)
[INFO GPL-0062] Total inflated area:        411639.734 um^2 (+1.21%)
[INFO GPL-0063] New Target Density:             0.8574
[INFO GPL-0087] Routability end iteration: increase inflation and revert back to snapshot.
Iteration | Overflow |     HPWL (um) |  HPWL(%) |   Penalty | Group
---------------------------------------------------------------
     2040 |   0.5771 |  8.510332e+05 |   -4.20% |  1.05e-09 |      
     2050 |   0.5089 |  1.016074e+06 |  +19.39% |  1.51e-09 |      
     2060 |   0.4981 |  9.487201e+05 |   -6.63% |  2.23e-09 |      
     2070 |   0.4786 |  9.249561e+05 |   -2.50% |  3.28e-09 |      
     2080 |   0.4390 |  9.054262e+05 |   -2.11% |  4.83e-09 |      
     2090 |   0.4054 |  9.277543e+05 |   +2.47% |  7.09e-09 |      
     2100 |   0.3769 |  9.088077e+05 |   -2.04% |  1.04e-08 |      
     2110 |   0.3471 |  8.910954e+05 |   -1.95% |  1.54e-08 |      
     2120 |   0.3195 |  8.894018e+05 |   -0.19% |  2.27e-08 |      
[INFO GPL-0040] Routability iteration: 20
[INFO GPL-0041] Total routing overflow: 35.2079
[INFO GPL-0042] Number of overflowed tiles: 662 (6.49%)
[INFO GPL-0043] Average top 0.5% routing congestion: 1.1686
[INFO GPL-0044] Average top 1.0% routing congestion: 1.1384
[INFO GPL-0045] Average top 2.0% routing congestion: 1.1078
[INFO GPL-0046] Average top 5.0% routing congestion: 1.0664
[INFO GPL-0047] Routability iteration weighted routing congestion: 1.1535
[INFO GPL-0049] Routing congestion (1.1535) higher than minimum (1.1278). Consecutive non-improvement count: 3.
[INFO GPL-0086] Inflated area:                5094.634 um^2 (+1.25%)
[INFO GPL-0052] Placement target density:       0.8574
[INFO GPL-0076] Removing fillers, count: Before: 0, After: 0 (+0.00%)
[INFO GPL-0077] Filler area (um^2)     : Before: 0.000, After: 0.000 (+0.00%)
[INFO GPL-0078] Removed fillers count: 0, area removed: 0.000 um^2. Remaining area to be compensated by modifying density: 5094.634 um^2
[INFO GPL-0079] New target density: 0.86809343
[INFO GPL-0054] No improvement in routing congestion for 3 consecutive iterations (limit is 3).
[INFO GPL-0055] Reverting inflation values and target density from the iteration with minimum observed routing congestion.
[INFO GPL-0056] Minimum observed routing congestion: 1.1278
[INFO GPL-0057] Target density at minimum routing congestion: 0.8272
[INFO GPL-0080] Restoring 0 previously removed fillers.
[INFO GPL-0089] Routability finished. Reverting to minimal observed routing congestion, could not reach target.
Iteration | Overflow |     HPWL (um) |  HPWL(%) |   Penalty | Group
---------------------------------------------------------------
     2130 |   0.5736 |  8.141285e+05 |   -8.46% |  1.05e-09 |      
     2140 |   0.4999 |  9.848484e+05 |  +20.97% |  1.52e-09 |      
     2150 |   0.4945 |  9.188237e+05 |   -6.70% |  2.24e-09 |      
     2160 |   0.4666 |  9.170973e+05 |   -0.19% |  3.29e-09 |      
     2170 |   0.4324 |  8.773873e+05 |   -4.33% |  4.85e-09 |      
     2180 |   0.3968 |  9.193444e+05 |   +4.78% |  7.12e-09 |      
     2190 |   0.3730 |  8.973931e+05 |   -2.39% |  1.05e-08 |      
     2200 |   0.3434 |  8.801852e+05 |   -1.92% |  1.54e-08 |      
     2210 |   0.3127 |  8.833826e+05 |   +0.36% |  2.27e-08 |      
     2220 |   0.2813 |  8.767674e+05 |   -0.75% |  3.35e-08 |      
     2230 |   0.2517 |  8.746837e+05 |   -0.24% |  4.93e-08 |      
     2240 |   0.2243 |  8.729930e+05 |   -0.19% |  7.27e-08 |      
     2250 |   0.1976 |  8.731650e+05 |   +0.02% |  1.07e-07 |      
[INFO GPL-0100] Timing-driven iteration 2/2, virtual: false.
[INFO GPL-0101]    Iter: 2253, overflow: 0.193, keep resizer changes at: 1, HPWL: 873445951
Iteration |   Area    | Resized | Buffers | Nets repaired | Remaining
---------------------------------------------------------------------
        0 |     +0.0% |       0 |       0 |             0 |     31493
    final |     +0.2% |      35 |      29 |            45 |         0
---------------------------------------------------------------------
[INFO RSZ-0034] Found 42 slew violations.
[INFO RSZ-0036] Found 8 capacitance violations.
[INFO RSZ-0039] Resized 35 instances.
[INFO RSZ-0038] Inserted 29 buffers in 45 nets.
   Iter   |    Area   | Removed | Inserted |   Pins
          |           | Buffers | Buffers  | Remaining
-------------------------------------------------------
        0 |     +0.0% |       0 |        0 |     28311
     2800 |     -0.1% |     170 |      137 |     25511
     5600 |     -0.4% |     427 |      293 |     22711
     8400 |     -0.5% |     570 |      390 |     19911
    11200 |     -0.6% |     713 |      509 |     17111
    14000 |     -0.5% |     767 |      596 |     14311
    16800 |     -0.4% |     870 |      720 |     11511
    19600 |     -0.3% |    1056 |      957 |      8711
    22400 |     -0.2% |    1132 |     1065 |      5911
    25200 |     +0.1% |    1325 |     1360 |      3111
    28000 |     +0.6% |    1332 |     1541 |       311
    final |     +0.7% |    1356 |     1589 |         0
-------------------------------------------------------
[INFO GPL-0106] Timing-driven: worst slack -3.6949999e-09
[INFO GPL-0107] Timing-driven: repair_design delta area: -854.109 um^2 (-0.21%)
[INFO GPL-0108] Timing-driven: repair_design, gpl delta gcells: 262 (+0.85%)
[INFO GPL-0109] Timing-driven: repair_design, gcells created: 1618, deleted: 1356
[INFO GPL-0110] Timing-driven: new target density: 0.8555532
Iteration | Overflow |     HPWL (um) |  HPWL(%) |   Penalty | Group
---------------------------------------------------------------
     2260 |   0.1694 |  9.244809e+05 |   +5.88% |  1.57e-07 |      
     2270 |   0.1455 |  9.152292e+05 |   -1.00% |  2.31e-07 |      
     2280 |   0.1223 |  9.105187e+05 |   -0.51% |  3.40e-07 |      
     2290 |   0.1039 |  9.082269e+05 |   -0.25% |  5.02e-07 |      
     2293 |   0.0982 |  9.079305e+05 |          |  5.86e-07 |      
---------------------------------------------------------------
[INFO GPL-1001] Global placement finished at iteration 2293
[INFO GPL-1017] Routability mode iteration count: 1875
[INFO GPL-1005] Routability final weighted congestion: 1.1333
[INFO GPL-1002] Placed Cell Area            391543.3214
[INFO GPL-1003] Available Free Area         474373.7120
[INFO GPL-1004] Minimum Feasible Density        0.5800 (cell_area / free_area)
[INFO GPL-1006]   Suggested Target Densities:
[INFO GPL-1007]     - For 90% usage of free space: 0.9171
[INFO GPL-1008]     - For 80% usage of free space: 1.0317
[INFO GPL-1011] Original area (um^2): 272616.93
[INFO GPL-1012] Total routability artificial inflation: 106931.99 (+39.22%)
[INFO GPL-1013] Total timing-driven delta area: 11994.40 (+4.40%)
[INFO GPL-1014] Final placement area: 391543.32 (+43.62%)
Took 1041 seconds: global_placement -density 0.6949999874830246 -pad_left 0 -pad_right 0 -routability_driven -timing_driven -force_center_initial_place -min_phi_coef 0.95 -max_phi_coef 1.05
estimate_parasitics -placement
Report metrics stage 3, global place...

==========================================================================
global place report_design_area
--------------------------------------------------------------------------
Design area 270527 um^2 56% utilization.
write_db /work/results/sky130hd/m7_j2/p13p0/3_3_place_gp.odb
Elapsed time: 17:27.69[h:]min:sec. CPU time: user 8588.14 sys 19.34 (821%). Peak memory: 484436KB.
