START_UTC=2026-09-24T05:09:14Z
VARIANT=J2
DESIGN_CONFIG=/repo/m7/ppa/orfs/sky130hd/m7_j2/config.mk
LEC_CHECK=0
CLOCK_PERIOD=20.0
FLOW_VARIANT=final_dd7fe6
ORFS_IMAGE=openroad/orfs@sha256:817b608c69a71fafc7b61baec11b4dc073fb8efb9d2714f9bd3316db4beba277
FLOW=/home/mmr/ricv_paper/third_party/OpenROAD-flow-scripts/flow
OPENROAD: /OpenROAD-flow-scripts/tools/OpenROAD
mkdir -p /work/results/sky130hd/m7_j2/final_dd7fe6/
echo 20.0 > /work/results/sky130hd/m7_j2/final_dd7fe6/clock_period.txt
/OpenROAD-flow-scripts/flow/scripts/synth.sh /OpenROAD-flow-scripts/flow/scripts/synth_canonicalize.tcl /work/logs/sky130hd/m7_j2/final_dd7fe6/1_1_yosys_canonicalize.log
Using ABC speed script.
Extracting clock period from SDC file: /work/results/sky130hd/m7_j2/final_dd7fe6/clock_period.txt
Setting clock period to 20.0
1. Executing Liberty frontend: /OpenROAD-flow-scripts/flow/platforms/sky130hd/lib/sky130_fd_sc_hd__tt_025C_1v80.lib
2. Executing Liberty frontend: /OpenROAD-flow-scripts/flow/platforms/sky130hd/lib/sky130_fd_sc_hd__tt_025C_1v80.lib
3. Executing SLANG frontend.
3.1. Executing PROC_CLEAN pass (remove empty switches from decision trees).
3.2. Executing TRIBUF pass.
3.3. Executing PROC_RMDEAD pass (remove dead branches from decision trees).
3.4. Executing PROC_PRUNE pass (remove redundant assignments in processes).
3.5. Executing PROC_INIT pass (extract init attributes).
3.6. Executing PROC_ROM pass (convert switches to ROMs).
3.7. Executing PROC_MUX pass (convert decision trees to multiplexers).
3.8. Executing PROC_CLEAN pass (remove empty switches from decision trees).
3.9. Executing OPT_EXPR pass (perform const folding).
4. Executing HIERARCHY pass (managing design hierarchy).
4.1. Analyzing design hierarchy..
4.2. Analyzing design hierarchy..
5. Executing OPT_CLEAN pass (remove unused cells and wires).
6. Executing RTLIL backend.
End of script. Logfile hash: 81c159a891, time: 0.38s, user: 0.35s, system: 0.05s, MEM: 74.59 MB peak
Yosys 0.68+post (git sha1 UNKNOWN, Release, GNU /usr/local/bin/wrapped-cc/g++ 11.4.0)
Time spent: 31% 2x read_slang (0 sec), 23% 4x read_liberty (0 sec), ...
Elapsed time: 0:00.39[h:]min:sec. CPU time: user 0.37 sys 0.05 (110%). Peak memory: 76380KB.
Log                       Ext     Elapsed/s Peak Memory/MB sha1sum result [0:20)
1_1_yosys_canonicalize    .rtlil          0             74 d338fcd777ac2cba30e0
/OpenROAD-flow-scripts/flow/scripts/synth.sh /OpenROAD-flow-scripts/flow/scripts/synth.tcl /work/logs/sky130hd/m7_j2/final_dd7fe6/1_2_yosys.log
Using ABC speed script.
Extracting clock period from SDC file: /work/results/sky130hd/m7_j2/final_dd7fe6/clock_period.txt
Setting clock period to 20.0
1. Executing RTLIL frontend.
2. Executing HIERARCHY pass (managing design hierarchy).
2.1. Analyzing design hierarchy..
2.2. Analyzing design hierarchy..
3. Executing SYNTH pass.
3.1. Executing HIERARCHY pass (managing design hierarchy).
3.1.1. Analyzing design hierarchy..
3.1.2. Analyzing design hierarchy..
3.2. Executing PROC pass (convert processes to netlists).
3.2.1. Executing PROC_CLEAN pass (remove empty switches from decision trees).
3.2.2. Executing PROC_RMDEAD pass (remove dead branches from decision trees).
3.2.3. Executing PROC_PRUNE pass (remove redundant assignments in processes).
3.2.4. Executing PROC_INIT pass (extract init attributes).
3.2.5. Executing PROC_ARST pass (detect async resets in processes).
3.2.6. Executing PROC_ROM pass (convert switches to ROMs).
3.2.7. Executing PROC_MUX pass (convert decision trees to multiplexers).
3.2.8. Executing PROC_DLATCH pass (convert process syncs to latches).
3.2.9. Executing PROC_DFF pass (convert process syncs to FFs).
3.2.10. Executing PROC_MEMWR pass (convert process memory writes to cells).
3.2.11. Executing PROC_CLEAN pass (remove empty switches from decision trees).
3.2.12. Executing OPT_EXPR pass (perform const folding).
3.3. Executing CHECK pass (checking for obvious problems).
3.4. Executing FLATTEN pass (flatten design).
3.5. Executing OPT_EXPR pass (perform const folding).
3.6. Executing OPT_CLEAN pass (remove unused cells and wires).
3.7. Executing CHECK pass (checking for obvious problems).
3.8. Executing OPT pass (performing simple optimizations).
3.8.1. Executing OPT_EXPR pass (perform const folding).
3.8.2. Executing OPT_MERGE pass (detect identical cells).
3.8.3. Executing OPT_MUXTREE pass (detect dead branches in mux trees).
3.8.4. Executing OPT_REDUCE pass (consolidate $*mux and $reduce_* inputs).
3.8.5. Executing OPT_MERGE pass (detect identical cells).
3.8.6. Executing OPT_DFF pass (perform DFF optimizations).
3.8.7. Executing OPT_CLEAN pass (remove unused cells and wires).
3.8.8. Executing OPT_EXPR pass (perform const folding).
3.8.9. Rerunning OPT passes. (Maybe there is more to do..)
3.8.10. Executing OPT_MUXTREE pass (detect dead branches in mux trees).
3.8.11. Executing OPT_REDUCE pass (consolidate $*mux and $reduce_* inputs).
3.8.12. Executing OPT_MERGE pass (detect identical cells).
3.8.13. Executing OPT_DFF pass (perform DFF optimizations).
3.8.14. Executing OPT_CLEAN pass (remove unused cells and wires).
3.8.15. Executing OPT_EXPR pass (perform const folding).
3.8.16. Rerunning OPT passes. (Maybe there is more to do..)
3.8.17. Executing OPT_MUXTREE pass (detect dead branches in mux trees).
3.8.18. Executing OPT_REDUCE pass (consolidate $*mux and $reduce_* inputs).
3.8.19. Executing OPT_MERGE pass (detect identical cells).
3.8.20. Executing OPT_DFF pass (perform DFF optimizations).
3.8.21. Executing OPT_CLEAN pass (remove unused cells and wires).
3.8.22. Executing OPT_EXPR pass (perform const folding).
3.8.23. Finished fast OPT passes. (There is nothing left to do.)
3.9. Executing FSM pass (extract and optimize FSM).
3.9.1. Executing FSM_DETECT pass (finding FSMs in design).
3.9.2. Executing FSM_EXTRACT pass (extracting FSM from design).
3.9.3. Executing FSM_OPT pass (simple optimizations of FSMs).
3.9.4. Executing OPT_CLEAN pass (remove unused cells and wires).
3.9.5. Executing FSM_OPT pass (simple optimizations of FSMs).
3.9.6. Executing FSM_RECODE pass (re-assigning FSM state encoding).
3.9.7. Executing FSM_INFO pass (dumping all available information on FSM cells).
3.9.8. Executing FSM_MAP pass (mapping FSMs to basic logic).
3.10. Executing OPT pass (performing simple optimizations).
3.10.1. Executing OPT_EXPR pass (perform const folding).
3.10.2. Executing OPT_MERGE pass (detect identical cells).
3.10.3. Executing OPT_MUXTREE pass (detect dead branches in mux trees).
3.10.4. Executing OPT_REDUCE pass (consolidate $*mux and $reduce_* inputs).
3.10.5. Executing OPT_MERGE pass (detect identical cells).
3.10.6. Executing OPT_DFF pass (perform DFF optimizations).
3.10.7. Executing OPT_CLEAN pass (remove unused cells and wires).
3.10.8. Executing OPT_EXPR pass (perform const folding).
3.10.9. Rerunning OPT passes. (Maybe there is more to do..)
3.10.10. Executing OPT_MUXTREE pass (detect dead branches in mux trees).
3.10.11. Executing OPT_REDUCE pass (consolidate $*mux and $reduce_* inputs).
3.10.12. Executing OPT_MERGE pass (detect identical cells).
3.10.13. Executing OPT_DFF pass (perform DFF optimizations).
3.10.14. Executing OPT_CLEAN pass (remove unused cells and wires).
3.10.15. Executing OPT_EXPR pass (perform const folding).
3.10.16. Rerunning OPT passes. (Maybe there is more to do..)
3.10.17. Executing OPT_MUXTREE pass (detect dead branches in mux trees).
3.10.18. Executing OPT_REDUCE pass (consolidate $*mux and $reduce_* inputs).
3.10.19. Executing OPT_MERGE pass (detect identical cells).
3.10.20. Executing OPT_DFF pass (perform DFF optimizations).
3.10.21. Executing OPT_CLEAN pass (remove unused cells and wires).
3.10.22. Executing OPT_EXPR pass (perform const folding).
3.10.23. Rerunning OPT passes. (Maybe there is more to do..)
3.10.24. Executing OPT_MUXTREE pass (detect dead branches in mux trees).
3.10.25. Executing OPT_REDUCE pass (consolidate $*mux and $reduce_* inputs).
3.10.26. Executing OPT_MERGE pass (detect identical cells).
3.10.27. Executing OPT_DFF pass (perform DFF optimizations).
3.10.28. Executing OPT_CLEAN pass (remove unused cells and wires).
3.10.29. Executing OPT_EXPR pass (perform const folding).
3.10.30. Rerunning OPT passes. (Maybe there is more to do..)
3.10.31. Executing OPT_MUXTREE pass (detect dead branches in mux trees).
3.10.32. Executing OPT_REDUCE pass (consolidate $*mux and $reduce_* inputs).
3.10.33. Executing OPT_MERGE pass (detect identical cells).
3.10.34. Executing OPT_DFF pass (perform DFF optimizations).
3.10.35. Executing OPT_CLEAN pass (remove unused cells and wires).
3.10.36. Executing OPT_EXPR pass (perform const folding).
3.10.37. Finished fast OPT passes. (There is nothing left to do.)
3.11. Executing WREDUCE pass (reducing word size of cells).
3.12. Executing PEEPOPT pass (run peephole optimizers).
3.13. Executing OPT_CLEAN pass (remove unused cells and wires).
3.14. Executing ALUMACC pass (create $alu and $macc cells).
3.15. Executing SHARE pass (SAT-based resource sharing).
3.16. Executing OPT pass (performing simple optimizations).
3.16.1. Executing OPT_EXPR pass (perform const folding).
3.16.2. Executing OPT_MERGE pass (detect identical cells).
3.16.3. Executing OPT_MUXTREE pass (detect dead branches in mux trees).
3.16.4. Executing OPT_REDUCE pass (consolidate $*mux and $reduce_* inputs).
3.16.5. Executing OPT_MERGE pass (detect identical cells).
3.16.6. Executing OPT_DFF pass (perform DFF optimizations).
3.16.7. Executing OPT_CLEAN pass (remove unused cells and wires).
3.16.8. Executing OPT_EXPR pass (perform const folding).
3.16.9. Rerunning OPT passes. (Maybe there is more to do..)
3.16.10. Executing OPT_MUXTREE pass (detect dead branches in mux trees).
3.16.11. Executing OPT_REDUCE pass (consolidate $*mux and $reduce_* inputs).
3.16.12. Executing OPT_MERGE pass (detect identical cells).
3.16.13. Executing OPT_DFF pass (perform DFF optimizations).
3.16.14. Executing OPT_CLEAN pass (remove unused cells and wires).
3.16.15. Executing OPT_EXPR pass (perform const folding).
3.16.16. Finished fast OPT passes. (There is nothing left to do.)
3.17. Executing MEMORY pass.
3.17.1. Executing OPT_MEM pass (optimize memories).
3.17.2. Executing OPT_MEM_PRIORITY pass (removing unnecessary memory write priority relations).
3.17.3. Executing OPT_MEM_FEEDBACK pass (finding memory read-to-write feedback paths).
3.17.4. Executing MEMORY_BMUX2ROM pass (converting muxes to ROMs).
3.17.5. Executing MEMORY_DFF pass (merging $dff cells to $memrd).
3.17.6. Executing OPT_CLEAN pass (remove unused cells and wires).
3.17.7. Executing MEMORY_SHARE pass (consolidating $memrd/$memwr cells).
3.17.8. Executing OPT_MEM_WIDEN pass (optimize memories where all ports are wide).
3.17.9. Executing OPT_CLEAN pass (remove unused cells and wires).
3.17.10. Executing MEMORY_COLLECT pass (generating $mem cells).
3.18. Executing OPT_CLEAN pass (remove unused cells and wires).
4. Executing TECHMAP pass (map to technology primitives).
4.1. Executing Verilog-2005 frontend: /OpenROAD-flow-scripts/tools/install/yosys/bin/../share/yosys/techmap.v
4.2. Continuing TECHMAP pass.
5. Generating architectural options for $alu
5.1. Executing WRAPCELL pass. (wrap selected cells)
5.2. Executing TECHMAP pass (map to technology primitives).
5.2.1. Executing Verilog-2005 frontend: /OpenROAD-flow-scripts/tools/install/yosys/bin/../share/yosys/techmap.v
5.2.2. Executing Verilog-2005 frontend: /OpenROAD-flow-scripts/tools/install/yosys/bin/../share/yosys/choices/han-carlson.v
5.2.3. Continuing TECHMAP pass.
Warning: Latch inferred for signal `$paramod\_80_lcu_han_carlson\WIDTH=32'00000000000000000000000000100010.\j [4:0]' from process `$paramod\_80_lcu_han_carlson\WIDTH=32'00000000000000000000000000100010.$proc$/OpenROAD-flow-scripts/tools/install/yosys/bin/../share/yosys/choices/han-carlson.v:18$86647': $auto$proc_dlatch.cc:545:proc_dlatch$87967
Warning: Latch inferred for signal `$paramod\_80_lcu_han_carlson\WIDTH=32'00000000000000000000000000100010.\j [31:5]' from process `$paramod\_80_lcu_han_carlson\WIDTH=32'00000000000000000000000000100010.$proc$/OpenROAD-flow-scripts/tools/install/yosys/bin/../share/yosys/choices/han-carlson.v:18$86647': $auto$proc_dlatch.cc:547:proc_dlatch$87970
Warning: Latch inferred for signal `$paramod\_80_lcu_han_carlson\WIDTH=32'00000000000000000000000000100001.\j [4:0]' from process `$paramod\_80_lcu_han_carlson\WIDTH=32'00000000000000000000000000100001.$proc$/OpenROAD-flow-scripts/tools/install/yosys/bin/../share/yosys/choices/han-carlson.v:18$88515': $auto$proc_dlatch.cc:545:proc_dlatch$89775
Warning: Latch inferred for signal `$paramod\_80_lcu_han_carlson\WIDTH=32'00000000000000000000000000100001.\j [31:5]' from process `$paramod\_80_lcu_han_carlson\WIDTH=32'00000000000000000000000000100001.$proc$/OpenROAD-flow-scripts/tools/install/yosys/bin/../share/yosys/choices/han-carlson.v:18$88515': $auto$proc_dlatch.cc:547:proc_dlatch$89778
Warning: Latch inferred for signal `$paramod\_80_lcu_han_carlson\WIDTH=32'00000000000000000000000000100000.\j [3:0]' from process `$paramod\_80_lcu_han_carlson\WIDTH=32'00000000000000000000000000100000.$proc$/OpenROAD-flow-scripts/tools/install/yosys/bin/../share/yosys/choices/han-carlson.v:18$90263': $auto$proc_dlatch.cc:545:proc_dlatch$91490
Warning: Latch inferred for signal `$paramod\_80_lcu_han_carlson\WIDTH=32'00000000000000000000000000100000.\j [31:4]' from process `$paramod\_80_lcu_han_carlson\WIDTH=32'00000000000000000000000000100000.$proc$/OpenROAD-flow-scripts/tools/install/yosys/bin/../share/yosys/choices/han-carlson.v:18$90263': $auto$proc_dlatch.cc:547:proc_dlatch$91493
5.3. Executing TECHMAP pass (map to technology primitives).
5.3.1. Executing Verilog-2005 frontend: /OpenROAD-flow-scripts/tools/install/yosys/bin/../share/yosys/techmap.v
5.3.2. Executing Verilog-2005 frontend: /OpenROAD-flow-scripts/tools/install/yosys/bin/../share/yosys/choices/kogge-stone.v
5.3.3. Continuing TECHMAP pass.
5.4. Executing TECHMAP pass (map to technology primitives).
5.4.1. Executing Verilog-2005 frontend: /OpenROAD-flow-scripts/tools/install/yosys/bin/../share/yosys/techmap.v
5.4.2. Executing Verilog-2005 frontend: /OpenROAD-flow-scripts/tools/install/yosys/bin/../share/yosys/choices/sklansky.v
5.4.3. Continuing TECHMAP pass.
5.5. Executing TECHMAP pass (map to technology primitives).
5.5.1. Executing Verilog-2005 frontend: /OpenROAD-flow-scripts/tools/install/yosys/bin/../share/yosys/techmap.v
5.5.2. Continuing TECHMAP pass.
6. Generating architectural options for $macc
6.1. Executing WRAPCELL pass. (wrap selected cells)
6.2. Executing TECHMAP pass (map to technology primitives).
6.2.1. Executing Verilog-2005 frontend: /OpenROAD-flow-scripts/tools/install/yosys/bin/../share/yosys/techmap.v
6.2.2. Executing Verilog-2005 frontend: /OpenROAD-flow-scripts/flow/scripts/synth_wrap_operators-booth.v
6.2.3. Continuing TECHMAP pass.
6.3. Executing TECHMAP pass (map to technology primitives).
6.3.1. Executing Verilog-2005 frontend: /OpenROAD-flow-scripts/tools/install/yosys/bin/../share/yosys/techmap.v
6.3.2. Executing Verilog-2005 frontend: /OpenROAD-flow-scripts/tools/install/yosys/bin/../share/yosys/choices/han-carlson.v
6.3.3. Continuing TECHMAP pass.
7. Executing OPT pass (performing simple optimizations).
7.1. Executing OPT_EXPR pass (perform const folding).
7.2. Executing OPT_MERGE pass (detect identical cells).
7.3. Executing OPT_DFF pass (perform DFF optimizations).
7.4. Executing OPT_CLEAN pass (remove unused cells and wires).
7.5. Rerunning OPT passes. (Removed registers in this run.)
7.6. Executing OPT_EXPR pass (perform const folding).
7.7. Executing OPT_MERGE pass (detect identical cells).
7.8. Executing OPT_DFF pass (perform DFF optimizations).
7.9. Executing OPT_CLEAN pass (remove unused cells and wires).
7.10. Rerunning OPT passes. (Removed registers in this run.)
7.11. Executing OPT_EXPR pass (perform const folding).
7.12. Executing OPT_MERGE pass (detect identical cells).
7.13. Executing OPT_DFF pass (perform DFF optimizations).
7.14. Executing OPT_CLEAN pass (remove unused cells and wires).
7.15. Finished fast OPT passes.
8. Executing MEMORY_MAP pass (converting memories to logic and flip-flops).
9. Executing OPT pass (performing simple optimizations).
9.1. Executing OPT_EXPR pass (perform const folding).
9.2. Executing OPT_MERGE pass (detect identical cells).
9.3. Executing OPT_MUXTREE pass (detect dead branches in mux trees).
9.4. Executing OPT_REDUCE pass (consolidate $*mux and $reduce_* inputs).
9.5. Executing OPT_MERGE pass (detect identical cells).
9.6. Executing OPT_SHARE pass.
9.7. Executing OPT_DFF pass (perform DFF optimizations).
9.8. Executing OPT_CLEAN pass (remove unused cells and wires).
9.9. Executing OPT_EXPR pass (perform const folding).
9.10. Rerunning OPT passes. (Maybe there is more to do..)
9.11. Executing OPT_MUXTREE pass (detect dead branches in mux trees).
9.12. Executing OPT_REDUCE pass (consolidate $*mux and $reduce_* inputs).
9.13. Executing OPT_MERGE pass (detect identical cells).
9.14. Executing OPT_SHARE pass.
9.15. Executing OPT_DFF pass (perform DFF optimizations).
9.16. Executing OPT_CLEAN pass (remove unused cells and wires).
9.17. Executing OPT_EXPR pass (perform const folding).
9.18. Rerunning OPT passes. (Maybe there is more to do..)
9.19. Executing OPT_MUXTREE pass (detect dead branches in mux trees).
9.20. Executing OPT_REDUCE pass (consolidate $*mux and $reduce_* inputs).
9.21. Executing OPT_MERGE pass (detect identical cells).
9.22. Executing OPT_SHARE pass.
9.23. Executing OPT_DFF pass (perform DFF optimizations).
9.24. Executing OPT_CLEAN pass (remove unused cells and wires).
9.25. Executing OPT_EXPR pass (perform const folding).
9.26. Finished fast OPT passes. (There is nothing left to do.)
10. Executing TECHMAP pass (map to technology primitives).
10.1. Executing Verilog-2005 frontend: /OpenROAD-flow-scripts/tools/install/yosys/bin/../share/yosys/techmap.v
10.2. Executing Verilog-2005 frontend: /OpenROAD-flow-scripts/tools/install/yosys/bin/../share/yosys/choices/han-carlson.v
10.3. Continuing TECHMAP pass.
Warning: Latch inferred for signal `$paramod\_80_lcu_han_carlson\WIDTH=32'00000000000000000000000000000001.\j' from process `$paramod\_80_lcu_han_carlson\WIDTH=32'00000000000000000000000000000001.$proc$/OpenROAD-flow-scripts/tools/install/yosys/bin/../share/yosys/choices/han-carlson.v:18$113926': $auto$proc_dlatch.cc:545:proc_dlatch$113964
Warning: Latch inferred for signal `$paramod\_80_lcu_han_carlson\WIDTH=32'00000000000000000000000000000101.\j [1:0]' from process `$paramod\_80_lcu_han_carlson\WIDTH=32'00000000000000000000000000000101.$proc$/OpenROAD-flow-scripts/tools/install/yosys/bin/../share/yosys/choices/han-carlson.v:18$113982': $auto$proc_dlatch.cc:545:proc_dlatch$114138
Warning: Latch inferred for signal `$paramod\_80_lcu_han_carlson\WIDTH=32'00000000000000000000000000000101.\j [31:2]' from process `$paramod\_80_lcu_han_carlson\WIDTH=32'00000000000000000000000000000101.$proc$/OpenROAD-flow-scripts/tools/install/yosys/bin/../share/yosys/choices/han-carlson.v:18$113982': $auto$proc_dlatch.cc:547:proc_dlatch$114141
Warning: Latch inferred for signal `$paramod\_80_lcu_han_carlson\WIDTH=32'00000000000000000000000000000010.\j' from process `$paramod\_80_lcu_han_carlson\WIDTH=32'00000000000000000000000000000010.$proc$/OpenROAD-flow-scripts/tools/install/yosys/bin/../share/yosys/choices/han-carlson.v:18$114158': $auto$proc_dlatch.cc:545:proc_dlatch$114211
Warning: Latch inferred for signal `$paramod\_80_lcu_han_carlson\WIDTH=32'00000000000000000000000001000000.\j [4:0]' from process `$paramod\_80_lcu_han_carlson\WIDTH=32'00000000000000000000000001000000.$proc$/OpenROAD-flow-scripts/tools/install/yosys/bin/../share/yosys/choices/han-carlson.v:18$114349': $auto$proc_dlatch.cc:545:proc_dlatch$117064
Warning: Latch inferred for signal `$paramod\_80_lcu_han_carlson\WIDTH=32'00000000000000000000000001000000.\j [31:5]' from process `$paramod\_80_lcu_han_carlson\WIDTH=32'00000000000000000000000001000000.$proc$/OpenROAD-flow-scripts/tools/install/yosys/bin/../share/yosys/choices/han-carlson.v:18$114349': $auto$proc_dlatch.cc:547:proc_dlatch$117067
Warning: Latch inferred for signal `$paramod\_80_lcu_han_carlson\WIDTH=32'00000000000000000000000000011111.\j [3:0]' from process `$paramod\_80_lcu_han_carlson\WIDTH=32'00000000000000000000000000011111.$proc$/OpenROAD-flow-scripts/tools/install/yosys/bin/../share/yosys/choices/han-carlson.v:18$117394': $auto$proc_dlatch.cc:545:proc_dlatch$118570
Warning: Latch inferred for signal `$paramod\_80_lcu_han_carlson\WIDTH=32'00000000000000000000000000011111.\j [31:4]' from process `$paramod\_80_lcu_han_carlson\WIDTH=32'00000000000000000000000000011111.$proc$/OpenROAD-flow-scripts/tools/install/yosys/bin/../share/yosys/choices/han-carlson.v:18$117394': $auto$proc_dlatch.cc:547:proc_dlatch$118573
Warning: Latch inferred for signal `$paramod\_80_lcu_han_carlson\WIDTH=32'00000000000000000000000000001100.\j [2:0]' from process `$paramod\_80_lcu_han_carlson\WIDTH=32'00000000000000000000000000001100.$proc$/OpenROAD-flow-scripts/tools/install/yosys/bin/../share/yosys/choices/han-carlson.v:18$118684': $auto$proc_dlatch.cc:545:proc_dlatch$119089
Warning: Latch inferred for signal `$paramod\_80_lcu_han_carlson\WIDTH=32'00000000000000000000000000001100.\j [31:3]' from process `$paramod\_80_lcu_han_carlson\WIDTH=32'00000000000000000000000000001100.$proc$/OpenROAD-flow-scripts/tools/install/yosys/bin/../share/yosys/choices/han-carlson.v:18$118684': $auto$proc_dlatch.cc:547:proc_dlatch$119092
Warning: Latch inferred for signal `$paramod\_80_lcu_han_carlson\WIDTH=32'00000000000000000000000000011110.\j [3:0]' from process `$paramod\_80_lcu_han_carlson\WIDTH=32'00000000000000000000000000011110.$proc$/OpenROAD-flow-scripts/tools/install/yosys/bin/../share/yosys/choices/han-carlson.v:18$119289': $auto$proc_dlatch.cc:545:proc_dlatch$120432
Warning: Latch inferred for signal `$paramod\_80_lcu_han_carlson\WIDTH=32'00000000000000000000000000011110.\j [31:4]' from process `$paramod\_80_lcu_han_carlson\WIDTH=32'00000000000000000000000000011110.$proc$/OpenROAD-flow-scripts/tools/install/yosys/bin/../share/yosys/choices/han-carlson.v:18$119289': $auto$proc_dlatch.cc:547:proc_dlatch$120435
Warning: Latch inferred for signal `$paramod\_80_lcu_han_carlson\WIDTH=32'00000000000000000000000000001000.\j [1:0]' from process `$paramod\_80_lcu_han_carlson\WIDTH=32'00000000000000000000000000001000.$proc$/OpenROAD-flow-scripts/tools/install/yosys/bin/../share/yosys/choices/han-carlson.v:18$120902': $auto$proc_dlatch.cc:545:proc_dlatch$121157
Warning: Latch inferred for signal `$paramod\_80_lcu_han_carlson\WIDTH=32'00000000000000000000000000001000.\j [31:2]' from process `$paramod\_80_lcu_han_carlson\WIDTH=32'00000000000000000000000000001000.$proc$/OpenROAD-flow-scripts/tools/install/yosys/bin/../share/yosys/choices/han-carlson.v:18$120902': $auto$proc_dlatch.cc:547:proc_dlatch$121160
Warning: Latch inferred for signal `$paramod\_80_lcu_han_carlson\WIDTH=32'00000000000000000000000000000011.\j [0]' from process `$paramod\_80_lcu_han_carlson\WIDTH=32'00000000000000000000000000000011.$proc$/OpenROAD-flow-scripts/tools/install/yosys/bin/../share/yosys/choices/han-carlson.v:18$121182': $auto$proc_dlatch.cc:545:proc_dlatch$121281
Warning: Latch inferred for signal `$paramod\_80_lcu_han_carlson\WIDTH=32'00000000000000000000000000000011.\j [31:1]' from process `$paramod\_80_lcu_han_carlson\WIDTH=32'00000000000000000000000000000011.$proc$/OpenROAD-flow-scripts/tools/install/yosys/bin/../share/yosys/choices/han-carlson.v:18$121182': $auto$proc_dlatch.cc:547:proc_dlatch$121284
11. Executing OPT pass (performing simple optimizations).
11.1. Executing OPT_EXPR pass (perform const folding).
11.2. Executing OPT_MERGE pass (detect identical cells).
11.3. Executing OPT_MUXTREE pass (detect dead branches in mux trees).
11.4. Executing OPT_REDUCE pass (consolidate $*mux and $reduce_* inputs).
11.5. Executing OPT_MERGE pass (detect identical cells).
11.6. Executing OPT_DFF pass (perform DFF optimizations).
11.7. Executing OPT_CLEAN pass (remove unused cells and wires).
11.8. Executing OPT_EXPR pass (perform const folding).
11.9. Rerunning OPT passes. (Maybe there is more to do..)
11.10. Executing OPT_MUXTREE pass (detect dead branches in mux trees).
11.11. Executing OPT_REDUCE pass (consolidate $*mux and $reduce_* inputs).
11.12. Executing OPT_MERGE pass (detect identical cells).
11.13. Executing OPT_DFF pass (perform DFF optimizations).
11.14. Executing OPT_CLEAN pass (remove unused cells and wires).
11.15. Executing OPT_EXPR pass (perform const folding).
11.16. Finished fast OPT passes. (There is nothing left to do.)
12. Executing DFFLEGALIZE pass (convert FFs to types supported by the target).
13. Executing TECHMAP pass (map to technology primitives).
13.1. Executing Verilog-2005 frontend: /OpenROAD-flow-scripts/flow/platforms/sky130hd/cells_latch_hd.v
13.2. Continuing TECHMAP pass.
14. Executing DFFLIBMAP pass (mapping DFF cells to sequential cells from liberty file).
14.1. Executing DFFLEGALIZE pass (convert FFs to types supported by the target).
15. Executing OPT pass (performing simple optimizations).
15.1. Executing OPT_EXPR pass (perform const folding).
15.2. Executing OPT_MERGE pass (detect identical cells).
15.3. Executing OPT_MUXTREE pass (detect dead branches in mux trees).
15.4. Executing OPT_REDUCE pass (consolidate $*mux and $reduce_* inputs).
15.5. Executing OPT_MERGE pass (detect identical cells).
15.6. Executing OPT_DFF pass (perform DFF optimizations).
15.7. Executing OPT_CLEAN pass (remove unused cells and wires).
15.8. Executing OPT_EXPR pass (perform const folding).
15.9. Rerunning OPT passes. (Maybe there is more to do..)
15.10. Executing OPT_MUXTREE pass (detect dead branches in mux trees).
15.11. Executing OPT_REDUCE pass (consolidate $*mux and $reduce_* inputs).
15.12. Executing OPT_MERGE pass (detect identical cells).
15.13. Executing OPT_DFF pass (perform DFF optimizations).
15.14. Executing OPT_CLEAN pass (remove unused cells and wires).
15.15. Executing OPT_EXPR pass (perform const folding).
15.16. Finished fast OPT passes. (There is nothing left to do.)
16. Executing SETUNDEF pass (replace undef values with defined constants).
abc_new -liberty /OpenROAD-flow-scripts/flow/platforms/sky130hd/lib/sky130_fd_sc_hd__tt_025C_1v80.lib -dont_use sky130_fd_sc_hd__probe_p_8 -dont_use sky130_fd_sc_hd__probec_p_8 -dont_use sky130_fd_sc_hd__lpflow_bleeder_1 -dont_use sky130_fd_sc_hd__lpflow_clkbufkapwr_1 -dont_use sky130_fd_sc_hd__lpflow_clkbufkapwr_16 -dont_use sky130_fd_sc_hd__lpflow_clkbufkapwr_2 -dont_use sky130_fd_sc_hd__lpflow_clkbufkapwr_4 -dont_use sky130_fd_sc_hd__lpflow_clkbufkapwr_8 -dont_use sky130_fd_sc_hd__lpflow_clkinvkapwr_1 -dont_use sky130_fd_sc_hd__lpflow_clkinvkapwr_16 -dont_use sky130_fd_sc_hd__lpflow_clkinvkapwr_2 -dont_use sky130_fd_sc_hd__lpflow_clkinvkapwr_4 -dont_use sky130_fd_sc_hd__lpflow_clkinvkapwr_8 -dont_use sky130_fd_sc_hd__lpflow_decapkapwr_12 -dont_use sky130_fd_sc_hd__lpflow_decapkapwr_3 -dont_use sky130_fd_sc_hd__lpflow_decapkapwr_4 -dont_use sky130_fd_sc_hd__lpflow_decapkapwr_6 -dont_use sky130_fd_sc_hd__lpflow_decapkapwr_8 -dont_use sky130_fd_sc_hd__lpflow_inputiso0n_1 -dont_use sky130_fd_sc_hd__lpflow_inputiso0p_1 -dont_use sky130_fd_sc_hd__lpflow_inputiso1n_1 -dont_use sky130_fd_sc_hd__lpflow_inputiso1p_1 -dont_use sky130_fd_sc_hd__lpflow_inputisolatch_1 -dont_use sky130_fd_sc_hd__lpflow_isobufsrc_1 -dont_use sky130_fd_sc_hd__lpflow_isobufsrc_16 -dont_use sky130_fd_sc_hd__lpflow_isobufsrc_2 -dont_use sky130_fd_sc_hd__lpflow_isobufsrc_4 -dont_use sky130_fd_sc_hd__lpflow_isobufsrc_8 -dont_use sky130_fd_sc_hd__lpflow_isobufsrckapwr_16 -dont_use sky130_fd_sc_hd__lpflow_lsbuf_lh_hl_isowell_tap_1 -dont_use sky130_fd_sc_hd__lpflow_lsbuf_lh_hl_isowell_tap_2 -dont_use sky130_fd_sc_hd__lpflow_lsbuf_lh_hl_isowell_tap_4 -dont_use sky130_fd_sc_hd__lpflow_lsbuf_lh_isowell_4 -dont_use sky130_fd_sc_hd__lpflow_lsbuf_lh_isowell_tap_1 -dont_use sky130_fd_sc_hd__lpflow_lsbuf_lh_isowell_tap_2 -dont_use sky130_fd_sc_hd__lpflow_lsbuf_lh_isowell_tap_4 -constr /work/objects/sky130hd/m7_j2/final_dd7fe6/abc.constr -D 20.0
Warning: Feature 'abc_new' is experimental.
17. Executing ABC_NEW pass.
17.1. Executing ABC9_OPS pass (helper functions for ABC9).
17.2. Executing BOX_DERIVE pass. (derive modules for boxes)
17.3. Executing ABC9_OPS pass (helper functions for ABC9).
17.4. Executing ABC9_OPS pass (helper functions for ABC9).
17.5. Mapping module 'ALU_33_0_33_0_33_unused_CO_X_Y[0]_HAN_CARLSON'.
17.5.1. Executing ABC9_OPS pass (helper functions for ABC9).
Warning: Feature 'write_xaiger2' is experimental.
17.5.2. Executing XAIGER2 backend.
17.5.3. Executing ABC9_EXE pass (technology mapping using ABC9).
17.5.4. Executing ABC9.
Warning: Feature 'read_xaiger2' is experimental.
17.5.5. Executing XAIGER2 frontend.
17.6. Executing PORTARCS pass. (derive propagation arcs)
17.7. Executing ABC9_OPS pass (helper functions for ABC9).
17.8. Mapping module 'ALU_32_0_29_0_32_unused_CO[30:0]_Y_HAN_CARLSON'.
17.8.1. Executing ABC9_OPS pass (helper functions for ABC9).
17.8.2. Executing XAIGER2 backend.
17.8.3. Executing ABC9_EXE pass (technology mapping using ABC9).
17.8.4. Executing ABC9.
17.8.5. Executing XAIGER2 frontend.
17.9. Executing PORTARCS pass. (derive propagation arcs)
17.10. Executing ABC9_OPS pass (helper functions for ABC9).
17.11. Mapping module 'ALU_30_0_32_0_32_unused_CO[30:0]_X_Y_HAN_CARLSON'.
17.11.1. Executing ABC9_OPS pass (helper functions for ABC9).
17.11.2. Executing XAIGER2 backend.
17.11.3. Executing ABC9_EXE pass (technology mapping using ABC9).
17.11.4. Executing ABC9.
17.11.5. Executing XAIGER2 frontend.
17.12. Executing PORTARCS pass. (derive propagation arcs)
17.13. Executing ABC9_OPS pass (helper functions for ABC9).
17.14. Mapping module 'ALU_30_0_32_0_32_unused_CO[30:0]_Y_HAN_CARLSON'.
17.14.1. Executing ABC9_OPS pass (helper functions for ABC9).
17.14.2. Executing XAIGER2 backend.
17.14.3. Executing ABC9_EXE pass (technology mapping using ABC9).
17.14.4. Executing ABC9.
17.14.5. Executing XAIGER2 frontend.
17.15. Executing PORTARCS pass. (derive propagation arcs)
17.16. Executing ABC9_OPS pass (helper functions for ABC9).
17.17. Mapping module 'ALU_32_0_32_0_32_unused_CO[30:0]_Y_HAN_CARLSON'.
17.17.1. Executing ABC9_OPS pass (helper functions for ABC9).
17.17.2. Executing XAIGER2 backend.
17.17.3. Executing ABC9_EXE pass (technology mapping using ABC9).
17.17.4. Executing ABC9.
17.17.5. Executing XAIGER2 frontend.
17.18. Executing PORTARCS pass. (derive propagation arcs)
17.19. Executing ABC9_OPS pass (helper functions for ABC9).
17.20. Mapping module 'ALU_32_0_30_0_32_unused_CO[30:0]_Y_HAN_CARLSON'.
17.20.1. Executing ABC9_OPS pass (helper functions for ABC9).
17.20.2. Executing XAIGER2 backend.
17.20.3. Executing ABC9_EXE pass (technology mapping using ABC9).
17.20.4. Executing ABC9.
17.20.5. Executing XAIGER2 frontend.
17.21. Executing PORTARCS pass. (derive propagation arcs)
17.22. Executing ABC9_OPS pass (helper functions for ABC9).
17.23. Mapping module 'ALU_33_0_33_0_33_HAN_CARLSON'.
17.23.1. Executing ABC9_OPS pass (helper functions for ABC9).
17.23.2. Executing XAIGER2 backend.
17.23.3. Executing ABC9_EXE pass (technology mapping using ABC9).
17.23.4. Executing ABC9.
17.23.5. Executing XAIGER2 frontend.
17.24. Executing PORTARCS pass. (derive propagation arcs)
17.25. Executing ABC9_OPS pass (helper functions for ABC9).
17.26. Mapping module 'ALU_34_0_34_0_34_HAN_CARLSON'.
17.26.1. Executing ABC9_OPS pass (helper functions for ABC9).
17.26.2. Executing XAIGER2 backend.
17.26.3. Executing ABC9_EXE pass (technology mapping using ABC9).
17.26.4. Executing ABC9.
17.26.5. Executing XAIGER2 frontend.
17.27. Executing PORTARCS pass. (derive propagation arcs)
17.28. Executing ABC9_OPS pass (helper functions for ABC9).
17.29. Mapping module 'm7_ppa_j2_top'.
17.29.1. Executing ABC9_OPS pass (helper functions for ABC9).
17.29.2. Executing XAIGER2 backend.
17.29.3. Executing ABC9_EXE pass (technology mapping using ABC9).
17.29.4. Executing ABC9.
Warning: ABC: execution of command ""/OpenROAD-flow-scripts/tools/install/yosys/bin/yosys-abc" -s -f /tmp/yosys-abc-2fX1FO/abc.script 2>&1" failed: return code 134.
17.29.5. Executing XAIGER2 frontend.
17.30. Mapping module 'ALU_34_0_34_0_34_BRENT_KUNG'.
17.30.1. Executing ABC9_OPS pass (helper functions for ABC9).
17.30.2. Executing XAIGER2 backend.
17.30.3. Executing ABC9_EXE pass (technology mapping using ABC9).
17.30.4. Executing ABC9.
17.30.5. Executing XAIGER2 frontend.
17.31. Executing PORTARCS pass. (derive propagation arcs)
17.32. Executing ABC9_OPS pass (helper functions for ABC9).
17.33. Mapping module 'ALU_34_0_34_0_34_SKLANSKY'.
17.33.1. Executing ABC9_OPS pass (helper functions for ABC9).
17.33.2. Executing XAIGER2 backend.
17.33.3. Executing ABC9_EXE pass (technology mapping using ABC9).
17.33.4. Executing ABC9.
17.33.5. Executing XAIGER2 frontend.
17.34. Executing PORTARCS pass. (derive propagation arcs)
17.35. Executing ABC9_OPS pass (helper functions for ABC9).
17.36. Mapping module 'ALU_34_0_34_0_34_KOGGE_STONE'.
17.36.1. Executing ABC9_OPS pass (helper functions for ABC9).
17.36.2. Executing XAIGER2 backend.
17.36.3. Executing ABC9_EXE pass (technology mapping using ABC9).
17.36.4. Executing ABC9.
17.36.5. Executing XAIGER2 frontend.
17.37. Executing PORTARCS pass. (derive propagation arcs)
17.38. Executing ABC9_OPS pass (helper functions for ABC9).
17.39. Mapping module 'ALU_33_0_33_0_33_BRENT_KUNG'.
17.39.1. Executing ABC9_OPS pass (helper functions for ABC9).
17.39.2. Executing XAIGER2 backend.
17.39.3. Executing ABC9_EXE pass (technology mapping using ABC9).
17.39.4. Executing ABC9.
17.39.5. Executing XAIGER2 frontend.
17.40. Executing PORTARCS pass. (derive propagation arcs)
17.41. Executing ABC9_OPS pass (helper functions for ABC9).
17.42. Mapping module 'ALU_33_0_33_0_33_SKLANSKY'.
17.42.1. Executing ABC9_OPS pass (helper functions for ABC9).
17.42.2. Executing XAIGER2 backend.
17.42.3. Executing ABC9_EXE pass (technology mapping using ABC9).
17.42.4. Executing ABC9.
17.42.5. Executing XAIGER2 frontend.
17.43. Executing PORTARCS pass. (derive propagation arcs)
17.44. Executing ABC9_OPS pass (helper functions for ABC9).
17.45. Mapping module 'ALU_33_0_33_0_33_KOGGE_STONE'.
17.45.1. Executing ABC9_OPS pass (helper functions for ABC9).
17.45.2. Executing XAIGER2 backend.
17.45.3. Executing ABC9_EXE pass (technology mapping using ABC9).
17.45.4. Executing ABC9.
17.45.5. Executing XAIGER2 frontend.
17.46. Executing PORTARCS pass. (derive propagation arcs)
17.47. Executing ABC9_OPS pass (helper functions for ABC9).
17.48. Mapping module 'ALU_32_0_30_0_32_unused_CO[30:0]_Y_BRENT_KUNG'.
17.48.1. Executing ABC9_OPS pass (helper functions for ABC9).
17.48.2. Executing XAIGER2 backend.
17.48.3. Executing ABC9_EXE pass (technology mapping using ABC9).
17.48.4. Executing ABC9.
17.48.5. Executing XAIGER2 frontend.
17.49. Executing PORTARCS pass. (derive propagation arcs)
17.50. Executing ABC9_OPS pass (helper functions for ABC9).
17.51. Mapping module 'ALU_32_0_30_0_32_unused_CO[30:0]_Y_SKLANSKY'.
17.51.1. Executing ABC9_OPS pass (helper functions for ABC9).
17.51.2. Executing XAIGER2 backend.
17.51.3. Executing ABC9_EXE pass (technology mapping using ABC9).
17.51.4. Executing ABC9.
17.51.5. Executing XAIGER2 frontend.
17.52. Executing PORTARCS pass. (derive propagation arcs)
17.53. Executing ABC9_OPS pass (helper functions for ABC9).
17.54. Mapping module 'ALU_32_0_30_0_32_unused_CO[30:0]_Y_KOGGE_STONE'.
17.54.1. Executing ABC9_OPS pass (helper functions for ABC9).
17.54.2. Executing XAIGER2 backend.
17.54.3. Executing ABC9_EXE pass (technology mapping using ABC9).
17.54.4. Executing ABC9.
17.54.5. Executing XAIGER2 frontend.
17.55. Executing PORTARCS pass. (derive propagation arcs)
17.56. Executing ABC9_OPS pass (helper functions for ABC9).
17.57. Mapping module 'ALU_32_0_32_0_32_unused_CO[30:0]_Y_BRENT_KUNG'.
17.57.1. Executing ABC9_OPS pass (helper functions for ABC9).
17.57.2. Executing XAIGER2 backend.
17.57.3. Executing ABC9_EXE pass (technology mapping using ABC9).
17.57.4. Executing ABC9.
17.57.5. Executing XAIGER2 frontend.
17.58. Executing PORTARCS pass. (derive propagation arcs)
17.59. Executing ABC9_OPS pass (helper functions for ABC9).
17.60. Mapping module 'ALU_32_0_32_0_32_unused_CO[30:0]_Y_SKLANSKY'.
17.60.1. Executing ABC9_OPS pass (helper functions for ABC9).
17.60.2. Executing XAIGER2 backend.
17.60.3. Executing ABC9_EXE pass (technology mapping using ABC9).
17.60.4. Executing ABC9.
17.60.5. Executing XAIGER2 frontend.
17.61. Executing PORTARCS pass. (derive propagation arcs)
17.62. Executing ABC9_OPS pass (helper functions for ABC9).
17.63. Mapping module 'ALU_32_0_32_0_32_unused_CO[30:0]_Y_KOGGE_STONE'.
17.63.1. Executing ABC9_OPS pass (helper functions for ABC9).
17.63.2. Executing XAIGER2 backend.
17.63.3. Executing ABC9_EXE pass (technology mapping using ABC9).
17.63.4. Executing ABC9.
17.63.5. Executing XAIGER2 frontend.
17.64. Executing PORTARCS pass. (derive propagation arcs)
17.65. Executing ABC9_OPS pass (helper functions for ABC9).
17.66. Mapping module 'ALU_30_0_32_0_32_unused_CO[30:0]_Y_BRENT_KUNG'.
17.66.1. Executing ABC9_OPS pass (helper functions for ABC9).
17.66.2. Executing XAIGER2 backend.
17.66.3. Executing ABC9_EXE pass (technology mapping using ABC9).
17.66.4. Executing ABC9.
17.66.5. Executing XAIGER2 frontend.
17.67. Executing PORTARCS pass. (derive propagation arcs)
17.68. Executing ABC9_OPS pass (helper functions for ABC9).
17.69. Mapping module 'ALU_30_0_32_0_32_unused_CO[30:0]_Y_SKLANSKY'.
17.69.1. Executing ABC9_OPS pass (helper functions for ABC9).
17.69.2. Executing XAIGER2 backend.
17.69.3. Executing ABC9_EXE pass (technology mapping using ABC9).
17.69.4. Executing ABC9.
17.69.5. Executing XAIGER2 frontend.
17.70. Executing PORTARCS pass. (derive propagation arcs)
17.71. Executing ABC9_OPS pass (helper functions for ABC9).
17.72. Mapping module 'ALU_30_0_32_0_32_unused_CO[30:0]_Y_KOGGE_STONE'.
17.72.1. Executing ABC9_OPS pass (helper functions for ABC9).
17.72.2. Executing XAIGER2 backend.
17.72.3. Executing ABC9_EXE pass (technology mapping using ABC9).
17.72.4. Executing ABC9.
17.72.5. Executing XAIGER2 frontend.
17.73. Executing PORTARCS pass. (derive propagation arcs)
17.74. Executing ABC9_OPS pass (helper functions for ABC9).
17.75. Mapping module 'ALU_30_0_32_0_32_unused_CO[30:0]_X_Y_BRENT_KUNG'.
17.75.1. Executing ABC9_OPS pass (helper functions for ABC9).
17.75.2. Executing XAIGER2 backend.
17.75.3. Executing ABC9_EXE pass (technology mapping using ABC9).
17.75.4. Executing ABC9.
17.75.5. Executing XAIGER2 frontend.
17.76. Executing PORTARCS pass. (derive propagation arcs)
17.77. Executing ABC9_OPS pass (helper functions for ABC9).
17.78. Mapping module 'ALU_30_0_32_0_32_unused_CO[30:0]_X_Y_SKLANSKY'.
17.78.1. Executing ABC9_OPS pass (helper functions for ABC9).
17.78.2. Executing XAIGER2 backend.
17.78.3. Executing ABC9_EXE pass (technology mapping using ABC9).
17.78.4. Executing ABC9.
17.78.5. Executing XAIGER2 frontend.
17.79. Executing PORTARCS pass. (derive propagation arcs)
17.80. Executing ABC9_OPS pass (helper functions for ABC9).
17.81. Mapping module 'ALU_30_0_32_0_32_unused_CO[30:0]_X_Y_KOGGE_STONE'.
17.81.1. Executing ABC9_OPS pass (helper functions for ABC9).
17.81.2. Executing XAIGER2 backend.
17.81.3. Executing ABC9_EXE pass (technology mapping using ABC9).
17.81.4. Executing ABC9.
17.81.5. Executing XAIGER2 frontend.
17.82. Executing PORTARCS pass. (derive propagation arcs)
17.83. Executing ABC9_OPS pass (helper functions for ABC9).
17.84. Mapping module 'ALU_32_0_29_0_32_unused_CO[30:0]_Y_BRENT_KUNG'.
17.84.1. Executing ABC9_OPS pass (helper functions for ABC9).
17.84.2. Executing XAIGER2 backend.
17.84.3. Executing ABC9_EXE pass (technology mapping using ABC9).
17.84.4. Executing ABC9.
17.84.5. Executing XAIGER2 frontend.
17.85. Executing PORTARCS pass. (derive propagation arcs)
17.86. Executing ABC9_OPS pass (helper functions for ABC9).
17.87. Mapping module 'ALU_32_0_29_0_32_unused_CO[30:0]_Y_SKLANSKY'.
17.87.1. Executing ABC9_OPS pass (helper functions for ABC9).
17.87.2. Executing XAIGER2 backend.
17.87.3. Executing ABC9_EXE pass (technology mapping using ABC9).
17.87.4. Executing ABC9.
17.87.5. Executing XAIGER2 frontend.
17.88. Executing PORTARCS pass. (derive propagation arcs)
17.89. Executing ABC9_OPS pass (helper functions for ABC9).
17.90. Mapping module 'ALU_32_0_29_0_32_unused_CO[30:0]_Y_KOGGE_STONE'.
17.90.1. Executing ABC9_OPS pass (helper functions for ABC9).
17.90.2. Executing XAIGER2 backend.
17.90.3. Executing ABC9_EXE pass (technology mapping using ABC9).
17.90.4. Executing ABC9.
17.90.5. Executing XAIGER2 frontend.
17.91. Executing PORTARCS pass. (derive propagation arcs)
17.92. Executing ABC9_OPS pass (helper functions for ABC9).
17.93. Mapping module 'ALU_33_0_33_0_33_unused_CO_X_Y[0]_BRENT_KUNG'.
17.93.1. Executing ABC9_OPS pass (helper functions for ABC9).
17.93.2. Executing XAIGER2 backend.
17.93.3. Executing ABC9_EXE pass (technology mapping using ABC9).
17.93.4. Executing ABC9.
17.93.5. Executing XAIGER2 frontend.
17.94. Executing PORTARCS pass. (derive propagation arcs)
17.95. Executing ABC9_OPS pass (helper functions for ABC9).
17.96. Mapping module 'ALU_33_0_33_0_33_unused_CO_X_Y[0]_SKLANSKY'.
17.96.1. Executing ABC9_OPS pass (helper functions for ABC9).
17.96.2. Executing XAIGER2 backend.
17.96.3. Executing ABC9_EXE pass (technology mapping using ABC9).
17.96.4. Executing ABC9.
17.96.5. Executing XAIGER2 frontend.
17.97. Executing PORTARCS pass. (derive propagation arcs)
17.98. Executing ABC9_OPS pass (helper functions for ABC9).
17.99. Mapping module 'ALU_33_0_33_0_33_unused_CO_X_Y[0]_KOGGE_STONE'.
17.99.1. Executing ABC9_OPS pass (helper functions for ABC9).
17.99.2. Executing XAIGER2 backend.
17.99.3. Executing ABC9_EXE pass (technology mapping using ABC9).
17.99.4. Executing ABC9.
17.99.5. Executing XAIGER2 frontend.
17.100. Executing PORTARCS pass. (derive propagation arcs)
17.101. Executing ABC9_OPS pass (helper functions for ABC9).
17.102. Executing ABC9_OPS pass (helper functions for ABC9).
Took 44 seconds: abc_new -liberty /OpenROAD-flow-scripts/flow/platforms/sky130hd/lib/sky130_fd_sc_hd__tt_025C_1v80.lib -dont_use sky130_fd_sc_hd__probe_p_8 -dont_use sky130_fd_sc_hd__probec_p_8 -dont_use sky130_fd_sc_hd__lpflow_bleeder_1 -dont_use sky130_fd_sc_hd__lpflow_clkbufkapwr_1 -dont_use sky130_fd_sc_hd__lpflow_clkbufkapwr_16 -dont_use sky130_fd_sc_hd__lpflow_clkbufkapwr_2 -dont_use sky130_fd_sc_hd__lpflow_clkbufkapwr_4 -dont_use sky130_fd_sc_hd__lpflow_clkbufkapwr_8 -dont_use sky130_fd_sc_hd__lpflow_clkinvkapwr_1 -dont_use sky130_fd_sc_hd__lpflow_clkinvkapwr_16 -dont_use sky130_fd_sc_hd__lpflow_clkinvkapwr_2 -dont_use sky130_fd_sc_hd__lpflow_clkinvkapwr_4 -dont_use sky130_fd_sc_hd__lpflow_clkinvkapwr_8 -dont_use sky130_fd_sc_hd__lpflow_decapkapwr_12 -dont_use sky130_fd_sc_hd__lpflow_decapkapwr_3 -dont_use sky130_fd_sc_hd__lpflow_decapkapwr_4 -dont_use sky130_fd_sc_hd__lpflow_decapkapwr_6 -dont_use sky130_fd_sc_hd__lpflow_decapkapwr_8 -dont_use sky130_fd_sc_hd__lpflow_inputiso0n_1 -dont_use sky130_fd_sc_hd__lpflow_inputiso0p_1 -dont_use sky130_fd_sc_hd__lpflow_inputiso1n_1 -dont_use sky130_fd_sc_hd__lpflow_inputiso1p_1 -dont_use sky130_fd_sc_hd__lpflow_inputisolatch_1 -dont_use sky130_fd_sc_hd__lpflow_isobufsrc_1 -dont_use sky130_fd_sc_hd__lpflow_isobufsrc_16 -dont_use sky130_fd_sc_hd__lpflow_isobufsrc_2 -dont_use sky130_fd_sc_hd__lpflow_isobufsrc_4 -dont_use sky130_fd_sc_hd__lpflow_isobufsrc_8 -dont_use sky130_fd_sc_hd__lpflow_isobufsrckapwr_16 -dont_use sky130_fd_sc_hd__lpflow_lsbuf_lh_hl_isowell_tap_1 -dont_use sky130_fd_sc_hd__lpflow_lsbuf_lh_hl_isowell_tap_2 -dont_use sky130_fd_sc_hd__lpflow_lsbuf_lh_hl_isowell_tap_4 -dont_use sky130_fd_sc_hd__lpflow_lsbuf_lh_isowell_4 -dont_use sky130_fd_sc_hd__lpflow_lsbuf_lh_isowell_tap_1 -dont_use sky130_fd_sc_hd__lpflow_lsbuf_lh_isowell_tap_2 -dont_use sky130_fd_sc_hd__lpflow_lsbuf_lh_isowell_tap_4 -constr /work/objects/sky130hd/m7_j2/final_dd7fe6/abc.constr -D 20.0
18. Executing SPLITNETS pass (splitting up multi-bit signals).
19. Executing OPT_CLEAN pass (remove unused cells and wires).
20. Executing HILOMAP pass (mapping to constant drivers).
21. Executing INSBUF pass (insert buffer cells for connected wires).
22. Executing CHECK pass (checking for obvious problems).
23. Printing statistics.
24. Executing CHECK pass (checking for obvious problems).
25. Executing Verilog backend.
25.1. Executing BMUXMAP pass.
25.2. Executing DEMUXMAP pass.
Warnings: 26 unique messages, 26 total
Warnings: 3 experimental features used (not excluded with -x).
End of script. Logfile hash: 38b8eaa15b, time: 53.59s, user: 19.25s, system: 1.19s, MEM: 281.24 MB peak
Yosys 0.68+post (git sha1 UNKNOWN, Release, GNU /usr/local/bin/wrapped-cc/g++ 11.4.0)
Time spent: 64% 33x abc9_exe (37 sec), 11% 1x abc_new (6 sec), ...
Elapsed time: 0:53.67[h:]min:sec. CPU time: user 56.55 sys 1.55 (108%). Peak memory: 289284KB.
Log                       Ext     Elapsed/s Peak Memory/MB sha1sum result [0:20)
1_2_yosys                 .v             53            282 ec8196e34fc2202d901d
cp /repo/m7/ppa/orfs/sky130hd/constraint.sdc /work/results/sky130hd/m7_j2/final_dd7fe6/1_2_yosys.sdc
touch -r /repo/m7/ppa/orfs/sky130hd/constraint.sdc /work/results/sky130hd/m7_j2/final_dd7fe6/1_2_yosys.sdc
OpenROAD 26Q3-1080-gab6fd26351 
Features included (+) or not (-): +GPU +GUI +Python
This program is licensed under the BSD-3 license. See the LICENSE file for details.
Components of this program may be licensed under more restrictive licenses which must be honored.
[INFO ORD-0030] Using 32 thread(s).
mkdir -p /work/objects/sky130hd/m7_j2/final_dd7fe6
/OpenROAD-flow-scripts/flow/scripts/flow.sh 1_synth synth_odb
Running synth_odb.tcl, stage 1_synth
read_liberty /OpenROAD-flow-scripts/flow/platforms/sky130hd/lib/sky130_fd_sc_hd__tt_025C_1v80.lib
[INFO ODB-0227] LEF file: /OpenROAD-flow-scripts/flow/platforms/sky130hd/lef/sky130_fd_sc_hd.tlef, created 13 layers, 25 vias
[INFO ODB-0227] LEF file: /OpenROAD-flow-scripts/flow/platforms/sky130hd/lef/sky130_fd_sc_hd_merged.lef, created 441 library cells
link_design -hier m7_ppa_j2_top
[WARNING ORD-0011] Hierarchical flow (-hier) is currently in development and may cause multiple issues. Do not use in production environments.
read_sdc /work/results/sky130hd/m7_j2/final_dd7fe6/1_2_yosys.sdc
source /OpenROAD-flow-scripts/flow/platforms/sky130hd/setRC.tcl
eliminate_dead_logic
Removed 39 unused instances and 39 unused nets.
Design area 241206 um^2 100% utilization.
write_db /work/results/sky130hd/m7_j2/final_dd7fe6/1_synth.odb
write_sdc -no_timestamp /work/results/sky130hd/m7_j2/final_dd7fe6/1_synth.sdc
Elapsed time: 0:01.00[h:]min:sec. CPU time: user 0.88 sys 0.08 (96%). Peak memory: 209228KB.
Log                       Ext     Elapsed/s Peak Memory/MB sha1sum result [0:20)
1_synth                   .odb            1            204 bfa86b775a9d149c5a71
1_synth                   .sdc                             18625a46dca3efa72ee5
/OpenROAD-flow-scripts/flow/scripts/flow.sh 2_1_floorplan floorplan
Running floorplan.tcl, stage 2_1_floorplan
read_liberty /OpenROAD-flow-scripts/flow/platforms/sky130hd/lib/sky130_fd_sc_hd__tt_025C_1v80.lib
read_db -hier /work/results/sky130hd/m7_j2/final_dd7fe6/1_synth.odb
[WARNING ORD-0012] Hierarchical flow (-hier) is currently in development and may cause multiple issues. Do not use in production environments.
read_sdc /work/results/sky130hd/m7_j2/final_dd7fe6/1_synth.sdc
source /OpenROAD-flow-scripts/flow/platforms/sky130hd/setRC.tcl
Master sky130_ef_sc_hd__decap_12 is loaded but not used in the design

==========================================================================
Floorplan check_setup
--------------------------------------------------------------------------
number instances in verilog is 28028
[INFO IFP-0107] Defining die area using utilization: 50.00% and aspect ratio: 1.
[WARNING IFP-0028] Core area lower left (1.000, 1.000) snapped to (1.380, 2.720).
[INFO IFP-0001] Added 254 rows of 1509 site unithd.
[INFO IFP-0100] Die BBox:  (  0.000  0.000 ) ( 696.560 696.560 ) um
[INFO IFP-0101] Core BBox: (  1.380  2.720 ) ( 695.520 693.600 ) um
[INFO IFP-0102] Core area:                       479567.443 um^2
[INFO IFP-0103] Total instances area:            241206.336 um^2
[INFO IFP-0104] Effective utilization:                0.503
[INFO IFP-0105] Number of instances:                  27963
source /OpenROAD-flow-scripts/flow/platforms/sky130hd/make_tracks.tcl
source /repo/m7/ppa/orfs/sky130hd/fastroute.tcl
Repair tie lo fanout...
[INFO RSZ-0042] Inserted 272 tie sky130_fd_sc_hd__conb_1 instances.
Repair tie hi fanout...
[INFO RSZ-0042] Inserted 234 tie sky130_fd_sc_hd__conb_1 instances.
replace_arith_modules -path_count 1000 -target setup -slack_threshold 0.0
[INFO RSZ-0151] Starting arithmetic module replacement to optimize 'setup' target
[INFO RSZ-0152] Analyzing 1000 critical paths with slack < 0.00
[INFO RSZ-0153] Identified 1910 violating endpoints
[INFO RSZ-0154] Identified 2 critical arithmetic instances
[INFO ODB-0496] swapMaster sanity check passed (0 failures)
[INFO ODB-0496] swapMaster sanity check passed (0 failures)
[INFO RSZ-0160] 2 arithmetic instances have swapped to improve 'setup' target
[INFO RSZ-0026] Removed 4 buffers.
Default units for flow
 time 1ns
 capacitance 1pF
 resistance 1kohm
 voltage 1v
 current 1mA
 power 1nW
 distance 1um
   Layer   | Unit Resistance | Unit Capacitance 
           |       (kohm/um) |          (pF/um)
------------------------------------------------
       li1 |        7.18e-02 |         1.50e-04
      met1 |        1.21e-03 |         1.72e-04
      met2 |        1.22e-03 |         1.36e-04
      met3 |        1.66e-04 |         2.15e-04
      met4 |        1.68e-04 |         1.48e-04
      met5 |        1.84e-05 |         1.54e-04
------------------------------------------------

   Layer   | Via Resistance 
           |         (kohm) 
----------------------------
      mcon |       9.25e-03 
       via |       4.50e-03 
      via2 |       3.37e-03 
      via3 |       3.77e-04 
      via4 |       5.80e-06 
----------------------------
Report metrics stage 2, floorplan final...

==========================================================================
floorplan final report_design_area
--------------------------------------------------------------------------
Design area 242987 um^2 51% utilization.
write_db /work/results/sky130hd/m7_j2/final_dd7fe6/2_1_floorplan.odb
write_sdc -no_timestamp /work/results/sky130hd/m7_j2/final_dd7fe6/2_1_floorplan.sdc
Elapsed time: 0:05.40[h:]min:sec. CPU time: user 7.31 sys 3.45 (199%). Peak memory: 260404KB.
Log                       Ext     Elapsed/s Peak Memory/MB sha1sum result [0:20)
2_1_floorplan             .odb            5            254 1c9aba2eecdd37ecd303
2_1_floorplan             .sdc                             18625a46dca3efa72ee5
/OpenROAD-flow-scripts/flow/scripts/flow.sh 2_2_floorplan_macro macro_place
Running macro_place.tcl, stage 2_2_floorplan_macro
read_liberty /OpenROAD-flow-scripts/flow/platforms/sky130hd/lib/sky130_fd_sc_hd__tt_025C_1v80.lib
read_db -hier /work/results/sky130hd/m7_j2/final_dd7fe6/2_1_floorplan.odb
[WARNING ORD-0012] Hierarchical flow (-hier) is currently in development and may cause multiple issues. Do not use in production environments.
read_sdc /work/results/sky130hd/m7_j2/final_dd7fe6/2_1_floorplan.sdc
source /OpenROAD-flow-scripts/flow/platforms/sky130hd/setRC.tcl
No macros found: Skipping macro_placement
Design area 242987 um^2 51% utilization.
write_db /work/results/sky130hd/m7_j2/final_dd7fe6/2_2_floorplan_macro.odb
Elapsed time: 0:00.43[h:]min:sec. CPU time: user 0.35 sys 0.07 (97%). Peak memory: 190020KB.
Log                       Ext     Elapsed/s Peak Memory/MB sha1sum result [0:20)
2_2_floorplan_macro       .odb            0            185 1c9aba2eecdd37ecd303
/OpenROAD-flow-scripts/flow/scripts/flow.sh 2_3_floorplan_tapcell tapcell
Running tapcell.tcl, stage 2_3_floorplan_tapcell
read_liberty /OpenROAD-flow-scripts/flow/platforms/sky130hd/lib/sky130_fd_sc_hd__tt_025C_1v80.lib
read_db -hier /work/results/sky130hd/m7_j2/final_dd7fe6/2_2_floorplan_macro.odb
[WARNING ORD-0012] Hierarchical flow (-hier) is currently in development and may cause multiple issues. Do not use in production environments.
read_sdc /work/results/sky130hd/m7_j2/final_dd7fe6/2_1_floorplan.sdc
source /OpenROAD-flow-scripts/flow/platforms/sky130hd/setRC.tcl
[INFO TAP-0005] Inserted 6400 tapcells.
Design area 250994 um^2 52% utilization.
write_db /work/results/sky130hd/m7_j2/final_dd7fe6/2_3_floorplan_tapcell.odb
Elapsed time: 0:00.39[h:]min:sec. CPU time: user 0.34 sys 0.05 (98%). Peak memory: 176544KB.
Log                       Ext     Elapsed/s Peak Memory/MB sha1sum result [0:20)
2_3_floorplan_tapcell     .odb            0            172 cf5bddecf1a7dd7a9c3c
/OpenROAD-flow-scripts/flow/scripts/flow.sh 2_4_floorplan_pdn pdn
Running pdn.tcl, stage 2_4_floorplan_pdn
read_liberty /OpenROAD-flow-scripts/flow/platforms/sky130hd/lib/sky130_fd_sc_hd__tt_025C_1v80.lib
read_db -hier /work/results/sky130hd/m7_j2/final_dd7fe6/2_3_floorplan_tapcell.odb
[WARNING ORD-0012] Hierarchical flow (-hier) is currently in development and may cause multiple issues. Do not use in production environments.
read_sdc /work/results/sky130hd/m7_j2/final_dd7fe6/2_1_floorplan.sdc
source /OpenROAD-flow-scripts/flow/platforms/sky130hd/setRC.tcl
[WARNING PDN-1051] No instances found for grid (CORE_macro_grid_1).
[WARNING PDN-1051] No instances found for grid (CORE_macro_grid_2).
[INFO PDN-0001] Inserting grid: grid
[INFO PDN-0500] Runtime: 0.12s
Design area 250994 um^2 52% utilization.
write_db /work/results/sky130hd/m7_j2/final_dd7fe6/2_4_floorplan_pdn.odb
Elapsed time: 0:00.73[h:]min:sec. CPU time: user 0.64 sys 0.07 (97%). Peak memory: 215552KB.
Log                       Ext     Elapsed/s Peak Memory/MB sha1sum result [0:20)
2_4_floorplan_pdn         .odb            0            210 47cf9a6d9880fc4bf9ca
cp /work/results/sky130hd/m7_j2/final_dd7fe6/2_4_floorplan_pdn.odb /work/results/sky130hd/m7_j2/final_dd7fe6/2_floorplan.odb
cp /work/results/sky130hd/m7_j2/final_dd7fe6/2_1_floorplan.sdc /work/results/sky130hd/m7_j2/final_dd7fe6/2_floorplan.sdc
/OpenROAD-flow-scripts/flow/scripts/flow.sh 3_1_place_gp_skip_io global_place_skip_io
Running global_place_skip_io.tcl, stage 3_1_place_gp_skip_io
read_liberty /OpenROAD-flow-scripts/flow/platforms/sky130hd/lib/sky130_fd_sc_hd__tt_025C_1v80.lib
read_db -hier /work/results/sky130hd/m7_j2/final_dd7fe6/2_floorplan.odb
[WARNING ORD-0012] Hierarchical flow (-hier) is currently in development and may cause multiple issues. Do not use in production environments.
read_sdc /work/results/sky130hd/m7_j2/final_dd7fe6/2_floorplan.sdc
source /OpenROAD-flow-scripts/flow/platforms/sky130hd/setRC.tcl
[INFO GPL-0022] Initialize gpl and calculate uniform density.
Placement density is 0.687499994635582, computed from PLACE_DENSITY_LB_ADDON  0.25 and lower bound 0.5699999928474426
global_placement -skip_io -density 0.687499994635582 -pad_left 0 -pad_right 0
[INFO GPL-0001] ---- Initialize GPL Main Data Structures
[INFO GPL-0002] DBU: 1000
[INFO GPL-0003] SiteSize: (  0.460  2.720 ) um
[INFO GPL-0004] CoreBBox: (  1.380  2.720 ) ( 695.520 693.600 ) um
[INFO GPL-0016] Core area:                  479567.443 um^2
[INFO GPL-0036] Movable instances area:     242986.794 um^2
[INFO GPL-0037] Total instances area:       250994.474 um^2
[INFO GPL-0035] Pin density area adjust:     24001.228 um^2
[INFO GPL-0032] ---- Initialize Region: Top-level
[INFO GPL-0006] Number of instances:             34922
[INFO GPL-0007] Movable instances:               28522
[INFO GPL-0008] Fixed instances:                  6400
[INFO GPL-0009] Dummy instances:                     0
[INFO GPL-0010] Number of nets:                  28717
[INFO GPL-0011] Number of pins:                 106367
[INFO GPL-0012] Die BBox:       (  0.000  0.000 ) ( 696.560 696.560 ) um
[INFO GPL-0013] Placement BBox: (  1.380  2.720 ) ( 695.520 693.600 ) um
[INFO GPL-0014] Region name: top-level.
[INFO GPL-0015] Region area:                479567.443 um^2
[INFO GPL-0017] Fixed instances area:         8007.680 um^2
[INFO GPL-0018] Movable instances area:     266988.022 um^2
[INFO GPL-0019] Utilization:                    56.618 %
[INFO GPL-0020] Standard cells area:        266988.022 um^2
[INFO GPL-0021] Large instances area:            0.000 um^2
[INFO GPL-0005] ---- Execute Conjugate Gradient Initial Placement.
[INFO GPL-0051] Source of initial instance position counters:
	Odb location = 0	Core center = 28522	Region center = 0
[INFO GPL-0033] ---- Initialize Nesterov Region: Top-level
[INFO GPL-0023] Placement target density:       0.6875
[INFO GPL-0024] Movable insts average area:      9.361 um^2
[INFO GPL-0025] Ideal bin area:                 13.616 um^2
[INFO GPL-0026] Ideal bin count:                 35221
[INFO GPL-0027] Total bin area:             479567.443 um^2
[INFO GPL-0028] Bin count (X, Y):         128 ,    128
[INFO GPL-0029] Bin size (W * H):       5.423 *  5.397 um
[INFO GPL-0030] Number of bins:                  16384
[INFO GPL-0084] ---- Execute Nesterov Global Placement.
[INFO GPL-0031] HPWL: Half-Perimeter Wirelength
Iteration | Overflow |     HPWL (um) |  HPWL(%) |   Penalty | Group
---------------------------------------------------------------
        0 |   0.9992 |  5.413324e+04 |   +0.00% |  8.69e-16 |      
       10 |   0.9990 |  4.155725e+04 |  -23.23% |  1.42e-15 |      
       20 |   0.9990 |  4.084021e+04 |   -1.73% |  2.31e-15 |      
       30 |   0.9989 |  4.065014e+04 |   -0.47% |  3.76e-15 |      
       40 |   0.9988 |  4.058579e+04 |   -0.16% |  6.12e-15 |      
       50 |   0.9988 |  4.053108e+04 |   -0.13% |  9.97e-15 |      
       60 |   0.9988 |  4.047071e+04 |   -0.15% |  1.62e-14 |      
       70 |   0.9988 |  4.045121e+04 |   -0.05% |  2.65e-14 |      
       80 |   0.9987 |  4.059184e+04 |   +0.35% |  4.31e-14 |      
       90 |   0.9985 |  4.109285e+04 |   +1.23% |  7.02e-14 |      
      100 |   0.9981 |  4.238488e+04 |   +3.14% |  1.14e-13 |      
      110 |   0.9971 |  4.515588e+04 |   +6.54% |  1.86e-13 |      
      120 |   0.9962 |  5.054597e+04 |  +11.94% |  3.03e-13 |      
      130 |   0.9935 |  6.035379e+04 |  +19.40% |  4.93e-13 |      
      140 |   0.9887 |  7.513838e+04 |  +24.50% |  8.02e-13 |      
      150 |   0.9829 |  9.525724e+04 |  +26.78% |  1.30e-12 |      
      160 |   0.9764 |  1.195646e+05 |  +25.52% |  2.12e-12 |      
      170 |   0.9679 |  1.449109e+05 |  +21.20% |  3.44e-12 |      
      180 |   0.9572 |  1.707119e+05 |  +17.80% |  5.59e-12 |      
      190 |   0.9438 |  2.014537e+05 |  +18.01% |  9.07e-12 |      
      200 |   0.9273 |  2.395242e+05 |  +18.90% |  1.47e-11 |      
      210 |   0.9070 |  2.822292e+05 |  +17.83% |  2.39e-11 |      
      220 |   0.8805 |  3.263488e+05 |  +15.63% |  3.87e-11 |      
      230 |   0.8503 |  3.680498e+05 |  +12.78% |  6.27e-11 |      
      240 |   0.8203 |  4.099921e+05 |  +11.40% |  1.02e-10 |      
      250 |   0.7831 |  4.475945e+05 |   +9.17% |  1.65e-10 |      
      260 |   0.7435 |  4.801721e+05 |   +7.28% |  2.68e-10 |      
      270 |   0.6995 |  5.082295e+05 |   +5.84% |  4.35e-10 |      
      280 |   0.6531 |  5.396403e+05 |   +6.18% |  7.06e-10 |      
      290 |   0.6079 |  5.653069e+05 |   +4.76% |  1.15e-09 |      
      300 |   0.5575 |  5.901988e+05 |   +4.40% |  1.86e-09 |      
      310 |   0.5122 |  6.032294e+05 |   +2.21% |  3.03e-09 |      
      320 |   0.4678 |  6.087996e+05 |   +0.92% |  4.93e-09 |      
      330 |   0.4255 |  6.082787e+05 |   -0.09% |  8.03e-09 |      
      340 |   0.3825 |  6.120916e+05 |   +0.63% |  1.31e-08 |      
      350 |   0.3410 |  6.127458e+05 |   +0.11% |  2.11e-08 |      
      360 |   0.3117 |  6.095531e+05 |   -0.52% |  3.10e-08 |      
      370 |   0.2815 |  6.092122e+05 |   -0.06% |  4.57e-08 |      
      380 |   0.2533 |  6.078557e+05 |   -0.22% |  6.74e-08 |      
      390 |   0.2240 |  6.077397e+05 |   -0.02% |  9.92e-08 |      
      400 |   0.1977 |  6.084663e+05 |   +0.12% |  1.46e-07 |      
      410 |   0.1732 |  6.095217e+05 |   +0.17% |  2.15e-07 |      
      420 |   0.1484 |  6.106134e+05 |   +0.18% |  3.17e-07 |      
      430 |   0.1263 |  6.120875e+05 |   +0.24% |  4.67e-07 |      
      440 |   0.1078 |  6.137014e+05 |   +0.26% |  6.88e-07 |      
      445 |   0.0982 |  6.145237e+05 |          |  8.68e-07 |      
---------------------------------------------------------------
[INFO GPL-1001] Global placement finished at iteration 445
[INFO GPL-1002] Placed Cell Area            266988.0220
[INFO GPL-1003] Available Free Area         471559.7632
[INFO GPL-1004] Minimum Feasible Density        0.5700 (cell_area / free_area)
[INFO GPL-1006]   Suggested Target Densities:
[INFO GPL-1007]     - For 90% usage of free space: 0.6291
[INFO GPL-1008]     - For 80% usage of free space: 0.7077
[INFO GPL-1014] Final placement area: 266988.02 (+0.00%)
Took 33 seconds: global_placement -skip_io -density 0.687499994635582 -pad_left 0 -pad_right 0
Design area 250994 um^2 52% utilization.
write_db /work/results/sky130hd/m7_j2/final_dd7fe6/3_1_place_gp_skip_io.odb
Elapsed time: 0:33.63[h:]min:sec. CPU time: user 895.49 sys 0.76 (2664%). Peak memory: 237420KB.
Log                       Ext     Elapsed/s Peak Memory/MB sha1sum result [0:20)
3_1_place_gp_skip_io      .odb           33            231 6bc4de3afca8ce518ccb
/OpenROAD-flow-scripts/flow/scripts/flow.sh 3_2_place_iop io_placement
Running io_placement.tcl, stage 3_2_place_iop
read_liberty /OpenROAD-flow-scripts/flow/platforms/sky130hd/lib/sky130_fd_sc_hd__tt_025C_1v80.lib
read_db -hier /work/results/sky130hd/m7_j2/final_dd7fe6/3_1_place_gp_skip_io.odb
[WARNING ORD-0012] Hierarchical flow (-hier) is currently in development and may cause multiple issues. Do not use in production environments.
read_sdc /work/results/sky130hd/m7_j2/final_dd7fe6/2_floorplan.sdc
source /OpenROAD-flow-scripts/flow/platforms/sky130hd/setRC.tcl
place_pins -hor_layers met3 -ver_layers met2
Found 0 macro blocks.
Using 2 tracks default min distance between IO pins.
[INFO PPL-0001] Number of available slots 2526
[INFO PPL-0002] Number of I/O             276
[INFO PPL-0003] Number of I/O w/sink      239
[INFO PPL-0004] Number of I/O w/o sink    37
[INFO PPL-0005] Slots per section         200
[INFO PPL-0008] Successfully assigned pins to sections.
[INFO PPL-0012] I/O nets HPWL: 56183.87 um.
Design area 250994 um^2 52% utilization.
write_db /work/results/sky130hd/m7_j2/final_dd7fe6/3_2_place_iop.odb
Elapsed time: 0:00.45[h:]min:sec. CPU time: user 0.37 sys 0.06 (97%). Peak memory: 200232KB.
Log                       Ext     Elapsed/s Peak Memory/MB sha1sum result [0:20)
3_2_place_iop             .odb            0            195 95395544f6eac1918c06
/OpenROAD-flow-scripts/flow/scripts/flow.sh 3_3_place_gp global_place
Running global_place.tcl, stage 3_3_place_gp
read_liberty /OpenROAD-flow-scripts/flow/platforms/sky130hd/lib/sky130_fd_sc_hd__tt_025C_1v80.lib
read_db -hier /work/results/sky130hd/m7_j2/final_dd7fe6/3_2_place_iop.odb
[WARNING ORD-0012] Hierarchical flow (-hier) is currently in development and may cause multiple issues. Do not use in production environments.
read_sdc /work/results/sky130hd/m7_j2/final_dd7fe6/2_floorplan.sdc
source /OpenROAD-flow-scripts/flow/platforms/sky130hd/setRC.tcl
[INFO RSZ-0026] Removed 0 buffers.
Perform port buffering...
[INFO RSZ-0027] Inserted 157 sky130_fd_sc_hd__clkdlybuf4s50_1 input buffers.
[INFO RSZ-0028] Inserted 77 sky130_fd_sc_hd__clkdlybuf4s50_1 output buffers.
[INFO GPL-0022] Initialize gpl and calculate uniform density.
Placement density is 0.6949999874830246, computed from PLACE_DENSITY_LB_ADDON  0.25 and lower bound 0.5799999833106995
global_placement -density 0.6949999874830246 -pad_left 0 -pad_right 0 -routability_driven -timing_driven -force_center_initial_place -min_phi_coef 0.95 -max_phi_coef 1.05
[INFO GPL-0001] ---- Initialize GPL Main Data Structures
[INFO GPL-0002] DBU: 1000
[INFO GPL-0003] SiteSize: (  0.460  2.720 ) um
[INFO GPL-0004] CoreBBox: (  1.380  2.720 ) ( 695.520 693.600 ) um
[INFO GPL-0016] Core area:                  479567.443 um^2
[INFO GPL-0036] Movable instances area:     245329.040 um^2
[INFO GPL-0037] Total instances area:       253336.720 um^2
[INFO GPL-0035] Pin density area adjust:     24120.933 um^2
[INFO GPL-0032] ---- Initialize Region: Top-level
[INFO GPL-0006] Number of instances:             35156
[INFO GPL-0007] Movable instances:               28756
[INFO GPL-0008] Fixed instances:                  6400
[INFO GPL-0009] Dummy instances:                     0
[INFO GPL-0010] Number of nets:                  28951
[INFO GPL-0011] Number of pins:                 107111
[INFO GPL-0012] Die BBox:       (  0.000  0.000 ) ( 696.560 696.560 ) um
[INFO GPL-0013] Placement BBox: (  1.380  2.720 ) ( 695.520 693.600 ) um
[INFO GPL-0014] Region name: top-level.
[INFO GPL-0015] Region area:                479567.443 um^2
[INFO GPL-0017] Fixed instances area:         8007.680 um^2
[INFO GPL-0018] Movable instances area:     269449.973 um^2
[INFO GPL-0019] Utilization:                    57.140 %
[INFO GPL-0020] Standard cells area:        269449.973 um^2
[INFO GPL-0021] Large instances area:            0.000 um^2
[INFO GPL-0005] ---- Execute Conjugate Gradient Initial Placement.
[INFO GPL-0051] Source of initial instance position counters:
	Odb location = 0	Core center = 28756	Region center = 0
[InitialPlace]  Iter: 1 conjugate gradient residual: 0.01285696 HPWL: 823049320
[InitialPlace]  Iter: 2 conjugate gradient residual: 0.00272792 HPWL: 331961927
[InitialPlace]  Iter: 3 conjugate gradient residual: 0.00049559 HPWL: 310378243
[InitialPlace]  Iter: 4 conjugate gradient residual: 0.00036318 HPWL: 299867248
[InitialPlace]  Iter: 5 conjugate gradient residual: 0.00031351 HPWL: 295652939
[InitialPlace]  Iter: 6 conjugate gradient residual: 0.00030727 HPWL: 294111128
[InitialPlace]  Iter: 7 conjugate gradient residual: 0.00123034 HPWL: 292828490
[InitialPlace]  Iter: 8 conjugate gradient residual: 0.00032920 HPWL: 292701155
[InitialPlace]  Iter: 9 conjugate gradient residual: 0.00037437 HPWL: 291680269
[InitialPlace]  Iter: 10 conjugate gradient residual: 0.00036221 HPWL: 291337758
[InitialPlace]  Iter: 11 conjugate gradient residual: 0.00035528 HPWL: 290163844
[InitialPlace]  Iter: 12 conjugate gradient residual: 0.00040153 HPWL: 289727475
[InitialPlace]  Iter: 13 conjugate gradient residual: 0.00042522 HPWL: 288945638
[InitialPlace]  Iter: 14 conjugate gradient residual: 0.00060701 HPWL: 288381738
[InitialPlace]  Iter: 15 conjugate gradient residual: 0.00037157 HPWL: 287692390
[InitialPlace]  Iter: 16 conjugate gradient residual: 0.00043864 HPWL: 287519051
[InitialPlace]  Iter: 17 conjugate gradient residual: 0.00040313 HPWL: 287117647
[InitialPlace]  Iter: 18 conjugate gradient residual: 0.00030563 HPWL: 286922564
[InitialPlace]  Iter: 19 conjugate gradient residual: 0.00036515 HPWL: 286634257
[InitialPlace]  Iter: 20 conjugate gradient residual: 0.00025821 HPWL: 286471913
[INFO GPL-0033] ---- Initialize Nesterov Region: Top-level
[INFO GPL-0023] Placement target density:       0.6950
[INFO GPL-0024] Movable insts average area:      9.370 um^2
[INFO GPL-0025] Ideal bin area:                 13.482 um^2
[INFO GPL-0026] Ideal bin count:                 35570
[INFO GPL-0027] Total bin area:             479567.443 um^2
[INFO GPL-0028] Bin count (X, Y):         128 ,    128
[INFO GPL-0029] Bin size (W * H):       5.423 *  5.397 um
[INFO GPL-0030] Number of bins:                  16384
[INFO GPL-0084] ---- Execute Nesterov Global Placement.
[INFO GPL-0031] HPWL: Half-Perimeter Wirelength
Iteration | Overflow |     HPWL (um) |  HPWL(%) |   Penalty | Group
---------------------------------------------------------------
        0 |   0.9799 |  1.083607e+05 |   +0.00% |  1.77e-16 |      
       10 |   0.9625 |  1.221479e+05 |  +12.72% |  2.88e-16 |      
       20 |   0.9551 |  1.359729e+05 |  +11.32% |  4.69e-16 |      
       30 |   0.9531 |  1.446227e+05 |   +6.36% |  7.63e-16 |      
       40 |   0.9526 |  1.487103e+05 |   +2.83% |  1.24e-15 |      
       50 |   0.9516 |  1.509368e+05 |   +1.50% |  2.02e-15 |      
       60 |   0.9506 |  1.523822e+05 |   +0.96% |  3.29e-15 |      
       70 |   0.9503 |  1.539163e+05 |   +1.01% |  5.37e-15 |      
       80 |   0.9497 |  1.558313e+05 |   +1.24% |  8.74e-15 |      
       90 |   0.9491 |  1.577878e+05 |   +1.26% |  1.42e-14 |      
      100 |   0.9486 |  1.591182e+05 |   +0.84% |  2.32e-14 |      
      110 |   0.9486 |  1.594771e+05 |   +0.23% |  3.78e-14 |      
      120 |   0.9492 |  1.592082e+05 |   -0.17% |  6.15e-14 |      
      130 |   0.9487 |  1.589733e+05 |   -0.15% |  1.00e-13 |      
      140 |   0.9482 |  1.593275e+05 |   +0.22% |  1.63e-13 |      
      150 |   0.9481 |  1.606574e+05 |   +0.83% |  2.66e-13 |      
      160 |   0.9475 |  1.633815e+05 |   +1.70% |  4.33e-13 |      
      170 |   0.9458 |  1.680487e+05 |   +2.86% |  7.05e-13 |      
      180 |   0.9436 |  1.758141e+05 |   +4.62% |  1.15e-12 |      
      190 |   0.9403 |  1.876881e+05 |   +6.75% |  1.87e-12 |      
      200 |   0.9349 |  2.041812e+05 |   +8.79% |  3.03e-12 |      
      210 |   0.9268 |  2.248078e+05 |  +10.10% |  4.93e-12 |      
      220 |   0.9172 |  2.496662e+05 |  +11.06% |  8.01e-12 |      
      230 |   0.9042 |  2.784176e+05 |  +11.52% |  1.30e-11 |      
      240 |   0.8867 |  3.107381e+05 |  +11.61% |  2.11e-11 |      
      250 |   0.8628 |  3.453313e+05 |  +11.13% |  3.43e-11 |      
      260 |   0.8343 |  3.797722e+05 |   +9.97% |  5.56e-11 |      
      270 |   0.8065 |  4.146006e+05 |   +9.17% |  9.02e-11 |      
      280 |   0.7752 |  4.465170e+05 |   +7.70% |  1.46e-10 |      
      290 |   0.7375 |  4.716011e+05 |   +5.62% |  2.38e-10 |      
      300 |   0.6964 |  5.039303e+05 |   +6.86% |  3.86e-10 |      
      310 |   0.6535 |  5.340095e+05 |   +5.97% |  6.27e-10 |      
[INFO GPL-0100] Timing-driven iteration 1/2, virtual: false.
[INFO GPL-0101]    Iter: 316, overflow: 0.632, keep resizer changes at: 1, HPWL: 549053778
Iteration |   Area    | Resized | Buffers | Nets repaired | Remaining
---------------------------------------------------------------------
        0 |     +0.0% |       0 |       0 |             0 |     29457
    final |     +7.0% |     330 |     796 |           377 |         0
---------------------------------------------------------------------
[INFO RSZ-0034] Found 381 slew violations.
[INFO RSZ-0036] Found 171 capacitance violations.
[INFO RSZ-0039] Resized 330 instances.
[INFO RSZ-0038] Inserted 796 buffers in 377 nets.
   Iter   |    Area   | Removed | Inserted |   Pins
          |           | Buffers | Buffers  | Remaining
-------------------------------------------------------
        0 |     +0.0% |       0 |        0 |     27606
     2700 |     -0.3% |      50 |       33 |     24906
     5400 |     -0.3% |      59 |       39 |     22206
     8100 |     -1.3% |     268 |      143 |     19506
    10800 |     -1.7% |     368 |      185 |     16806
    13500 |     -2.0% |     432 |      246 |     14106
    16200 |     -2.1% |     471 |      295 |     11406
    18900 |     -2.1% |     548 |      437 |      8706
    21600 |     -2.2% |     578 |      476 |      6006
    24300 |     -3.8% |     780 |      594 |      3306
    27000 |     -3.8% |     783 |      608 |       606
    final |     -3.8% |     796 |      634 |         0
-------------------------------------------------------
[INFO GPL-0106] Timing-driven: worst slack -5.095e-09
[INFO GPL-0107] Timing-driven: repair_design delta area: 6940.607 um^2 (+2.58%)
[INFO GPL-0108] Timing-driven: repair_design, gpl delta gcells: 634 (+2.20%)
[INFO GPL-0109] Timing-driven: repair_design, gcells created: 1430, deleted: 796
[INFO GPL-0110] Timing-driven: new target density: 0.7097184
Iteration | Overflow |     HPWL (um) |  HPWL(%) |   Penalty | Group
---------------------------------------------------------------
      320 |   0.6033 |  6.243664e+05 |  +16.92% |  1.01e-09 |      
[INFO GPL-0038] Routability snapshot saved at iter = 322
      321 |   0.5998 |  6.259199e+05 |          |           |      
      330 |   0.5676 |  6.410514e+05 |   +2.67% |  1.64e-09 |      
      340 |   0.5104 |  6.554603e+05 |   +2.25% |  2.67e-09 |      
      350 |   0.4758 |  6.688878e+05 |   +2.05% |  4.35e-09 |      
      360 |   0.4317 |  6.737202e+05 |   +0.72% |  7.08e-09 |      
      370 |   0.3850 |  6.784797e+05 |   +0.71% |  1.15e-08 |      
      380 |   0.3429 |  6.846987e+05 |   +0.92% |  1.88e-08 |      
      390 |   0.3143 |  6.838183e+05 |   -0.13% |  2.76e-08 |      
[INFO GPL-0040] Routability iteration: 1
[WARNING GRT-0281] Net _13677_ has a large fanout of 2191 terminals.
[INFO GPL-0041] Total routing overflow: 137.4170
[INFO GPL-0042] Number of overflowed tiles: 1107 (11.07%)
[INFO GPL-0043] Average top 0.5% routing congestion: 1.4351
[INFO GPL-0044] Average top 1.0% routing congestion: 1.3718
[INFO GPL-0045] Average top 2.0% routing congestion: 1.3108
[INFO GPL-0046] Average top 5.0% routing congestion: 1.2169
[INFO GPL-0047] Routability iteration weighted routing congestion: 1.4034
[INFO GPL-0048] Routing congestion (1.4034) lower than previous minimum (1e+30). Updating minimum.
[INFO GPL-0086] Inflated area:               20994.211 um^2 (+7.60%)
[INFO GPL-0052] Placement target density:       0.7097
[INFO GPL-0076] Removing fillers, count: Before: 6403, After: 4097 (-36.01%)
[INFO GPL-0077] Filler area (um^2)     : Before: 58284.062, After: 37290.894 (-36.02%)
[INFO GPL-0078] Removed fillers count: 2306, area removed: 20989.212 um^2. Remaining area to be compensated by modifying density: 4.998 um^2
[INFO GPL-0058] White space area:           471559.763 um^2 (+0.00%)
[INFO GPL-0059] Movable instances area:     334674.657 um^2 (+0.00%)
[INFO GPL-0060] Total filler area:           37290.894 um^2 (-36.02%)
[INFO GPL-0061] Total non-inflated area:    334675.684 um^2 (+0.00%)
[INFO GPL-0062] Total inflated area:        355669.895 um^2 (+0.00%)
[INFO GPL-0063] New Target Density:             0.7097
[INFO GPL-0087] Routability end iteration: increase inflation and revert back to snapshot.
Iteration | Overflow |     HPWL (um) |  HPWL(%) |   Penalty | Group
---------------------------------------------------------------
      400 |   0.5905 |  6.690872e+05 |   -2.15% |  1.30e-09 |      
      410 |   0.5369 |  7.049788e+05 |   +5.36% |  1.90e-09 |      
      420 |   0.5115 |  7.125599e+05 |   +1.08% |  2.80e-09 |      
      430 |   0.4777 |  7.079681e+05 |   -0.64% |  4.12e-09 |      
      440 |   0.4394 |  7.097767e+05 |   +0.26% |  6.07e-09 |      
      450 |   0.4056 |  7.200170e+05 |   +1.44% |  8.94e-09 |      
      460 |   0.3742 |  7.162715e+05 |   -0.52% |  1.32e-08 |      
      470 |   0.3417 |  7.177194e+05 |   +0.20% |  1.94e-08 |      
      480 |   0.3109 |  7.210278e+05 |   +0.46% |  2.86e-08 |      
[INFO GPL-0040] Routability iteration: 2
[INFO GPL-0041] Total routing overflow: 74.7908
[INFO GPL-0042] Number of overflowed tiles: 905 (9.05%)
[INFO GPL-0043] Average top 0.5% routing congestion: 1.2472
[INFO GPL-0044] Average top 1.0% routing congestion: 1.2174
[INFO GPL-0045] Average top 2.0% routing congestion: 1.1818
[INFO GPL-0046] Average top 5.0% routing congestion: 1.1272
[INFO GPL-0047] Routability iteration weighted routing congestion: 1.2323
[INFO GPL-0048] Routing congestion (1.2323) lower than previous minimum (1.403). Updating minimum.
[INFO GPL-0086] Inflated area:                8514.001 um^2 (+2.86%)
[INFO GPL-0052] Placement target density:       0.7097
[INFO GPL-0076] Removing fillers, count: Before: 4097, After: 3162 (-22.82%)
[INFO GPL-0077] Filler area (um^2)     : Before: 37290.894, After: 28780.524 (-22.82%)
[INFO GPL-0078] Removed fillers count: 935, area removed: 8510.370 um^2. Remaining area to be compensated by modifying density: 3.631 um^2
[INFO GPL-0058] White space area:           471559.763 um^2 (+0.00%)
[INFO GPL-0059] Movable instances area:     334674.657 um^2 (+0.00%)
[INFO GPL-0060] Total filler area:           28780.524 um^2 (-22.82%)
[INFO GPL-0061] Total non-inflated area:    334679.316 um^2 (+0.00%)
[INFO GPL-0062] Total inflated area:        343193.317 um^2 (+0.00%)
[INFO GPL-0063] New Target Density:             0.7097
[INFO GPL-0087] Routability end iteration: increase inflation and revert back to snapshot.
Iteration | Overflow |     HPWL (um) |  HPWL(%) |   Penalty | Group
---------------------------------------------------------------
      490 |   0.5798 |  6.984568e+05 |   -3.13% |  1.34e-09 |      
      500 |   0.5294 |  7.379932e+05 |   +5.66% |  1.97e-09 |      
      510 |   0.5067 |  7.440285e+05 |   +0.82% |  2.90e-09 |      
      520 |   0.4711 |  7.333366e+05 |   -1.44% |  4.28e-09 |      
      530 |   0.4341 |  7.464798e+05 |   +1.79% |  6.29e-09 |      
      540 |   0.4009 |  7.467005e+05 |   +0.03% |  9.25e-09 |      
      550 |   0.3720 |  7.384513e+05 |   -1.10% |  1.36e-08 |      
      560 |   0.3385 |  7.418098e+05 |   +0.45% |  2.01e-08 |      
      570 |   0.3075 |  7.428307e+05 |   +0.14% |  2.96e-08 |      
[INFO GPL-0040] Routability iteration: 3
[INFO GPL-0041] Total routing overflow: 65.5689
[INFO GPL-0042] Number of overflowed tiles: 887 (8.87%)
[INFO GPL-0043] Average top 0.5% routing congestion: 1.2223
[INFO GPL-0044] Average top 1.0% routing congestion: 1.1943
[INFO GPL-0045] Average top 2.0% routing congestion: 1.1637
[INFO GPL-0046] Average top 5.0% routing congestion: 1.1134
[INFO GPL-0047] Routability iteration weighted routing congestion: 1.2083
[INFO GPL-0048] Routing congestion (1.2083) lower than previous minimum (1.232). Updating minimum.
[INFO GPL-0086] Inflated area:                7352.231 um^2 (+2.40%)
[INFO GPL-0052] Placement target density:       0.7097
[INFO GPL-0076] Removing fillers, count: Before: 3162, After: 2355 (-25.52%)
[INFO GPL-0077] Filler area (um^2)     : Before: 28780.524, After: 21435.210 (-25.52%)
[INFO GPL-0078] Removed fillers count: 807, area removed: 7345.314 um^2. Remaining area to be compensated by modifying density: 6.917 um^2
[INFO GPL-0058] White space area:           471559.763 um^2 (+0.00%)
[INFO GPL-0059] Movable instances area:     334674.657 um^2 (+0.00%)
[INFO GPL-0060] Total filler area:           21435.210 um^2 (-25.52%)
[INFO GPL-0061] Total non-inflated area:    334686.233 um^2 (+0.00%)
[INFO GPL-0062] Total inflated area:        342038.464 um^2 (+0.00%)
[INFO GPL-0063] New Target Density:             0.7097
[INFO GPL-0087] Routability end iteration: increase inflation and revert back to snapshot.
Iteration | Overflow |     HPWL (um) |  HPWL(%) |   Penalty | Group
---------------------------------------------------------------
      580 |   0.5653 |  7.353586e+05 |   -1.01% |  1.39e-09 |      
      590 |   0.5279 |  7.697368e+05 |   +4.68% |  2.04e-09 |      
      600 |   0.5023 |  7.721511e+05 |   +0.31% |  3.01e-09 |      
      610 |   0.4693 |  7.535773e+05 |   -2.41% |  4.43e-09 |      
      620 |   0.4289 |  7.826766e+05 |   +3.86% |  6.51e-09 |      
      630 |   0.3977 |  7.674446e+05 |   -1.95% |  9.58e-09 |      
      640 |   0.3681 |  7.555537e+05 |   -1.55% |  1.41e-08 |      
      650 |   0.3346 |  7.613891e+05 |   +0.77% |  2.08e-08 |      
      660 |   0.3040 |  7.586800e+05 |   -0.36% |  3.06e-08 |      
[INFO GPL-0040] Routability iteration: 4
[INFO GPL-0041] Total routing overflow: 58.3336
[INFO GPL-0042] Number of overflowed tiles: 816 (8.16%)
[INFO GPL-0043] Average top 0.5% routing congestion: 1.2197
[INFO GPL-0044] Average top 1.0% routing congestion: 1.1896
[INFO GPL-0045] Average top 2.0% routing congestion: 1.1570
[INFO GPL-0046] Average top 5.0% routing congestion: 1.1043
[INFO GPL-0047] Routability iteration weighted routing congestion: 1.2046
[INFO GPL-0048] Routing congestion (1.2046) lower than previous minimum (1.208). Updating minimum.
[INFO GPL-0086] Inflated area:                6723.575 um^2 (+2.15%)
[INFO GPL-0052] Placement target density:       0.7097
[INFO GPL-0076] Removing fillers, count: Before: 2355, After: 1617 (-31.34%)
[INFO GPL-0077] Filler area (um^2)     : Before: 21435.210, After: 14717.934 (-31.34%)
[INFO GPL-0078] Removed fillers count: 738, area removed: 6717.276 um^2. Remaining area to be compensated by modifying density: 6.299 um^2
[INFO GPL-0058] White space area:           471559.763 um^2 (+0.00%)
[INFO GPL-0059] Movable instances area:     334674.657 um^2 (+0.00%)
[INFO GPL-0060] Total filler area:           14717.934 um^2 (-31.34%)
[INFO GPL-0061] Total non-inflated area:    334692.532 um^2 (+0.00%)
[INFO GPL-0062] Total inflated area:        341416.107 um^2 (+0.00%)
[INFO GPL-0063] New Target Density:             0.7097
[INFO GPL-0087] Routability end iteration: increase inflation and revert back to snapshot.
Iteration | Overflow |     HPWL (um) |  HPWL(%) |   Penalty | Group
---------------------------------------------------------------
      670 |   0.5514 |  7.734588e+05 |   +1.95% |  1.44e-09 |      
      680 |   0.5271 |  7.954669e+05 |   +2.85% |  2.12e-09 |      
      690 |   0.4990 |  8.003783e+05 |   +0.62% |  3.12e-09 |      
      700 |   0.4645 |  7.669843e+05 |   -4.17% |  4.59e-09 |      
      710 |   0.4218 |  8.120662e+05 |   +5.88% |  6.73e-09 |      
      720 |   0.3943 |  7.866577e+05 |   -3.13% |  9.91e-09 |      
      730 |   0.3644 |  7.680447e+05 |   -2.37% |  1.46e-08 |      
      740 |   0.3311 |  7.792476e+05 |   +1.46% |  2.15e-08 |      
      750 |   0.3031 |  7.730882e+05 |   -0.79% |  3.16e-08 |      
[INFO GPL-0040] Routability iteration: 5
[INFO GPL-0041] Total routing overflow: 47.7890
[INFO GPL-0042] Number of overflowed tiles: 773 (7.73%)
[INFO GPL-0043] Average top 0.5% routing congestion: 1.1874
[INFO GPL-0044] Average top 1.0% routing congestion: 1.1636
[INFO GPL-0045] Average top 2.0% routing congestion: 1.1349
[INFO GPL-0046] Average top 5.0% routing congestion: 1.0877
[INFO GPL-0047] Routability iteration weighted routing congestion: 1.1755
[INFO GPL-0048] Routing congestion (1.1755) lower than previous minimum (1.205). Updating minimum.
[INFO GPL-0086] Inflated area:                5243.310 um^2 (+1.64%)
[INFO GPL-0052] Placement target density:       0.7097
[INFO GPL-0076] Removing fillers, count: Before: 1617, After: 1041 (-35.62%)
[INFO GPL-0077] Filler area (um^2)     : Before: 14717.934, After: 9475.182 (-35.62%)
[INFO GPL-0078] Removed fillers count: 576, area removed: 5242.752 um^2. Remaining area to be compensated by modifying density: 0.558 um^2
[INFO GPL-0058] White space area:           471559.763 um^2 (+0.00%)
[INFO GPL-0059] Movable instances area:     334674.657 um^2 (+0.00%)
[INFO GPL-0060] Total filler area:            9475.182 um^2 (-35.62%)
[INFO GPL-0061] Total non-inflated area:    334693.089 um^2 (+0.00%)
[INFO GPL-0062] Total inflated area:        339936.399 um^2 (+0.00%)
[INFO GPL-0063] New Target Density:             0.7097
[INFO GPL-0087] Routability end iteration: increase inflation and revert back to snapshot.
Iteration | Overflow |     HPWL (um) |  HPWL(%) |   Penalty | Group
---------------------------------------------------------------
      760 |   0.5487 |  7.816681e+05 |   +1.11% |  1.44e-09 |      
      770 |   0.5296 |  8.153346e+05 |   +4.31% |  2.11e-09 |      
      780 |   0.4974 |  8.203272e+05 |   +0.61% |  3.11e-09 |      
      790 |   0.4666 |  7.791133e+05 |   -5.02% |  4.57e-09 |      
      800 |   0.4212 |  8.306148e+05 |   +6.61% |  6.70e-09 |      
      810 |   0.3920 |  8.045434e+05 |   -3.14% |  9.87e-09 |      
      820 |   0.3641 |  7.815808e+05 |   -2.85% |  1.45e-08 |      
      830 |   0.3316 |  7.945967e+05 |   +1.67% |  2.14e-08 |      
      840 |   0.3016 |  7.874821e+05 |   -0.90% |  3.15e-08 |      
[INFO GPL-0040] Routability iteration: 6
[INFO GPL-0041] Total routing overflow: 47.4100
[INFO GPL-0042] Number of overflowed tiles: 773 (7.73%)
[INFO GPL-0043] Average top 0.5% routing congestion: 1.1801
[INFO GPL-0044] Average top 1.0% routing congestion: 1.1576
[INFO GPL-0045] Average top 2.0% routing congestion: 1.1299
[INFO GPL-0046] Average top 5.0% routing congestion: 1.0863
[INFO GPL-0047] Routability iteration weighted routing congestion: 1.1689
[INFO GPL-0048] Routing congestion (1.1689) lower than previous minimum (1.175). Updating minimum.
[INFO GPL-0086] Inflated area:                5167.503 um^2 (+1.59%)
[INFO GPL-0052] Placement target density:       0.7097
[INFO GPL-0076] Removing fillers, count: Before: 1041, After: 474 (-54.47%)
[INFO GPL-0077] Filler area (um^2)     : Before: 9475.182, After: 4314.348 (-54.47%)
[INFO GPL-0078] Removed fillers count: 567, area removed: 5160.834 um^2. Remaining area to be compensated by modifying density: 6.669 um^2
[INFO GPL-0058] White space area:           471559.763 um^2 (+0.00%)
[INFO GPL-0059] Movable instances area:     334674.657 um^2 (+0.00%)
[INFO GPL-0060] Total filler area:            4314.348 um^2 (-54.47%)
[INFO GPL-0061] Total non-inflated area:    334699.758 um^2 (+0.00%)
[INFO GPL-0062] Total inflated area:        339867.261 um^2 (+0.00%)
[INFO GPL-0063] New Target Density:             0.7097
[INFO GPL-0087] Routability end iteration: increase inflation and revert back to snapshot.
Iteration | Overflow |     HPWL (um) |  HPWL(%) |   Penalty | Group
---------------------------------------------------------------
      850 |   0.5365 |  8.161767e+05 |   +3.64% |  1.49e-09 |      
      860 |   0.5319 |  8.283874e+05 |   +1.50% |  2.19e-09 |      
      870 |   0.4941 |  8.370030e+05 |   +1.04% |  3.22e-09 |      
      880 |   0.4627 |  7.818953e+05 |   -6.58% |  4.74e-09 |      
      890 |   0.4216 |  8.439103e+05 |   +7.93% |  6.95e-09 |      
      900 |   0.3916 |  8.182356e+05 |   -3.04% |  1.02e-08 |      
      910 |   0.3634 |  7.944700e+05 |   -2.90% |  1.51e-08 |      
      920 |   0.3292 |  8.051929e+05 |   +1.35% |  2.22e-08 |      
      930 |   0.3007 |  7.978059e+05 |   -0.92% |  3.27e-08 |      
[INFO GPL-0040] Routability iteration: 7
[INFO GPL-0041] Total routing overflow: 42.8350
[INFO GPL-0042] Number of overflowed tiles: 688 (6.88%)
[INFO GPL-0043] Average top 0.5% routing congestion: 1.1845
[INFO GPL-0044] Average top 1.0% routing congestion: 1.1579
[INFO GPL-0045] Average top 2.0% routing congestion: 1.1271
[INFO GPL-0046] Average top 5.0% routing congestion: 1.0814
[INFO GPL-0047] Routability iteration weighted routing congestion: 1.1712
[INFO GPL-0049] Routing congestion (1.1712) higher than minimum (1.1689). Consecutive non-improvement count: 1.
[INFO GPL-0086] Inflated area:                4958.928 um^2 (+1.50%)
[INFO GPL-0052] Placement target density:       0.7097
[INFO GPL-0076] Removing fillers, count: Before: 474, After: 0 (-100.00%)
[INFO GPL-0077] Filler area (um^2)     : Before: 4314.348, After: 0.000 (-100.00%)
[INFO GPL-0078] Removed fillers count: 474, area removed: 4314.348 um^2. Remaining area to be compensated by modifying density: 644.580 um^2
[INFO GPL-0079] New target density: 0.71113855
[INFO GPL-0058] White space area:           471559.763 um^2 (+0.00%)
[INFO GPL-0059] Movable instances area:     335344.337 um^2 (+0.20%)
[INFO GPL-0060] Total filler area:               0.000 um^2 (-100.00%)
[INFO GPL-0061] Total non-inflated area:    335344.338 um^2 (+0.19%)
[INFO GPL-0062] Total inflated area:        340303.266 um^2 (+0.19%)
[INFO GPL-0063] New Target Density:             0.7111
[INFO GPL-0087] Routability end iteration: increase inflation and revert back to snapshot.
Iteration | Overflow |     HPWL (um) |  HPWL(%) |   Penalty | Group
---------------------------------------------------------------
      940 |   0.5316 |  8.388237e+05 |   +5.14% |  1.49e-09 |      
      950 |   0.5325 |  8.452474e+05 |   +0.77% |  2.18e-09 |      
      960 |   0.4953 |  8.435290e+05 |   -0.20% |  3.21e-09 |      
      970 |   0.4618 |  7.848794e+05 |   -6.95% |  4.73e-09 |      
      980 |   0.4209 |  8.586615e+05 |   +9.40% |  6.92e-09 |      
      990 |   0.3908 |  8.343066e+05 |   -2.84% |  1.02e-08 |      
     1000 |   0.3650 |  8.085377e+05 |   -3.09% |  1.50e-08 |      
     1010 |   0.3308 |  8.197407e+05 |   +1.39% |  2.21e-08 |      
     1020 |   0.3015 |  8.105036e+05 |   -1.13% |  3.25e-08 |      
[INFO GPL-0040] Routability iteration: 8
[INFO GPL-0041] Total routing overflow: 41.6871
[INFO GPL-0042] Number of overflowed tiles: 708 (7.08%)
[INFO GPL-0043] Average top 0.5% routing congestion: 1.1745
[INFO GPL-0044] Average top 1.0% routing congestion: 1.1496
[INFO GPL-0045] Average top 2.0% routing congestion: 1.1212
[INFO GPL-0046] Average top 5.0% routing congestion: 1.0781
[INFO GPL-0047] Routability iteration weighted routing congestion: 1.1621
[INFO GPL-0048] Routing congestion (1.1621) lower than previous minimum (1.169). Updating minimum.
[INFO GPL-0086] Inflated area:                4815.076 um^2 (+1.44%)
[INFO GPL-0052] Placement target density:       0.7111
[INFO GPL-0076] Removing fillers, count: Before: 0, After: 0 (+0.00%)
[INFO GPL-0077] Filler area (um^2)     : Before: 0.000, After: 0.000 (+0.00%)
[INFO GPL-0078] Removed fillers count: 0, area removed: 0.000 um^2. Remaining area to be compensated by modifying density: 4815.076 um^2
[INFO GPL-0079] New target density: 0.7213495
[INFO GPL-0058] White space area:           471559.763 um^2 (+0.00%)
[INFO GPL-0059] Movable instances area:     340159.398 um^2 (+1.44%)
[INFO GPL-0060] Total filler area:               0.000 um^2 (+0.00%)
[INFO GPL-0061] Total non-inflated area:    340159.414 um^2 (+1.44%)
[INFO GPL-0062] Total inflated area:        344974.489 um^2 (+1.42%)
[INFO GPL-0063] New Target Density:             0.7213
[INFO GPL-0087] Routability end iteration: increase inflation and revert back to snapshot.
Iteration | Overflow |     HPWL (um) |  HPWL(%) |   Penalty | Group
---------------------------------------------------------------
     1030 |   0.5283 |  8.684036e+05 |   +7.14% |  1.49e-09 |      
     1040 |   0.5310 |  8.504866e+05 |   -2.06% |  2.18e-09 |      
     1050 |   0.4921 |  8.514311e+05 |   +0.11% |  3.21e-09 |      
     1060 |   0.4603 |  7.901787e+05 |   -7.19% |  4.73e-09 |      
     1070 |   0.4205 |  8.628834e+05 |   +9.20% |  6.92e-09 |      
     1080 |   0.3908 |  8.383129e+05 |   -2.85% |  1.02e-08 |      
     1090 |   0.3644 |  8.111334e+05 |   -3.24% |  1.50e-08 |      
     1100 |   0.3317 |  8.212124e+05 |   +1.24% |  2.21e-08 |      
     1110 |   0.3010 |  8.126654e+05 |   -1.04% |  3.25e-08 |      
[INFO GPL-0040] Routability iteration: 9
[INFO GPL-0041] Total routing overflow: 38.8027
[INFO GPL-0042] Number of overflowed tiles: 667 (6.67%)
[INFO GPL-0043] Average top 0.5% routing congestion: 1.1749
[INFO GPL-0044] Average top 1.0% routing congestion: 1.1505
[INFO GPL-0045] Average top 2.0% routing congestion: 1.1201
[INFO GPL-0046] Average top 5.0% routing congestion: 1.0744
[INFO GPL-0047] Routability iteration weighted routing congestion: 1.1627
[INFO GPL-0049] Routing congestion (1.1627) higher than minimum (1.1621). Consecutive non-improvement count: 1.
[INFO GPL-0086] Inflated area:                4379.033 um^2 (+1.29%)
[INFO GPL-0052] Placement target density:       0.7213
[INFO GPL-0076] Removing fillers, count: Before: 0, After: 0 (+0.00%)
[INFO GPL-0077] Filler area (um^2)     : Before: 0.000, After: 0.000 (+0.00%)
[INFO GPL-0078] Removed fillers count: 0, area removed: 0.000 um^2. Remaining area to be compensated by modifying density: 4379.032 um^2
[INFO GPL-0079] New target density: 0.7306358
[INFO GPL-0058] White space area:           471559.763 um^2 (+0.00%)
[INFO GPL-0059] Movable instances area:     344538.448 um^2 (+1.29%)
[INFO GPL-0060] Total filler area:               0.000 um^2 (+0.00%)
[INFO GPL-0061] Total non-inflated area:    344538.446 um^2 (+1.29%)
[INFO GPL-0062] Total inflated area:        348917.479 um^2 (+1.27%)
[INFO GPL-0063] New Target Density:             0.7306
[INFO GPL-0087] Routability end iteration: increase inflation and revert back to snapshot.
Iteration | Overflow |     HPWL (um) |  HPWL(%) |   Penalty | Group
---------------------------------------------------------------
     1120 |   0.5259 |  8.788401e+05 |   +8.14% |  1.49e-09 |      
     1130 |   0.5293 |  8.562770e+05 |   -2.57% |  2.18e-09 |      
     1140 |   0.4915 |  8.602029e+05 |   +0.46% |  3.21e-09 |      
     1150 |   0.4598 |  7.933554e+05 |   -7.77% |  4.72e-09 |      
     1160 |   0.4180 |  8.685958e+05 |   +9.48% |  6.91e-09 |      
     1170 |   0.3918 |  8.436758e+05 |   -2.87% |  1.02e-08 |      
     1180 |   0.3640 |  8.154783e+05 |   -3.34% |  1.50e-08 |      
     1190 |   0.3297 |  8.258063e+05 |   +1.27% |  2.21e-08 |      
     1200 |   0.3005 |  8.162367e+05 |   -1.16% |  3.25e-08 |      
[INFO GPL-0040] Routability iteration: 10
[INFO GPL-0041] Total routing overflow: 36.1658
[INFO GPL-0042] Number of overflowed tiles: 649 (6.49%)
[INFO GPL-0043] Average top 0.5% routing congestion: 1.1610
[INFO GPL-0044] Average top 1.0% routing congestion: 1.1383
[INFO GPL-0045] Average top 2.0% routing congestion: 1.1112
[INFO GPL-0046] Average top 5.0% routing congestion: 1.0697
[INFO GPL-0047] Routability iteration weighted routing congestion: 1.1496
[INFO GPL-0048] Routing congestion (1.1496) lower than previous minimum (1.162). Updating minimum.
[INFO GPL-0086] Inflated area:                4202.075 um^2 (+1.22%)
[INFO GPL-0052] Placement target density:       0.7306
[INFO GPL-0076] Removing fillers, count: Before: 0, After: 0 (+0.00%)
[INFO GPL-0077] Filler area (um^2)     : Before: 0.000, After: 0.000 (+0.00%)
[INFO GPL-0078] Removed fillers count: 0, area removed: 0.000 um^2. Remaining area to be compensated by modifying density: 4202.075 um^2
[INFO GPL-0079] New target density: 0.7395468
[INFO GPL-0058] White space area:           471559.763 um^2 (+0.00%)
[INFO GPL-0059] Movable instances area:     348740.518 um^2 (+1.22%)
[INFO GPL-0060] Total filler area:               0.000 um^2 (+0.00%)
[INFO GPL-0061] Total non-inflated area:    348740.521 um^2 (+1.22%)
[INFO GPL-0062] Total inflated area:        352942.596 um^2 (+1.20%)
[INFO GPL-0063] New Target Density:             0.7395
[INFO GPL-0087] Routability end iteration: increase inflation and revert back to snapshot.
Iteration | Overflow |     HPWL (um) |  HPWL(%) |   Penalty | Group
---------------------------------------------------------------
     1210 |   0.5253 |  8.642544e+05 |   +5.88% |  1.49e-09 |      
     1220 |   0.5284 |  8.618905e+05 |   -0.27% |  2.18e-09 |      
     1230 |   0.4899 |  8.679761e+05 |   +0.71% |  3.20e-09 |      
     1240 |   0.4597 |  7.991439e+05 |   -7.93% |  4.72e-09 |      
     1250 |   0.4169 |  8.715170e+05 |   +9.06% |  6.90e-09 |      
     1260 |   0.3933 |  8.450235e+05 |   -3.04% |  1.02e-08 |      
     1270 |   0.3604 |  8.186578e+05 |   -3.12% |  1.50e-08 |      
     1280 |   0.3297 |  8.276576e+05 |   +1.10% |  2.20e-08 |      
     1290 |   0.2984 |  8.184387e+05 |   -1.11% |  3.25e-08 |      
[INFO GPL-0040] Routability iteration: 11
[INFO GPL-0041] Total routing overflow: 33.2255
[INFO GPL-0042] Number of overflowed tiles: 651 (6.51%)
[INFO GPL-0043] Average top 0.5% routing congestion: 1.1561
[INFO GPL-0044] Average top 1.0% routing congestion: 1.1312
[INFO GPL-0045] Average top 2.0% routing congestion: 1.1043
[INFO GPL-0046] Average top 5.0% routing congestion: 1.0638
[INFO GPL-0047] Routability iteration weighted routing congestion: 1.1437
[INFO GPL-0048] Routing congestion (1.1437) lower than previous minimum (1.15). Updating minimum.
[INFO GPL-0086] Inflated area:                4087.393 um^2 (+1.17%)
[INFO GPL-0052] Placement target density:       0.7395
[INFO GPL-0076] Removing fillers, count: Before: 0, After: 0 (+0.00%)
[INFO GPL-0077] Filler area (um^2)     : Before: 0.000, After: 0.000 (+0.00%)
[INFO GPL-0078] Removed fillers count: 0, area removed: 0.000 um^2. Remaining area to be compensated by modifying density: 4087.393 um^2
[INFO GPL-0079] New target density: 0.7482146
[INFO GPL-0058] White space area:           471559.763 um^2 (+0.00%)
[INFO GPL-0059] Movable instances area:     352827.900 um^2 (+1.17%)
[INFO GPL-0060] Total filler area:               0.000 um^2 (+0.00%)
[INFO GPL-0061] Total non-inflated area:    352827.914 um^2 (+1.17%)
[INFO GPL-0062] Total inflated area:        356915.307 um^2 (+1.16%)
[INFO GPL-0063] New Target Density:             0.7482
[INFO GPL-0087] Routability end iteration: increase inflation and revert back to snapshot.
Iteration | Overflow |     HPWL (um) |  HPWL(%) |   Penalty | Group
---------------------------------------------------------------
     1300 |   0.5184 |  8.868441e+05 |   +8.36% |  1.54e-09 |      
     1310 |   0.5247 |  8.608172e+05 |   -2.93% |  2.26e-09 |      
     1320 |   0.4858 |  8.788572e+05 |   +2.10% |  3.33e-09 |      
     1330 |   0.4552 |  8.047142e+05 |   -8.44% |  4.91e-09 |      
     1340 |   0.4132 |  8.729531e+05 |   +8.48% |  7.18e-09 |      
     1350 |   0.3893 |  8.512424e+05 |   -2.49% |  1.06e-08 |      
     1360 |   0.3579 |  8.236828e+05 |   -3.24% |  1.56e-08 |      
     1370 |   0.3258 |  8.295694e+05 |   +0.71% |  2.29e-08 |      
[INFO GPL-0040] Routability iteration: 12
[INFO GPL-0041] Total routing overflow: 34.2132
[INFO GPL-0042] Number of overflowed tiles: 626 (6.26%)
[INFO GPL-0043] Average top 0.5% routing congestion: 1.1682
[INFO GPL-0044] Average top 1.0% routing congestion: 1.1409
[INFO GPL-0045] Average top 2.0% routing congestion: 1.1109
[INFO GPL-0046] Average top 5.0% routing congestion: 1.0666
[INFO GPL-0047] Routability iteration weighted routing congestion: 1.1546
[INFO GPL-0049] Routing congestion (1.1546) higher than minimum (1.1437). Consecutive non-improvement count: 1.
[INFO GPL-0086] Inflated area:                4278.498 um^2 (+1.21%)
[INFO GPL-0052] Placement target density:       0.7482
[INFO GPL-0076] Removing fillers, count: Before: 0, After: 0 (+0.00%)
[INFO GPL-0077] Filler area (um^2)     : Before: 0.000, After: 0.000 (+0.00%)
[INFO GPL-0078] Removed fillers count: 0, area removed: 0.000 um^2. Remaining area to be compensated by modifying density: 4278.497 um^2
[INFO GPL-0079] New target density: 0.75728774
[INFO GPL-0058] White space area:           471559.763 um^2 (+0.00%)
[INFO GPL-0059] Movable instances area:     357106.418 um^2 (+1.21%)
[INFO GPL-0060] Total filler area:               0.000 um^2 (+0.00%)
[INFO GPL-0061] Total non-inflated area:    357106.412 um^2 (+1.21%)
[INFO GPL-0062] Total inflated area:        361384.909 um^2 (+1.20%)
[INFO GPL-0063] New Target Density:             0.7573
[INFO GPL-0087] Routability end iteration: increase inflation and revert back to snapshot.
Iteration | Overflow |     HPWL (um) |  HPWL(%) |   Penalty | Group
---------------------------------------------------------------
     1380 |   0.6518 |  6.365424e+05 |  -23.27% |  1.16e-09 |      
     1390 |   0.5146 |  9.302942e+05 |  +46.15% |  1.66e-09 |      
     1400 |   0.5157 |  8.620148e+05 |   -7.34% |  2.44e-09 |      
     1410 |   0.4825 |  8.734569e+05 |   +1.33% |  3.59e-09 |      
     1420 |   0.4412 |  8.260402e+05 |   -5.43% |  5.29e-09 |      
     1430 |   0.4060 |  8.714427e+05 |   +5.50% |  7.75e-09 |      
     1440 |   0.3811 |  8.522569e+05 |   -2.20% |  1.14e-08 |      
     1450 |   0.3486 |  8.332542e+05 |   -2.23% |  1.68e-08 |      
     1460 |   0.3206 |  8.304208e+05 |   -0.34% |  2.47e-08 |      
[INFO GPL-0040] Routability iteration: 13
[INFO GPL-0041] Total routing overflow: 32.9633
[INFO GPL-0042] Number of overflowed tiles: 626 (6.26%)
[INFO GPL-0043] Average top 0.5% routing congestion: 1.1535
[INFO GPL-0044] Average top 1.0% routing congestion: 1.1286
[INFO GPL-0045] Average top 2.0% routing congestion: 1.1033
[INFO GPL-0046] Average top 5.0% routing congestion: 1.0641
[INFO GPL-0047] Routability iteration weighted routing congestion: 1.1411
[INFO GPL-0048] Routing congestion (1.1411) lower than previous minimum (1.144). Updating minimum.
[INFO GPL-0086] Inflated area:                4234.405 um^2 (+1.19%)
[INFO GPL-0052] Placement target density:       0.7573
[INFO GPL-0076] Removing fillers, count: Before: 0, After: 0 (+0.00%)
[INFO GPL-0077] Filler area (um^2)     : Before: 0.000, After: 0.000 (+0.00%)
[INFO GPL-0078] Removed fillers count: 0, area removed: 0.000 um^2. Remaining area to be compensated by modifying density: 4234.405 um^2
[INFO GPL-0079] New target density: 0.7662673
[INFO GPL-0058] White space area:           471559.763 um^2 (+0.00%)
[INFO GPL-0059] Movable instances area:     361340.830 um^2 (+1.19%)
[INFO GPL-0060] Total filler area:               0.000 um^2 (+0.00%)
[INFO GPL-0061] Total non-inflated area:    361340.816 um^2 (+1.19%)
[INFO GPL-0062] Total inflated area:        365575.221 um^2 (+1.17%)
[INFO GPL-0063] New Target Density:             0.7663
[INFO GPL-0087] Routability end iteration: increase inflation and revert back to snapshot.
Iteration | Overflow |     HPWL (um) |  HPWL(%) |   Penalty | Group
---------------------------------------------------------------
     1470 |   0.6166 |  6.978109e+05 |  -15.97% |  1.20e-09 |      
     1480 |   0.5155 |  9.441965e+05 |  +35.31% |  1.72e-09 |      
     1490 |   0.5092 |  8.686035e+05 |   -8.01% |  2.54e-09 |      
     1500 |   0.4783 |  8.667549e+05 |   -0.21% |  3.73e-09 |      
     1510 |   0.4363 |  8.484951e+05 |   -2.11% |  5.49e-09 |      
     1520 |   0.4069 |  8.690963e+05 |   +2.43% |  8.04e-09 |      
     1530 |   0.3780 |  8.499602e+05 |   -2.20% |  1.19e-08 |      
     1540 |   0.3413 |  8.399629e+05 |   -1.18% |  1.74e-08 |      
     1550 |   0.3144 |  8.320903e+05 |   -0.94% |  2.57e-08 |      
[INFO GPL-0040] Routability iteration: 14
[INFO GPL-0041] Total routing overflow: 34.1360
[INFO GPL-0042] Number of overflowed tiles: 633 (6.33%)
[INFO GPL-0043] Average top 0.5% routing congestion: 1.1629
[INFO GPL-0044] Average top 1.0% routing congestion: 1.1366
[INFO GPL-0045] Average top 2.0% routing congestion: 1.1083
[INFO GPL-0046] Average top 5.0% routing congestion: 1.0660
[INFO GPL-0047] Routability iteration weighted routing congestion: 1.1498
[INFO GPL-0049] Routing congestion (1.1498) higher than minimum (1.1411). Consecutive non-improvement count: 1.
[INFO GPL-0086] Inflated area:                4468.891 um^2 (+1.24%)
[INFO GPL-0052] Placement target density:       0.7663
[INFO GPL-0076] Removing fillers, count: Before: 0, After: 0 (+0.00%)
[INFO GPL-0077] Filler area (um^2)     : Before: 0.000, After: 0.000 (+0.00%)
[INFO GPL-0078] Removed fillers count: 0, area removed: 0.000 um^2. Remaining area to be compensated by modifying density: 4468.891 um^2
[INFO GPL-0079] New target density: 0.7757441
[INFO GPL-0058] White space area:           471559.763 um^2 (+0.00%)
[INFO GPL-0059] Movable instances area:     365809.697 um^2 (+1.24%)
[INFO GPL-0060] Total filler area:               0.000 um^2 (+0.00%)
[INFO GPL-0061] Total non-inflated area:    365809.707 um^2 (+1.24%)
[INFO GPL-0062] Total inflated area:        370278.598 um^2 (+1.22%)
[INFO GPL-0063] New Target Density:             0.7757
[INFO GPL-0087] Routability end iteration: increase inflation and revert back to snapshot.
Iteration | Overflow |     HPWL (um) |  HPWL(%) |   Penalty | Group
---------------------------------------------------------------
     1560 |   0.5568 |  8.194036e+05 |   -1.52% |  1.28e-09 |      
     1570 |   0.5181 |  9.327258e+05 |  +13.83% |  1.86e-09 |      
     1580 |   0.4927 |  8.881460e+05 |   -4.78% |  2.74e-09 |      
     1590 |   0.4705 |  8.440023e+05 |   -4.97% |  4.03e-09 |      
     1600 |   0.4250 |  8.795883e+05 |   +4.22% |  5.90e-09 |      
     1610 |   0.4007 |  8.668088e+05 |   -1.45% |  8.68e-09 |      
     1620 |   0.3729 |  8.457524e+05 |   -2.43% |  1.28e-08 |      
     1630 |   0.3390 |  8.456278e+05 |   -0.01% |  1.88e-08 |      
     1640 |   0.3064 |  8.344758e+05 |   -1.32% |  2.77e-08 |      
[INFO GPL-0040] Routability iteration: 15
[INFO GPL-0041] Total routing overflow: 31.0866
[INFO GPL-0042] Number of overflowed tiles: 628 (6.28%)
[INFO GPL-0043] Average top 0.5% routing congestion: 1.1506
[INFO GPL-0044] Average top 1.0% routing congestion: 1.1261
[INFO GPL-0045] Average top 2.0% routing congestion: 1.1004
[INFO GPL-0046] Average top 5.0% routing congestion: 1.0606
[INFO GPL-0047] Routability iteration weighted routing congestion: 1.1383
[INFO GPL-0048] Routing congestion (1.1383) lower than previous minimum (1.141). Updating minimum.
[INFO GPL-0086] Inflated area:                3995.249 um^2 (+1.09%)
[INFO GPL-0052] Placement target density:       0.7757
[INFO GPL-0076] Removing fillers, count: Before: 0, After: 0 (+0.00%)
[INFO GPL-0077] Filler area (um^2)     : Before: 0.000, After: 0.000 (+0.00%)
[INFO GPL-0078] Removed fillers count: 0, area removed: 0.000 um^2. Remaining area to be compensated by modifying density: 3995.249 um^2
[INFO GPL-0079] New target density: 0.7842165
[INFO GPL-0058] White space area:           471559.763 um^2 (+0.00%)
[INFO GPL-0059] Movable instances area:     369804.968 um^2 (+1.09%)
[INFO GPL-0060] Total filler area:               0.000 um^2 (+0.00%)
[INFO GPL-0061] Total non-inflated area:    369804.956 um^2 (+1.09%)
[INFO GPL-0062] Total inflated area:        373800.205 um^2 (+1.08%)
[INFO GPL-0063] New Target Density:             0.7842
[INFO GPL-0087] Routability end iteration: increase inflation and revert back to snapshot.
Iteration | Overflow |     HPWL (um) |  HPWL(%) |   Penalty | Group
---------------------------------------------------------------
     1650 |   0.5243 |  8.932680e+05 |   +7.05% |  1.38e-09 |      
     1660 |   0.5214 |  9.136381e+05 |   +2.28% |  2.01e-09 |      
     1670 |   0.4868 |  9.136027e+05 |   -0.00% |  2.95e-09 |      
     1680 |   0.4631 |  8.280000e+05 |   -9.37% |  4.35e-09 |      
     1690 |   0.4204 |  8.936841e+05 |   +7.93% |  6.36e-09 |      
     1700 |   0.3944 |  8.686684e+05 |   -2.80% |  9.37e-09 |      
     1710 |   0.3654 |  8.421519e+05 |   -3.05% |  1.38e-08 |      
     1720 |   0.3330 |  8.467572e+05 |   +0.55% |  2.03e-08 |      
     1730 |   0.3006 |  8.359533e+05 |   -1.28% |  2.99e-08 |      
[INFO GPL-0040] Routability iteration: 16
[INFO GPL-0041] Total routing overflow: 31.3129
[INFO GPL-0042] Number of overflowed tiles: 625 (6.25%)
[INFO GPL-0043] Average top 0.5% routing congestion: 1.1472
[INFO GPL-0044] Average top 1.0% routing congestion: 1.1246
[INFO GPL-0045] Average top 2.0% routing congestion: 1.0991
[INFO GPL-0046] Average top 5.0% routing congestion: 1.0607
[INFO GPL-0047] Routability iteration weighted routing congestion: 1.1359
[INFO GPL-0048] Routing congestion (1.1359) lower than previous minimum (1.138). Updating minimum.
[INFO GPL-0086] Inflated area:                3943.290 um^2 (+1.07%)
[INFO GPL-0052] Placement target density:       0.7842
[INFO GPL-0076] Removing fillers, count: Before: 0, After: 0 (+0.00%)
[INFO GPL-0077] Filler area (um^2)     : Before: 0.000, After: 0.000 (+0.00%)
[INFO GPL-0078] Removed fillers count: 0, area removed: 0.000 um^2. Remaining area to be compensated by modifying density: 3943.290 um^2
[INFO GPL-0079] New target density: 0.7925787
[INFO GPL-0058] White space area:           471559.763 um^2 (+0.00%)
[INFO GPL-0059] Movable instances area:     373748.236 um^2 (+1.07%)
[INFO GPL-0060] Total filler area:               0.000 um^2 (+0.00%)
[INFO GPL-0061] Total non-inflated area:    373748.246 um^2 (+1.07%)
[INFO GPL-0062] Total inflated area:        377691.535 um^2 (+1.06%)
[INFO GPL-0063] New Target Density:             0.7926
[INFO GPL-0087] Routability end iteration: increase inflation and revert back to snapshot.
Iteration | Overflow |     HPWL (um) |  HPWL(%) |   Penalty | Group
---------------------------------------------------------------
     1740 |   0.5106 |  9.324636e+05 |  +11.54% |  1.48e-09 |      
     1750 |   0.5206 |  8.969253e+05 |   -3.81% |  2.17e-09 |      
     1760 |   0.4829 |  9.199059e+05 |   +2.56% |  3.18e-09 |      
     1770 |   0.4534 |  8.313229e+05 |   -9.63% |  4.69e-09 |      
     1780 |   0.4121 |  8.993013e+05 |   +8.18% |  6.87e-09 |      
     1790 |   0.3837 |  8.702934e+05 |   -3.23% |  1.01e-08 |      
     1800 |   0.3580 |  8.431185e+05 |   -3.12% |  1.49e-08 |      
     1810 |   0.3268 |  8.465583e+05 |   +0.41% |  2.19e-08 |      
[INFO GPL-0040] Routability iteration: 17
[INFO GPL-0041] Total routing overflow: 35.6017
[INFO GPL-0042] Number of overflowed tiles: 666 (6.66%)
[INFO GPL-0043] Average top 0.5% routing congestion: 1.1516
[INFO GPL-0044] Average top 1.0% routing congestion: 1.1309
[INFO GPL-0045] Average top 2.0% routing congestion: 1.1074
[INFO GPL-0046] Average top 5.0% routing congestion: 1.0682
[INFO GPL-0047] Routability iteration weighted routing congestion: 1.1412
[INFO GPL-0049] Routing congestion (1.1412) higher than minimum (1.1359). Consecutive non-improvement count: 1.
[INFO GPL-0086] Inflated area:                5084.155 um^2 (+1.36%)
[INFO GPL-0052] Placement target density:       0.7926
[INFO GPL-0076] Removing fillers, count: Before: 0, After: 0 (+0.00%)
[INFO GPL-0077] Filler area (um^2)     : Before: 0.000, After: 0.000 (+0.00%)
[INFO GPL-0078] Removed fillers count: 0, area removed: 0.000 um^2. Remaining area to be compensated by modifying density: 5084.155 um^2
[INFO GPL-0079] New target density: 0.8033603
[INFO GPL-0058] White space area:           471559.763 um^2 (+0.00%)
[INFO GPL-0059] Movable instances area:     378832.388 um^2 (+1.36%)
[INFO GPL-0060] Total filler area:               0.000 um^2 (+0.00%)
[INFO GPL-0061] Total non-inflated area:    378832.401 um^2 (+1.36%)
[INFO GPL-0062] Total inflated area:        383916.556 um^2 (+1.34%)
[INFO GPL-0063] New Target Density:             0.8034
[INFO GPL-0087] Routability end iteration: increase inflation and revert back to snapshot.
Iteration | Overflow |     HPWL (um) |  HPWL(%) |   Penalty | Group
---------------------------------------------------------------
     1820 |   0.6522 |  6.384202e+05 |  -24.59% |  1.16e-09 |      
     1830 |   0.5042 |  9.882207e+05 |  +54.79% |  1.66e-09 |      
     1840 |   0.5066 |  8.961809e+05 |   -9.31% |  2.43e-09 |      
     1850 |   0.4774 |  8.946018e+05 |   -0.18% |  3.57e-09 |      
     1860 |   0.4305 |  8.697198e+05 |   -2.78% |  5.25e-09 |      
     1870 |   0.4035 |  8.940276e+05 |   +2.79% |  7.71e-09 |      
     1880 |   0.3798 |  8.664462e+05 |   -3.09% |  1.14e-08 |      
     1890 |   0.3431 |  8.504214e+05 |   -1.85% |  1.67e-08 |      
     1900 |   0.3151 |  8.447302e+05 |   -0.67% |  2.46e-08 |      
[INFO GPL-0040] Routability iteration: 18
[INFO GPL-0041] Total routing overflow: 33.9026
[INFO GPL-0042] Number of overflowed tiles: 647 (6.47%)
[INFO GPL-0043] Average top 0.5% routing congestion: 1.1492
[INFO GPL-0044] Average top 1.0% routing congestion: 1.1289
[INFO GPL-0045] Average top 2.0% routing congestion: 1.1050
[INFO GPL-0046] Average top 5.0% routing congestion: 1.0655
[INFO GPL-0047] Routability iteration weighted routing congestion: 1.1391
[INFO GPL-0049] Routing congestion (1.1391) higher than minimum (1.1359). Consecutive non-improvement count: 2.
[INFO GPL-0086] Inflated area:                4265.168 um^2 (+1.13%)
[INFO GPL-0052] Placement target density:       0.8034
[INFO GPL-0076] Removing fillers, count: Before: 0, After: 0 (+0.00%)
[INFO GPL-0077] Filler area (um^2)     : Before: 0.000, After: 0.000 (+0.00%)
[INFO GPL-0078] Removed fillers count: 0, area removed: 0.000 um^2. Remaining area to be compensated by modifying density: 4265.169 um^2
[INFO GPL-0079] New target density: 0.8124051
[INFO GPL-0058] White space area:           471559.763 um^2 (+0.00%)
[INFO GPL-0059] Movable instances area:     383097.569 um^2 (+1.13%)
[INFO GPL-0060] Total filler area:               0.000 um^2 (+0.00%)
[INFO GPL-0061] Total non-inflated area:    383097.570 um^2 (+1.13%)
[INFO GPL-0062] Total inflated area:        387362.738 um^2 (+1.11%)
[INFO GPL-0063] New Target Density:             0.8124
[INFO GPL-0087] Routability end iteration: increase inflation and revert back to snapshot.
Iteration | Overflow |     HPWL (um) |  HPWL(%) |   Penalty | Group
---------------------------------------------------------------
     1910 |   0.5694 |  8.197488e+05 |   -2.96% |  1.24e-09 |      
     1920 |   0.5094 |  9.798577e+05 |  +19.53% |  1.78e-09 |      
     1930 |   0.4923 |  9.214204e+05 |   -5.96% |  2.62e-09 |      
     1940 |   0.4718 |  8.708939e+05 |   -5.48% |  3.85e-09 |      
     1950 |   0.4253 |  8.998247e+05 |   +3.32% |  5.65e-09 |      
     1960 |   0.3995 |  8.899413e+05 |   -1.10% |  8.32e-09 |      
     1970 |   0.3722 |  8.646165e+05 |   -2.85% |  1.22e-08 |      
     1980 |   0.3403 |  8.568760e+05 |   -0.90% |  1.80e-08 |      
     1990 |   0.3087 |  8.458833e+05 |   -1.28% |  2.66e-08 |      
[INFO GPL-0040] Routability iteration: 19
[INFO GPL-0041] Total routing overflow: 28.7426
[INFO GPL-0042] Number of overflowed tiles: 614 (6.14%)
[INFO GPL-0043] Average top 0.5% routing congestion: 1.1362
[INFO GPL-0044] Average top 1.0% routing congestion: 1.1149
[INFO GPL-0045] Average top 2.0% routing congestion: 1.0915
[INFO GPL-0046] Average top 5.0% routing congestion: 1.0561
[INFO GPL-0047] Routability iteration weighted routing congestion: 1.1255
[INFO GPL-0048] Routing congestion (1.1255) lower than previous minimum (1.136). Updating minimum.
[INFO GPL-0086] Inflated area:                3818.642 um^2 (+1.00%)
[INFO GPL-0052] Placement target density:       0.8124
[INFO GPL-0076] Removing fillers, count: Before: 0, After: 0 (+0.00%)
[INFO GPL-0077] Filler area (um^2)     : Before: 0.000, After: 0.000 (+0.00%)
[INFO GPL-0078] Removed fillers count: 0, area removed: 0.000 um^2. Remaining area to be compensated by modifying density: 3818.642 um^2
[INFO GPL-0079] New target density: 0.82050306
[INFO GPL-0058] White space area:           471559.763 um^2 (+0.00%)
[INFO GPL-0059] Movable instances area:     386916.221 um^2 (+1.00%)
[INFO GPL-0060] Total filler area:               0.000 um^2 (+0.00%)
[INFO GPL-0061] Total non-inflated area:    386916.211 um^2 (+1.00%)
[INFO GPL-0062] Total inflated area:        390734.853 um^2 (+0.99%)
[INFO GPL-0063] New Target Density:             0.8205
[INFO GPL-0087] Routability end iteration: increase inflation and revert back to snapshot.
Iteration | Overflow |     HPWL (um) |  HPWL(%) |   Penalty | Group
---------------------------------------------------------------
     2000 |   0.5259 |  8.962331e+05 |   +5.95% |  1.32e-09 |      
     2010 |   0.5167 |  9.554001e+05 |   +6.60% |  1.92e-09 |      
     2020 |   0.4838 |  9.510721e+05 |   -0.45% |  2.83e-09 |      
     2030 |   0.4641 |  8.534253e+05 |  -10.27% |  4.16e-09 |      
     2040 |   0.4187 |  9.145154e+05 |   +7.16% |  6.10e-09 |      
     2050 |   0.3915 |  8.876672e+05 |   -2.94% |  8.98e-09 |      
     2060 |   0.3648 |  8.613680e+05 |   -2.96% |  1.32e-08 |      
     2070 |   0.3336 |  8.608421e+05 |   -0.06% |  1.95e-08 |      
     2080 |   0.3022 |  8.488207e+05 |   -1.40% |  2.87e-08 |      
[INFO GPL-0040] Routability iteration: 20
[INFO GPL-0041] Total routing overflow: 31.6687
[INFO GPL-0042] Number of overflowed tiles: 627 (6.27%)
[INFO GPL-0043] Average top 0.5% routing congestion: 1.1516
[INFO GPL-0044] Average top 1.0% routing congestion: 1.1249
[INFO GPL-0045] Average top 2.0% routing congestion: 1.0993
[INFO GPL-0046] Average top 5.0% routing congestion: 1.0617
[INFO GPL-0047] Routability iteration weighted routing congestion: 1.1382
[INFO GPL-0049] Routing congestion (1.1382) higher than minimum (1.1255). Consecutive non-improvement count: 1.
[INFO GPL-0086] Inflated area:                4462.933 um^2 (+1.15%)
[INFO GPL-0052] Placement target density:       0.8205
[INFO GPL-0076] Removing fillers, count: Before: 0, After: 0 (+0.00%)
[INFO GPL-0077] Filler area (um^2)     : Before: 0.000, After: 0.000 (+0.00%)
[INFO GPL-0078] Removed fillers count: 0, area removed: 0.000 um^2. Remaining area to be compensated by modifying density: 4462.933 um^2
[INFO GPL-0079] New target density: 0.82996726
[INFO GPL-0058] White space area:           471559.763 um^2 (+0.00%)
[INFO GPL-0059] Movable instances area:     391379.157 um^2 (+1.15%)
[INFO GPL-0060] Total filler area:               0.000 um^2 (+0.00%)
[INFO GPL-0061] Total non-inflated area:    391379.144 um^2 (+1.15%)
[INFO GPL-0062] Total inflated area:        395842.077 um^2 (+1.14%)
[INFO GPL-0063] New Target Density:             0.8300
[INFO GPL-0087] Routability end iteration: increase inflation and revert back to snapshot.
Iteration | Overflow |     HPWL (um) |  HPWL(%) |   Penalty | Group
---------------------------------------------------------------
     2090 |   0.4957 |  9.837789e+05 |  +15.90% |  1.47e-09 |      
     2100 |   0.5170 |  9.222892e+05 |   -6.25% |  2.16e-09 |      
     2110 |   0.4801 |  9.469734e+05 |   +2.68% |  3.17e-09 |      
     2120 |   0.4435 |  8.643613e+05 |   -8.72% |  4.67e-09 |      
     2130 |   0.4102 |  9.209310e+05 |   +6.54% |  6.83e-09 |      
     2140 |   0.3866 |  8.851112e+05 |   -3.89% |  1.01e-08 |      
     2150 |   0.3573 |  8.609348e+05 |   -2.73% |  1.48e-08 |      
     2160 |   0.3267 |  8.587955e+05 |   -0.25% |  2.18e-08 |      
[INFO GPL-0040] Routability iteration: 21
[INFO GPL-0041] Total routing overflow: 32.4196
[INFO GPL-0042] Number of overflowed tiles: 640 (6.40%)
[INFO GPL-0043] Average top 0.5% routing congestion: 1.1448
[INFO GPL-0044] Average top 1.0% routing congestion: 1.1247
[INFO GPL-0045] Average top 2.0% routing congestion: 1.1000
[INFO GPL-0046] Average top 5.0% routing congestion: 1.0628
[INFO GPL-0047] Routability iteration weighted routing congestion: 1.1347
[INFO GPL-0049] Routing congestion (1.1347) higher than minimum (1.1255). Consecutive non-improvement count: 2.
[INFO GPL-0086] Inflated area:                4497.100 um^2 (+1.15%)
[INFO GPL-0052] Placement target density:       0.8300
[INFO GPL-0076] Removing fillers, count: Before: 0, After: 0 (+0.00%)
[INFO GPL-0077] Filler area (um^2)     : Before: 0.000, After: 0.000 (+0.00%)
[INFO GPL-0078] Removed fillers count: 0, area removed: 0.000 um^2. Remaining area to be compensated by modifying density: 4497.100 um^2
[INFO GPL-0079] New target density: 0.8395038
[INFO GPL-0058] White space area:           471559.763 um^2 (+0.00%)
[INFO GPL-0059] Movable instances area:     395876.237 um^2 (+1.15%)
[INFO GPL-0060] Total filler area:               0.000 um^2 (+0.00%)
[INFO GPL-0061] Total non-inflated area:    395876.244 um^2 (+1.15%)
[INFO GPL-0062] Total inflated area:        400373.343 um^2 (+1.14%)
[INFO GPL-0063] New Target Density:             0.8395
[INFO GPL-0087] Routability end iteration: increase inflation and revert back to snapshot.
Iteration | Overflow |     HPWL (um) |  HPWL(%) |   Penalty | Group
---------------------------------------------------------------
     2170 |   0.6529 |  6.398464e+05 |  -25.49% |  1.16e-09 |      
     2180 |   0.4999 |  1.036251e+06 |  +61.95% |  1.65e-09 |      
     2190 |   0.5001 |  9.299692e+05 |  -10.26% |  2.42e-09 |      
     2200 |   0.4711 |  9.133633e+05 |   -1.79% |  3.55e-09 |      
     2210 |   0.4307 |  9.041686e+05 |   -1.01% |  5.22e-09 |      
     2220 |   0.3975 |  9.147376e+05 |   +1.17% |  7.67e-09 |      
     2230 |   0.3767 |  8.816605e+05 |   -3.62% |  1.13e-08 |      
     2240 |   0.3432 |  8.666308e+05 |   -1.70% |  1.66e-08 |      
     2250 |   0.3134 |  8.570115e+05 |   -1.11% |  2.45e-08 |      
[INFO GPL-0040] Routability iteration: 22
[INFO GPL-0041] Total routing overflow: 32.2306
[INFO GPL-0042] Number of overflowed tiles: 652 (6.52%)
[INFO GPL-0043] Average top 0.5% routing congestion: 1.1525
[INFO GPL-0044] Average top 1.0% routing congestion: 1.1278
[INFO GPL-0045] Average top 2.0% routing congestion: 1.1009
[INFO GPL-0046] Average top 5.0% routing congestion: 1.0621
[INFO GPL-0047] Routability iteration weighted routing congestion: 1.1402
[INFO GPL-0049] Routing congestion (1.1402) higher than minimum (1.1255). Consecutive non-improvement count: 3.
[INFO GPL-0086] Inflated area:                4470.253 um^2 (+1.13%)
[INFO GPL-0052] Placement target density:       0.8395
[INFO GPL-0076] Removing fillers, count: Before: 0, After: 0 (+0.00%)
[INFO GPL-0077] Filler area (um^2)     : Before: 0.000, After: 0.000 (+0.00%)
[INFO GPL-0078] Removed fillers count: 0, area removed: 0.000 um^2. Remaining area to be compensated by modifying density: 4470.253 um^2
[INFO GPL-0079] New target density: 0.8489836
[INFO GPL-0054] No improvement in routing congestion for 3 consecutive iterations (limit is 3).
[INFO GPL-0055] Reverting inflation values and target density from the iteration with minimum observed routing congestion.
[INFO GPL-0056] Minimum observed routing congestion: 1.1255
[INFO GPL-0057] Target density at minimum routing congestion: 0.8124
[INFO GPL-0080] Restoring 0 previously removed fillers.
[INFO GPL-0089] Routability finished. Reverting to minimal observed routing congestion, could not reach target.
Iteration | Overflow |     HPWL (um) |  HPWL(%) |   Penalty | Group
---------------------------------------------------------------
     2260 |   0.5229 |  8.784660e+05 |   +2.50% |  1.32e-09 |      
     2270 |   0.5059 |  9.432106e+05 |   +7.37% |  1.93e-09 |      
     2280 |   0.4733 |  9.274036e+05 |   -1.68% |  2.84e-09 |      
     2290 |   0.4561 |  8.484034e+05 |   -8.52% |  4.17e-09 |      
     2300 |   0.4103 |  9.008606e+05 |   +6.18% |  6.11e-09 |      
     2310 |   0.3851 |  8.819836e+05 |   -2.10% |  8.99e-09 |      
     2320 |   0.3561 |  8.583895e+05 |   -2.68% |  1.32e-08 |      
     2330 |   0.3278 |  8.554607e+05 |   -0.34% |  1.95e-08 |      
     2340 |   0.2941 |  8.439566e+05 |   -1.34% |  2.87e-08 |      
     2350 |   0.2656 |  8.381156e+05 |   -0.69% |  4.23e-08 |      
     2360 |   0.2375 |  8.349245e+05 |   -0.38% |  6.23e-08 |      
     2370 |   0.2115 |  8.334663e+05 |   -0.17% |  9.18e-08 |      
[INFO GPL-0100] Timing-driven iteration 2/2, virtual: false.
[INFO GPL-0101]    Iter: 2378, overflow: 0.195, keep resizer changes at: 1, HPWL: 833500758
Iteration |   Area    | Resized | Buffers | Nets repaired | Remaining
---------------------------------------------------------------------
        0 |     +0.0% |       0 |       0 |             0 |     30091
    final |     +0.3% |      49 |      35 |            56 |         0
---------------------------------------------------------------------
[INFO RSZ-0034] Found 56 slew violations.
[INFO RSZ-0036] Found 9 capacitance violations.
[INFO RSZ-0039] Resized 49 instances.
[INFO RSZ-0038] Inserted 35 buffers in 56 nets.
   Iter   |    Area   | Removed | Inserted |   Pins
          |           | Buffers | Buffers  | Remaining
-------------------------------------------------------
        0 |     +0.0% |       0 |        0 |     27606
     2700 |     +0.0% |      37 |       53 |     24906
     5400 |     +0.1% |      44 |       66 |     22206
     8100 |     +0.2% |     149 |      219 |     19506
    10800 |     +0.2% |     194 |      272 |     16806
    13500 |     +0.3% |     263 |      369 |     14106
    16200 |     +0.4% |     313 |      460 |     11406
    18900 |     +0.6% |     462 |      673 |      8706
    21600 |     +0.7% |     510 |      781 |      6006
    24300 |     +1.0% |     629 |      982 |      3306
    27000 |     +1.6% |     643 |     1200 |       606
    final |     +1.6% |     669 |     1243 |         0
-------------------------------------------------------
[INFO GPL-0106] Timing-driven: worst slack -5.095e-09
[INFO GPL-0107] Timing-driven: repair_design delta area: 3485.979 um^2 (+0.88%)
[INFO GPL-0108] Timing-driven: repair_design, gpl delta gcells: 609 (+2.07%)
[INFO GPL-0109] Timing-driven: repair_design, gcells created: 1278, deleted: 669
[INFO GPL-0110] Timing-driven: new target density: 0.8468963
Iteration | Overflow |     HPWL (um) |  HPWL(%) |   Penalty | Group
---------------------------------------------------------------
     2380 |   0.1804 |  9.049861e+05 |   +8.58% |  1.34e-07 |      
     2390 |   0.1571 |  8.975863e+05 |   -0.82% |  1.98e-07 |      
     2400 |   0.1342 |  8.934087e+05 |   -0.47% |  2.92e-07 |      
     2410 |   0.1137 |  8.902072e+05 |   -0.36% |  4.30e-07 |      
     2417 |   0.0994 |  8.894461e+05 |          |  5.86e-07 |      
---------------------------------------------------------------
[INFO GPL-1001] Global placement finished at iteration 2417
[INFO GPL-1017] Routability mode iteration count: 1995
[INFO GPL-1005] Routability final weighted congestion: 1.1394
[INFO GPL-1002] Placed Cell Area            386583.5480
[INFO GPL-1003] Available Free Area         471559.7632
[INFO GPL-1004] Minimum Feasible Density        0.5800 (cell_area / free_area)
[INFO GPL-1006]   Suggested Target Densities:
[INFO GPL-1007]     - For 90% usage of free space: 0.9109
[INFO GPL-1008]     - For 80% usage of free space: 1.0247
[INFO GPL-1011] Original area (um^2): 269449.97
[INFO GPL-1012] Total routability artificial inflation: 106706.99 (+39.60%)
[INFO GPL-1013] Total timing-driven delta area: 10426.59 (+3.87%)
[INFO GPL-1014] Final placement area: 386583.55 (+43.47%)
Took 247 seconds: global_placement -density 0.6949999874830246 -pad_left 0 -pad_right 0 -routability_driven -timing_driven -force_center_initial_place -min_phi_coef 0.95 -max_phi_coef 1.05
estimate_parasitics -placement
Report metrics stage 3, global place...

==========================================================================
global place report_design_area
--------------------------------------------------------------------------
Design area 265561 um^2 55% utilization.
write_db /work/results/sky130hd/m7_j2/final_dd7fe6/3_3_place_gp.odb
Elapsed time: 4:12.16[h:]min:sec. CPU time: user 6332.79 sys 21.36 (2519%). Peak memory: 634848KB.
Log                       Ext     Elapsed/s Peak Memory/MB sha1sum result [0:20)
3_3_place_gp              .odb          252            619 743f13957cc68148b473
/OpenROAD-flow-scripts/flow/scripts/flow.sh 3_4_place_resized resize
Running resize.tcl, stage 3_4_place_resized
read_liberty /OpenROAD-flow-scripts/flow/platforms/sky130hd/lib/sky130_fd_sc_hd__tt_025C_1v80.lib
read_db -hier /work/results/sky130hd/m7_j2/final_dd7fe6/3_3_place_gp.odb
[WARNING ORD-0012] Hierarchical flow (-hier) is currently in development and may cause multiple issues. Do not use in production environments.
read_sdc /work/results/sky130hd/m7_j2/final_dd7fe6/2_floorplan.sdc
source /OpenROAD-flow-scripts/flow/platforms/sky130hd/setRC.tcl
estimate_parasitics -placement
replace_arith_modules -path_count 1000 -target setup -slack_threshold 0.0
[INFO RSZ-0151] Starting arithmetic module replacement to optimize 'setup' target
[INFO RSZ-0152] Analyzing 1000 critical paths with slack < 0.00
[INFO RSZ-0153] Identified 0 violating endpoints
[INFO RSZ-0154] Identified 0 critical arithmetic instances
[INFO GPL-0083] Execute incremental mode global placement.
[INFO GPL-0001] ---- Initialize GPL Main Data Structures
[INFO GPL-0002] DBU: 1000
[INFO GPL-0003] SiteSize: (  0.460  2.720 ) um
[INFO GPL-0004] CoreBBox: (  1.380  2.720 ) ( 695.520 693.600 ) um
[INFO GPL-0016] Core area:                  479567.443 um^2
[INFO GPL-0036] Movable instances area:     257553.264 um^2
[INFO GPL-0037] Total instances area:       265560.944 um^2
[INFO GPL-0035] Pin density area adjust:     24013.359 um^2
[INFO GPL-0032] ---- Initialize Region: Top-level
[INFO GPL-0006] Number of instances:             36399
[INFO GPL-0007] Movable instances:               29999
[INFO GPL-0008] Fixed instances:                  6400
[INFO GPL-0009] Dummy instances:                     0
[INFO GPL-0010] Number of nets:                  30194
[INFO GPL-0011] Number of pins:                 109597
[INFO GPL-0012] Die BBox:       (  0.000  0.000 ) ( 696.560 696.560 ) um
[INFO GPL-0013] Placement BBox: (  1.380  2.720 ) ( 695.520 693.600 ) um
[INFO GPL-0014] Region name: top-level.
[INFO GPL-0015] Region area:                479567.443 um^2
[INFO GPL-0017] Fixed instances area:         8007.680 um^2
[INFO GPL-0018] Movable instances area:     281566.623 um^2
[INFO GPL-0019] Utilization:                    59.710 %
[INFO GPL-0020] Standard cells area:        281566.623 um^2
[INFO GPL-0021] Large instances area:            0.000 um^2
[INFO GPL-0154] Identified 29999 placed instances
[INFO GPL-0155] Identified 0 not placed instances
[INFO GPL-0156] Identified all instances as placed. Skipping incremental mode
Perform buffer insertion and gate resizing...
repair_design -verbose -match_cell_footprint
Iteration |   Area    | Resized | Buffers | Nets repaired | Remaining
---------------------------------------------------------------------
        0 |     +0.0% |       0 |       0 |             0 |     30700
     1000 |     +0.0% |       0 |       0 |             0 |     29700
     2000 |     +0.0% |       0 |       0 |             0 |     28700
     3000 |     +0.0% |       0 |       0 |             0 |     27700
     4000 |     +0.0% |       0 |       0 |             0 |     26700
     5000 |     +0.0% |       0 |       0 |             0 |     25700
     6000 |     +0.0% |       0 |       0 |             0 |     24700
     7000 |     +0.0% |       1 |       0 |             1 |     23700
     8000 |     +0.0% |       1 |       0 |             1 |     22700
     9000 |     +0.0% |       1 |       0 |             1 |     21700
    10000 |     +0.0% |       1 |       0 |             1 |     20700
    11000 |     +0.0% |       1 |       0 |             1 |     19700
    12000 |     +0.0% |       1 |       0 |             1 |     18700
    13000 |     +0.0% |       1 |       0 |             1 |     17700
    14000 |     +0.0% |       1 |       0 |             1 |     16700
    15000 |     +0.0% |       1 |       1 |             2 |     15700
    16000 |     +0.0% |       1 |       1 |             2 |     14700
    17000 |     +0.0% |       1 |       1 |             2 |     13700
    18000 |     +0.0% |       1 |       1 |             2 |     12700
    19000 |     +0.0% |       1 |       1 |             2 |     11700
    20000 |     +0.0% |       1 |       1 |             2 |     10700
    21000 |     +0.0% |       1 |       1 |             2 |      9700
    22000 |     +0.0% |       1 |       1 |             2 |      8700
    23000 |     +0.0% |       1 |       1 |             2 |      7700
    24000 |     +0.0% |       1 |       1 |             2 |      6700
    25000 |     +0.0% |       1 |       1 |             2 |      5700
    26000 |     +0.0% |       1 |       2 |             3 |      4700
    27000 |     +0.0% |       1 |       2 |             3 |      3700
    28000 |     +0.0% |       1 |       2 |             3 |      2700
    29000 |     +0.0% |       1 |       2 |             3 |      1700
    30000 |     +0.0% |       1 |       2 |             3 |       700
    final |     +0.0% |       1 |       2 |             3 |         0
---------------------------------------------------------------------
[INFO RSZ-0034] Found 2 slew violations.
[INFO RSZ-0036] Found 2 capacitance violations.
[INFO RSZ-0039] Resized 1 instances.
[INFO RSZ-0038] Inserted 2 buffers in 3 nets.
[INFO RSZ-0504] Runtime: 2.18s
Floating nets: 
Report metrics stage 3, resizer...

==========================================================================
resizer report_design_area
--------------------------------------------------------------------------
Design area 265605 um^2 55% utilization.
Instance count before 36399, after 36401
Pin count before 109827, after 109831
write_db /work/results/sky130hd/m7_j2/final_dd7fe6/3_4_place_resized.odb
Elapsed time: 0:11.14[h:]min:sec. CPU time: user 16.51 sys 6.80 (209%). Peak memory: 304136KB.
Log                       Ext     Elapsed/s Peak Memory/MB sha1sum result [0:20)
3_4_place_resized         .odb           11            297 82354dcfd1655263c4d8
/OpenROAD-flow-scripts/flow/scripts/flow.sh 3_5_place_dp detail_place
Running detail_place.tcl, stage 3_5_place_dp
read_liberty /OpenROAD-flow-scripts/flow/platforms/sky130hd/lib/sky130_fd_sc_hd__tt_025C_1v80.lib
read_db -hier /work/results/sky130hd/m7_j2/final_dd7fe6/3_4_place_resized.odb
[WARNING ORD-0012] Hierarchical flow (-hier) is currently in development and may cause multiple issues. Do not use in production environments.
read_sdc /work/results/sky130hd/m7_j2/final_dd7fe6/2_floorplan.sdc
source /OpenROAD-flow-scripts/flow/platforms/sky130hd/setRC.tcl
detailed_placement
[INFO DPL-0006] Core area: 479567.44 um^2
[INFO DPL-0007] Movable instances area: 257597.06 um^2
[INFO DPL-0008] Fixed instances area within core: 8007.68 um^2
[INFO DPL-0009] Utilization: 55.4%
[INFO DPL-0005] Diamond search max displacement: +/- 500 sites horizontally, +/- 100 rows vertically.
[INFO DPL-1102] Legalizing using negotiation legalizer.
[INFO DPL-1103] Negotiation base search window: +/-20 sites horizontally, +/-5 rows vertically 
	Automatic search window extension enabled.
	Search window extendable up to the max displacement cap of +/-500 sites, +/-100 rows near walls.
[INFO DPL-1104] NegotiationLegalizer DRC penalty: 5.
[INFO DPL-0392] Negotiation cell height distribution (1 unique row-count(s)):
[INFO DPL-0393]   height 1 row(s): 36401 cells
          |      Total |  Illegal |  Illegal
Iteration | Violations |    Cells |    Sites
---------------------------------------------
        0 |       3951 |       855 |      3096
        1 |       1837 |       263 |      1574
        2 |       1537 |       167 |      1370
        3 |       1177 |       107 |      1070
        4 |        760 |        70 |       690
        5 |        485 |        49 |       436
        6 |        484 |        44 |       440
        7 |        338 |        30 |       308
        8 |        236 |        24 |       212
        9 |        145 |        11 |       134
       10 |        130 |        14 |       116
       18 |          0 |         0 |         0
Negotiation phase 1 converged at iteration 18.
[INFO DPL-0500] Runtime: 0.84s
Placement Analysis
---------------------------------
total displacement     107774.6 u
average displacement        3.0 u
max displacement           35.5 u
original HPWL          890844.3 u
legalized HPWL         995558.4 u
delta HPWL                   12 %

improve_placement -max_displacement "5 1"
Detailed placement improvement.
[INFO DPL-0401] Setting random seed to 1.
[INFO DPL-0402] Setting maximum displacement 5 1 to 13600 2720 units.
[INFO DPL-0320] Collected 6676 fixed cells.
[INFO DPL-0318] Collected 30001 single height cells.
[INFO DPL-0321] Collected 0 wide cells.
[INFO DPL-0322] Image (1380, 2720) - (695520, 693600)
[INFO DPL-0310] Assigned 30001 cells into segments.  Movement in X-direction is 0.000000, movement in Y-direction is 0.000000.
[INFO DPL-0313] Found 0 cells in wrong regions.
[INFO DPL-0315] Found 0 row alignment problems.
[INFO DPL-0314] Found 0 site alignment problems.
[INFO DPL-0311] Found 0 overlaps between adjacent cells.
[INFO DPL-0312] Found 0 edge spacing violations and 0 padding violations.
[INFO DPL-0303] Running algorithm for independent set matching.
[INFO DPL-0300] Set matching objective is wirelength.
[INFO DPL-0301] Pass   1 of matching; objective is 9.954544e+08.
[INFO DPL-0302] End of matching; objective is 9.946655e+08, improvement is 0.08 percent.
[INFO DPL-0303] Running algorithm for global swaps.
[INFO DPL-0306] Pass   1 of global swaps; hpwl is 9.782454e+08.
[INFO DPL-0306] Pass   2 of global swaps; hpwl is 9.751605e+08.
[INFO DPL-0307] End of global swaps; objective is 9.751605e+08, improvement is 1.96 percent.
[INFO DPL-0303] Running algorithm for vertical swaps.
[INFO DPL-0308] Pass   1 of vertical swaps; hpwl is 9.712178e+08.
[INFO DPL-0309] End of vertical swaps; objective is 9.712178e+08, improvement is 0.40 percent.
[INFO DPL-0303] Running algorithm for reordering.
[INFO DPL-0304] Pass   1 of reordering; objective is 9.701545e+08.
[INFO DPL-0305] End of reordering; objective is 9.701545e+08, improvement is 0.11 percent.
[INFO DPL-0303] Running algorithm for random improvement.
[INFO DPL-0324] Random improver is using random generator.
[INFO DPL-0325] Random improver is using hpwl objective.
[INFO DPL-0326] Random improver cost string is (a).
[INFO DPL-0332] End of pass, Generator random called 600020 times.
[INFO DPL-0335] Generator random, Cumulative attempts 600020, swaps 85500, moves 153890 since last reset.
[INFO DPL-0333] End of pass, Objective hpwl, Initial cost 9.649690e+08, Scratch cost 9.537296e+08, Incremental cost 9.537296e+08, Mismatch? N
[INFO DPL-0338] End of pass, Total cost is 9.537296e+08.
[INFO DPL-0327] Pass   1 of random improver; improvement in cost is 1.16 percent.
[INFO DPL-0332] End of pass, Generator random called 600020 times.
[INFO DPL-0335] Generator random, Cumulative attempts 1200040, swaps 167370, moves 307903 since last reset.
[INFO DPL-0333] End of pass, Objective hpwl, Initial cost 9.537296e+08, Scratch cost 9.497601e+08, Incremental cost 9.497601e+08, Mismatch? N
[INFO DPL-0338] End of pass, Total cost is 9.497601e+08.
[INFO DPL-0327] Pass   2 of random improver; improvement in cost is 0.42 percent.
[INFO DPL-0328] End of random improver; improvement is 1.576102 percent.
[INFO DPL-0380] Cell flipping.
[INFO DPL-0382] Changed 0 cell orientations for row compatibility.
[INFO DPL-0383] Performed 8332 cell flips.
[INFO DPL-0384] End of flipping; objective is 9.438338e+08, improvement is 1.16 percent.
[INFO DPL-0313] Found 0 cells in wrong regions.
[INFO DPL-0315] Found 0 row alignment problems.
[INFO DPL-0314] Found 0 site alignment problems.
[INFO DPL-0311] Found 0 overlaps between adjacent cells.
[INFO DPL-0312] Found 0 edge spacing violations and 0 padding violations.
Detailed Improvement Results
------------------------------------------
Original HPWL           995558.4 u (  433683.0,   561875.4)
Final HPWL              943611.6 u (  419654.9,   523956.8)
Delta HPWL                  -5.2 % (      -3.2,       -6.7)

Took 5 seconds: improve_placement -max_displacement "5 1"
optimize_mirroring
[INFO DPL-0020] Mirrored 1378 instances
[INFO DPL-0021] HPWL before          943611.6 u
[INFO DPL-0022] HPWL after           943211.7 u
[INFO DPL-0023] HPWL delta               -0.0 %
[INFO FLW-0012] Placement violations .
estimate_parasitics -placement
Report metrics stage 3, detailed place...

==========================================================================
detailed place report_design_area
--------------------------------------------------------------------------
Design area 265605 um^2 55% utilization.
write_db /work/results/sky130hd/m7_j2/final_dd7fe6/3_5_place_dp.odb
write_sdc -no_timestamp /work/results/sky130hd/m7_j2/final_dd7fe6/3_place.sdc
Elapsed time: 0:14.67[h:]min:sec. CPU time: user 19.51 sys 6.45 (176%). Peak memory: 344240KB.
Log                       Ext     Elapsed/s Peak Memory/MB sha1sum result [0:20)
3_5_place_dp              .odb           14            336 6375c6412405d63c3628
cp /work/results/sky130hd/m7_j2/final_dd7fe6/3_5_place_dp.odb /work/results/sky130hd/m7_j2/final_dd7fe6/3_place.odb
/OpenROAD-flow-scripts/flow/scripts/flow.sh 4_1_cts cts
Running cts.tcl, stage 4_1_cts
read_liberty /OpenROAD-flow-scripts/flow/platforms/sky130hd/lib/sky130_fd_sc_hd__tt_025C_1v80.lib
read_db -hier /work/results/sky130hd/m7_j2/final_dd7fe6/3_place.odb
[WARNING ORD-0012] Hierarchical flow (-hier) is currently in development and may cause multiple issues. Do not use in production environments.
read_sdc /work/results/sky130hd/m7_j2/final_dd7fe6/3_place.sdc
source /OpenROAD-flow-scripts/flow/platforms/sky130hd/setRC.tcl
clock_tree_synthesis -sink_clustering_enable -repair_clock_nets -sink_clustering_size 20 -sink_clustering_max_diameter 50
[INFO CTS-0050] Root buffer is sky130_fd_sc_hd__clkbuf_16.
[INFO CTS-0051] Sink buffer is sky130_fd_sc_hd__clkbuf_16.
[INFO CTS-0052] The following clock buffers will be used for CTS:
                    sky130_fd_sc_hd__clkbuf_16
[INFO CTS-0049] Characterization buffer is sky130_fd_sc_hd__clkbuf_16.
[INFO CTS-0007] Net "clk" found for clock "core_clock".
[INFO CTS-0011]  Clock net "clk" for macros has 1 sinks.
[INFO CTS-0011]  Clock net "clk_regs" for registers has 695 sinks.
[INFO CTS-0010]  Clock net "_13677_" has 2190 sinks.
[INFO CTS-0008] TritonCTS found 3 clock nets.
[INFO CTS-0097] Characterization used 1 buffer(s) types.
[INFO CTS-0201] 0 blockages from hard placement blockages and placed macros will be used.
[INFO CTS-0027] Generating H-Tree topology for net clk.
[INFO CTS-0028]  Total number of sinks: 1.
[INFO CTS-0060]  Macro  sinks will be clustered in groups of up to 4 and based on buffer max cap.
[INFO CTS-0030]  Number of static layers: 0.
[INFO CTS-0020]  Wire segment unit: 13600  dbu (13 um).
[INFO CTS-0023]  Original sink region: [(348704, 432330), (348704, 432330)].
[INFO CTS-0024]  Normalized sink region: [(25.64, 31.789), (25.64, 31.789)].
[INFO CTS-0025]     Width:  0.0000.
[INFO CTS-0026]     Height: 0.0000.
 Level 1
    Direction: Vertical
    Sinks per sub-region: 1
    Sub-region size: 0.0000 X 0.0000
[INFO CTS-0034]     Segment length (rounded): 1.
[INFO CTS-0038]  Stop criterion found. Sink region hpwl is smaller than max wirelength (1911.535 um) and max number of sinks is 15.
[INFO CTS-0035]  Number of sinks covered: 1.
[INFO CTS-0201] 0 blockages from hard placement blockages and placed macros will be used.
[INFO CTS-0027] Generating H-Tree topology for net clk_regs.
[INFO CTS-0028]  Total number of sinks: 695.
[INFO CTS-0029]  Register sinks will be clustered in groups of up to 20 and with maximum cluster diameter of 50.0 um.
[INFO CTS-0030]  Number of static layers: 0.
[INFO CTS-0020]  Wire segment unit: 13600  dbu (13 um).
[INFO CTS-0204] A clustering solution was found from clustering size of 20 and clustering diameter of 50.
[INFO CTS-0205] Better solution may be possible if either -sink_clustering_size, -sink_clustering_max_diameter, or both options are omitted to enable automatic clustering.
[INFO CTS-0019]  Total number of sinks after clustering: 66.
[INFO CTS-0024]  Normalized sink region: [(0.154779, 0.747794), (49.8742, 50.3652)].
[INFO CTS-0025]     Width:  49.7194.
[INFO CTS-0026]     Height: 49.6174.
 Level 1
    Direction: Horizontal
    Sinks per sub-region: 33
    Sub-region size: 24.8597 X 49.6174
[INFO CTS-0034]     Segment length (rounded): 12.
 Level 2
    Direction: Vertical
    Sinks per sub-region: 17
    Sub-region size: 24.8597 X 24.8087
[INFO CTS-0034]     Segment length (rounded): 12.
 Level 3
    Direction: Horizontal
    Sinks per sub-region: 9
    Sub-region size: 12.4299 X 24.8087
[INFO CTS-0034]     Segment length (rounded): 6.
[INFO CTS-0038]  Stop criterion found. Sink region hpwl is smaller than max wirelength (1911.535 um) and max number of sinks is 15.
[INFO CTS-0035]  Number of sinks covered: 66.
[INFO CTS-0201] 0 blockages from hard placement blockages and placed macros will be used.
[INFO CTS-0027] Generating H-Tree topology for net _13677_.
[INFO CTS-0028]  Total number of sinks: 2190.
[INFO CTS-0029]  Register sinks will be clustered in groups of up to 20 and with maximum cluster diameter of 50.0 um.
[INFO CTS-0030]  Number of static layers: 0.
[INFO CTS-0020]  Wire segment unit: 13600  dbu (13 um).
[INFO CTS-0204] A clustering solution was found from clustering size of 20 and clustering diameter of 50.
[INFO CTS-0205] Better solution may be possible if either -sink_clustering_size, -sink_clustering_max_diameter, or both options are omitted to enable automatic clustering.
[INFO CTS-0019]  Total number of sinks after clustering: 216.
[INFO CTS-0024]  Normalized sink region: [(0.649123, 13.4319), (49.9941, 50.6319)].
[INFO CTS-0025]     Width:  49.3450.
[INFO CTS-0026]     Height: 37.2000.
 Level 1
    Direction: Horizontal
    Sinks per sub-region: 108
    Sub-region size: 24.6725 X 37.2000
[INFO CTS-0034]     Segment length (rounded): 12.
 Level 2
    Direction: Vertical
    Sinks per sub-region: 54
    Sub-region size: 24.6725 X 18.6000
[INFO CTS-0034]     Segment length (rounded): 10.
 Level 3
    Direction: Horizontal
    Sinks per sub-region: 27
    Sub-region size: 12.3362 X 18.6000
[INFO CTS-0034]     Segment length (rounded): 6.
 Level 4
    Direction: Vertical
    Sinks per sub-region: 14
    Sub-region size: 12.3362 X 9.3000
[INFO CTS-0034]     Segment length (rounded): 4.
[INFO CTS-0038]  Stop criterion found. Sink region hpwl is smaller than max wirelength (1911.535 um) and max number of sinks is 15.
[INFO CTS-0035]  Number of sinks covered: 216.
[INFO CTS-0018]     Created 2 clock buffers.
[INFO CTS-0012]     Minimum number of buffers in the clock path: 2.
[INFO CTS-0013]     Maximum number of buffers in the clock path: 2.
[INFO CTS-0015]     Created 2 clock nets.
[INFO CTS-0016]     Fanout distribution for the current clock = 1:1..
[INFO CTS-0017]     Max level of the clock tree: 1.
[INFO CTS-0018]     Created 79 clock buffers.
[INFO CTS-0012]     Minimum number of buffers in the clock path: 4.
[INFO CTS-0013]     Maximum number of buffers in the clock path: 4.
[INFO CTS-0015]     Created 79 clock nets.
[INFO CTS-0016]     Fanout distribution for the current clock = 2:6, 3:3, 4:4, 5:2, 6:4, 7:5, 8:3, 9:6, 10:7, 11:6, 12:4, 13:6, 14:2, 15:4, 17:2, 18:3, 19:1, 20:6..
[INFO CTS-0017]     Max level of the clock tree: 3.
[INFO CTS-0018]     Created 237 clock buffers.
[INFO CTS-0012]     Minimum number of buffers in the clock path: 4.
[INFO CTS-0013]     Maximum number of buffers in the clock path: 4.
[INFO CTS-0015]     Created 237 clock nets.
[INFO CTS-0016]     Fanout distribution for the current clock = 2:9, 3:9, 4:7, 5:16, 6:19, 7:11, 8:19, 9:15, 10:19, 11:13, 12:13, 13:22, 14:14, 15:9, 16:9, 17:8, 18:4, 19:4, 20:11, 21:1..
[INFO CTS-0017]     Max level of the clock tree: 4.
[INFO CTS-0124] Clock net "clk"
[INFO CTS-0125]  Sinks 1
[INFO CTS-0098] Clock net "clk_regs"
[INFO CTS-0099]  Sinks 757
[INFO CTS-0100]  Leaf buffers 66
[INFO CTS-0101]  Average sink wire length 502.66 um
[INFO CTS-0102]  Path depth 3 - 4
[INFO CTS-0207]  Dummy loads inserted 62
[INFO CTS-0098] Clock net "_13677_"
[INFO CTS-0099]  Sinks 2398
[INFO CTS-0100]  Leaf buffers 216
[INFO CTS-0101]  Average sink wire length 477.06 um
[INFO CTS-0102]  Path depth 3 - 4
[INFO CTS-0207]  Dummy loads inserted 208
[INFO CTS-0033] Balancing latency for clock core_clock
[INFO CTS-0036]  inserted 3 delay buffers
[INFO CTS-0037] Total number of delay buffers: 3
[INFO CTS-0500] Runtime: 1.47s
estimate_parasitics -placement
detailed_placement
[INFO DPL-0006] Core area: 479567.44 um^2
[INFO DPL-0007] Movable instances area: 269041.78 um^2
[INFO DPL-0008] Fixed instances area within core: 8007.68 um^2
[INFO DPL-0009] Utilization: 57.8%
[INFO DPL-0005] Diamond search max displacement: +/- 500 sites horizontally, +/- 100 rows vertically.
[INFO DPL-1102] Legalizing using negotiation legalizer.
[INFO DPL-1103] Negotiation base search window: +/-20 sites horizontally, +/-5 rows vertically 
	Automatic search window extension enabled.
	Search window extendable up to the max displacement cap of +/-500 sites, +/-100 rows near walls.
[INFO DPL-1104] NegotiationLegalizer DRC penalty: 5.
[INFO DPL-0392] Negotiation cell height distribution (1 unique row-count(s)):
[INFO DPL-0393]   height 1 row(s): 36993 cells
          |      Total |  Illegal |  Illegal
Iteration | Violations |    Cells |    Sites
---------------------------------------------
        0 |       3026 |       415 |      2611
        1 |       2260 |       241 |      2019
        2 |       1742 |       185 |      1557
        3 |       1447 |       144 |      1303
        4 |       1285 |       123 |      1162
        5 |       1039 |        94 |       945
        6 |       1129 |        89 |      1040
        7 |        997 |        86 |       911
        8 |        918 |        82 |       836
        9 |        731 |        64 |       667
       10 |        719 |        60 |       659
       20 |         71 |         7 |        64
       24 |          0 |         0 |         0
Negotiation phase 1 converged at iteration 24.
[INFO DPL-0500] Runtime: 0.71s
Placement Analysis
---------------------------------
total displacement      36982.6 u
average displacement        1.0 u
max displacement           40.8 u
original HPWL          966908.3 u
legalized HPWL         991441.2 u
delta HPWL                    3 %

estimate_parasitics -placement
repair_timing -setup_margin 0 -hold_margin 0 -repair_tns 100 -match_cell_footprint -verbose
[INFO RSZ-0100] Repair move sequence: UnbufferMove SizeUpMove SwapPinsMove BufferMove CloneMove SplitLoadMove 
[INFO RSZ-0098] No setup violations found
[INFO RSZ-0505] Runtime: 0.51s
[INFO RSZ-0033] No hold violations found.
[INFO RSZ-0506] Runtime: 0.03s
detailed_placement
[INFO DPL-0006] Core area: 479567.44 um^2
[INFO DPL-0007] Movable instances area: 269041.78 um^2
[INFO DPL-0008] Fixed instances area within core: 8007.68 um^2
[INFO DPL-0009] Utilization: 57.8%
[INFO DPL-0005] Diamond search max displacement: +/- 500 sites horizontally, +/- 100 rows vertically.
[INFO DPL-1102] Legalizing using negotiation legalizer.
[INFO DPL-1103] Negotiation base search window: +/-20 sites horizontally, +/-5 rows vertically 
	Automatic search window extension enabled.
	Search window extendable up to the max displacement cap of +/-500 sites, +/-100 rows near walls.
[INFO DPL-1104] NegotiationLegalizer DRC penalty: 5.
[INFO DPL-0392] Negotiation cell height distribution (1 unique row-count(s)):
[INFO DPL-0393]   height 1 row(s): 36993 cells
[INFO DPL-0500] Runtime: 0.11s
Placement Analysis
---------------------------------
total displacement          0.0 u
average displacement        0.0 u
max displacement            0.0 u
original HPWL          991441.2 u
legalized HPWL         991441.2 u
delta HPWL                    0 %

Report metrics stage 4, cts final...

==========================================================================
cts final report_design_area
--------------------------------------------------------------------------
Design area 277049 um^2 58% utilization.
write_db /work/results/sky130hd/m7_j2/final_dd7fe6/4_1_cts.odb
write_sdc -no_timestamp /work/results/sky130hd/m7_j2/final_dd7fe6/4_cts.sdc
Elapsed time: 0:11.84[h:]min:sec. CPU time: user 30.23 sys 9.29 (333%). Peak memory: 395892KB.
Log                       Ext     Elapsed/s Peak Memory/MB sha1sum result [0:20)
4_1_cts                   .odb           11            386 b3e13a05208046d1c47e
cp /work/results/sky130hd/m7_j2/final_dd7fe6/4_1_cts.odb /work/results/sky130hd/m7_j2/final_dd7fe6/4_cts.odb
/OpenROAD-flow-scripts/flow/scripts/flow.sh 5_1_grt global_route
Running global_route.tcl, stage 5_1_grt
read_liberty /OpenROAD-flow-scripts/flow/platforms/sky130hd/lib/sky130_fd_sc_hd__tt_025C_1v80.lib
read_db -hier /work/results/sky130hd/m7_j2/final_dd7fe6/4_cts.odb
[WARNING ORD-0012] Hierarchical flow (-hier) is currently in development and may cause multiple issues. Do not use in production environments.
read_sdc /work/results/sky130hd/m7_j2/final_dd7fe6/4_cts.sdc
source /OpenROAD-flow-scripts/flow/platforms/sky130hd/setRC.tcl
pin_access
[INFO DRT-0149] Reading tech and libs.
[WARNING DRT-0349] LEF58_ENCLOSURE with no CUTCLASS is not supported. Skipping for layer mcon
[WARNING DRT-0349] LEF58_ENCLOSURE with no CUTCLASS is not supported. Skipping for layer mcon
[WARNING DRT-0349] LEF58_ENCLOSURE with no CUTCLASS is not supported. Skipping for layer via
[WARNING DRT-0349] LEF58_ENCLOSURE with no CUTCLASS is not supported. Skipping for layer via
[WARNING DRT-0349] LEF58_ENCLOSURE with no CUTCLASS is not supported. Skipping for layer via2
[WARNING DRT-0349] LEF58_ENCLOSURE with no CUTCLASS is not supported. Skipping for layer via2
[WARNING DRT-0349] LEF58_ENCLOSURE with no CUTCLASS is not supported. Skipping for layer via3
[WARNING DRT-0349] LEF58_ENCLOSURE with no CUTCLASS is not supported. Skipping for layer via3
[WARNING DRT-0349] LEF58_ENCLOSURE with no CUTCLASS is not supported. Skipping for layer via4
[WARNING DRT-0349] LEF58_ENCLOSURE with no CUTCLASS is not supported. Skipping for layer via4

Units:                1000
Number of layers:     13
Number of macros:     441
Number of vias:       29
Number of viarulegen: 25

[INFO DRT-0150] Reading design.
[WARNING DRT-0120] Large net net2692 has 104 pins which may impact routing performance. Consider optimization.
[WARNING DRT-0120] Large net net2693 has 101 pins which may impact routing performance. Consider optimization.
[WARNING DRT-0120] Large net net3667 has 159 pins which may impact routing performance. Consider optimization.
[WARNING DRT-0120] Large net net3671 has 164 pins which may impact routing performance. Consider optimization.
[WARNING DRT-0120] Large net net3679 has 170 pins which may impact routing performance. Consider optimization.
[WARNING DRT-0120] Large net net3686 has 155 pins which may impact routing performance. Consider optimization.
[WARNING DRT-0120] Large net net3690 has 170 pins which may impact routing performance. Consider optimization.

Design:                   m7_ppa_j2_top
Die area:                 ( 0 0 ) ( 696560 696560 )
Number of track patterns: 12
Number of DEF vias:       0
Number of components:     36993
Number of terminals:      278
Number of snets:          2
Number of nets:           30518

[INFO DRT-0167] List of default vias:
  Layer via
    default via: M1M2_PR
  Layer via2
    default via: M2M3_PR
  Layer via3
    default via: M3M4_PR
  Layer via4
    default via: M4M5_PR
[INFO DRT-0162] Library cell analysis.
[INFO DRT-0163] Instance analysis.
[INFO DRT-0164] Number of unique instances = 272.
[INFO DRT-0168] Init region query.
[INFO DRT-0024]   Complete FR_MASTERSLICE.
[INFO DRT-0024]   Complete Fr_VIA.
[INFO DRT-0024]   Complete li1.
[INFO DRT-0024]   Complete mcon.
[INFO DRT-0024]   Complete met1.
[INFO DRT-0024]   Complete via.
[INFO DRT-0024]   Complete met2.
[INFO DRT-0024]   Complete via2.
[INFO DRT-0024]   Complete met3.
[INFO DRT-0024]   Complete via3.
[INFO DRT-0024]   Complete met4.
[INFO DRT-0024]   Complete via4.
[INFO DRT-0024]   Complete met5.
[INFO DRT-0033] FR_MASTERSLICE shape region query size = 0.
[INFO DRT-0033] FR_VIA shape region query size = 0.
[INFO DRT-0033] li1 shape region query size = 883130.
[INFO DRT-0033] mcon shape region query size = 474919.
[INFO DRT-0033] met1 shape region query size = 131274.
[INFO DRT-0033] via shape region query size = 32515.
[INFO DRT-0033] met2 shape region query size = 19662.
[INFO DRT-0033] via2 shape region query size = 26012.
[INFO DRT-0033] met3 shape region query size = 19632.
[INFO DRT-0033] via3 shape region query size = 26012.
[INFO DRT-0033] met4 shape region query size = 7829.
[INFO DRT-0033] via4 shape region query size = 1275.
[INFO DRT-0033] met5 shape region query size = 1375.
[INFO DRT-0165] Start pin access.
[INFO DRT-0076]   Complete 1000 pins.
[INFO DRT-0076]   Complete 2000 pins.
[INFO DRT-0078]   Complete 2197 pins.
[INFO DRT-0079]   Complete 100 unique inst patterns.
[INFO DRT-0079]   Complete 200 unique inst patterns.
[INFO DRT-0081]   Complete 272 unique inst patterns.
[INFO DRT-0082]   Complete 10000 groups.
[INFO DRT-0084]   Complete 18752 groups.
#scanned instances     = 36993
#unique  instances     = 272
#stdCellGenAp          = 8750
#stdCellValidPlanarAp  = 117
#stdCellValidViaAp     = 6401
#stdCellPinNoAp        = 0
#stdCellPinCnt         = 110239
#instTermValidViaApCnt = 0
#macroGenAp            = 0
#macroValidPlanarAp    = 0
#macroValidViaAp       = 0
#macroNoAp             = 0
[INFO DRT-0166] Complete pin access.
[INFO DRT-0267] cpu time = 00:07:31, elapsed time = 00:00:16, memory = 355.32 (MB), peak = 354.66 (MB)
Took 18 seconds: pin_access
global_route -congestion_report_file /work/reports/sky130hd/m7_j2/final_dd7fe6/congestion.rpt -congestion_iterations 30 -congestion_report_iter_step 5 -verbose
[INFO GRT-0020] Min routing layer: met1
[INFO GRT-0021] Max routing layer: met5
[INFO GRT-0022] Global adjustment: 0%
[INFO GRT-0023] Grid origin: (0, 0)
[INFO GRT-0088] Layer li1     Track-Pitch = 0.4600  line-2-Via Pitch: 0.3400
[INFO GRT-0088] Layer met1    Track-Pitch = 0.3400  line-2-Via Pitch: 0.3400
[INFO GRT-0088] Layer met2    Track-Pitch = 0.4600  line-2-Via Pitch: 0.3500
[INFO GRT-0088] Layer met3    Track-Pitch = 0.6800  line-2-Via Pitch: 0.6150
[INFO GRT-0088] Layer met4    Track-Pitch = 0.9200  line-2-Via Pitch: 1.0400
[INFO GRT-0088] Layer met5    Track-Pitch = 3.4000  line-2-Via Pitch: 3.1100
[INFO GRT-0003] Macros: 0
[INFO GRT-0004] Blockages: 53461
[INFO GRT-0019] Found 324 clock nets.
[INFO GRT-0001] Minimum degree: 2
[INFO GRT-0002] Maximum degree: 170

[INFO GRT-0053] Routing resources analysis:
          Routing      Original      Derated      Resource
Layer     Direction    Resources     Resources    Reduction (%)
---------------------------------------------------------------
li1        Vertical            0             0          0.00%
met1       Horizontal     129304         99809          22.81%
met2       Vertical       129294         99297          23.20%
met3       Horizontal      94751         74018          21.88%
met4       Vertical        63855         45837          28.22%
met5       Horizontal      13959         10098          27.66%
---------------------------------------------------------------

[INFO GRT-0101] Running extra iterations to remove congestion.
[INFO GRT-0102] Start extra iteration 1/30
[INFO GRT-0102] Start extra iteration 2/30
[INFO GRT-0102] Start extra iteration 3/30
[INFO GRT-0102] Start extra iteration 4/30
[INFO GRT-0197] Via related to pin nodes: 190721
[INFO GRT-0198] Via related Steiner nodes: 5617
[INFO GRT-0199] Via filling finished.
[INFO GRT-0111] Final number of vias: 248743
[INFO GRT-0112] Final usage 3D: 934333

[INFO GRT-0096] Final congestion report:
Layer         Resource        Demand        Usage (%)    Max H / Max V / Total Congestion
---------------------------------------------------------------------------------------
li1                  0             0            0.00%             0 /  0 /  0
met1             99809         65385           65.51%             0 /  0 /  0
met2             99297         74024           74.55%             0 /  0 /  0
met3             74018         26234           35.44%             0 /  0 /  0
met4             45837         21657           47.25%             0 /  0 /  0
met5             10098           804            7.96%             0 /  0 /  0
---------------------------------------------------------------------------------------
Total           329059        188104           57.16%             0 /  0 /  0

[INFO GRT-0018] Total wirelength: 1864690 um
[INFO GRT-0014] Routed nets: 30481
[INFO GRT-0303] Global routing runtime = 00:00:03
[WARNING STA-0450] virtual clock vclk_core_clock can not be propagated.
estimate_parasitics -global_routing
Perform buffer insertion and gate resizing...
repair_design -verbose
Iteration |   Area    | Resized | Buffers | Nets repaired | Remaining
---------------------------------------------------------------------
        0 |     +0.0% |       0 |       0 |             0 |     31294
     1000 |     +0.0% |       0 |       0 |             0 |     30294
     2000 |     +0.0% |       0 |       1 |             1 |     29294
     3000 |     +0.0% |       3 |       2 |             4 |     28294
     4000 |     +0.0% |       3 |       2 |             4 |     27294
     5000 |     +0.0% |       3 |       2 |             4 |     26294
     6000 |     +0.0% |       3 |       2 |             4 |     25294
     7000 |     +0.0% |       3 |       2 |             4 |     24294
     8000 |     +0.0% |       3 |       2 |             4 |     23294
     9000 |     +0.0% |       3 |       2 |             4 |     22294
    10000 |     +0.0% |       3 |       2 |             4 |     21294
    11000 |     +0.0% |       5 |       2 |             5 |     20294
    12000 |     +0.0% |       5 |       2 |             5 |     19294
    13000 |     +0.0% |       5 |       2 |             5 |     18294
    14000 |     +0.0% |       5 |       2 |             5 |     17294
    15000 |     +0.0% |       5 |       2 |             5 |     16294
    16000 |     +0.0% |       5 |       2 |             5 |     15294
    17000 |     +0.0% |       6 |       2 |             5 |     14294
    18000 |     +0.0% |       6 |       2 |             5 |     13294
    19000 |     +0.0% |       6 |       2 |             5 |     12294
    20000 |     +0.0% |       6 |       2 |             5 |     11294
    21000 |     +0.0% |       6 |       2 |             5 |     10294
    22000 |     +0.0% |       6 |       2 |             5 |      9294
    23000 |     +0.0% |       6 |       2 |             5 |      8294
    24000 |     +0.0% |       6 |       2 |             5 |      7294
    25000 |     +0.0% |       6 |       2 |             5 |      6294
    26000 |     +0.0% |       6 |       2 |             5 |      5294
    27000 |     +0.0% |       6 |       2 |             5 |      4294
    28000 |     +0.0% |       6 |       2 |             5 |      3294
    29000 |     +0.0% |       6 |       2 |             5 |      2294
    30000 |     +0.0% |       6 |       2 |             5 |      1294
    31000 |     +0.0% |       6 |       2 |             5 |       294
[WARNING RSZ-0104] Net sec_release_i only has one pin. Check if it is intended to be dangling.
[WARNING RSZ-0104] Net iopmp_release_i only has one pin. Check if it is intended to be dangling.
[WARNING RSZ-0104] Net ic_release_i only has one pin. Check if it is intended to be dangling.
[WARNING RSZ-0104] Net dma_wdata_i[9] only has one pin. Check if it is intended to be dangling.
[WARNING RSZ-0104] Net dma_wdata_i[8] only has one pin. Check if it is intended to be dangling.
[WARNING RSZ-0104] Net dma_wdata_i[7] only has one pin. Check if it is intended to be dangling.
[WARNING RSZ-0104] Net dma_wdata_i[6] only has one pin. Check if it is intended to be dangling.
[WARNING RSZ-0104] Net dma_wdata_i[5] only has one pin. Check if it is intended to be dangling.
[WARNING RSZ-0104] Net dma_wdata_i[4] only has one pin. Check if it is intended to be dangling.
[WARNING RSZ-0104] Net dma_wdata_i[3] only has one pin. Check if it is intended to be dangling.
[WARNING RSZ-0104] Net dma_wdata_i[31] only has one pin. Check if it is intended to be dangling.
[WARNING RSZ-0104] Net dma_wdata_i[30] only has one pin. Check if it is intended to be dangling.
[WARNING RSZ-0104] Net dma_wdata_i[2] only has one pin. Check if it is intended to be dangling.
[WARNING RSZ-0104] Net dma_wdata_i[29] only has one pin. Check if it is intended to be dangling.
[WARNING RSZ-0104] Net dma_wdata_i[28] only has one pin. Check if it is intended to be dangling.
[WARNING RSZ-0104] Net dma_wdata_i[27] only has one pin. Check if it is intended to be dangling.
[WARNING RSZ-0104] Net dma_wdata_i[26] only has one pin. Check if it is intended to be dangling.
[WARNING RSZ-0104] Net dma_wdata_i[25] only has one pin. Check if it is intended to be dangling.
[WARNING RSZ-0104] Net dma_wdata_i[24] only has one pin. Check if it is intended to be dangling.
[WARNING RSZ-0104] Net dma_wdata_i[23] only has one pin. Check if it is intended to be dangling.
[WARNING RSZ-0104] Net dma_wdata_i[22] only has one pin. Check if it is intended to be dangling.
[WARNING RSZ-0104] Net dma_wdata_i[21] only has one pin. Check if it is intended to be dangling.
[WARNING RSZ-0104] Net dma_wdata_i[20] only has one pin. Check if it is intended to be dangling.
[WARNING RSZ-0104] Net dma_wdata_i[1] only has one pin. Check if it is intended to be dangling.
[WARNING RSZ-0104] Net dma_wdata_i[19] only has one pin. Check if it is intended to be dangling.
[WARNING RSZ-0104] Net dma_wdata_i[18] only has one pin. Check if it is intended to be dangling.
[WARNING RSZ-0104] Net dma_wdata_i[17] only has one pin. Check if it is intended to be dangling.
[WARNING RSZ-0104] Net dma_wdata_i[16] only has one pin. Check if it is intended to be dangling.
[WARNING RSZ-0104] Net dma_wdata_i[15] only has one pin. Check if it is intended to be dangling.
[WARNING RSZ-0104] Net dma_wdata_i[14] only has one pin. Check if it is intended to be dangling.
[WARNING RSZ-0104] Net dma_wdata_i[13] only has one pin. Check if it is intended to be dangling.
[WARNING RSZ-0104] Net dma_wdata_i[12] only has one pin. Check if it is intended to be dangling.
[WARNING RSZ-0104] Net dma_wdata_i[11] only has one pin. Check if it is intended to be dangling.
[WARNING RSZ-0104] Net dma_wdata_i[10] only has one pin. Check if it is intended to be dangling.
[WARNING RSZ-0104] Net dma_wdata_i[0] only has one pin. Check if it is intended to be dangling.
[WARNING RSZ-0104] Net dma_release_i only has one pin. Check if it is intended to be dangling.
[WARNING RSZ-0104] Net cpu_release_i only has one pin. Check if it is intended to be dangling.
    final |     +0.0% |       6 |       2 |             5 |         0
---------------------------------------------------------------------
[INFO RSZ-0034] Found 7 slew violations.
[INFO RSZ-0039] Resized 6 instances.
[INFO RSZ-0038] Inserted 2 buffers in 5 nets.
[INFO RSZ-0504] Runtime: 2.11s
global_route -start_incremental
detailed_placement
[INFO DPL-0006] Core area: 479567.44 um^2
[INFO DPL-0007] Movable instances area: 269108.10 um^2
[INFO DPL-0008] Fixed instances area within core: 8007.68 um^2
[INFO DPL-0009] Utilization: 57.8%
[INFO DPL-0005] Diamond search max displacement: +/- 500 sites horizontally, +/- 100 rows vertically.
[INFO DPL-1102] Legalizing using negotiation legalizer.
[INFO DPL-1103] Negotiation base search window: +/-20 sites horizontally, +/-5 rows vertically 
	Automatic search window extension enabled.
	Search window extendable up to the max displacement cap of +/-500 sites, +/-100 rows near walls.
[INFO DPL-1104] NegotiationLegalizer DRC penalty: 5.
[INFO DPL-0392] Negotiation cell height distribution (1 unique row-count(s)):
[INFO DPL-0393]   height 1 row(s): 36995 cells
          |      Total |  Illegal |  Illegal
Iteration | Violations |    Cells |    Sites
---------------------------------------------
        0 |          0 |         0 |         0
Negotiation phase 1 converged at iteration 0.
[INFO DPL-0500] Runtime: 0.14s
Placement Analysis
---------------------------------
total displacement         38.6 u
average displacement        0.0 u
max displacement           10.9 u
original HPWL          991475.8 u
legalized HPWL         991528.3 u
delta HPWL                    0 %

global_route -end_incremental -congestion_report_file /work/reports/sky130hd/m7_j2/final_dd7fe6/congestion_post_repair_design.rpt
Repair setup and hold violations...
estimate_parasitics -global_routing
repair_timing -setup_margin 0 -hold_margin 0 -repair_tns 100 -verbose
[INFO RSZ-0100] Repair move sequence: UnbufferMove SizeUpMove SwapPinsMove BufferMove CloneMove SplitLoadMove 
[INFO RSZ-0098] No setup violations found
[INFO RSZ-0505] Runtime: 0.49s
[INFO RSZ-0033] No hold violations found.
[INFO RSZ-0506] Runtime: 0.15s
global_route -start_incremental
detailed_placement
[INFO DPL-0006] Core area: 479567.44 um^2
[INFO DPL-0007] Movable instances area: 269108.10 um^2
[INFO DPL-0008] Fixed instances area within core: 8007.68 um^2
[INFO DPL-0009] Utilization: 57.8%
[INFO DPL-0005] Diamond search max displacement: +/- 500 sites horizontally, +/- 100 rows vertically.
[INFO DPL-1102] Legalizing using negotiation legalizer.
[INFO DPL-1103] Negotiation base search window: +/-20 sites horizontally, +/-5 rows vertically 
	Automatic search window extension enabled.
	Search window extendable up to the max displacement cap of +/-500 sites, +/-100 rows near walls.
[INFO DPL-1104] NegotiationLegalizer DRC penalty: 5.
[INFO DPL-0392] Negotiation cell height distribution (1 unique row-count(s)):
[INFO DPL-0393]   height 1 row(s): 36995 cells
[INFO DPL-0500] Runtime: 0.14s
Placement Analysis
---------------------------------
total displacement          0.0 u
average displacement        0.0 u
max displacement            0.0 u
original HPWL          991528.3 u
legalized HPWL         991528.3 u
delta HPWL                    0 %

check_placement -verbose
global_route -end_incremental -congestion_report_file /work/reports/sky130hd/m7_j2/final_dd7fe6/congestion_post_repair_timing.rpt
estimate_parasitics -global_routing
global_route -start_incremental
global_route -end_incremental -congestion_report_file /work/reports/sky130hd/m7_j2/final_dd7fe6/congestion_post_recover_power.rpt
Repair antennas...
[INFO GRT-0012] Found 185 antenna violations.
[INFO GRT-0302] Inserted 229 jumpers for 171 nets.
[INFO GRT-0012] Found 36 antenna violations.
[WARNING GRT-0243] Unable to repair antennas on net with diodes.
[INFO DPL-0006] Core area: 479567.44 um^2
[INFO DPL-0007] Movable instances area: 268744.00 um^2
[INFO DPL-0008] Fixed instances area within core: 8499.40 um^2
[INFO DPL-0009] Utilization: 57.8%
[INFO DPL-0005] Diamond search max displacement: +/- 500 sites horizontally, +/- 100 rows vertically.
[INFO DPL-1102] Legalizing using negotiation legalizer.
[INFO DPL-1103] Negotiation base search window: +/-20 sites horizontally, +/-5 rows vertically 
	Automatic search window extension enabled.
	Search window extendable up to the max displacement cap of +/-500 sites, +/-100 rows near walls.
[INFO DPL-1104] NegotiationLegalizer DRC penalty: 5.
[INFO DPL-0392] Negotiation cell height distribution (1 unique row-count(s)):
[INFO DPL-0393]   height 1 row(s): 37046 cells
          |      Total |  Illegal |  Illegal
Iteration | Violations |    Cells |    Sites
---------------------------------------------
        0 |          6 |         2 |         4
        1 |          0 |         0 |         0
Negotiation phase 1 converged at iteration 1.
[INFO DPL-0500] Runtime: 0.17s
[INFO GRT-0015] Inserted 51 diodes.
[INFO GRT-0012] Found 6 antenna violations.
[INFO GRT-0302] Inserted 12 jumpers for 6 nets.
[INFO GRT-0012] Found 2 antenna violations.
[WARNING GRT-0243] Unable to repair antennas on net with diodes.
[INFO DPL-0006] Core area: 479567.44 um^2
[INFO DPL-0007] Movable instances area: 269219.45 um^2
[INFO DPL-0008] Fixed instances area within core: 8028.95 um^2
[INFO DPL-0009] Utilization: 57.8%
[INFO DPL-0005] Diamond search max displacement: +/- 500 sites horizontally, +/- 100 rows vertically.
[INFO DPL-1102] Legalizing using negotiation legalizer.
[INFO DPL-1103] Negotiation base search window: +/-20 sites horizontally, +/-5 rows vertically 
	Automatic search window extension enabled.
	Search window extendable up to the max displacement cap of +/-500 sites, +/-100 rows near walls.
[INFO DPL-1104] NegotiationLegalizer DRC penalty: 5.
[INFO DPL-0392] Negotiation cell height distribution (1 unique row-count(s)):
[INFO DPL-0393]   height 1 row(s): 37048 cells
          |      Total |  Illegal |  Illegal
Iteration | Violations |    Cells |    Sites
---------------------------------------------
        0 |          0 |         0 |         0
Negotiation phase 1 converged at iteration 0.
[INFO DPL-0500] Runtime: 0.16s
[INFO GRT-0015] Inserted 2 diodes.
[INFO GRT-0012] Found 0 antenna violations.
[INFO ANT-0002] Found 0 net violations.
[INFO ANT-0001] Found 0 pin violations.
Estimate parasitics...
estimate_parasitics -global_routing
Report metrics stage 5, global route...

==========================================================================
global route report_design_area
--------------------------------------------------------------------------
Design area 277248 um^2 58% utilization.
[INFO FLW-0007] clock core_clock period 20.000000
[WARNING FLW-0010] more than one clock found. Skipping sdc update.
[INFO FLW-0011] Path endpoint path count 6574
write_db /work/results/sky130hd/m7_j2/final_dd7fe6/5_1_grt.odb
write_sdc -no_timestamp /work/results/sky130hd/m7_j2/final_dd7fe6/5_1_grt.sdc
Elapsed time: 0:43.89[h:]min:sec. CPU time: user 654.94 sys 15.43 (1527%). Peak memory: 1088896KB.
Log                       Ext     Elapsed/s Peak Memory/MB sha1sum result [0:20)
5_1_grt                   .odb           43           1063 d67bb68b46a11c9c2436
5_1_grt                   .sdc                             5dd147e8039c9959d288
/OpenROAD-flow-scripts/flow/scripts/flow.sh 5_2_route detail_route
Running detail_route.tcl, stage 5_2_route
read_liberty /OpenROAD-flow-scripts/flow/platforms/sky130hd/lib/sky130_fd_sc_hd__tt_025C_1v80.lib
read_db -hier /work/results/sky130hd/m7_j2/final_dd7fe6/5_1_grt.odb
[WARNING ORD-0012] Hierarchical flow (-hier) is currently in development and may cause multiple issues. Do not use in production environments.
read_sdc /work/results/sky130hd/m7_j2/final_dd7fe6/5_1_grt.sdc
source /OpenROAD-flow-scripts/flow/platforms/sky130hd/setRC.tcl
[WARNING STA-0450] virtual clock vclk_core_clock can not be propagated.
detailed_route -output_drc /work/reports/sky130hd/m7_j2/final_dd7fe6/5_route_drc.rpt -output_maze /work/results/sky130hd/m7_j2/final_dd7fe6/maze.log -droute_end_iter 64 -verbose 1 -drc_report_iter_step 5
[INFO DRT-0149] Reading tech and libs.
[WARNING DRT-0349] LEF58_ENCLOSURE with no CUTCLASS is not supported. Skipping for layer mcon
[WARNING DRT-0349] LEF58_ENCLOSURE with no CUTCLASS is not supported. Skipping for layer mcon
[WARNING DRT-0349] LEF58_ENCLOSURE with no CUTCLASS is not supported. Skipping for layer via
[WARNING DRT-0349] LEF58_ENCLOSURE with no CUTCLASS is not supported. Skipping for layer via
[WARNING DRT-0349] LEF58_ENCLOSURE with no CUTCLASS is not supported. Skipping for layer via2
[WARNING DRT-0349] LEF58_ENCLOSURE with no CUTCLASS is not supported. Skipping for layer via2
[WARNING DRT-0349] LEF58_ENCLOSURE with no CUTCLASS is not supported. Skipping for layer via3
[WARNING DRT-0349] LEF58_ENCLOSURE with no CUTCLASS is not supported. Skipping for layer via3
[WARNING DRT-0349] LEF58_ENCLOSURE with no CUTCLASS is not supported. Skipping for layer via4
[WARNING DRT-0349] LEF58_ENCLOSURE with no CUTCLASS is not supported. Skipping for layer via4

Units:                1000
Number of layers:     13
Number of macros:     441
Number of vias:       29
Number of viarulegen: 25

[INFO DRT-0150] Reading design.
[WARNING DRT-0120] Large net net2692 has 104 pins which may impact routing performance. Consider optimization.
[WARNING DRT-0120] Large net net2693 has 101 pins which may impact routing performance. Consider optimization.
[WARNING DRT-0120] Large net net3667 has 159 pins which may impact routing performance. Consider optimization.
[WARNING DRT-0120] Large net net3671 has 164 pins which may impact routing performance. Consider optimization.
[WARNING DRT-0120] Large net net3679 has 170 pins which may impact routing performance. Consider optimization.
[WARNING DRT-0120] Large net net3686 has 155 pins which may impact routing performance. Consider optimization.
[WARNING DRT-0120] Large net net3690 has 170 pins which may impact routing performance. Consider optimization.

Design:                   m7_ppa_j2_top
Die area:                 ( 0 0 ) ( 696560 696560 )
Number of track patterns: 12
Number of DEF vias:       0
Number of components:     37048
Number of terminals:      278
Number of snets:          2
Number of nets:           30520

[INFO DRT-0167] List of default vias:
  Layer via
    default via: M1M2_PR
  Layer via2
    default via: M2M3_PR
  Layer via3
    default via: M3M4_PR
  Layer via4
    default via: M4M5_PR
[INFO DRT-0162] Library cell analysis.
[INFO DRT-0163] Instance analysis.
[INFO DRT-0164] Number of unique instances = 274.
[INFO DRT-0168] Init region query.
[INFO DRT-0024]   Complete FR_MASTERSLICE.
[INFO DRT-0024]   Complete Fr_VIA.
[INFO DRT-0024]   Complete li1.
[INFO DRT-0024]   Complete mcon.
[INFO DRT-0024]   Complete met1.
[INFO DRT-0024]   Complete via.
[INFO DRT-0024]   Complete met2.
[INFO DRT-0024]   Complete via2.
[INFO DRT-0024]   Complete met3.
[INFO DRT-0024]   Complete via3.
[INFO DRT-0024]   Complete met4.
[INFO DRT-0024]   Complete via4.
[INFO DRT-0024]   Complete met5.
[INFO DRT-0033] FR_MASTERSLICE shape region query size = 0.
[INFO DRT-0033] FR_VIA shape region query size = 0.
[INFO DRT-0033] li1 shape region query size = 883433.
[INFO DRT-0033] mcon shape region query size = 475237.
[INFO DRT-0033] met1 shape region query size = 131384.
[INFO DRT-0033] via shape region query size = 32515.
[INFO DRT-0033] met2 shape region query size = 19662.
[INFO DRT-0033] via2 shape region query size = 26012.
[INFO DRT-0033] met3 shape region query size = 19632.
[INFO DRT-0033] via3 shape region query size = 26012.
[INFO DRT-0033] met4 shape region query size = 7829.
[INFO DRT-0033] via4 shape region query size = 1275.
[INFO DRT-0033] met5 shape region query size = 1375.
[INFO DRT-0165] Start pin access.
[INFO DRT-0076]   Complete 1000 pins.
[INFO DRT-0076]   Complete 2000 pins.
[INFO DRT-0078]   Complete 2207 pins.
[INFO DRT-0079]   Complete 100 unique inst patterns.
[INFO DRT-0079]   Complete 200 unique inst patterns.
[INFO DRT-0081]   Complete 274 unique inst patterns.
[INFO DRT-0082]   Complete 10000 groups.
[INFO DRT-0084]   Complete 18768 groups.
#scanned instances     = 37048
#unique  instances     = 274
#stdCellGenAp          = 8774
#stdCellValidPlanarAp  = 117
#stdCellValidViaAp     = 6425
#stdCellPinNoAp        = 0
#stdCellPinCnt         = 110243
#instTermValidViaApCnt = 0
#macroGenAp            = 0
#macroValidPlanarAp    = 0
#macroValidViaAp       = 0
#macroNoAp             = 0
[INFO DRT-0166] Complete pin access.
[INFO DRT-0267] cpu time = 00:07:37, elapsed time = 00:00:17, memory = 557.57 (MB), peak = 557.60 (MB)
[INFO DRT-0156] guideIn read 100000 guides.
[INFO DRT-0156] guideIn read 200000 guides.

[INFO DRT-0157] Number of guides:     267321

[INFO DRT-0169] Post process guides.
[INFO DRT-0176] GCELLGRID X 0 DO 100 STEP 6900 ;
[INFO DRT-0177] GCELLGRID Y 0 DO 100 STEP 6900 ;
[INFO DRT-0026]   Complete 100000 origin guides.
[INFO DRT-0026]   Complete 200000 origin guides.
[INFO DRT-0028]   Complete FR_MASTERSLICE.
[INFO DRT-0028]   Complete Fr_VIA.
[INFO DRT-0028]   Complete li1.
[INFO DRT-0028]   Complete mcon.
[INFO DRT-0028]   Complete met1.
[INFO DRT-0028]   Complete via.
[INFO DRT-0028]   Complete met2.
[INFO DRT-0028]   Complete via2.
[INFO DRT-0028]   Complete met3.
[INFO DRT-0028]   Complete via3.
[INFO DRT-0028]   Complete met4.
[INFO DRT-0028]   Complete via4.
[INFO DRT-0028]   Complete met5.
[INFO DRT-0178] Init guide query.
[INFO DRT-0035]   Complete FR_MASTERSLICE (guide).
[INFO DRT-0035]   Complete Fr_VIA (guide).
[INFO DRT-0035]   Complete li1 (guide).
[INFO DRT-0035]   Complete mcon (guide).
[INFO DRT-0035]   Complete met1 (guide).
[INFO DRT-0035]   Complete via (guide).
[INFO DRT-0035]   Complete met2 (guide).
[INFO DRT-0035]   Complete via2 (guide).
[INFO DRT-0035]   Complete met3 (guide).
[INFO DRT-0035]   Complete via3 (guide).
[INFO DRT-0035]   Complete met4 (guide).
[INFO DRT-0035]   Complete via4 (guide).
[INFO DRT-0035]   Complete met5 (guide).
[INFO DRT-0036] FR_MASTERSLICE guide region query size = 0.
[INFO DRT-0036] FR_VIA guide region query size = 0.
[INFO DRT-0036] li1 guide region query size = 85634.
[INFO DRT-0036] mcon guide region query size = 0.
[INFO DRT-0036] met1 guide region query size = 76894.
[INFO DRT-0036] via guide region query size = 0.
[INFO DRT-0036] met2 guide region query size = 42414.
[INFO DRT-0036] via2 guide region query size = 0.
[INFO DRT-0036] met3 guide region query size = 7686.
[INFO DRT-0036] via3 guide region query size = 0.
[INFO DRT-0036] met4 guide region query size = 3339.
[INFO DRT-0036] via4 guide region query size = 0.
[INFO DRT-0036] met5 guide region query size = 217.
[INFO DRT-0179] Init gr pin query.
[INFO DRT-0267] cpu time = 00:00:01, elapsed time = 00:00:00, memory = 635.83 (MB), peak = 631.33 (MB)
[INFO DRT-0245] skipped writing guide updates to database.
[INFO DRT-0181] Start track assignment.
[INFO DRT-0184] Done with 131387 vertical wires in 2 frboxes and 84797 horizontal wires in 2 frboxes.
[INFO DRT-0186] Done with 21941 vertical wires in 2 frboxes and 27785 horizontal wires in 2 frboxes.
[INFO DRT-0182] Complete track assignment.
[INFO DRT-0267] cpu time = 00:00:09, elapsed time = 00:00:04, memory = 1321.14 (MB), peak = 1316.66 (MB)
[INFO DRT-0187] Start routing data preparation.
[INFO DRT-0267] cpu time = 00:00:00, elapsed time = 00:00:00, memory = 1321.14 (MB), peak = 1316.66 (MB)
[INFO DRT-0194] Start detail routing.
[INFO DRT-0195] Start 0th optimization iteration.
    Completing 10% with 0 violations.
    elapsed time = 00:00:07, memory = 3129.60 (MB).
    Completing 20% with 0 violations.
    elapsed time = 00:00:09, memory = 3125.15 (MB).
    Completing 30% with 7743 violations.
    elapsed time = 00:00:20, memory = 3920.86 (MB).
    Completing 40% with 7743 violations.
    elapsed time = 00:00:25, memory = 3972.52 (MB).
    Completing 50% with 7743 violations.
    elapsed time = 00:00:30, memory = 3311.02 (MB).
    Completing 60% with 15869 violations.
    elapsed time = 00:00:47, memory = 4031.83 (MB).
    Completing 70% with 15869 violations.
    elapsed time = 00:00:50, memory = 3837.84 (MB).
    Completing 80% with 23977 violations.
    elapsed time = 00:01:04, memory = 4349.65 (MB).
    Completing 90% with 23977 violations.
    elapsed time = 00:01:10, memory = 4105.88 (MB).
    Completing 100% with 32272 violations.
    elapsed time = 00:01:22, memory = 3287.00 (MB).
[INFO DRT-0199]   Number of violations = 36437.
Viol/Layer         li1   mcon   met1    via   met2   met3   via3   met4   via4   met5
Cut Spacing          0     79      0      1      0      0      0      0      1      0
Metal Spacing        0      0   4551      0   1693    280      0     60      0     20
Min Hole             0      0     32      0      0      0      0      0      0      0
Recheck             37      0   2459      0   1274    239      0    134      0     22
Short                0     10  21119     43   3911    296      1    155      0     20
[INFO DRT-0267] cpu time = 00:23:48, elapsed time = 00:01:23, memory = 3510.72 (MB), peak = 4402.19 (MB)
Total wire length = 1370560 um.
Total wire length on LAYER li1 = 0 um.
Total wire length on LAYER met1 = 492954 um.
Total wire length on LAYER met2 = 539441 um.
Total wire length on LAYER met3 = 189863 um.
Total wire length on LAYER met4 = 142741 um.
Total wire length on LAYER met5 = 5560 um.
Total number of vias = 252815.
Up-via summary (total 252815):

-------------------------
 FR_MASTERSLICE         0
            li1    108552
           met1    125371
           met2     12865
           met3      5778
           met4       249
-------------------------
               252815


[INFO DRT-0195] Start 1st optimization iteration.
    Completing 10% with 36437 violations.
    elapsed time = 00:00:05, memory = 4348.59 (MB).
    Completing 20% with 36437 violations.
    elapsed time = 00:00:09, memory = 4264.58 (MB).
    Completing 30% with 33367 violations.
    elapsed time = 00:00:20, memory = 4625.93 (MB).
    Completing 40% with 33367 violations.
    elapsed time = 00:00:25, memory = 4444.35 (MB).
    Completing 50% with 33367 violations.
    elapsed time = 00:00:31, memory = 3802.60 (MB).
    Completing 60% with 30781 violations.
    elapsed time = 00:00:40, memory = 4618.96 (MB).
    Completing 70% with 30781 violations.
    elapsed time = 00:00:45, memory = 4237.64 (MB).
    Completing 80% with 27210 violations.
    elapsed time = 00:00:58, memory = 4667.88 (MB).
    Completing 90% with 27210 violations.
    elapsed time = 00:01:03, memory = 4416.69 (MB).
    Completing 100% with 24235 violations.
    elapsed time = 00:01:12, memory = 3595.97 (MB).
[INFO DRT-0199]   Number of violations = 24238.
Viol/Layer        mcon   met1    via   met2   met3   met4   met5
Cut Spacing        128      0      3      0      0      0      0
Metal Spacing        0   3617      0   1002    149     20      4
Min Hole             0      3      0      0      0      0      0
NS Metal             0      2      0      0      0      0      0
Recheck              0      3      0      0      0      0      0
Short                0  17241      2   1922     93     44      5
[INFO DRT-0267] cpu time = 00:22:11, elapsed time = 00:01:13, memory = 3601.97 (MB), peak = 4731.64 (MB)
Total wire length = 1359564 um.
Total wire length on LAYER li1 = 0 um.
Total wire length on LAYER met1 = 485579 um.
Total wire length on LAYER met2 = 535496 um.
Total wire length on LAYER met3 = 191123 um.
Total wire length on LAYER met4 = 142131 um.
Total wire length on LAYER met5 = 5232 um.
Total number of vias = 250314.
Up-via summary (total 250314):

-------------------------
 FR_MASTERSLICE         0
            li1    108509
           met1    123038
           met2     12868
           met3      5684
           met4       215
-------------------------
               250314


[INFO DRT-0195] Start 2nd optimization iteration.
    Completing 10% with 24238 violations.
    elapsed time = 00:00:05, memory = 4700.10 (MB).
    Completing 20% with 24238 violations.
    elapsed time = 00:00:09, memory = 4372.98 (MB).
    Completing 30% with 24161 violations.
    elapsed time = 00:00:17, memory = 4566.75 (MB).
    Completing 40% with 24161 violations.
    elapsed time = 00:00:24, memory = 4672.33 (MB).
    Completing 50% with 24161 violations.
    elapsed time = 00:00:28, memory = 3923.61 (MB).
    Completing 60% with 23591 violations.
    elapsed time = 00:00:39, memory = 4607.73 (MB).
    Completing 70% with 23591 violations.
    elapsed time = 00:00:44, memory = 4353.66 (MB).
    Completing 80% with 22563 violations.
    elapsed time = 00:00:58, memory = 4858.28 (MB).
    Completing 90% with 22563 violations.
    elapsed time = 00:01:03, memory = 4590.60 (MB).
    Completing 100% with 22146 violations.
    elapsed time = 00:01:11, memory = 3675.06 (MB).
[INFO DRT-0199]   Number of violations = 22146.
Viol/Layer        mcon   met1    via   met2   via2   met3   met4   met5
Cut Spacing        126      0      1      0      1      0      0      0
Metal Spacing        0   3156      0    805      0    127      7      0
Min Hole             0      3      0      0      0      0      0      0
NS Metal             0      1      0      0      0      0      0      0
Short                0  16232      4   1558      0     64     59      2
[INFO DRT-0267] cpu time = 00:21:32, elapsed time = 00:01:12, memory = 3651.98 (MB), peak = 4898.28 (MB)
Total wire length = 1355620 um.
Total wire length on LAYER li1 = 0 um.
Total wire length on LAYER met1 = 483679 um.
Total wire length on LAYER met2 = 533636 um.
Total wire length on LAYER met3 = 190816 um.
Total wire length on LAYER met4 = 142247 um.
Total wire length on LAYER met5 = 5240 um.
Total number of vias = 249293.
Up-via summary (total 249293):

-------------------------
 FR_MASTERSLICE         0
            li1    108532
           met1    122122
           met2     12717
           met3      5700
           met4       222
-------------------------
               249293


[INFO DRT-0195] Start 3rd optimization iteration.
    Completing 10% with 22146 violations.
    elapsed time = 00:00:05, memory = 4707.20 (MB).
    Completing 20% with 22146 violations.
    elapsed time = 00:00:11, memory = 4343.41 (MB).
    Completing 30% with 17615 violations.
    elapsed time = 00:00:33, memory = 4872.80 (MB).
    Completing 40% with 17615 violations.
    elapsed time = 00:00:38, memory = 4885.93 (MB).
    Completing 50% with 17615 violations.
    elapsed time = 00:00:47, memory = 4100.01 (MB).
    Completing 60% with 13098 violations.
    elapsed time = 00:01:02, memory = 4876.92 (MB).
    Completing 70% with 13098 violations.
    elapsed time = 00:01:08, memory = 4643.30 (MB).
    Completing 80% with 8799 violations.
    elapsed time = 00:01:28, memory = 4914.63 (MB).
    Completing 90% with 8799 violations.
    elapsed time = 00:01:34, memory = 4806.09 (MB).
    Completing 100% with 4724 violations.
    elapsed time = 00:01:48, memory = 3853.14 (MB).
[INFO DRT-0199]   Number of violations = 4728.
Viol/Layer        mcon   met1    via   met2   met3   met4   via4   met5
Cut Spacing         19      0      3      0      0      0      0      0
Metal Spacing        0   1373      0    226     19      0      0     10
Min Hole             0      2      0      0      0      0      0      0
Recheck              0      0      0      4      0      0      0      0
Short                0   2767      1    270     15      2      1     16
[INFO DRT-0267] cpu time = 00:25:02, elapsed time = 00:01:49, memory = 3812.04 (MB), peak = 5059.34 (MB)
Total wire length = 1354728 um.
Total wire length on LAYER li1 = 0 um.
Total wire length on LAYER met1 = 444427 um.
Total wire length on LAYER met2 = 529573 um.
Total wire length on LAYER met3 = 226655 um.
Total wire length on LAYER met4 = 148917 um.
Total wire length on LAYER met5 = 5155 um.
Total number of vias = 258015.
Up-via summary (total 258015):

-------------------------
 FR_MASTERSLICE         0
            li1    108529
           met1    124177
           met2     18743
           met3      6352
           met4       214
-------------------------
               258015


[INFO DRT-0195] Start 4th optimization iteration.
    Completing 10% with 4728 violations.
    elapsed time = 00:00:01, memory = 4780.31 (MB).
    Completing 20% with 4728 violations.
    elapsed time = 00:00:02, memory = 4508.51 (MB).
    Completing 30% with 3627 violations.
    elapsed time = 00:00:17, memory = 3833.49 (MB).
    Completing 40% with 3627 violations.
    elapsed time = 00:00:18, memory = 4803.59 (MB).
    Completing 50% with 3627 violations.
    elapsed time = 00:00:21, memory = 4079.00 (MB).
    Completing 60% with 2732 violations.
    elapsed time = 00:00:27, memory = 4798.76 (MB).
    Completing 70% with 2732 violations.
    elapsed time = 00:00:29, memory = 4550.43 (MB).
    Completing 80% with 1760 violations.
    elapsed time = 00:00:34, memory = 3892.29 (MB).
    Completing 90% with 1760 violations.
    elapsed time = 00:00:36, memory = 4782.27 (MB).
    Completing 100% with 1005 violations.
    elapsed time = 00:00:58, memory = 3935.64 (MB).
[INFO DRT-0199]   Number of violations = 1005.
Viol/Layer        mcon   met1    via   met2   met3
Cut Spacing          8      0      1      0      0
Metal Spacing        0    356      0     61     17
Min Hole             0      2      0      0      0
Short                0    474      0     80      6
[INFO DRT-0267] cpu time = 00:07:25, elapsed time = 00:00:58, memory = 3854.89 (MB), peak = 5059.34 (MB)
Total wire length = 1354858 um.
Total wire length on LAYER li1 = 0 um.
Total wire length on LAYER met1 = 441095 um.
Total wire length on LAYER met2 = 529290 um.
Total wire length on LAYER met3 = 229655 um.
Total wire length on LAYER met4 = 149727 um.
Total wire length on LAYER met5 = 5090 um.
Total number of vias = 258783.
Up-via summary (total 258783):

-------------------------
 FR_MASTERSLICE         0
            li1    108532
           met1    124377
           met2     19226
           met3      6438
           met4       210
-------------------------
               258783


[INFO DRT-0195] Start 5th optimization iteration.
    Completing 10% with 1005 violations.
    elapsed time = 00:00:00, memory = 3854.89 (MB).
    Completing 20% with 1005 violations.
    elapsed time = 00:00:00, memory = 3854.89 (MB).
    Completing 30% with 864 violations.
    elapsed time = 00:00:10, memory = 3857.55 (MB).
    Completing 40% with 864 violations.
    elapsed time = 00:00:10, memory = 3857.55 (MB).
    Completing 50% with 864 violations.
    elapsed time = 00:00:11, memory = 4109.12 (MB).
    Completing 60% with 658 violations.
    elapsed time = 00:00:14, memory = 3865.61 (MB).
    Completing 70% with 658 violations.
    elapsed time = 00:00:14, memory = 4501.48 (MB).
    Completing 80% with 481 violations.
    elapsed time = 00:00:20, memory = 3865.80 (MB).
    Completing 90% with 481 violations.
    elapsed time = 00:00:20, memory = 3865.80 (MB).
    Completing 100% with 292 violations.
    elapsed time = 00:00:26, memory = 3835.15 (MB).
[INFO DRT-0199]   Number of violations = 292.
Viol/Layer        mcon   met1   met2
Cut Spacing          2      0      0
Metal Spacing        0    108     19
Short                0    156      7
[INFO DRT-0267] cpu time = 00:02:21, elapsed time = 00:00:26, memory = 3815.08 (MB), peak = 5059.34 (MB)
Total wire length = 1354885 um.
Total wire length on LAYER li1 = 0 um.
Total wire length on LAYER met1 = 440550 um.
Total wire length on LAYER met2 = 528972 um.
Total wire length on LAYER met3 = 230165 um.
Total wire length on LAYER met4 = 150106 um.
Total wire length on LAYER met5 = 5090 um.
Total number of vias = 258890.
Up-via summary (total 258890):

-------------------------
 FR_MASTERSLICE         0
            li1    108530
           met1    124379
           met2     19299
           met3      6472
           met4       210
-------------------------
               258890


[INFO DRT-0195] Start 6th optimization iteration.
    Completing 10% with 292 violations.
    elapsed time = 00:00:00, memory = 3815.08 (MB).
    Completing 20% with 292 violations.
    elapsed time = 00:00:00, memory = 3815.08 (MB).
    Completing 30% with 251 violations.
    elapsed time = 00:00:03, memory = 3815.08 (MB).
    Completing 40% with 251 violations.
    elapsed time = 00:00:03, memory = 3815.08 (MB).
    Completing 50% with 251 violations.
    elapsed time = 00:00:03, memory = 3815.08 (MB).
    Completing 60% with 230 violations.
    elapsed time = 00:00:06, memory = 3815.08 (MB).
    Completing 70% with 230 violations.
    elapsed time = 00:00:06, memory = 3815.08 (MB).
    Completing 80% with 172 violations.
    elapsed time = 00:00:11, memory = 3815.08 (MB).
    Completing 90% with 172 violations.
    elapsed time = 00:00:11, memory = 3815.08 (MB).
    Completing 100% with 167 violations.
    elapsed time = 00:00:17, memory = 3819.88 (MB).
[INFO DRT-0199]   Number of violations = 167.
Viol/Layer        mcon   met1   met2
Cut Spacing          1      0      0
Metal Spacing        0     70     14
Short                0     79      3
[INFO DRT-0267] cpu time = 00:00:58, elapsed time = 00:00:17, memory = 3819.88 (MB), peak = 5059.34 (MB)
Total wire length = 1354871 um.
Total wire length on LAYER li1 = 0 um.
Total wire length on LAYER met1 = 440444 um.
Total wire length on LAYER met2 = 528917 um.
Total wire length on LAYER met3 = 230286 um.
Total wire length on LAYER met4 = 150133 um.
Total wire length on LAYER met5 = 5090 um.
Total number of vias = 258914.
Up-via summary (total 258914):

-------------------------
 FR_MASTERSLICE         0
            li1    108531
           met1    124385
           met2     19316
           met3      6472
           met4       210
-------------------------
               258914


[INFO DRT-0195] Start 7th optimization iteration.
    Completing 10% with 167 violations.
    elapsed time = 00:00:00, memory = 3819.88 (MB).
    Completing 20% with 167 violations.
    elapsed time = 00:00:00, memory = 3819.88 (MB).
    Completing 30% with 107 violations.
    elapsed time = 00:00:02, memory = 3819.88 (MB).
    Completing 40% with 107 violations.
    elapsed time = 00:00:02, memory = 3819.88 (MB).
    Completing 50% with 107 violations.
    elapsed time = 00:00:02, memory = 3819.88 (MB).
    Completing 60% with 101 violations.
    elapsed time = 00:00:03, memory = 3819.88 (MB).
    Completing 70% with 101 violations.
    elapsed time = 00:00:03, memory = 3819.88 (MB).
    Completing 80% with 91 violations.
    elapsed time = 00:00:12, memory = 3819.88 (MB).
    Completing 90% with 91 violations.
    elapsed time = 00:00:12, memory = 3819.88 (MB).
    Completing 100% with 77 violations.
    elapsed time = 00:00:18, memory = 3819.88 (MB).
[INFO DRT-0199]   Number of violations = 77.
Viol/Layer        met1   met2
Metal Spacing       40     10
Short               24      3
[INFO DRT-0267] cpu time = 00:00:50, elapsed time = 00:00:18, memory = 3819.88 (MB), peak = 5059.34 (MB)
Total wire length = 1354944 um.
Total wire length on LAYER li1 = 0 um.
Total wire length on LAYER met1 = 440391 um.
Total wire length on LAYER met2 = 528941 um.
Total wire length on LAYER met3 = 230368 um.
Total wire length on LAYER met4 = 150153 um.
Total wire length on LAYER met5 = 5090 um.
Total number of vias = 258936.
Up-via summary (total 258936):

-------------------------
 FR_MASTERSLICE         0
            li1    108528
           met1    124397
           met2     19323
           met3      6478
           met4       210
-------------------------
               258936


[INFO DRT-0195] Start 8th guides tiles iteration.
    Completing 10% with 77 violations.
    elapsed time = 00:00:00, memory = 3819.88 (MB).
    Completing 20% with 77 violations.
    elapsed time = 00:00:00, memory = 3819.88 (MB).
    Completing 30% with 77 violations.
    elapsed time = 00:00:00, memory = 3819.88 (MB).
    Completing 40% with 77 violations.
    elapsed time = 00:00:00, memory = 3819.88 (MB).
    Completing 50% with 77 violations.
    elapsed time = 00:00:01, memory = 3819.88 (MB).
    Completing 60% with 57 violations.
    elapsed time = 00:00:01, memory = 3819.88 (MB).
    Completing 70% with 57 violations.
    elapsed time = 00:00:01, memory = 3819.88 (MB).
    Completing 80% with 57 violations.
    elapsed time = 00:00:02, memory = 3819.88 (MB).
    Completing 90% with 40 violations.
    elapsed time = 00:00:02, memory = 3819.88 (MB).
    Completing 100% with 40 violations.
    elapsed time = 00:00:02, memory = 3819.88 (MB).
[INFO DRT-0199]   Number of violations = 40.
Viol/Layer        met1
Metal Spacing       20
Short               20
[INFO DRT-0267] cpu time = 00:00:08, elapsed time = 00:00:02, memory = 3819.88 (MB), peak = 5059.34 (MB)
Total wire length = 1354964 um.
Total wire length on LAYER li1 = 0 um.
Total wire length on LAYER met1 = 440392 um.
Total wire length on LAYER met2 = 528951 um.
Total wire length on LAYER met3 = 230376 um.
Total wire length on LAYER met4 = 150153 um.
Total wire length on LAYER met5 = 5090 um.
Total number of vias = 258939.
Up-via summary (total 258939):

-------------------------
 FR_MASTERSLICE         0
            li1    108528
           met1    124400
           met2     19323
           met3      6478
           met4       210
-------------------------
               258939


[INFO DRT-0195] Start 9th guides tiles iteration.
    Completing 10% with 40 violations.
    elapsed time = 00:00:00, memory = 3819.88 (MB).
    Completing 20% with 40 violations.
    elapsed time = 00:00:00, memory = 3819.88 (MB).
    Completing 30% with 40 violations.
    elapsed time = 00:00:00, memory = 3819.88 (MB).
    Completing 50% with 40 violations.
    elapsed time = 00:00:00, memory = 3819.88 (MB).
    Completing 60% with 40 violations.
    elapsed time = 00:00:01, memory = 3819.88 (MB).
    Completing 70% with 38 violations.
    elapsed time = 00:00:01, memory = 3819.88 (MB).
    Completing 80% with 38 violations.
    elapsed time = 00:00:02, memory = 3819.88 (MB).
    Completing 100% with 38 violations.
    elapsed time = 00:00:02, memory = 3819.88 (MB).
[INFO DRT-0199]   Number of violations = 38.
Viol/Layer        met1
Metal Spacing       18
Short               20
[INFO DRT-0267] cpu time = 00:00:05, elapsed time = 00:00:02, memory = 3819.88 (MB), peak = 5059.34 (MB)
Total wire length = 1354964 um.
Total wire length on LAYER li1 = 0 um.
Total wire length on LAYER met1 = 440393 um.
Total wire length on LAYER met2 = 528949 um.
Total wire length on LAYER met3 = 230378 um.
Total wire length on LAYER met4 = 150153 um.
Total wire length on LAYER met5 = 5090 um.
Total number of vias = 258941.
Up-via summary (total 258941):

-------------------------
 FR_MASTERSLICE         0
            li1    108528
           met1    124400
           met2     19325
           met3      6478
           met4       210
-------------------------
               258941


[INFO DRT-0195] Start 10th guides tiles iteration.
    Completing 10% with 38 violations.
    elapsed time = 00:00:00, memory = 3820.13 (MB).
    Completing 20% with 38 violations.
    elapsed time = 00:00:00, memory = 3820.13 (MB).
    Completing 30% with 38 violations.
    elapsed time = 00:00:00, memory = 3820.13 (MB).
    Completing 40% with 38 violations.
    elapsed time = 00:00:00, memory = 3820.13 (MB).
    Completing 50% with 38 violations.
    elapsed time = 00:00:00, memory = 3820.13 (MB).
    Completing 60% with 8 violations.
    elapsed time = 00:00:00, memory = 3820.13 (MB).
    Completing 70% with 8 violations.
    elapsed time = 00:00:00, memory = 3820.13 (MB).
    Completing 80% with 8 violations.
    elapsed time = 00:00:00, memory = 3820.13 (MB).
    Completing 100% with 8 violations.
    elapsed time = 00:00:00, memory = 3820.13 (MB).
[INFO DRT-0199]   Number of violations = 8.
Viol/Layer        met1
Metal Spacing        1
Short                7
[INFO DRT-0267] cpu time = 00:00:02, elapsed time = 00:00:00, memory = 3820.13 (MB), peak = 5059.34 (MB)
Total wire length = 1354981 um.
Total wire length on LAYER li1 = 0 um.
Total wire length on LAYER met1 = 440405 um.
Total wire length on LAYER met2 = 528950 um.
Total wire length on LAYER met3 = 230382 um.
Total wire length on LAYER met4 = 150153 um.
Total wire length on LAYER met5 = 5090 um.
Total number of vias = 258947.
Up-via summary (total 258947):

-------------------------
 FR_MASTERSLICE         0
            li1    108528
           met1    124404
           met2     19327
           met3      6478
           met4       210
-------------------------
               258947


[INFO DRT-0195] Start 11th guides tiles iteration.
    Completing 50% with 8 violations.
    elapsed time = 00:00:00, memory = 3820.13 (MB).
    Completing 100% with 8 violations.
    elapsed time = 00:00:00, memory = 3820.13 (MB).
[INFO DRT-0199]   Number of violations = 8.
Viol/Layer        met1
Metal Spacing        1
Short                7
[INFO DRT-0267] cpu time = 00:00:00, elapsed time = 00:00:00, memory = 3820.13 (MB), peak = 5059.34 (MB)
Total wire length = 1354981 um.
Total wire length on LAYER li1 = 0 um.
Total wire length on LAYER met1 = 440405 um.
Total wire length on LAYER met2 = 528950 um.
Total wire length on LAYER met3 = 230382 um.
Total wire length on LAYER met4 = 150153 um.
Total wire length on LAYER met5 = 5090 um.
Total number of vias = 258947.
Up-via summary (total 258947):

-------------------------
 FR_MASTERSLICE         0
            li1    108528
           met1    124404
           met2     19327
           met3      6478
           met4       210
-------------------------
               258947


[INFO DRT-0195] Start 12th stubborn tiles iteration.
    Completing 10% with 8 violations.
    elapsed time = 00:00:01, memory = 5228.02 (MB).
    Completing 20% with 8 violations.
    elapsed time = 00:00:02, memory = 5305.41 (MB).
    Completing 30% with 8 violations.
    elapsed time = 00:00:03, memory = 5285.39 (MB).
    Completing 40% with 8 violations.
    elapsed time = 00:00:03, memory = 5501.70 (MB).
    Completing 50% with 8 violations.
    elapsed time = 00:00:04, memory = 5486.13 (MB).
    Completing 60% with 8 violations.
    elapsed time = 00:00:04, memory = 5651.14 (MB).
    Completing 70% with 8 violations.
    elapsed time = 00:00:05, memory = 5628.94 (MB).
    Completing 80% with 8 violations.
    elapsed time = 00:00:05, memory = 5279.13 (MB).
    Completing 90% with 8 violations.
    elapsed time = 00:00:07, memory = 4846.41 (MB).
    Completing 100% with 0 violations.
    elapsed time = 00:00:12, memory = 4292.30 (MB).
[INFO DRT-0199]   Number of violations = 0.
[INFO DRT-0267] cpu time = 00:03:16, elapsed time = 00:00:12, memory = 4292.30 (MB), peak = 5769.63 (MB)
Total wire length = 1354992 um.
Total wire length on LAYER li1 = 0 um.
Total wire length on LAYER met1 = 440406 um.
Total wire length on LAYER met2 = 528957 um.
Total wire length on LAYER met3 = 230385 um.
Total wire length on LAYER met4 = 150152 um.
Total wire length on LAYER met5 = 5090 um.
Total number of vias = 258955.
Up-via summary (total 258955):

-------------------------
 FR_MASTERSLICE         0
            li1    108528
           met1    124410
           met2     19329
           met3      6478
           met4       210
-------------------------
               258955


[INFO DRT-0198] Complete detail routing.
Total wire length = 1354992 um.
Total wire length on LAYER li1 = 0 um.
Total wire length on LAYER met1 = 440406 um.
Total wire length on LAYER met2 = 528957 um.
Total wire length on LAYER met3 = 230385 um.
Total wire length on LAYER met4 = 150152 um.
Total wire length on LAYER met5 = 5090 um.
Total number of vias = 258955.
Up-via summary (total 258955):

-------------------------
 FR_MASTERSLICE         0
            li1    108528
           met1    124410
           met2     19329
           met3      6478
           met4       210
-------------------------
               258955


[INFO DRT-0267] cpu time = 01:47:45, elapsed time = 00:07:59, memory = 4292.30 (MB), peak = 5769.63 (MB)

[INFO DRT-0180] Post processing.
[INFO DRT-0501] Runtime: 502.60s
Took 502 seconds: detailed_route -output_drc /work/reports/sky130hd/m7_j2/final_dd7fe6/5_route_drc.rpt -output_maze /work/results/sky130hd/m7_j2/final_dd7fe6/maze.log -droute_end_iter 64 -verbose 1 -drc_report_iter_step 5
[INFO GRT-0012] Found 98 antenna violations.
[WARNING GRT-0243] Unable to repair antennas on net with diodes.
[INFO DPL-0006] Core area: 479567.44 um^2
[INFO DPL-0007] Movable instances area: 0.00 um^2
[INFO DPL-0008] Fixed instances area within core: 277556.20 um^2
[INFO DPL-0009] Utilization: 57.9%
[INFO DPL-0005] Diamond search max displacement: +/- 500 sites horizontally, +/- 100 rows vertically.
[INFO DPL-1102] Legalizing using negotiation legalizer.
[INFO DPL-1103] Negotiation base search window: +/-20 sites horizontally, +/-5 rows vertically 
	Automatic search window extension enabled.
	Search window extendable up to the max displacement cap of +/-500 sites, +/-100 rows near walls.
[INFO DPL-1104] NegotiationLegalizer DRC penalty: 5.
[INFO DPL-0392] Negotiation cell height distribution (1 unique row-count(s)):
[INFO DPL-0393]   height 1 row(s): 37171 cells
[INFO DPL-0500] Runtime: 0.08s
[INFO GRT-0015] Inserted 123 diodes.
[WARNING DRT-0120] Large net net2692 has 104 pins which may impact routing performance. Consider optimization.
[WARNING DRT-0120] Large net net2693 has 101 pins which may impact routing performance. Consider optimization.
[WARNING DRT-0120] Large net net3667 has 159 pins which may impact routing performance. Consider optimization.
[WARNING DRT-0120] Large net net3671 has 164 pins which may impact routing performance. Consider optimization.
[WARNING DRT-0120] Large net net3679 has 170 pins which may impact routing performance. Consider optimization.
[WARNING DRT-0120] Large net net3686 has 155 pins which may impact routing performance. Consider optimization.
[WARNING DRT-0120] Large net net3690 has 170 pins which may impact routing performance. Consider optimization.
[INFO DRT-0024]   Complete FR_MASTERSLICE.
[INFO DRT-0024]   Complete Fr_VIA.
[INFO DRT-0024]   Complete li1.
[INFO DRT-0024]   Complete mcon.
[INFO DRT-0024]   Complete met1.
[INFO DRT-0024]   Complete via.
[INFO DRT-0024]   Complete met2.
[INFO DRT-0024]   Complete via2.
[INFO DRT-0024]   Complete met3.
[INFO DRT-0024]   Complete via3.
[INFO DRT-0024]   Complete met4.
[INFO DRT-0024]   Complete via4.
[INFO DRT-0024]   Complete met5.
[INFO DRT-0165] Start pin access.
[INFO DRT-0076]   Complete 1000 pins.
[INFO DRT-0076]   Complete 2000 pins.
[INFO DRT-0078]   Complete 2207 pins.
[INFO DRT-0079]   Complete 100 unique inst patterns.
[INFO DRT-0079]   Complete 200 unique inst patterns.
[INFO DRT-0081]   Complete 274 unique inst patterns.
[INFO DRT-0082]   Complete 10000 groups.
[INFO DRT-0084]   Complete 18768 groups.
#scanned instances     = 37171
#unique  instances     = 274
#stdCellGenAp          = 8774
#stdCellValidPlanarAp  = 117
#stdCellValidViaAp     = 6425
#stdCellPinNoAp        = 0
#stdCellPinCnt         = 110243
#instTermValidViaApCnt = 0
#macroGenAp            = 0
#macroValidPlanarAp    = 0
#macroValidViaAp       = 0
#macroNoAp             = 0
[INFO DRT-0166] Complete pin access.
[INFO DRT-0267] cpu time = 00:07:41, elapsed time = 00:00:17, memory = 3396.89 (MB), peak = 5769.63 (MB)
[INFO DRT-0156] guideIn read 100000 guides.
[INFO DRT-0156] guideIn read 200000 guides.

[INFO DRT-0157] Number of guides:     265617

[INFO DRT-0169] Post process guides.
[INFO DRT-0176] GCELLGRID X 0 DO 100 STEP 6900 ;
[INFO DRT-0177] GCELLGRID Y 0 DO 100 STEP 6900 ;
[INFO DRT-0026]   Complete 100000 origin guides.
[INFO DRT-0026]   Complete 200000 origin guides.
[INFO DRT-0028]   Complete FR_MASTERSLICE.
[INFO DRT-0028]   Complete Fr_VIA.
[INFO DRT-0028]   Complete li1.
[INFO DRT-0028]   Complete mcon.
[INFO DRT-0028]   Complete met1.
[INFO DRT-0028]   Complete via.
[INFO DRT-0028]   Complete met2.
[INFO DRT-0028]   Complete via2.
[INFO DRT-0028]   Complete met3.
[INFO DRT-0028]   Complete via3.
[INFO DRT-0028]   Complete met4.
[INFO DRT-0028]   Complete via4.
[INFO DRT-0028]   Complete met5.
[INFO DRT-0178] Init guide query.
[INFO DRT-0035]   Complete FR_MASTERSLICE (guide).
[INFO DRT-0035]   Complete Fr_VIA (guide).
[INFO DRT-0035]   Complete li1 (guide).
[INFO DRT-0035]   Complete mcon (guide).
[INFO DRT-0035]   Complete met1 (guide).
[INFO DRT-0035]   Complete via (guide).
[INFO DRT-0035]   Complete met2 (guide).
[INFO DRT-0035]   Complete via2 (guide).
[INFO DRT-0035]   Complete met3 (guide).
[INFO DRT-0035]   Complete via3 (guide).
[INFO DRT-0035]   Complete met4 (guide).
[INFO DRT-0035]   Complete via4 (guide).
[INFO DRT-0035]   Complete met5 (guide).
[INFO DRT-0036] FR_MASTERSLICE guide region query size = 0.
[INFO DRT-0036] FR_VIA guide region query size = 0.
[INFO DRT-0036] li1 guide region query size = 85666.
[INFO DRT-0036] mcon guide region query size = 0.
[INFO DRT-0036] met1 guide region query size = 76974.
[INFO DRT-0036] via guide region query size = 0.
[INFO DRT-0036] met2 guide region query size = 42223.
[INFO DRT-0036] via2 guide region query size = 0.
[INFO DRT-0036] met3 guide region query size = 7101.
[INFO DRT-0036] via3 guide region query size = 0.
[INFO DRT-0036] met4 guide region query size = 2905.
[INFO DRT-0036] via4 guide region query size = 0.
[INFO DRT-0036] met5 guide region query size = 112.
[INFO DRT-0179] Init gr pin query.
[INFO DRT-0267] cpu time = 00:00:01, elapsed time = 00:00:00, memory = 3396.89 (MB), peak = 5769.63 (MB)
[INFO DRT-0245] skipped writing guide updates to database.
[INFO DRT-0181] Start track assignment.
[INFO DRT-0184] Done with 130794 vertical wires in 2 frboxes and 84187 horizontal wires in 2 frboxes.
[INFO DRT-0186] Done with 22135 vertical wires in 2 frboxes and 28397 horizontal wires in 2 frboxes.
[INFO DRT-0182] Complete track assignment.
[INFO DRT-0267] cpu time = 00:00:09, elapsed time = 00:00:04, memory = 3567.01 (MB), peak = 5769.63 (MB)
[INFO DRT-0187] Start routing data preparation.
[INFO DRT-0267] cpu time = 00:00:00, elapsed time = 00:00:00, memory = 3567.01 (MB), peak = 5769.63 (MB)
[INFO DRT-0194] Start detail routing.
[INFO DRT-0195] Start 0th optimization iteration.
    Completing 10% with 0 violations.
    elapsed time = 00:00:01, memory = 4325.05 (MB).
    Completing 20% with 0 violations.
    elapsed time = 00:00:03, memory = 4188.15 (MB).
    Completing 30% with 3683 violations.
    elapsed time = 00:00:10, memory = 4541.93 (MB).
    Completing 40% with 3683 violations.
    elapsed time = 00:00:11, memory = 4495.26 (MB).
    Completing 50% with 3683 violations.
    elapsed time = 00:00:15, memory = 3909.48 (MB).
    Completing 60% with 7418 violations.
    elapsed time = 00:00:20, memory = 4617.13 (MB).
    Completing 70% with 7418 violations.
    elapsed time = 00:00:22, memory = 4248.98 (MB).
    Completing 80% with 10960 violations.
    elapsed time = 00:00:34, memory = 4685.13 (MB).
    Completing 90% with 10960 violations.
    elapsed time = 00:00:35, memory = 4589.27 (MB).
    Completing 100% with 14351 violations.
    elapsed time = 00:00:51, memory = 3846.61 (MB).
[INFO DRT-0199]   Number of violations = 15622.
Viol/Layer         li1   mcon   met1    via   met2   met3   met4   met5
Cut Spacing          0      4      0      1      0      0      0      0
Metal Spacing        0      0    955      0    830     64     22      0
Min Hole             0      0      9      0      0      0      0      0
NS Metal             0      0      1      0      1      0      0      0
Recheck              5      0    634      0    489    109     31      3
Short                0      0   7644      4   4381    277    155      3
[INFO DRT-0267] cpu time = 00:08:45, elapsed time = 00:00:51, memory = 3941.49 (MB), peak = 5769.63 (MB)
Total wire length = 1357449 um.
Total wire length on LAYER li1 = 0 um.
Total wire length on LAYER met1 = 461593 um.
Total wire length on LAYER met2 = 543138 um.
Total wire length on LAYER met3 = 209478 um.
Total wire length on LAYER met4 = 139017 um.
Total wire length on LAYER met5 = 4222 um.
Total number of vias = 259016.
Up-via summary (total 259016):

-------------------------
 FR_MASTERSLICE         0
            li1    108685
           met1    125878
           met2     18330
           met3      5959
           met4       164
-------------------------
               259016


[INFO DRT-0195] Start 1st optimization iteration.
    Completing 10% with 15622 violations.
    elapsed time = 00:00:00, memory = 4821.70 (MB).
    Completing 20% with 15622 violations.
    elapsed time = 00:00:02, memory = 4638.61 (MB).
    Completing 30% with 13851 violations.
    elapsed time = 00:00:11, memory = 4829.72 (MB).
    Completing 40% with 13851 violations.
    elapsed time = 00:00:12, memory = 4739.27 (MB).
    Completing 50% with 13851 violations.
    elapsed time = 00:00:14, memory = 4204.19 (MB).
    Completing 60% with 12126 violations.
    elapsed time = 00:00:20, memory = 4795.21 (MB).
    Completing 70% with 12126 violations.
    elapsed time = 00:00:22, memory = 4602.50 (MB).
    Completing 80% with 10071 violations.
    elapsed time = 00:00:28, memory = 4974.71 (MB).
    Completing 90% with 10071 violations.
    elapsed time = 00:00:29, memory = 4753.40 (MB).
    Completing 100% with 8416 violations.
    elapsed time = 00:00:38, memory = 3982.32 (MB).
[INFO DRT-0199]   Number of violations = 8416.
Viol/Layer        mcon   met1    via   met2   met3   met4
Cut Spacing          3      0      0      0      0      0
Metal Spacing        0    655      0    583     30      0
Short                0   5180      3   1879     50     33
[INFO DRT-0267] cpu time = 00:06:29, elapsed time = 00:00:38, memory = 3982.32 (MB), peak = 5769.63 (MB)
Total wire length = 1354839 um.
Total wire length on LAYER li1 = 0 um.
Total wire length on LAYER met1 = 459689 um.
Total wire length on LAYER met2 = 541741 um.
Total wire length on LAYER met3 = 210022 um.
Total wire length on LAYER met4 = 139162 um.
Total wire length on LAYER met5 = 4224 um.
Total number of vias = 258514.
Up-via summary (total 258514):

-------------------------
 FR_MASTERSLICE         0
            li1    108692
           met1    125373
           met2     18320
           met3      5965
           met4       164
-------------------------
               258514


[INFO DRT-0195] Start 2nd optimization iteration.
    Completing 10% with 8416 violations.
    elapsed time = 00:00:00, memory = 3982.32 (MB).
    Completing 20% with 8416 violations.
    elapsed time = 00:00:01, memory = 4686.66 (MB).
    Completing 30% with 8170 violations.
    elapsed time = 00:00:06, memory = 3988.18 (MB).
    Completing 40% with 8170 violations.
    elapsed time = 00:00:07, memory = 4979.12 (MB).
    Completing 50% with 8170 violations.
    elapsed time = 00:00:09, memory = 4328.83 (MB).
    Completing 60% with 8040 violations.
    elapsed time = 00:00:12, memory = 4015.04 (MB).
    Completing 70% with 8040 violations.
    elapsed time = 00:00:14, memory = 4609.48 (MB).
    Completing 80% with 7805 violations.
    elapsed time = 00:00:19, memory = 4015.04 (MB).
    Completing 90% with 7805 violations.
    elapsed time = 00:00:20, memory = 4749.38 (MB).
    Completing 100% with 7567 violations.
    elapsed time = 00:00:27, memory = 4018.22 (MB).
[INFO DRT-0199]   Number of violations = 7567.
Viol/Layer        mcon   met1   met2   met3   met4
Cut Spacing          6      0      0      0      0
Metal Spacing        0    568    591     23      2
Min Hole             0      0      1      0      0
NS Metal             0      0      1      0      0
Short                0   4647   1651     41     36
[INFO DRT-0267] cpu time = 00:05:11, elapsed time = 00:00:27, memory = 4018.04 (MB), peak = 5769.63 (MB)
Total wire length = 1354252 um.
Total wire length on LAYER li1 = 0 um.
Total wire length on LAYER met1 = 459182 um.
Total wire length on LAYER met2 = 541502 um.
Total wire length on LAYER met3 = 210234 um.
Total wire length on LAYER met4 = 139103 um.
Total wire length on LAYER met5 = 4229 um.
Total number of vias = 258363.
Up-via summary (total 258363):

-------------------------
 FR_MASTERSLICE         0
            li1    108696
           met1    125286
           met2     18263
           met3      5954
           met4       164
-------------------------
               258363


[INFO DRT-0195] Start 3rd optimization iteration.
    Completing 10% with 7567 violations.
    elapsed time = 00:00:00, memory = 4972.60 (MB).
    Completing 20% with 7567 violations.
    elapsed time = 00:00:02, memory = 4679.32 (MB).
    Completing 30% with 6397 violations.
    elapsed time = 00:00:14, memory = 4019.95 (MB).
    Completing 40% with 6397 violations.
    elapsed time = 00:00:15, memory = 4988.88 (MB).
    Completing 50% with 6397 violations.
    elapsed time = 00:00:20, memory = 4318.16 (MB).
    Completing 60% with 5088 violations.
    elapsed time = 00:00:33, memory = 4019.95 (MB).
    Completing 70% with 5088 violations.
    elapsed time = 00:00:36, memory = 4716.05 (MB).
    Completing 80% with 3490 violations.
    elapsed time = 00:00:48, memory = 4041.38 (MB).
    Completing 90% with 3490 violations.
    elapsed time = 00:00:49, memory = 4638.31 (MB).
    Completing 100% with 1918 violations.
    elapsed time = 00:01:08, memory = 4056.77 (MB).
[INFO DRT-0199]   Number of violations = 1918.
Viol/Layer        mcon   met1   met2   met3
Cut Spacing          4      0      0      0
Metal Spacing        0    441    150     10
Min Hole             0      4      1      0
NS Metal             0      1      1      0
Short                0   1079    214     13
[INFO DRT-0267] cpu time = 00:09:29, elapsed time = 00:01:08, memory = 4056.77 (MB), peak = 5769.63 (MB)
Total wire length = 1354331 um.
Total wire length on LAYER li1 = 0 um.
Total wire length on LAYER met1 = 446833 um.
Total wire length on LAYER met2 = 536444 um.
Total wire length on LAYER met3 = 221943 um.
Total wire length on LAYER met4 = 144858 um.
Total wire length on LAYER met5 = 4251 um.
Total number of vias = 261334.
Up-via summary (total 261334):

-------------------------
 FR_MASTERSLICE         0
            li1    108714
           met1    125910
           met2     20064
           met3      6488
           met4       158
-------------------------
               261334


[INFO DRT-0195] Start 4th optimization iteration.
    Completing 10% with 1918 violations.
    elapsed time = 00:00:00, memory = 4056.77 (MB).
    Completing 20% with 1918 violations.
    elapsed time = 00:00:00, memory = 4564.61 (MB).
    Completing 30% with 1613 violations.
    elapsed time = 00:00:08, memory = 4074.27 (MB).
    Completing 40% with 1613 violations.
    elapsed time = 00:00:08, memory = 4074.27 (MB).
    Completing 50% with 1613 violations.
    elapsed time = 00:00:09, memory = 4380.52 (MB).
    Completing 60% with 1275 violations.
    elapsed time = 00:00:11, memory = 4074.27 (MB).
    Completing 70% with 1275 violations.
    elapsed time = 00:00:11, memory = 4074.27 (MB).
    Completing 80% with 823 violations.
    elapsed time = 00:00:26, memory = 4056.77 (MB).
    Completing 90% with 823 violations.
    elapsed time = 00:00:27, memory = 4660.20 (MB).
    Completing 100% with 336 violations.
    elapsed time = 00:00:35, memory = 4056.77 (MB).
[INFO DRT-0199]   Number of violations = 341.
Viol/Layer        mcon   met1   met2   met3
Cut Spacing          1      0      0      0
Metal Spacing        0    106     30      3
Min Hole             0      0      1      0
NS Metal             0      0      1      0
Recheck              0      5      0      0
Short                0    159     23     12
[INFO DRT-0267] cpu time = 00:02:38, elapsed time = 00:00:35, memory = 4056.77 (MB), peak = 5769.63 (MB)
Total wire length = 1354212 um.
Total wire length on LAYER li1 = 0 um.
Total wire length on LAYER met1 = 445124 um.
Total wire length on LAYER met2 = 535582 um.
Total wire length on LAYER met3 = 223527 um.
Total wire length on LAYER met4 = 145726 um.
Total wire length on LAYER met5 = 4251 um.
Total number of vias = 261634.
Up-via summary (total 261634):

-------------------------
 FR_MASTERSLICE         0
            li1    108715
           met1    125896
           met2     20323
           met3      6542
           met4       158
-------------------------
               261634


[INFO DRT-0195] Start 5th optimization iteration.
    Completing 10% with 341 violations.
    elapsed time = 00:00:00, memory = 4056.77 (MB).
    Completing 20% with 341 violations.
    elapsed time = 00:00:00, memory = 4056.77 (MB).
    Completing 30% with 233 violations.
    elapsed time = 00:00:04, memory = 4056.77 (MB).
    Completing 40% with 233 violations.
    elapsed time = 00:00:04, memory = 4056.77 (MB).
    Completing 50% with 233 violations.
    elapsed time = 00:00:04, memory = 4056.77 (MB).
    Completing 60% with 214 violations.
    elapsed time = 00:00:05, memory = 4056.77 (MB).
    Completing 70% with 214 violations.
    elapsed time = 00:00:05, memory = 4056.77 (MB).
    Completing 80% with 135 violations.
    elapsed time = 00:00:10, memory = 4056.77 (MB).
    Completing 90% with 135 violations.
    elapsed time = 00:00:10, memory = 4056.77 (MB).
    Completing 100% with 97 violations.
    elapsed time = 00:00:15, memory = 4056.77 (MB).
[INFO DRT-0199]   Number of violations = 97.
Viol/Layer        met1   met2
Metal Spacing       48      3
Short               46      0
[INFO DRT-0267] cpu time = 00:00:48, elapsed time = 00:00:15, memory = 4056.77 (MB), peak = 5769.63 (MB)
Total wire length = 1354133 um.
Total wire length on LAYER li1 = 0 um.
Total wire length on LAYER met1 = 445003 um.
Total wire length on LAYER met2 = 535439 um.
Total wire length on LAYER met3 = 223590 um.
Total wire length on LAYER met4 = 145849 um.
Total wire length on LAYER met5 = 4251 um.
Total number of vias = 261641.
Up-via summary (total 261641):

-------------------------
 FR_MASTERSLICE         0
            li1    108715
           met1    125890
           met2     20327
           met3      6551
           met4       158
-------------------------
               261641


[INFO DRT-0195] Start 6th guides tiles iteration.
    Completing 10% with 97 violations.
    elapsed time = 00:00:00, memory = 4056.77 (MB).
    Completing 20% with 97 violations.
    elapsed time = 00:00:00, memory = 4056.77 (MB).
    Completing 30% with 97 violations.
    elapsed time = 00:00:00, memory = 4056.77 (MB).
    Completing 40% with 97 violations.
    elapsed time = 00:00:00, memory = 4056.77 (MB).
    Completing 50% with 97 violations.
    elapsed time = 00:00:01, memory = 4056.77 (MB).
    Completing 60% with 83 violations.
    elapsed time = 00:00:01, memory = 4056.77 (MB).
    Completing 70% with 83 violations.
    elapsed time = 00:00:01, memory = 4056.77 (MB).
    Completing 80% with 83 violations.
    elapsed time = 00:00:02, memory = 4056.77 (MB).
    Completing 90% with 83 violations.
    elapsed time = 00:00:03, memory = 4056.77 (MB).
    Completing 100% with 78 violations.
    elapsed time = 00:00:04, memory = 4056.77 (MB).
[INFO DRT-0199]   Number of violations = 78.
Viol/Layer        met1   met2
Metal Spacing       33      3
Short               42      0
[INFO DRT-0267] cpu time = 00:00:13, elapsed time = 00:00:04, memory = 4056.77 (MB), peak = 5769.63 (MB)
Total wire length = 1354144 um.
Total wire length on LAYER li1 = 0 um.
Total wire length on LAYER met1 = 445006 um.
Total wire length on LAYER met2 = 535423 um.
Total wire length on LAYER met3 = 223596 um.
Total wire length on LAYER met4 = 145866 um.
Total wire length on LAYER met5 = 4251 um.
Total number of vias = 261660.
Up-via summary (total 261660):

-------------------------
 FR_MASTERSLICE         0
            li1    108716
           met1    125898
           met2     20333
           met3      6555
           met4       158
-------------------------
               261660


[INFO DRT-0195] Start 7th guides tiles iteration.
    Completing 10% with 78 violations.
    elapsed time = 00:00:00, memory = 4073.29 (MB).
    Completing 20% with 78 violations.
    elapsed time = 00:00:00, memory = 4073.29 (MB).
    Completing 30% with 78 violations.
    elapsed time = 00:00:00, memory = 4073.29 (MB).
    Completing 40% with 78 violations.
    elapsed time = 00:00:00, memory = 4073.29 (MB).
    Completing 50% with 78 violations.
    elapsed time = 00:00:01, memory = 4056.77 (MB).
    Completing 60% with 73 violations.
    elapsed time = 00:00:02, memory = 4056.77 (MB).
    Completing 70% with 73 violations.
    elapsed time = 00:00:02, memory = 4056.77 (MB).
    Completing 80% with 73 violations.
    elapsed time = 00:00:02, memory = 4056.77 (MB).
    Completing 90% with 73 violations.
    elapsed time = 00:00:04, memory = 4056.77 (MB).
    Completing 100% with 73 violations.
    elapsed time = 00:00:04, memory = 4056.77 (MB).
[INFO DRT-0199]   Number of violations = 73.
Viol/Layer        met1   met2
Metal Spacing       33      3
Short               37      0
[INFO DRT-0267] cpu time = 00:00:13, elapsed time = 00:00:04, memory = 4056.77 (MB), peak = 5769.63 (MB)
Total wire length = 1354145 um.
Total wire length on LAYER li1 = 0 um.
Total wire length on LAYER met1 = 444996 um.
Total wire length on LAYER met2 = 535426 um.
Total wire length on LAYER met3 = 223604 um.
Total wire length on LAYER met4 = 145866 um.
Total wire length on LAYER met5 = 4251 um.
Total number of vias = 261655.
Up-via summary (total 261655):

-------------------------
 FR_MASTERSLICE         0
            li1    108716
           met1    125893
           met2     20333
           met3      6555
           met4       158
-------------------------
               261655


[INFO DRT-0195] Start 8th guides tiles iteration.
    Completing 10% with 73 violations.
    elapsed time = 00:00:00, memory = 4056.77 (MB).
    Completing 20% with 73 violations.
    elapsed time = 00:00:00, memory = 4056.77 (MB).
    Completing 30% with 73 violations.
    elapsed time = 00:00:00, memory = 4056.77 (MB).
    Completing 40% with 73 violations.
    elapsed time = 00:00:00, memory = 4056.77 (MB).
    Completing 50% with 73 violations.
    elapsed time = 00:00:01, memory = 4056.77 (MB).
    Completing 60% with 73 violations.
    elapsed time = 00:00:01, memory = 4056.77 (MB).
    Completing 70% with 73 violations.
    elapsed time = 00:00:02, memory = 4056.77 (MB).
    Completing 80% with 73 violations.
    elapsed time = 00:00:02, memory = 4056.77 (MB).
    Completing 90% with 73 violations.
    elapsed time = 00:00:04, memory = 4056.77 (MB).
    Completing 100% with 73 violations.
    elapsed time = 00:00:04, memory = 4056.77 (MB).
[INFO DRT-0199]   Number of violations = 73.
Viol/Layer        met1   met2
Metal Spacing       33      3
Short               37      0
[INFO DRT-0267] cpu time = 00:00:12, elapsed time = 00:00:04, memory = 4056.77 (MB), peak = 5769.63 (MB)
Total wire length = 1354145 um.
Total wire length on LAYER li1 = 0 um.
Total wire length on LAYER met1 = 444996 um.
Total wire length on LAYER met2 = 535426 um.
Total wire length on LAYER met3 = 223604 um.
Total wire length on LAYER met4 = 145866 um.
Total wire length on LAYER met5 = 4251 um.
Total number of vias = 261655.
Up-via summary (total 261655):

-------------------------
 FR_MASTERSLICE         0
            li1    108716
           met1    125893
           met2     20333
           met3      6555
           met4       158
-------------------------
               261655


[INFO DRT-0195] Start 9th stubborn tiles iteration.
    Completing 10% with 73 violations.
    elapsed time = 00:00:11, memory = 5471.12 (MB).
    Completing 20% with 73 violations.
    elapsed time = 00:00:24, memory = 6094.50 (MB).
    Completing 30% with 73 violations.
    elapsed time = 00:00:33, memory = 6853.77 (MB).
    Completing 40% with 73 violations.
    elapsed time = 00:00:46, memory = 7002.65 (MB).
    Completing 50% with 73 violations.
    elapsed time = 00:00:54, memory = 7662.30 (MB).
    Completing 60% with 73 violations.
    elapsed time = 00:00:58, memory = 7043.25 (MB).
    Completing 70% with 30 violations.
    elapsed time = 00:01:16, memory = 7912.78 (MB).
    Completing 80% with 30 violations.
    elapsed time = 00:01:19, memory = 7804.07 (MB).
    Completing 90% with 4 violations.
    elapsed time = 00:01:41, memory = 7018.55 (MB).
    Completing 100% with 0 violations.
    elapsed time = 00:01:47, memory = 6823.83 (MB).
[INFO DRT-0199]   Number of violations = 0.
[INFO DRT-0267] cpu time = 00:38:32, elapsed time = 00:01:47, memory = 6823.83 (MB), peak = 8063.43 (MB)
Total wire length = 1354119 um.
Total wire length on LAYER li1 = 0 um.
Total wire length on LAYER met1 = 444957 um.
Total wire length on LAYER met2 = 535346 um.
Total wire length on LAYER met3 = 223617 um.
Total wire length on LAYER met4 = 145946 um.
Total wire length on LAYER met5 = 4251 um.
Total number of vias = 261662.
Up-via summary (total 261662):

-------------------------
 FR_MASTERSLICE         0
            li1    108718
           met1    125885
           met2     20338
           met3      6563
           met4       158
-------------------------
               261662


[INFO DRT-0198] Complete detail routing.
Total wire length = 1354119 um.
Total wire length on LAYER li1 = 0 um.
Total wire length on LAYER met1 = 444957 um.
Total wire length on LAYER met2 = 535346 um.
Total wire length on LAYER met3 = 223617 um.
Total wire length on LAYER met4 = 145946 um.
Total wire length on LAYER met5 = 4251 um.
Total number of vias = 261662.
Up-via summary (total 261662):

-------------------------
 FR_MASTERSLICE         0
            li1    108718
           met1    125885
           met2     20338
           met3      6563
           met4       158
-------------------------
               261662


[INFO DRT-0267] cpu time = 01:12:34, elapsed time = 00:06:00, memory = 6823.83 (MB), peak = 8063.43 (MB)

[INFO DRT-0180] Post processing.
[INFO DRT-0501] Runtime: 383.55s
[INFO ANT-0002] Found 20 net violations.
[INFO ANT-0001] Found 23 pin violations.
[INFO GRT-0012] Found 20 antenna violations.
[INFO DPL-0006] Core area: 479567.44 um^2
[INFO DPL-0007] Movable instances area: 0.00 um^2
[INFO DPL-0008] Fixed instances area within core: 277613.75 um^2
[INFO DPL-0009] Utilization: 57.9%
[INFO DPL-0005] Diamond search max displacement: +/- 500 sites horizontally, +/- 100 rows vertically.
[INFO DPL-1102] Legalizing using negotiation legalizer.
[INFO DPL-1103] Negotiation base search window: +/-20 sites horizontally, +/-5 rows vertically 
	Automatic search window extension enabled.
	Search window extendable up to the max displacement cap of +/-500 sites, +/-100 rows near walls.
[INFO DPL-1104] NegotiationLegalizer DRC penalty: 5.
[INFO DPL-0392] Negotiation cell height distribution (1 unique row-count(s)):
[INFO DPL-0393]   height 1 row(s): 37194 cells
[INFO DPL-0500] Runtime: 0.10s
[INFO GRT-0015] Inserted 23 diodes.
[WARNING DRT-0120] Large net net2692 has 104 pins which may impact routing performance. Consider optimization.
[WARNING DRT-0120] Large net net2693 has 101 pins which may impact routing performance. Consider optimization.
[WARNING DRT-0120] Large net net3667 has 159 pins which may impact routing performance. Consider optimization.
[WARNING DRT-0120] Large net net3671 has 164 pins which may impact routing performance. Consider optimization.
[WARNING DRT-0120] Large net net3679 has 170 pins which may impact routing performance. Consider optimization.
[WARNING DRT-0120] Large net net3686 has 155 pins which may impact routing performance. Consider optimization.
[WARNING DRT-0120] Large net net3690 has 170 pins which may impact routing performance. Consider optimization.
[INFO DRT-0024]   Complete FR_MASTERSLICE.
[INFO DRT-0024]   Complete Fr_VIA.
[INFO DRT-0024]   Complete li1.
[INFO DRT-0024]   Complete mcon.
[INFO DRT-0024]   Complete met1.
[INFO DRT-0024]   Complete via.
[INFO DRT-0024]   Complete met2.
[INFO DRT-0024]   Complete via2.
[INFO DRT-0024]   Complete met3.
[INFO DRT-0024]   Complete via3.
[INFO DRT-0024]   Complete met4.
[INFO DRT-0024]   Complete via4.
[INFO DRT-0024]   Complete met5.
[INFO DRT-0165] Start pin access.
[INFO DRT-0076]   Complete 1000 pins.
[INFO DRT-0076]   Complete 2000 pins.
[INFO DRT-0078]   Complete 2207 pins.
[INFO DRT-0079]   Complete 100 unique inst patterns.
[INFO DRT-0079]   Complete 200 unique inst patterns.
[INFO DRT-0081]   Complete 274 unique inst patterns.
[INFO DRT-0082]   Complete 10000 groups.
[INFO DRT-0084]   Complete 18777 groups.
#scanned instances     = 37194
#unique  instances     = 274
#stdCellGenAp          = 8774
#stdCellValidPlanarAp  = 117
#stdCellValidViaAp     = 6425
#stdCellPinNoAp        = 0
#stdCellPinCnt         = 110243
#instTermValidViaApCnt = 0
#macroGenAp            = 0
#macroValidPlanarAp    = 0
#macroValidViaAp       = 0
#macroNoAp             = 0
[INFO DRT-0166] Complete pin access.
[INFO DRT-0267] cpu time = 00:07:43, elapsed time = 00:00:17, memory = 6571.87 (MB), peak = 8063.43 (MB)
[INFO DRT-0156] guideIn read 100000 guides.
[INFO DRT-0156] guideIn read 200000 guides.

[INFO DRT-0157] Number of guides:     265583

[INFO DRT-0169] Post process guides.
[INFO DRT-0176] GCELLGRID X 0 DO 100 STEP 6900 ;
[INFO DRT-0177] GCELLGRID Y 0 DO 100 STEP 6900 ;
[INFO DRT-0026]   Complete 100000 origin guides.
[INFO DRT-0026]   Complete 200000 origin guides.
[INFO DRT-0028]   Complete FR_MASTERSLICE.
[INFO DRT-0028]   Complete Fr_VIA.
[INFO DRT-0028]   Complete li1.
[INFO DRT-0028]   Complete mcon.
[INFO DRT-0028]   Complete met1.
[INFO DRT-0028]   Complete via.
[INFO DRT-0028]   Complete met2.
[INFO DRT-0028]   Complete via2.
[INFO DRT-0028]   Complete met3.
[INFO DRT-0028]   Complete via3.
[INFO DRT-0028]   Complete met4.
[INFO DRT-0028]   Complete via4.
[INFO DRT-0028]   Complete met5.
[INFO DRT-0178] Init guide query.
[INFO DRT-0035]   Complete FR_MASTERSLICE (guide).
[INFO DRT-0035]   Complete Fr_VIA (guide).
[INFO DRT-0035]   Complete li1 (guide).
[INFO DRT-0035]   Complete mcon (guide).
[INFO DRT-0035]   Complete met1 (guide).
[INFO DRT-0035]   Complete via (guide).
[INFO DRT-0035]   Complete met2 (guide).
[INFO DRT-0035]   Complete via2 (guide).
[INFO DRT-0035]   Complete met3 (guide).
[INFO DRT-0035]   Complete via3 (guide).
[INFO DRT-0035]   Complete met4 (guide).
[INFO DRT-0035]   Complete via4 (guide).
[INFO DRT-0035]   Complete met5 (guide).
[INFO DRT-0036] FR_MASTERSLICE guide region query size = 0.
[INFO DRT-0036] FR_VIA guide region query size = 0.
[INFO DRT-0036] li1 guide region query size = 85676.
[INFO DRT-0036] mcon guide region query size = 0.
[INFO DRT-0036] met1 guide region query size = 76970.
[INFO DRT-0036] via guide region query size = 0.
[INFO DRT-0036] met2 guide region query size = 42217.
[INFO DRT-0036] via2 guide region query size = 0.
[INFO DRT-0036] met3 guide region query size = 7085.
[INFO DRT-0036] via3 guide region query size = 0.
[INFO DRT-0036] met4 guide region query size = 2880.
[INFO DRT-0036] via4 guide region query size = 0.
[INFO DRT-0036] met5 guide region query size = 108.
[INFO DRT-0179] Init gr pin query.
[INFO DRT-0267] cpu time = 00:00:01, elapsed time = 00:00:00, memory = 6571.87 (MB), peak = 8063.43 (MB)
[INFO DRT-0245] skipped writing guide updates to database.
[INFO DRT-0181] Start track assignment.
[INFO DRT-0184] Done with 130773 vertical wires in 2 frboxes and 84163 horizontal wires in 2 frboxes.
[INFO DRT-0186] Done with 22222 vertical wires in 2 frboxes and 28356 horizontal wires in 2 frboxes.
[INFO DRT-0182] Complete track assignment.
[INFO DRT-0267] cpu time = 00:00:09, elapsed time = 00:00:04, memory = 6589.86 (MB), peak = 8063.43 (MB)
[INFO DRT-0187] Start routing data preparation.
[INFO DRT-0267] cpu time = 00:00:00, elapsed time = 00:00:00, memory = 6589.86 (MB), peak = 8063.43 (MB)
[INFO DRT-0194] Start detail routing.
[INFO DRT-0195] Start 0th optimization iteration.
    Completing 10% with 0 violations.
    elapsed time = 00:00:00, memory = 7127.27 (MB).
    Completing 20% with 0 violations.
    elapsed time = 00:00:01, memory = 6897.20 (MB).
    Completing 30% with 757 violations.
    elapsed time = 00:00:03, memory = 7246.36 (MB).
    Completing 40% with 757 violations.
    elapsed time = 00:00:04, memory = 7172.90 (MB).
    Completing 50% with 757 violations.
    elapsed time = 00:00:05, memory = 6730.67 (MB).
    Completing 60% with 1628 violations.
    elapsed time = 00:00:08, memory = 7230.82 (MB).
    Completing 70% with 1628 violations.
    elapsed time = 00:00:08, memory = 7000.97 (MB).
    Completing 80% with 2242 violations.
    elapsed time = 00:00:13, memory = 7237.35 (MB).
    Completing 90% with 2242 violations.
    elapsed time = 00:00:13, memory = 7225.77 (MB).
    Completing 100% with 2770 violations.
    elapsed time = 00:00:17, memory = 6593.32 (MB).
[INFO DRT-0199]   Number of violations = 3075.
Viol/Layer        mcon   met1   met2   met3   met4   met5
Cut Spacing          2      0      0      0      0      0
Metal Spacing        0    158    157     16      6      1
Min Hole             0      4      0      0      0      0
Recheck              0    144    117     23     20      1
Short                0   1418    869     83     56      0
[INFO DRT-0267] cpu time = 00:03:31, elapsed time = 00:00:17, memory = 6593.32 (MB), peak = 8063.43 (MB)
Total wire length = 1354536 um.
Total wire length on LAYER li1 = 0 um.
Total wire length on LAYER met1 = 447379 um.
Total wire length on LAYER met2 = 536318 um.
Total wire length on LAYER met3 = 221456 um.
Total wire length on LAYER met4 = 145278 um.
Total wire length on LAYER met5 = 4103 um.
Total number of vias = 261394.
Up-via summary (total 261394):

-------------------------
 FR_MASTERSLICE         0
            li1    108748
           met1    125960
           met2     20055
           met3      6473
           met4       158
-------------------------
               261394


[INFO DRT-0195] Start 1st optimization iteration.
    Completing 10% with 3075 violations.
    elapsed time = 00:00:00, memory = 7194.54 (MB).
    Completing 20% with 3075 violations.
    elapsed time = 00:00:01, memory = 7059.24 (MB).
    Completing 30% with 2698 violations.
    elapsed time = 00:00:05, memory = 7102.23 (MB).
    Completing 40% with 2698 violations.
    elapsed time = 00:00:05, memory = 7152.76 (MB).
    Completing 50% with 2698 violations.
    elapsed time = 00:00:06, memory = 6858.66 (MB).
    Completing 60% with 2276 violations.
    elapsed time = 00:00:09, memory = 7304.15 (MB).
    Completing 70% with 2276 violations.
    elapsed time = 00:00:09, memory = 7114.61 (MB).
    Completing 80% with 1688 violations.
    elapsed time = 00:00:12, memory = 7180.67 (MB).
    Completing 90% with 1688 violations.
    elapsed time = 00:00:13, memory = 7066.78 (MB).
    Completing 100% with 1297 violations.
    elapsed time = 00:00:16, memory = 6576.01 (MB).
[INFO DRT-0199]   Number of violations = 1297.
Viol/Layer        met1   met2   met3   met4
Metal Spacing       77     85     12      0
Short              795    294     24     10
[INFO DRT-0267] cpu time = 00:03:03, elapsed time = 00:00:16, memory = 6576.01 (MB), peak = 8063.43 (MB)
Total wire length = 1354091 um.
Total wire length on LAYER li1 = 0 um.
Total wire length on LAYER met1 = 447044 um.
Total wire length on LAYER met2 = 536131 um.
Total wire length on LAYER met3 = 221599 um.
Total wire length on LAYER met4 = 145220 um.
Total wire length on LAYER met5 = 4094 um.
Total number of vias = 261348.
Up-via summary (total 261348):

-------------------------
 FR_MASTERSLICE         0
            li1    108746
           met1    125904
           met2     20071
           met3      6471
           met4       156
-------------------------
               261348


[INFO DRT-0195] Start 2nd optimization iteration.
    Completing 10% with 1297 violations.
    elapsed time = 00:00:00, memory = 6576.01 (MB).
    Completing 20% with 1297 violations.
    elapsed time = 00:00:00, memory = 6904.76 (MB).
    Completing 30% with 1272 violations.
    elapsed time = 00:00:02, memory = 6576.98 (MB).
    Completing 40% with 1272 violations.
    elapsed time = 00:00:02, memory = 6576.98 (MB).
    Completing 50% with 1272 violations.
    elapsed time = 00:00:03, memory = 6710.90 (MB).
    Completing 60% with 1241 violations.
    elapsed time = 00:00:04, memory = 6577.05 (MB).
    Completing 70% with 1241 violations.
    elapsed time = 00:00:05, memory = 7059.68 (MB).
    Completing 80% with 1213 violations.
    elapsed time = 00:00:07, memory = 6577.05 (MB).
    Completing 90% with 1213 violations.
    elapsed time = 00:00:07, memory = 6577.05 (MB).
    Completing 100% with 1248 violations.
    elapsed time = 00:00:09, memory = 6577.05 (MB).
[INFO DRT-0199]   Number of violations = 1248.
Viol/Layer        met1   met2   met3   met4
Metal Spacing      105     79     15      2
Short              730    278     30      9
[INFO DRT-0267] cpu time = 00:01:18, elapsed time = 00:00:09, memory = 6515.01 (MB), peak = 8063.43 (MB)
Total wire length = 1353921 um.
Total wire length on LAYER li1 = 0 um.
Total wire length on LAYER met1 = 446868 um.
Total wire length on LAYER met2 = 536047 um.
Total wire length on LAYER met3 = 221649 um.
Total wire length on LAYER met4 = 145260 um.
Total wire length on LAYER met5 = 4094 um.
Total number of vias = 261319.
Up-via summary (total 261319):

-------------------------
 FR_MASTERSLICE         0
            li1    108746
           met1    125845
           met2     20089
           met3      6483
           met4       156
-------------------------
               261319


[INFO DRT-0195] Start 3rd optimization iteration.
    Completing 10% with 1248 violations.
    elapsed time = 00:00:00, memory = 6515.01 (MB).
    Completing 20% with 1248 violations.
    elapsed time = 00:00:00, memory = 6515.01 (MB).
    Completing 30% with 1066 violations.
    elapsed time = 00:00:08, memory = 6516.74 (MB).
    Completing 40% with 1066 violations.
    elapsed time = 00:00:08, memory = 6516.74 (MB).
    Completing 50% with 1066 violations.
    elapsed time = 00:00:10, memory = 6607.73 (MB).
    Completing 60% with 704 violations.
    elapsed time = 00:00:18, memory = 6516.74 (MB).
    Completing 70% with 704 violations.
    elapsed time = 00:00:18, memory = 6516.74 (MB).
    Completing 80% with 573 violations.
    elapsed time = 00:00:24, memory = 6516.82 (MB).
    Completing 90% with 573 violations.
    elapsed time = 00:00:24, memory = 6516.82 (MB).
    Completing 100% with 394 violations.
    elapsed time = 00:00:33, memory = 6516.82 (MB).
[INFO DRT-0199]   Number of violations = 394.
Viol/Layer        mcon   met1   met2   met3   met4
Cut Spacing          1      0      0      0      0
Metal Spacing        0     75     37      0      0
Short                0    215     58      1      7
[INFO DRT-0267] cpu time = 00:02:42, elapsed time = 00:00:33, memory = 6516.82 (MB), peak = 8063.43 (MB)
Total wire length = 1354087 um.
Total wire length on LAYER li1 = 0 um.
Total wire length on LAYER met1 = 445259 um.
Total wire length on LAYER met2 = 535088 um.
Total wire length on LAYER met3 = 223371 um.
Total wire length on LAYER met4 = 146282 um.
Total wire length on LAYER met5 = 4084 um.
Total number of vias = 261745.
Up-via summary (total 261745):

-------------------------
 FR_MASTERSLICE         0
            li1    108747
           met1    125898
           met2     20395
           met3      6551
           met4       154
-------------------------
               261745


[INFO DRT-0195] Start 4th optimization iteration.
    Completing 10% with 394 violations.
    elapsed time = 00:00:00, memory = 6516.82 (MB).
    Completing 20% with 394 violations.
    elapsed time = 00:00:00, memory = 6516.82 (MB).
    Completing 30% with 335 violations.
    elapsed time = 00:00:04, memory = 6516.82 (MB).
    Completing 40% with 335 violations.
    elapsed time = 00:00:04, memory = 6516.82 (MB).
    Completing 50% with 335 violations.
    elapsed time = 00:00:04, memory = 6642.41 (MB).
    Completing 60% with 243 violations.
    elapsed time = 00:00:06, memory = 6516.82 (MB).
    Completing 70% with 243 violations.
    elapsed time = 00:00:06, memory = 6516.82 (MB).
    Completing 80% with 112 violations.
    elapsed time = 00:00:09, memory = 6516.82 (MB).
    Completing 90% with 112 violations.
    elapsed time = 00:00:09, memory = 6516.82 (MB).
    Completing 100% with 72 violations.
    elapsed time = 00:00:14, memory = 6516.82 (MB).
[INFO DRT-0199]   Number of violations = 72.
Viol/Layer        mcon   met1   met2
Cut Spacing          1      0      0
Metal Spacing        0     27      2
Min Hole             0      1      0
NS Metal             0      1      0
Short                0     35      5
[INFO DRT-0267] cpu time = 00:00:36, elapsed time = 00:00:14, memory = 6516.82 (MB), peak = 8063.43 (MB)
Total wire length = 1354114 um.
Total wire length on LAYER li1 = 0 um.
Total wire length on LAYER met1 = 444812 um.
Total wire length on LAYER met2 = 534921 um.
Total wire length on LAYER met3 = 223827 um.
Total wire length on LAYER met4 = 146482 um.
Total wire length on LAYER met5 = 4070 um.
Total number of vias = 261779.
Up-via summary (total 261779):

-------------------------
 FR_MASTERSLICE         0
            li1    108744
           met1    125887
           met2     20429
           met3      6567
           met4       152
-------------------------
               261779


[INFO DRT-0195] Start 5th guides tiles iteration.
    Completing 10% with 72 violations.
    elapsed time = 00:00:00, memory = 6602.60 (MB).
    Completing 20% with 72 violations.
    elapsed time = 00:00:00, memory = 6602.60 (MB).
    Completing 30% with 72 violations.
    elapsed time = 00:00:00, memory = 6602.60 (MB).
    Completing 40% with 72 violations.
    elapsed time = 00:00:05, memory = 6516.82 (MB).
    Completing 50% with 24 violations.
    elapsed time = 00:00:05, memory = 6516.82 (MB).
    Completing 60% with 24 violations.
    elapsed time = 00:00:05, memory = 6516.82 (MB).
    Completing 70% with 24 violations.
    elapsed time = 00:00:05, memory = 6596.05 (MB).
    Completing 80% with 24 violations.
    elapsed time = 00:00:07, memory = 6516.82 (MB).
    Completing 90% with 21 violations.
    elapsed time = 00:00:07, memory = 6516.82 (MB).
    Completing 100% with 17 violations.
    elapsed time = 00:00:07, memory = 6516.82 (MB).
[INFO DRT-0199]   Number of violations = 17.
Viol/Layer        met1   met2
Metal Spacing        3      0
Short               10      4
[INFO DRT-0267] cpu time = 00:00:10, elapsed time = 00:00:07, memory = 6516.82 (MB), peak = 8063.43 (MB)
Total wire length = 1354115 um.
Total wire length on LAYER li1 = 0 um.
Total wire length on LAYER met1 = 444761 um.
Total wire length on LAYER met2 = 534928 um.
Total wire length on LAYER met3 = 223876 um.
Total wire length on LAYER met4 = 146478 um.
Total wire length on LAYER met5 = 4070 um.
Total number of vias = 261805.
Up-via summary (total 261805):

-------------------------
 FR_MASTERSLICE         0
            li1    108745
           met1    125903
           met2     20437
           met3      6568
           met4       152
-------------------------
               261805


[INFO DRT-0195] Start 6th guides tiles iteration.
    Completing 20% with 17 violations.
    elapsed time = 00:00:00, memory = 6554.75 (MB).
    Completing 40% with 17 violations.
    elapsed time = 00:00:00, memory = 6516.82 (MB).
    Completing 60% with 17 violations.
    elapsed time = 00:00:00, memory = 6516.82 (MB).
    Completing 80% with 17 violations.
    elapsed time = 00:00:01, memory = 6516.82 (MB).
    Completing 100% with 15 violations.
    elapsed time = 00:00:01, memory = 6516.82 (MB).
[INFO DRT-0199]   Number of violations = 15.
Viol/Layer        met1   met2
Metal Spacing        1      0
Short               10      4
[INFO DRT-0267] cpu time = 00:00:02, elapsed time = 00:00:01, memory = 6516.82 (MB), peak = 8063.43 (MB)
Total wire length = 1354115 um.
Total wire length on LAYER li1 = 0 um.
Total wire length on LAYER met1 = 444761 um.
Total wire length on LAYER met2 = 534927 um.
Total wire length on LAYER met3 = 223876 um.
Total wire length on LAYER met4 = 146478 um.
Total wire length on LAYER met5 = 4070 um.
Total number of vias = 261806.
Up-via summary (total 261806):

-------------------------
 FR_MASTERSLICE         0
            li1    108745
           met1    125904
           met2     20437
           met3      6568
           met4       152
-------------------------
               261806


[INFO DRT-0195] Start 7th guides tiles iteration.
    Completing 20% with 15 violations.
    elapsed time = 00:00:00, memory = 6516.82 (MB).
    Completing 50% with 15 violations.
    elapsed time = 00:00:00, memory = 6516.82 (MB).
    Completing 70% with 15 violations.
    elapsed time = 00:00:01, memory = 6516.82 (MB).
    Completing 100% with 15 violations.
    elapsed time = 00:00:01, memory = 6516.82 (MB).
[INFO DRT-0199]   Number of violations = 15.
Viol/Layer        met1   met2
Metal Spacing        1      0
Short               10      4
[INFO DRT-0267] cpu time = 00:00:02, elapsed time = 00:00:01, memory = 6516.82 (MB), peak = 8063.43 (MB)
Total wire length = 1354115 um.
Total wire length on LAYER li1 = 0 um.
Total wire length on LAYER met1 = 444761 um.
Total wire length on LAYER met2 = 534927 um.
Total wire length on LAYER met3 = 223876 um.
Total wire length on LAYER met4 = 146478 um.
Total wire length on LAYER met5 = 4070 um.
Total number of vias = 261806.
Up-via summary (total 261806):

-------------------------
 FR_MASTERSLICE         0
            li1    108745
           met1    125904
           met2     20437
           met3      6568
           met4       152
-------------------------
               261806


[INFO DRT-0195] Start 8th stubborn tiles iteration.
    Completing 10% with 15 violations.
    elapsed time = 00:00:00, memory = 7045.64 (MB).
    Completing 20% with 15 violations.
    elapsed time = 00:00:01, memory = 7153.84 (MB).
    Completing 30% with 15 violations.
    elapsed time = 00:00:02, memory = 7183.94 (MB).
    Completing 40% with 15 violations.
    elapsed time = 00:00:02, memory = 7281.36 (MB).
    Completing 50% with 15 violations.
    elapsed time = 00:00:03, memory = 7094.32 (MB).
    Completing 60% with 15 violations.
    elapsed time = 00:00:05, memory = 6856.09 (MB).
    Completing 70% with 15 violations.
    elapsed time = 00:00:15, memory = 6528.88 (MB).
    Completing 80% with 10 violations.
    elapsed time = 00:00:18, memory = 7156.02 (MB).
    Completing 90% with 10 violations.
    elapsed time = 00:00:20, memory = 6865.78 (MB).
    Completing 100% with 0 violations.
    elapsed time = 00:00:24, memory = 6538.21 (MB).
[INFO DRT-0199]   Number of violations = 0.
[INFO DRT-0267] cpu time = 00:04:49, elapsed time = 00:00:24, memory = 6538.21 (MB), peak = 8063.43 (MB)
Total wire length = 1354123 um.
Total wire length on LAYER li1 = 0 um.
Total wire length on LAYER met1 = 444727 um.
Total wire length on LAYER met2 = 534932 um.
Total wire length on LAYER met3 = 223898 um.
Total wire length on LAYER met4 = 146493 um.
Total wire length on LAYER met5 = 4070 um.
Total number of vias = 261818.
Up-via summary (total 261818):

-------------------------
 FR_MASTERSLICE         0
            li1    108745
           met1    125905
           met2     20444
           met3      6572
           met4       152
-------------------------
               261818


[INFO DRT-0198] Complete detail routing.
Total wire length = 1354123 um.
Total wire length on LAYER li1 = 0 um.
Total wire length on LAYER met1 = 444727 um.
Total wire length on LAYER met2 = 534932 um.
Total wire length on LAYER met3 = 223898 um.
Total wire length on LAYER met4 = 146493 um.
Total wire length on LAYER met5 = 4070 um.
Total number of vias = 261818.
Up-via summary (total 261818):

-------------------------
 FR_MASTERSLICE         0
            li1    108745
           met1    125905
           met2     20444
           met3      6572
           met4       152
-------------------------
               261818


[INFO DRT-0267] cpu time = 00:16:18, elapsed time = 00:02:07, memory = 6538.21 (MB), peak = 8063.43 (MB)

[INFO DRT-0180] Post processing.
[INFO DRT-0501] Runtime: 150.63s
[INFO ANT-0002] Found 5 net violations.
[INFO ANT-0001] Found 7 pin violations.
[INFO GRT-0012] Found 5 antenna violations.
[INFO DPL-0006] Core area: 479567.44 um^2
[INFO DPL-0007] Movable instances area: 0.00 um^2
[INFO DPL-0008] Fixed instances area within core: 277631.27 um^2
[INFO DPL-0009] Utilization: 57.9%
[INFO DPL-0005] Diamond search max displacement: +/- 500 sites horizontally, +/- 100 rows vertically.
[INFO DPL-1102] Legalizing using negotiation legalizer.
[INFO DPL-1103] Negotiation base search window: +/-20 sites horizontally, +/-5 rows vertically 
	Automatic search window extension enabled.
	Search window extendable up to the max displacement cap of +/-500 sites, +/-100 rows near walls.
[INFO DPL-1104] NegotiationLegalizer DRC penalty: 5.
[INFO DPL-0392] Negotiation cell height distribution (1 unique row-count(s)):
[INFO DPL-0393]   height 1 row(s): 37201 cells
[INFO DPL-0500] Runtime: 0.12s
[INFO GRT-0015] Inserted 7 diodes.
[WARNING DRT-0120] Large net net2692 has 104 pins which may impact routing performance. Consider optimization.
[WARNING DRT-0120] Large net net2693 has 101 pins which may impact routing performance. Consider optimization.
[WARNING DRT-0120] Large net net3667 has 159 pins which may impact routing performance. Consider optimization.
[WARNING DRT-0120] Large net net3671 has 164 pins which may impact routing performance. Consider optimization.
[WARNING DRT-0120] Large net net3679 has 170 pins which may impact routing performance. Consider optimization.
[WARNING DRT-0120] Large net net3686 has 155 pins which may impact routing performance. Consider optimization.
[WARNING DRT-0120] Large net net3690 has 170 pins which may impact routing performance. Consider optimization.
[INFO DRT-0024]   Complete FR_MASTERSLICE.
[INFO DRT-0024]   Complete Fr_VIA.
[INFO DRT-0024]   Complete li1.
[INFO DRT-0024]   Complete mcon.
[INFO DRT-0024]   Complete met1.
[INFO DRT-0024]   Complete via.
[INFO DRT-0024]   Complete met2.
[INFO DRT-0024]   Complete via2.
[INFO DRT-0024]   Complete met3.
[INFO DRT-0024]   Complete via3.
[INFO DRT-0024]   Complete met4.
[INFO DRT-0024]   Complete via4.
[INFO DRT-0024]   Complete met5.
[INFO DRT-0165] Start pin access.
[INFO DRT-0076]   Complete 1000 pins.
[INFO DRT-0076]   Complete 2000 pins.
[INFO DRT-0078]   Complete 2207 pins.
[INFO DRT-0079]   Complete 100 unique inst patterns.
[INFO DRT-0079]   Complete 200 unique inst patterns.
[INFO DRT-0081]   Complete 274 unique inst patterns.
[INFO DRT-0082]   Complete 10000 groups.
[INFO DRT-0084]   Complete 18778 groups.
#scanned instances     = 37201
#unique  instances     = 274
#stdCellGenAp          = 8774
#stdCellValidPlanarAp  = 117
#stdCellValidViaAp     = 6425
#stdCellPinNoAp        = 0
#stdCellPinCnt         = 110243
#instTermValidViaApCnt = 0
#macroGenAp            = 0
#macroValidPlanarAp    = 0
#macroValidViaAp       = 0
#macroNoAp             = 0
[INFO DRT-0166] Complete pin access.
[INFO DRT-0267] cpu time = 00:07:43, elapsed time = 00:00:17, memory = 6332.18 (MB), peak = 8063.43 (MB)
[INFO DRT-0156] guideIn read 100000 guides.
[INFO DRT-0156] guideIn read 200000 guides.

[INFO DRT-0157] Number of guides:     265571

[INFO DRT-0169] Post process guides.
[INFO DRT-0176] GCELLGRID X 0 DO 100 STEP 6900 ;
[INFO DRT-0177] GCELLGRID Y 0 DO 100 STEP 6900 ;
[INFO DRT-0026]   Complete 100000 origin guides.
[INFO DRT-0026]   Complete 200000 origin guides.
[INFO DRT-0028]   Complete FR_MASTERSLICE.
[INFO DRT-0028]   Complete Fr_VIA.
[INFO DRT-0028]   Complete li1.
[INFO DRT-0028]   Complete mcon.
[INFO DRT-0028]   Complete met1.
[INFO DRT-0028]   Complete via.
[INFO DRT-0028]   Complete met2.
[INFO DRT-0028]   Complete via2.
[INFO DRT-0028]   Complete met3.
[INFO DRT-0028]   Complete via3.
[INFO DRT-0028]   Complete met4.
[INFO DRT-0028]   Complete via4.
[INFO DRT-0028]   Complete met5.
[INFO DRT-0178] Init guide query.
[INFO DRT-0035]   Complete FR_MASTERSLICE (guide).
[INFO DRT-0035]   Complete Fr_VIA (guide).
[INFO DRT-0035]   Complete li1 (guide).
[INFO DRT-0035]   Complete mcon (guide).
[INFO DRT-0035]   Complete met1 (guide).
[INFO DRT-0035]   Complete via (guide).
[INFO DRT-0035]   Complete met2 (guide).
[INFO DRT-0035]   Complete via2 (guide).
[INFO DRT-0035]   Complete met3 (guide).
[INFO DRT-0035]   Complete via3 (guide).
[INFO DRT-0035]   Complete met4 (guide).
[INFO DRT-0035]   Complete via4 (guide).
[INFO DRT-0035]   Complete met5 (guide).
[INFO DRT-0036] FR_MASTERSLICE guide region query size = 0.
[INFO DRT-0036] FR_VIA guide region query size = 0.
[INFO DRT-0036] li1 guide region query size = 85678.
[INFO DRT-0036] mcon guide region query size = 0.
[INFO DRT-0036] met1 guide region query size = 76974.
[INFO DRT-0036] via guide region query size = 0.
[INFO DRT-0036] met2 guide region query size = 42217.
[INFO DRT-0036] via2 guide region query size = 0.
[INFO DRT-0036] met3 guide region query size = 7082.
[INFO DRT-0036] via3 guide region query size = 0.
[INFO DRT-0036] met4 guide region query size = 2874.
[INFO DRT-0036] via4 guide region query size = 0.
[INFO DRT-0036] met5 guide region query size = 106.
[INFO DRT-0179] Init gr pin query.
[INFO DRT-0267] cpu time = 00:00:01, elapsed time = 00:00:00, memory = 6332.18 (MB), peak = 8063.43 (MB)
[INFO DRT-0245] skipped writing guide updates to database.
[INFO DRT-0181] Start track assignment.
[INFO DRT-0184] Done with 130769 vertical wires in 2 frboxes and 84162 horizontal wires in 2 frboxes.
[INFO DRT-0186] Done with 22151 vertical wires in 2 frboxes and 28277 horizontal wires in 2 frboxes.
[INFO DRT-0182] Complete track assignment.
[INFO DRT-0267] cpu time = 00:00:09, elapsed time = 00:00:04, memory = 6333.62 (MB), peak = 8063.43 (MB)
[INFO DRT-0187] Start routing data preparation.
[INFO DRT-0267] cpu time = 00:00:00, elapsed time = 00:00:00, memory = 6333.62 (MB), peak = 8063.43 (MB)
[INFO DRT-0194] Start detail routing.
[INFO DRT-0195] Start 0th optimization iteration.
    Completing 10% with 0 violations.
    elapsed time = 00:00:00, memory = 6836.76 (MB).
    Completing 20% with 0 violations.
    elapsed time = 00:00:01, memory = 6662.18 (MB).
    Completing 30% with 270 violations.
    elapsed time = 00:00:03, memory = 6818.93 (MB).
    Completing 40% with 270 violations.
    elapsed time = 00:00:04, memory = 6954.08 (MB).
    Completing 50% with 270 violations.
    elapsed time = 00:00:04, memory = 6669.86 (MB).
    Completing 60% with 578 violations.
    elapsed time = 00:00:08, memory = 6927.76 (MB).
    Completing 70% with 578 violations.
    elapsed time = 00:00:08, memory = 6667.12 (MB).
    Completing 80% with 804 violations.
    elapsed time = 00:00:12, memory = 6821.40 (MB).
    Completing 90% with 804 violations.
    elapsed time = 00:00:13, memory = 6804.31 (MB).
    Completing 100% with 1001 violations.
    elapsed time = 00:00:15, memory = 6367.09 (MB).
[INFO DRT-0199]   Number of violations = 1127.
Viol/Layer        met1   met2   met3   met4
Metal Spacing       77     56      6      1
Recheck             64     47      9      6
Short              475    323     24     39
[INFO DRT-0267] cpu time = 00:02:52, elapsed time = 00:00:15, memory = 6367.09 (MB), peak = 8063.43 (MB)
Total wire length = 1353748 um.
Total wire length on LAYER li1 = 0 um.
Total wire length on LAYER met1 = 445428 um.
Total wire length on LAYER met2 = 534973 um.
Total wire length on LAYER met3 = 222728 um.
Total wire length on LAYER met4 = 146547 um.
Total wire length on LAYER met5 = 4070 um.
Total number of vias = 261723.
Up-via summary (total 261723):

-------------------------
 FR_MASTERSLICE         0
            li1    108753
           met1    125954
           met2     20317
           met3      6547
           met4       152
-------------------------
               261723


[INFO DRT-0195] Start 1st optimization iteration.
    Completing 10% with 1127 violations.
    elapsed time = 00:00:00, memory = 6702.14 (MB).
    Completing 20% with 1127 violations.
    elapsed time = 00:00:01, memory = 6607.20 (MB).
    Completing 30% with 938 violations.
    elapsed time = 00:00:04, memory = 6867.70 (MB).
    Completing 40% with 938 violations.
    elapsed time = 00:00:04, memory = 6928.32 (MB).
    Completing 50% with 938 violations.
    elapsed time = 00:00:05, memory = 6520.59 (MB).
    Completing 60% with 738 violations.
    elapsed time = 00:00:07, memory = 6802.73 (MB).
    Completing 70% with 738 violations.
    elapsed time = 00:00:07, memory = 6818.25 (MB).
    Completing 80% with 597 violations.
    elapsed time = 00:00:10, memory = 6891.12 (MB).
    Completing 90% with 597 violations.
    elapsed time = 00:00:11, memory = 6734.32 (MB).
    Completing 100% with 505 violations.
    elapsed time = 00:00:12, memory = 6370.32 (MB).
[INFO DRT-0199]   Number of violations = 505.
Viol/Layer        met1   met2   met3   met4
Metal Spacing       65     39      0      1
Short              278     89      2     31
[INFO DRT-0267] cpu time = 00:02:42, elapsed time = 00:00:12, memory = 6370.32 (MB), peak = 8063.43 (MB)
Total wire length = 1353518 um.
Total wire length on LAYER li1 = 0 um.
Total wire length on LAYER met1 = 445278 um.
Total wire length on LAYER met2 = 534916 um.
Total wire length on LAYER met3 = 222738 um.
Total wire length on LAYER met4 = 146513 um.
Total wire length on LAYER met5 = 4070 um.
Total number of vias = 261707.
Up-via summary (total 261707):

-------------------------
 FR_MASTERSLICE         0
            li1    108754
           met1    125942
           met2     20314
           met3      6545
           met4       152
-------------------------
               261707


[INFO DRT-0195] Start 2nd optimization iteration.
    Completing 10% with 505 violations.
    elapsed time = 00:00:00, memory = 6370.32 (MB).
    Completing 20% with 505 violations.
    elapsed time = 00:00:00, memory = 6370.32 (MB).
    Completing 30% with 384 violations.
    elapsed time = 00:00:01, memory = 6370.32 (MB).
    Completing 40% with 384 violations.
    elapsed time = 00:00:01, memory = 6370.32 (MB).
    Completing 50% with 384 violations.
    elapsed time = 00:00:01, memory = 6370.32 (MB).
    Completing 60% with 357 violations.
    elapsed time = 00:00:03, memory = 6370.32 (MB).
    Completing 70% with 357 violations.
    elapsed time = 00:00:03, memory = 6370.32 (MB).
    Completing 80% with 355 violations.
    elapsed time = 00:00:05, memory = 6370.32 (MB).
    Completing 90% with 355 violations.
    elapsed time = 00:00:05, memory = 6370.32 (MB).
    Completing 100% with 353 violations.
    elapsed time = 00:00:07, memory = 6370.32 (MB).
[INFO DRT-0199]   Number of violations = 353.
Viol/Layer        mcon   met1   met2   met3   met4
Cut Spacing          1      0      0      0      0
Metal Spacing        0     39     22      0      4
Short                0    191     54      2     40
[INFO DRT-0267] cpu time = 00:00:32, elapsed time = 00:00:07, memory = 6370.32 (MB), peak = 8063.43 (MB)
Total wire length = 1353499 um.
Total wire length on LAYER li1 = 0 um.
Total wire length on LAYER met1 = 445226 um.
Total wire length on LAYER met2 = 534919 um.
Total wire length on LAYER met3 = 222746 um.
Total wire length on LAYER met4 = 146536 um.
Total wire length on LAYER met5 = 4070 um.
Total number of vias = 261685.
Up-via summary (total 261685):

-------------------------
 FR_MASTERSLICE         0
            li1    108753
           met1    125915
           met2     20324
           met3      6541
           met4       152
-------------------------
               261685


[INFO DRT-0195] Start 3rd optimization iteration.
    Completing 10% with 353 violations.
    elapsed time = 00:00:00, memory = 6370.32 (MB).
    Completing 20% with 353 violations.
    elapsed time = 00:00:00, memory = 6370.32 (MB).
    Completing 30% with 311 violations.
    elapsed time = 00:00:05, memory = 6370.32 (MB).
    Completing 40% with 311 violations.
    elapsed time = 00:00:05, memory = 6370.32 (MB).
    Completing 50% with 311 violations.
    elapsed time = 00:00:06, memory = 6557.14 (MB).
    Completing 60% with 184 violations.
    elapsed time = 00:00:10, memory = 6370.32 (MB).
    Completing 70% with 184 violations.
    elapsed time = 00:00:10, memory = 6370.32 (MB).
    Completing 80% with 151 violations.
    elapsed time = 00:00:12, memory = 6370.32 (MB).
    Completing 90% with 151 violations.
    elapsed time = 00:00:12, memory = 6370.32 (MB).
    Completing 100% with 78 violations.
    elapsed time = 00:00:15, memory = 6370.32 (MB).
[INFO DRT-0199]   Number of violations = 78.
Viol/Layer        met1   met2   met4
Metal Spacing       20      3      0
Short               40      4     11
[INFO DRT-0267] cpu time = 00:00:52, elapsed time = 00:00:15, memory = 6370.32 (MB), peak = 8063.43 (MB)
Total wire length = 1353450 um.
Total wire length on LAYER li1 = 0 um.
Total wire length on LAYER met1 = 444919 um.
Total wire length on LAYER met2 = 534726 um.
Total wire length on LAYER met3 = 222924 um.
Total wire length on LAYER met4 = 146792 um.
Total wire length on LAYER met5 = 4088 um.
Total number of vias = 261773.
Up-via summary (total 261773):

-------------------------
 FR_MASTERSLICE         0
            li1    108750
           met1    125931
           met2     20376
           met3      6564
           met4       152
-------------------------
               261773


[INFO DRT-0195] Start 4th guides tiles iteration.
    Completing 10% with 78 violations.
    elapsed time = 00:00:00, memory = 6370.32 (MB).
    Completing 20% with 78 violations.
    elapsed time = 00:00:00, memory = 6370.32 (MB).
    Completing 30% with 78 violations.
    elapsed time = 00:00:00, memory = 6370.32 (MB).
    Completing 40% with 78 violations.
    elapsed time = 00:00:00, memory = 6370.32 (MB).
    Completing 50% with 78 violations.
    elapsed time = 00:00:04, memory = 6370.32 (MB).
    Completing 60% with 54 violations.
    elapsed time = 00:00:04, memory = 6370.32 (MB).
    Completing 70% with 54 violations.
    elapsed time = 00:00:04, memory = 6370.32 (MB).
    Completing 80% with 54 violations.
    elapsed time = 00:00:04, memory = 6476.86 (MB).
    Completing 90% with 54 violations.
    elapsed time = 00:00:04, memory = 6476.86 (MB).
    Completing 100% with 37 violations.
    elapsed time = 00:00:11, memory = 6370.32 (MB).
[INFO DRT-0199]   Number of violations = 37.
Viol/Layer        met1   met2   met4
Metal Spacing        6      1      0
Short               16      3     11
[INFO DRT-0267] cpu time = 00:00:14, elapsed time = 00:00:12, memory = 6370.32 (MB), peak = 8063.43 (MB)
Total wire length = 1353454 um.
Total wire length on LAYER li1 = 0 um.
Total wire length on LAYER met1 = 444858 um.
Total wire length on LAYER met2 = 534763 um.
Total wire length on LAYER met3 = 222981 um.
Total wire length on LAYER met4 = 146763 um.
Total wire length on LAYER met5 = 4088 um.
Total number of vias = 261785.
Up-via summary (total 261785):

-------------------------
 FR_MASTERSLICE         0
            li1    108750
           met1    125929
           met2     20386
           met3      6568
           met4       152
-------------------------
               261785


[INFO DRT-0195] Start 5th guides tiles iteration.
    Completing 30% with 37 violations.
    elapsed time = 00:00:00, memory = 6423.83 (MB).
    Completing 60% with 37 violations.
    elapsed time = 00:00:04, memory = 6370.32 (MB).
    Completing 100% with 18 violations.
    elapsed time = 00:00:05, memory = 6370.32 (MB).
[INFO DRT-0199]   Number of violations = 18.
Viol/Layer        met1   met2
Metal Spacing        2      4
Short                4      8
[INFO DRT-0267] cpu time = 00:00:07, elapsed time = 00:00:05, memory = 6370.32 (MB), peak = 8063.43 (MB)
Total wire length = 1353450 um.
Total wire length on LAYER li1 = 0 um.
Total wire length on LAYER met1 = 444810 um.
Total wire length on LAYER met2 = 534753 um.
Total wire length on LAYER met3 = 223025 um.
Total wire length on LAYER met4 = 146772 um.
Total wire length on LAYER met5 = 4088 um.
Total number of vias = 261776.
Up-via summary (total 261776):

-------------------------
 FR_MASTERSLICE         0
            li1    108751
           met1    125914
           met2     20389
           met3      6570
           met4       152
-------------------------
               261776


[INFO DRT-0195] Start 6th guides tiles iteration.
    Completing 30% with 18 violations.
    elapsed time = 00:00:00, memory = 6370.32 (MB).
    Completing 60% with 18 violations.
    elapsed time = 00:00:00, memory = 6370.32 (MB).
    Completing 100% with 1 violations.
    elapsed time = 00:00:00, memory = 6370.32 (MB).
[INFO DRT-0199]   Number of violations = 1.
Viol/Layer        met2
Short                1
[INFO DRT-0267] cpu time = 00:00:01, elapsed time = 00:00:00, memory = 6370.32 (MB), peak = 8063.43 (MB)
Total wire length = 1353451 um.
Total wire length on LAYER li1 = 0 um.
Total wire length on LAYER met1 = 444820 um.
Total wire length on LAYER met2 = 534752 um.
Total wire length on LAYER met3 = 223014 um.
Total wire length on LAYER met4 = 146774 um.
Total wire length on LAYER met5 = 4088 um.
Total number of vias = 261779.
Up-via summary (total 261779):

-------------------------
 FR_MASTERSLICE         0
            li1    108751
           met1    125916
           met2     20390
           met3      6570
           met4       152
-------------------------
               261779


[INFO DRT-0195] Start 7th guides tiles iteration.
    Completing 100% with 1 violations.
    elapsed time = 00:00:00, memory = 6370.32 (MB).
[INFO DRT-0199]   Number of violations = 1.
Viol/Layer        met2
Short                1
[INFO DRT-0267] cpu time = 00:00:00, elapsed time = 00:00:00, memory = 6370.32 (MB), peak = 8063.43 (MB)
Total wire length = 1353451 um.
Total wire length on LAYER li1 = 0 um.
Total wire length on LAYER met1 = 444820 um.
Total wire length on LAYER met2 = 534752 um.
Total wire length on LAYER met3 = 223014 um.
Total wire length on LAYER met4 = 146774 um.
Total wire length on LAYER met5 = 4088 um.
Total number of vias = 261779.
Up-via summary (total 261779):

-------------------------
 FR_MASTERSLICE         0
            li1    108751
           met1    125916
           met2     20390
           met3      6570
           met4       152
-------------------------
               261779


[INFO DRT-0195] Start 8th stubborn tiles iteration.
    Completing 10% with 1 violations.
    elapsed time = 00:00:00, memory = 6856.18 (MB).
    Completing 20% with 1 violations.
    elapsed time = 00:00:00, memory = 6814.18 (MB).
    Completing 30% with 1 violations.
    elapsed time = 00:00:00, memory = 6862.73 (MB).
    Completing 40% with 1 violations.
    elapsed time = 00:00:00, memory = 6848.53 (MB).
    Completing 50% with 1 violations.
    elapsed time = 00:00:01, memory = 6774.73 (MB).
    Completing 60% with 1 violations.
    elapsed time = 00:00:01, memory = 6737.82 (MB).
    Completing 70% with 1 violations.
    elapsed time = 00:00:02, memory = 6647.59 (MB).
    Completing 80% with 1 violations.
    elapsed time = 00:00:02, memory = 6557.36 (MB).
    Completing 90% with 1 violations.
    elapsed time = 00:00:03, memory = 6418.73 (MB).
    Completing 100% with 0 violations.
    elapsed time = 00:00:10, memory = 6370.32 (MB).
[INFO DRT-0199]   Number of violations = 0.
[INFO DRT-0267] cpu time = 00:01:13, elapsed time = 00:00:10, memory = 6370.32 (MB), peak = 8063.43 (MB)
Total wire length = 1353451 um.
Total wire length on LAYER li1 = 0 um.
Total wire length on LAYER met1 = 444826 um.
Total wire length on LAYER met2 = 534748 um.
Total wire length on LAYER met3 = 223010 um.
Total wire length on LAYER met4 = 146776 um.
Total wire length on LAYER met5 = 4088 um.
Total number of vias = 261778.
Up-via summary (total 261778):

-------------------------
 FR_MASTERSLICE         0
            li1    108751
           met1    125917
           met2     20388
           met3      6570
           met4       152
-------------------------
               261778


[INFO DRT-0198] Complete detail routing.
Total wire length = 1353451 um.
Total wire length on LAYER li1 = 0 um.
Total wire length on LAYER met1 = 444826 um.
Total wire length on LAYER met2 = 534748 um.
Total wire length on LAYER met3 = 223010 um.
Total wire length on LAYER met4 = 146776 um.
Total wire length on LAYER met5 = 4088 um.
Total number of vias = 261778.
Up-via summary (total 261778):

-------------------------
 FR_MASTERSLICE         0
            li1    108751
           met1    125917
           met2     20388
           met3      6570
           met4       152
-------------------------
               261778


[INFO DRT-0267] cpu time = 00:08:38, elapsed time = 00:01:21, memory = 6370.32 (MB), peak = 8063.43 (MB)

[INFO DRT-0180] Post processing.
[INFO DRT-0501] Runtime: 104.90s
[INFO ANT-0002] Found 3 net violations.
[INFO ANT-0001] Found 4 pin violations.
[INFO GRT-0012] Found 3 antenna violations.
[INFO DPL-0006] Core area: 479567.44 um^2
[INFO DPL-0007] Movable instances area: 0.00 um^2
[INFO DPL-0008] Fixed instances area within core: 277641.28 um^2
[INFO DPL-0009] Utilization: 57.9%
[INFO DPL-0005] Diamond search max displacement: +/- 500 sites horizontally, +/- 100 rows vertically.
[INFO DPL-1102] Legalizing using negotiation legalizer.
[INFO DPL-1103] Negotiation base search window: +/-20 sites horizontally, +/-5 rows vertically 
	Automatic search window extension enabled.
	Search window extendable up to the max displacement cap of +/-500 sites, +/-100 rows near walls.
[INFO DPL-1104] NegotiationLegalizer DRC penalty: 5.
[INFO DPL-0392] Negotiation cell height distribution (1 unique row-count(s)):
[INFO DPL-0393]   height 1 row(s): 37205 cells
[INFO DPL-0500] Runtime: 0.13s
[INFO GRT-0015] Inserted 4 diodes.
[WARNING DRT-0120] Large net net2692 has 104 pins which may impact routing performance. Consider optimization.
[WARNING DRT-0120] Large net net2693 has 101 pins which may impact routing performance. Consider optimization.
[WARNING DRT-0120] Large net net3667 has 159 pins which may impact routing performance. Consider optimization.
[WARNING DRT-0120] Large net net3671 has 164 pins which may impact routing performance. Consider optimization.
[WARNING DRT-0120] Large net net3679 has 170 pins which may impact routing performance. Consider optimization.
[WARNING DRT-0120] Large net net3686 has 155 pins which may impact routing performance. Consider optimization.
[WARNING DRT-0120] Large net net3690 has 170 pins which may impact routing performance. Consider optimization.
[INFO DRT-0024]   Complete FR_MASTERSLICE.
[INFO DRT-0024]   Complete Fr_VIA.
[INFO DRT-0024]   Complete li1.
[INFO DRT-0024]   Complete mcon.
[INFO DRT-0024]   Complete met1.
[INFO DRT-0024]   Complete via.
[INFO DRT-0024]   Complete met2.
[INFO DRT-0024]   Complete via2.
[INFO DRT-0024]   Complete met3.
[INFO DRT-0024]   Complete via3.
[INFO DRT-0024]   Complete met4.
[INFO DRT-0024]   Complete via4.
[INFO DRT-0024]   Complete met5.
[INFO DRT-0165] Start pin access.
[INFO DRT-0076]   Complete 1000 pins.
[INFO DRT-0076]   Complete 2000 pins.
[INFO DRT-0078]   Complete 2207 pins.
[INFO DRT-0079]   Complete 100 unique inst patterns.
[INFO DRT-0079]   Complete 200 unique inst patterns.
[INFO DRT-0081]   Complete 274 unique inst patterns.
[INFO DRT-0082]   Complete 10000 groups.
[INFO DRT-0084]   Complete 18777 groups.
#scanned instances     = 37205
#unique  instances     = 274
#stdCellGenAp          = 8774
#stdCellValidPlanarAp  = 117
#stdCellValidViaAp     = 6425
#stdCellPinNoAp        = 0
#stdCellPinCnt         = 110243
#instTermValidViaApCnt = 0
#macroGenAp            = 0
#macroValidPlanarAp    = 0
#macroValidViaAp       = 0
#macroNoAp             = 0
[INFO DRT-0166] Complete pin access.
[INFO DRT-0267] cpu time = 00:07:44, elapsed time = 00:00:17, memory = 6198.08 (MB), peak = 8063.43 (MB)
[INFO DRT-0156] guideIn read 100000 guides.
[INFO DRT-0156] guideIn read 200000 guides.

[INFO DRT-0157] Number of guides:     265565

[INFO DRT-0169] Post process guides.
[INFO DRT-0176] GCELLGRID X 0 DO 100 STEP 6900 ;
[INFO DRT-0177] GCELLGRID Y 0 DO 100 STEP 6900 ;
[INFO DRT-0026]   Complete 100000 origin guides.
[INFO DRT-0026]   Complete 200000 origin guides.
[INFO DRT-0028]   Complete FR_MASTERSLICE.
[INFO DRT-0028]   Complete Fr_VIA.
[INFO DRT-0028]   Complete li1.
[INFO DRT-0028]   Complete mcon.
[INFO DRT-0028]   Complete met1.
[INFO DRT-0028]   Complete via.
[INFO DRT-0028]   Complete met2.
[INFO DRT-0028]   Complete via2.
[INFO DRT-0028]   Complete met3.
[INFO DRT-0028]   Complete via3.
[INFO DRT-0028]   Complete met4.
[INFO DRT-0028]   Complete via4.
[INFO DRT-0028]   Complete met5.
[INFO DRT-0178] Init guide query.
[INFO DRT-0035]   Complete FR_MASTERSLICE (guide).
[INFO DRT-0035]   Complete Fr_VIA (guide).
[INFO DRT-0035]   Complete li1 (guide).
[INFO DRT-0035]   Complete mcon (guide).
[INFO DRT-0035]   Complete met1 (guide).
[INFO DRT-0035]   Complete via (guide).
[INFO DRT-0035]   Complete met2 (guide).
[INFO DRT-0035]   Complete via2 (guide).
[INFO DRT-0035]   Complete met3 (guide).
[INFO DRT-0035]   Complete via3 (guide).
[INFO DRT-0035]   Complete met4 (guide).
[INFO DRT-0035]   Complete via4 (guide).
[INFO DRT-0035]   Complete met5 (guide).
[INFO DRT-0036] FR_MASTERSLICE guide region query size = 0.
[INFO DRT-0036] FR_VIA guide region query size = 0.
[INFO DRT-0036] li1 guide region query size = 85678.
[INFO DRT-0036] mcon guide region query size = 0.
[INFO DRT-0036] met1 guide region query size = 76971.
[INFO DRT-0036] via guide region query size = 0.
[INFO DRT-0036] met2 guide region query size = 42216.
[INFO DRT-0036] via2 guide region query size = 0.
[INFO DRT-0036] met3 guide region query size = 7079.
[INFO DRT-0036] via3 guide region query size = 0.
[INFO DRT-0036] met4 guide region query size = 2872.
[INFO DRT-0036] via4 guide region query size = 0.
[INFO DRT-0036] met5 guide region query size = 106.
[INFO DRT-0179] Init gr pin query.
[INFO DRT-0267] cpu time = 00:00:01, elapsed time = 00:00:00, memory = 6198.08 (MB), peak = 8063.43 (MB)
[INFO DRT-0245] skipped writing guide updates to database.
[INFO DRT-0181] Start track assignment.
[INFO DRT-0184] Done with 130766 vertical wires in 2 frboxes and 84156 horizontal wires in 2 frboxes.
[INFO DRT-0186] Done with 22214 vertical wires in 2 frboxes and 28336 horizontal wires in 2 frboxes.
[INFO DRT-0182] Complete track assignment.
[INFO DRT-0267] cpu time = 00:00:09, elapsed time = 00:00:04, memory = 6235.58 (MB), peak = 8063.43 (MB)
[INFO DRT-0187] Start routing data preparation.
[INFO DRT-0267] cpu time = 00:00:00, elapsed time = 00:00:00, memory = 6235.58 (MB), peak = 8063.43 (MB)
[INFO DRT-0194] Start detail routing.
[INFO DRT-0195] Start 0th optimization iteration.
    Completing 10% with 0 violations.
    elapsed time = 00:00:00, memory = 6829.91 (MB).
    Completing 20% with 0 violations.
    elapsed time = 00:00:01, memory = 6689.95 (MB).
    Completing 30% with 177 violations.
    elapsed time = 00:00:02, memory = 6719.75 (MB).
    Completing 40% with 177 violations.
    elapsed time = 00:00:03, memory = 6823.59 (MB).
    Completing 50% with 177 violations.
    elapsed time = 00:00:03, memory = 6521.40 (MB).
    Completing 60% with 255 violations.
    elapsed time = 00:00:05, memory = 6749.85 (MB).
    Completing 70% with 255 violations.
    elapsed time = 00:00:05, memory = 6691.07 (MB).
    Completing 80% with 384 violations.
    elapsed time = 00:00:08, memory = 6734.50 (MB).
    Completing 90% with 384 violations.
    elapsed time = 00:00:08, memory = 6673.80 (MB).
    Completing 100% with 453 violations.
    elapsed time = 00:00:09, memory = 6226.12 (MB).
[INFO DRT-0199]   Number of violations = 502.
Viol/Layer        met1   met2   met3   met4   met5
Metal Spacing       39     19      8      2      0
Recheck             13     23      9      3      1
Short              191    162     19     12      1
[INFO DRT-0267] cpu time = 00:02:36, elapsed time = 00:00:09, memory = 6226.12 (MB), peak = 8063.43 (MB)
Total wire length = 1353644 um.
Total wire length on LAYER li1 = 0 um.
Total wire length on LAYER met1 = 445135 um.
Total wire length on LAYER met2 = 534948 um.
Total wire length on LAYER met3 = 222762 um.
Total wire length on LAYER met4 = 146667 um.
Total wire length on LAYER met5 = 4130 um.
Total number of vias = 261771.
Up-via summary (total 261771):

-------------------------
 FR_MASTERSLICE         0
            li1    108756
           met1    125939
           met2     20366
           met3      6556
           met4       154
-------------------------
               261771


[INFO DRT-0195] Start 1st optimization iteration.
    Completing 10% with 502 violations.
    elapsed time = 00:00:00, memory = 6833.68 (MB).
    Completing 20% with 502 violations.
    elapsed time = 00:00:01, memory = 6718.64 (MB).
    Completing 30% with 390 violations.
    elapsed time = 00:00:02, memory = 6591.95 (MB).
    Completing 40% with 390 violations.
    elapsed time = 00:00:02, memory = 6736.10 (MB).
    Completing 50% with 390 violations.
    elapsed time = 00:00:03, memory = 6373.85 (MB).
    Completing 60% with 277 violations.
    elapsed time = 00:00:04, memory = 6705.36 (MB).
    Completing 70% with 277 violations.
    elapsed time = 00:00:05, memory = 6502.89 (MB).
    Completing 80% with 167 violations.
    elapsed time = 00:00:06, memory = 6884.11 (MB).
    Completing 90% with 167 violations.
    elapsed time = 00:00:07, memory = 6792.41 (MB).
    Completing 100% with 141 violations.
    elapsed time = 00:00:08, memory = 6195.03 (MB).
[INFO DRT-0199]   Number of violations = 141.
Viol/Layer        met1   met2   met4
Metal Spacing       24     20      0
Short               58     38      1
[INFO DRT-0267] cpu time = 00:02:28, elapsed time = 00:00:08, memory = 6195.03 (MB), peak = 8063.43 (MB)
Total wire length = 1353558 um.
Total wire length on LAYER li1 = 0 um.
Total wire length on LAYER met1 = 445064 um.
Total wire length on LAYER met2 = 534891 um.
Total wire length on LAYER met3 = 222755 um.
Total wire length on LAYER met4 = 146701 um.
Total wire length on LAYER met5 = 4146 um.
Total number of vias = 261768.
Up-via summary (total 261768):

-------------------------
 FR_MASTERSLICE         0
            li1    108758
           met1    125933
           met2     20366
           met3      6557
           met4       154
-------------------------
               261768


[INFO DRT-0195] Start 2nd optimization iteration.
    Completing 10% with 141 violations.
    elapsed time = 00:00:00, memory = 6195.03 (MB).
    Completing 20% with 141 violations.
    elapsed time = 00:00:00, memory = 6195.03 (MB).
    Completing 30% with 134 violations.
    elapsed time = 00:00:00, memory = 6225.38 (MB).
    Completing 40% with 134 violations.
    elapsed time = 00:00:00, memory = 6225.38 (MB).
    Completing 50% with 134 violations.
    elapsed time = 00:00:00, memory = 6225.38 (MB).
    Completing 60% with 151 violations.
    elapsed time = 00:00:02, memory = 6225.38 (MB).
    Completing 70% with 151 violations.
    elapsed time = 00:00:02, memory = 6225.38 (MB).
    Completing 80% with 145 violations.
    elapsed time = 00:00:03, memory = 6225.38 (MB).
    Completing 90% with 145 violations.
    elapsed time = 00:00:03, memory = 6225.38 (MB).
    Completing 100% with 142 violations.
    elapsed time = 00:00:04, memory = 6226.74 (MB).
[INFO DRT-0199]   Number of violations = 142.
Viol/Layer        met1   met2
Metal Spacing       28     11
Short               67     36
[INFO DRT-0267] cpu time = 00:00:15, elapsed time = 00:00:04, memory = 6226.74 (MB), peak = 8063.43 (MB)
Total wire length = 1353522 um.
Total wire length on LAYER li1 = 0 um.
Total wire length on LAYER met1 = 445019 um.
Total wire length on LAYER met2 = 534854 um.
Total wire length on LAYER met3 = 222777 um.
Total wire length on LAYER met4 = 146727 um.
Total wire length on LAYER met5 = 4143 um.
Total number of vias = 261754.
Up-via summary (total 261754):

-------------------------
 FR_MASTERSLICE         0
            li1    108758
           met1    125910
           met2     20370
           met3      6562
           met4       154
-------------------------
               261754


[INFO DRT-0195] Start 3rd optimization iteration.
    Completing 10% with 142 violations.
    elapsed time = 00:00:00, memory = 6226.74 (MB).
    Completing 20% with 142 violations.
    elapsed time = 00:00:00, memory = 6226.74 (MB).
    Completing 30% with 127 violations.
    elapsed time = 00:00:05, memory = 6226.74 (MB).
    Completing 40% with 127 violations.
    elapsed time = 00:00:05, memory = 6226.74 (MB).
    Completing 50% with 127 violations.
    elapsed time = 00:00:05, memory = 6226.74 (MB).
    Completing 60% with 122 violations.
    elapsed time = 00:00:06, memory = 6226.74 (MB).
    Completing 70% with 122 violations.
    elapsed time = 00:00:06, memory = 6226.74 (MB).
    Completing 80% with 75 violations.
    elapsed time = 00:00:08, memory = 6226.74 (MB).
    Completing 90% with 75 violations.
    elapsed time = 00:00:08, memory = 6226.74 (MB).
    Completing 100% with 51 violations.
    elapsed time = 00:00:11, memory = 6226.74 (MB).
[INFO DRT-0199]   Number of violations = 51.
Viol/Layer        mcon   met1   met2
Cut Spacing          1      0      0
Metal Spacing        0     16      5
Short                0     21      8
[INFO DRT-0267] cpu time = 00:00:25, elapsed time = 00:00:11, memory = 6226.74 (MB), peak = 8063.43 (MB)
Total wire length = 1353582 um.
Total wire length on LAYER li1 = 0 um.
Total wire length on LAYER met1 = 444960 um.
Total wire length on LAYER met2 = 534665 um.
Total wire length on LAYER met3 = 222868 um.
Total wire length on LAYER met4 = 146944 um.
Total wire length on LAYER met5 = 4143 um.
Total number of vias = 261800.
Up-via summary (total 261800):

-------------------------
 FR_MASTERSLICE         0
            li1    108756
           met1    125922
           met2     20387
           met3      6581
           met4       154
-------------------------
               261800


[INFO DRT-0195] Start 4th guides tiles iteration.
    Completing 10% with 51 violations.
    elapsed time = 00:00:00, memory = 6226.74 (MB).
    Completing 20% with 51 violations.
    elapsed time = 00:00:00, memory = 6226.74 (MB).
    Completing 30% with 51 violations.
    elapsed time = 00:00:00, memory = 6226.74 (MB).
    Completing 40% with 51 violations.
    elapsed time = 00:00:03, memory = 6226.74 (MB).
    Completing 50% with 33 violations.
    elapsed time = 00:00:03, memory = 6226.74 (MB).
    Completing 60% with 33 violations.
    elapsed time = 00:00:03, memory = 6226.74 (MB).
    Completing 70% with 33 violations.
    elapsed time = 00:00:03, memory = 6226.74 (MB).
    Completing 80% with 33 violations.
    elapsed time = 00:00:03, memory = 6226.74 (MB).
    Completing 100% with 4 violations.
    elapsed time = 00:00:03, memory = 6226.74 (MB).
[INFO DRT-0199]   Number of violations = 4.
Viol/Layer        met1
Metal Spacing        2
Short                2
[INFO DRT-0267] cpu time = 00:00:06, elapsed time = 00:00:03, memory = 6226.74 (MB), peak = 8063.43 (MB)
Total wire length = 1353588 um.
Total wire length on LAYER li1 = 0 um.
Total wire length on LAYER met1 = 444853 um.
Total wire length on LAYER met2 = 534659 um.
Total wire length on LAYER met3 = 222982 um.
Total wire length on LAYER met4 = 146948 um.
Total wire length on LAYER met5 = 4143 um.
Total number of vias = 261820.
Up-via summary (total 261820):

-------------------------
 FR_MASTERSLICE         0
            li1    108757
           met1    125937
           met2     20395
           met3      6577
           met4       154
-------------------------
               261820


[INFO DRT-0195] Start 5th guides tiles iteration.
    Completing 50% with 4 violations.
    elapsed time = 00:00:00, memory = 6226.74 (MB).
    Completing 100% with 4 violations.
    elapsed time = 00:00:01, memory = 6226.74 (MB).
[INFO DRT-0199]   Number of violations = 4.
Viol/Layer        met1
Metal Spacing        2
Short                2
[INFO DRT-0267] cpu time = 00:00:01, elapsed time = 00:00:01, memory = 6226.74 (MB), peak = 8063.43 (MB)
Total wire length = 1353588 um.
Total wire length on LAYER li1 = 0 um.
Total wire length on LAYER met1 = 444853 um.
Total wire length on LAYER met2 = 534659 um.
Total wire length on LAYER met3 = 222982 um.
Total wire length on LAYER met4 = 146948 um.
Total wire length on LAYER met5 = 4143 um.
Total number of vias = 261820.
Up-via summary (total 261820):

-------------------------
 FR_MASTERSLICE         0
            li1    108757
           met1    125937
           met2     20395
           met3      6577
           met4       154
-------------------------
               261820


[INFO DRT-0195] Start 6th stubborn tiles iteration.
    Completing 10% with 4 violations.
    elapsed time = 00:00:00, memory = 7206.73 (MB).
    Completing 20% with 4 violations.
    elapsed time = 00:00:01, memory = 7164.75 (MB).
    Completing 30% with 4 violations.
    elapsed time = 00:00:02, memory = 7150.79 (MB).
    Completing 40% with 4 violations.
    elapsed time = 00:00:03, memory = 6966.89 (MB).
    Completing 50% with 4 violations.
    elapsed time = 00:00:05, memory = 6920.27 (MB).
    Completing 60% with 4 violations.
    elapsed time = 00:00:07, memory = 6830.96 (MB).
    Completing 70% with 4 violations.
    elapsed time = 00:00:09, memory = 6694.31 (MB).
    Completing 80% with 4 violations.
    elapsed time = 00:00:12, memory = 6595.21 (MB).
    Completing 90% with 4 violations.
    elapsed time = 00:00:18, memory = 6323.52 (MB).
    Completing 100% with 0 violations.
    elapsed time = 00:00:22, memory = 6226.74 (MB).
[INFO DRT-0199]   Number of violations = 0.
[INFO DRT-0267] cpu time = 00:05:05, elapsed time = 00:00:22, memory = 6226.74 (MB), peak = 8063.43 (MB)
Total wire length = 1353590 um.
Total wire length on LAYER li1 = 0 um.
Total wire length on LAYER met1 = 444854 um.
Total wire length on LAYER met2 = 534664 um.
Total wire length on LAYER met3 = 222981 um.
Total wire length on LAYER met4 = 146946 um.
Total wire length on LAYER met5 = 4143 um.
Total number of vias = 261815.
Up-via summary (total 261815):

-------------------------
 FR_MASTERSLICE         0
            li1    108756
           met1    125936
           met2     20394
           met3      6575
           met4       154
-------------------------
               261815


[INFO DRT-0198] Complete detail routing.
Total wire length = 1353590 um.
Total wire length on LAYER li1 = 0 um.
Total wire length on LAYER met1 = 444854 um.
Total wire length on LAYER met2 = 534664 um.
Total wire length on LAYER met3 = 222981 um.
Total wire length on LAYER met4 = 146946 um.
Total wire length on LAYER met5 = 4143 um.
Total number of vias = 261815.
Up-via summary (total 261815):

-------------------------
 FR_MASTERSLICE         0
            li1    108756
           met1    125936
           met2     20394
           met3      6575
           met4       154
-------------------------
               261815


[INFO DRT-0267] cpu time = 00:10:59, elapsed time = 00:01:02, memory = 6226.74 (MB), peak = 8063.43 (MB)

[INFO DRT-0180] Post processing.
[INFO DRT-0501] Runtime: 85.62s
[INFO ANT-0002] Found 0 net violations.
[INFO ANT-0001] Found 0 pin violations.
[INFO ANT-0002] Found 0 net violations.
[INFO ANT-0001] Found 0 pin violations.
Design area 277641 um^2 58% utilization.
write_db /work/results/sky130hd/m7_j2/final_dd7fe6/5_2_route.odb
Elapsed time: 20:50.16[h:]min:sec. CPU time: user 15661.71 sys 60.37 (1257%). Peak memory: 8256948KB.
Log                       Ext     Elapsed/s Peak Memory/MB sha1sum result [0:20)
5_2_route                 .odb         1250           8063 d941b4aeacc043f1b9dd
/OpenROAD-flow-scripts/flow/scripts/flow.sh 5_3_fillcell fillcell
Running fillcell.tcl, stage 5_3_fillcell
read_liberty /OpenROAD-flow-scripts/flow/platforms/sky130hd/lib/sky130_fd_sc_hd__tt_025C_1v80.lib
read_db -hier /work/results/sky130hd/m7_j2/final_dd7fe6/5_2_route.odb
[WARNING ORD-0012] Hierarchical flow (-hier) is currently in development and may cause multiple issues. Do not use in production environments.
read_sdc /work/results/sky130hd/m7_j2/final_dd7fe6/5_1_grt.sdc
source /OpenROAD-flow-scripts/flow/platforms/sky130hd/setRC.tcl
[WARNING STA-0450] virtual clock vclk_core_clock can not be propagated.
filler_placement "sky130_fd_sc_hd__fill_1 sky130_fd_sc_hd__fill_2 sky130_fd_sc_hd__fill_4 sky130_fd_sc_hd__fill_8"
[INFO DPL-0001] Placed 42087 filler instances.
Design area 277641 um^2 58% utilization.
write_db /work/results/sky130hd/m7_j2/final_dd7fe6/5_3_fillcell.odb
Elapsed time: 0:00.84[h:]min:sec. CPU time: user 0.70 sys 0.13 (99%). Peak memory: 302324KB.
Log                       Ext     Elapsed/s Peak Memory/MB sha1sum result [0:20)
5_3_fillcell              .odb            0            295 76894f34c9fb9f96b146
cp /work/results/sky130hd/m7_j2/final_dd7fe6/5_3_fillcell.odb /work/results/sky130hd/m7_j2/final_dd7fe6/5_route.odb
cp /work/results/sky130hd/m7_j2/final_dd7fe6/5_1_grt.sdc /work/results/sky130hd/m7_j2/final_dd7fe6/5_route.sdc
/OpenROAD-flow-scripts/flow/scripts/flow.sh 6_1_fill density_fill
Running density_fill.tcl, stage 6_1_fill
read_liberty /OpenROAD-flow-scripts/flow/platforms/sky130hd/lib/sky130_fd_sc_hd__tt_025C_1v80.lib
read_db -hier /work/results/sky130hd/m7_j2/final_dd7fe6/5_route.odb
[WARNING ORD-0012] Hierarchical flow (-hier) is currently in development and may cause multiple issues. Do not use in production environments.
read_sdc /work/results/sky130hd/m7_j2/final_dd7fe6/5_route.sdc
source /OpenROAD-flow-scripts/flow/platforms/sky130hd/setRC.tcl
exec cp /work/results/sky130hd/m7_j2/final_dd7fe6/5_route.odb /work/results/sky130hd/m7_j2/final_dd7fe6/6_1_fill.odb
Elapsed time: 0:00.47[h:]min:sec. CPU time: user 0.37 sys 0.10 (99%). Peak memory: 245672KB.
Log                       Ext     Elapsed/s Peak Memory/MB sha1sum result [0:20)
6_1_fill                  .odb            0            239 76894f34c9fb9f96b146
cp /work/results/sky130hd/m7_j2/final_dd7fe6/5_route.sdc /work/results/sky130hd/m7_j2/final_dd7fe6/6_1_fill.sdc
/OpenROAD-flow-scripts/flow/scripts/flow.sh 6_report final_report
Running final_report.tcl, stage 6_report
read_liberty /OpenROAD-flow-scripts/flow/platforms/sky130hd/lib/sky130_fd_sc_hd__tt_025C_1v80.lib
read_db -hier /work/results/sky130hd/m7_j2/final_dd7fe6/6_1_fill.odb
[WARNING ORD-0012] Hierarchical flow (-hier) is currently in development and may cause multiple issues. Do not use in production environments.
read_sdc /work/results/sky130hd/m7_j2/final_dd7fe6/6_1_fill.sdc
source /OpenROAD-flow-scripts/flow/platforms/sky130hd/setRC.tcl
[WARNING STA-0450] virtual clock vclk_core_clock can not be propagated.
write_db /work/results/sky130hd/m7_j2/final_dd7fe6/6_final.odb
write_sdc -no_timestamp /work/results/sky130hd/m7_j2/final_dd7fe6/6_final.sdc
Deleted 0 routing obstructions
Warning: master sky130_ef_sc_hd__decap_12 has signal pins but no liberty cell
[INFO RCX-0431] Defined process_corner X with ext_model_index 0
[INFO RCX-0029] Defined extraction corner X
[WARNING RCX-0514] The ext_model_file option is deprecated. Use set_extraction_rules_file command instead.
[INFO RCX-0435] Reading extraction model file /OpenROAD-flow-scripts/flow/platforms/sky130hd/rcx_patterns.rules ...
[INFO RCX-0436] RC segment generation m7_ppa_j2_top (max_merge_res 50.0) ...
[INFO RCX-0040] Final 139946 rc segments
[INFO RCX-0439] Coupling Cap extraction m7_ppa_j2_top ...
[INFO RCX-0440] Coupling threshhold is 0.1000 fF, coupling capacitance less than 0.1000 fF will be grounded.
[INFO RCX-0442] 52% of 301435 wires extracted
[INFO RCX-0442] 100% of 301435 wires extracted
[INFO RCX-0045] Extract 30520 nets, 170426 rsegs, 170426 caps, 378119 ccs
[INFO RCX-0443] 30520 nets finished
[INFO PSM-0040] All shapes on net VDD are connected.
########## IR report #################
Net              : VDD
Corner           : default
Total power      : 7.05e-02 W
Supply voltage   : 1.80e+00 V
Worstcase voltage: 1.80e+00 V
Average voltage  : 1.80e+00 V
Average IR drop  : 3.05e-05 V
Worstcase IR drop: 1.49e-03 V
Percentage drop  : 0.08 %
######################################
[INFO PSM-0040] All shapes on net VSS are connected.
########## IR report #################
Net              : VSS
Corner           : default
Total power      : 7.05e-02 W
Supply voltage   : 0.00e+00 V
Worstcase voltage: 1.17e-03 V
Average voltage  : 2.88e-05 V
Average IR drop  : 2.88e-05 V
Worstcase IR drop: 1.17e-03 V
Percentage drop  : 0.06 %
######################################
Cell type report:                       Count       Area
  Fill cell                             42087  201926.16
  Tap cell                               6400    8007.68
  Antenna cell                            210     525.50
  Clock buffer                            343    8259.17
  Timing Repair Buffer                   1481   12284.28
  Inverter                                472    1779.21
  Clock inverter                          249    3185.56
  Sequential cell                        2885   74287.50
  Multi-Input combinational cell        25165  169312.38
  Total                                 79292  479567.44
Report metrics stage 6, finish...

==========================================================================
finish report_design_area
--------------------------------------------------------------------------
Design area 277641 um^2 58% utilization.
[WARNING GUI-0076] QStandardPaths: XDG_RUNTIME_DIR not set, defaulting to '/tmp/runtime-'
Elapsed time: 0:18.66[h:]min:sec. CPU time: user 36.07 sys 9.39 (243%). Peak memory: 812492KB.
Log                       Ext     Elapsed/s Peak Memory/MB sha1sum result [0:20)
6_report                                 18            793                  N/A
cp /OpenROAD-flow-scripts/flow/platforms/sky130hd/lef/sky130_fd_sc_hd.tlef /work/objects/sky130hd/m7_j2/final_dd7fe6/klayout_tech.lef
/usr/bin/python3 /OpenROAD-flow-scripts/flow/util/generate_klayout_tech.py \
	--template /OpenROAD-flow-scripts/flow/platforms/sky130hd/sky130hd.lyt \
	--output /work/objects/sky130hd/m7_j2/final_dd7fe6/klayout.lyt \
	--lef-files /work/objects/sky130hd/m7_j2/final_dd7fe6/klayout_tech.lef /OpenROAD-flow-scripts/flow/platforms/sky130hd/lef/sky130_fd_sc_hd_merged.lef   \
	--map-files 
/usr/bin/python3 /OpenROAD-flow-scripts/flow/scripts/run_command.py --log /work/logs/sky130hd/m7_j2/final_dd7fe6/6_1_merge.log --tee -- \
        /OpenROAD-flow-scripts/flow/scripts/klayout.sh -zz -rd design_name=m7_ppa_j2_top \
        -rd in_def=/work/results/sky130hd/m7_j2/final_dd7fe6/6_final.def \
        -rd in_files="/OpenROAD-flow-scripts/flow/platforms/sky130hd/gds/sky130_fd_sc_hd.gds  " \
        -rd seal_file="" \
        -rd out_file=/work/results/sky130hd/m7_j2/final_dd7fe6/6_1_merged.gds \
        -rd tech_file=/work/objects/sky130hd/m7_j2/final_dd7fe6/klayout.lyt \
        -rd layer_map= \
        -r /OpenROAD-flow-scripts/flow/util/def2stream.py
KLayout 0.30.7
[INFO] Reporting cells prior to loading DEF ...
	/OpenROAD-flow-scripts/flow/platforms/sky130hd/gds/sky130_fd_sc_hd.gds
[INFO] All LEF cells have matching GDS/OAS cells
[INFO] No orphan cells in the final layout
Elapsed time: 0:02.25[h:]min:sec. CPU time: user 1.94 sys 0.19 (94%). Peak memory: 594060KB.
cp /work/results/sky130hd/m7_j2/final_dd7fe6/6_1_merged.gds /work/results/sky130hd/m7_j2/final_dd7fe6/6_final.gds
/work/logs/sky130hd/m7_j2/final_dd7fe6
Log                       Ext     Elapsed/s Peak Memory/MB sha1sum result [0:20)
1_1_yosys_canonicalize    .rtlil          0             74 d338fcd777ac2cba30e0
1_2_yosys                 .v             53            282 ec8196e34fc2202d901d
1_2_yosys                 .sdc                             a56667f6ad0d463e0909
1_synth                   .odb            1            204 bfa86b775a9d149c5a71
1_synth                   .sdc                             18625a46dca3efa72ee5
2_1_floorplan             .odb            5            254 1c9aba2eecdd37ecd303
2_1_floorplan             .sdc                             18625a46dca3efa72ee5
2_2_floorplan_macro       .odb            0            185 1c9aba2eecdd37ecd303
2_3_floorplan_tapcell     .odb            0            172 cf5bddecf1a7dd7a9c3c
2_4_floorplan_pdn         .odb            0            210 47cf9a6d9880fc4bf9ca
3_1_place_gp_skip_io      .odb           33            231 6bc4de3afca8ce518ccb
3_2_place_iop             .odb            0            195 95395544f6eac1918c06
3_3_place_gp              .odb          252            619 743f13957cc68148b473
3_4_place_resized         .odb           11            297 82354dcfd1655263c4d8
3_5_place_dp              .odb           14            336 6375c6412405d63c3628
4_1_cts                   .odb           11            386 b3e13a05208046d1c47e
5_1_grt                   .odb           43           1063 d67bb68b46a11c9c2436
5_1_grt                   .sdc                             5dd147e8039c9959d288
5_2_route                 .odb         1250           8063 d941b4aeacc043f1b9dd
5_3_fillcell              .odb            0            295 76894f34c9fb9f96b146
6_1_fill                  .odb            0            239 76894f34c9fb9f96b146
6_1_fill                  .sdc                             5dd147e8039c9959d288
6_1_merge                                 2            580                  N/A
6_report                                 18            793                  N/A
Total                                  1693           8063                     
END_UTC=2026-09-24T05:37:44Z
ELAPSED_SEC=1710
EXIT_CODE=0
