START_UTC=2026-08-13T06:33:46Z
VARIANT=J0
DESIGN_CONFIG=/repo/m7/ppa/orfs/sky130hd/m7_j0/config.mk
LEC_CHECK=0
CLOCK_PERIOD=9.0
FLOW_VARIANT=p9p0
ORFS_IMAGE=openroad/orfs@sha256:817b608c69a71fafc7b61baec11b4dc073fb8efb9d2714f9bd3316db4beba277
FLOW=/home/mmr/ricv_paper/third_party/OpenROAD-flow-scripts/flow
OPENROAD: /OpenROAD-flow-scripts/tools/OpenROAD
mkdir -p /work/results/sky130hd/m7_j0/p9p0/
echo 9.0 > /work/results/sky130hd/m7_j0/p9p0/clock_period.txt
/OpenROAD-flow-scripts/flow/scripts/synth.sh /OpenROAD-flow-scripts/flow/scripts/synth_canonicalize.tcl /work/logs/sky130hd/m7_j0/p9p0/1_1_yosys_canonicalize.log
Using ABC speed script.
Extracting clock period from SDC file: /work/results/sky130hd/m7_j0/p9p0/clock_period.txt
Setting clock period to 9.0
1. Executing Liberty frontend: /OpenROAD-flow-scripts/flow/platforms/sky130hd/lib/sky130_fd_sc_hd__tt_025C_1v80.lib
2. Executing Liberty frontend: /OpenROAD-flow-scripts/flow/platforms/sky130hd/lib/sky130_fd_sc_hd__tt_025C_1v80.lib
3. Executing SLANG frontend.
3.1. Executing PROC_CLEAN pass (remove empty switches from decision trees).
3.2. Executing TRIBUF pass.
3.3. Executing PROC_RMDEAD pass (remove dead branches from decision trees).
3.4. Executing PROC_PRUNE pass (remove redundant assignments in processes).
3.5. Executing PROC_INIT pass (extract init attributes).
3.6. Executing PROC_ROM pass (convert switches to ROMs).
3.7. Executing PROC_MUX pass (convert decision trees to multiplexers).
3.8. Executing PROC_CLEAN pass (remove empty switches from decision trees).
3.9. Executing OPT_EXPR pass (perform const folding).
4. Executing HIERARCHY pass (managing design hierarchy).
4.1. Analyzing design hierarchy..
4.2. Analyzing design hierarchy..
5. Executing OPT_CLEAN pass (remove unused cells and wires).
6. Executing RTLIL backend.
End of script. Logfile hash: 9bc2ddeb48, time: 0.27s, user: 0.26s, system: 0.04s, MEM: 67.68 MB peak
Yosys 0.68+post (git sha1 UNKNOWN, Release, GNU /usr/local/bin/wrapped-cc/g++ 11.4.0)
Time spent: 35% 2x read_slang (0 sec), 24% 4x read_liberty (0 sec), ...
Elapsed time: 0:00.28[h:]min:sec. CPU time: user 0.27 sys 0.04 (115%). Peak memory: 69304KB.
Log                       Ext     Elapsed/s Peak Memory/MB sha1sum result [0:20)
1_1_yosys_canonicalize    .rtlil          0             67 d87f39cd98abab28321b
/OpenROAD-flow-scripts/flow/scripts/synth.sh /OpenROAD-flow-scripts/flow/scripts/synth.tcl /work/logs/sky130hd/m7_j0/p9p0/1_2_yosys.log
Using ABC speed script.
Extracting clock period from SDC file: /work/results/sky130hd/m7_j0/p9p0/clock_period.txt
Setting clock period to 9.0
1. Executing RTLIL frontend.
2. Executing HIERARCHY pass (managing design hierarchy).
2.1. Analyzing design hierarchy..
2.2. Analyzing design hierarchy..
3. Executing SYNTH pass.
3.1. Executing HIERARCHY pass (managing design hierarchy).
3.1.1. Analyzing design hierarchy..
3.1.2. Analyzing design hierarchy..
3.2. Executing PROC pass (convert processes to netlists).
3.2.1. Executing PROC_CLEAN pass (remove empty switches from decision trees).
3.2.2. Executing PROC_RMDEAD pass (remove dead branches from decision trees).
3.2.3. Executing PROC_PRUNE pass (remove redundant assignments in processes).
3.2.4. Executing PROC_INIT pass (extract init attributes).
3.2.5. Executing PROC_ARST pass (detect async resets in processes).
3.2.6. Executing PROC_ROM pass (convert switches to ROMs).
3.2.7. Executing PROC_MUX pass (convert decision trees to multiplexers).
3.2.8. Executing PROC_DLATCH pass (convert process syncs to latches).
3.2.9. Executing PROC_DFF pass (convert process syncs to FFs).
3.2.10. Executing PROC_MEMWR pass (convert process memory writes to cells).
3.2.11. Executing PROC_CLEAN pass (remove empty switches from decision trees).
3.2.12. Executing OPT_EXPR pass (perform const folding).
3.3. Executing CHECK pass (checking for obvious problems).
3.4. Executing FLATTEN pass (flatten design).
3.5. Executing OPT_EXPR pass (perform const folding).
3.6. Executing OPT_CLEAN pass (remove unused cells and wires).
3.7. Executing CHECK pass (checking for obvious problems).
3.8. Executing OPT pass (performing simple optimizations).
3.8.1. Executing OPT_EXPR pass (perform const folding).
3.8.2. Executing OPT_MERGE pass (detect identical cells).
3.8.3. Executing OPT_MUXTREE pass (detect dead branches in mux trees).
3.8.4. Executing OPT_REDUCE pass (consolidate $*mux and $reduce_* inputs).
3.8.5. Executing OPT_MERGE pass (detect identical cells).
3.8.6. Executing OPT_DFF pass (perform DFF optimizations).
3.8.7. Executing OPT_CLEAN pass (remove unused cells and wires).
3.8.8. Executing OPT_EXPR pass (perform const folding).
3.8.9. Rerunning OPT passes. (Maybe there is more to do..)
3.8.10. Executing OPT_MUXTREE pass (detect dead branches in mux trees).
3.8.11. Executing OPT_REDUCE pass (consolidate $*mux and $reduce_* inputs).
3.8.12. Executing OPT_MERGE pass (detect identical cells).
3.8.13. Executing OPT_DFF pass (perform DFF optimizations).
3.8.14. Executing OPT_CLEAN pass (remove unused cells and wires).
3.8.15. Executing OPT_EXPR pass (perform const folding).
3.8.16. Rerunning OPT passes. (Maybe there is more to do..)
3.8.17. Executing OPT_MUXTREE pass (detect dead branches in mux trees).
3.8.18. Executing OPT_REDUCE pass (consolidate $*mux and $reduce_* inputs).
3.8.19. Executing OPT_MERGE pass (detect identical cells).
3.8.20. Executing OPT_DFF pass (perform DFF optimizations).
3.8.21. Executing OPT_CLEAN pass (remove unused cells and wires).
3.8.22. Executing OPT_EXPR pass (perform const folding).
3.8.23. Finished fast OPT passes. (There is nothing left to do.)
3.9. Executing FSM pass (extract and optimize FSM).
3.9.1. Executing FSM_DETECT pass (finding FSMs in design).
3.9.2. Executing FSM_EXTRACT pass (extracting FSM from design).
3.9.3. Executing FSM_OPT pass (simple optimizations of FSMs).
3.9.4. Executing OPT_CLEAN pass (remove unused cells and wires).
3.9.5. Executing FSM_OPT pass (simple optimizations of FSMs).
3.9.6. Executing FSM_RECODE pass (re-assigning FSM state encoding).
3.9.7. Executing FSM_INFO pass (dumping all available information on FSM cells).
3.9.8. Executing FSM_MAP pass (mapping FSMs to basic logic).
3.10. Executing OPT pass (performing simple optimizations).
3.10.1. Executing OPT_EXPR pass (perform const folding).
3.10.2. Executing OPT_MERGE pass (detect identical cells).
3.10.3. Executing OPT_MUXTREE pass (detect dead branches in mux trees).
3.10.4. Executing OPT_REDUCE pass (consolidate $*mux and $reduce_* inputs).
3.10.5. Executing OPT_MERGE pass (detect identical cells).
3.10.6. Executing OPT_DFF pass (perform DFF optimizations).
3.10.7. Executing OPT_CLEAN pass (remove unused cells and wires).
3.10.8. Executing OPT_EXPR pass (perform const folding).
3.10.9. Rerunning OPT passes. (Maybe there is more to do..)
3.10.10. Executing OPT_MUXTREE pass (detect dead branches in mux trees).
3.10.11. Executing OPT_REDUCE pass (consolidate $*mux and $reduce_* inputs).
3.10.12. Executing OPT_MERGE pass (detect identical cells).
3.10.13. Executing OPT_DFF pass (perform DFF optimizations).
3.10.14. Executing OPT_CLEAN pass (remove unused cells and wires).
3.10.15. Executing OPT_EXPR pass (perform const folding).
3.10.16. Rerunning OPT passes. (Maybe there is more to do..)
3.10.17. Executing OPT_MUXTREE pass (detect dead branches in mux trees).
3.10.18. Executing OPT_REDUCE pass (consolidate $*mux and $reduce_* inputs).
3.10.19. Executing OPT_MERGE pass (detect identical cells).
3.10.20. Executing OPT_DFF pass (perform DFF optimizations).
3.10.21. Executing OPT_CLEAN pass (remove unused cells and wires).
3.10.22. Executing OPT_EXPR pass (perform const folding).
3.10.23. Rerunning OPT passes. (Maybe there is more to do..)
3.10.24. Executing OPT_MUXTREE pass (detect dead branches in mux trees).
3.10.25. Executing OPT_REDUCE pass (consolidate $*mux and $reduce_* inputs).
3.10.26. Executing OPT_MERGE pass (detect identical cells).
3.10.27. Executing OPT_DFF pass (perform DFF optimizations).
3.10.28. Executing OPT_CLEAN pass (remove unused cells and wires).
3.10.29. Executing OPT_EXPR pass (perform const folding).
3.10.30. Rerunning OPT passes. (Maybe there is more to do..)
3.10.31. Executing OPT_MUXTREE pass (detect dead branches in mux trees).
3.10.32. Executing OPT_REDUCE pass (consolidate $*mux and $reduce_* inputs).
3.10.33. Executing OPT_MERGE pass (detect identical cells).
3.10.34. Executing OPT_DFF pass (perform DFF optimizations).
3.10.35. Executing OPT_CLEAN pass (remove unused cells and wires).
3.10.36. Executing OPT_EXPR pass (perform const folding).
3.10.37. Rerunning OPT passes. (Maybe there is more to do..)
3.10.38. Executing OPT_MUXTREE pass (detect dead branches in mux trees).
3.10.39. Executing OPT_REDUCE pass (consolidate $*mux and $reduce_* inputs).
3.10.40. Executing OPT_MERGE pass (detect identical cells).
3.10.41. Executing OPT_DFF pass (perform DFF optimizations).
3.10.42. Executing OPT_CLEAN pass (remove unused cells and wires).
3.10.43. Executing OPT_EXPR pass (perform const folding).
3.10.44. Finished fast OPT passes. (There is nothing left to do.)
3.11. Executing WREDUCE pass (reducing word size of cells).
3.12. Executing PEEPOPT pass (run peephole optimizers).
3.13. Executing OPT_CLEAN pass (remove unused cells and wires).
3.14. Executing ALUMACC pass (create $alu and $macc cells).
3.15. Executing SHARE pass (SAT-based resource sharing).
3.16. Executing OPT pass (performing simple optimizations).
3.16.1. Executing OPT_EXPR pass (perform const folding).
3.16.2. Executing OPT_MERGE pass (detect identical cells).
3.16.3. Executing OPT_MUXTREE pass (detect dead branches in mux trees).
3.16.4. Executing OPT_REDUCE pass (consolidate $*mux and $reduce_* inputs).
3.16.5. Executing OPT_MERGE pass (detect identical cells).
3.16.6. Executing OPT_DFF pass (perform DFF optimizations).
3.16.7. Executing OPT_CLEAN pass (remove unused cells and wires).
3.16.8. Executing OPT_EXPR pass (perform const folding).
3.16.9. Rerunning OPT passes. (Maybe there is more to do..)
3.16.10. Executing OPT_MUXTREE pass (detect dead branches in mux trees).
3.16.11. Executing OPT_REDUCE pass (consolidate $*mux and $reduce_* inputs).
3.16.12. Executing OPT_MERGE pass (detect identical cells).
3.16.13. Executing OPT_DFF pass (perform DFF optimizations).
3.16.14. Executing OPT_CLEAN pass (remove unused cells and wires).
3.16.15. Executing OPT_EXPR pass (perform const folding).
3.16.16. Finished fast OPT passes. (There is nothing left to do.)
3.17. Executing MEMORY pass.
3.17.1. Executing OPT_MEM pass (optimize memories).
3.17.2. Executing OPT_MEM_PRIORITY pass (removing unnecessary memory write priority relations).
3.17.3. Executing OPT_MEM_FEEDBACK pass (finding memory read-to-write feedback paths).
3.17.4. Executing MEMORY_BMUX2ROM pass (converting muxes to ROMs).
3.17.5. Executing MEMORY_DFF pass (merging $dff cells to $memrd).
3.17.6. Executing OPT_CLEAN pass (remove unused cells and wires).
3.17.7. Executing MEMORY_SHARE pass (consolidating $memrd/$memwr cells).
3.17.8. Executing OPT_MEM_WIDEN pass (optimize memories where all ports are wide).
3.17.9. Executing OPT_CLEAN pass (remove unused cells and wires).
3.17.10. Executing MEMORY_COLLECT pass (generating $mem cells).
3.18. Executing OPT_CLEAN pass (remove unused cells and wires).
4. Executing TECHMAP pass (map to technology primitives).
4.1. Executing Verilog-2005 frontend: /OpenROAD-flow-scripts/tools/install/yosys/bin/../share/yosys/techmap.v
4.2. Continuing TECHMAP pass.
5. Generating architectural options for $alu
5.1. Executing WRAPCELL pass. (wrap selected cells)
5.2. Executing TECHMAP pass (map to technology primitives).
5.2.1. Executing Verilog-2005 frontend: /OpenROAD-flow-scripts/tools/install/yosys/bin/../share/yosys/techmap.v
5.2.2. Executing Verilog-2005 frontend: /OpenROAD-flow-scripts/tools/install/yosys/bin/../share/yosys/choices/han-carlson.v
5.2.3. Continuing TECHMAP pass.
Warning: Latch inferred for signal `$paramod\_80_lcu_han_carlson\WIDTH=32'00000000000000000000000000100010.\j [4:0]' from process `$paramod\_80_lcu_han_carlson\WIDTH=32'00000000000000000000000000100010.$proc$/OpenROAD-flow-scripts/tools/install/yosys/bin/../share/yosys/choices/han-carlson.v:18$64432': $auto$proc_dlatch.cc:545:proc_dlatch$65752
Warning: Latch inferred for signal `$paramod\_80_lcu_han_carlson\WIDTH=32'00000000000000000000000000100010.\j [31:5]' from process `$paramod\_80_lcu_han_carlson\WIDTH=32'00000000000000000000000000100010.$proc$/OpenROAD-flow-scripts/tools/install/yosys/bin/../share/yosys/choices/han-carlson.v:18$64432': $auto$proc_dlatch.cc:547:proc_dlatch$65755
Warning: Latch inferred for signal `$paramod\_80_lcu_han_carlson\WIDTH=32'00000000000000000000000000100001.\j [4:0]' from process `$paramod\_80_lcu_han_carlson\WIDTH=32'00000000000000000000000000100001.$proc$/OpenROAD-flow-scripts/tools/install/yosys/bin/../share/yosys/choices/han-carlson.v:18$66300': $auto$proc_dlatch.cc:545:proc_dlatch$67560
Warning: Latch inferred for signal `$paramod\_80_lcu_han_carlson\WIDTH=32'00000000000000000000000000100001.\j [31:5]' from process `$paramod\_80_lcu_han_carlson\WIDTH=32'00000000000000000000000000100001.$proc$/OpenROAD-flow-scripts/tools/install/yosys/bin/../share/yosys/choices/han-carlson.v:18$66300': $auto$proc_dlatch.cc:547:proc_dlatch$67563
5.3. Executing TECHMAP pass (map to technology primitives).
5.3.1. Executing Verilog-2005 frontend: /OpenROAD-flow-scripts/tools/install/yosys/bin/../share/yosys/techmap.v
5.3.2. Executing Verilog-2005 frontend: /OpenROAD-flow-scripts/tools/install/yosys/bin/../share/yosys/choices/kogge-stone.v
5.3.3. Continuing TECHMAP pass.
5.4. Executing TECHMAP pass (map to technology primitives).
5.4.1. Executing Verilog-2005 frontend: /OpenROAD-flow-scripts/tools/install/yosys/bin/../share/yosys/techmap.v
5.4.2. Executing Verilog-2005 frontend: /OpenROAD-flow-scripts/tools/install/yosys/bin/../share/yosys/choices/sklansky.v
5.4.3. Continuing TECHMAP pass.
5.5. Executing TECHMAP pass (map to technology primitives).
5.5.1. Executing Verilog-2005 frontend: /OpenROAD-flow-scripts/tools/install/yosys/bin/../share/yosys/techmap.v
5.5.2. Continuing TECHMAP pass.
6. Generating architectural options for $macc
6.1. Executing WRAPCELL pass. (wrap selected cells)
6.2. Executing TECHMAP pass (map to technology primitives).
6.2.1. Executing Verilog-2005 frontend: /OpenROAD-flow-scripts/tools/install/yosys/bin/../share/yosys/techmap.v
6.2.2. Executing Verilog-2005 frontend: /OpenROAD-flow-scripts/flow/scripts/synth_wrap_operators-booth.v
6.2.3. Continuing TECHMAP pass.
6.3. Executing TECHMAP pass (map to technology primitives).
6.3.1. Executing Verilog-2005 frontend: /OpenROAD-flow-scripts/tools/install/yosys/bin/../share/yosys/techmap.v
6.3.2. Executing Verilog-2005 frontend: /OpenROAD-flow-scripts/tools/install/yosys/bin/../share/yosys/choices/han-carlson.v
6.3.3. Continuing TECHMAP pass.
7. Executing OPT pass (performing simple optimizations).
7.1. Executing OPT_EXPR pass (perform const folding).
7.2. Executing OPT_MERGE pass (detect identical cells).
7.3. Executing OPT_DFF pass (perform DFF optimizations).
7.4. Executing OPT_CLEAN pass (remove unused cells and wires).
7.5. Rerunning OPT passes. (Removed registers in this run.)
7.6. Executing OPT_EXPR pass (perform const folding).
7.7. Executing OPT_MERGE pass (detect identical cells).
7.8. Executing OPT_DFF pass (perform DFF optimizations).
7.9. Executing OPT_CLEAN pass (remove unused cells and wires).
7.10. Rerunning OPT passes. (Removed registers in this run.)
7.11. Executing OPT_EXPR pass (perform const folding).
7.12. Executing OPT_MERGE pass (detect identical cells).
7.13. Executing OPT_DFF pass (perform DFF optimizations).
7.14. Executing OPT_CLEAN pass (remove unused cells and wires).
7.15. Finished fast OPT passes.
8. Executing MEMORY_MAP pass (converting memories to logic and flip-flops).
9. Executing OPT pass (performing simple optimizations).
9.1. Executing OPT_EXPR pass (perform const folding).
9.2. Executing OPT_MERGE pass (detect identical cells).
9.3. Executing OPT_MUXTREE pass (detect dead branches in mux trees).
9.4. Executing OPT_REDUCE pass (consolidate $*mux and $reduce_* inputs).
9.5. Executing OPT_MERGE pass (detect identical cells).
9.6. Executing OPT_SHARE pass.
9.7. Executing OPT_DFF pass (perform DFF optimizations).
9.8. Executing OPT_CLEAN pass (remove unused cells and wires).
9.9. Executing OPT_EXPR pass (perform const folding).
9.10. Rerunning OPT passes. (Maybe there is more to do..)
9.11. Executing OPT_MUXTREE pass (detect dead branches in mux trees).
9.12. Executing OPT_REDUCE pass (consolidate $*mux and $reduce_* inputs).
9.13. Executing OPT_MERGE pass (detect identical cells).
9.14. Executing OPT_SHARE pass.
9.15. Executing OPT_DFF pass (perform DFF optimizations).
9.16. Executing OPT_CLEAN pass (remove unused cells and wires).
9.17. Executing OPT_EXPR pass (perform const folding).
9.18. Rerunning OPT passes. (Maybe there is more to do..)
9.19. Executing OPT_MUXTREE pass (detect dead branches in mux trees).
9.20. Executing OPT_REDUCE pass (consolidate $*mux and $reduce_* inputs).
9.21. Executing OPT_MERGE pass (detect identical cells).
9.22. Executing OPT_SHARE pass.
9.23. Executing OPT_DFF pass (perform DFF optimizations).
9.24. Executing OPT_CLEAN pass (remove unused cells and wires).
9.25. Executing OPT_EXPR pass (perform const folding).
9.26. Finished fast OPT passes. (There is nothing left to do.)
10. Executing TECHMAP pass (map to technology primitives).
10.1. Executing Verilog-2005 frontend: /OpenROAD-flow-scripts/tools/install/yosys/bin/../share/yosys/techmap.v
10.2. Executing Verilog-2005 frontend: /OpenROAD-flow-scripts/tools/install/yosys/bin/../share/yosys/choices/han-carlson.v
10.3. Continuing TECHMAP pass.
Warning: Latch inferred for signal `$paramod\_80_lcu_han_carlson\WIDTH=32'00000000000000000000000000000101.\j [1:0]' from process `$paramod\_80_lcu_han_carlson\WIDTH=32'00000000000000000000000000000101.$proc$/OpenROAD-flow-scripts/tools/install/yosys/bin/../share/yosys/choices/han-carlson.v:18$77389': $auto$proc_dlatch.cc:545:proc_dlatch$77545
Warning: Latch inferred for signal `$paramod\_80_lcu_han_carlson\WIDTH=32'00000000000000000000000000000101.\j [31:2]' from process `$paramod\_80_lcu_han_carlson\WIDTH=32'00000000000000000000000000000101.$proc$/OpenROAD-flow-scripts/tools/install/yosys/bin/../share/yosys/choices/han-carlson.v:18$77389': $auto$proc_dlatch.cc:547:proc_dlatch$77548
Warning: Latch inferred for signal `$paramod\_80_lcu_han_carlson\WIDTH=32'00000000000000000000000000000001.\j' from process `$paramod\_80_lcu_han_carlson\WIDTH=32'00000000000000000000000000000001.$proc$/OpenROAD-flow-scripts/tools/install/yosys/bin/../share/yosys/choices/han-carlson.v:18$77563': $auto$proc_dlatch.cc:545:proc_dlatch$77601
Warning: Latch inferred for signal `$paramod\_80_lcu_han_carlson\WIDTH=32'00000000000000000000000000000010.\j' from process `$paramod\_80_lcu_han_carlson\WIDTH=32'00000000000000000000000000000010.$proc$/OpenROAD-flow-scripts/tools/install/yosys/bin/../share/yosys/choices/han-carlson.v:18$77613': $auto$proc_dlatch.cc:545:proc_dlatch$77666
Warning: Latch inferred for signal `$paramod\_80_lcu_han_carlson\WIDTH=32'00000000000000000000000000001100.\j [2:0]' from process `$paramod\_80_lcu_han_carlson\WIDTH=32'00000000000000000000000000001100.$proc$/OpenROAD-flow-scripts/tools/install/yosys/bin/../share/yosys/choices/han-carlson.v:18$77716': $auto$proc_dlatch.cc:545:proc_dlatch$78121
Warning: Latch inferred for signal `$paramod\_80_lcu_han_carlson\WIDTH=32'00000000000000000000000000001100.\j [31:3]' from process `$paramod\_80_lcu_han_carlson\WIDTH=32'00000000000000000000000000001100.$proc$/OpenROAD-flow-scripts/tools/install/yosys/bin/../share/yosys/choices/han-carlson.v:18$77716': $auto$proc_dlatch.cc:547:proc_dlatch$78124
Warning: Latch inferred for signal `$paramod\_80_lcu_han_carlson\WIDTH=32'00000000000000000000000000011110.\j [3:0]' from process `$paramod\_80_lcu_han_carlson\WIDTH=32'00000000000000000000000000011110.$proc$/OpenROAD-flow-scripts/tools/install/yosys/bin/../share/yosys/choices/han-carlson.v:18$78353': $auto$proc_dlatch.cc:545:proc_dlatch$79496
Warning: Latch inferred for signal `$paramod\_80_lcu_han_carlson\WIDTH=32'00000000000000000000000000011110.\j [31:4]' from process `$paramod\_80_lcu_han_carlson\WIDTH=32'00000000000000000000000000011110.$proc$/OpenROAD-flow-scripts/tools/install/yosys/bin/../share/yosys/choices/han-carlson.v:18$78353': $auto$proc_dlatch.cc:547:proc_dlatch$79499
Warning: Latch inferred for signal `$paramod\_80_lcu_han_carlson\WIDTH=32'00000000000000000000000000011111.\j [3:0]' from process `$paramod\_80_lcu_han_carlson\WIDTH=32'00000000000000000000000000011111.$proc$/OpenROAD-flow-scripts/tools/install/yosys/bin/../share/yosys/choices/han-carlson.v:18$79599': $auto$proc_dlatch.cc:545:proc_dlatch$80775
Warning: Latch inferred for signal `$paramod\_80_lcu_han_carlson\WIDTH=32'00000000000000000000000000011111.\j [31:4]' from process `$paramod\_80_lcu_han_carlson\WIDTH=32'00000000000000000000000000011111.$proc$/OpenROAD-flow-scripts/tools/install/yosys/bin/../share/yosys/choices/han-carlson.v:18$79599': $auto$proc_dlatch.cc:547:proc_dlatch$80778
Warning: Latch inferred for signal `$paramod\_80_lcu_han_carlson\WIDTH=32'00000000000000000000000001000000.\j [4:0]' from process `$paramod\_80_lcu_han_carlson\WIDTH=32'00000000000000000000000001000000.$proc$/OpenROAD-flow-scripts/tools/install/yosys/bin/../share/yosys/choices/han-carlson.v:18$80945': $auto$proc_dlatch.cc:545:proc_dlatch$83660
Warning: Latch inferred for signal `$paramod\_80_lcu_han_carlson\WIDTH=32'00000000000000000000000001000000.\j [31:5]' from process `$paramod\_80_lcu_han_carlson\WIDTH=32'00000000000000000000000001000000.$proc$/OpenROAD-flow-scripts/tools/install/yosys/bin/../share/yosys/choices/han-carlson.v:18$80945': $auto$proc_dlatch.cc:547:proc_dlatch$83663
Warning: Latch inferred for signal `$paramod\_80_lcu_han_carlson\WIDTH=32'00000000000000000000000000000011.\j [0]' from process `$paramod\_80_lcu_han_carlson\WIDTH=32'00000000000000000000000000000011.$proc$/OpenROAD-flow-scripts/tools/install/yosys/bin/../share/yosys/choices/han-carlson.v:18$84159': $auto$proc_dlatch.cc:545:proc_dlatch$84258
Warning: Latch inferred for signal `$paramod\_80_lcu_han_carlson\WIDTH=32'00000000000000000000000000000011.\j [31:1]' from process `$paramod\_80_lcu_han_carlson\WIDTH=32'00000000000000000000000000000011.$proc$/OpenROAD-flow-scripts/tools/install/yosys/bin/../share/yosys/choices/han-carlson.v:18$84159': $auto$proc_dlatch.cc:547:proc_dlatch$84261
11. Executing OPT pass (performing simple optimizations).
11.1. Executing OPT_EXPR pass (perform const folding).
11.2. Executing OPT_MERGE pass (detect identical cells).
11.3. Executing OPT_MUXTREE pass (detect dead branches in mux trees).
11.4. Executing OPT_REDUCE pass (consolidate $*mux and $reduce_* inputs).
11.5. Executing OPT_MERGE pass (detect identical cells).
11.6. Executing OPT_DFF pass (perform DFF optimizations).
11.7. Executing OPT_CLEAN pass (remove unused cells and wires).
11.8. Executing OPT_EXPR pass (perform const folding).
11.9. Rerunning OPT passes. (Maybe there is more to do..)
11.10. Executing OPT_MUXTREE pass (detect dead branches in mux trees).
11.11. Executing OPT_REDUCE pass (consolidate $*mux and $reduce_* inputs).
11.12. Executing OPT_MERGE pass (detect identical cells).
11.13. Executing OPT_DFF pass (perform DFF optimizations).
11.14. Executing OPT_CLEAN pass (remove unused cells and wires).
11.15. Executing OPT_EXPR pass (perform const folding).
11.16. Finished fast OPT passes. (There is nothing left to do.)
12. Executing DFFLEGALIZE pass (convert FFs to types supported by the target).
13. Executing TECHMAP pass (map to technology primitives).
13.1. Executing Verilog-2005 frontend: /OpenROAD-flow-scripts/flow/platforms/sky130hd/cells_latch_hd.v
13.2. Continuing TECHMAP pass.
14. Executing DFFLIBMAP pass (mapping DFF cells to sequential cells from liberty file).
14.1. Executing DFFLEGALIZE pass (convert FFs to types supported by the target).
15. Executing OPT pass (performing simple optimizations).
15.1. Executing OPT_EXPR pass (perform const folding).
15.2. Executing OPT_MERGE pass (detect identical cells).
15.3. Executing OPT_MUXTREE pass (detect dead branches in mux trees).
15.4. Executing OPT_REDUCE pass (consolidate $*mux and $reduce_* inputs).
15.5. Executing OPT_MERGE pass (detect identical cells).
15.6. Executing OPT_DFF pass (perform DFF optimizations).
15.7. Executing OPT_CLEAN pass (remove unused cells and wires).
15.8. Executing OPT_EXPR pass (perform const folding).
15.9. Rerunning OPT passes. (Maybe there is more to do..)
15.10. Executing OPT_MUXTREE pass (detect dead branches in mux trees).
15.11. Executing OPT_REDUCE pass (consolidate $*mux and $reduce_* inputs).
15.12. Executing OPT_MERGE pass (detect identical cells).
15.13. Executing OPT_DFF pass (perform DFF optimizations).
15.14. Executing OPT_CLEAN pass (remove unused cells and wires).
15.15. Executing OPT_EXPR pass (perform const folding).
15.16. Finished fast OPT passes. (There is nothing left to do.)
16. Executing SETUNDEF pass (replace undef values with defined constants).
abc_new -liberty /OpenROAD-flow-scripts/flow/platforms/sky130hd/lib/sky130_fd_sc_hd__tt_025C_1v80.lib -dont_use sky130_fd_sc_hd__probe_p_8 -dont_use sky130_fd_sc_hd__probec_p_8 -dont_use sky130_fd_sc_hd__lpflow_bleeder_1 -dont_use sky130_fd_sc_hd__lpflow_clkbufkapwr_1 -dont_use sky130_fd_sc_hd__lpflow_clkbufkapwr_16 -dont_use sky130_fd_sc_hd__lpflow_clkbufkapwr_2 -dont_use sky130_fd_sc_hd__lpflow_clkbufkapwr_4 -dont_use sky130_fd_sc_hd__lpflow_clkbufkapwr_8 -dont_use sky130_fd_sc_hd__lpflow_clkinvkapwr_1 -dont_use sky130_fd_sc_hd__lpflow_clkinvkapwr_16 -dont_use sky130_fd_sc_hd__lpflow_clkinvkapwr_2 -dont_use sky130_fd_sc_hd__lpflow_clkinvkapwr_4 -dont_use sky130_fd_sc_hd__lpflow_clkinvkapwr_8 -dont_use sky130_fd_sc_hd__lpflow_decapkapwr_12 -dont_use sky130_fd_sc_hd__lpflow_decapkapwr_3 -dont_use sky130_fd_sc_hd__lpflow_decapkapwr_4 -dont_use sky130_fd_sc_hd__lpflow_decapkapwr_6 -dont_use sky130_fd_sc_hd__lpflow_decapkapwr_8 -dont_use sky130_fd_sc_hd__lpflow_inputiso0n_1 -dont_use sky130_fd_sc_hd__lpflow_inputiso0p_1 -dont_use sky130_fd_sc_hd__lpflow_inputiso1n_1 -dont_use sky130_fd_sc_hd__lpflow_inputiso1p_1 -dont_use sky130_fd_sc_hd__lpflow_inputisolatch_1 -dont_use sky130_fd_sc_hd__lpflow_isobufsrc_1 -dont_use sky130_fd_sc_hd__lpflow_isobufsrc_16 -dont_use sky130_fd_sc_hd__lpflow_isobufsrc_2 -dont_use sky130_fd_sc_hd__lpflow_isobufsrc_4 -dont_use sky130_fd_sc_hd__lpflow_isobufsrc_8 -dont_use sky130_fd_sc_hd__lpflow_isobufsrckapwr_16 -dont_use sky130_fd_sc_hd__lpflow_lsbuf_lh_hl_isowell_tap_1 -dont_use sky130_fd_sc_hd__lpflow_lsbuf_lh_hl_isowell_tap_2 -dont_use sky130_fd_sc_hd__lpflow_lsbuf_lh_hl_isowell_tap_4 -dont_use sky130_fd_sc_hd__lpflow_lsbuf_lh_isowell_4 -dont_use sky130_fd_sc_hd__lpflow_lsbuf_lh_isowell_tap_1 -dont_use sky130_fd_sc_hd__lpflow_lsbuf_lh_isowell_tap_2 -dont_use sky130_fd_sc_hd__lpflow_lsbuf_lh_isowell_tap_4 -constr /work/objects/sky130hd/m7_j0/p9p0/abc.constr -D 9.0
Warning: Feature 'abc_new' is experimental.
17. Executing ABC_NEW pass.
17.1. Executing ABC9_OPS pass (helper functions for ABC9).
17.2. Executing BOX_DERIVE pass. (derive modules for boxes)
17.3. Executing ABC9_OPS pass (helper functions for ABC9).
17.4. Executing ABC9_OPS pass (helper functions for ABC9).
17.5. Mapping module 'ALU_33_0_33_0_33_unused_CO_X_Y[0]_HAN_CARLSON'.
17.5.1. Executing ABC9_OPS pass (helper functions for ABC9).
Warning: Feature 'write_xaiger2' is experimental.
17.5.2. Executing XAIGER2 backend.
17.5.3. Executing ABC9_EXE pass (technology mapping using ABC9).
17.5.4. Executing ABC9.
Warning: Feature 'read_xaiger2' is experimental.
17.5.5. Executing XAIGER2 frontend.
17.6. Executing PORTARCS pass. (derive propagation arcs)
17.7. Executing ABC9_OPS pass (helper functions for ABC9).
17.8. Mapping module 'ALU_34_0_34_0_34_HAN_CARLSON'.
17.8.1. Executing ABC9_OPS pass (helper functions for ABC9).
17.8.2. Executing XAIGER2 backend.
17.8.3. Executing ABC9_EXE pass (technology mapping using ABC9).
17.8.4. Executing ABC9.
17.8.5. Executing XAIGER2 frontend.
17.9. Executing PORTARCS pass. (derive propagation arcs)
17.10. Executing ABC9_OPS pass (helper functions for ABC9).
17.11. Mapping module 'm7_ppa_j0_top'.
17.11.1. Executing ABC9_OPS pass (helper functions for ABC9).
17.11.2. Executing XAIGER2 backend.
17.11.3. Executing ABC9_EXE pass (technology mapping using ABC9).
17.11.4. Executing ABC9.
Warning: ABC: execution of command ""/OpenROAD-flow-scripts/tools/install/yosys/bin/yosys-abc" -s -f /tmp/yosys-abc-29otly/abc.script 2>&1" failed: return code 134.
17.11.5. Executing XAIGER2 frontend.
17.12. Mapping module 'ALU_34_0_34_0_34_BRENT_KUNG'.
17.12.1. Executing ABC9_OPS pass (helper functions for ABC9).
17.12.2. Executing XAIGER2 backend.
17.12.3. Executing ABC9_EXE pass (technology mapping using ABC9).
17.12.4. Executing ABC9.
17.12.5. Executing XAIGER2 frontend.
17.13. Executing PORTARCS pass. (derive propagation arcs)
17.14. Executing ABC9_OPS pass (helper functions for ABC9).
17.15. Mapping module 'ALU_34_0_34_0_34_SKLANSKY'.
17.15.1. Executing ABC9_OPS pass (helper functions for ABC9).
17.15.2. Executing XAIGER2 backend.
17.15.3. Executing ABC9_EXE pass (technology mapping using ABC9).
17.15.4. Executing ABC9.
17.15.5. Executing XAIGER2 frontend.
17.16. Executing PORTARCS pass. (derive propagation arcs)
17.17. Executing ABC9_OPS pass (helper functions for ABC9).
17.18. Mapping module 'ALU_34_0_34_0_34_KOGGE_STONE'.
17.18.1. Executing ABC9_OPS pass (helper functions for ABC9).
17.18.2. Executing XAIGER2 backend.
17.18.3. Executing ABC9_EXE pass (technology mapping using ABC9).
17.18.4. Executing ABC9.
17.18.5. Executing XAIGER2 frontend.
17.19. Executing PORTARCS pass. (derive propagation arcs)
17.20. Executing ABC9_OPS pass (helper functions for ABC9).
17.21. Mapping module 'ALU_33_0_33_0_33_unused_CO_X_Y[0]_BRENT_KUNG'.
17.21.1. Executing ABC9_OPS pass (helper functions for ABC9).
17.21.2. Executing XAIGER2 backend.
17.21.3. Executing ABC9_EXE pass (technology mapping using ABC9).
17.21.4. Executing ABC9.
17.21.5. Executing XAIGER2 frontend.
17.22. Executing PORTARCS pass. (derive propagation arcs)
17.23. Executing ABC9_OPS pass (helper functions for ABC9).
17.24. Mapping module 'ALU_33_0_33_0_33_unused_CO_X_Y[0]_SKLANSKY'.
17.24.1. Executing ABC9_OPS pass (helper functions for ABC9).
17.24.2. Executing XAIGER2 backend.
17.24.3. Executing ABC9_EXE pass (technology mapping using ABC9).
17.24.4. Executing ABC9.
17.24.5. Executing XAIGER2 frontend.
17.25. Executing PORTARCS pass. (derive propagation arcs)
17.26. Executing ABC9_OPS pass (helper functions for ABC9).
17.27. Mapping module 'ALU_33_0_33_0_33_unused_CO_X_Y[0]_KOGGE_STONE'.
17.27.1. Executing ABC9_OPS pass (helper functions for ABC9).
17.27.2. Executing XAIGER2 backend.
17.27.3. Executing ABC9_EXE pass (technology mapping using ABC9).
17.27.4. Executing ABC9.
17.27.5. Executing XAIGER2 frontend.
17.28. Executing PORTARCS pass. (derive propagation arcs)
17.29. Executing ABC9_OPS pass (helper functions for ABC9).
17.30. Executing ABC9_OPS pass (helper functions for ABC9).
Took 28 seconds: abc_new -liberty /OpenROAD-flow-scripts/flow/platforms/sky130hd/lib/sky130_fd_sc_hd__tt_025C_1v80.lib -dont_use sky130_fd_sc_hd__probe_p_8 -dont_use sky130_fd_sc_hd__probec_p_8 -dont_use sky130_fd_sc_hd__lpflow_bleeder_1 -dont_use sky130_fd_sc_hd__lpflow_clkbufkapwr_1 -dont_use sky130_fd_sc_hd__lpflow_clkbufkapwr_16 -dont_use sky130_fd_sc_hd__lpflow_clkbufkapwr_2 -dont_use sky130_fd_sc_hd__lpflow_clkbufkapwr_4 -dont_use sky130_fd_sc_hd__lpflow_clkbufkapwr_8 -dont_use sky130_fd_sc_hd__lpflow_clkinvkapwr_1 -dont_use sky130_fd_sc_hd__lpflow_clkinvkapwr_16 -dont_use sky130_fd_sc_hd__lpflow_clkinvkapwr_2 -dont_use sky130_fd_sc_hd__lpflow_clkinvkapwr_4 -dont_use sky130_fd_sc_hd__lpflow_clkinvkapwr_8 -dont_use sky130_fd_sc_hd__lpflow_decapkapwr_12 -dont_use sky130_fd_sc_hd__lpflow_decapkapwr_3 -dont_use sky130_fd_sc_hd__lpflow_decapkapwr_4 -dont_use sky130_fd_sc_hd__lpflow_decapkapwr_6 -dont_use sky130_fd_sc_hd__lpflow_decapkapwr_8 -dont_use sky130_fd_sc_hd__lpflow_inputiso0n_1 -dont_use sky130_fd_sc_hd__lpflow_inputiso0p_1 -dont_use sky130_fd_sc_hd__lpflow_inputiso1n_1 -dont_use sky130_fd_sc_hd__lpflow_inputiso1p_1 -dont_use sky130_fd_sc_hd__lpflow_inputisolatch_1 -dont_use sky130_fd_sc_hd__lpflow_isobufsrc_1 -dont_use sky130_fd_sc_hd__lpflow_isobufsrc_16 -dont_use sky130_fd_sc_hd__lpflow_isobufsrc_2 -dont_use sky130_fd_sc_hd__lpflow_isobufsrc_4 -dont_use sky130_fd_sc_hd__lpflow_isobufsrc_8 -dont_use sky130_fd_sc_hd__lpflow_isobufsrckapwr_16 -dont_use sky130_fd_sc_hd__lpflow_lsbuf_lh_hl_isowell_tap_1 -dont_use sky130_fd_sc_hd__lpflow_lsbuf_lh_hl_isowell_tap_2 -dont_use sky130_fd_sc_hd__lpflow_lsbuf_lh_hl_isowell_tap_4 -dont_use sky130_fd_sc_hd__lpflow_lsbuf_lh_isowell_4 -dont_use sky130_fd_sc_hd__lpflow_lsbuf_lh_isowell_tap_1 -dont_use sky130_fd_sc_hd__lpflow_lsbuf_lh_isowell_tap_2 -dont_use sky130_fd_sc_hd__lpflow_lsbuf_lh_isowell_tap_4 -constr /work/objects/sky130hd/m7_j0/p9p0/abc.constr -D 9.0
18. Executing SPLITNETS pass (splitting up multi-bit signals).
19. Executing OPT_CLEAN pass (remove unused cells and wires).
20. Executing HILOMAP pass (mapping to constant drivers).
21. Executing INSBUF pass (insert buffer cells for connected wires).
22. Executing CHECK pass (checking for obvious problems).
23. Printing statistics.
24. Executing CHECK pass (checking for obvious problems).
25. Executing Verilog backend.
25.1. Executing BMUXMAP pass.
25.2. Executing DEMUXMAP pass.
Warnings: 22 unique messages, 22 total
Warnings: 3 experimental features used (not excluded with -x).
End of script. Logfile hash: e4f060e22e, time: 34.50s, user: 7.18s, system: 0.47s, MEM: 130.52 MB peak
Yosys 0.68+post (git sha1 UNKNOWN, Release, GNU /usr/local/bin/wrapped-cc/g++ 11.4.0)
Time spent: 78% 9x abc9_exe (27 sec), 5% 75x opt_expr (1 sec), ...
Elapsed time: 0:34.53[h:]min:sec. CPU time: user 34.97 sys 0.60 (103%). Peak memory: 134732KB.
Log                       Ext     Elapsed/s Peak Memory/MB sha1sum result [0:20)
1_2_yosys                 .v             34            131 3ace1779ffe5f464cf32
1_2_yosys                 .sdc                             a56667f6ad0d463e0909
cp /repo/m7/ppa/orfs/sky130hd/constraint.sdc /work/results/sky130hd/m7_j0/p9p0/1_2_yosys.sdc
touch -r /repo/m7/ppa/orfs/sky130hd/constraint.sdc /work/results/sky130hd/m7_j0/p9p0/1_2_yosys.sdc
/OpenROAD-flow-scripts/flow/scripts/flow.sh 1_synth synth_odb
Running synth_odb.tcl, stage 1_synth
read_liberty /OpenROAD-flow-scripts/flow/platforms/sky130hd/lib/sky130_fd_sc_hd__tt_025C_1v80.lib
[INFO ODB-0227] LEF file: /OpenROAD-flow-scripts/flow/platforms/sky130hd/lef/sky130_fd_sc_hd.tlef, created 13 layers, 25 vias
[INFO ODB-0227] LEF file: /OpenROAD-flow-scripts/flow/platforms/sky130hd/lef/sky130_fd_sc_hd_merged.lef, created 441 library cells
link_design -hier m7_ppa_j0_top
[WARNING ORD-0011] Hierarchical flow (-hier) is currently in development and may cause multiple issues. Do not use in production environments.
read_sdc /work/results/sky130hd/m7_j0/p9p0/1_2_yosys.sdc
source /OpenROAD-flow-scripts/flow/platforms/sky130hd/setRC.tcl
eliminate_dead_logic
Removed 22 unused instances and 22 unused nets.
Design area 136388 um^2 100% utilization.
write_db /work/results/sky130hd/m7_j0/p9p0/1_synth.odb
write_sdc -no_timestamp /work/results/sky130hd/m7_j0/p9p0/1_synth.sdc
Elapsed time: 0:00.50[h:]min:sec. CPU time: user 0.44 sys 0.04 (96%). Peak memory: 164992KB.
Log                       Ext     Elapsed/s Peak Memory/MB sha1sum result [0:20)
1_synth                   .odb            0            161 42d4db6978f0664ef167
1_synth                   .sdc                             d67873865fbc45cc3634
/OpenROAD-flow-scripts/flow/scripts/flow.sh 2_1_floorplan floorplan
Running floorplan.tcl, stage 2_1_floorplan
read_liberty /OpenROAD-flow-scripts/flow/platforms/sky130hd/lib/sky130_fd_sc_hd__tt_025C_1v80.lib
read_db -hier /work/results/sky130hd/m7_j0/p9p0/1_synth.odb
[WARNING ORD-0012] Hierarchical flow (-hier) is currently in development and may cause multiple issues. Do not use in production environments.
read_sdc /work/results/sky130hd/m7_j0/p9p0/1_synth.sdc
source /OpenROAD-flow-scripts/flow/platforms/sky130hd/setRC.tcl
Master sky130_ef_sc_hd__decap_12 is loaded but not used in the design

==========================================================================
Floorplan check_setup
--------------------------------------------------------------------------
number instances in verilog is 15247
[INFO IFP-0107] Defining die area using utilization: 50.00% and aspect ratio: 1.
[WARNING IFP-0028] Core area lower left (1.000, 1.000) snapped to (1.380, 2.720).
[INFO IFP-0001] Added 191 rows of 1134 site unithd.
[INFO IFP-0100] Die BBox:  (  0.000  0.000 ) ( 524.280 524.280 ) um
[INFO IFP-0101] Core BBox: (  1.380  2.720 ) ( 523.020 522.240 ) um
[INFO IFP-0102] Core area:                       271002.413 um^2
[INFO IFP-0103] Total instances area:            136388.307 um^2
[INFO IFP-0104] Effective utilization:                0.503
[INFO IFP-0105] Number of instances:                  15245
source /OpenROAD-flow-scripts/flow/platforms/sky130hd/make_tracks.tcl
source /repo/m7/ppa/orfs/sky130hd/fastroute.tcl
Repair tie lo fanout...
[INFO RSZ-0042] Inserted 26 tie sky130_fd_sc_hd__conb_1 instances.
Repair tie hi fanout...
[INFO RSZ-0042] Inserted 1 tie sky130_fd_sc_hd__conb_1 instances.
replace_arith_modules -path_count 1000 -target setup -slack_threshold 0.0
[INFO RSZ-0151] Starting arithmetic module replacement to optimize 'setup' target
[INFO RSZ-0152] Analyzing 1000 critical paths with slack < 0.00
[INFO RSZ-0153] Identified 2201 violating endpoints
[INFO RSZ-0154] Identified 2 critical arithmetic instances
[INFO ODB-0496] swapMaster sanity check passed (0 failures)
[INFO ODB-0496] swapMaster sanity check passed (0 failures)
[INFO RSZ-0160] 2 arithmetic instances have swapped to improve 'setup' target
[INFO RSZ-0026] Removed 16 buffers.
Default units for flow
 time 1ns
 capacitance 1pF
 resistance 1kohm
 voltage 1v
 current 1mA
 power 1nW
 distance 1um
   Layer   | Unit Resistance | Unit Capacitance 
           |       (kohm/um) |          (pF/um)
------------------------------------------------
       li1 |        7.18e-02 |         1.50e-04
      met1 |        1.21e-03 |         1.72e-04
      met2 |        1.22e-03 |         1.36e-04
      met3 |        1.66e-04 |         2.15e-04
      met4 |        1.68e-04 |         1.48e-04
      met5 |        1.84e-05 |         1.54e-04
------------------------------------------------

   Layer   | Via Resistance 
           |         (kohm) 
----------------------------
      mcon |       9.25e-03 
       via |       4.50e-03 
      via2 |       3.37e-03 
      via3 |       3.77e-04 
      via4 |       5.80e-06 
----------------------------
Report metrics stage 2, floorplan final...

==========================================================================
floorplan final report_design_area
--------------------------------------------------------------------------
Design area 136809 um^2 50% utilization.
write_db /work/results/sky130hd/m7_j0/p9p0/2_1_floorplan.odb
write_sdc -no_timestamp /work/results/sky130hd/m7_j0/p9p0/2_1_floorplan.sdc
Elapsed time: 0:02.59[h:]min:sec. CPU time: user 3.65 sys 2.67 (243%). Peak memory: 194084KB.
Log                       Ext     Elapsed/s Peak Memory/MB sha1sum result [0:20)
2_1_floorplan             .odb            2            189 9f06c079c8d2503466f8
2_1_floorplan             .sdc                             d67873865fbc45cc3634
/OpenROAD-flow-scripts/flow/scripts/flow.sh 2_2_floorplan_macro macro_place
Running macro_place.tcl, stage 2_2_floorplan_macro
read_liberty /OpenROAD-flow-scripts/flow/platforms/sky130hd/lib/sky130_fd_sc_hd__tt_025C_1v80.lib
read_db -hier /work/results/sky130hd/m7_j0/p9p0/2_1_floorplan.odb
[WARNING ORD-0012] Hierarchical flow (-hier) is currently in development and may cause multiple issues. Do not use in production environments.
read_sdc /work/results/sky130hd/m7_j0/p9p0/2_1_floorplan.sdc
source /OpenROAD-flow-scripts/flow/platforms/sky130hd/setRC.tcl
No macros found: Skipping macro_placement
Design area 136809 um^2 50% utilization.
write_db /work/results/sky130hd/m7_j0/p9p0/2_2_floorplan_macro.odb
Elapsed time: 0:00.35[h:]min:sec. CPU time: user 0.29 sys 0.04 (95%). Peak memory: 153956KB.
Log                       Ext     Elapsed/s Peak Memory/MB sha1sum result [0:20)
2_2_floorplan_macro       .odb            0            150 9f06c079c8d2503466f8
/OpenROAD-flow-scripts/flow/scripts/flow.sh 2_3_floorplan_tapcell tapcell
Running tapcell.tcl, stage 2_3_floorplan_tapcell
read_liberty /OpenROAD-flow-scripts/flow/platforms/sky130hd/lib/sky130_fd_sc_hd__tt_025C_1v80.lib
read_db -hier /work/results/sky130hd/m7_j0/p9p0/2_2_floorplan_macro.odb
[WARNING ORD-0012] Hierarchical flow (-hier) is currently in development and may cause multiple issues. Do not use in production environments.
read_sdc /work/results/sky130hd/m7_j0/p9p0/2_1_floorplan.sdc
source /OpenROAD-flow-scripts/flow/platforms/sky130hd/setRC.tcl
[INFO TAP-0005] Inserted 3570 tapcells.
Design area 141275 um^2 52% utilization.
write_db /work/results/sky130hd/m7_j0/p9p0/2_3_floorplan_tapcell.odb
Elapsed time: 0:00.33[h:]min:sec. CPU time: user 0.28 sys 0.03 (95%). Peak memory: 146164KB.
Log                       Ext     Elapsed/s Peak Memory/MB sha1sum result [0:20)
2_3_floorplan_tapcell     .odb            0            142 2342af5cf8934a826ef4
/OpenROAD-flow-scripts/flow/scripts/flow.sh 2_4_floorplan_pdn pdn
Running pdn.tcl, stage 2_4_floorplan_pdn
read_liberty /OpenROAD-flow-scripts/flow/platforms/sky130hd/lib/sky130_fd_sc_hd__tt_025C_1v80.lib
read_db -hier /work/results/sky130hd/m7_j0/p9p0/2_3_floorplan_tapcell.odb
[WARNING ORD-0012] Hierarchical flow (-hier) is currently in development and may cause multiple issues. Do not use in production environments.
read_sdc /work/results/sky130hd/m7_j0/p9p0/2_1_floorplan.sdc
source /OpenROAD-flow-scripts/flow/platforms/sky130hd/setRC.tcl
[WARNING PDN-1051] No instances found for grid (CORE_macro_grid_1).
[WARNING PDN-1051] No instances found for grid (CORE_macro_grid_2).
[INFO PDN-0001] Inserting grid: grid
[INFO PDN-0500] Runtime: 0.07s
Design area 141275 um^2 52% utilization.
write_db /work/results/sky130hd/m7_j0/p9p0/2_4_floorplan_pdn.odb
Elapsed time: 0:00.52[h:]min:sec. CPU time: user 0.46 sys 0.04 (96%). Peak memory: 168560KB.
Log                       Ext     Elapsed/s Peak Memory/MB sha1sum result [0:20)
2_4_floorplan_pdn         .odb            0            164 3c380875929b1369d9d6
cp /work/results/sky130hd/m7_j0/p9p0/2_4_floorplan_pdn.odb /work/results/sky130hd/m7_j0/p9p0/2_floorplan.odb
cp /work/results/sky130hd/m7_j0/p9p0/2_1_floorplan.sdc /work/results/sky130hd/m7_j0/p9p0/2_floorplan.sdc
/OpenROAD-flow-scripts/flow/scripts/flow.sh 3_1_place_gp_skip_io global_place_skip_io
Running global_place_skip_io.tcl, stage 3_1_place_gp_skip_io
read_liberty /OpenROAD-flow-scripts/flow/platforms/sky130hd/lib/sky130_fd_sc_hd__tt_025C_1v80.lib
read_db -hier /work/results/sky130hd/m7_j0/p9p0/2_floorplan.odb
[WARNING ORD-0012] Hierarchical flow (-hier) is currently in development and may cause multiple issues. Do not use in production environments.
read_sdc /work/results/sky130hd/m7_j0/p9p0/2_floorplan.sdc
source /OpenROAD-flow-scripts/flow/platforms/sky130hd/setRC.tcl
[INFO GPL-0022] Initialize gpl and calculate uniform density.
Placement density is 0.687499994635582, computed from PLACE_DENSITY_LB_ADDON  0.25 and lower bound 0.5699999928474426
global_placement -skip_io -density 0.687499994635582 -pad_left 0 -pad_right 0
[INFO GPL-0001] ---- Initialize GPL Main Data Structures
[INFO GPL-0002] DBU: 1000
[INFO GPL-0003] SiteSize: (  0.460  2.720 ) um
[INFO GPL-0004] CoreBBox: (  1.380  2.720 ) ( 523.020 522.240 ) um
[INFO GPL-0016] Core area:                  271002.413 um^2
[INFO GPL-0036] Movable instances area:     136808.710 um^2
[INFO GPL-0037] Total instances area:       141275.494 um^2
[INFO GPL-0035] Pin density area adjust:     15016.838 um^2
[INFO GPL-0032] ---- Initialize Region: Top-level
[INFO GPL-0006] Number of instances:             18985
[INFO GPL-0007] Movable instances:               15415
[INFO GPL-0008] Fixed instances:                  3570
[INFO GPL-0009] Dummy instances:                     0
[INFO GPL-0010] Number of nets:                  15610
[INFO GPL-0011] Number of pins:                  59106
[INFO GPL-0012] Die BBox:       (  0.000  0.000 ) ( 524.280 524.280 ) um
[INFO GPL-0013] Placement BBox: (  1.380  2.720 ) ( 523.020 522.240 ) um
[INFO GPL-0014] Region name: top-level.
[INFO GPL-0015] Region area:                271002.413 um^2
[INFO GPL-0017] Fixed instances area:         4466.784 um^2
[INFO GPL-0018] Movable instances area:     151825.548 um^2
[INFO GPL-0019] Utilization:                    56.963 %
[INFO GPL-0020] Standard cells area:        151825.548 um^2
[INFO GPL-0021] Large instances area:            0.000 um^2
[INFO GPL-0005] ---- Execute Conjugate Gradient Initial Placement.
[INFO GPL-0051] Source of initial instance position counters:
	Odb location = 0	Core center = 15415	Region center = 0
[INFO GPL-0033] ---- Initialize Nesterov Region: Top-level
[INFO GPL-0023] Placement target density:       0.6875
[INFO GPL-0024] Movable insts average area:      9.849 um^2
[INFO GPL-0025] Ideal bin area:                 14.326 um^2
[INFO GPL-0026] Ideal bin count:                 18916
[INFO GPL-0027] Total bin area:             271002.413 um^2
[INFO GPL-0028] Bin count (X, Y):         128 ,    128
[INFO GPL-0029] Bin size (W * H):       4.075 *  4.059 um
[INFO GPL-0030] Number of bins:                  16384
[INFO GPL-0084] ---- Execute Nesterov Global Placement.
[INFO GPL-0031] HPWL: Half-Perimeter Wirelength
Iteration | Overflow |     HPWL (um) |  HPWL(%) |   Penalty | Group
---------------------------------------------------------------
        0 |   0.9989 |  3.168504e+04 |   +0.00% |  9.63e-16 |      
       10 |   0.9986 |  2.677155e+04 |  -15.51% |  1.57e-15 |      
       20 |   0.9986 |  2.660140e+04 |   -0.64% |  2.56e-15 |      
       30 |   0.9986 |  2.652750e+04 |   -0.28% |  4.16e-15 |      
       40 |   0.9986 |  2.646911e+04 |   -0.22% |  6.78e-15 |      
       50 |   0.9986 |  2.642582e+04 |   -0.16% |  1.10e-14 |      
       60 |   0.9986 |  2.640780e+04 |   -0.07% |  1.80e-14 |      
       70 |   0.9986 |  2.642367e+04 |   +0.06% |  2.93e-14 |      
       80 |   0.9985 |  2.649795e+04 |   +0.28% |  4.77e-14 |      
       90 |   0.9980 |  2.674416e+04 |   +0.93% |  7.78e-14 |      
      100 |   0.9977 |  2.746219e+04 |   +2.68% |  1.27e-13 |      
      110 |   0.9970 |  2.923495e+04 |   +6.46% |  2.06e-13 |      
      120 |   0.9958 |  3.275138e+04 |  +12.03% |  3.36e-13 |      
      130 |   0.9933 |  3.843902e+04 |  +17.37% |  5.47e-13 |      
      140 |   0.9908 |  4.611543e+04 |  +19.97% |  8.90e-13 |      
      150 |   0.9859 |  5.523738e+04 |  +19.78% |  1.45e-12 |      
      160 |   0.9803 |  6.498665e+04 |  +17.65% |  2.36e-12 |      
      170 |   0.9732 |  7.586439e+04 |  +16.74% |  3.83e-12 |      
      180 |   0.9621 |  9.052822e+04 |  +19.33% |  6.23e-12 |      
      190 |   0.9463 |  1.090948e+05 |  +20.51% |  1.01e-11 |      
      200 |   0.9266 |  1.302526e+05 |  +19.39% |  1.65e-11 |      
      210 |   0.9039 |  1.534119e+05 |  +17.78% |  2.68e-11 |      
      220 |   0.8765 |  1.780746e+05 |  +16.08% |  4.35e-11 |      
      230 |   0.8457 |  2.017757e+05 |  +13.31% |  7.06e-11 |      
      240 |   0.8104 |  2.223155e+05 |  +10.18% |  1.15e-10 |      
      250 |   0.7733 |  2.388864e+05 |   +7.45% |  1.87e-10 |      
      260 |   0.7296 |  2.566176e+05 |   +7.42% |  3.03e-10 |      
      270 |   0.6856 |  2.740252e+05 |   +6.78% |  4.93e-10 |      
      280 |   0.6412 |  2.888666e+05 |   +5.42% |  8.02e-10 |      
      290 |   0.5959 |  3.029014e+05 |   +4.86% |  1.30e-09 |      
      300 |   0.5531 |  3.134432e+05 |   +3.48% |  2.12e-09 |      
      310 |   0.5079 |  3.201897e+05 |   +2.15% |  3.45e-09 |      
      320 |   0.4608 |  3.250240e+05 |   +1.51% |  5.62e-09 |      
      330 |   0.4208 |  3.303289e+05 |   +1.63% |  9.16e-09 |      
      340 |   0.3780 |  3.351011e+05 |   +1.44% |  1.49e-08 |      
      350 |   0.3362 |  3.382587e+05 |   +0.94% |  2.38e-08 |      
      360 |   0.3040 |  3.389481e+05 |   +0.20% |  3.50e-08 |      
      370 |   0.2736 |  3.405455e+05 |   +0.47% |  5.16e-08 |      
      380 |   0.2429 |  3.418492e+05 |   +0.38% |  7.60e-08 |      
      390 |   0.2122 |  3.428156e+05 |   +0.28% |  1.12e-07 |      
      400 |   0.1837 |  3.436392e+05 |   +0.24% |  1.65e-07 |      
      410 |   0.1591 |  3.444552e+05 |   +0.24% |  2.43e-07 |      
      420 |   0.1393 |  3.453523e+05 |   +0.26% |  3.58e-07 |      
      430 |   0.1205 |  3.460804e+05 |   +0.21% |  5.27e-07 |      
      440 |   0.1064 |  3.469865e+05 |   +0.26% |  7.77e-07 |      
      445 |   0.0991 |  3.474094e+05 |          |  9.80e-07 |      
---------------------------------------------------------------
[INFO GPL-1001] Global placement finished at iteration 445
[INFO GPL-1002] Placed Cell Area            151825.5482
[INFO GPL-1003] Available Free Area         266535.6288
[INFO GPL-1004] Minimum Feasible Density        0.5700 (cell_area / free_area)
[INFO GPL-1006]   Suggested Target Densities:
[INFO GPL-1007]     - For 90% usage of free space: 0.6329
[INFO GPL-1008]     - For 80% usage of free space: 0.7120
[INFO GPL-1014] Final placement area: 151825.55 (+0.00%)
Took 29 seconds: global_placement -skip_io -density 0.687499994635582 -pad_left 0 -pad_right 0
Design area 141275 um^2 52% utilization.
write_db /work/results/sky130hd/m7_j0/p9p0/3_1_place_gp_skip_io.odb
Elapsed time: 0:29.35[h:]min:sec. CPU time: user 808.73 sys 1.02 (2758%). Peak memory: 183328KB.
Log                       Ext     Elapsed/s Peak Memory/MB sha1sum result [0:20)
3_1_place_gp_skip_io      .odb           29            179 ea62aa6b0c84f61622b5
/OpenROAD-flow-scripts/flow/scripts/flow.sh 3_2_place_iop io_placement
Running io_placement.tcl, stage 3_2_place_iop
read_liberty /OpenROAD-flow-scripts/flow/platforms/sky130hd/lib/sky130_fd_sc_hd__tt_025C_1v80.lib
read_db -hier /work/results/sky130hd/m7_j0/p9p0/3_1_place_gp_skip_io.odb
[WARNING ORD-0012] Hierarchical flow (-hier) is currently in development and may cause multiple issues. Do not use in production environments.
read_sdc /work/results/sky130hd/m7_j0/p9p0/2_floorplan.sdc
source /OpenROAD-flow-scripts/flow/platforms/sky130hd/setRC.tcl
place_pins -hor_layers met3 -ver_layers met2
Found 0 macro blocks.
Using 2 tracks default min distance between IO pins.
[INFO PPL-0001] Number of available slots 1900
[INFO PPL-0002] Number of I/O             276
[INFO PPL-0003] Number of I/O w/sink      83
[INFO PPL-0004] Number of I/O w/o sink    193
[INFO PPL-0005] Slots per section         200
[INFO PPL-0008] Successfully assigned pins to sections.
[INFO PPL-0012] I/O nets HPWL: 19638.09 um.
Design area 141275 um^2 52% utilization.
write_db /work/results/sky130hd/m7_j0/p9p0/3_2_place_iop.odb
Elapsed time: 0:00.35[h:]min:sec. CPU time: user 0.29 sys 0.05 (96%). Peak memory: 159520KB.
Log                       Ext     Elapsed/s Peak Memory/MB sha1sum result [0:20)
3_2_place_iop             .odb            0            155 3dd72fb53d2322bb29e9
/OpenROAD-flow-scripts/flow/scripts/flow.sh 3_3_place_gp global_place
Running global_place.tcl, stage 3_3_place_gp
read_liberty /OpenROAD-flow-scripts/flow/platforms/sky130hd/lib/sky130_fd_sc_hd__tt_025C_1v80.lib
read_db -hier /work/results/sky130hd/m7_j0/p9p0/3_2_place_iop.odb
[WARNING ORD-0012] Hierarchical flow (-hier) is currently in development and may cause multiple issues. Do not use in production environments.
read_sdc /work/results/sky130hd/m7_j0/p9p0/2_floorplan.sdc
source /OpenROAD-flow-scripts/flow/platforms/sky130hd/setRC.tcl
[INFO RSZ-0026] Removed 0 buffers.
Perform port buffering...
[INFO RSZ-0027] Inserted 1 sky130_fd_sc_hd__clkdlybuf4s50_1 input buffers.
[INFO RSZ-0028] Inserted 65 sky130_fd_sc_hd__clkdlybuf4s50_1 output buffers.
[INFO GPL-0022] Initialize gpl and calculate uniform density.
Placement density is 0.6949999874830246, computed from PLACE_DENSITY_LB_ADDON  0.25 and lower bound 0.5799999833106995
global_placement -density 0.6949999874830246 -pad_left 0 -pad_right 0 -routability_driven -timing_driven -force_center_initial_place -min_phi_coef 0.95 -max_phi_coef 1.05
[INFO GPL-0001] ---- Initialize GPL Main Data Structures
[INFO GPL-0002] DBU: 1000
[INFO GPL-0003] SiteSize: (  0.460  2.720 ) um
[INFO GPL-0004] CoreBBox: (  1.380  2.720 ) ( 523.020 522.240 ) um
[INFO GPL-0016] Core area:                  271002.413 um^2
[INFO GPL-0036] Movable instances area:     137469.344 um^2
[INFO GPL-0037] Total instances area:       141936.128 um^2
[INFO GPL-0035] Pin density area adjust:     15056.120 um^2
[INFO GPL-0032] ---- Initialize Region: Top-level
[INFO GPL-0006] Number of instances:             19051
[INFO GPL-0007] Movable instances:               15481
[INFO GPL-0008] Fixed instances:                  3570
[INFO GPL-0009] Dummy instances:                     0
[INFO GPL-0010] Number of nets:                  15676
[INFO GPL-0011] Number of pins:                  59514
[INFO GPL-0012] Die BBox:       (  0.000  0.000 ) ( 524.280 524.280 ) um
[INFO GPL-0013] Placement BBox: (  1.380  2.720 ) ( 523.020 522.240 ) um
[INFO GPL-0014] Region name: top-level.
[INFO GPL-0015] Region area:                271002.413 um^2
[INFO GPL-0017] Fixed instances area:         4466.784 um^2
[INFO GPL-0018] Movable instances area:     152525.464 um^2
[INFO GPL-0019] Utilization:                    57.225 %
[INFO GPL-0020] Standard cells area:        152525.464 um^2
[INFO GPL-0021] Large instances area:            0.000 um^2
[INFO GPL-0005] ---- Execute Conjugate Gradient Initial Placement.
[INFO GPL-0051] Source of initial instance position counters:
	Odb location = 0	Core center = 15481	Region center = 0
[InitialPlace]  Iter: 1 conjugate gradient residual: 0.00790856 HPWL: 456473705
[InitialPlace]  Iter: 2 conjugate gradient residual: 0.00000570 HPWL: 148168342
[InitialPlace]  Iter: 3 conjugate gradient residual: 0.00000975 HPWL: 144676965
[InitialPlace]  Iter: 4 conjugate gradient residual: 0.00000797 HPWL: 144028172
[InitialPlace]  Iter: 5 conjugate gradient residual: 0.00000703 HPWL: 143622357
[INFO GPL-0033] ---- Initialize Nesterov Region: Top-level
[INFO GPL-0023] Placement target density:       0.6950
[INFO GPL-0024] Movable insts average area:      9.852 um^2
[INFO GPL-0025] Ideal bin area:                 14.176 um^2
[INFO GPL-0026] Ideal bin count:                 19116
[INFO GPL-0027] Total bin area:             271002.413 um^2
[INFO GPL-0028] Bin count (X, Y):         128 ,    128
[INFO GPL-0029] Bin size (W * H):       4.075 *  4.059 um
[INFO GPL-0030] Number of bins:                  16384
[INFO GPL-0084] ---- Execute Nesterov Global Placement.
[INFO GPL-0031] HPWL: Half-Perimeter Wirelength
Iteration | Overflow |     HPWL (um) |  HPWL(%) |   Penalty | Group
---------------------------------------------------------------
        0 |   0.9938 |  4.408445e+04 |   +0.00% |  1.48e-16 |      
       10 |   0.9832 |  5.123921e+04 |  +16.23% |  2.41e-16 |      
       20 |   0.9801 |  5.474029e+04 |   +6.83% |  3.92e-16 |      
       30 |   0.9799 |  5.644343e+04 |   +3.11% |  6.39e-16 |      
       40 |   0.9797 |  5.737135e+04 |   +1.64% |  1.04e-15 |      
       50 |   0.9796 |  5.782873e+04 |   +0.80% |  1.70e-15 |      
       60 |   0.9798 |  5.816338e+04 |   +0.58% |  2.76e-15 |      
       70 |   0.9800 |  5.856944e+04 |   +0.70% |  4.50e-15 |      
       80 |   0.9798 |  5.904090e+04 |   +0.80% |  7.33e-15 |      
       90 |   0.9796 |  5.939312e+04 |   +0.60% |  1.19e-14 |      
      100 |   0.9797 |  5.947940e+04 |   +0.15% |  1.94e-14 |      
      110 |   0.9798 |  5.935725e+04 |   -0.21% |  3.17e-14 |      
      120 |   0.9801 |  5.921476e+04 |   -0.24% |  5.16e-14 |      
      130 |   0.9799 |  5.926491e+04 |   +0.08% |  8.40e-14 |      
      140 |   0.9797 |  5.971238e+04 |   +0.76% |  1.37e-13 |      
      150 |   0.9793 |  6.078431e+04 |   +1.80% |  2.23e-13 |      
      160 |   0.9788 |  6.278349e+04 |   +3.29% |  3.63e-13 |      
      170 |   0.9778 |  6.606409e+04 |   +5.23% |  5.91e-13 |      
      180 |   0.9756 |  7.103029e+04 |   +7.52% |  9.62e-13 |      
      190 |   0.9716 |  7.812360e+04 |   +9.99% |  1.57e-12 |      
      200 |   0.9666 |  8.734579e+04 |  +11.80% |  2.55e-12 |      
      210 |   0.9589 |  9.892965e+04 |  +13.26% |  4.15e-12 |      
      220 |   0.9479 |  1.133881e+05 |  +14.61% |  6.74e-12 |      
      230 |   0.9325 |  1.324002e+05 |  +16.77% |  1.10e-11 |      
      240 |   0.9119 |  1.532957e+05 |  +15.78% |  1.78e-11 |      
      250 |   0.8883 |  1.761959e+05 |  +14.94% |  2.89e-11 |      
      260 |   0.8613 |  1.993873e+05 |  +13.16% |  4.70e-11 |      
      270 |   0.8288 |  2.211442e+05 |  +10.91% |  7.64e-11 |      
      280 |   0.7936 |  2.399438e+05 |   +8.50% |  1.24e-10 |      
      290 |   0.7547 |  2.612318e+05 |   +8.87% |  2.02e-10 |      
      300 |   0.7124 |  2.803377e+05 |   +7.31% |  3.28e-10 |      
      310 |   0.6698 |  2.920668e+05 |   +4.18% |  5.34e-10 |      
[INFO GPL-0100] Timing-driven iteration 1/2, virtual: false.
[INFO GPL-0101]    Iter: 319, overflow: 0.633, keep resizer changes at: 1, HPWL: 299924953
Iteration |   Area    | Resized | Buffers | Nets repaired | Remaining
---------------------------------------------------------------------
        0 |     +0.0% |       0 |       0 |             0 |     15703
    final |     +5.6% |     254 |     359 |           269 |         0
---------------------------------------------------------------------
[INFO RSZ-0034] Found 266 slew violations.
[INFO RSZ-0036] Found 76 capacitance violations.
[INFO RSZ-0039] Resized 254 instances.
[INFO RSZ-0038] Inserted 359 buffers in 269 nets.
   Iter   |    Area   | Removed | Inserted |   Pins
          |           | Buffers | Buffers  | Remaining
-------------------------------------------------------
        0 |     +0.0% |       0 |        0 |     15433
     1500 |     +0.2% |      23 |       50 |     13933
     3000 |     +1.7% |      41 |      363 |     12433
     4500 |     +2.3% |      50 |      485 |     10933
     6000 |     +2.4% |     114 |      616 |      9433
     7500 |     +3.4% |     154 |      871 |      7933
     9000 |     +4.6% |     158 |     1127 |      6433
    10500 |     +6.6% |     195 |     1574 |      4933
    12000 |     +8.0% |     239 |     1879 |      3433
    13500 |     +8.9% |     349 |     2341 |      1933
    15000 |     +9.4% |     351 |     2450 |       433
    final |     +9.3% |     361 |     2468 |         0
-------------------------------------------------------
[INFO GPL-0106] Timing-driven: worst slack -2.8949998e-09
[INFO GPL-0107] Timing-driven: repair_design delta area: 21538.068 um^2 (+14.12%)
[INFO GPL-0108] Timing-driven: repair_design, gpl delta gcells: 2466 (+15.93%)
[INFO GPL-0109] Timing-driven: repair_design, gcells created: 2827, deleted: 361
[INFO GPL-0110] Timing-driven: new target density: 0.7758074
Iteration | Overflow |     HPWL (um) |  HPWL(%) |   Penalty | Group
---------------------------------------------------------------
      320 |   0.6151 |  3.388857e+05 |  +16.03% |  8.65e-10 |      
[INFO GPL-0038] Routability snapshot saved at iter = 325
      324 |   0.5979 |  3.646339e+05 |          |           |      
      330 |   0.5689 |  3.745734e+05 |  +10.53% |  1.40e-09 |      
      340 |   0.5228 |  3.837415e+05 |   +2.45% |  2.28e-09 |      
      350 |   0.4846 |  3.867639e+05 |   +0.79% |  3.72e-09 |      
      360 |   0.4355 |  3.918972e+05 |   +1.33% |  6.05e-09 |      
      370 |   0.3942 |  4.001202e+05 |   +2.10% |  9.85e-09 |      
      380 |   0.3521 |  4.019971e+05 |   +0.47% |  1.60e-08 |      
      390 |   0.3165 |  4.039833e+05 |   +0.49% |  2.41e-08 |      
[INFO GPL-0040] Routability iteration: 1
[WARNING GRT-0281] Net _06078_ has a large fanout of 1881 terminals.
[INFO GPL-0041] Total routing overflow: 76.0473
[INFO GPL-0042] Number of overflowed tiles: 597 (10.61%)
[INFO GPL-0043] Average top 0.5% routing congestion: 1.4189
[INFO GPL-0044] Average top 1.0% routing congestion: 1.3685
[INFO GPL-0045] Average top 2.0% routing congestion: 1.3104
[INFO GPL-0046] Average top 5.0% routing congestion: 1.2174
[INFO GPL-0047] Routability iteration weighted routing congestion: 1.3937
[INFO GPL-0048] Routing congestion (1.3937) lower than previous minimum (1e+30). Updating minimum.
[INFO GPL-0086] Inflated area:               11092.293 um^2 (+6.37%)
[INFO GPL-0052] Placement target density:       0.7758
[INFO GPL-0076] Removing fillers, count: Before: 3354, After: 2217 (-33.90%)
[INFO GPL-0077] Filler area (um^2)     : Before: 32716.792, After: 21620.100 (-33.92%)
[INFO GPL-0078] Removed fillers count: 1137, area removed: 11087.981 um^2. Remaining area to be compensated by modifying density: 4.312 um^2
[INFO GPL-0058] White space area:           266535.629 um^2 (+0.00%)
[INFO GPL-0059] Movable instances area:     206780.318 um^2 (+0.00%)
[INFO GPL-0060] Total filler area:           21620.100 um^2 (-33.92%)
[INFO GPL-0061] Total non-inflated area:    206775.924 um^2 (-0.00%)
[INFO GPL-0062] Total inflated area:        217868.217 um^2 (-0.00%)
[INFO GPL-0063] New Target Density:             0.7758
[INFO GPL-0087] Routability end iteration: increase inflation and revert back to snapshot.
Iteration | Overflow |     HPWL (um) |  HPWL(%) |   Penalty | Group
---------------------------------------------------------------
      400 |   0.5766 |  3.926538e+05 |   -2.80% |  1.28e-09 |      
      410 |   0.5333 |  4.107253e+05 |   +4.60% |  1.89e-09 |      
      420 |   0.5064 |  4.114393e+05 |   +0.17% |  2.78e-09 |      
      430 |   0.4701 |  4.103456e+05 |   -0.27% |  4.09e-09 |      
      440 |   0.4354 |  4.164139e+05 |   +1.48% |  6.02e-09 |      
      450 |   0.4006 |  4.220346e+05 |   +1.35% |  8.87e-09 |      
      460 |   0.3668 |  4.220973e+05 |   +0.01% |  1.31e-08 |      
      470 |   0.3331 |  4.252258e+05 |   +0.74% |  1.92e-08 |      
      480 |   0.3024 |  4.260363e+05 |   +0.19% |  2.83e-08 |      
[INFO GPL-0040] Routability iteration: 2
[INFO GPL-0041] Total routing overflow: 45.6447
[INFO GPL-0042] Number of overflowed tiles: 517 (9.19%)
[INFO GPL-0043] Average top 0.5% routing congestion: 1.2884
[INFO GPL-0044] Average top 1.0% routing congestion: 1.2498
[INFO GPL-0045] Average top 2.0% routing congestion: 1.2058
[INFO GPL-0046] Average top 5.0% routing congestion: 1.1373
[INFO GPL-0047] Routability iteration weighted routing congestion: 1.2691
[INFO GPL-0048] Routing congestion (1.2691) lower than previous minimum (1.394). Updating minimum.
[INFO GPL-0086] Inflated area:                5151.455 um^2 (+2.78%)
[INFO GPL-0052] Placement target density:       0.7758
[INFO GPL-0076] Removing fillers, count: Before: 2217, After: 1689 (-23.82%)
[INFO GPL-0077] Filler area (um^2)     : Before: 21620.100, After: 16471.064 (-23.82%)
[INFO GPL-0078] Removed fillers count: 528, area removed: 5149.036 um^2. Remaining area to be compensated by modifying density: 2.419 um^2
[INFO GPL-0058] White space area:           266535.629 um^2 (+0.00%)
[INFO GPL-0059] Movable instances area:     206780.318 um^2 (+0.00%)
[INFO GPL-0060] Total filler area:           16471.064 um^2 (-23.82%)
[INFO GPL-0061] Total non-inflated area:    206778.343 um^2 (+0.00%)
[INFO GPL-0062] Total inflated area:        211929.797 um^2 (+0.00%)
[INFO GPL-0063] New Target Density:             0.7758
[INFO GPL-0087] Routability end iteration: increase inflation and revert back to snapshot.
Iteration | Overflow |     HPWL (um) |  HPWL(%) |   Penalty | Group
---------------------------------------------------------------
      490 |   0.5434 |  4.267261e+05 |   +0.16% |  1.49e-09 |      
      500 |   0.5251 |  4.283781e+05 |   +0.39% |  2.20e-09 |      
      510 |   0.4906 |  4.315712e+05 |   +0.75% |  3.24e-09 |      
      520 |   0.4540 |  4.203745e+05 |   -2.59% |  4.77e-09 |      
      530 |   0.4190 |  4.387525e+05 |   +4.37% |  7.01e-09 |      
      540 |   0.3845 |  4.363688e+05 |   -0.54% |  1.03e-08 |      
      550 |   0.3527 |  4.344929e+05 |   -0.43% |  1.52e-08 |      
      560 |   0.3219 |  4.387922e+05 |   +0.99% |  2.24e-08 |      
[INFO GPL-0040] Routability iteration: 3
[INFO GPL-0041] Total routing overflow: 40.7126
[INFO GPL-0042] Number of overflowed tiles: 483 (8.59%)
[INFO GPL-0043] Average top 0.5% routing congestion: 1.2564
[INFO GPL-0044] Average top 1.0% routing congestion: 1.2219
[INFO GPL-0045] Average top 2.0% routing congestion: 1.1840
[INFO GPL-0046] Average top 5.0% routing congestion: 1.1259
[INFO GPL-0047] Routability iteration weighted routing congestion: 1.2391
[INFO GPL-0048] Routing congestion (1.2391) lower than previous minimum (1.269). Updating minimum.
[INFO GPL-0086] Inflated area:                4509.692 um^2 (+2.37%)
[INFO GPL-0052] Placement target density:       0.7758
[INFO GPL-0076] Removing fillers, count: Before: 1689, After: 1227 (-27.35%)
[INFO GPL-0077] Filler area (um^2)     : Before: 16471.064, After: 11965.657 (-27.35%)
[INFO GPL-0078] Removed fillers count: 462, area removed: 4505.406 um^2. Remaining area to be compensated by modifying density: 4.286 um^2
[INFO GPL-0058] White space area:           266535.629 um^2 (+0.00%)
[INFO GPL-0059] Movable instances area:     206780.318 um^2 (+0.00%)
[INFO GPL-0060] Total filler area:           11965.657 um^2 (-27.35%)
[INFO GPL-0061] Total non-inflated area:    206782.629 um^2 (+0.00%)
[INFO GPL-0062] Total inflated area:        211292.321 um^2 (+0.00%)
[INFO GPL-0063] New Target Density:             0.7758
[INFO GPL-0087] Routability end iteration: increase inflation and revert back to snapshot.
Iteration | Overflow |     HPWL (um) |  HPWL(%) |   Penalty | Group
---------------------------------------------------------------
      570 |   0.6016 |  3.896657e+05 |  -11.20% |  1.19e-09 |      
      580 |   0.5293 |  4.464283e+05 |  +14.57% |  1.74e-09 |      
      590 |   0.5081 |  4.437099e+05 |   -0.61% |  2.56e-09 |      
      600 |   0.4763 |  4.446232e+05 |   +0.21% |  3.77e-09 |      
      610 |   0.4361 |  4.416339e+05 |   -0.67% |  5.55e-09 |      
      620 |   0.4038 |  4.491019e+05 |   +1.69% |  8.17e-09 |      
      630 |   0.3722 |  4.484753e+05 |   -0.14% |  1.20e-08 |      
      640 |   0.3398 |  4.495837e+05 |   +0.25% |  1.77e-08 |      
      650 |   0.3073 |  4.497202e+05 |   +0.03% |  2.61e-08 |      
[INFO GPL-0040] Routability iteration: 4
[INFO GPL-0041] Total routing overflow: 32.7349
[INFO GPL-0042] Number of overflowed tiles: 455 (8.09%)
[INFO GPL-0043] Average top 0.5% routing congestion: 1.2259
[INFO GPL-0044] Average top 1.0% routing congestion: 1.1894
[INFO GPL-0045] Average top 2.0% routing congestion: 1.1557
[INFO GPL-0046] Average top 5.0% routing congestion: 1.1046
[INFO GPL-0047] Routability iteration weighted routing congestion: 1.2077
[INFO GPL-0048] Routing congestion (1.2077) lower than previous minimum (1.239). Updating minimum.
[INFO GPL-0086] Inflated area:                3619.563 um^2 (+1.86%)
[INFO GPL-0052] Placement target density:       0.7758
[INFO GPL-0076] Removing fillers, count: Before: 1227, After: 856 (-30.24%)
[INFO GPL-0077] Filler area (um^2)     : Before: 11965.657, After: 8347.679 (-30.24%)
[INFO GPL-0078] Removed fillers count: 371, area removed: 3617.978 um^2. Remaining area to be compensated by modifying density: 1.585 um^2
[INFO GPL-0058] White space area:           266535.629 um^2 (+0.00%)
[INFO GPL-0059] Movable instances area:     206780.318 um^2 (+0.00%)
[INFO GPL-0060] Total filler area:            8347.679 um^2 (-30.24%)
[INFO GPL-0061] Total non-inflated area:    206784.214 um^2 (+0.00%)
[INFO GPL-0062] Total inflated area:        210403.777 um^2 (+0.00%)
[INFO GPL-0063] New Target Density:             0.7758
[INFO GPL-0087] Routability end iteration: increase inflation and revert back to snapshot.
Iteration | Overflow |     HPWL (um) |  HPWL(%) |   Penalty | Group
---------------------------------------------------------------
      660 |   0.5586 |  4.365531e+05 |   -2.93% |  1.33e-09 |      
      670 |   0.5278 |  4.607289e+05 |   +5.54% |  1.95e-09 |      
      680 |   0.4959 |  4.641856e+05 |   +0.75% |  2.87e-09 |      
      690 |   0.4628 |  4.445203e+05 |   -4.24% |  4.23e-09 |      
      700 |   0.4260 |  4.619642e+05 |   +3.92% |  6.22e-09 |      
      710 |   0.3931 |  4.607487e+05 |   -0.26% |  9.16e-09 |      
      720 |   0.3622 |  4.545530e+05 |   -1.34% |  1.35e-08 |      
      730 |   0.3301 |  4.599872e+05 |   +1.20% |  1.99e-08 |      
      740 |   0.3005 |  4.578339e+05 |   -0.47% |  2.93e-08 |      
[INFO GPL-0040] Routability iteration: 5
[INFO GPL-0041] Total routing overflow: 27.8799
[INFO GPL-0042] Number of overflowed tiles: 424 (7.54%)
[INFO GPL-0043] Average top 0.5% routing congestion: 1.2100
[INFO GPL-0044] Average top 1.0% routing congestion: 1.1769
[INFO GPL-0045] Average top 2.0% routing congestion: 1.1424
[INFO GPL-0046] Average top 5.0% routing congestion: 1.0912
[INFO GPL-0047] Routability iteration weighted routing congestion: 1.1934
[INFO GPL-0048] Routing congestion (1.1934) lower than previous minimum (1.208). Updating minimum.
[INFO GPL-0086] Inflated area:                3231.872 um^2 (+1.63%)
[INFO GPL-0052] Placement target density:       0.7758
[INFO GPL-0076] Removing fillers, count: Before: 856, After: 525 (-38.67%)
[INFO GPL-0077] Filler area (um^2)     : Before: 8347.679, After: 5119.780 (-38.67%)
[INFO GPL-0078] Removed fillers count: 331, area removed: 3227.899 um^2. Remaining area to be compensated by modifying density: 3.972 um^2
[INFO GPL-0058] White space area:           266535.629 um^2 (+0.00%)
[INFO GPL-0059] Movable instances area:     206780.318 um^2 (+0.00%)
[INFO GPL-0060] Total filler area:            5119.780 um^2 (-38.67%)
[INFO GPL-0061] Total non-inflated area:    206788.186 um^2 (+0.00%)
[INFO GPL-0062] Total inflated area:        210020.058 um^2 (+0.00%)
[INFO GPL-0063] New Target Density:             0.7758
[INFO GPL-0087] Routability end iteration: increase inflation and revert back to snapshot.
Iteration | Overflow |     HPWL (um) |  HPWL(%) |   Penalty | Group
---------------------------------------------------------------
      750 |   0.5307 |  4.753473e+05 |   +3.83% |  1.49e-09 |      
      760 |   0.5207 |  4.673861e+05 |   -1.67% |  2.19e-09 |      
      770 |   0.4868 |  4.790721e+05 |   +2.50% |  3.22e-09 |      
      780 |   0.4541 |  4.471120e+05 |   -6.67% |  4.74e-09 |      
      790 |   0.4169 |  4.754017e+05 |   +6.33% |  6.97e-09 |      
      800 |   0.3855 |  4.722862e+05 |   -0.66% |  1.03e-08 |      
      810 |   0.3548 |  4.635134e+05 |   -1.86% |  1.51e-08 |      
      820 |   0.3231 |  4.678293e+05 |   +0.93% |  2.23e-08 |      
[INFO GPL-0040] Routability iteration: 6
[INFO GPL-0041] Total routing overflow: 27.8222
[INFO GPL-0042] Number of overflowed tiles: 441 (7.84%)
[INFO GPL-0043] Average top 0.5% routing congestion: 1.1995
[INFO GPL-0044] Average top 1.0% routing congestion: 1.1716
[INFO GPL-0045] Average top 2.0% routing congestion: 1.1396
[INFO GPL-0046] Average top 5.0% routing congestion: 1.0908
[INFO GPL-0047] Routability iteration weighted routing congestion: 1.1856
[INFO GPL-0048] Routing congestion (1.1856) lower than previous minimum (1.193). Updating minimum.
[INFO GPL-0086] Inflated area:                3152.740 um^2 (+1.56%)
[INFO GPL-0052] Placement target density:       0.7758
[INFO GPL-0076] Removing fillers, count: Before: 525, After: 202 (-61.52%)
[INFO GPL-0077] Filler area (um^2)     : Before: 5119.780, After: 1969.896 (-61.52%)
[INFO GPL-0078] Removed fillers count: 323, area removed: 3149.884 um^2. Remaining area to be compensated by modifying density: 2.856 um^2
[INFO GPL-0058] White space area:           266535.629 um^2 (+0.00%)
[INFO GPL-0059] Movable instances area:     206780.318 um^2 (+0.00%)
[INFO GPL-0060] Total filler area:            1969.896 um^2 (-61.52%)
[INFO GPL-0061] Total non-inflated area:    206791.042 um^2 (+0.00%)
[INFO GPL-0062] Total inflated area:        209943.782 um^2 (+0.00%)
[INFO GPL-0063] New Target Density:             0.7758
[INFO GPL-0087] Routability end iteration: increase inflation and revert back to snapshot.
Iteration | Overflow |     HPWL (um) |  HPWL(%) |   Penalty | Group
---------------------------------------------------------------
      830 |   0.6355 |  3.727450e+05 |  -20.32% |  1.14e-09 |      
      840 |   0.5220 |  4.965556e+05 |  +33.22% |  1.67e-09 |      
      850 |   0.5082 |  4.758232e+05 |   -4.18% |  2.45e-09 |      
      860 |   0.4770 |  4.826149e+05 |   +1.43% |  3.61e-09 |      
      870 |   0.4415 |  4.645732e+05 |   -3.74% |  5.32e-09 |      
      880 |   0.4080 |  4.835848e+05 |   +4.09% |  7.81e-09 |      
      890 |   0.3754 |  4.823098e+05 |   -0.26% |  1.15e-08 |      
      900 |   0.3419 |  4.772338e+05 |   -1.05% |  1.69e-08 |      
      910 |   0.3145 |  4.766380e+05 |   -0.12% |  2.50e-08 |      
[INFO GPL-0040] Routability iteration: 7
[INFO GPL-0041] Total routing overflow: 21.5643
[INFO GPL-0042] Number of overflowed tiles: 350 (6.22%)
[INFO GPL-0043] Average top 0.5% routing congestion: 1.1881
[INFO GPL-0044] Average top 1.0% routing congestion: 1.1571
[INFO GPL-0045] Average top 2.0% routing congestion: 1.1244
[INFO GPL-0046] Average top 5.0% routing congestion: 1.0747
[INFO GPL-0047] Routability iteration weighted routing congestion: 1.1726
[INFO GPL-0048] Routing congestion (1.1726) lower than previous minimum (1.186). Updating minimum.
[INFO GPL-0086] Inflated area:                2511.590 um^2 (+1.23%)
[INFO GPL-0052] Placement target density:       0.7758
[INFO GPL-0076] Removing fillers, count: Before: 202, After: 0 (-100.00%)
[INFO GPL-0077] Filler area (um^2)     : Before: 1969.896, After: 0.000 (-100.00%)
[INFO GPL-0078] Removed fillers count: 202, area removed: 1969.896 um^2. Remaining area to be compensated by modifying density: 541.694 um^2
[INFO GPL-0079] New target density: 0.77788
[INFO GPL-0058] White space area:           266535.629 um^2 (+0.00%)
[INFO GPL-0059] Movable instances area:     207332.737 um^2 (+0.27%)
[INFO GPL-0060] Total filler area:               0.000 um^2 (-100.00%)
[INFO GPL-0061] Total non-inflated area:    207332.736 um^2 (+0.26%)
[INFO GPL-0062] Total inflated area:        209844.326 um^2 (+0.26%)
[INFO GPL-0063] New Target Density:             0.7779
[INFO GPL-0087] Routability end iteration: increase inflation and revert back to snapshot.
Iteration | Overflow |     HPWL (um) |  HPWL(%) |   Penalty | Group
---------------------------------------------------------------
      920 |   0.5600 |  4.582438e+05 |   -3.86% |  1.28e-09 |      
      930 |   0.5263 |  5.014845e+05 |   +9.44% |  1.87e-09 |      
      940 |   0.4971 |  4.897904e+05 |   -2.33% |  2.75e-09 |      
      950 |   0.4674 |  4.703086e+05 |   -3.98% |  4.05e-09 |      
      960 |   0.4304 |  4.867535e+05 |   +3.50% |  5.96e-09 |      
      970 |   0.3959 |  4.907826e+05 |   +0.83% |  8.76e-09 |      
      980 |   0.3650 |  4.816211e+05 |   -1.87% |  1.29e-08 |      
      990 |   0.3339 |  4.840752e+05 |   +0.51% |  1.90e-08 |      
     1000 |   0.3026 |  4.797670e+05 |   -0.89% |  2.80e-08 |      
[INFO GPL-0040] Routability iteration: 8
[INFO GPL-0041] Total routing overflow: 26.0789
[INFO GPL-0042] Number of overflowed tiles: 416 (7.40%)
[INFO GPL-0043] Average top 0.5% routing congestion: 1.1923
[INFO GPL-0044] Average top 1.0% routing congestion: 1.1629
[INFO GPL-0045] Average top 2.0% routing congestion: 1.1317
[INFO GPL-0046] Average top 5.0% routing congestion: 1.0851
[INFO GPL-0047] Routability iteration weighted routing congestion: 1.1776
[INFO GPL-0049] Routing congestion (1.1776) higher than minimum (1.1726). Consecutive non-improvement count: 1.
[INFO GPL-0086] Inflated area:                2925.557 um^2 (+1.41%)
[INFO GPL-0052] Placement target density:       0.7779
[INFO GPL-0076] Removing fillers, count: Before: 0, After: 0 (+0.00%)
[INFO GPL-0077] Filler area (um^2)     : Before: 0.000, After: 0.000 (+0.00%)
[INFO GPL-0078] Removed fillers count: 0, area removed: 0.000 um^2. Remaining area to be compensated by modifying density: 2925.557 um^2
[INFO GPL-0079] New target density: 0.78885627
[INFO GPL-0058] White space area:           266535.629 um^2 (+0.00%)
[INFO GPL-0059] Movable instances area:     210258.297 um^2 (+1.41%)
[INFO GPL-0060] Total filler area:               0.000 um^2 (+0.00%)
[INFO GPL-0061] Total non-inflated area:    210258.293 um^2 (+1.41%)
[INFO GPL-0062] Total inflated area:        213183.850 um^2 (+1.39%)
[INFO GPL-0063] New Target Density:             0.7889
[INFO GPL-0087] Routability end iteration: increase inflation and revert back to snapshot.
Iteration | Overflow |     HPWL (um) |  HPWL(%) |   Penalty | Group
---------------------------------------------------------------
     1010 |   0.5266 |  4.896894e+05 |   +2.07% |  1.43e-09 |      
     1020 |   0.5228 |  4.939361e+05 |   +0.87% |  2.10e-09 |      
     1030 |   0.4884 |  4.977956e+05 |   +0.78% |  3.09e-09 |      
     1040 |   0.4588 |  4.619053e+05 |   -7.21% |  4.55e-09 |      
     1050 |   0.4202 |  5.000833e+05 |   +8.27% |  6.68e-09 |      
     1060 |   0.3860 |  4.945845e+05 |   -1.10% |  9.84e-09 |      
     1070 |   0.3576 |  4.793071e+05 |   -3.09% |  1.45e-08 |      
     1080 |   0.3232 |  4.862870e+05 |   +1.46% |  2.13e-08 |      
[INFO GPL-0040] Routability iteration: 9
[INFO GPL-0041] Total routing overflow: 21.2486
[INFO GPL-0042] Number of overflowed tiles: 351 (6.24%)
[INFO GPL-0043] Average top 0.5% routing congestion: 1.1677
[INFO GPL-0044] Average top 1.0% routing congestion: 1.1460
[INFO GPL-0045] Average top 2.0% routing congestion: 1.1222
[INFO GPL-0046] Average top 5.0% routing congestion: 1.0736
[INFO GPL-0047] Routability iteration weighted routing congestion: 1.1569
[INFO GPL-0048] Routing congestion (1.1569) lower than previous minimum (1.173). Updating minimum.
[INFO GPL-0086] Inflated area:                2498.586 um^2 (+1.19%)
[INFO GPL-0052] Placement target density:       0.7889
[INFO GPL-0076] Removing fillers, count: Before: 0, After: 0 (+0.00%)
[INFO GPL-0077] Filler area (um^2)     : Before: 0.000, After: 0.000 (+0.00%)
[INFO GPL-0078] Removed fillers count: 0, area removed: 0.000 um^2. Remaining area to be compensated by modifying density: 2498.586 um^2
[INFO GPL-0079] New target density: 0.7982305
[INFO GPL-0058] White space area:           266535.629 um^2 (+0.00%)
[INFO GPL-0059] Movable instances area:     212756.873 um^2 (+1.19%)
[INFO GPL-0060] Total filler area:               0.000 um^2 (+0.00%)
[INFO GPL-0061] Total non-inflated area:    212756.879 um^2 (+1.19%)
[INFO GPL-0062] Total inflated area:        215255.465 um^2 (+1.17%)
[INFO GPL-0063] New Target Density:             0.7982
[INFO GPL-0087] Routability end iteration: increase inflation and revert back to snapshot.
Iteration | Overflow |     HPWL (um) |  HPWL(%) |   Penalty | Group
---------------------------------------------------------------
     1090 |   0.6544 |  3.611795e+05 |  -25.73% |  1.10e-09 |      
     1100 |   0.5169 |  5.168628e+05 |  +43.10% |  1.60e-09 |      
     1110 |   0.5125 |  4.895812e+05 |   -5.28% |  2.36e-09 |      
     1120 |   0.4773 |  4.953557e+05 |   +1.18% |  3.47e-09 |      
     1130 |   0.4427 |  4.721261e+05 |   -4.69% |  5.11e-09 |      
     1140 |   0.4071 |  4.988917e+05 |   +5.67% |  7.50e-09 |      
     1150 |   0.3787 |  4.946094e+05 |   -0.86% |  1.10e-08 |      
     1160 |   0.3458 |  4.854676e+05 |   -1.85% |  1.63e-08 |      
     1170 |   0.3135 |  4.857570e+05 |   +0.06% |  2.40e-08 |      
[INFO GPL-0040] Routability iteration: 10
[INFO GPL-0041] Total routing overflow: 17.8993
[INFO GPL-0042] Number of overflowed tiles: 348 (6.19%)
[INFO GPL-0043] Average top 0.5% routing congestion: 1.1562
[INFO GPL-0044] Average top 1.0% routing congestion: 1.1290
[INFO GPL-0045] Average top 2.0% routing congestion: 1.1028
[INFO GPL-0046] Average top 5.0% routing congestion: 1.0619
[INFO GPL-0047] Routability iteration weighted routing congestion: 1.1426
[INFO GPL-0048] Routing congestion (1.1426) lower than previous minimum (1.157). Updating minimum.
[INFO GPL-0086] Inflated area:                1963.942 um^2 (+0.92%)
[INFO GPL-0052] Placement target density:       0.7982
[INFO GPL-0076] Removing fillers, count: Before: 0, After: 0 (+0.00%)
[INFO GPL-0077] Filler area (um^2)     : Before: 0.000, After: 0.000 (+0.00%)
[INFO GPL-0078] Removed fillers count: 0, area removed: 0.000 um^2. Remaining area to be compensated by modifying density: 1963.942 um^2
[INFO GPL-0079] New target density: 0.8055989
[INFO GPL-0058] White space area:           266535.629 um^2 (+0.00%)
[INFO GPL-0059] Movable instances area:     214720.823 um^2 (+0.92%)
[INFO GPL-0060] Total filler area:               0.000 um^2 (+0.00%)
[INFO GPL-0061] Total non-inflated area:    214720.822 um^2 (+0.92%)
[INFO GPL-0062] Total inflated area:        216684.764 um^2 (+0.91%)
[INFO GPL-0063] New Target Density:             0.8056
[INFO GPL-0087] Routability end iteration: increase inflation and revert back to snapshot.
Iteration | Overflow |     HPWL (um) |  HPWL(%) |   Penalty | Group
---------------------------------------------------------------
     1180 |   0.5536 |  4.625378e+05 |   -4.78% |  1.28e-09 |      
     1190 |   0.5243 |  5.121858e+05 |  +10.73% |  1.87e-09 |      
     1200 |   0.4927 |  4.999890e+05 |   -2.38% |  2.75e-09 |      
     1210 |   0.4665 |  4.746868e+05 |   -5.06% |  4.05e-09 |      
     1220 |   0.4264 |  4.969861e+05 |   +4.70% |  5.95e-09 |      
     1230 |   0.3949 |  4.956195e+05 |   -0.27% |  8.75e-09 |      
     1240 |   0.3625 |  4.866328e+05 |   -1.81% |  1.29e-08 |      
     1250 |   0.3317 |  4.907192e+05 |   +0.84% |  1.90e-08 |      
     1260 |   0.3018 |  4.857775e+05 |   -1.01% |  2.80e-08 |      
[INFO GPL-0040] Routability iteration: 11
[INFO GPL-0041] Total routing overflow: 18.1941
[INFO GPL-0042] Number of overflowed tiles: 336 (5.97%)
[INFO GPL-0043] Average top 0.5% routing congestion: 1.1594
[INFO GPL-0044] Average top 1.0% routing congestion: 1.1374
[INFO GPL-0045] Average top 2.0% routing congestion: 1.1089
[INFO GPL-0046] Average top 5.0% routing congestion: 1.0637
[INFO GPL-0047] Routability iteration weighted routing congestion: 1.1484
[INFO GPL-0049] Routing congestion (1.1484) higher than minimum (1.1426). Consecutive non-improvement count: 1.
[INFO GPL-0086] Inflated area:                1947.062 um^2 (+0.91%)
[INFO GPL-0052] Placement target density:       0.8056
[INFO GPL-0076] Removing fillers, count: Before: 0, After: 0 (+0.00%)
[INFO GPL-0077] Filler area (um^2)     : Before: 0.000, After: 0.000 (+0.00%)
[INFO GPL-0078] Removed fillers count: 0, area removed: 0.000 um^2. Remaining area to be compensated by modifying density: 1947.062 um^2
[INFO GPL-0079] New target density: 0.812904
[INFO GPL-0058] White space area:           266535.629 um^2 (+0.00%)
[INFO GPL-0059] Movable instances area:     216667.881 um^2 (+0.91%)
[INFO GPL-0060] Total filler area:               0.000 um^2 (+0.00%)
[INFO GPL-0061] Total non-inflated area:    216667.884 um^2 (+0.91%)
[INFO GPL-0062] Total inflated area:        218614.946 um^2 (+0.90%)
[INFO GPL-0063] New Target Density:             0.8129
[INFO GPL-0087] Routability end iteration: increase inflation and revert back to snapshot.
Iteration | Overflow |     HPWL (um) |  HPWL(%) |   Penalty | Group
---------------------------------------------------------------
     1270 |   0.5173 |  5.191382e+05 |   +6.87% |  1.48e-09 |      
     1280 |   0.5215 |  4.972631e+05 |   -4.21% |  2.18e-09 |      
     1290 |   0.4824 |  5.054275e+05 |   +1.64% |  3.21e-09 |      
     1300 |   0.4506 |  4.693150e+05 |   -7.14% |  4.72e-09 |      
     1310 |   0.4139 |  5.051208e+05 |   +7.63% |  6.94e-09 |      
     1320 |   0.3825 |  4.994772e+05 |   -1.12% |  1.02e-08 |      
     1330 |   0.3516 |  4.846105e+05 |   -2.98% |  1.50e-08 |      
     1340 |   0.3196 |  4.891318e+05 |   +0.93% |  2.22e-08 |      
[INFO GPL-0040] Routability iteration: 12
[INFO GPL-0041] Total routing overflow: 21.4528
[INFO GPL-0042] Number of overflowed tiles: 353 (6.28%)
[INFO GPL-0043] Average top 0.5% routing congestion: 1.1852
[INFO GPL-0044] Average top 1.0% routing congestion: 1.1551
[INFO GPL-0045] Average top 2.0% routing congestion: 1.1211
[INFO GPL-0046] Average top 5.0% routing congestion: 1.0738
[INFO GPL-0047] Routability iteration weighted routing congestion: 1.1702
[INFO GPL-0049] Routing congestion (1.1702) higher than minimum (1.1426). Consecutive non-improvement count: 2.
[INFO GPL-0086] Inflated area:                2589.530 um^2 (+1.20%)
[INFO GPL-0052] Placement target density:       0.8129
[INFO GPL-0076] Removing fillers, count: Before: 0, After: 0 (+0.00%)
[INFO GPL-0077] Filler area (um^2)     : Before: 0.000, After: 0.000 (+0.00%)
[INFO GPL-0078] Removed fillers count: 0, area removed: 0.000 um^2. Remaining area to be compensated by modifying density: 2589.530 um^2
[INFO GPL-0079] New target density: 0.8226195
[INFO GPL-0058] White space area:           266535.629 um^2 (+0.00%)
[INFO GPL-0059] Movable instances area:     219257.405 um^2 (+1.20%)
[INFO GPL-0060] Total filler area:               0.000 um^2 (+0.00%)
[INFO GPL-0061] Total non-inflated area:    219257.413 um^2 (+1.20%)
[INFO GPL-0062] Total inflated area:        221846.943 um^2 (+1.18%)
[INFO GPL-0063] New Target Density:             0.8226
[INFO GPL-0087] Routability end iteration: increase inflation and revert back to snapshot.
Iteration | Overflow |     HPWL (um) |  HPWL(%) |   Penalty | Group
---------------------------------------------------------------
     1350 |   0.6392 |  3.750075e+05 |  -23.33% |  1.14e-09 |      
     1360 |   0.5147 |  5.333451e+05 |  +42.22% |  1.66e-09 |      
     1370 |   0.5053 |  4.992287e+05 |   -6.40% |  2.45e-09 |      
     1380 |   0.4713 |  4.971107e+05 |   -0.42% |  3.60e-09 |      
     1390 |   0.4369 |  4.901045e+05 |   -1.41% |  5.30e-09 |      
     1400 |   0.4047 |  5.039237e+05 |   +2.82% |  7.79e-09 |      
     1410 |   0.3727 |  4.978010e+05 |   -1.22% |  1.15e-08 |      
     1420 |   0.3390 |  4.919612e+05 |   -1.17% |  1.69e-08 |      
     1430 |   0.3103 |  4.908735e+05 |   -0.22% |  2.49e-08 |      
[INFO GPL-0040] Routability iteration: 13
[INFO GPL-0041] Total routing overflow: 16.5628
[INFO GPL-0042] Number of overflowed tiles: 344 (6.12%)
[INFO GPL-0043] Average top 0.5% routing congestion: 1.1464
[INFO GPL-0044] Average top 1.0% routing congestion: 1.1244
[INFO GPL-0045] Average top 2.0% routing congestion: 1.0987
[INFO GPL-0046] Average top 5.0% routing congestion: 1.0578
[INFO GPL-0047] Routability iteration weighted routing congestion: 1.1354
[INFO GPL-0048] Routing congestion (1.1354) lower than previous minimum (1.143). Updating minimum.
[INFO GPL-0086] Inflated area:                2018.201 um^2 (+0.92%)
[INFO GPL-0052] Placement target density:       0.8226
[INFO GPL-0076] Removing fillers, count: Before: 0, After: 0 (+0.00%)
[INFO GPL-0077] Filler area (um^2)     : Before: 0.000, After: 0.000 (+0.00%)
[INFO GPL-0078] Removed fillers count: 0, area removed: 0.000 um^2. Remaining area to be compensated by modifying density: 2018.201 um^2
[INFO GPL-0079] New target density: 0.8301915
[INFO GPL-0058] White space area:           266535.629 um^2 (+0.00%)
[INFO GPL-0059] Movable instances area:     221275.619 um^2 (+0.92%)
[INFO GPL-0060] Total filler area:               0.000 um^2 (+0.00%)
[INFO GPL-0061] Total non-inflated area:    221275.614 um^2 (+0.92%)
[INFO GPL-0062] Total inflated area:        223293.815 um^2 (+0.91%)
[INFO GPL-0063] New Target Density:             0.8302
[INFO GPL-0087] Routability end iteration: increase inflation and revert back to snapshot.
Iteration | Overflow |     HPWL (um) |  HPWL(%) |   Penalty | Group
---------------------------------------------------------------
     1440 |   0.5325 |  4.920929e+05 |   +0.25% |  1.32e-09 |      
     1450 |   0.5237 |  5.156342e+05 |   +4.78% |  1.94e-09 |      
     1460 |   0.4879 |  5.123395e+05 |   -0.64% |  2.85e-09 |      
     1470 |   0.4641 |  4.753109e+05 |   -7.23% |  4.20e-09 |      
     1480 |   0.4171 |  5.105728e+05 |   +7.42% |  6.17e-09 |      
     1490 |   0.3891 |  5.044044e+05 |   -1.21% |  9.09e-09 |      
     1500 |   0.3576 |  4.891765e+05 |   -3.02% |  1.34e-08 |      
     1510 |   0.3251 |  4.944158e+05 |   +1.07% |  1.97e-08 |      
     1520 |   0.2968 |  4.881572e+05 |   -1.27% |  2.90e-08 |      
[INFO GPL-0040] Routability iteration: 14
[INFO GPL-0041] Total routing overflow: 16.6633
[INFO GPL-0042] Number of overflowed tiles: 338 (6.01%)
[INFO GPL-0043] Average top 0.5% routing congestion: 1.1389
[INFO GPL-0044] Average top 1.0% routing congestion: 1.1167
[INFO GPL-0045] Average top 2.0% routing congestion: 1.0943
[INFO GPL-0046] Average top 5.0% routing congestion: 1.0579
[INFO GPL-0047] Routability iteration weighted routing congestion: 1.1278
[INFO GPL-0048] Routing congestion (1.1278) lower than previous minimum (1.135). Updating minimum.
[INFO GPL-0086] Inflated area:                2132.400 um^2 (+0.96%)
[INFO GPL-0052] Placement target density:       0.8302
[INFO GPL-0076] Removing fillers, count: Before: 0, After: 0 (+0.00%)
[INFO GPL-0077] Filler area (um^2)     : Before: 0.000, After: 0.000 (+0.00%)
[INFO GPL-0078] Removed fillers count: 0, area removed: 0.000 um^2. Remaining area to be compensated by modifying density: 2132.400 um^2
[INFO GPL-0079] New target density: 0.8381919
[INFO GPL-0058] White space area:           266535.629 um^2 (+0.00%)
[INFO GPL-0059] Movable instances area:     223408.013 um^2 (+0.96%)
[INFO GPL-0060] Total filler area:               0.000 um^2 (+0.00%)
[INFO GPL-0061] Total non-inflated area:    223408.014 um^2 (+0.96%)
[INFO GPL-0062] Total inflated area:        225540.415 um^2 (+0.95%)
[INFO GPL-0063] New Target Density:             0.8382
[INFO GPL-0087] Routability end iteration: increase inflation and revert back to snapshot.
Iteration | Overflow |     HPWL (um) |  HPWL(%) |   Penalty | Group
---------------------------------------------------------------
     1530 |   0.5095 |  5.433006e+05 |  +11.30% |  1.54e-09 |      
     1540 |   0.5125 |  5.040195e+05 |   -7.23% |  2.26e-09 |      
     1550 |   0.4737 |  5.101088e+05 |   +1.21% |  3.33e-09 |      
     1560 |   0.4429 |  4.839367e+05 |   -5.13% |  4.90e-09 |      
     1570 |   0.4082 |  5.106813e+05 |   +5.53% |  7.20e-09 |      
     1580 |   0.3789 |  5.040979e+05 |   -1.29% |  1.06e-08 |      
     1590 |   0.3458 |  4.913932e+05 |   -2.52% |  1.56e-08 |      
     1600 |   0.3154 |  4.933588e+05 |   +0.40% |  2.30e-08 |      
[INFO GPL-0040] Routability iteration: 15
[INFO GPL-0041] Total routing overflow: 15.1197
[INFO GPL-0042] Number of overflowed tiles: 335 (5.96%)
[INFO GPL-0043] Average top 0.5% routing congestion: 1.1297
[INFO GPL-0044] Average top 1.0% routing congestion: 1.1097
[INFO GPL-0045] Average top 2.0% routing congestion: 1.0876
[INFO GPL-0046] Average top 5.0% routing congestion: 1.0528
[INFO GPL-0047] Routability iteration weighted routing congestion: 1.1197
[INFO GPL-0048] Routing congestion (1.1197) lower than previous minimum (1.128). Updating minimum.
[INFO GPL-0086] Inflated area:                1779.715 um^2 (+0.80%)
[INFO GPL-0052] Placement target density:       0.8382
[INFO GPL-0076] Removing fillers, count: Before: 0, After: 0 (+0.00%)
[INFO GPL-0077] Filler area (um^2)     : Before: 0.000, After: 0.000 (+0.00%)
[INFO GPL-0078] Removed fillers count: 0, area removed: 0.000 um^2. Remaining area to be compensated by modifying density: 1779.715 um^2
[INFO GPL-0079] New target density: 0.84486914
[INFO GPL-0058] White space area:           266535.629 um^2 (+0.00%)
[INFO GPL-0059] Movable instances area:     225187.725 um^2 (+0.80%)
[INFO GPL-0060] Total filler area:               0.000 um^2 (+0.00%)
[INFO GPL-0061] Total non-inflated area:    225187.729 um^2 (+0.80%)
[INFO GPL-0062] Total inflated area:        226967.444 um^2 (+0.79%)
[INFO GPL-0063] New Target Density:             0.8449
[INFO GPL-0087] Routability end iteration: increase inflation and revert back to snapshot.
Iteration | Overflow |     HPWL (um) |  HPWL(%) |   Penalty | Group
---------------------------------------------------------------
     1610 |   0.5418 |  4.795474e+05 |   -2.80% |  1.27e-09 |      
     1620 |   0.5205 |  5.273999e+05 |   +9.98% |  1.86e-09 |      
     1630 |   0.4869 |  5.163679e+05 |   -2.09% |  2.74e-09 |      
     1640 |   0.4636 |  4.818514e+05 |   -6.68% |  4.04e-09 |      
     1650 |   0.4202 |  5.125740e+05 |   +6.38% |  5.93e-09 |      
     1660 |   0.3918 |  5.072378e+05 |   -1.04% |  8.73e-09 |      
     1670 |   0.3607 |  4.920501e+05 |   -2.99% |  1.29e-08 |      
     1680 |   0.3265 |  4.966368e+05 |   +0.93% |  1.89e-08 |      
     1690 |   0.2989 |  4.904204e+05 |   -1.25% |  2.79e-08 |      
[INFO GPL-0040] Routability iteration: 16
[INFO GPL-0041] Total routing overflow: 14.9757
[INFO GPL-0042] Number of overflowed tiles: 327 (5.81%)
[INFO GPL-0043] Average top 0.5% routing congestion: 1.1312
[INFO GPL-0044] Average top 1.0% routing congestion: 1.1143
[INFO GPL-0045] Average top 2.0% routing congestion: 1.0913
[INFO GPL-0046] Average top 5.0% routing congestion: 1.0525
[INFO GPL-0047] Routability iteration weighted routing congestion: 1.1227
[INFO GPL-0049] Routing congestion (1.1227) higher than minimum (1.1197). Consecutive non-improvement count: 1.
[INFO GPL-0086] Inflated area:                1920.423 um^2 (+0.85%)
[INFO GPL-0052] Placement target density:       0.8449
[INFO GPL-0076] Removing fillers, count: Before: 0, After: 0 (+0.00%)
[INFO GPL-0077] Filler area (um^2)     : Before: 0.000, After: 0.000 (+0.00%)
[INFO GPL-0078] Removed fillers count: 0, area removed: 0.000 um^2. Remaining area to be compensated by modifying density: 1920.423 um^2
[INFO GPL-0079] New target density: 0.85207427
[INFO GPL-0058] White space area:           266535.629 um^2 (+0.00%)
[INFO GPL-0059] Movable instances area:     227108.159 um^2 (+0.85%)
[INFO GPL-0060] Total filler area:               0.000 um^2 (+0.00%)
[INFO GPL-0061] Total non-inflated area:    227108.153 um^2 (+0.85%)
[INFO GPL-0062] Total inflated area:        229028.576 um^2 (+0.85%)
[INFO GPL-0063] New Target Density:             0.8521
[INFO GPL-0087] Routability end iteration: increase inflation and revert back to snapshot.
Iteration | Overflow |     HPWL (um) |  HPWL(%) |   Penalty | Group
---------------------------------------------------------------
     1700 |   0.5085 |  5.510476e+05 |  +12.36% |  1.54e-09 |      
     1710 |   0.5127 |  5.084101e+05 |   -7.74% |  2.26e-09 |      
     1720 |   0.4724 |  5.140454e+05 |   +1.11% |  3.33e-09 |      
     1730 |   0.4412 |  4.888060e+05 |   -4.91% |  4.90e-09 |      
     1740 |   0.4079 |  5.136893e+05 |   +5.09% |  7.19e-09 |      
     1750 |   0.3755 |  5.062595e+05 |   -1.45% |  1.06e-08 |      
     1760 |   0.3431 |  4.945199e+05 |   -2.32% |  1.56e-08 |      
     1770 |   0.3095 |  4.963627e+05 |   +0.37% |  2.30e-08 |      
[INFO GPL-0040] Routability iteration: 17
[INFO GPL-0041] Total routing overflow: 14.9138
[INFO GPL-0042] Number of overflowed tiles: 327 (5.81%)
[INFO GPL-0043] Average top 0.5% routing congestion: 1.1298
[INFO GPL-0044] Average top 1.0% routing congestion: 1.1085
[INFO GPL-0045] Average top 2.0% routing congestion: 1.0861
[INFO GPL-0046] Average top 5.0% routing congestion: 1.0521
[INFO GPL-0047] Routability iteration weighted routing congestion: 1.1191
[INFO GPL-0049] Routing congestion (1.1191) higher than minimum (1.1197). Consecutive non-improvement count: 2.
[INFO GPL-0086] Inflated area:                1743.237 um^2 (+0.77%)
[INFO GPL-0052] Placement target density:       0.8521
[INFO GPL-0076] Removing fillers, count: Before: 0, After: 0 (+0.00%)
[INFO GPL-0077] Filler area (um^2)     : Before: 0.000, After: 0.000 (+0.00%)
[INFO GPL-0078] Removed fillers count: 0, area removed: 0.000 um^2. Remaining area to be compensated by modifying density: 1743.237 um^2
[INFO GPL-0079] New target density: 0.8586146
[INFO GPL-0058] White space area:           266535.629 um^2 (+0.00%)
[INFO GPL-0059] Movable instances area:     228851.384 um^2 (+0.77%)
[INFO GPL-0060] Total filler area:               0.000 um^2 (+0.00%)
[INFO GPL-0061] Total non-inflated area:    228851.389 um^2 (+0.77%)
[INFO GPL-0062] Total inflated area:        230594.626 um^2 (+0.76%)
[INFO GPL-0063] New Target Density:             0.8586
[INFO GPL-0087] Routability end iteration: increase inflation and revert back to snapshot.
Iteration | Overflow |     HPWL (um) |  HPWL(%) |   Penalty | Group
---------------------------------------------------------------
     1780 |   0.5381 |  4.861548e+05 |   -2.06% |  1.27e-09 |      
     1790 |   0.5194 |  5.326766e+05 |   +9.57% |  1.86e-09 |      
     1800 |   0.4846 |  5.225113e+05 |   -1.91% |  2.74e-09 |      
     1810 |   0.4613 |  4.841422e+05 |   -7.34% |  4.03e-09 |      
     1820 |   0.4177 |  5.175068e+05 |   +6.89% |  5.92e-09 |      
     1830 |   0.3935 |  5.108850e+05 |   -1.28% |  8.72e-09 |      
     1840 |   0.3593 |  4.948317e+05 |   -3.14% |  1.29e-08 |      
     1850 |   0.3285 |  4.994079e+05 |   +0.92% |  1.89e-08 |      
     1860 |   0.2988 |  4.920744e+05 |   -1.47% |  2.79e-08 |      
[INFO GPL-0040] Routability iteration: 18
[INFO GPL-0041] Total routing overflow: 17.1461
[INFO GPL-0042] Number of overflowed tiles: 353 (6.28%)
[INFO GPL-0043] Average top 0.5% routing congestion: 1.1341
[INFO GPL-0044] Average top 1.0% routing congestion: 1.1158
[INFO GPL-0045] Average top 2.0% routing congestion: 1.0938
[INFO GPL-0046] Average top 5.0% routing congestion: 1.0592
[INFO GPL-0047] Routability iteration weighted routing congestion: 1.1249
[INFO GPL-0049] Routing congestion (1.1249) higher than minimum (1.1197). Consecutive non-improvement count: 3.
[INFO GPL-0086] Inflated area:                2105.534 um^2 (+0.92%)
[INFO GPL-0052] Placement target density:       0.8586
[INFO GPL-0076] Removing fillers, count: Before: 0, After: 0 (+0.00%)
[INFO GPL-0077] Filler area (um^2)     : Before: 0.000, After: 0.000 (+0.00%)
[INFO GPL-0078] Removed fillers count: 0, area removed: 0.000 um^2. Remaining area to be compensated by modifying density: 2105.534 um^2
[INFO GPL-0079] New target density: 0.86651427
[INFO GPL-0054] No improvement in routing congestion for 3 consecutive iterations (limit is 3).
[INFO GPL-0055] Reverting inflation values and target density from the iteration with minimum observed routing congestion.
[INFO GPL-0056] Minimum observed routing congestion: 1.1197
[INFO GPL-0057] Target density at minimum routing congestion: 0.8382
[INFO GPL-0080] Restoring 0 previously removed fillers.
[INFO GPL-0089] Routability finished. Reverting to minimal observed routing congestion, could not reach target.
Iteration | Overflow |     HPWL (um) |  HPWL(%) |   Penalty | Group
---------------------------------------------------------------
     1870 |   0.5026 |  5.374666e+05 |   +9.22% |  1.54e-09 |      
     1880 |   0.5056 |  5.012788e+05 |   -6.73% |  2.26e-09 |      
     1890 |   0.4656 |  5.102529e+05 |   +1.79% |  3.33e-09 |      
     1900 |   0.4387 |  4.800275e+05 |   -5.92% |  4.90e-09 |      
     1910 |   0.4005 |  5.111842e+05 |   +6.49% |  7.20e-09 |      
     1920 |   0.3745 |  5.039739e+05 |   -1.41% |  1.06e-08 |      
     1930 |   0.3398 |  4.902443e+05 |   -2.72% |  1.56e-08 |      
     1940 |   0.3102 |  4.934295e+05 |   +0.65% |  2.30e-08 |      
     1950 |   0.2782 |  4.877528e+05 |   -1.15% |  3.39e-08 |      
     1960 |   0.2496 |  4.888427e+05 |   +0.22% |  4.99e-08 |      
     1970 |   0.2242 |  4.877914e+05 |   -0.22% |  7.35e-08 |      
     1980 |   0.1967 |  4.881541e+05 |   +0.07% |  1.08e-07 |      
[INFO GPL-0100] Timing-driven iteration 2/2, virtual: false.
[INFO GPL-0101]    Iter: 1982, overflow: 0.194, keep resizer changes at: 1, HPWL: 488205108
Iteration |   Area    | Resized | Buffers | Nets repaired | Remaining
---------------------------------------------------------------------
        0 |     +0.0% |       0 |       0 |             0 |     18169
    final |     +0.1% |      14 |      12 |            17 |         0
---------------------------------------------------------------------
[INFO RSZ-0034] Found 14 slew violations.
[INFO RSZ-0036] Found 3 capacitance violations.
[INFO RSZ-0039] Resized 14 instances.
[INFO RSZ-0038] Inserted 12 buffers in 17 nets.
   Iter   |    Area   | Removed | Inserted |   Pins
          |           | Buffers | Buffers  | Remaining
-------------------------------------------------------
        0 |     +0.0% |       0 |        0 |     15433
     1500 |     +0.1% |      52 |       62 |     13933
     3000 |     +0.2% |     365 |      387 |     12433
     4500 |     +0.1% |     485 |      496 |     10933
     6000 |     -0.2% |     617 |      627 |      9433
     7500 |     +0.0% |     872 |      929 |      7933
     9000 |     -0.0% |    1131 |     1184 |      6433
    10500 |     -0.2% |    1579 |     1562 |      4933
    12000 |     -0.1% |    1889 |     1869 |      3433
    13500 |     -0.3% |    2351 |     2289 |      1933
    15000 |     -0.6% |    2460 |     2342 |       433
    final |     -0.5% |    2478 |     2363 |         0
-------------------------------------------------------
[INFO GPL-0106] Timing-driven: worst slack -2.8949998e-09
[INFO GPL-0107] Timing-driven: repair_design delta area: -6592.714 um^2 (-2.88%)
[INFO GPL-0108] Timing-driven: repair_design, gpl delta gcells: -103 (-0.57%)
[INFO GPL-0109] Timing-driven: repair_design, gcells created: 2375, deleted: 2478
[INFO GPL-0110] Timing-driven: new target density: 0.83387977
Iteration | Overflow |     HPWL (um) |  HPWL(%) |   Penalty | Group
---------------------------------------------------------------
     1990 |   0.1758 |  5.001690e+05 |   +2.46% |  1.59e-07 |      
     2000 |   0.1531 |  4.918526e+05 |   -1.66% |  2.35e-07 |      
     2010 |   0.1321 |  4.891522e+05 |   -0.55% |  3.46e-07 |      
     2020 |   0.1125 |  4.883688e+05 |   -0.16% |  5.09e-07 |      
     2028 |   0.0989 |  4.882200e+05 |          |  7.22e-07 |      
---------------------------------------------------------------
[INFO GPL-1001] Global placement finished at iteration 2028
[INFO GPL-1017] Routability mode iteration count: 1601
[INFO GPL-1005] Routability final weighted congestion: 1.1312
[INFO GPL-1002] Placed Cell Area            216815.3004
[INFO GPL-1003] Available Free Area         266535.6288
[INFO GPL-1004] Minimum Feasible Density        0.5800 (cell_area / free_area)
[INFO GPL-1006]   Suggested Target Densities:
[INFO GPL-1007]     - For 90% usage of free space: 0.9038
[INFO GPL-1008]     - For 80% usage of free space: 1.0168
[INFO GPL-1011] Original area (um^2): 152525.46
[INFO GPL-1012] Total routability artificial inflation: 49344.48 (+32.35%)
[INFO GPL-1013] Total timing-driven delta area: 14945.35 (+9.80%)
[INFO GPL-1014] Final placement area: 216815.30 (+42.15%)
Took 151 seconds: global_placement -density 0.6949999874830246 -pad_left 0 -pad_right 0 -routability_driven -timing_driven -force_center_initial_place -min_phi_coef 0.95 -max_phi_coef 1.05
estimate_parasitics -placement
Report metrics stage 3, global place...

==========================================================================
global place report_design_area
--------------------------------------------------------------------------
Design area 163174 um^2 60% utilization.
write_db /work/results/sky130hd/m7_j0/p9p0/3_3_place_gp.odb
Elapsed time: 2:34.86[h:]min:sec. CPU time: user 3926.72 sys 15.39 (2545%). Peak memory: 509320KB.
Log                       Ext     Elapsed/s Peak Memory/MB sha1sum result [0:20)
3_3_place_gp              .odb          154            497 a2c166ebfae0f0ba3d92
/OpenROAD-flow-scripts/flow/scripts/flow.sh 3_4_place_resized resize
Running resize.tcl, stage 3_4_place_resized
read_liberty /OpenROAD-flow-scripts/flow/platforms/sky130hd/lib/sky130_fd_sc_hd__tt_025C_1v80.lib
read_db -hier /work/results/sky130hd/m7_j0/p9p0/3_3_place_gp.odb
[WARNING ORD-0012] Hierarchical flow (-hier) is currently in development and may cause multiple issues. Do not use in production environments.
read_sdc /work/results/sky130hd/m7_j0/p9p0/2_floorplan.sdc
source /OpenROAD-flow-scripts/flow/platforms/sky130hd/setRC.tcl
estimate_parasitics -placement
replace_arith_modules -path_count 1000 -target setup -slack_threshold 0.0
[INFO RSZ-0151] Starting arithmetic module replacement to optimize 'setup' target
[INFO RSZ-0152] Analyzing 1000 critical paths with slack < 0.00
[INFO RSZ-0153] Identified 489 violating endpoints
[INFO RSZ-0154] Identified 2 critical arithmetic instances
[INFO RSZ-0160] 0 arithmetic instances have swapped to improve 'setup' target
[INFO GPL-0083] Execute incremental mode global placement.
[INFO GPL-0001] ---- Initialize GPL Main Data Structures
[INFO GPL-0002] DBU: 1000
[INFO GPL-0003] SiteSize: (  0.460  2.720 ) um
[INFO GPL-0004] CoreBBox: (  1.380  2.720 ) ( 523.020 522.240 ) um
[INFO GPL-0016] Core area:                  271002.413 um^2
[INFO GPL-0036] Movable instances area:     158707.213 um^2
[INFO GPL-0037] Total instances area:       163173.997 um^2
[INFO GPL-0035] Pin density area adjust:     15610.946 um^2
[INFO GPL-0032] ---- Initialize Region: Top-level
[INFO GPL-0006] Number of instances:             21414
[INFO GPL-0007] Movable instances:               17844
[INFO GPL-0008] Fixed instances:                  3570
[INFO GPL-0009] Dummy instances:                     0
[INFO GPL-0010] Number of nets:                  18039
[INFO GPL-0011] Number of pins:                  64240
[INFO GPL-0012] Die BBox:       (  0.000  0.000 ) ( 524.280 524.280 ) um
[INFO GPL-0013] Placement BBox: (  1.380  2.720 ) ( 523.020 522.240 ) um
[INFO GPL-0014] Region name: top-level.
[INFO GPL-0015] Region area:                271002.413 um^2
[INFO GPL-0017] Fixed instances area:         4466.784 um^2
[INFO GPL-0018] Movable instances area:     174318.158 um^2
[INFO GPL-0019] Utilization:                    65.401 %
[INFO GPL-0020] Standard cells area:        174318.158 um^2
[INFO GPL-0021] Large instances area:            0.000 um^2
[INFO GPL-0154] Identified 17844 placed instances
[INFO GPL-0155] Identified 0 not placed instances
[INFO GPL-0156] Identified all instances as placed. Skipping incremental mode
Perform buffer insertion and gate resizing...
repair_design -verbose -match_cell_footprint
Iteration |   Area    | Resized | Buffers | Nets repaired | Remaining
---------------------------------------------------------------------
        0 |     +0.0% |       0 |       0 |             0 |     18066
     1000 |     +0.0% |       0 |       0 |             0 |     17066
     2000 |     +0.0% |       0 |       0 |             0 |     16066
     3000 |     +0.0% |       0 |       0 |             0 |     15066
     4000 |     +0.0% |       0 |       0 |             0 |     14066
     5000 |     +0.0% |       0 |       0 |             0 |     13066
     6000 |     +0.0% |       0 |       0 |             0 |     12066
     7000 |     +0.0% |       0 |       0 |             0 |     11066
     8000 |     +0.0% |       0 |       0 |             0 |     10066
     9000 |     +0.0% |       0 |       0 |             0 |      9066
    10000 |     +0.0% |       0 |       0 |             0 |      8066
    11000 |     +0.0% |       0 |       0 |             0 |      7066
    12000 |     +0.0% |       0 |       0 |             0 |      6066
    13000 |     +0.0% |       0 |       0 |             0 |      5066
    14000 |     +0.0% |       0 |       0 |             0 |      4066
    15000 |     +0.0% |       0 |       0 |             0 |      3066
    16000 |     +0.0% |       0 |       0 |             0 |      2066
    17000 |     +0.0% |       0 |       0 |             0 |      1066
    18000 |     +0.0% |       0 |       0 |             0 |        66
    final |     +0.0% |       0 |       0 |             0 |         0
---------------------------------------------------------------------
[INFO RSZ-0504] Runtime: 1.09s
Floating nets: 
Report metrics stage 3, resizer...

==========================================================================
resizer report_design_area
--------------------------------------------------------------------------
Design area 163174 um^2 60% utilization.
Instance count before 21414, after 21414
Pin count before 63991, after 63991
write_db /work/results/sky130hd/m7_j0/p9p0/3_4_place_resized.odb
Elapsed time: 0:05.97[h:]min:sec. CPU time: user 9.33 sys 4.17 (226%). Peak memory: 227520KB.
Log                       Ext     Elapsed/s Peak Memory/MB sha1sum result [0:20)
3_4_place_resized         .odb            5            222 a2c166ebfae0f0ba3d92
/OpenROAD-flow-scripts/flow/scripts/flow.sh 3_5_place_dp detail_place
Running detail_place.tcl, stage 3_5_place_dp
read_liberty /OpenROAD-flow-scripts/flow/platforms/sky130hd/lib/sky130_fd_sc_hd__tt_025C_1v80.lib
read_db -hier /work/results/sky130hd/m7_j0/p9p0/3_4_place_resized.odb
[WARNING ORD-0012] Hierarchical flow (-hier) is currently in development and may cause multiple issues. Do not use in production environments.
read_sdc /work/results/sky130hd/m7_j0/p9p0/2_floorplan.sdc
source /OpenROAD-flow-scripts/flow/platforms/sky130hd/setRC.tcl
detailed_placement
[INFO DPL-0006] Core area: 271002.41 um^2
[INFO DPL-0007] Movable instances area: 158707.21 um^2
[INFO DPL-0008] Fixed instances area within core: 4466.78 um^2
[INFO DPL-0009] Utilization: 60.2%
[INFO DPL-0005] Diamond search max displacement: +/- 500 sites horizontally, +/- 100 rows vertically.
[INFO DPL-1102] Legalizing using negotiation legalizer.
[INFO DPL-1103] Negotiation base search window: +/-20 sites horizontally, +/-5 rows vertically 
	Automatic search window extension enabled.
	Search window extendable up to the max displacement cap of +/-500 sites, +/-100 rows near walls.
[INFO DPL-1104] NegotiationLegalizer DRC penalty: 5.
[INFO DPL-0392] Negotiation cell height distribution (1 unique row-count(s)):
[INFO DPL-0393]   height 1 row(s): 21414 cells
          |      Total |  Illegal |  Illegal
Iteration | Violations |    Cells |    Sites
---------------------------------------------
        0 |       2015 |       447 |      1565
        1 |        977 |       133 |       844
        2 |        471 |        53 |       418
        3 |        344 |        38 |       306
        4 |        157 |        13 |       144
        5 |         44 |         6 |        38
        6 |         38 |         2 |        36
        7 |          0 |         0 |         0
Negotiation phase 1 converged at iteration 7.
[INFO DPL-0500] Runtime: 0.26s
Placement Analysis
---------------------------------
total displacement      58213.1 u
average displacement        2.7 u
max displacement           30.6 u
original HPWL          489193.5 u
legalized HPWL         537693.0 u
delta HPWL                   10 %

improve_placement -max_displacement "5 1"
Detailed placement improvement.
[INFO DPL-0401] Setting random seed to 1.
[INFO DPL-0402] Setting maximum displacement 5 1 to 13600 2720 units.
[INFO DPL-0320] Collected 3846 fixed cells.
[INFO DPL-0318] Collected 17844 single height cells.
[INFO DPL-0321] Collected 0 wide cells.
[INFO DPL-0322] Image (1380, 2720) - (523020, 522240)
[INFO DPL-0310] Assigned 17844 cells into segments.  Movement in X-direction is 0.000000, movement in Y-direction is 0.000000.
[INFO DPL-0313] Found 0 cells in wrong regions.
[INFO DPL-0315] Found 0 row alignment problems.
[INFO DPL-0314] Found 0 site alignment problems.
[INFO DPL-0311] Found 0 overlaps between adjacent cells.
[INFO DPL-0312] Found 0 edge spacing violations and 0 padding violations.
[INFO DPL-0303] Running algorithm for independent set matching.
[INFO DPL-0300] Set matching objective is wirelength.
[INFO DPL-0301] Pass   1 of matching; objective is 5.376987e+08.
[INFO DPL-0302] End of matching; objective is 5.374023e+08, improvement is 0.06 percent.
[INFO DPL-0303] Running algorithm for global swaps.
[INFO DPL-0306] Pass   1 of global swaps; hpwl is 5.301317e+08.
[INFO DPL-0306] Pass   2 of global swaps; hpwl is 5.286275e+08.
[INFO DPL-0307] End of global swaps; objective is 5.286275e+08, improvement is 1.63 percent.
[INFO DPL-0303] Running algorithm for vertical swaps.
[INFO DPL-0308] Pass   1 of vertical swaps; hpwl is 5.266561e+08.
[INFO DPL-0309] End of vertical swaps; objective is 5.266561e+08, improvement is 0.37 percent.
[INFO DPL-0303] Running algorithm for reordering.
[INFO DPL-0304] Pass   1 of reordering; objective is 5.261355e+08.
[INFO DPL-0305] End of reordering; objective is 5.261355e+08, improvement is 0.10 percent.
[INFO DPL-0303] Running algorithm for random improvement.
[INFO DPL-0324] Random improver is using random generator.
[INFO DPL-0325] Random improver is using hpwl objective.
[INFO DPL-0326] Random improver cost string is (a).
[INFO DPL-0332] End of pass, Generator random called 356880 times.
[INFO DPL-0335] Generator random, Cumulative attempts 356880, swaps 51114, moves 87081 since last reset.
[INFO DPL-0333] End of pass, Objective hpwl, Initial cost 5.214937e+08, Scratch cost 5.163793e+08, Incremental cost 5.163793e+08, Mismatch? N
[INFO DPL-0338] End of pass, Total cost is 5.163793e+08.
[INFO DPL-0327] Pass   1 of random improver; improvement in cost is 0.98 percent.
[INFO DPL-0328] End of random improver; improvement is 0.980715 percent.
[INFO DPL-0380] Cell flipping.
[INFO DPL-0382] Changed 0 cell orientations for row compatibility.
[INFO DPL-0383] Performed 5286 cell flips.
[INFO DPL-0384] End of flipping; objective is 5.135814e+08, improvement is 1.43 percent.
[INFO DPL-0313] Found 0 cells in wrong regions.
[INFO DPL-0315] Found 0 row alignment problems.
[INFO DPL-0314] Found 0 site alignment problems.
[INFO DPL-0311] Found 0 overlaps between adjacent cells.
[INFO DPL-0312] Found 0 edge spacing violations and 0 padding violations.
Detailed Improvement Results
------------------------------------------
Original HPWL           537693.0 u (  241546.1,   296146.9)
Final HPWL              513645.6 u (  233355.6,   280290.0)
Delta HPWL                  -4.5 % (      -3.4,       -5.4)

optimize_mirroring
[INFO DPL-0020] Mirrored 862 instances
[INFO DPL-0021] HPWL before          513645.6 u
[INFO DPL-0022] HPWL after           513368.4 u
[INFO DPL-0023] HPWL delta               -0.1 %
[INFO FLW-0012] Placement violations .
estimate_parasitics -placement
Report metrics stage 3, detailed place...

==========================================================================
detailed place report_design_area
--------------------------------------------------------------------------
Design area 163174 um^2 60% utilization.
write_db /work/results/sky130hd/m7_j0/p9p0/3_5_place_dp.odb
write_sdc -no_timestamp /work/results/sky130hd/m7_j0/p9p0/3_place.sdc
Elapsed time: 0:06.56[h:]min:sec. CPU time: user 9.71 sys 4.28 (213%). Peak memory: 246704KB.
Log                       Ext     Elapsed/s Peak Memory/MB sha1sum result [0:20)
3_5_place_dp              .odb            6            240 6f69858897686b451466
cp /work/results/sky130hd/m7_j0/p9p0/3_5_place_dp.odb /work/results/sky130hd/m7_j0/p9p0/3_place.odb
/OpenROAD-flow-scripts/flow/scripts/flow.sh 4_1_cts cts
Running cts.tcl, stage 4_1_cts
read_liberty /OpenROAD-flow-scripts/flow/platforms/sky130hd/lib/sky130_fd_sc_hd__tt_025C_1v80.lib
read_db -hier /work/results/sky130hd/m7_j0/p9p0/3_place.odb
[WARNING ORD-0012] Hierarchical flow (-hier) is currently in development and may cause multiple issues. Do not use in production environments.
read_sdc /work/results/sky130hd/m7_j0/p9p0/3_place.sdc
source /OpenROAD-flow-scripts/flow/platforms/sky130hd/setRC.tcl
clock_tree_synthesis -sink_clustering_enable -repair_clock_nets -sink_clustering_size 20 -sink_clustering_max_diameter 50
[INFO CTS-0050] Root buffer is sky130_fd_sc_hd__clkbuf_16.
[INFO CTS-0051] Sink buffer is sky130_fd_sc_hd__clkbuf_16.
[INFO CTS-0052] The following clock buffers will be used for CTS:
                    sky130_fd_sc_hd__clkbuf_16
[INFO CTS-0049] Characterization buffer is sky130_fd_sc_hd__clkbuf_16.
[INFO CTS-0007] Net "clk" found for clock "core_clock".
[INFO CTS-0011]  Clock net "clk" for macros has 1 sinks.
[INFO CTS-0011]  Clock net "clk_regs" for registers has 230 sinks.
[INFO CTS-0010]  Clock net "_06078_" has 1880 sinks.
[INFO CTS-0008] TritonCTS found 3 clock nets.
[INFO CTS-0097] Characterization used 1 buffer(s) types.
[INFO CTS-0201] 0 blockages from hard placement blockages and placed macros will be used.
[INFO CTS-0027] Generating H-Tree topology for net clk.
[INFO CTS-0028]  Total number of sinks: 1.
[INFO CTS-0060]  Macro  sinks will be clustered in groups of up to 4 and based on buffer max cap.
[INFO CTS-0030]  Number of static layers: 0.
[INFO CTS-0020]  Wire segment unit: 13600  dbu (13 um).
[INFO CTS-0023]  Original sink region: [(243312, 263570), (243312, 263570)].
[INFO CTS-0024]  Normalized sink region: [(17.8906, 19.3801), (17.8906, 19.3801)].
[INFO CTS-0025]     Width:  0.0000.
[INFO CTS-0026]     Height: 0.0000.
 Level 1
    Direction: Vertical
    Sinks per sub-region: 1
    Sub-region size: 0.0000 X 0.0000
[INFO CTS-0034]     Segment length (rounded): 1.
[INFO CTS-0038]  Stop criterion found. Sink region hpwl is smaller than max wirelength (1911.535 um) and max number of sinks is 15.
[INFO CTS-0035]  Number of sinks covered: 1.
[INFO CTS-0201] 0 blockages from hard placement blockages and placed macros will be used.
[INFO CTS-0027] Generating H-Tree topology for net clk_regs.
[INFO CTS-0028]  Total number of sinks: 230.
[INFO CTS-0029]  Register sinks will be clustered in groups of up to 20 and with maximum cluster diameter of 50.0 um.
[INFO CTS-0030]  Number of static layers: 0.
[INFO CTS-0020]  Wire segment unit: 13600  dbu (13 um).
[INFO CTS-0204] A clustering solution was found from clustering size of 20 and clustering diameter of 50.
[INFO CTS-0205] Better solution may be possible if either -sink_clustering_size, -sink_clustering_max_diameter, or both options are omitted to enable automatic clustering.
[INFO CTS-0019]  Total number of sinks after clustering: 24.
[INFO CTS-0024]  Normalized sink region: [(0.932721, 0.777262), (37.4441, 26.1182)].
[INFO CTS-0025]     Width:  36.5114.
[INFO CTS-0026]     Height: 25.3410.
 Level 1
    Direction: Horizontal
    Sinks per sub-region: 12
    Sub-region size: 18.2557 X 25.3410
[INFO CTS-0034]     Segment length (rounded): 10.
[INFO CTS-0038]  Stop criterion found. Sink region hpwl is smaller than max wirelength (1911.535 um) and max number of sinks is 15.
[INFO CTS-0035]  Number of sinks covered: 24.
[INFO CTS-0201] 0 blockages from hard placement blockages and placed macros will be used.
[INFO CTS-0027] Generating H-Tree topology for net _06078_.
[INFO CTS-0028]  Total number of sinks: 1880.
[INFO CTS-0029]  Register sinks will be clustered in groups of up to 20 and with maximum cluster diameter of 50.0 um.
[INFO CTS-0030]  Number of static layers: 0.
[INFO CTS-0020]  Wire segment unit: 13600  dbu (13 um).
[INFO CTS-0204] A clustering solution was found from clustering size of 20 and clustering diameter of 50.
[INFO CTS-0205] Better solution may be possible if either -sink_clustering_size, -sink_clustering_max_diameter, or both options are omitted to enable automatic clustering.
[INFO CTS-0019]  Total number of sinks after clustering: 190.
[INFO CTS-0024]  Normalized sink region: [(0.373787, 0.647794), (35.1038, 37.8708)].
[INFO CTS-0025]     Width:  34.7300.
[INFO CTS-0026]     Height: 37.2230.
 Level 1
    Direction: Vertical
    Sinks per sub-region: 95
    Sub-region size: 34.7300 X 18.6115
[INFO CTS-0034]     Segment length (rounded): 10.
 Level 2
    Direction: Horizontal
    Sinks per sub-region: 48
    Sub-region size: 17.3650 X 18.6115
[INFO CTS-0034]     Segment length (rounded): 8.
 Level 3
    Direction: Vertical
    Sinks per sub-region: 24
    Sub-region size: 17.3650 X 9.3058
[INFO CTS-0034]     Segment length (rounded): 4.
 Level 4
    Direction: Horizontal
    Sinks per sub-region: 12
    Sub-region size: 8.6825 X 9.3058
[INFO CTS-0034]     Segment length (rounded): 4.
[INFO CTS-0038]  Stop criterion found. Sink region hpwl is smaller than max wirelength (1911.535 um) and max number of sinks is 15.
[INFO CTS-0035]  Number of sinks covered: 190.
[INFO CTS-0018]     Created 2 clock buffers.
[INFO CTS-0012]     Minimum number of buffers in the clock path: 2.
[INFO CTS-0013]     Maximum number of buffers in the clock path: 2.
[INFO CTS-0015]     Created 2 clock nets.
[INFO CTS-0016]     Fanout distribution for the current clock = 1:1..
[INFO CTS-0017]     Max level of the clock tree: 1.
[INFO CTS-0018]     Created 27 clock buffers.
[INFO CTS-0012]     Minimum number of buffers in the clock path: 3.
[INFO CTS-0013]     Maximum number of buffers in the clock path: 3.
[INFO CTS-0015]     Created 27 clock nets.
[INFO CTS-0016]     Fanout distribution for the current clock = 2:2, 3:2, 4:2, 5:2, 6:1, 8:1, 9:1, 10:4, 11:1, 13:2, 14:4, 16:2, 19:2..
[INFO CTS-0017]     Max level of the clock tree: 1.
[INFO CTS-0018]     Created 215 clock buffers.
[INFO CTS-0012]     Minimum number of buffers in the clock path: 4.
[INFO CTS-0013]     Maximum number of buffers in the clock path: 4.
[INFO CTS-0015]     Created 215 clock nets.
[INFO CTS-0016]     Fanout distribution for the current clock = 2:9, 3:10, 4:6, 5:10, 6:9, 7:15, 8:20, 9:14, 10:22, 11:16, 12:14, 13:11, 14:12, 15:13, 16:11, 17:5, 18:2, 19:4, 20:3..
[INFO CTS-0017]     Max level of the clock tree: 4.
[INFO CTS-0124] Clock net "clk"
[INFO CTS-0125]  Sinks 1
[INFO CTS-0098] Clock net "clk_regs"
[INFO CTS-0099]  Sinks 253
[INFO CTS-0100]  Leaf buffers 24
[INFO CTS-0101]  Average sink wire length 350.44 um
[INFO CTS-0102]  Path depth 2 - 3
[INFO CTS-0207]  Dummy loads inserted 23
[INFO CTS-0098] Clock net "_06078_"
[INFO CTS-0099]  Sinks 2057
[INFO CTS-0100]  Leaf buffers 190
[INFO CTS-0101]  Average sink wire length 412.95 um
[INFO CTS-0102]  Path depth 3 - 4
[INFO CTS-0207]  Dummy loads inserted 177
[INFO CTS-0033] Balancing latency for clock core_clock
[INFO CTS-0036]  inserted 4 delay buffers
[INFO CTS-0037] Total number of delay buffers: 4
[INFO CTS-0500] Runtime: 1.07s
estimate_parasitics -placement
detailed_placement
[INFO DPL-0006] Core area: 271002.41 um^2
[INFO DPL-0007] Movable instances area: 167376.78 um^2
[INFO DPL-0008] Fixed instances area within core: 4466.78 um^2
[INFO DPL-0009] Utilization: 63.4%
[INFO DPL-0005] Diamond search max displacement: +/- 500 sites horizontally, +/- 100 rows vertically.
[INFO DPL-1102] Legalizing using negotiation legalizer.
[INFO DPL-1103] Negotiation base search window: +/-20 sites horizontally, +/-5 rows vertically 
	Automatic search window extension enabled.
	Search window extendable up to the max displacement cap of +/-500 sites, +/-100 rows near walls.
[INFO DPL-1104] NegotiationLegalizer DRC penalty: 5.
[INFO DPL-0392] Negotiation cell height distribution (1 unique row-count(s)):
[INFO DPL-0393]   height 1 row(s): 21863 cells
          |      Total |  Illegal |  Illegal
Iteration | Violations |    Cells |    Sites
---------------------------------------------
        0 |       1844 |       273 |      1571
        1 |        919 |       129 |       790
        2 |        549 |        60 |       489
        3 |        438 |        39 |       399
        4 |        352 |        29 |       323
        5 |        269 |        25 |       244
        6 |        256 |        21 |       235
        7 |        206 |        20 |       186
        8 |        166 |        17 |       149
        9 |         74 |        10 |        64
       10 |         56 |         7 |        49
       20 |          0 |         0 |         0
Negotiation phase 1 converged at iteration 20.
[INFO DPL-0500] Runtime: 0.35s
Placement Analysis
---------------------------------
total displacement      23992.5 u
average displacement        1.1 u
max displacement           32.3 u
original HPWL          530178.3 u
legalized HPWL         545089.6 u
delta HPWL                    3 %

estimate_parasitics -placement
repair_timing -setup_margin 0 -hold_margin 0 -repair_tns 100 -match_cell_footprint -verbose
[INFO RSZ-0100] Repair move sequence: UnbufferMove SizeUpMove SwapPinsMove BufferMove CloneMove SplitLoadMove 
[INFO RSZ-0094] Found 562 endpoints with setup violations.
[INFO RSZ-0099] Repairing 562 out of 562 (100.00%) violating endpoints...
   Iter   | Removed | Resized | Inserted | Cloned |  Pin  |   Area   |    WNS   |   StTNS    |   EnTNS    |  Viol  |  Worst  
          | Buffers |  Gates  | Buffers  |  Gates | Swaps |          |          |            |            | Endpts | St/EnPt 
------------------------------------------------------------------------------------------------------------------------------
       0* |       0 |       0 |        0 |      0 |     0 |    +0.0% |   -0.907 |     -591.3 |     -169.0 |    562 | u.u_ibex.gen_regfile_ff.register_file_i.g_rf_flops\[1\].rf_reg_q\[31\]$_DFFE_PN0P_/D
      10* |       0 |       7 |        1 |      0 |     1 |    +0.0% |   -0.425 |     -567.0 |      -97.0 |    562 | u.u_ibex.u_ibex_core.if_stage_i.gen_prefetch_buffer.prefetch_buffer_i.fifo_i.rdata_q\[36\]$_DFFE_PP_/DE
      20* |       0 |      17 |        1 |      0 |     1 |    +0.1% |   -0.251 |     -561.4 |      -51.2 |    562 | u.u_ibex.u_ibex_core.if_stage_i.gen_prefetch_buffer.prefetch_buffer_i.fifo_i.rdata_q\[36\]$_DFFE_PP_/DE
      30* |       0 |      26 |        1 |      0 |     2 |    +0.1% |   -0.207 |     -560.7 |      -41.9 |    562 | u.u_ibex.gen_regfile_ff.register_file_i.g_rf_flops\[12\].rf_reg_q\[24\]$_DFFE_PN0P_/D
      40* |       0 |      31 |        3 |      1 |     4 |    +0.1% |   -0.173 |     -560.0 |      -27.2 |    562 | u.u_ibex.gen_regfile_ff.register_file_i.g_rf_flops\[12\].rf_reg_q\[24\]$_DFFE_PN0P_/D
      50* |       0 |      38 |        5 |      1 |     5 |    +0.1% |   -0.157 |     -559.9 |      -22.9 |    562 | u.u_ibex.gen_regfile_ff.register_file_i.g_rf_flops\[12\].rf_reg_q\[24\]$_DFFE_PN0P_/D
      60* |       0 |      46 |        5 |      1 |     7 |    +0.2% |   -0.134 |     -559.7 |      -15.8 |    562 | instr_addr_o[19]
      70* |       0 |      56 |        5 |      1 |     7 |    +0.2% |   -0.114 |     -559.4 |      -12.8 |    562 | u.u_ibex.gen_regfile_ff.register_file_i.g_rf_flops\[12\].rf_reg_q\[24\]$_DFFE_PN0P_/D
      72* |       0 |      58 |        5 |      1 |     7 |    +0.2% |   -0.109 |     -559.4 |       -9.8 |    562 | u.u_ibex.gen_regfile_ff.register_file_i.g_rf_flops\[12\].rf_reg_q\[24\]$_DFFE_PN0P_/D
      80* |       0 |      63 |        5 |      1 |     9 |    +0.2% |   -0.109 |     -559.4 |       -9.0 |    562 | u.u_ibex.gen_regfile_ff.register_file_i.g_rf_flops\[12\].rf_reg_q\[24\]$_DFFE_PN0P_/D
      90* |       0 |      68 |        7 |      1 |    13 |    +0.2% |   -0.109 |     -559.4 |       -7.9 |    562 | u.u_ibex.gen_regfile_ff.register_file_i.g_rf_flops\[12\].rf_reg_q\[24\]$_DFFE_PN0P_/D
     100* |       0 |      74 |        8 |      1 |    16 |    +0.2% |   -0.101 |     -559.4 |       -6.9 |    562 | u.u_ibex.gen_regfile_ff.register_file_i.g_rf_flops\[12\].rf_reg_q\[24\]$_DFFE_PN0P_/D
     110* |       0 |      81 |       10 |      1 |    17 |    +0.3% |   -0.101 |     -559.3 |       -5.4 |    562 | u.u_ibex.gen_regfile_ff.register_file_i.g_rf_flops\[12\].rf_reg_q\[24\]$_DFFE_PN0P_/D
     110* |       0 |      81 |       10 |      1 |    17 |    +0.3% |   -0.101 |     -559.3 |       -5.4 |    562 | u.u_ibex.gen_regfile_ff.register_file_i.g_rf_flops\[12\].rf_reg_q\[24\]$_DFFE_PN0P_/D
     111* |       0 |      81 |       10 |      1 |    17 |    +0.3% |   -0.101 |     -559.3 |       -5.4 |    562 | u.u_ibex.gen_regfile_ff.register_file_i.g_rf_flops\[12\].rf_reg_q\[24\]$_DFFE_PN0P_/D
     112* |       0 |      81 |       10 |      1 |    17 |    +0.3% |   -0.101 |     -559.3 |       -5.4 |    562 | u.u_ibex.gen_regfile_ff.register_file_i.g_rf_flops\[12\].rf_reg_q\[24\]$_DFFE_PN0P_/D
     113* |       0 |      81 |       10 |      1 |    17 |    +0.3% |   -0.101 |     -559.3 |       -5.4 |    562 | u.u_ibex.gen_regfile_ff.register_file_i.g_rf_flops\[12\].rf_reg_q\[24\]$_DFFE_PN0P_/D
     114* |       0 |      81 |       10 |      1 |    17 |    +0.3% |   -0.101 |     -559.3 |       -5.4 |    562 | u.u_ibex.gen_regfile_ff.register_file_i.g_rf_flops\[12\].rf_reg_q\[24\]$_DFFE_PN0P_/D
     115* |       0 |      81 |       10 |      1 |    17 |    +0.3% |   -0.101 |     -559.3 |       -5.4 |    562 | u.u_ibex.gen_regfile_ff.register_file_i.g_rf_flops\[12\].rf_reg_q\[24\]$_DFFE_PN0P_/D
     116* |       0 |      81 |       10 |      1 |    17 |    +0.3% |   -0.101 |     -559.3 |       -5.4 |    562 | u.u_ibex.gen_regfile_ff.register_file_i.g_rf_flops\[12\].rf_reg_q\[24\]$_DFFE_PN0P_/D
     117* |       0 |      81 |       10 |      1 |    17 |    +0.3% |   -0.101 |     -559.3 |       -5.4 |    562 | u.u_ibex.gen_regfile_ff.register_file_i.g_rf_flops\[12\].rf_reg_q\[24\]$_DFFE_PN0P_/D
     118* |       0 |      81 |       10 |      1 |    17 |    +0.3% |   -0.101 |     -559.3 |       -5.4 |    562 | u.u_ibex.gen_regfile_ff.register_file_i.g_rf_flops\[12\].rf_reg_q\[24\]$_DFFE_PN0P_/D
     119* |       0 |      81 |       10 |      1 |    17 |    +0.3% |   -0.101 |     -559.3 |       -5.4 |    562 | u.u_ibex.gen_regfile_ff.register_file_i.g_rf_flops\[12\].rf_reg_q\[24\]$_DFFE_PN0P_/D
     120* |       0 |      81 |       10 |      1 |    17 |    +0.3% |   -0.101 |     -559.3 |       -5.4 |    562 | u.u_ibex.gen_regfile_ff.register_file_i.g_rf_flops\[12\].rf_reg_q\[24\]$_DFFE_PN0P_/D
     120* |       0 |      81 |       10 |      1 |    17 |    +0.3% |   -0.101 |     -559.3 |       -5.4 |    562 | u.u_ibex.gen_regfile_ff.register_file_i.g_rf_flops\[12\].rf_reg_q\[24\]$_DFFE_PN0P_/D
     121* |       0 |      81 |       10 |      1 |    17 |    +0.3% |   -0.101 |     -559.3 |       -5.4 |    562 | u.u_ibex.gen_regfile_ff.register_file_i.g_rf_flops\[12\].rf_reg_q\[24\]$_DFFE_PN0P_/D
     122* |       0 |      81 |       10 |      1 |    17 |    +0.3% |   -0.101 |     -559.3 |       -5.4 |    562 | u.u_ibex.gen_regfile_ff.register_file_i.g_rf_flops\[12\].rf_reg_q\[24\]$_DFFE_PN0P_/D
     123* |       0 |      81 |       10 |      1 |    17 |    +0.3% |   -0.101 |     -559.3 |       -5.4 |    562 | u.u_ibex.gen_regfile_ff.register_file_i.g_rf_flops\[12\].rf_reg_q\[24\]$_DFFE_PN0P_/D
     124* |       0 |      81 |       10 |      1 |    17 |    +0.3% |   -0.101 |     -559.3 |       -5.4 |    562 | u.u_ibex.gen_regfile_ff.register_file_i.g_rf_flops\[12\].rf_reg_q\[24\]$_DFFE_PN0P_/D
     125* |       0 |      81 |       10 |      1 |    17 |    +0.3% |   -0.101 |     -559.3 |       -5.4 |    562 | u.u_ibex.gen_regfile_ff.register_file_i.g_rf_flops\[12\].rf_reg_q\[24\]$_DFFE_PN0P_/D
     126* |       0 |      81 |       10 |      1 |    17 |    +0.3% |   -0.101 |     -559.3 |       -5.4 |    562 | u.u_ibex.gen_regfile_ff.register_file_i.g_rf_flops\[12\].rf_reg_q\[24\]$_DFFE_PN0P_/D
     127* |       0 |      81 |       10 |      1 |    17 |    +0.3% |   -0.101 |     -559.3 |       -5.4 |    562 | u.u_ibex.gen_regfile_ff.register_file_i.g_rf_flops\[12\].rf_reg_q\[24\]$_DFFE_PN0P_/D
     128* |       0 |      81 |       10 |      1 |    17 |    +0.3% |   -0.101 |     -559.3 |       -5.4 |    562 | u.u_ibex.gen_regfile_ff.register_file_i.g_rf_flops\[12\].rf_reg_q\[24\]$_DFFE_PN0P_/D
     129* |       0 |      81 |       10 |      1 |    17 |    +0.3% |   -0.101 |     -559.3 |       -5.4 |    562 | u.u_ibex.gen_regfile_ff.register_file_i.g_rf_flops\[12\].rf_reg_q\[24\]$_DFFE_PN0P_/D
     130* |       0 |      81 |       10 |      1 |    17 |    +0.3% |   -0.101 |     -559.3 |       -5.4 |    562 | u.u_ibex.gen_regfile_ff.register_file_i.g_rf_flops\[12\].rf_reg_q\[24\]$_DFFE_PN0P_/D
     130* |       0 |      81 |       10 |      1 |    17 |    +0.3% |   -0.101 |     -559.3 |       -5.4 |    562 | u.u_ibex.gen_regfile_ff.register_file_i.g_rf_flops\[12\].rf_reg_q\[24\]$_DFFE_PN0P_/D
     131* |       0 |      81 |       10 |      1 |    17 |    +0.3% |   -0.101 |     -559.3 |       -5.4 |    562 | u.u_ibex.gen_regfile_ff.register_file_i.g_rf_flops\[12\].rf_reg_q\[24\]$_DFFE_PN0P_/D
     132* |       0 |      81 |       10 |      1 |    17 |    +0.3% |   -0.101 |     -559.3 |       -5.4 |    562 | u.u_ibex.gen_regfile_ff.register_file_i.g_rf_flops\[12\].rf_reg_q\[24\]$_DFFE_PN0P_/D
     133* |       0 |      81 |       10 |      1 |    17 |    +0.3% |   -0.101 |     -559.3 |       -5.4 |    562 | u.u_ibex.gen_regfile_ff.register_file_i.g_rf_flops\[12\].rf_reg_q\[24\]$_DFFE_PN0P_/D
     134* |       0 |      81 |       10 |      1 |    17 |    +0.3% |   -0.101 |     -559.3 |       -5.4 |    562 | u.u_ibex.gen_regfile_ff.register_file_i.g_rf_flops\[12\].rf_reg_q\[24\]$_DFFE_PN0P_/D
     135* |       0 |      81 |       10 |      1 |    17 |    +0.3% |   -0.101 |     -559.3 |       -5.4 |    562 | u.u_ibex.gen_regfile_ff.register_file_i.g_rf_flops\[12\].rf_reg_q\[24\]$_DFFE_PN0P_/D
     136* |       0 |      81 |       10 |      1 |    17 |    +0.3% |   -0.101 |     -559.3 |       -5.4 |    562 | u.u_ibex.gen_regfile_ff.register_file_i.g_rf_flops\[12\].rf_reg_q\[24\]$_DFFE_PN0P_/D
     137* |       0 |      81 |       10 |      1 |    17 |    +0.3% |   -0.101 |     -559.3 |       -5.4 |    562 | u.u_ibex.gen_regfile_ff.register_file_i.g_rf_flops\[12\].rf_reg_q\[24\]$_DFFE_PN0P_/D
     138* |       0 |      81 |       10 |      1 |    17 |    +0.3% |   -0.101 |     -559.3 |       -5.4 |    562 | u.u_ibex.gen_regfile_ff.register_file_i.g_rf_flops\[12\].rf_reg_q\[24\]$_DFFE_PN0P_/D
     139* |       0 |      81 |       10 |      1 |    17 |    +0.3% |   -0.101 |     -559.3 |       -5.4 |    562 | u.u_ibex.gen_regfile_ff.register_file_i.g_rf_flops\[12\].rf_reg_q\[24\]$_DFFE_PN0P_/D
     140* |       0 |      81 |       10 |      1 |    17 |    +0.3% |   -0.101 |     -559.3 |       -5.4 |    562 | u.u_ibex.gen_regfile_ff.register_file_i.g_rf_flops\[12\].rf_reg_q\[24\]$_DFFE_PN0P_/D
     144* |       0 |      84 |       10 |      1 |    18 |    +0.3% |   -0.101 |     -559.3 |       -4.9 |    562 | u.u_ibex.gen_regfile_ff.register_file_i.g_rf_flops\[12\].rf_reg_q\[24\]$_DFFE_PN0P_/D
     145* |       0 |      84 |       10 |      1 |    18 |    +0.3% |   -0.101 |     -559.3 |       -4.9 |    562 | u.u_ibex.gen_regfile_ff.register_file_i.g_rf_flops\[12\].rf_reg_q\[24\]$_DFFE_PN0P_/D
     146* |       0 |      84 |       10 |      1 |    18 |    +0.3% |   -0.101 |     -559.3 |       -4.9 |    562 | u.u_ibex.gen_regfile_ff.register_file_i.g_rf_flops\[12\].rf_reg_q\[24\]$_DFFE_PN0P_/D
     147* |       0 |      84 |       10 |      1 |    18 |    +0.3% |   -0.101 |     -559.3 |       -4.9 |    562 | u.u_ibex.gen_regfile_ff.register_file_i.g_rf_flops\[12\].rf_reg_q\[24\]$_DFFE_PN0P_/D
     148* |       0 |      84 |       10 |      1 |    18 |    +0.3% |   -0.101 |     -559.3 |       -4.9 |    562 | u.u_ibex.gen_regfile_ff.register_file_i.g_rf_flops\[12\].rf_reg_q\[24\]$_DFFE_PN0P_/D
     149* |       0 |      84 |       10 |      1 |    18 |    +0.3% |   -0.101 |     -559.3 |       -4.9 |    562 | u.u_ibex.gen_regfile_ff.register_file_i.g_rf_flops\[12\].rf_reg_q\[24\]$_DFFE_PN0P_/D
     150* |       0 |      84 |       10 |      1 |    18 |    +0.3% |   -0.101 |     -559.3 |       -4.9 |    562 | u.u_ibex.gen_regfile_ff.register_file_i.g_rf_flops\[12\].rf_reg_q\[24\]$_DFFE_PN0P_/D
     150* |       0 |      84 |       10 |      1 |    18 |    +0.3% |   -0.101 |     -559.3 |       -4.9 |    562 | u.u_ibex.gen_regfile_ff.register_file_i.g_rf_flops\[12\].rf_reg_q\[24\]$_DFFE_PN0P_/D
     158* |       0 |      91 |       10 |      1 |    18 |    +0.3% |   -0.101 |     -559.2 |       -4.2 |    562 | u.u_ibex.gen_regfile_ff.register_file_i.g_rf_flops\[12\].rf_reg_q\[24\]$_DFFE_PN0P_/D
     159* |       0 |      91 |       10 |      1 |    18 |    +0.3% |   -0.101 |     -559.2 |       -4.2 |    562 | u.u_ibex.gen_regfile_ff.register_file_i.g_rf_flops\[12\].rf_reg_q\[24\]$_DFFE_PN0P_/D
     160* |       0 |      91 |       10 |      1 |    18 |    +0.3% |   -0.101 |     -559.2 |       -4.2 |    562 | u.u_ibex.gen_regfile_ff.register_file_i.g_rf_flops\[12\].rf_reg_q\[24\]$_DFFE_PN0P_/D
     160* |       0 |      91 |       10 |      1 |    18 |    +0.3% |   -0.101 |     -559.2 |       -4.2 |    562 | u.u_ibex.gen_regfile_ff.register_file_i.g_rf_flops\[12\].rf_reg_q\[24\]$_DFFE_PN0P_/D
     161* |       0 |      91 |       10 |      1 |    18 |    +0.3% |   -0.101 |     -559.2 |       -4.2 |    562 | u.u_ibex.gen_regfile_ff.register_file_i.g_rf_flops\[12\].rf_reg_q\[24\]$_DFFE_PN0P_/D
     162* |       0 |      91 |       10 |      1 |    18 |    +0.3% |   -0.101 |     -559.2 |       -4.2 |    562 | u.u_ibex.gen_regfile_ff.register_file_i.g_rf_flops\[12\].rf_reg_q\[24\]$_DFFE_PN0P_/D
     163* |       0 |      91 |       10 |      1 |    18 |    +0.3% |   -0.101 |     -559.2 |       -4.2 |    562 | u.u_ibex.gen_regfile_ff.register_file_i.g_rf_flops\[12\].rf_reg_q\[24\]$_DFFE_PN0P_/D
     164* |       0 |      91 |       10 |      1 |    18 |    +0.3% |   -0.101 |     -559.2 |       -4.2 |    562 | u.u_ibex.gen_regfile_ff.register_file_i.g_rf_flops\[12\].rf_reg_q\[24\]$_DFFE_PN0P_/D
     165* |       0 |      91 |       10 |      1 |    18 |    +0.3% |   -0.101 |     -559.2 |       -4.2 |    562 | u.u_ibex.gen_regfile_ff.register_file_i.g_rf_flops\[12\].rf_reg_q\[24\]$_DFFE_PN0P_/D
     166* |       0 |      91 |       10 |      1 |    18 |    +0.3% |   -0.101 |     -559.2 |       -4.2 |    562 | u.u_ibex.gen_regfile_ff.register_file_i.g_rf_flops\[12\].rf_reg_q\[24\]$_DFFE_PN0P_/D
     167* |       0 |      91 |       10 |      1 |    18 |    +0.3% |   -0.101 |     -559.2 |       -4.2 |    562 | u.u_ibex.gen_regfile_ff.register_file_i.g_rf_flops\[12\].rf_reg_q\[24\]$_DFFE_PN0P_/D
     168* |       0 |      91 |       10 |      1 |    18 |    +0.3% |   -0.101 |     -559.2 |       -4.2 |    562 | u.u_ibex.gen_regfile_ff.register_file_i.g_rf_flops\[12\].rf_reg_q\[24\]$_DFFE_PN0P_/D
     169* |       0 |      91 |       10 |      1 |    18 |    +0.3% |   -0.101 |     -559.2 |       -4.2 |    562 | u.u_ibex.gen_regfile_ff.register_file_i.g_rf_flops\[12\].rf_reg_q\[24\]$_DFFE_PN0P_/D
     170* |       0 |      91 |       10 |      1 |    18 |    +0.3% |   -0.101 |     -559.2 |       -4.2 |    562 | u.u_ibex.gen_regfile_ff.register_file_i.g_rf_flops\[12\].rf_reg_q\[24\]$_DFFE_PN0P_/D
     170* |       0 |      91 |       10 |      1 |    18 |    +0.3% |   -0.101 |     -559.2 |       -4.2 |    562 | u.u_ibex.gen_regfile_ff.register_file_i.g_rf_flops\[12\].rf_reg_q\[24\]$_DFFE_PN0P_/D
     171* |       0 |      91 |       10 |      1 |    18 |    +0.3% |   -0.101 |     -559.2 |       -4.2 |    562 | u.u_ibex.gen_regfile_ff.register_file_i.g_rf_flops\[12\].rf_reg_q\[24\]$_DFFE_PN0P_/D
     172* |       0 |      91 |       10 |      1 |    18 |    +0.3% |   -0.101 |     -559.2 |       -4.2 |    562 | u.u_ibex.gen_regfile_ff.register_file_i.g_rf_flops\[12\].rf_reg_q\[24\]$_DFFE_PN0P_/D
     173* |       0 |      91 |       10 |      1 |    18 |    +0.3% |   -0.101 |     -559.2 |       -4.2 |    562 | u.u_ibex.gen_regfile_ff.register_file_i.g_rf_flops\[12\].rf_reg_q\[24\]$_DFFE_PN0P_/D
     174* |       0 |      91 |       10 |      1 |    18 |    +0.3% |   -0.101 |     -559.2 |       -4.2 |    562 | u.u_ibex.gen_regfile_ff.register_file_i.g_rf_flops\[12\].rf_reg_q\[24\]$_DFFE_PN0P_/D
     175* |       0 |      91 |       10 |      1 |    18 |    +0.3% |   -0.101 |     -559.2 |       -4.2 |    562 | u.u_ibex.gen_regfile_ff.register_file_i.g_rf_flops\[12\].rf_reg_q\[24\]$_DFFE_PN0P_/D
     176* |       0 |      91 |       10 |      1 |    18 |    +0.3% |   -0.101 |     -559.2 |       -4.2 |    562 | u.u_ibex.gen_regfile_ff.register_file_i.g_rf_flops\[12\].rf_reg_q\[24\]$_DFFE_PN0P_/D
     177* |       0 |      91 |       10 |      1 |    18 |    +0.3% |   -0.101 |     -559.2 |       -4.2 |    562 | u.u_ibex.gen_regfile_ff.register_file_i.g_rf_flops\[12\].rf_reg_q\[24\]$_DFFE_PN0P_/D
     178* |       0 |      91 |       10 |      1 |    18 |    +0.3% |   -0.101 |     -559.2 |       -4.2 |    562 | u.u_ibex.gen_regfile_ff.register_file_i.g_rf_flops\[12\].rf_reg_q\[24\]$_DFFE_PN0P_/D
     179* |       0 |      91 |       10 |      1 |    18 |    +0.3% |   -0.101 |     -559.2 |       -4.2 |    562 | u.u_ibex.gen_regfile_ff.register_file_i.g_rf_flops\[12\].rf_reg_q\[24\]$_DFFE_PN0P_/D
     180* |       0 |      91 |       10 |      1 |    18 |    +0.3% |   -0.101 |     -559.2 |       -4.2 |    562 | u.u_ibex.gen_regfile_ff.register_file_i.g_rf_flops\[12\].rf_reg_q\[24\]$_DFFE_PN0P_/D
     180* |       0 |      91 |       10 |      1 |    18 |    +0.3% |   -0.101 |     -559.2 |       -4.2 |    562 | u.u_ibex.gen_regfile_ff.register_file_i.g_rf_flops\[12\].rf_reg_q\[24\]$_DFFE_PN0P_/D
     181* |       0 |      91 |       10 |      1 |    18 |    +0.3% |   -0.101 |     -559.2 |       -4.2 |    562 | u.u_ibex.gen_regfile_ff.register_file_i.g_rf_flops\[12\].rf_reg_q\[24\]$_DFFE_PN0P_/D
     182* |       0 |      91 |       10 |      1 |    18 |    +0.3% |   -0.101 |     -559.2 |       -4.2 |    562 | u.u_ibex.gen_regfile_ff.register_file_i.g_rf_flops\[12\].rf_reg_q\[24\]$_DFFE_PN0P_/D
     183* |       0 |      91 |       10 |      1 |    18 |    +0.3% |   -0.101 |     -559.2 |       -4.2 |    562 | u.u_ibex.gen_regfile_ff.register_file_i.g_rf_flops\[12\].rf_reg_q\[24\]$_DFFE_PN0P_/D
     184* |       0 |      91 |       10 |      1 |    18 |    +0.3% |   -0.101 |     -559.2 |       -4.2 |    562 | u.u_ibex.gen_regfile_ff.register_file_i.g_rf_flops\[12\].rf_reg_q\[24\]$_DFFE_PN0P_/D
     185* |       0 |      91 |       10 |      1 |    18 |    +0.3% |   -0.101 |     -559.2 |       -4.2 |    562 | u.u_ibex.gen_regfile_ff.register_file_i.g_rf_flops\[12\].rf_reg_q\[24\]$_DFFE_PN0P_/D
     186* |       0 |      91 |       10 |      1 |    18 |    +0.3% |   -0.101 |     -559.2 |       -4.2 |    562 | u.u_ibex.gen_regfile_ff.register_file_i.g_rf_flops\[12\].rf_reg_q\[24\]$_DFFE_PN0P_/D
     187* |       0 |      91 |       10 |      1 |    18 |    +0.3% |   -0.101 |     -559.2 |       -4.2 |    562 | u.u_ibex.gen_regfile_ff.register_file_i.g_rf_flops\[12\].rf_reg_q\[24\]$_DFFE_PN0P_/D
     188* |       0 |      91 |       10 |      1 |    18 |    +0.3% |   -0.101 |     -559.2 |       -4.2 |    562 | u.u_ibex.gen_regfile_ff.register_file_i.g_rf_flops\[12\].rf_reg_q\[24\]$_DFFE_PN0P_/D
     189* |       0 |      91 |       10 |      1 |    18 |    +0.3% |   -0.101 |     -559.2 |       -4.2 |    562 | u.u_ibex.gen_regfile_ff.register_file_i.g_rf_flops\[12\].rf_reg_q\[24\]$_DFFE_PN0P_/D
     190* |       0 |      91 |       10 |      1 |    18 |    +0.3% |   -0.101 |     -559.2 |       -4.2 |    562 | u.u_ibex.gen_regfile_ff.register_file_i.g_rf_flops\[12\].rf_reg_q\[24\]$_DFFE_PN0P_/D
     190* |       0 |      91 |       10 |      1 |    18 |    +0.3% |   -0.101 |     -559.2 |       -4.2 |    562 | u.u_ibex.gen_regfile_ff.register_file_i.g_rf_flops\[12\].rf_reg_q\[24\]$_DFFE_PN0P_/D
     191* |       0 |      91 |       10 |      1 |    18 |    +0.3% |   -0.101 |     -559.2 |       -4.2 |    562 | u.u_ibex.gen_regfile_ff.register_file_i.g_rf_flops\[12\].rf_reg_q\[24\]$_DFFE_PN0P_/D
     192* |       0 |      91 |       10 |      1 |    18 |    +0.3% |   -0.101 |     -559.2 |       -4.2 |    562 | u.u_ibex.gen_regfile_ff.register_file_i.g_rf_flops\[12\].rf_reg_q\[24\]$_DFFE_PN0P_/D
     193* |       0 |      91 |       10 |      1 |    18 |    +0.3% |   -0.101 |     -559.2 |       -4.2 |    562 | u.u_ibex.gen_regfile_ff.register_file_i.g_rf_flops\[12\].rf_reg_q\[24\]$_DFFE_PN0P_/D
     194* |       0 |      91 |       10 |      1 |    18 |    +0.3% |   -0.101 |     -559.2 |       -4.2 |    562 | u.u_ibex.gen_regfile_ff.register_file_i.g_rf_flops\[12\].rf_reg_q\[24\]$_DFFE_PN0P_/D
     195* |       0 |      91 |       10 |      1 |    18 |    +0.3% |   -0.101 |     -559.2 |       -4.2 |    562 | u.u_ibex.gen_regfile_ff.register_file_i.g_rf_flops\[12\].rf_reg_q\[24\]$_DFFE_PN0P_/D
     196* |       0 |      91 |       10 |      1 |    18 |    +0.3% |   -0.101 |     -559.2 |       -4.2 |    562 | u.u_ibex.gen_regfile_ff.register_file_i.g_rf_flops\[12\].rf_reg_q\[24\]$_DFFE_PN0P_/D
     197* |       0 |      91 |       10 |      1 |    18 |    +0.3% |   -0.101 |     -559.2 |       -4.2 |    562 | u.u_ibex.gen_regfile_ff.register_file_i.g_rf_flops\[12\].rf_reg_q\[24\]$_DFFE_PN0P_/D
     198* |       0 |      91 |       10 |      1 |    18 |    +0.3% |   -0.101 |     -559.2 |       -4.2 |    562 | u.u_ibex.gen_regfile_ff.register_file_i.g_rf_flops\[12\].rf_reg_q\[24\]$_DFFE_PN0P_/D
     199* |       0 |      91 |       10 |      1 |    18 |    +0.3% |   -0.101 |     -559.2 |       -4.2 |    562 | u.u_ibex.gen_regfile_ff.register_file_i.g_rf_flops\[12\].rf_reg_q\[24\]$_DFFE_PN0P_/D
     200* |       0 |      91 |       10 |      1 |    18 |    +0.3% |   -0.101 |     -559.2 |       -4.2 |    562 | u.u_ibex.gen_regfile_ff.register_file_i.g_rf_flops\[12\].rf_reg_q\[24\]$_DFFE_PN0P_/D
     200* |       0 |      91 |       10 |      1 |    18 |    +0.3% |   -0.101 |     -559.2 |       -4.2 |    562 | u.u_ibex.gen_regfile_ff.register_file_i.g_rf_flops\[12\].rf_reg_q\[24\]$_DFFE_PN0P_/D
     201* |       0 |      91 |       10 |      1 |    18 |    +0.3% |   -0.101 |     -559.2 |       -4.2 |    562 | u.u_ibex.gen_regfile_ff.register_file_i.g_rf_flops\[12\].rf_reg_q\[24\]$_DFFE_PN0P_/D
     202* |       0 |      91 |       10 |      1 |    18 |    +0.3% |   -0.101 |     -559.2 |       -4.2 |    562 | u.u_ibex.gen_regfile_ff.register_file_i.g_rf_flops\[12\].rf_reg_q\[24\]$_DFFE_PN0P_/D
     203* |       0 |      91 |       10 |      1 |    18 |    +0.3% |   -0.101 |     -559.2 |       -4.2 |    562 | u.u_ibex.gen_regfile_ff.register_file_i.g_rf_flops\[12\].rf_reg_q\[24\]$_DFFE_PN0P_/D
     204* |       0 |      91 |       10 |      1 |    18 |    +0.3% |   -0.101 |     -559.2 |       -4.2 |    562 | u.u_ibex.gen_regfile_ff.register_file_i.g_rf_flops\[12\].rf_reg_q\[24\]$_DFFE_PN0P_/D
     205* |       0 |      91 |       10 |      1 |    18 |    +0.3% |   -0.101 |     -559.2 |       -4.2 |    562 | u.u_ibex.gen_regfile_ff.register_file_i.g_rf_flops\[12\].rf_reg_q\[24\]$_DFFE_PN0P_/D
     206* |       0 |      91 |       10 |      1 |    18 |    +0.3% |   -0.101 |     -559.2 |       -4.2 |    562 | u.u_ibex.gen_regfile_ff.register_file_i.g_rf_flops\[12\].rf_reg_q\[24\]$_DFFE_PN0P_/D
     207* |       0 |      91 |       10 |      1 |    18 |    +0.3% |   -0.101 |     -559.2 |       -4.2 |    562 | u.u_ibex.gen_regfile_ff.register_file_i.g_rf_flops\[12\].rf_reg_q\[24\]$_DFFE_PN0P_/D
     208* |       0 |      91 |       10 |      1 |    18 |    +0.3% |   -0.101 |     -559.2 |       -4.2 |    562 | u.u_ibex.gen_regfile_ff.register_file_i.g_rf_flops\[12\].rf_reg_q\[24\]$_DFFE_PN0P_/D
     209* |       0 |      91 |       10 |      1 |    18 |    +0.3% |   -0.101 |     -559.2 |       -4.2 |    562 | u.u_ibex.gen_regfile_ff.register_file_i.g_rf_flops\[12\].rf_reg_q\[24\]$_DFFE_PN0P_/D
     210* |       0 |      91 |       10 |      1 |    18 |    +0.3% |   -0.101 |     -559.2 |       -4.2 |    562 | u.u_ibex.gen_regfile_ff.register_file_i.g_rf_flops\[12\].rf_reg_q\[24\]$_DFFE_PN0P_/D
     210* |       0 |      91 |       10 |      1 |    18 |    +0.3% |   -0.101 |     -559.2 |       -4.2 |    562 | u.u_ibex.gen_regfile_ff.register_file_i.g_rf_flops\[12\].rf_reg_q\[24\]$_DFFE_PN0P_/D
     211* |       0 |      91 |       10 |      1 |    18 |    +0.3% |   -0.101 |     -559.2 |       -4.2 |    562 | u.u_ibex.gen_regfile_ff.register_file_i.g_rf_flops\[12\].rf_reg_q\[24\]$_DFFE_PN0P_/D
     212* |       0 |      91 |       10 |      1 |    18 |    +0.3% |   -0.101 |     -559.2 |       -4.2 |    562 | u.u_ibex.gen_regfile_ff.register_file_i.g_rf_flops\[12\].rf_reg_q\[24\]$_DFFE_PN0P_/D
     213* |       0 |      91 |       10 |      1 |    18 |    +0.3% |   -0.101 |     -559.2 |       -4.2 |    562 | u.u_ibex.gen_regfile_ff.register_file_i.g_rf_flops\[12\].rf_reg_q\[24\]$_DFFE_PN0P_/D
     214* |       0 |      91 |       10 |      1 |    18 |    +0.3% |   -0.101 |     -559.2 |       -4.2 |    562 | u.u_ibex.gen_regfile_ff.register_file_i.g_rf_flops\[12\].rf_reg_q\[24\]$_DFFE_PN0P_/D
     215* |       0 |      91 |       10 |      1 |    18 |    +0.3% |   -0.101 |     -559.2 |       -4.2 |    562 | u.u_ibex.gen_regfile_ff.register_file_i.g_rf_flops\[12\].rf_reg_q\[24\]$_DFFE_PN0P_/D
     216* |       0 |      91 |       10 |      1 |    18 |    +0.3% |   -0.101 |     -559.2 |       -4.2 |    562 | u.u_ibex.gen_regfile_ff.register_file_i.g_rf_flops\[12\].rf_reg_q\[24\]$_DFFE_PN0P_/D
     217* |       0 |      91 |       10 |      1 |    18 |    +0.3% |   -0.101 |     -559.2 |       -4.2 |    562 | u.u_ibex.gen_regfile_ff.register_file_i.g_rf_flops\[12\].rf_reg_q\[24\]$_DFFE_PN0P_/D
     218* |       0 |      91 |       10 |      1 |    18 |    +0.3% |   -0.101 |     -559.2 |       -4.2 |    562 | u.u_ibex.gen_regfile_ff.register_file_i.g_rf_flops\[12\].rf_reg_q\[24\]$_DFFE_PN0P_/D
     219* |       0 |      91 |       10 |      1 |    18 |    +0.3% |   -0.101 |     -559.2 |       -4.2 |    562 | u.u_ibex.gen_regfile_ff.register_file_i.g_rf_flops\[12\].rf_reg_q\[24\]$_DFFE_PN0P_/D
     220* |       0 |      91 |       10 |      1 |    18 |    +0.3% |   -0.101 |     -559.2 |       -4.2 |    562 | u.u_ibex.gen_regfile_ff.register_file_i.g_rf_flops\[12\].rf_reg_q\[24\]$_DFFE_PN0P_/D
     220* |       0 |      91 |       10 |      1 |    18 |    +0.3% |   -0.101 |     -559.2 |       -4.2 |    562 | u.u_ibex.gen_regfile_ff.register_file_i.g_rf_flops\[12\].rf_reg_q\[24\]$_DFFE_PN0P_/D
     221* |       0 |      91 |       10 |      1 |    18 |    +0.3% |   -0.101 |     -559.2 |       -4.2 |    562 | u.u_ibex.gen_regfile_ff.register_file_i.g_rf_flops\[12\].rf_reg_q\[24\]$_DFFE_PN0P_/D
     222* |       0 |      91 |       10 |      1 |    18 |    +0.3% |   -0.101 |     -559.2 |       -4.2 |    562 | u.u_ibex.gen_regfile_ff.register_file_i.g_rf_flops\[12\].rf_reg_q\[24\]$_DFFE_PN0P_/D
     223* |       0 |      91 |       10 |      1 |    18 |    +0.3% |   -0.101 |     -559.2 |       -4.2 |    562 | u.u_ibex.gen_regfile_ff.register_file_i.g_rf_flops\[12\].rf_reg_q\[24\]$_DFFE_PN0P_/D
     224* |       0 |      91 |       10 |      1 |    18 |    +0.3% |   -0.101 |     -559.2 |       -4.2 |    562 | u.u_ibex.gen_regfile_ff.register_file_i.g_rf_flops\[12\].rf_reg_q\[24\]$_DFFE_PN0P_/D
     225* |       0 |      91 |       10 |      1 |    18 |    +0.3% |   -0.101 |     -559.2 |       -4.2 |    562 | u.u_ibex.gen_regfile_ff.register_file_i.g_rf_flops\[12\].rf_reg_q\[24\]$_DFFE_PN0P_/D
     226* |       0 |      91 |       10 |      1 |    18 |    +0.3% |   -0.101 |     -559.2 |       -4.2 |    562 | u.u_ibex.gen_regfile_ff.register_file_i.g_rf_flops\[12\].rf_reg_q\[24\]$_DFFE_PN0P_/D
     227* |       0 |      91 |       10 |      1 |    18 |    +0.3% |   -0.101 |     -559.2 |       -4.2 |    562 | u.u_ibex.gen_regfile_ff.register_file_i.g_rf_flops\[12\].rf_reg_q\[24\]$_DFFE_PN0P_/D
     228* |       0 |      91 |       10 |      1 |    18 |    +0.3% |   -0.101 |     -559.2 |       -4.2 |    562 | u.u_ibex.gen_regfile_ff.register_file_i.g_rf_flops\[12\].rf_reg_q\[24\]$_DFFE_PN0P_/D
     229* |       0 |      91 |       10 |      1 |    18 |    +0.3% |   -0.101 |     -559.2 |       -4.2 |    562 | u.u_ibex.gen_regfile_ff.register_file_i.g_rf_flops\[12\].rf_reg_q\[24\]$_DFFE_PN0P_/D
     230* |       0 |      91 |       10 |      1 |    18 |    +0.3% |   -0.101 |     -559.2 |       -4.2 |    562 | u.u_ibex.gen_regfile_ff.register_file_i.g_rf_flops\[12\].rf_reg_q\[24\]$_DFFE_PN0P_/D
     230* |       0 |      91 |       10 |      1 |    18 |    +0.3% |   -0.101 |     -559.2 |       -4.2 |    562 | u.u_ibex.gen_regfile_ff.register_file_i.g_rf_flops\[12\].rf_reg_q\[24\]$_DFFE_PN0P_/D
     231* |       0 |      91 |       10 |      1 |    18 |    +0.3% |   -0.101 |     -559.2 |       -4.2 |    562 | u.u_ibex.gen_regfile_ff.register_file_i.g_rf_flops\[12\].rf_reg_q\[24\]$_DFFE_PN0P_/D
     232* |       0 |      91 |       10 |      1 |    18 |    +0.3% |   -0.101 |     -559.2 |       -4.2 |    562 | u.u_ibex.gen_regfile_ff.register_file_i.g_rf_flops\[12\].rf_reg_q\[24\]$_DFFE_PN0P_/D
     233* |       0 |      91 |       10 |      1 |    18 |    +0.3% |   -0.101 |     -559.2 |       -4.2 |    562 | u.u_ibex.gen_regfile_ff.register_file_i.g_rf_flops\[12\].rf_reg_q\[24\]$_DFFE_PN0P_/D
     234* |       0 |      91 |       10 |      1 |    18 |    +0.3% |   -0.101 |     -559.2 |       -4.2 |    562 | u.u_ibex.gen_regfile_ff.register_file_i.g_rf_flops\[12\].rf_reg_q\[24\]$_DFFE_PN0P_/D
     235* |       0 |      91 |       10 |      1 |    18 |    +0.3% |   -0.101 |     -559.2 |       -4.2 |    562 | u.u_ibex.gen_regfile_ff.register_file_i.g_rf_flops\[12\].rf_reg_q\[24\]$_DFFE_PN0P_/D
     240* |       0 |      93 |       11 |      1 |    19 |    +0.3% |   -0.080 |     -559.2 |       -3.6 |    562 | instr_addr_o[26]
     241* |       0 |      94 |       11 |      1 |    19 |    +0.3% |   -0.080 |     -559.1 |       -2.0 |    562 | instr_addr_o[26]
     242* |       0 |      94 |       11 |      1 |    19 |    +0.3% |   -0.080 |     -559.1 |       -2.0 |    562 | instr_addr_o[26]
     243* |       0 |      94 |       11 |      1 |    19 |    +0.3% |   -0.080 |     -559.1 |       -2.0 |    562 | instr_addr_o[26]
     244* |       0 |      94 |       11 |      1 |    19 |    +0.3% |   -0.080 |     -559.1 |       -2.0 |    562 | instr_addr_o[26]
     245* |       0 |      94 |       11 |      1 |    19 |    +0.3% |   -0.080 |     -559.1 |       -2.0 |    562 | instr_addr_o[26]
     246* |       0 |      94 |       11 |      1 |    19 |    +0.3% |   -0.080 |     -559.1 |       -2.0 |    562 | instr_addr_o[26]
     247* |       0 |      94 |       11 |      1 |    19 |    +0.3% |   -0.080 |     -559.1 |       -2.0 |    562 | instr_addr_o[26]
     248* |       0 |      94 |       11 |      1 |    19 |    +0.3% |   -0.080 |     -559.1 |       -2.0 |    562 | instr_addr_o[26]
     249* |       0 |      94 |       11 |      1 |    19 |    +0.3% |   -0.080 |     -559.1 |       -2.0 |    562 | instr_addr_o[26]
     250* |       0 |      94 |       11 |      1 |    19 |    +0.3% |   -0.080 |     -559.1 |       -2.0 |    562 | instr_addr_o[26]
     250* |       0 |      94 |       11 |      1 |    19 |    +0.3% |   -0.080 |     -559.1 |       -2.0 |    562 | instr_addr_o[26]
     251* |       0 |      94 |       11 |      1 |    19 |    +0.3% |   -0.080 |     -559.1 |       -2.0 |    562 | instr_addr_o[26]
     252* |       0 |      94 |       11 |      1 |    19 |    +0.3% |   -0.080 |     -559.1 |       -2.0 |    562 | instr_addr_o[26]
     253* |       0 |      94 |       11 |      1 |    19 |    +0.3% |   -0.080 |     -559.1 |       -2.0 |    562 | instr_addr_o[26]
     254* |       0 |      94 |       11 |      1 |    19 |    +0.3% |   -0.080 |     -559.1 |       -2.0 |    562 | instr_addr_o[26]
     255* |       0 |      94 |       11 |      1 |    19 |    +0.3% |   -0.080 |     -559.1 |       -2.0 |    562 | instr_addr_o[26]
     256* |       0 |      94 |       11 |      1 |    19 |    +0.3% |   -0.080 |     -559.1 |       -2.0 |    562 | instr_addr_o[26]
     257* |       0 |      94 |       11 |      1 |    19 |    +0.3% |   -0.080 |     -559.1 |       -2.0 |    562 | instr_addr_o[26]
     258* |       0 |      94 |       11 |      1 |    19 |    +0.3% |   -0.080 |     -559.1 |       -2.0 |    562 | instr_addr_o[26]
     259* |       0 |      94 |       11 |      1 |    19 |    +0.3% |   -0.080 |     -559.1 |       -2.0 |    562 | instr_addr_o[26]
     260* |       0 |      94 |       11 |      1 |    19 |    +0.3% |   -0.080 |     -559.1 |       -2.0 |    562 | instr_addr_o[26]
     260* |       0 |      94 |       11 |      1 |    19 |    +0.3% |   -0.080 |     -559.1 |       -2.0 |    562 | instr_addr_o[26]
     261* |       0 |      94 |       11 |      1 |    19 |    +0.3% |   -0.080 |     -559.1 |       -2.0 |    562 | instr_addr_o[26]
     262* |       0 |      94 |       11 |      1 |    19 |    +0.3% |   -0.080 |     -559.1 |       -2.0 |    562 | instr_addr_o[26]
     263* |       0 |      94 |       11 |      1 |    19 |    +0.3% |   -0.080 |     -559.1 |       -2.0 |    562 | instr_addr_o[26]
     264* |       0 |      94 |       11 |      1 |    19 |    +0.3% |   -0.080 |     -559.1 |       -2.0 |    562 | instr_addr_o[26]
     265* |       0 |      94 |       11 |      1 |    19 |    +0.3% |   -0.080 |     -559.1 |       -2.0 |    562 | instr_addr_o[26]
     266* |       0 |      94 |       11 |      1 |    19 |    +0.3% |   -0.080 |     -559.1 |       -2.0 |    562 | instr_addr_o[26]
     267* |       0 |      94 |       11 |      1 |    19 |    +0.3% |   -0.080 |     -559.1 |       -2.0 |    562 | instr_addr_o[26]
     268* |       0 |      94 |       11 |      1 |    19 |    +0.3% |   -0.080 |     -559.1 |       -2.0 |    562 | instr_addr_o[26]
     269* |       0 |      94 |       11 |      1 |    19 |    +0.3% |   -0.080 |     -559.1 |       -2.0 |    562 | instr_addr_o[26]
     270* |       0 |      94 |       11 |      1 |    19 |    +0.3% |   -0.080 |     -559.1 |       -2.0 |    562 | instr_addr_o[26]
     270* |       0 |      94 |       11 |      1 |    19 |    +0.3% |   -0.080 |     -559.1 |       -2.0 |    562 | instr_addr_o[26]
     271* |       0 |      94 |       11 |      1 |    19 |    +0.3% |   -0.080 |     -559.1 |       -2.0 |    562 | instr_addr_o[26]
     272* |       0 |      94 |       11 |      1 |    19 |    +0.3% |   -0.080 |     -559.1 |       -2.0 |    562 | instr_addr_o[26]
     273* |       0 |      94 |       11 |      1 |    19 |    +0.3% |   -0.080 |     -559.1 |       -2.0 |    562 | instr_addr_o[26]
     274* |       0 |      94 |       11 |      1 |    19 |    +0.3% |   -0.080 |     -559.1 |       -2.0 |    562 | instr_addr_o[26]
     275* |       0 |      94 |       11 |      1 |    19 |    +0.3% |   -0.080 |     -559.1 |       -2.0 |    562 | instr_addr_o[26]
     279* |       0 |      96 |       11 |      1 |    20 |    +0.3% |   -0.080 |     -559.1 |       -1.3 |    562 | instr_addr_o[26]
     280* |       0 |      96 |       11 |      1 |    20 |    +0.3% |   -0.080 |     -559.1 |       -1.3 |    562 | instr_addr_o[26]
     280* |       0 |      96 |       11 |      1 |    20 |    +0.3% |   -0.080 |     -559.1 |       -1.3 |    562 | instr_addr_o[26]
     281* |       0 |      96 |       11 |      1 |    20 |    +0.3% |   -0.080 |     -559.1 |       -1.3 |    562 | instr_addr_o[26]
     282* |       0 |      96 |       11 |      1 |    20 |    +0.3% |   -0.080 |     -559.1 |       -1.3 |    562 | instr_addr_o[26]
     283* |       0 |      96 |       11 |      1 |    20 |    +0.3% |   -0.080 |     -559.1 |       -1.3 |    562 | instr_addr_o[26]
     284* |       0 |      96 |       11 |      1 |    20 |    +0.3% |   -0.080 |     -559.1 |       -1.3 |    562 | instr_addr_o[26]
     285* |       0 |      96 |       11 |      1 |    20 |    +0.3% |   -0.080 |     -559.1 |       -1.3 |    562 | instr_addr_o[26]
     286* |       0 |      96 |       11 |      1 |    20 |    +0.3% |   -0.080 |     -559.1 |       -1.3 |    562 | instr_addr_o[26]
     287* |       0 |      96 |       11 |      1 |    20 |    +0.3% |   -0.080 |     -559.1 |       -1.3 |    562 | instr_addr_o[26]
     288* |       0 |      96 |       11 |      1 |    20 |    +0.3% |   -0.080 |     -559.1 |       -1.3 |    562 | instr_addr_o[26]
     289* |       0 |      96 |       11 |      1 |    20 |    +0.3% |   -0.080 |     -559.1 |       -1.3 |    562 | instr_addr_o[26]
     290* |       0 |      96 |       11 |      1 |    20 |    +0.3% |   -0.080 |     -559.1 |       -1.3 |    562 | instr_addr_o[26]
     290* |       0 |      96 |       11 |      1 |    20 |    +0.3% |   -0.080 |     -559.1 |       -1.3 |    562 | instr_addr_o[26]
     291* |       0 |      96 |       11 |      1 |    20 |    +0.3% |   -0.080 |     -559.1 |       -1.3 |    562 | instr_addr_o[26]
     292* |       0 |      96 |       11 |      1 |    20 |    +0.3% |   -0.080 |     -559.1 |       -1.3 |    562 | instr_addr_o[26]
     293* |       0 |      96 |       11 |      1 |    20 |    +0.3% |   -0.080 |     -559.1 |       -1.3 |    562 | instr_addr_o[26]
     294* |       0 |      96 |       11 |      1 |    20 |    +0.3% |   -0.080 |     -559.1 |       -1.3 |    562 | instr_addr_o[26]
     295* |       0 |      96 |       11 |      1 |    20 |    +0.3% |   -0.080 |     -559.1 |       -1.3 |    562 | instr_addr_o[26]
     296* |       0 |      96 |       11 |      1 |    20 |    +0.3% |   -0.080 |     -559.1 |       -1.3 |    562 | instr_addr_o[26]
     297* |       0 |      96 |       11 |      1 |    20 |    +0.3% |   -0.080 |     -559.1 |       -1.3 |    562 | instr_addr_o[26]
     298* |       0 |      96 |       11 |      1 |    20 |    +0.3% |   -0.080 |     -559.1 |       -1.3 |    562 | instr_addr_o[26]
     299* |       0 |      96 |       11 |      1 |    20 |    +0.3% |   -0.080 |     -559.1 |       -1.3 |    562 | instr_addr_o[26]
     300* |       0 |      96 |       11 |      1 |    20 |    +0.3% |   -0.080 |     -559.1 |       -1.3 |    562 | instr_addr_o[26]
     300* |       0 |      96 |       11 |      1 |    20 |    +0.3% |   -0.080 |     -559.1 |       -1.3 |    562 | instr_addr_o[26]
     301* |       0 |      96 |       11 |      1 |    20 |    +0.3% |   -0.080 |     -559.1 |       -1.3 |    562 | instr_addr_o[26]
     302* |       0 |      96 |       11 |      1 |    20 |    +0.3% |   -0.080 |     -559.1 |       -1.3 |    562 | instr_addr_o[26]
     303* |       0 |      96 |       11 |      1 |    20 |    +0.3% |   -0.080 |     -559.1 |       -1.3 |    562 | instr_addr_o[26]
     304* |       0 |      96 |       11 |      1 |    20 |    +0.3% |   -0.080 |     -559.1 |       -1.3 |    562 | instr_addr_o[26]
     305* |       0 |      96 |       11 |      1 |    20 |    +0.3% |   -0.080 |     -559.1 |       -1.3 |    562 | instr_addr_o[26]
     306* |       0 |      96 |       11 |      1 |    20 |    +0.3% |   -0.080 |     -559.1 |       -1.3 |    562 | instr_addr_o[26]
     307* |       0 |      96 |       11 |      1 |    20 |    +0.3% |   -0.080 |     -559.1 |       -1.3 |    562 | instr_addr_o[26]
     308* |       0 |      96 |       11 |      1 |    20 |    +0.3% |   -0.080 |     -559.1 |       -1.3 |    562 | instr_addr_o[26]
     309* |       0 |      96 |       11 |      1 |    20 |    +0.3% |   -0.080 |     -559.1 |       -1.3 |    562 | instr_addr_o[26]
     310* |       0 |      96 |       11 |      1 |    20 |    +0.3% |   -0.080 |     -559.1 |       -1.3 |    562 | instr_addr_o[26]
     311* |       0 |      97 |       11 |      1 |    20 |    +0.3% |   -0.080 |     -559.1 |       -1.3 |    562 | instr_addr_o[26]
     312* |       0 |      97 |       11 |      1 |    20 |    +0.3% |   -0.080 |     -559.1 |       -1.3 |    562 | instr_addr_o[26]
     313* |       0 |      97 |       11 |      1 |    20 |    +0.3% |   -0.080 |     -559.1 |       -1.3 |    562 | instr_addr_o[26]
     314* |       0 |      97 |       11 |      1 |    20 |    +0.3% |   -0.080 |     -559.1 |       -1.3 |    562 | instr_addr_o[26]
     315* |       0 |      97 |       11 |      1 |    20 |    +0.3% |   -0.080 |     -559.1 |       -1.3 |    562 | instr_addr_o[26]
     316* |       0 |      97 |       11 |      1 |    20 |    +0.3% |   -0.080 |     -559.1 |       -1.3 |    562 | instr_addr_o[26]
     317* |       0 |      97 |       11 |      1 |    20 |    +0.3% |   -0.080 |     -559.1 |       -1.3 |    562 | instr_addr_o[26]
     318* |       0 |      97 |       11 |      1 |    20 |    +0.3% |   -0.080 |     -559.1 |       -1.3 |    562 | instr_addr_o[26]
     319* |       0 |      97 |       11 |      1 |    20 |    +0.3% |   -0.080 |     -559.1 |       -1.3 |    562 | instr_addr_o[26]
     320* |       0 |      97 |       11 |      1 |    20 |    +0.3% |   -0.080 |     -559.1 |       -1.3 |    562 | instr_addr_o[26]
     330* |       0 |     103 |       15 |      2 |    22 |    +0.3% |   -0.187 |     -559.5 |       -3.8 |    562 | u.u_ibex.gen_regfile_ff.register_file_i.g_rf_flops\[19\].rf_reg_q\[20\]$_DFFE_PN0P_/D
     332* |       0 |     104 |       16 |      2 |    22 |    +0.4% |   -0.080 |     -559.1 |       -1.1 |    562 | instr_addr_o[26]
     333* |       0 |     104 |       16 |      2 |    22 |    +0.4% |   -0.080 |     -559.1 |       -1.1 |    562 | instr_addr_o[26]
     334* |       0 |     104 |       16 |      2 |    22 |    +0.4% |   -0.080 |     -559.1 |       -1.1 |    562 | instr_addr_o[26]
     335* |       0 |     104 |       16 |      2 |    22 |    +0.4% |   -0.080 |     -559.1 |       -1.1 |    562 | instr_addr_o[26]
     336* |       0 |     104 |       16 |      2 |    22 |    +0.4% |   -0.080 |     -559.1 |       -1.1 |    562 | instr_addr_o[26]
     337* |       0 |     104 |       16 |      2 |    22 |    +0.4% |   -0.080 |     -559.1 |       -1.1 |    562 | instr_addr_o[26]
     338* |       0 |     104 |       16 |      2 |    22 |    +0.4% |   -0.080 |     -559.1 |       -1.1 |    562 | instr_addr_o[26]
     339* |       0 |     104 |       16 |      2 |    22 |    +0.4% |   -0.080 |     -559.1 |       -1.1 |    562 | instr_addr_o[26]
     340* |       0 |     104 |       16 |      2 |    22 |    +0.4% |   -0.080 |     -559.1 |       -1.1 |    562 | instr_addr_o[26]
     340* |       0 |     104 |       16 |      2 |    22 |    +0.4% |   -0.080 |     -559.1 |       -1.1 |    562 | instr_addr_o[26]
     341* |       0 |     104 |       16 |      2 |    22 |    +0.4% |   -0.080 |     -559.1 |       -1.1 |    562 | instr_addr_o[26]
     342* |       0 |     104 |       16 |      2 |    22 |    +0.4% |   -0.080 |     -559.1 |       -1.1 |    562 | instr_addr_o[26]
     343* |       0 |     104 |       16 |      2 |    22 |    +0.4% |   -0.080 |     -559.1 |       -1.1 |    562 | instr_addr_o[26]
     344* |       0 |     104 |       16 |      2 |    22 |    +0.4% |   -0.080 |     -559.1 |       -1.1 |    562 | instr_addr_o[26]
     345* |       0 |     104 |       16 |      2 |    22 |    +0.4% |   -0.080 |     -559.1 |       -1.1 |    562 | instr_addr_o[26]
     346* |       0 |     104 |       16 |      2 |    22 |    +0.4% |   -0.080 |     -559.1 |       -1.1 |    562 | instr_addr_o[26]
     347* |       0 |     104 |       16 |      2 |    22 |    +0.4% |   -0.080 |     -559.1 |       -1.1 |    562 | instr_addr_o[26]
     348* |       0 |     104 |       16 |      2 |    22 |    +0.4% |   -0.080 |     -559.1 |       -1.1 |    562 | instr_addr_o[26]
     349* |       0 |     104 |       16 |      2 |    22 |    +0.4% |   -0.080 |     -559.1 |       -1.1 |    562 | instr_addr_o[26]
     350* |       0 |     104 |       16 |      2 |    22 |    +0.4% |   -0.080 |     -559.1 |       -1.1 |    562 | instr_addr_o[26]
     350* |       0 |     104 |       16 |      2 |    22 |    +0.4% |   -0.080 |     -559.1 |       -1.1 |    562 | instr_addr_o[26]
     351* |       0 |     104 |       16 |      2 |    22 |    +0.4% |   -0.080 |     -559.1 |       -1.1 |    562 | instr_addr_o[26]
     352* |       0 |     104 |       16 |      2 |    22 |    +0.4% |   -0.080 |     -559.1 |       -1.1 |    562 | instr_addr_o[26]
     353* |       0 |     104 |       16 |      2 |    22 |    +0.4% |   -0.080 |     -559.1 |       -1.1 |    562 | instr_addr_o[26]
     354* |       0 |     104 |       16 |      2 |    22 |    +0.4% |   -0.080 |     -559.1 |       -1.1 |    562 | instr_addr_o[26]
     355* |       0 |     104 |       16 |      2 |    22 |    +0.4% |   -0.080 |     -559.1 |       -1.1 |    562 | instr_addr_o[26]
     356* |       0 |     104 |       16 |      2 |    22 |    +0.4% |   -0.080 |     -559.1 |       -1.1 |    562 | instr_addr_o[26]
     357* |       0 |     104 |       16 |      2 |    22 |    +0.4% |   -0.080 |     -559.1 |       -1.1 |    562 | instr_addr_o[26]
     358* |       0 |     104 |       16 |      2 |    22 |    +0.4% |   -0.080 |     -559.1 |       -1.1 |    562 | instr_addr_o[26]
     359* |       0 |     104 |       16 |      2 |    22 |    +0.4% |   -0.080 |     -559.1 |       -1.1 |    562 | instr_addr_o[26]
     360* |       0 |     104 |       16 |      2 |    22 |    +0.4% |   -0.080 |     -559.1 |       -1.1 |    562 | instr_addr_o[26]
     360* |       0 |     104 |       16 |      2 |    22 |    +0.4% |   -0.080 |     -559.1 |       -1.1 |    562 | instr_addr_o[26]
     361* |       0 |     104 |       16 |      2 |    22 |    +0.4% |   -0.080 |     -559.1 |       -1.1 |    562 | instr_addr_o[26]
     362* |       0 |     104 |       16 |      2 |    22 |    +0.4% |   -0.080 |     -559.1 |       -1.1 |    562 | instr_addr_o[26]
     363* |       0 |     104 |       16 |      2 |    22 |    +0.4% |   -0.080 |     -559.1 |       -1.1 |    562 | instr_addr_o[26]
     364* |       0 |     104 |       16 |      2 |    22 |    +0.4% |   -0.080 |     -559.1 |       -1.1 |    562 | instr_addr_o[26]
     365* |       0 |     104 |       16 |      2 |    22 |    +0.4% |   -0.080 |     -559.1 |       -1.1 |    562 | instr_addr_o[26]
     366* |       0 |     104 |       16 |      2 |    22 |    +0.4% |   -0.080 |     -559.1 |       -1.1 |    562 | instr_addr_o[26]
     367* |       0 |     104 |       16 |      2 |    22 |    +0.4% |   -0.080 |     -559.1 |       -1.1 |    562 | instr_addr_o[26]
     368* |       0 |     104 |       16 |      2 |    22 |    +0.4% |   -0.080 |     -559.1 |       -1.1 |    562 | instr_addr_o[26]
     369* |       0 |     104 |       16 |      2 |    22 |    +0.4% |   -0.080 |     -559.1 |       -1.1 |    562 | instr_addr_o[26]
     370* |       0 |     104 |       16 |      2 |    22 |    +0.4% |   -0.080 |     -559.1 |       -1.1 |    562 | instr_addr_o[26]
     370* |       0 |     104 |       16 |      2 |    22 |    +0.4% |   -0.080 |     -559.1 |       -1.1 |    562 | instr_addr_o[26]
     371* |       0 |     104 |       16 |      2 |    22 |    +0.4% |   -0.080 |     -559.1 |       -1.1 |    562 | instr_addr_o[26]
     372* |       0 |     104 |       16 |      2 |    22 |    +0.4% |   -0.080 |     -559.1 |       -1.1 |    562 | instr_addr_o[26]
     373* |       0 |     104 |       16 |      2 |    22 |    +0.4% |   -0.080 |     -559.1 |       -1.1 |    562 | instr_addr_o[26]
     374* |       0 |     104 |       16 |      2 |    22 |    +0.4% |   -0.080 |     -559.1 |       -1.1 |    562 | instr_addr_o[26]
     375* |       0 |     104 |       16 |      2 |    22 |    +0.4% |   -0.080 |     -559.1 |       -1.1 |    562 | instr_addr_o[26]
     376* |       0 |     104 |       16 |      2 |    22 |    +0.4% |   -0.080 |     -559.1 |       -1.1 |    562 | instr_addr_o[26]
     377* |       0 |     104 |       16 |      2 |    22 |    +0.4% |   -0.080 |     -559.1 |       -1.1 |    562 | instr_addr_o[26]
     378* |       0 |     104 |       16 |      2 |    22 |    +0.4% |   -0.080 |     -559.1 |       -1.1 |    562 | instr_addr_o[26]
     379* |       0 |     104 |       16 |      2 |    22 |    +0.4% |   -0.080 |     -559.1 |       -1.1 |    562 | instr_addr_o[26]
     380* |       0 |     104 |       16 |      2 |    22 |    +0.4% |   -0.080 |     -559.1 |       -1.1 |    562 | instr_addr_o[26]
     380* |       0 |     104 |       16 |      2 |    22 |    +0.4% |   -0.080 |     -559.1 |       -1.1 |    562 | instr_addr_o[26]
     381* |       0 |     104 |       16 |      2 |    22 |    +0.4% |   -0.080 |     -559.1 |       -1.1 |    562 | instr_addr_o[26]
     382* |       0 |     104 |       16 |      2 |    22 |    +0.4% |   -0.080 |     -559.1 |       -1.1 |    562 | instr_addr_o[26]
     383* |       0 |     104 |       16 |      2 |    22 |    +0.4% |   -0.080 |     -559.1 |       -1.1 |    562 | instr_addr_o[26]
     384* |       0 |     104 |       16 |      2 |    22 |    +0.4% |   -0.080 |     -559.1 |       -1.1 |    562 | instr_addr_o[26]
     385* |       0 |     104 |       16 |      2 |    22 |    +0.4% |   -0.080 |     -559.1 |       -1.1 |    562 | instr_addr_o[26]
     390* |       0 |     106 |       17 |      2 |    23 |    +0.4% |   -0.080 |     -559.0 |       -0.4 |    562 | instr_addr_o[26]
     391* |       0 |     107 |       17 |      2 |    23 |    +0.4% |   -0.080 |     -559.0 |       -0.2 |    562 | instr_addr_o[26]
     392* |       0 |     107 |       17 |      2 |    23 |    +0.4% |   -0.080 |     -559.0 |       -0.2 |    562 | instr_addr_o[26]
     393* |       0 |     107 |       17 |      2 |    23 |    +0.4% |   -0.080 |     -559.0 |       -0.2 |    562 | instr_addr_o[26]
     394* |       0 |     107 |       17 |      2 |    23 |    +0.4% |   -0.080 |     -559.0 |       -0.2 |    562 | instr_addr_o[26]
     395* |       0 |     107 |       17 |      2 |    23 |    +0.4% |   -0.080 |     -559.0 |       -0.2 |    562 | instr_addr_o[26]
     396* |       0 |     107 |       17 |      2 |    23 |    +0.4% |   -0.080 |     -559.0 |       -0.2 |    562 | instr_addr_o[26]
     397* |       0 |     107 |       17 |      2 |    23 |    +0.4% |   -0.080 |     -559.0 |       -0.2 |    562 | instr_addr_o[26]
     398* |       0 |     107 |       17 |      2 |    23 |    +0.4% |   -0.080 |     -559.0 |       -0.2 |    562 | instr_addr_o[26]
     399* |       0 |     107 |       17 |      2 |    23 |    +0.4% |   -0.080 |     -559.0 |       -0.2 |    562 | instr_addr_o[26]
     400* |       0 |     107 |       17 |      2 |    23 |    +0.4% |   -0.080 |     -559.0 |       -0.2 |    562 | instr_addr_o[26]
     401* |       0 |     108 |       17 |      2 |    23 |    +0.4% |   -0.080 |     -559.0 |       -0.2 |    562 | instr_addr_o[26]
     402* |       0 |     108 |       17 |      2 |    23 |    +0.4% |   -0.080 |     -559.0 |       -0.2 |    562 | instr_addr_o[26]
     403* |       0 |     108 |       17 |      2 |    23 |    +0.4% |   -0.080 |     -559.0 |       -0.2 |    562 | instr_addr_o[26]
     404* |       0 |     108 |       17 |      2 |    23 |    +0.4% |   -0.080 |     -559.0 |       -0.2 |    562 | instr_addr_o[26]
     405* |       0 |     108 |       17 |      2 |    23 |    +0.4% |   -0.080 |     -559.0 |       -0.2 |    562 | instr_addr_o[26]
     406* |       0 |     108 |       17 |      2 |    23 |    +0.4% |   -0.080 |     -559.0 |       -0.2 |    562 | instr_addr_o[26]
     407* |       0 |     108 |       17 |      2 |    23 |    +0.4% |   -0.080 |     -559.0 |       -0.2 |    562 | instr_addr_o[26]
     408* |       0 |     108 |       17 |      2 |    23 |    +0.4% |   -0.080 |     -559.0 |       -0.2 |    562 | instr_addr_o[26]
     409* |       0 |     108 |       17 |      2 |    23 |    +0.4% |   -0.080 |     -559.0 |       -0.2 |    562 | instr_addr_o[26]
     410* |       0 |     108 |       17 |      2 |    23 |    +0.4% |   -0.080 |     -559.0 |       -0.2 |    562 | instr_addr_o[26]
     410* |       0 |     108 |       17 |      2 |    23 |    +0.4% |   -0.080 |     -559.0 |       -0.2 |    562 | instr_addr_o[26]
     411* |       0 |     108 |       17 |      2 |    23 |    +0.4% |   -0.080 |     -559.0 |       -0.2 |    562 | instr_addr_o[26]
     412* |       0 |     108 |       17 |      2 |    23 |    +0.4% |   -0.080 |     -559.0 |       -0.2 |    562 | instr_addr_o[26]
     413* |       0 |     108 |       17 |      2 |    23 |    +0.4% |   -0.080 |     -559.0 |       -0.2 |    562 | instr_addr_o[26]
     414* |       0 |     108 |       17 |      2 |    23 |    +0.4% |   -0.080 |     -559.0 |       -0.2 |    562 | instr_addr_o[26]
     415* |       0 |     108 |       17 |      2 |    23 |    +0.4% |   -0.080 |     -559.0 |       -0.2 |    562 | instr_addr_o[26]
     416* |       0 |     108 |       17 |      2 |    23 |    +0.4% |   -0.080 |     -559.0 |       -0.2 |    562 | instr_addr_o[26]
     417* |       0 |     108 |       17 |      2 |    23 |    +0.4% |   -0.080 |     -559.0 |       -0.2 |    562 | instr_addr_o[26]
     418* |       0 |     108 |       17 |      2 |    23 |    +0.4% |   -0.080 |     -559.0 |       -0.2 |    562 | instr_addr_o[26]
     419* |       0 |     108 |       17 |      2 |    23 |    +0.4% |   -0.080 |     -559.0 |       -0.2 |    562 | instr_addr_o[26]
     420* |       0 |     108 |       17 |      2 |    23 |    +0.4% |   -0.080 |     -559.0 |       -0.2 |    562 | instr_addr_o[26]
     420* |       0 |     108 |       17 |      2 |    23 |    +0.4% |   -0.080 |     -559.0 |       -0.2 |    562 | instr_addr_o[26]
     421* |       0 |     108 |       17 |      2 |    23 |    +0.4% |   -0.080 |     -559.0 |       -0.2 |    562 | instr_addr_o[26]
     422* |       0 |     108 |       17 |      2 |    23 |    +0.4% |   -0.080 |     -559.0 |       -0.2 |    562 | instr_addr_o[26]
     423* |       0 |     108 |       17 |      2 |    23 |    +0.4% |   -0.080 |     -559.0 |       -0.2 |    562 | instr_addr_o[26]
     424* |       0 |     108 |       17 |      2 |    23 |    +0.4% |   -0.080 |     -559.0 |       -0.2 |    562 | instr_addr_o[26]
     425* |       0 |     108 |       17 |      2 |    23 |    +0.4% |   -0.080 |     -559.0 |       -0.2 |    562 | instr_addr_o[26]
     426* |       0 |     108 |       17 |      2 |    23 |    +0.4% |   -0.080 |     -559.0 |       -0.2 |    562 | instr_addr_o[26]
     427* |       0 |     108 |       17 |      2 |    23 |    +0.4% |   -0.080 |     -559.0 |       -0.2 |    562 | instr_addr_o[26]
     428* |       0 |     108 |       17 |      2 |    23 |    +0.4% |   -0.080 |     -559.0 |       -0.2 |    562 | instr_addr_o[26]
     429* |       0 |     108 |       17 |      2 |    23 |    +0.4% |   -0.080 |     -559.0 |       -0.2 |    562 | instr_addr_o[26]
     430* |       0 |     108 |       17 |      2 |    23 |    +0.4% |   -0.080 |     -559.0 |       -0.2 |    562 | instr_addr_o[26]
     430* |       0 |     108 |       17 |      2 |    23 |    +0.4% |   -0.080 |     -559.0 |       -0.2 |    562 | instr_addr_o[26]
     431* |       0 |     108 |       17 |      2 |    23 |    +0.4% |   -0.080 |     -559.0 |       -0.2 |    562 | instr_addr_o[26]
     432* |       0 |     108 |       17 |      2 |    23 |    +0.4% |   -0.080 |     -559.0 |       -0.2 |    562 | instr_addr_o[26]
     433* |       0 |     108 |       17 |      2 |    23 |    +0.4% |   -0.080 |     -559.0 |       -0.2 |    562 | instr_addr_o[26]
     434* |       0 |     108 |       17 |      2 |    23 |    +0.4% |   -0.080 |     -559.0 |       -0.2 |    562 | instr_addr_o[26]
     435* |       0 |     108 |       17 |      2 |    23 |    +0.4% |   -0.080 |     -559.0 |       -0.2 |    562 | instr_addr_o[26]
     436* |       0 |     108 |       17 |      2 |    23 |    +0.4% |   -0.080 |     -559.0 |       -0.2 |    562 | instr_addr_o[26]
     437* |       0 |     108 |       17 |      2 |    23 |    +0.4% |   -0.080 |     -559.0 |       -0.2 |    562 | instr_addr_o[26]
     438* |       0 |     108 |       17 |      2 |    23 |    +0.4% |   -0.080 |     -559.0 |       -0.2 |    562 | instr_addr_o[26]
     439* |       0 |     108 |       17 |      2 |    23 |    +0.4% |   -0.080 |     -559.0 |       -0.2 |    562 | instr_addr_o[26]
     440* |       0 |     108 |       17 |      2 |    23 |    +0.4% |   -0.080 |     -559.0 |       -0.2 |    562 | instr_addr_o[26]
     440* |       0 |     108 |       17 |      2 |    23 |    +0.4% |   -0.080 |     -559.0 |       -0.2 |    562 | instr_addr_o[26]
     441* |       0 |     108 |       17 |      2 |    23 |    +0.4% |   -0.080 |     -559.0 |       -0.2 |    562 | instr_addr_o[26]
     442* |       0 |     108 |       17 |      2 |    23 |    +0.4% |   -0.080 |     -559.0 |       -0.2 |    562 | instr_addr_o[26]
     443* |       0 |     108 |       17 |      2 |    23 |    +0.4% |   -0.080 |     -559.0 |       -0.2 |    562 | instr_addr_o[26]
     444* |       0 |     108 |       17 |      2 |    23 |    +0.4% |   -0.080 |     -559.0 |       -0.2 |    562 | instr_addr_o[26]
     445* |       0 |     108 |       17 |      2 |    23 |    +0.4% |   -0.080 |     -559.0 |       -0.2 |    562 | instr_addr_o[26]
     446* |       0 |     108 |       17 |      2 |    23 |    +0.4% |   -0.080 |     -559.0 |       -0.2 |    562 | instr_addr_o[26]
     447* |       0 |     108 |       17 |      2 |    23 |    +0.4% |   -0.080 |     -559.0 |       -0.2 |    562 | instr_addr_o[26]
     448* |       0 |     108 |       17 |      2 |    23 |    +0.4% |   -0.080 |     -559.0 |       -0.2 |    562 | instr_addr_o[26]
     449* |       0 |     108 |       17 |      2 |    23 |    +0.4% |   -0.080 |     -559.0 |       -0.2 |    562 | instr_addr_o[26]
     450* |       0 |     108 |       17 |      2 |    23 |    +0.4% |   -0.080 |     -559.0 |       -0.2 |    562 | instr_addr_o[26]
     450* |       0 |     108 |       17 |      2 |    23 |    +0.4% |   -0.080 |     -559.0 |       -0.2 |    562 | instr_addr_o[26]
     451* |       0 |     108 |       17 |      2 |    23 |    +0.4% |   -0.080 |     -559.0 |       -0.2 |    562 | instr_addr_o[26]
     452* |       0 |     108 |       17 |      2 |    23 |    +0.4% |   -0.080 |     -559.0 |       -0.2 |    562 | instr_addr_o[26]
     453* |       0 |     108 |       17 |      2 |    23 |    +0.4% |   -0.080 |     -559.0 |       -0.2 |    562 | instr_addr_o[26]
     454* |       0 |     108 |       17 |      2 |    23 |    +0.4% |   -0.080 |     -559.0 |       -0.2 |    562 | instr_addr_o[26]
     455* |       0 |     108 |       17 |      2 |    23 |    +0.4% |   -0.080 |     -559.0 |       -0.2 |    562 | instr_addr_o[26]
     456* |       0 |     108 |       17 |      2 |    23 |    +0.4% |   -0.080 |     -559.0 |       -0.2 |    562 | instr_addr_o[26]
     457* |       0 |     108 |       17 |      2 |    23 |    +0.4% |   -0.080 |     -559.0 |       -0.2 |    562 | instr_addr_o[26]
     458* |       0 |     108 |       17 |      2 |    23 |    +0.4% |   -0.080 |     -559.0 |       -0.2 |    562 | instr_addr_o[26]
     459* |       0 |     108 |       17 |      2 |    23 |    +0.4% |   -0.080 |     -559.0 |       -0.2 |    562 | instr_addr_o[26]
     460* |       0 |     108 |       17 |      2 |    23 |    +0.4% |   -0.080 |     -559.0 |       -0.2 |    562 | instr_addr_o[26]
     460* |       0 |     108 |       17 |      2 |    23 |    +0.4% |   -0.080 |     -559.0 |       -0.2 |    562 | instr_addr_o[26]
     461* |       0 |     108 |       17 |      2 |    23 |    +0.4% |   -0.080 |     -559.0 |       -0.2 |    562 | instr_addr_o[26]
     465* |       0 |     108 |       17 |      2 |    23 |    +0.4% |   -0.080 |     -559.0 |       -0.2 |    562 | instr_addr_o[26]
     466* |       0 |     108 |       17 |      2 |    23 |    +0.4% |   -0.080 |     -559.0 |       -0.2 |    562 | instr_addr_o[26]
     467* |       0 |     108 |       17 |      2 |    23 |    +0.4% |   -0.080 |     -559.0 |       -0.2 |    562 | instr_addr_o[26]
     470* |       0 |     110 |       17 |      2 |    23 |    +0.4% |   -0.091 |     -559.0 |       -0.2 |    562 | instr_addr_o[29]
     470* |       0 |     108 |       17 |      2 |    23 |    +0.4% |   -0.080 |     -559.0 |       -0.2 |    562 | instr_addr_o[26]
     471* |       0 |     108 |       17 |      2 |    23 |    +0.4% |   -0.080 |     -559.0 |       -0.2 |    562 | instr_addr_o[26]
     474* |       0 |     109 |       17 |      2 |    23 |    +0.4% |   -0.080 |     -559.0 |       -0.2 |    562 | instr_addr_o[26]
     475* |       0 |     109 |       17 |      2 |    23 |    +0.4% |   -0.080 |     -559.0 |       -0.2 |    562 | instr_addr_o[26]
     476* |       0 |     109 |       17 |      2 |    23 |    +0.4% |   -0.080 |     -559.0 |       -0.2 |    562 | instr_addr_o[26]
     477* |       0 |     109 |       17 |      2 |    23 |    +0.4% |   -0.080 |     -559.0 |       -0.2 |    562 | instr_addr_o[26]
     478* |       0 |     109 |       17 |      2 |    23 |    +0.4% |   -0.080 |     -559.0 |       -0.2 |    562 | instr_addr_o[26]
     479* |       0 |     109 |       17 |      2 |    23 |    +0.4% |   -0.080 |     -559.0 |       -0.2 |    562 | instr_addr_o[26]
     480* |       0 |     109 |       17 |      2 |    23 |    +0.4% |   -0.080 |     -559.0 |       -0.2 |    562 | instr_addr_o[26]
     480* |       0 |     109 |       17 |      2 |    23 |    +0.4% |   -0.080 |     -559.0 |       -0.2 |    562 | instr_addr_o[26]
     481* |       0 |     109 |       17 |      2 |    23 |    +0.4% |   -0.080 |     -559.0 |       -0.2 |    562 | instr_addr_o[26]
     482* |       0 |     109 |       17 |      2 |    23 |    +0.4% |   -0.080 |     -559.0 |       -0.2 |    562 | instr_addr_o[26]
     483* |       0 |     109 |       17 |      2 |    23 |    +0.4% |   -0.080 |     -559.0 |       -0.2 |    562 | instr_addr_o[26]
     484* |       0 |     109 |       17 |      2 |    23 |    +0.4% |   -0.080 |     -559.0 |       -0.2 |    562 | instr_addr_o[26]
     485* |       0 |     109 |       17 |      2 |    23 |    +0.4% |   -0.080 |     -559.0 |       -0.2 |    562 | instr_addr_o[26]
     486* |       0 |     109 |       17 |      2 |    23 |    +0.4% |   -0.080 |     -559.0 |       -0.2 |    562 | instr_addr_o[26]
     487* |       0 |     109 |       17 |      2 |    23 |    +0.4% |   -0.080 |     -559.0 |       -0.2 |    562 | instr_addr_o[26]
     488* |       0 |     109 |       17 |      2 |    23 |    +0.4% |   -0.080 |     -559.0 |       -0.2 |    562 | instr_addr_o[26]
     489* |       0 |     109 |       17 |      2 |    23 |    +0.4% |   -0.080 |     -559.0 |       -0.2 |    562 | instr_addr_o[26]
     490* |       0 |     109 |       17 |      2 |    23 |    +0.4% |   -0.080 |     -559.0 |       -0.2 |    562 | instr_addr_o[26]
     490* |       0 |     109 |       17 |      2 |    23 |    +0.4% |   -0.080 |     -559.0 |       -0.2 |    562 | instr_addr_o[26]
     491* |       0 |     109 |       17 |      2 |    23 |    +0.4% |   -0.080 |     -559.0 |       -0.2 |    562 | instr_addr_o[26]
     492* |       0 |     109 |       17 |      2 |    23 |    +0.4% |   -0.080 |     -559.0 |       -0.2 |    562 | instr_addr_o[26]
     493* |       0 |     109 |       17 |      2 |    23 |    +0.4% |   -0.080 |     -559.0 |       -0.2 |    562 | instr_addr_o[26]
     494* |       0 |     109 |       17 |      2 |    23 |    +0.4% |   -0.080 |     -559.0 |       -0.2 |    562 | instr_addr_o[26]
     495* |       0 |     109 |       17 |      2 |    23 |    +0.4% |   -0.080 |     -559.0 |       -0.2 |    562 | instr_addr_o[26]
     496* |       0 |     109 |       17 |      2 |    23 |    +0.4% |   -0.080 |     -559.0 |       -0.2 |    562 | instr_addr_o[26]
     497* |       0 |     109 |       17 |      2 |    23 |    +0.4% |   -0.080 |     -559.0 |       -0.2 |    562 | instr_addr_o[26]
     498* |       0 |     109 |       17 |      2 |    23 |    +0.4% |   -0.080 |     -559.0 |       -0.2 |    562 | instr_addr_o[26]
     499* |       0 |     109 |       17 |      2 |    23 |    +0.4% |   -0.080 |     -559.0 |       -0.2 |    562 | instr_addr_o[26]
     500* |       0 |     109 |       17 |      2 |    23 |    +0.4% |   -0.080 |     -559.0 |       -0.2 |    562 | instr_addr_o[26]
     500* |       0 |     109 |       17 |      2 |    23 |    +0.4% |   -0.080 |     -559.0 |       -0.2 |    562 | instr_addr_o[26]
     501* |       0 |     109 |       17 |      2 |    23 |    +0.4% |   -0.080 |     -559.0 |       -0.2 |    562 | instr_addr_o[26]
     502* |       0 |     109 |       17 |      2 |    23 |    +0.4% |   -0.080 |     -559.0 |       -0.2 |    562 | instr_addr_o[26]
     503* |       0 |     109 |       17 |      2 |    23 |    +0.4% |   -0.080 |     -559.0 |       -0.2 |    562 | instr_addr_o[26]
     504* |       0 |     109 |       17 |      2 |    23 |    +0.4% |   -0.080 |     -559.0 |       -0.2 |    562 | instr_addr_o[26]
     505* |       0 |     109 |       17 |      2 |    23 |    +0.4% |   -0.080 |     -559.0 |       -0.2 |    562 | instr_addr_o[26]
     506* |       0 |     109 |       17 |      2 |    23 |    +0.4% |   -0.080 |     -559.0 |       -0.2 |    562 | instr_addr_o[26]
     507* |       0 |     109 |       17 |      2 |    23 |    +0.4% |   -0.080 |     -559.0 |       -0.2 |    562 | instr_addr_o[26]
     508* |       0 |     109 |       17 |      2 |    23 |    +0.4% |   -0.080 |     -559.0 |       -0.2 |    562 | instr_addr_o[26]
     509* |       0 |     109 |       17 |      2 |    23 |    +0.4% |   -0.080 |     -559.0 |       -0.2 |    562 | instr_addr_o[26]
     510* |       0 |     109 |       17 |      2 |    23 |    +0.4% |   -0.080 |     -559.0 |       -0.2 |    562 | instr_addr_o[26]
     510* |       0 |     109 |       17 |      2 |    23 |    +0.4% |   -0.080 |     -559.0 |       -0.2 |    562 | instr_addr_o[26]
     511* |       0 |     109 |       17 |      2 |    23 |    +0.4% |   -0.080 |     -559.0 |       -0.2 |    562 | instr_addr_o[26]
     512* |       0 |     109 |       17 |      2 |    23 |    +0.4% |   -0.080 |     -559.0 |       -0.2 |    562 | instr_addr_o[26]
     513* |       0 |     109 |       17 |      2 |    23 |    +0.4% |   -0.080 |     -559.0 |       -0.2 |    562 | instr_addr_o[26]
     514* |       0 |     109 |       17 |      2 |    23 |    +0.4% |   -0.080 |     -559.0 |       -0.2 |    562 | instr_addr_o[26]
     515* |       0 |     109 |       17 |      2 |    23 |    +0.4% |   -0.080 |     -559.0 |       -0.2 |    562 | instr_addr_o[26]
     516* |       0 |     109 |       17 |      2 |    23 |    +0.4% |   -0.080 |     -559.0 |       -0.2 |    562 | instr_addr_o[26]
     517* |       0 |     109 |       17 |      2 |    23 |    +0.4% |   -0.080 |     -559.0 |       -0.2 |    562 | instr_addr_o[26]
     518* |       0 |     109 |       17 |      2 |    23 |    +0.4% |   -0.080 |     -559.0 |       -0.2 |    562 | instr_addr_o[26]
     519* |       0 |     109 |       17 |      2 |    23 |    +0.4% |   -0.080 |     -559.0 |       -0.2 |    562 | instr_addr_o[26]
     520* |       0 |     109 |       17 |      2 |    23 |    +0.4% |   -0.080 |     -559.0 |       -0.2 |    562 | instr_addr_o[26]
     520* |       0 |     109 |       17 |      2 |    23 |    +0.4% |   -0.080 |     -559.0 |       -0.2 |    562 | instr_addr_o[26]
     521* |       0 |     109 |       17 |      2 |    23 |    +0.4% |   -0.080 |     -559.0 |       -0.2 |    562 | instr_addr_o[26]
     522* |       0 |     109 |       17 |      2 |    23 |    +0.4% |   -0.080 |     -559.0 |       -0.2 |    562 | instr_addr_o[26]
     523* |       0 |     109 |       17 |      2 |    23 |    +0.4% |   -0.080 |     -559.0 |       -0.2 |    562 | instr_addr_o[26]
     524* |       0 |     109 |       17 |      2 |    23 |    +0.4% |   -0.080 |     -559.0 |       -0.2 |    562 | instr_addr_o[26]
     525* |       0 |     109 |       17 |      2 |    23 |    +0.4% |   -0.080 |     -559.0 |       -0.2 |    562 | instr_addr_o[26]
     526* |       0 |     109 |       17 |      2 |    23 |    +0.4% |   -0.080 |     -559.0 |       -0.2 |    562 | instr_addr_o[26]
     527* |       0 |     109 |       17 |      2 |    23 |    +0.4% |   -0.080 |     -559.0 |       -0.2 |    562 | instr_addr_o[26]
     528* |       0 |     109 |       17 |      2 |    23 |    +0.4% |   -0.080 |     -559.0 |       -0.2 |    562 | instr_addr_o[26]
     529* |       0 |     109 |       17 |      2 |    23 |    +0.4% |   -0.080 |     -559.0 |       -0.2 |    562 | instr_addr_o[26]
     530* |       0 |     109 |       17 |      2 |    23 |    +0.4% |   -0.080 |     -559.0 |       -0.2 |    562 | instr_addr_o[26]
     530* |       0 |     109 |       17 |      2 |    23 |    +0.4% |   -0.080 |     -559.0 |       -0.2 |    562 | instr_addr_o[26]
     531* |       0 |     109 |       17 |      2 |    23 |    +0.4% |   -0.080 |     -559.0 |       -0.2 |    562 | instr_addr_o[26]
     532* |       0 |     109 |       17 |      2 |    23 |    +0.4% |   -0.080 |     -559.0 |       -0.2 |    562 | instr_addr_o[26]
     533* |       0 |     109 |       17 |      2 |    23 |    +0.4% |   -0.080 |     -559.0 |       -0.2 |    562 | instr_addr_o[26]
     534* |       0 |     109 |       17 |      2 |    23 |    +0.4% |   -0.080 |     -559.0 |       -0.2 |    562 | instr_addr_o[26]
     535* |       0 |     109 |       17 |      2 |    23 |    +0.4% |   -0.080 |     -559.0 |       -0.2 |    562 | instr_addr_o[26]
     536* |       0 |     109 |       17 |      2 |    23 |    +0.4% |   -0.080 |     -559.0 |       -0.2 |    562 | instr_addr_o[26]
     537* |       0 |     109 |       17 |      2 |    23 |    +0.4% |   -0.080 |     -559.0 |       -0.2 |    562 | instr_addr_o[26]
     538* |       0 |     109 |       17 |      2 |    23 |    +0.4% |   -0.080 |     -559.0 |       -0.2 |    562 | instr_addr_o[26]
     539* |       0 |     109 |       17 |      2 |    23 |    +0.4% |   -0.080 |     -559.0 |       -0.2 |    562 | instr_addr_o[26]
     540* |       0 |     109 |       17 |      2 |    23 |    +0.4% |   -0.080 |     -559.0 |       -0.2 |    562 | instr_addr_o[26]
     540* |       0 |     109 |       17 |      2 |    23 |    +0.4% |   -0.080 |     -559.0 |       -0.2 |    562 | instr_addr_o[26]
     541* |       0 |     109 |       17 |      2 |    23 |    +0.4% |   -0.080 |     -559.0 |       -0.2 |    562 | instr_addr_o[26]
     542* |       0 |     109 |       17 |      2 |    23 |    +0.4% |   -0.080 |     -559.0 |       -0.2 |    562 | instr_addr_o[26]
     543* |       0 |     109 |       17 |      2 |    23 |    +0.4% |   -0.080 |     -559.0 |       -0.2 |    562 | instr_addr_o[26]
     544* |       0 |     109 |       17 |      2 |    23 |    +0.4% |   -0.080 |     -559.0 |       -0.2 |    562 | instr_addr_o[26]
     545* |       0 |     109 |       17 |      2 |    23 |    +0.4% |   -0.080 |     -559.0 |       -0.2 |    562 | instr_addr_o[26]
     546* |       0 |     109 |       17 |      2 |    23 |    +0.4% |   -0.080 |     -559.0 |       -0.2 |    562 | instr_addr_o[26]
     547* |       0 |     109 |       17 |      2 |    23 |    +0.4% |   -0.080 |     -559.0 |       -0.2 |    562 | instr_addr_o[26]
     548* |       0 |     109 |       17 |      2 |    23 |    +0.4% |   -0.080 |     -559.0 |       -0.2 |    562 | instr_addr_o[26]
     549* |       0 |     109 |       17 |      2 |    23 |    +0.4% |   -0.080 |     -559.0 |       -0.2 |    562 | instr_addr_o[26]
     550* |       0 |     109 |       17 |      2 |    23 |    +0.4% |   -0.080 |     -559.0 |       -0.2 |    562 | instr_addr_o[26]
     550* |       0 |     109 |       17 |      2 |    23 |    +0.4% |   -0.080 |     -559.0 |       -0.2 |    562 | instr_addr_o[26]
     551* |       0 |     109 |       17 |      2 |    23 |    +0.4% |   -0.080 |     -559.0 |       -0.2 |    562 | instr_addr_o[26]
     552* |       0 |     109 |       17 |      2 |    23 |    +0.4% |   -0.080 |     -559.0 |       -0.2 |    562 | instr_addr_o[26]
     553* |       0 |     109 |       17 |      2 |    23 |    +0.4% |   -0.080 |     -559.0 |       -0.2 |    562 | instr_addr_o[26]
     554* |       0 |     109 |       17 |      2 |    23 |    +0.4% |   -0.080 |     -559.0 |       -0.2 |    562 | instr_addr_o[26]
     555* |       0 |     109 |       17 |      2 |    23 |    +0.4% |   -0.080 |     -559.0 |       -0.2 |    562 | instr_addr_o[26]
     556* |       0 |     109 |       17 |      2 |    23 |    +0.4% |   -0.080 |     -559.0 |       -0.2 |    562 | instr_addr_o[26]
     557* |       0 |     109 |       17 |      2 |    23 |    +0.4% |   -0.080 |     -559.0 |       -0.2 |    562 | instr_addr_o[26]
     558* |       0 |     109 |       17 |      2 |    23 |    +0.4% |   -0.080 |     -559.0 |       -0.2 |    562 | instr_addr_o[26]
     559* |       0 |     109 |       17 |      2 |    23 |    +0.4% |   -0.080 |     -559.0 |       -0.2 |    562 | instr_addr_o[26]
     560* |       0 |     109 |       17 |      2 |    23 |    +0.4% |   -0.080 |     -559.0 |       -0.2 |    562 | instr_addr_o[26]
     560* |       0 |     109 |       17 |      2 |    23 |    +0.4% |   -0.080 |     -559.0 |       -0.2 |    562 | instr_addr_o[26]
     561* |       0 |     109 |       17 |      2 |    23 |    +0.4% |   -0.080 |     -559.0 |       -0.2 |    562 | instr_addr_o[26]
     562* |       0 |     109 |       17 |      2 |    23 |    +0.4% |   -0.080 |     -559.0 |       -0.2 |    562 | instr_addr_o[26]
     563* |       0 |     109 |       17 |      2 |    23 |    +0.4% |   -0.080 |     -559.0 |       -0.2 |    562 | instr_addr_o[26]
     564* |       0 |     109 |       17 |      2 |    23 |    +0.4% |   -0.080 |     -559.0 |       -0.2 |    562 | instr_addr_o[26]
     565* |       0 |     109 |       17 |      2 |    23 |    +0.4% |   -0.080 |     -559.0 |       -0.2 |    562 | instr_addr_o[26]
     566* |       0 |     109 |       17 |      2 |    23 |    +0.4% |   -0.080 |     -559.0 |       -0.2 |    562 | instr_addr_o[26]
     567* |       0 |     109 |       17 |      2 |    23 |    +0.4% |   -0.080 |     -559.0 |       -0.2 |    562 | instr_addr_o[26]
     568* |       0 |     109 |       17 |      2 |    23 |    +0.4% |   -0.080 |     -559.0 |       -0.2 |    562 | instr_addr_o[26]
     569* |       0 |     109 |       17 |      2 |    23 |    +0.4% |   -0.080 |     -559.0 |       -0.2 |    562 | instr_addr_o[26]
     570* |       0 |     109 |       17 |      2 |    23 |    +0.4% |   -0.080 |     -559.0 |       -0.2 |    562 | instr_addr_o[26]
     570* |       0 |     109 |       17 |      2 |    23 |    +0.4% |   -0.080 |     -559.0 |       -0.2 |    562 | instr_addr_o[26]
     571* |       0 |     109 |       17 |      2 |    23 |    +0.4% |   -0.080 |     -559.0 |       -0.2 |    562 | instr_addr_o[26]
     572* |       0 |     109 |       17 |      2 |    23 |    +0.4% |   -0.080 |     -559.0 |       -0.2 |    562 | instr_addr_o[26]
     573* |       0 |     109 |       17 |      2 |    23 |    +0.4% |   -0.080 |     -559.0 |       -0.2 |    562 | instr_addr_o[26]
     574* |       0 |     109 |       17 |      2 |    23 |    +0.4% |   -0.080 |     -559.0 |       -0.2 |    562 | instr_addr_o[26]
     575* |       0 |     109 |       17 |      2 |    23 |    +0.4% |   -0.080 |     -559.0 |       -0.2 |    562 | instr_addr_o[26]
     576* |       0 |     109 |       17 |      2 |    23 |    +0.4% |   -0.080 |     -559.0 |       -0.2 |    562 | instr_addr_o[26]
     577* |       0 |     109 |       17 |      2 |    23 |    +0.4% |   -0.080 |     -559.0 |       -0.2 |    562 | instr_addr_o[26]
     578* |       0 |     109 |       17 |      2 |    23 |    +0.4% |   -0.080 |     -559.0 |       -0.2 |    562 | instr_addr_o[26]
     579* |       0 |     109 |       17 |      2 |    23 |    +0.4% |   -0.080 |     -559.0 |       -0.2 |    562 | instr_addr_o[26]
     580* |       0 |     109 |       17 |      2 |    23 |    +0.4% |   -0.080 |     -559.0 |       -0.2 |    562 | instr_addr_o[26]
     580* |       0 |     109 |       17 |      2 |    23 |    +0.4% |   -0.080 |     -559.0 |       -0.2 |    562 | instr_addr_o[26]
     582* |       0 |     110 |       17 |      2 |    23 |    +0.4% |   -0.080 |     -559.0 |       -0.2 |    562 | instr_addr_o[26]
     583* |       0 |     110 |       17 |      2 |    23 |    +0.4% |   -0.080 |     -559.0 |       -0.2 |    562 | instr_addr_o[26]
     584* |       0 |     110 |       17 |      2 |    23 |    +0.4% |   -0.080 |     -559.0 |       -0.2 |    562 | instr_addr_o[26]
     585* |       0 |     110 |       17 |      2 |    23 |    +0.4% |   -0.080 |     -559.0 |       -0.2 |    562 | instr_addr_o[26]
     586* |       0 |     110 |       17 |      2 |    23 |    +0.4% |   -0.080 |     -559.0 |       -0.2 |    562 | instr_addr_o[26]
     587* |       0 |     110 |       17 |      2 |    23 |    +0.4% |   -0.080 |     -559.0 |       -0.2 |    562 | instr_addr_o[26]
     588* |       0 |     110 |       17 |      2 |    23 |    +0.4% |   -0.080 |     -559.0 |       -0.2 |    562 | instr_addr_o[26]
     589* |       0 |     110 |       17 |      2 |    23 |    +0.4% |   -0.080 |     -559.0 |       -0.2 |    562 | instr_addr_o[26]
     590* |       0 |     110 |       17 |      2 |    23 |    +0.4% |   -0.080 |     -559.0 |       -0.2 |    562 | instr_addr_o[26]
     590* |       0 |     110 |       17 |      2 |    23 |    +0.4% |   -0.080 |     -559.0 |       -0.2 |    562 | instr_addr_o[26]
     591* |       0 |     110 |       17 |      2 |    23 |    +0.4% |   -0.080 |     -559.0 |       -0.2 |    562 | instr_addr_o[26]
     592* |       0 |     110 |       17 |      2 |    23 |    +0.4% |   -0.080 |     -559.0 |       -0.2 |    562 | instr_addr_o[26]
     593* |       0 |     110 |       17 |      2 |    23 |    +0.4% |   -0.080 |     -559.0 |       -0.2 |    562 | instr_addr_o[26]
     594* |       0 |     110 |       17 |      2 |    23 |    +0.4% |   -0.080 |     -559.0 |       -0.2 |    562 | instr_addr_o[26]
     595* |       0 |     110 |       17 |      2 |    23 |    +0.4% |   -0.080 |     -559.0 |       -0.2 |    562 | instr_addr_o[26]
     596* |       0 |     110 |       17 |      2 |    23 |    +0.4% |   -0.080 |     -559.0 |       -0.2 |    562 | instr_addr_o[26]
     597* |       0 |     110 |       17 |      2 |    23 |    +0.4% |   -0.080 |     -559.0 |       -0.2 |    562 | instr_addr_o[26]
     598* |       0 |     110 |       17 |      2 |    23 |    +0.4% |   -0.080 |     -559.0 |       -0.2 |    562 | instr_addr_o[26]
     599* |       0 |     110 |       17 |      2 |    23 |    +0.4% |   -0.080 |     -559.0 |       -0.2 |    562 | instr_addr_o[26]
     600* |       0 |     110 |       17 |      2 |    23 |    +0.4% |   -0.080 |     -559.0 |       -0.2 |    562 | instr_addr_o[26]
     600* |       0 |     110 |       17 |      2 |    23 |    +0.4% |   -0.080 |     -559.0 |       -0.2 |    562 | instr_addr_o[26]
     601* |       0 |     110 |       17 |      2 |    23 |    +0.4% |   -0.080 |     -559.0 |       -0.2 |    562 | instr_addr_o[26]
     602* |       0 |     110 |       17 |      2 |    23 |    +0.4% |   -0.080 |     -559.0 |       -0.2 |    562 | instr_addr_o[26]
     603* |       0 |     110 |       17 |      2 |    23 |    +0.4% |   -0.080 |     -559.0 |       -0.2 |    562 | instr_addr_o[26]
     604* |       0 |     110 |       17 |      2 |    23 |    +0.4% |   -0.080 |     -559.0 |       -0.2 |    562 | instr_addr_o[26]
     605* |       0 |     110 |       17 |      2 |    23 |    +0.4% |   -0.080 |     -559.0 |       -0.2 |    562 | instr_addr_o[26]
     606* |       0 |     110 |       17 |      2 |    23 |    +0.4% |   -0.080 |     -559.0 |       -0.2 |    562 | instr_addr_o[26]
     607* |       0 |     110 |       17 |      2 |    23 |    +0.4% |   -0.080 |     -559.0 |       -0.2 |    562 | instr_addr_o[26]
     608* |       0 |     110 |       17 |      2 |    23 |    +0.4% |   -0.080 |     -559.0 |       -0.2 |    562 | instr_addr_o[26]
     609* |       0 |     110 |       17 |      2 |    23 |    +0.4% |   -0.080 |     -559.0 |       -0.2 |    562 | instr_addr_o[26]
     610* |       0 |     110 |       17 |      2 |    23 |    +0.4% |   -0.080 |     -559.0 |       -0.2 |    562 | instr_addr_o[26]
     610* |       0 |     110 |       17 |      2 |    23 |    +0.4% |   -0.080 |     -559.0 |       -0.2 |    562 | instr_addr_o[26]
     611* |       0 |     110 |       17 |      2 |    23 |    +0.4% |   -0.080 |     -559.0 |       -0.2 |    562 | instr_addr_o[26]
     612* |       0 |     110 |       17 |      2 |    23 |    +0.4% |   -0.080 |     -559.0 |       -0.2 |    562 | instr_addr_o[26]
     613* |       0 |     110 |       17 |      2 |    23 |    +0.4% |   -0.080 |     -559.0 |       -0.2 |    562 | instr_addr_o[26]
     614* |       0 |     110 |       17 |      2 |    23 |    +0.4% |   -0.080 |     -559.0 |       -0.2 |    562 | instr_addr_o[26]
     615* |       0 |     110 |       17 |      2 |    23 |    +0.4% |   -0.080 |     -559.0 |       -0.2 |    562 | instr_addr_o[26]
     616* |       0 |     110 |       17 |      2 |    23 |    +0.4% |   -0.080 |     -559.0 |       -0.2 |    562 | instr_addr_o[26]
     617* |       0 |     110 |       17 |      2 |    23 |    +0.4% |   -0.080 |     -559.0 |       -0.2 |    562 | instr_addr_o[26]
     618* |       0 |     110 |       17 |      2 |    23 |    +0.4% |   -0.080 |     -559.0 |       -0.2 |    562 | instr_addr_o[26]
     619* |       0 |     110 |       17 |      2 |    23 |    +0.4% |   -0.080 |     -559.0 |       -0.2 |    562 | instr_addr_o[26]
     620* |       0 |     110 |       17 |      2 |    23 |    +0.4% |   -0.080 |     -559.0 |       -0.2 |    562 | instr_addr_o[26]
     620* |       0 |     110 |       17 |      2 |    23 |    +0.4% |   -0.080 |     -559.0 |       -0.2 |    562 | instr_addr_o[26]
     621* |       0 |     110 |       17 |      2 |    23 |    +0.4% |   -0.080 |     -559.0 |       -0.2 |    562 | instr_addr_o[26]
     622* |       0 |     110 |       17 |      2 |    23 |    +0.4% |   -0.080 |     -559.0 |       -0.2 |    562 | instr_addr_o[26]
     623* |       0 |     110 |       17 |      2 |    23 |    +0.4% |   -0.080 |     -559.0 |       -0.2 |    562 | instr_addr_o[26]
     624* |       0 |     110 |       17 |      2 |    23 |    +0.4% |   -0.080 |     -559.0 |       -0.2 |    562 | instr_addr_o[26]
     625* |       0 |     110 |       17 |      2 |    23 |    +0.4% |   -0.080 |     -559.0 |       -0.2 |    562 | instr_addr_o[26]
     626* |       0 |     110 |       17 |      2 |    23 |    +0.4% |   -0.080 |     -559.0 |       -0.2 |    562 | instr_addr_o[26]
     627* |       0 |     110 |       17 |      2 |    23 |    +0.4% |   -0.080 |     -559.0 |       -0.2 |    562 | instr_addr_o[26]
     628* |       0 |     110 |       17 |      2 |    23 |    +0.4% |   -0.080 |     -559.0 |       -0.2 |    562 | instr_addr_o[26]
     629* |       0 |     110 |       17 |      2 |    23 |    +0.4% |   -0.080 |     -559.0 |       -0.2 |    562 | instr_addr_o[26]
     630* |       0 |     110 |       17 |      2 |    23 |    +0.4% |   -0.080 |     -559.0 |       -0.2 |    562 | instr_addr_o[26]
     630* |       0 |     110 |       17 |      2 |    23 |    +0.4% |   -0.080 |     -559.0 |       -0.2 |    562 | instr_addr_o[26]
     631* |       0 |     110 |       17 |      2 |    23 |    +0.4% |   -0.080 |     -559.0 |       -0.2 |    562 | instr_addr_o[26]
     632* |       0 |     110 |       17 |      2 |    23 |    +0.4% |   -0.080 |     -559.0 |       -0.2 |    562 | instr_addr_o[26]
     633* |       0 |     110 |       17 |      2 |    23 |    +0.4% |   -0.080 |     -559.0 |       -0.2 |    562 | instr_addr_o[26]
     634* |       0 |     110 |       17 |      2 |    23 |    +0.4% |   -0.080 |     -559.0 |       -0.2 |    562 | instr_addr_o[26]
     635* |       0 |     110 |       17 |      2 |    23 |    +0.4% |   -0.080 |     -559.0 |       -0.2 |    562 | instr_addr_o[26]
     636* |       0 |     110 |       17 |      2 |    23 |    +0.4% |   -0.080 |     -559.0 |       -0.2 |    562 | instr_addr_o[26]
     637* |       0 |     110 |       17 |      2 |    23 |    +0.4% |   -0.080 |     -559.0 |       -0.2 |    562 | instr_addr_o[26]
     638* |       0 |     110 |       17 |      2 |    23 |    +0.4% |   -0.080 |     -559.0 |       -0.2 |    562 | instr_addr_o[26]
     639* |       0 |     110 |       17 |      2 |    23 |    +0.4% |   -0.080 |     -559.0 |       -0.2 |    562 | instr_addr_o[26]
     640* |       0 |     110 |       17 |      2 |    23 |    +0.4% |   -0.080 |     -559.0 |       -0.2 |    562 | instr_addr_o[26]
     640* |       0 |     110 |       17 |      2 |    23 |    +0.4% |   -0.080 |     -559.0 |       -0.2 |    562 | instr_addr_o[26]
     641* |       0 |     110 |       17 |      2 |    23 |    +0.4% |   -0.080 |     -559.0 |       -0.2 |    562 | instr_addr_o[26]
     642* |       0 |     110 |       17 |      2 |    23 |    +0.4% |   -0.080 |     -559.0 |       -0.2 |    562 | instr_addr_o[26]
     643* |       0 |     110 |       17 |      2 |    23 |    +0.4% |   -0.080 |     -559.0 |       -0.2 |    562 | instr_addr_o[26]
     644* |       0 |     110 |       17 |      2 |    23 |    +0.4% |   -0.080 |     -559.0 |       -0.2 |    562 | instr_addr_o[26]
     645* |       0 |     110 |       17 |      2 |    23 |    +0.4% |   -0.080 |     -559.0 |       -0.2 |    562 | instr_addr_o[26]
     646* |       0 |     110 |       17 |      2 |    23 |    +0.4% |   -0.080 |     -559.0 |       -0.2 |    562 | instr_addr_o[26]
     647* |       0 |     110 |       17 |      2 |    23 |    +0.4% |   -0.080 |     -559.0 |       -0.2 |    562 | instr_addr_o[26]
     648* |       0 |     110 |       17 |      2 |    23 |    +0.4% |   -0.080 |     -559.0 |       -0.2 |    562 | instr_addr_o[26]
     649* |       0 |     110 |       17 |      2 |    23 |    +0.4% |   -0.080 |     -559.0 |       -0.2 |    562 | instr_addr_o[26]
     650* |       0 |     110 |       17 |      2 |    23 |    +0.4% |   -0.080 |     -559.0 |       -0.2 |    562 | instr_addr_o[26]
     650* |       0 |     110 |       17 |      2 |    23 |    +0.4% |   -0.080 |     -559.0 |       -0.2 |    562 | instr_addr_o[26]
     651* |       0 |     110 |       17 |      2 |    23 |    +0.4% |   -0.080 |     -559.0 |       -0.2 |    562 | instr_addr_o[26]
     652* |       0 |     110 |       17 |      2 |    23 |    +0.4% |   -0.080 |     -559.0 |       -0.2 |    562 | instr_addr_o[26]
     653* |       0 |     110 |       17 |      2 |    23 |    +0.4% |   -0.080 |     -559.0 |       -0.2 |    562 | instr_addr_o[26]
     654* |       0 |     110 |       17 |      2 |    23 |    +0.4% |   -0.080 |     -559.0 |       -0.2 |    562 | instr_addr_o[26]
     655* |       0 |     110 |       17 |      2 |    23 |    +0.4% |   -0.080 |     -559.0 |       -0.2 |    562 | instr_addr_o[26]
     656* |       0 |     110 |       17 |      2 |    23 |    +0.4% |   -0.080 |     -559.0 |       -0.2 |    562 | instr_addr_o[26]
     657* |       0 |     110 |       17 |      2 |    23 |    +0.4% |   -0.080 |     -559.0 |       -0.2 |    562 | instr_addr_o[26]
     658* |       0 |     110 |       17 |      2 |    23 |    +0.4% |   -0.080 |     -559.0 |       -0.2 |    562 | instr_addr_o[26]
     659* |       0 |     110 |       17 |      2 |    23 |    +0.4% |   -0.080 |     -559.0 |       -0.2 |    562 | instr_addr_o[26]
     660* |       0 |     110 |       17 |      2 |    23 |    +0.4% |   -0.080 |     -559.0 |       -0.2 |    562 | instr_addr_o[26]
     660* |       0 |     110 |       17 |      2 |    23 |    +0.4% |   -0.080 |     -559.0 |       -0.2 |    562 | instr_addr_o[26]
     661* |       0 |     110 |       17 |      2 |    23 |    +0.4% |   -0.080 |     -559.0 |       -0.2 |    562 | instr_addr_o[26]
     662* |       0 |     110 |       17 |      2 |    23 |    +0.4% |   -0.080 |     -559.0 |       -0.2 |    562 | instr_addr_o[26]
     663* |       0 |     110 |       17 |      2 |    23 |    +0.4% |   -0.080 |     -559.0 |       -0.2 |    562 | instr_addr_o[26]
     664* |       0 |     110 |       17 |      2 |    23 |    +0.4% |   -0.080 |     -559.0 |       -0.2 |    562 | instr_addr_o[26]
     665* |       0 |     110 |       17 |      2 |    23 |    +0.4% |   -0.080 |     -559.0 |       -0.2 |    562 | instr_addr_o[26]
     666* |       0 |     110 |       17 |      2 |    23 |    +0.4% |   -0.080 |     -559.0 |       -0.2 |    562 | instr_addr_o[26]
     667* |       0 |     110 |       17 |      2 |    23 |    +0.4% |   -0.080 |     -559.0 |       -0.2 |    562 | instr_addr_o[26]
     668* |       0 |     110 |       17 |      2 |    23 |    +0.4% |   -0.080 |     -559.0 |       -0.2 |    562 | instr_addr_o[26]
     669* |       0 |     110 |       17 |      2 |    23 |    +0.4% |   -0.080 |     -559.0 |       -0.2 |    562 | instr_addr_o[26]
     670* |       0 |     110 |       17 |      2 |    23 |    +0.4% |   -0.080 |     -559.0 |       -0.2 |    562 | instr_addr_o[26]
     670* |       0 |     110 |       17 |      2 |    23 |    +0.4% |   -0.080 |     -559.0 |       -0.2 |    562 | instr_addr_o[26]
     671* |       0 |     110 |       17 |      2 |    23 |    +0.4% |   -0.080 |     -559.0 |       -0.2 |    562 | instr_addr_o[26]
     672* |       0 |     110 |       17 |      2 |    23 |    +0.4% |   -0.080 |     -559.0 |       -0.2 |    562 | instr_addr_o[26]
     673* |       0 |     110 |       17 |      2 |    23 |    +0.4% |   -0.080 |     -559.0 |       -0.2 |    562 | instr_addr_o[26]
     674* |       0 |     110 |       17 |      2 |    23 |    +0.4% |   -0.080 |     -559.0 |       -0.2 |    562 | instr_addr_o[26]
     675* |       0 |     110 |       17 |      2 |    23 |    +0.4% |   -0.080 |     -559.0 |       -0.2 |    562 | instr_addr_o[26]
     676* |       0 |     110 |       17 |      2 |    23 |    +0.4% |   -0.080 |     -559.0 |       -0.2 |    562 | instr_addr_o[26]
     677* |       0 |     110 |       17 |      2 |    23 |    +0.4% |   -0.080 |     -559.0 |       -0.2 |    562 | instr_addr_o[26]
     678* |       0 |     110 |       17 |      2 |    23 |    +0.4% |   -0.080 |     -559.0 |       -0.2 |    562 | instr_addr_o[26]
     679* |       0 |     110 |       17 |      2 |    23 |    +0.4% |   -0.080 |     -559.0 |       -0.2 |    562 | instr_addr_o[26]
     680* |       0 |     110 |       17 |      2 |    23 |    +0.4% |   -0.080 |     -559.0 |       -0.2 |    562 | instr_addr_o[26]
     680* |       0 |     110 |       17 |      2 |    23 |    +0.4% |   -0.080 |     -559.0 |       -0.2 |    562 | instr_addr_o[26]
     681* |       0 |     110 |       17 |      2 |    23 |    +0.4% |   -0.080 |     -559.0 |       -0.2 |    562 | instr_addr_o[26]
     682* |       0 |     110 |       17 |      2 |    23 |    +0.4% |   -0.080 |     -559.0 |       -0.2 |    562 | instr_addr_o[26]
     683* |       0 |     110 |       17 |      2 |    23 |    +0.4% |   -0.080 |     -559.0 |       -0.2 |    562 | instr_addr_o[26]
     684* |       0 |     110 |       17 |      2 |    23 |    +0.4% |   -0.080 |     -559.0 |       -0.2 |    562 | instr_addr_o[26]
     685* |       0 |     110 |       17 |      2 |    23 |    +0.4% |   -0.080 |     -559.0 |       -0.2 |    562 | instr_addr_o[26]
     686* |       0 |     110 |       17 |      2 |    23 |    +0.4% |   -0.080 |     -559.0 |       -0.2 |    562 | instr_addr_o[26]
     687* |       0 |     110 |       17 |      2 |    23 |    +0.4% |   -0.080 |     -559.0 |       -0.2 |    562 | instr_addr_o[26]
     688* |       0 |     110 |       17 |      2 |    23 |    +0.4% |   -0.080 |     -559.0 |       -0.2 |    562 | instr_addr_o[26]
     689* |       0 |     110 |       17 |      2 |    23 |    +0.4% |   -0.080 |     -559.0 |       -0.2 |    562 | instr_addr_o[26]
     690* |       0 |     110 |       17 |      2 |    23 |    +0.4% |   -0.080 |     -559.0 |       -0.2 |    562 | instr_addr_o[26]
     690* |       0 |     110 |       17 |      2 |    23 |    +0.4% |   -0.080 |     -559.0 |       -0.2 |    562 | instr_addr_o[26]
     691* |       0 |     110 |       17 |      2 |    23 |    +0.4% |   -0.080 |     -559.0 |       -0.2 |    562 | instr_addr_o[26]
     692* |       0 |     110 |       17 |      2 |    23 |    +0.4% |   -0.080 |     -559.0 |       -0.2 |    562 | instr_addr_o[26]
     693* |       0 |     110 |       17 |      2 |    23 |    +0.4% |   -0.080 |     -559.0 |       -0.2 |    562 | instr_addr_o[26]
     694* |       0 |     110 |       17 |      2 |    23 |    +0.4% |   -0.080 |     -559.0 |       -0.2 |    562 | instr_addr_o[26]
     695* |       0 |     110 |       17 |      2 |    23 |    +0.4% |   -0.080 |     -559.0 |       -0.2 |    562 | instr_addr_o[26]
     696* |       0 |     110 |       17 |      2 |    23 |    +0.4% |   -0.080 |     -559.0 |       -0.2 |    562 | instr_addr_o[26]
     697* |       0 |     110 |       17 |      2 |    23 |    +0.4% |   -0.080 |     -559.0 |       -0.2 |    562 | instr_addr_o[26]
     698* |       0 |     110 |       17 |      2 |    23 |    +0.4% |   -0.080 |     -559.0 |       -0.2 |    562 | instr_addr_o[26]
     699* |       0 |     110 |       17 |      2 |    23 |    +0.4% |   -0.080 |     -559.0 |       -0.2 |    562 | instr_addr_o[26]
     700* |       0 |     110 |       17 |      2 |    23 |    +0.4% |   -0.080 |     -559.0 |       -0.2 |    562 | instr_addr_o[26]
     700* |       0 |     110 |       17 |      2 |    23 |    +0.4% |   -0.080 |     -559.0 |       -0.2 |    562 | instr_addr_o[26]
     701* |       0 |     110 |       17 |      2 |    23 |    +0.4% |   -0.080 |     -559.0 |       -0.2 |    562 | instr_addr_o[26]
     702* |       0 |     110 |       17 |      2 |    23 |    +0.4% |   -0.080 |     -559.0 |       -0.2 |    562 | instr_addr_o[26]
     703* |       0 |     110 |       17 |      2 |    23 |    +0.4% |   -0.080 |     -559.0 |       -0.2 |    562 | instr_addr_o[26]
     704* |       0 |     110 |       17 |      2 |    23 |    +0.4% |   -0.080 |     -559.0 |       -0.2 |    562 | instr_addr_o[26]
     705* |       0 |     110 |       17 |      2 |    23 |    +0.4% |   -0.080 |     -559.0 |       -0.2 |    562 | instr_addr_o[26]
     706* |       0 |     110 |       17 |      2 |    23 |    +0.4% |   -0.080 |     -559.0 |       -0.2 |    562 | instr_addr_o[26]
     707* |       0 |     110 |       17 |      2 |    23 |    +0.4% |   -0.080 |     -559.0 |       -0.2 |    562 | instr_addr_o[26]
     708* |       0 |     110 |       17 |      2 |    23 |    +0.4% |   -0.080 |     -559.0 |       -0.2 |    562 | instr_addr_o[26]
     709* |       0 |     110 |       17 |      2 |    23 |    +0.4% |   -0.080 |     -559.0 |       -0.2 |    562 | instr_addr_o[26]
     710* |       0 |     110 |       17 |      2 |    23 |    +0.4% |   -0.080 |     -559.0 |       -0.2 |    562 | instr_addr_o[26]
     710* |       0 |     110 |       17 |      2 |    23 |    +0.4% |   -0.080 |     -559.0 |       -0.2 |    562 | instr_addr_o[26]
     711* |       0 |     110 |       17 |      2 |    23 |    +0.4% |   -0.080 |     -559.0 |       -0.2 |    562 | instr_addr_o[26]
     712* |       0 |     110 |       17 |      2 |    23 |    +0.4% |   -0.080 |     -559.0 |       -0.2 |    562 | instr_addr_o[26]
     713* |       0 |     110 |       17 |      2 |    23 |    +0.4% |   -0.080 |     -559.0 |       -0.2 |    562 | instr_addr_o[26]
     714* |       0 |     110 |       17 |      2 |    23 |    +0.4% |   -0.080 |     -559.0 |       -0.2 |    562 | instr_addr_o[26]
     715* |       0 |     110 |       17 |      2 |    23 |    +0.4% |   -0.080 |     -559.0 |       -0.2 |    562 | instr_addr_o[26]
     716* |       0 |     110 |       17 |      2 |    23 |    +0.4% |   -0.080 |     -559.0 |       -0.2 |    562 | instr_addr_o[26]
     716* |       0 |     110 |       17 |      2 |    23 |    +0.4% |   -0.080 |     -559.0 |       -0.2 |    562 | instr_addr_o[26]
     717+ |       0 |     110 |       17 |      2 |    23 |    +0.4% |   -0.080 |     -559.0 |       -0.2 |      3 | instr_addr_o[26]
     718+ |       0 |     110 |       17 |      2 |    23 |    +0.4% |   -0.080 |     -559.0 |       -0.2 |      3 | instr_addr_o[26]
     719+ |       0 |     110 |       17 |      2 |    23 |    +0.4% |   -0.080 |     -559.0 |       -0.2 |      3 | instr_addr_o[26]
    final |       0 |     110 |       17 |      2 |    23 |    +0.4% |   -0.080 |     -559.0 |       -0.2 |      3 | instr_addr_o[26]
------------------------------------------------------------------------------------------------------------------------------
[INFO RSZ-0040] Inserted 17 buffers.
[INFO RSZ-0051] Resized 110 instances: 110 up, 0 up match, 0 down, 0 VT
[INFO RSZ-0043] Swapped pins on 23 instances.
[INFO RSZ-0049] Cloned 2 instances.
[WARNING RSZ-0062] Unable to repair all setup violations.
[INFO RSZ-0505] Runtime: 8.95s
[INFO RSZ-0033] No hold violations found.
[INFO RSZ-0506] Runtime: 0.01s
Took 9 seconds: repair_timing -setup_margin 0 -hold_margin 0 -repair_tns 100 -match_cell_footprint -verbose
detailed_placement
[INFO DPL-0006] Core area: 271002.41 um^2
[INFO DPL-0007] Movable instances area: 168028.65 um^2
[INFO DPL-0008] Fixed instances area within core: 4466.78 um^2
[INFO DPL-0009] Utilization: 63.7%
[INFO DPL-0005] Diamond search max displacement: +/- 500 sites horizontally, +/- 100 rows vertically.
[INFO DPL-1102] Legalizing using negotiation legalizer.
[INFO DPL-1103] Negotiation base search window: +/-20 sites horizontally, +/-5 rows vertically 
	Automatic search window extension enabled.
	Search window extendable up to the max displacement cap of +/-500 sites, +/-100 rows near walls.
[INFO DPL-1104] NegotiationLegalizer DRC penalty: 5.
[INFO DPL-0392] Negotiation cell height distribution (1 unique row-count(s)):
[INFO DPL-0393]   height 1 row(s): 21882 cells
          |      Total |  Illegal |  Illegal
Iteration | Violations |    Cells |    Sites
---------------------------------------------
        0 |         68 |        18 |        50
        1 |          6 |         2 |         4
        2 |         16 |         2 |        14
        3 |         16 |         4 |        12
        4 |         28 |         2 |        26
        5 |         22 |         5 |        17
        6 |          4 |         2 |         2
        7 |         10 |         2 |         8
        8 |          0 |         0 |         0
Negotiation phase 1 converged at iteration 8.
[INFO DPL-0500] Runtime: 0.13s
Placement Analysis
---------------------------------
total displacement        611.8 u
average displacement        0.0 u
max displacement           17.9 u
original HPWL          546215.5 u
legalized HPWL         546850.7 u
delta HPWL                    0 %

Report metrics stage 4, cts final...

==========================================================================
cts final report_design_area
--------------------------------------------------------------------------
Design area 172495 um^2 64% utilization.
write_db /work/results/sky130hd/m7_j0/p9p0/4_1_cts.odb
write_sdc -no_timestamp /work/results/sky130hd/m7_j0/p9p0/4_cts.sdc
Elapsed time: 0:15.71[h:]min:sec. CPU time: user 34.33 sys 9.82 (280%). Peak memory: 295736KB.
Log                       Ext     Elapsed/s Peak Memory/MB sha1sum result [0:20)
4_1_cts                   .odb           15            288 e01ed2e5772798deb7da
cp /work/results/sky130hd/m7_j0/p9p0/4_1_cts.odb /work/results/sky130hd/m7_j0/p9p0/4_cts.odb
/OpenROAD-flow-scripts/flow/scripts/flow.sh 5_1_grt global_route
Running global_route.tcl, stage 5_1_grt
read_liberty /OpenROAD-flow-scripts/flow/platforms/sky130hd/lib/sky130_fd_sc_hd__tt_025C_1v80.lib
read_db -hier /work/results/sky130hd/m7_j0/p9p0/4_cts.odb
[WARNING ORD-0012] Hierarchical flow (-hier) is currently in development and may cause multiple issues. Do not use in production environments.
read_sdc /work/results/sky130hd/m7_j0/p9p0/4_cts.sdc
source /OpenROAD-flow-scripts/flow/platforms/sky130hd/setRC.tcl
pin_access
[INFO DRT-0149] Reading tech and libs.
[WARNING DRT-0349] LEF58_ENCLOSURE with no CUTCLASS is not supported. Skipping for layer mcon
[WARNING DRT-0349] LEF58_ENCLOSURE with no CUTCLASS is not supported. Skipping for layer mcon
[WARNING DRT-0349] LEF58_ENCLOSURE with no CUTCLASS is not supported. Skipping for layer via
[WARNING DRT-0349] LEF58_ENCLOSURE with no CUTCLASS is not supported. Skipping for layer via
[WARNING DRT-0349] LEF58_ENCLOSURE with no CUTCLASS is not supported. Skipping for layer via2
[WARNING DRT-0349] LEF58_ENCLOSURE with no CUTCLASS is not supported. Skipping for layer via2
[WARNING DRT-0349] LEF58_ENCLOSURE with no CUTCLASS is not supported. Skipping for layer via3
[WARNING DRT-0349] LEF58_ENCLOSURE with no CUTCLASS is not supported. Skipping for layer via3
[WARNING DRT-0349] LEF58_ENCLOSURE with no CUTCLASS is not supported. Skipping for layer via4
[WARNING DRT-0349] LEF58_ENCLOSURE with no CUTCLASS is not supported. Skipping for layer via4

Units:                1000
Number of layers:     13
Number of macros:     441
Number of vias:       29
Number of viarulegen: 25

[INFO DRT-0150] Reading design.
[WARNING DRT-0120] Large net net36 has 123 pins which may impact routing performance. Consider optimization.
[WARNING DRT-0120] Large net net5302 has 137 pins which may impact routing performance. Consider optimization.
[WARNING DRT-0120] Large net net5300 has 134 pins which may impact routing performance. Consider optimization.
[WARNING DRT-0120] Large net net5296 has 124 pins which may impact routing performance. Consider optimization.
[WARNING DRT-0120] Large net net5295 has 167 pins which may impact routing performance. Consider optimization.
[WARNING DRT-0120] Large net net5293 has 161 pins which may impact routing performance. Consider optimization.
[WARNING DRT-0120] Large net net5292 has 173 pins which may impact routing performance. Consider optimization.
[WARNING DRT-0120] Large net net5286 has 171 pins which may impact routing performance. Consider optimization.

Design:                   m7_ppa_j0_top
Die area:                 ( 0 0 ) ( 524280 524280 )
Number of track patterns: 12
Number of DEF vias:       0
Number of components:     21882
Number of terminals:      278
Number of snets:          2
Number of nets:           18307

[INFO DRT-0167] List of default vias:
  Layer via
    default via: M1M2_PR
  Layer via2
    default via: M2M3_PR
  Layer via3
    default via: M3M4_PR
  Layer via4
    default via: M4M5_PR
[INFO DRT-0162] Library cell analysis.
[INFO DRT-0163] Instance analysis.
[INFO DRT-0164] Number of unique instances = 272.
[INFO DRT-0168] Init region query.
[INFO DRT-0024]   Complete FR_MASTERSLICE.
[INFO DRT-0024]   Complete Fr_VIA.
[INFO DRT-0024]   Complete li1.
[INFO DRT-0024]   Complete mcon.
[INFO DRT-0024]   Complete met1.
[INFO DRT-0024]   Complete via.
[INFO DRT-0024]   Complete met2.
[INFO DRT-0024]   Complete via2.
[INFO DRT-0024]   Complete met3.
[INFO DRT-0024]   Complete via3.
[INFO DRT-0024]   Complete met4.
[INFO DRT-0024]   Complete via4.
[INFO DRT-0024]   Complete met5.
[INFO DRT-0033] FR_MASTERSLICE shape region query size = 0.
[INFO DRT-0033] FR_VIA shape region query size = 0.
[INFO DRT-0033] li1 shape region query size = 534046.
[INFO DRT-0033] mcon shape region query size = 298078.
[INFO DRT-0033] met1 shape region query size = 82523.
[INFO DRT-0033] via shape region query size = 18240.
[INFO DRT-0033] met2 shape region query size = 11184.
[INFO DRT-0033] via2 shape region query size = 14592.
[INFO DRT-0033] met3 shape region query size = 10980.
[INFO DRT-0033] via3 shape region query size = 14592.
[INFO DRT-0033] met4 shape region query size = 4408.
[INFO DRT-0033] via4 shape region query size = 722.
[INFO DRT-0033] met5 shape region query size = 798.
[INFO DRT-0165] Start pin access.
[INFO DRT-0076]   Complete 1000 pins.
[INFO DRT-0076]   Complete 2000 pins.
[INFO DRT-0078]   Complete 2216 pins.
[INFO DRT-0079]   Complete 100 unique inst patterns.
[INFO DRT-0079]   Complete 200 unique inst patterns.
[INFO DRT-0081]   Complete 272 unique inst patterns.
[INFO DRT-0082]   Complete 10000 groups.
[INFO DRT-0084]   Complete 11582 groups.
#scanned instances     = 21882
#unique  instances     = 272
#stdCellGenAp          = 8741
#stdCellValidPlanarAp  = 75
#stdCellValidViaAp     = 6487
#stdCellPinNoAp        = 0
#stdCellPinCnt         = 64700
#instTermValidViaApCnt = 0
#macroGenAp            = 0
#macroValidPlanarAp    = 0
#macroValidViaAp       = 0
#macroNoAp             = 0
[INFO DRT-0166] Complete pin access.
[INFO DRT-0267] cpu time = 00:05:17, elapsed time = 00:00:13, memory = 256.76 (MB), peak = 255.46 (MB)
Took 13 seconds: pin_access
global_route -congestion_report_file /work/reports/sky130hd/m7_j0/p9p0/congestion.rpt -congestion_iterations 30 -congestion_report_iter_step 5 -verbose
[INFO GRT-0020] Min routing layer: met1
[INFO GRT-0021] Max routing layer: met5
[INFO GRT-0022] Global adjustment: 0%
[INFO GRT-0023] Grid origin: (0, 0)
[INFO GRT-0088] Layer li1     Track-Pitch = 0.4600  line-2-Via Pitch: 0.3400
[INFO GRT-0088] Layer met1    Track-Pitch = 0.3400  line-2-Via Pitch: 0.3400
[INFO GRT-0088] Layer met2    Track-Pitch = 0.4600  line-2-Via Pitch: 0.3500
[INFO GRT-0088] Layer met3    Track-Pitch = 0.6800  line-2-Via Pitch: 0.6150
[INFO GRT-0088] Layer met4    Track-Pitch = 0.9200  line-2-Via Pitch: 1.0400
[INFO GRT-0088] Layer met5    Track-Pitch = 3.4000  line-2-Via Pitch: 3.1100
[INFO GRT-0003] Macros: 0
[INFO GRT-0004] Blockages: 37350
[INFO GRT-0019] Found 251 clock nets.
[INFO GRT-0001] Minimum degree: 2
[INFO GRT-0002] Maximum degree: 173

[INFO GRT-0053] Routing resources analysis:
          Routing      Original      Derated      Resource
Layer     Direction    Resources     Resources    Reduction (%)
---------------------------------------------------------------
li1        Vertical            0             0          0.00%
met1       Horizontal      69660         53629          23.01%
met2       Vertical        72668         55796          23.22%
met3       Horizontal      53373         41718          21.84%
met4       Vertical        35816         25086          29.96%
met5       Horizontal       8066          5772          28.44%
---------------------------------------------------------------

[INFO GRT-0101] Running extra iterations to remove congestion.
[INFO GRT-0102] Start extra iteration 1/30
[INFO GRT-0102] Start extra iteration 2/30
[INFO GRT-0102] Start extra iteration 3/30
[INFO GRT-0102] Start extra iteration 4/30
[INFO GRT-0197] Via related to pin nodes: 111369
[INFO GRT-0198] Via related Steiner nodes: 2876
[INFO GRT-0199] Via filling finished.
[INFO GRT-0111] Final number of vias: 142753
[INFO GRT-0112] Final usage 3D: 524888

[INFO GRT-0096] Final congestion report:
Layer         Resource        Demand        Usage (%)    Max H / Max V / Total Congestion
---------------------------------------------------------------------------------------
li1                  0             0            0.00%             0 /  0 /  0
met1             53629         35144           65.53%             0 /  0 /  0
met2             55796         40190           72.03%             0 /  0 /  0
met3             41718         11552           27.69%             0 /  0 /  0
met4             25086          9642           38.44%             0 /  0 /  0
met5              5772           101            1.75%             0 /  0 /  0
---------------------------------------------------------------------------------------
Total           182001         96629           53.09%             0 /  0 /  0

[INFO GRT-0018] Total wirelength: 991067 um
[INFO GRT-0014] Routed nets: 18084
[INFO GRT-0303] Global routing runtime = 00:00:02
[WARNING STA-0450] virtual clock vclk_core_clock can not be propagated.
estimate_parasitics -global_routing
Perform buffer insertion and gate resizing...
repair_design -verbose
Iteration |   Area    | Resized | Buffers | Nets repaired | Remaining
---------------------------------------------------------------------
        0 |     +0.0% |       0 |       0 |             0 |     18534
     1000 |     +0.0% |       0 |       0 |             0 |     17534
[WARNING RSZ-0104] Net _14752_/CO[33] only has one pin. Check if it is intended to be dangling.
[WARNING RSZ-0104] Net _14752_/CO[25] only has one pin. Check if it is intended to be dangling.
     2000 |     +0.0% |       0 |       0 |             0 |     16534
[WARNING RSZ-0104] Net _14752_/CO[16] only has one pin. Check if it is intended to be dangling.
[WARNING RSZ-0104] Net _14752_/X[33] only has one pin. Check if it is intended to be dangling.
[WARNING RSZ-0104] Net _14752_/CO[22] only has one pin. Check if it is intended to be dangling.
[WARNING RSZ-0104] Net _14752_/X[30] only has one pin. Check if it is intended to be dangling.
[WARNING RSZ-0104] Net _14752_/X[25] only has one pin. Check if it is intended to be dangling.
[WARNING RSZ-0104] Net _14752_/X[29] only has one pin. Check if it is intended to be dangling.
[WARNING RSZ-0104] Net _14752_/X[28] only has one pin. Check if it is intended to be dangling.
[WARNING RSZ-0104] Net _14752_/X[27] only has one pin. Check if it is intended to be dangling.
[WARNING RSZ-0104] Net _14752_/X[24] only has one pin. Check if it is intended to be dangling.
[WARNING RSZ-0104] Net _14752_/X[18] only has one pin. Check if it is intended to be dangling.
[WARNING RSZ-0104] Net _14752_/X[15] only has one pin. Check if it is intended to be dangling.
[WARNING RSZ-0104] Net _14752_/X[14] only has one pin. Check if it is intended to be dangling.
[WARNING RSZ-0104] Net _14752_/CO[6] only has one pin. Check if it is intended to be dangling.
     3000 |     +0.0% |       0 |       0 |             0 |     15534
[WARNING RSZ-0104] Net _14752_/X[13] only has one pin. Check if it is intended to be dangling.
[WARNING RSZ-0104] Net _14752_/X[11] only has one pin. Check if it is intended to be dangling.
[WARNING RSZ-0104] Net _14752_/CO[5] only has one pin. Check if it is intended to be dangling.
[WARNING RSZ-0104] Net _14752_/X[22] only has one pin. Check if it is intended to be dangling.
[WARNING RSZ-0104] Net _14752_/X[19] only has one pin. Check if it is intended to be dangling.
[WARNING RSZ-0104] Net _14752_/X[10] only has one pin. Check if it is intended to be dangling.
[WARNING RSZ-0104] Net _14752_/X[9] only has one pin. Check if it is intended to be dangling.
[WARNING RSZ-0104] Net _14752_/CO[4] only has one pin. Check if it is intended to be dangling.
[WARNING RSZ-0104] Net _14752_/X[21] only has one pin. Check if it is intended to be dangling.
[WARNING RSZ-0104] Net _14752_/X[20] only has one pin. Check if it is intended to be dangling.
[WARNING RSZ-0104] Net _14752_/X[12] only has one pin. Check if it is intended to be dangling.
[WARNING RSZ-0104] Net _14752_/X[8] only has one pin. Check if it is intended to be dangling.
     4000 |     +0.0% |       0 |       0 |             0 |     14534
[WARNING RSZ-0104] Net _14752_/X[3] only has one pin. Check if it is intended to be dangling.
     5000 |     +0.0% |       0 |       0 |             0 |     13534
     6000 |     +0.0% |       0 |       0 |             0 |     12534
     7000 |     +0.0% |       0 |       0 |             0 |     11534
     8000 |     +0.0% |       0 |       0 |             0 |     10534
     9000 |     +0.0% |       0 |       0 |             0 |      9534
    10000 |     +0.0% |       1 |       0 |             1 |      8534
    11000 |     +0.0% |       1 |       0 |             1 |      7534
    12000 |     +0.0% |       1 |       0 |             1 |      6534
    13000 |     +0.0% |       1 |       0 |             1 |      5534
    14000 |     +0.0% |       1 |       0 |             1 |      4534
    15000 |     +0.0% |       1 |       0 |             1 |      3534
    16000 |     +0.0% |       1 |       0 |             1 |      2534
    17000 |     +0.0% |       1 |       0 |             1 |      1534
    18000 |     +0.0% |       1 |       0 |             1 |       534
[WARNING RSZ-0104] Net sec_release_i only has one pin. Check if it is intended to be dangling.
[WARNING RSZ-0104] Net iopmp_release_i only has one pin. Check if it is intended to be dangling.
[WARNING RSZ-0104] Net ic_release_i only has one pin. Check if it is intended to be dangling.
[WARNING RSZ-0104] Net dma_wdata_i[9] only has one pin. Check if it is intended to be dangling.
[WARNING RSZ-0104] Net dma_wdata_i[8] only has one pin. Check if it is intended to be dangling.
[WARNING RSZ-0104] Net dma_wdata_i[7] only has one pin. Check if it is intended to be dangling.
[WARNING RSZ-0104] Net dma_wdata_i[6] only has one pin. Check if it is intended to be dangling.
[WARNING RSZ-0104] Net dma_wdata_i[5] only has one pin. Check if it is intended to be dangling.
[WARNING RSZ-0104] Net dma_wdata_i[4] only has one pin. Check if it is intended to be dangling.
[WARNING RSZ-0104] Net dma_wdata_i[3] only has one pin. Check if it is intended to be dangling.
[WARNING RSZ-0104] Net dma_wdata_i[31] only has one pin. Check if it is intended to be dangling.
[WARNING RSZ-0104] Net dma_wdata_i[30] only has one pin. Check if it is intended to be dangling.
[WARNING RSZ-0104] Net dma_wdata_i[2] only has one pin. Check if it is intended to be dangling.
[WARNING RSZ-0104] Net dma_wdata_i[29] only has one pin. Check if it is intended to be dangling.
[WARNING RSZ-0104] Net dma_wdata_i[28] only has one pin. Check if it is intended to be dangling.
[WARNING RSZ-0104] Net dma_wdata_i[27] only has one pin. Check if it is intended to be dangling.
[WARNING RSZ-0104] Net dma_wdata_i[26] only has one pin. Check if it is intended to be dangling.
[WARNING RSZ-0104] Net dma_wdata_i[25] only has one pin. Check if it is intended to be dangling.
[WARNING RSZ-0104] Net dma_wdata_i[24] only has one pin. Check if it is intended to be dangling.
[WARNING RSZ-0104] Net dma_wdata_i[23] only has one pin. Check if it is intended to be dangling.
[WARNING RSZ-0104] Net dma_wdata_i[22] only has one pin. Check if it is intended to be dangling.
[WARNING RSZ-0104] Net dma_wdata_i[21] only has one pin. Check if it is intended to be dangling.
[WARNING RSZ-0104] Net dma_wdata_i[20] only has one pin. Check if it is intended to be dangling.
[WARNING RSZ-0104] Net dma_wdata_i[1] only has one pin. Check if it is intended to be dangling.
[WARNING RSZ-0104] Net dma_wdata_i[19] only has one pin. Check if it is intended to be dangling.
[WARNING RSZ-0104] Net dma_wdata_i[18] only has one pin. Check if it is intended to be dangling.
[WARNING RSZ-0104] Net dma_wdata_i[17] only has one pin. Check if it is intended to be dangling.
[WARNING RSZ-0104] Net dma_wdata_i[16] only has one pin. Check if it is intended to be dangling.
[WARNING RSZ-0104] Net dma_wdata_i[15] only has one pin. Check if it is intended to be dangling.
[WARNING RSZ-0104] Net dma_wdata_i[14] only has one pin. Check if it is intended to be dangling.
[WARNING RSZ-0104] Net dma_wdata_i[13] only has one pin. Check if it is intended to be dangling.
[WARNING RSZ-0104] Net dma_wdata_i[12] only has one pin. Check if it is intended to be dangling.
[WARNING RSZ-0104] Net dma_wdata_i[11] only has one pin. Check if it is intended to be dangling.
[WARNING RSZ-0104] Net dma_wdata_i[10] only has one pin. Check if it is intended to be dangling.
[WARNING RSZ-0104] Net dma_wdata_i[0] only has one pin. Check if it is intended to be dangling.
[WARNING RSZ-0104] Net dma_start_i only has one pin. Check if it is intended to be dangling.
[WARNING RSZ-0104] Net dma_src_addr_i[9] only has one pin. Check if it is intended to be dangling.
[WARNING RSZ-0104] Net dma_src_addr_i[8] only has one pin. Check if it is intended to be dangling.
[WARNING RSZ-0104] Net dma_src_addr_i[7] only has one pin. Check if it is intended to be dangling.
[WARNING RSZ-0104] Net dma_src_addr_i[6] only has one pin. Check if it is intended to be dangling.
[WARNING RSZ-0104] Net dma_src_addr_i[5] only has one pin. Check if it is intended to be dangling.
[WARNING RSZ-0104] Net dma_src_addr_i[4] only has one pin. Check if it is intended to be dangling.
[WARNING RSZ-0104] Net dma_src_addr_i[3] only has one pin. Check if it is intended to be dangling.
[WARNING RSZ-0104] Net dma_src_addr_i[31] only has one pin. Check if it is intended to be dangling.
[WARNING RSZ-0104] Net dma_src_addr_i[30] only has one pin. Check if it is intended to be dangling.
[WARNING RSZ-0104] Net dma_src_addr_i[2] only has one pin. Check if it is intended to be dangling.
[WARNING RSZ-0104] Net dma_src_addr_i[29] only has one pin. Check if it is intended to be dangling.
[WARNING RSZ-0104] Net dma_src_addr_i[28] only has one pin. Check if it is intended to be dangling.
[WARNING RSZ-0104] Net dma_src_addr_i[27] only has one pin. Check if it is intended to be dangling.
[WARNING RSZ-0104] Net dma_src_addr_i[26] only has one pin. Check if it is intended to be dangling.
[WARNING RSZ-0104] Net dma_src_addr_i[25] only has one pin. Check if it is intended to be dangling.
[WARNING RSZ-0104] Net dma_src_addr_i[24] only has one pin. Check if it is intended to be dangling.
[WARNING RSZ-0104] Net dma_src_addr_i[23] only has one pin. Check if it is intended to be dangling.
[WARNING RSZ-0104] Net dma_src_addr_i[22] only has one pin. Check if it is intended to be dangling.
[WARNING RSZ-0104] Net dma_src_addr_i[21] only has one pin. Check if it is intended to be dangling.
[WARNING RSZ-0104] Net dma_src_addr_i[20] only has one pin. Check if it is intended to be dangling.
[WARNING RSZ-0104] Net dma_src_addr_i[1] only has one pin. Check if it is intended to be dangling.
[WARNING RSZ-0104] Net dma_src_addr_i[19] only has one pin. Check if it is intended to be dangling.
[WARNING RSZ-0104] Net dma_src_addr_i[18] only has one pin. Check if it is intended to be dangling.
[WARNING RSZ-0104] Net dma_src_addr_i[17] only has one pin. Check if it is intended to be dangling.
[WARNING RSZ-0104] Net dma_src_addr_i[16] only has one pin. Check if it is intended to be dangling.
[WARNING RSZ-0104] Net dma_src_addr_i[15] only has one pin. Check if it is intended to be dangling.
[WARNING RSZ-0104] Net dma_src_addr_i[14] only has one pin. Check if it is intended to be dangling.
[WARNING RSZ-0104] Net dma_src_addr_i[13] only has one pin. Check if it is intended to be dangling.
[WARNING RSZ-0104] Net dma_src_addr_i[12] only has one pin. Check if it is intended to be dangling.
[WARNING RSZ-0104] Net dma_src_addr_i[11] only has one pin. Check if it is intended to be dangling.
[WARNING RSZ-0104] Net dma_src_addr_i[10] only has one pin. Check if it is intended to be dangling.
[WARNING RSZ-0104] Net dma_src_addr_i[0] only has one pin. Check if it is intended to be dangling.
[WARNING RSZ-0104] Net dma_requester_id_i[7] only has one pin. Check if it is intended to be dangling.
[WARNING RSZ-0104] Net dma_requester_id_i[6] only has one pin. Check if it is intended to be dangling.
[WARNING RSZ-0104] Net dma_requester_id_i[5] only has one pin. Check if it is intended to be dangling.
[WARNING RSZ-0104] Net dma_requester_id_i[4] only has one pin. Check if it is intended to be dangling.
[WARNING RSZ-0104] Net dma_requester_id_i[3] only has one pin. Check if it is intended to be dangling.
[WARNING RSZ-0104] Net dma_requester_id_i[2] only has one pin. Check if it is intended to be dangling.
[WARNING RSZ-0104] Net dma_requester_id_i[1] only has one pin. Check if it is intended to be dangling.
[WARNING RSZ-0104] Net dma_requester_id_i[0] only has one pin. Check if it is intended to be dangling.
[WARNING RSZ-0104] Net dma_release_i only has one pin. Check if it is intended to be dangling.
[WARNING RSZ-0104] Net dma_mode_i[1] only has one pin. Check if it is intended to be dangling.
[WARNING RSZ-0104] Net dma_mode_i[0] only has one pin. Check if it is intended to be dangling.
[WARNING RSZ-0104] Net dma_length_i[9] only has one pin. Check if it is intended to be dangling.
[WARNING RSZ-0104] Net dma_length_i[8] only has one pin. Check if it is intended to be dangling.
[WARNING RSZ-0104] Net dma_length_i[7] only has one pin. Check if it is intended to be dangling.
[WARNING RSZ-0104] Net dma_length_i[6] only has one pin. Check if it is intended to be dangling.
[WARNING RSZ-0104] Net dma_length_i[5] only has one pin. Check if it is intended to be dangling.
[WARNING RSZ-0104] Net dma_length_i[4] only has one pin. Check if it is intended to be dangling.
[WARNING RSZ-0104] Net dma_length_i[3] only has one pin. Check if it is intended to be dangling.
[WARNING RSZ-0104] Net dma_length_i[2] only has one pin. Check if it is intended to be dangling.
[WARNING RSZ-0104] Net dma_length_i[1] only has one pin. Check if it is intended to be dangling.
[WARNING RSZ-0104] Net dma_length_i[15] only has one pin. Check if it is intended to be dangling.
[WARNING RSZ-0104] Net dma_length_i[14] only has one pin. Check if it is intended to be dangling.
[WARNING RSZ-0104] Net dma_length_i[13] only has one pin. Check if it is intended to be dangling.
[WARNING RSZ-0104] Net dma_length_i[12] only has one pin. Check if it is intended to be dangling.
[WARNING RSZ-0104] Net dma_length_i[11] only has one pin. Check if it is intended to be dangling.
[WARNING RSZ-0104] Net dma_length_i[10] only has one pin. Check if it is intended to be dangling.
[WARNING RSZ-0104] Net dma_length_i[0] only has one pin. Check if it is intended to be dangling.
[WARNING RSZ-0104] Net dma_dst_addr_i[9] only has one pin. Check if it is intended to be dangling.
[WARNING RSZ-0104] Net dma_dst_addr_i[8] only has one pin. Check if it is intended to be dangling.
[WARNING RSZ-0104] Net dma_dst_addr_i[7] only has one pin. Check if it is intended to be dangling.
[WARNING RSZ-0104] Net dma_dst_addr_i[6] only has one pin. Check if it is intended to be dangling.
[WARNING RSZ-0104] Net dma_dst_addr_i[5] only has one pin. Check if it is intended to be dangling.
[WARNING RSZ-0104] Net dma_dst_addr_i[4] only has one pin. Check if it is intended to be dangling.
[WARNING RSZ-0104] Net dma_dst_addr_i[3] only has one pin. Check if it is intended to be dangling.
[WARNING RSZ-0104] Net dma_dst_addr_i[31] only has one pin. Check if it is intended to be dangling.
[WARNING RSZ-0104] Net dma_dst_addr_i[30] only has one pin. Check if it is intended to be dangling.
[WARNING RSZ-0104] Net dma_dst_addr_i[2] only has one pin. Check if it is intended to be dangling.
[WARNING RSZ-0104] Net dma_dst_addr_i[29] only has one pin. Check if it is intended to be dangling.
[WARNING RSZ-0104] Net dma_dst_addr_i[28] only has one pin. Check if it is intended to be dangling.
[WARNING RSZ-0104] Net dma_dst_addr_i[27] only has one pin. Check if it is intended to be dangling.
[WARNING RSZ-0104] Net dma_dst_addr_i[26] only has one pin. Check if it is intended to be dangling.
[WARNING RSZ-0104] Net dma_dst_addr_i[25] only has one pin. Check if it is intended to be dangling.
[WARNING RSZ-0104] Net dma_dst_addr_i[24] only has one pin. Check if it is intended to be dangling.
[WARNING RSZ-0104] Net dma_dst_addr_i[23] only has one pin. Check if it is intended to be dangling.
[WARNING RSZ-0104] Net dma_dst_addr_i[22] only has one pin. Check if it is intended to be dangling.
[WARNING RSZ-0104] Net dma_dst_addr_i[21] only has one pin. Check if it is intended to be dangling.
[WARNING RSZ-0104] Net dma_dst_addr_i[20] only has one pin. Check if it is intended to be dangling.
[WARNING RSZ-0104] Net dma_dst_addr_i[1] only has one pin. Check if it is intended to be dangling.
[WARNING RSZ-0104] Net dma_dst_addr_i[19] only has one pin. Check if it is intended to be dangling.
[WARNING RSZ-0104] Net dma_dst_addr_i[18] only has one pin. Check if it is intended to be dangling.
[WARNING RSZ-0104] Net dma_dst_addr_i[17] only has one pin. Check if it is intended to be dangling.
[WARNING RSZ-0104] Net dma_dst_addr_i[16] only has one pin. Check if it is intended to be dangling.
[WARNING RSZ-0104] Net dma_dst_addr_i[15] only has one pin. Check if it is intended to be dangling.
[WARNING RSZ-0104] Net dma_dst_addr_i[14] only has one pin. Check if it is intended to be dangling.
[WARNING RSZ-0104] Net dma_dst_addr_i[13] only has one pin. Check if it is intended to be dangling.
[WARNING RSZ-0104] Net dma_dst_addr_i[12] only has one pin. Check if it is intended to be dangling.
[WARNING RSZ-0104] Net dma_dst_addr_i[11] only has one pin. Check if it is intended to be dangling.
[WARNING RSZ-0104] Net dma_dst_addr_i[10] only has one pin. Check if it is intended to be dangling.
[WARNING RSZ-0104] Net dma_dst_addr_i[0] only has one pin. Check if it is intended to be dangling.
[WARNING RSZ-0104] Net cpu_release_i only has one pin. Check if it is intended to be dangling.
[WARNING RSZ-0104] Net cfg_write_i only has one pin. Check if it is intended to be dangling.
[WARNING RSZ-0104] Net cfg_wdata_i[9] only has one pin. Check if it is intended to be dangling.
[WARNING RSZ-0104] Net cfg_wdata_i[8] only has one pin. Check if it is intended to be dangling.
[WARNING RSZ-0104] Net cfg_wdata_i[7] only has one pin. Check if it is intended to be dangling.
[WARNING RSZ-0104] Net cfg_wdata_i[6] only has one pin. Check if it is intended to be dangling.
[WARNING RSZ-0104] Net cfg_wdata_i[5] only has one pin. Check if it is intended to be dangling.
[WARNING RSZ-0104] Net cfg_wdata_i[4] only has one pin. Check if it is intended to be dangling.
[WARNING RSZ-0104] Net cfg_wdata_i[3] only has one pin. Check if it is intended to be dangling.
[WARNING RSZ-0104] Net cfg_wdata_i[31] only has one pin. Check if it is intended to be dangling.
[WARNING RSZ-0104] Net cfg_wdata_i[30] only has one pin. Check if it is intended to be dangling.
[WARNING RSZ-0104] Net cfg_wdata_i[2] only has one pin. Check if it is intended to be dangling.
[WARNING RSZ-0104] Net cfg_wdata_i[29] only has one pin. Check if it is intended to be dangling.
[WARNING RSZ-0104] Net cfg_wdata_i[28] only has one pin. Check if it is intended to be dangling.
[WARNING RSZ-0104] Net cfg_wdata_i[27] only has one pin. Check if it is intended to be dangling.
[WARNING RSZ-0104] Net cfg_wdata_i[26] only has one pin. Check if it is intended to be dangling.
[WARNING RSZ-0104] Net cfg_wdata_i[25] only has one pin. Check if it is intended to be dangling.
[WARNING RSZ-0104] Net cfg_wdata_i[24] only has one pin. Check if it is intended to be dangling.
[WARNING RSZ-0104] Net cfg_wdata_i[23] only has one pin. Check if it is intended to be dangling.
[WARNING RSZ-0104] Net cfg_wdata_i[22] only has one pin. Check if it is intended to be dangling.
[WARNING RSZ-0104] Net cfg_wdata_i[21] only has one pin. Check if it is intended to be dangling.
[WARNING RSZ-0104] Net cfg_wdata_i[20] only has one pin. Check if it is intended to be dangling.
[WARNING RSZ-0104] Net cfg_wdata_i[1] only has one pin. Check if it is intended to be dangling.
[WARNING RSZ-0104] Net cfg_wdata_i[19] only has one pin. Check if it is intended to be dangling.
[WARNING RSZ-0104] Net cfg_wdata_i[18] only has one pin. Check if it is intended to be dangling.
[WARNING RSZ-0104] Net cfg_wdata_i[17] only has one pin. Check if it is intended to be dangling.
[WARNING RSZ-0104] Net cfg_wdata_i[16] only has one pin. Check if it is intended to be dangling.
[WARNING RSZ-0104] Net cfg_wdata_i[15] only has one pin. Check if it is intended to be dangling.
[WARNING RSZ-0104] Net cfg_wdata_i[14] only has one pin. Check if it is intended to be dangling.
[WARNING RSZ-0104] Net cfg_wdata_i[13] only has one pin. Check if it is intended to be dangling.
[WARNING RSZ-0104] Net cfg_wdata_i[12] only has one pin. Check if it is intended to be dangling.
[WARNING RSZ-0104] Net cfg_wdata_i[11] only has one pin. Check if it is intended to be dangling.
[WARNING RSZ-0104] Net cfg_wdata_i[10] only has one pin. Check if it is intended to be dangling.
[WARNING RSZ-0104] Net cfg_wdata_i[0] only has one pin. Check if it is intended to be dangling.
[WARNING RSZ-0104] Net cfg_addr_i[9] only has one pin. Check if it is intended to be dangling.
[WARNING RSZ-0104] Net cfg_addr_i[8] only has one pin. Check if it is intended to be dangling.
[WARNING RSZ-0104] Net cfg_addr_i[7] only has one pin. Check if it is intended to be dangling.
[WARNING RSZ-0104] Net cfg_addr_i[6] only has one pin. Check if it is intended to be dangling.
[WARNING RSZ-0104] Net cfg_addr_i[5] only has one pin. Check if it is intended to be dangling.
[WARNING RSZ-0104] Net cfg_addr_i[4] only has one pin. Check if it is intended to be dangling.
[WARNING RSZ-0104] Net cfg_addr_i[3] only has one pin. Check if it is intended to be dangling.
[WARNING RSZ-0104] Net cfg_addr_i[31] only has one pin. Check if it is intended to be dangling.
[WARNING RSZ-0104] Net cfg_addr_i[30] only has one pin. Check if it is intended to be dangling.
[WARNING RSZ-0104] Net cfg_addr_i[2] only has one pin. Check if it is intended to be dangling.
[WARNING RSZ-0104] Net cfg_addr_i[29] only has one pin. Check if it is intended to be dangling.
[WARNING RSZ-0104] Net cfg_addr_i[28] only has one pin. Check if it is intended to be dangling.
[WARNING RSZ-0104] Net cfg_addr_i[27] only has one pin. Check if it is intended to be dangling.
[WARNING RSZ-0104] Net cfg_addr_i[26] only has one pin. Check if it is intended to be dangling.
[WARNING RSZ-0104] Net cfg_addr_i[25] only has one pin. Check if it is intended to be dangling.
[WARNING RSZ-0104] Net cfg_addr_i[24] only has one pin. Check if it is intended to be dangling.
[WARNING RSZ-0104] Net cfg_addr_i[23] only has one pin. Check if it is intended to be dangling.
[WARNING RSZ-0104] Net cfg_addr_i[22] only has one pin. Check if it is intended to be dangling.
[WARNING RSZ-0104] Net cfg_addr_i[21] only has one pin. Check if it is intended to be dangling.
[WARNING RSZ-0104] Net cfg_addr_i[20] only has one pin. Check if it is intended to be dangling.
[WARNING RSZ-0104] Net cfg_addr_i[1] only has one pin. Check if it is intended to be dangling.
[WARNING RSZ-0104] Net cfg_addr_i[19] only has one pin. Check if it is intended to be dangling.
[WARNING RSZ-0104] Net cfg_addr_i[18] only has one pin. Check if it is intended to be dangling.
[WARNING RSZ-0104] Net cfg_addr_i[17] only has one pin. Check if it is intended to be dangling.
[WARNING RSZ-0104] Net cfg_addr_i[16] only has one pin. Check if it is intended to be dangling.
[WARNING RSZ-0104] Net cfg_addr_i[15] only has one pin. Check if it is intended to be dangling.
[WARNING RSZ-0104] Net cfg_addr_i[14] only has one pin. Check if it is intended to be dangling.
[WARNING RSZ-0104] Net cfg_addr_i[13] only has one pin. Check if it is intended to be dangling.
[WARNING RSZ-0104] Net cfg_addr_i[12] only has one pin. Check if it is intended to be dangling.
[WARNING RSZ-0104] Net cfg_addr_i[11] only has one pin. Check if it is intended to be dangling.
[WARNING RSZ-0104] Net cfg_addr_i[10] only has one pin. Check if it is intended to be dangling.
[WARNING RSZ-0104] Net cfg_addr_i[0] only has one pin. Check if it is intended to be dangling.
    final |     +0.0% |       1 |       0 |             1 |         0
---------------------------------------------------------------------
[INFO RSZ-0034] Found 1 slew violations.
[INFO RSZ-0039] Resized 1 instances.
[INFO RSZ-0504] Runtime: 3.69s
global_route -start_incremental
detailed_placement
[INFO DPL-0006] Core area: 271002.41 um^2
[INFO DPL-0007] Movable instances area: 168034.91 um^2
[INFO DPL-0008] Fixed instances area within core: 4466.78 um^2
[INFO DPL-0009] Utilization: 63.7%
[INFO DPL-0005] Diamond search max displacement: +/- 500 sites horizontally, +/- 100 rows vertically.
[INFO DPL-1102] Legalizing using negotiation legalizer.
[INFO DPL-1103] Negotiation base search window: +/-20 sites horizontally, +/-5 rows vertically 
	Automatic search window extension enabled.
	Search window extendable up to the max displacement cap of +/-500 sites, +/-100 rows near walls.
[INFO DPL-1104] NegotiationLegalizer DRC penalty: 5.
[INFO DPL-0392] Negotiation cell height distribution (1 unique row-count(s)):
[INFO DPL-0393]   height 1 row(s): 21882 cells
          |      Total |  Illegal |  Illegal
Iteration | Violations |    Cells |    Sites
---------------------------------------------
        0 |          0 |         0 |         0
Negotiation phase 1 converged at iteration 0.
[INFO DPL-0500] Runtime: 0.08s
Placement Analysis
---------------------------------
total displacement          0.0 u
average displacement        0.0 u
max displacement            0.0 u
original HPWL          546851.9 u
legalized HPWL         546856.4 u
delta HPWL                    0 %

global_route -end_incremental -congestion_report_file /work/reports/sky130hd/m7_j0/p9p0/congestion_post_repair_design.rpt
Repair setup and hold violations...
estimate_parasitics -global_routing
repair_timing -setup_margin 0 -hold_margin 0 -repair_tns 100 -verbose
[INFO RSZ-0100] Repair move sequence: UnbufferMove SizeUpMove SwapPinsMove BufferMove CloneMove SplitLoadMove 
[INFO RSZ-0094] Found 881 endpoints with setup violations.
[INFO RSZ-0099] Repairing 881 out of 881 (100.00%) violating endpoints...
   Iter   | Removed | Resized | Inserted | Cloned |  Pin  |   Area   |    WNS   |   StTNS    |   EnTNS    |  Viol  |  Worst  
          | Buffers |  Gates  | Buffers  |  Gates | Swaps |          |          |            |            | Endpts | St/EnPt 
------------------------------------------------------------------------------------------------------------------------------
       0* |       0 |       0 |        0 |      0 |     0 |    +0.0% |   -0.836 |     -603.5 |     -367.4 |    881 | u.u_ibex.u_ibex_core.if_stage_i.gen_prefetch_buffer.prefetch_buffer_i.fifo_i.rdata_q\[36\]$_DFFE_PP_/DE
      10* |       0 |       6 |        2 |      0 |     2 |    +0.0% |   -0.674 |     -596.1 |     -343.9 |    881 | u.u_ibex.u_ibex_core.if_stage_i.gen_prefetch_buffer.prefetch_buffer_i.fifo_i.rdata_q\[36\]$_DFFE_PP_/DE
      20* |       0 |      12 |        3 |      0 |     5 |    +0.0% |   -0.642 |     -594.7 |     -320.3 |    881 | u.u_ibex.gen_regfile_ff.register_file_i.g_rf_flops\[12\].rf_reg_q\[20\]$_DFFE_PN0P_/D
      30* |       0 |      20 |        4 |      0 |     6 |    +0.1% |   -0.602 |     -589.2 |     -306.8 |    881 | u.u_ibex.gen_regfile_ff.register_file_i.g_rf_flops\[23\].rf_reg_q\[24\]$_DFFE_PN0P_/D
      40* |       0 |      27 |        7 |      0 |     7 |    +0.1% |   -0.576 |     -587.7 |     -300.7 |    881 | u.u_ibex.gen_regfile_ff.register_file_i.g_rf_flops\[8\].rf_reg_q\[31\]$_DFFE_PN0P_/D
      50* |       0 |      35 |        7 |      1 |     8 |    +0.1% |   -0.552 |     -582.0 |     -290.7 |    881 | u.u_ibex.gen_regfile_ff.register_file_i.g_rf_flops\[23\].rf_reg_q\[24\]$_DFFE_PN0P_/D
      60* |       0 |      38 |        7 |      3 |    13 |    +0.2% |   -0.734 |     -609.2 |     -283.5 |    881 | u.u_ibex.gen_regfile_ff.register_file_i.g_rf_flops\[16\].rf_reg_q\[30\]$_DFFE_PN0P_/D
      70* |       0 |      44 |        9 |      3 |    15 |    +0.2% |   -0.520 |     -579.4 |     -271.7 |    881 | u.u_ibex.gen_regfile_ff.register_file_i.g_rf_flops\[23\].rf_reg_q\[24\]$_DFFE_PN0P_/D
      80* |       0 |      49 |       13 |      4 |    16 |    +0.3% |   -0.500 |     -576.8 |     -246.3 |    881 | u.u_ibex.u_ibex_core.if_stage_i.gen_prefetch_buffer.prefetch_buffer_i.fifo_i.rdata_q\[36\]$_DFFE_PP_/DE
      90* |       0 |      55 |       15 |      4 |    19 |    +0.3% |   -0.509 |     -576.2 |     -239.3 |    881 | u.u_ibex.gen_regfile_ff.register_file_i.g_rf_flops\[8\].rf_reg_q\[31\]$_DFFE_PN0P_/D
     100* |       0 |      62 |       17 |      4 |    20 |    +0.3% |   -0.470 |     -573.6 |     -214.0 |    881 | u.u_ibex.u_ibex_core.if_stage_i.gen_prefetch_buffer.prefetch_buffer_i.fifo_i.rdata_q\[36\]$_DFFE_PP_/DE
     110* |       0 |      67 |       19 |      4 |    23 |    +0.3% |   -0.487 |     -573.1 |     -215.2 |    881 | u.u_ibex.u_ibex_core.if_stage_i.gen_prefetch_buffer.prefetch_buffer_i.fifo_i.rdata_q\[36\]$_DFFE_PP_/DE
     120* |       0 |      73 |       20 |      4 |    26 |    +0.4% |   -0.482 |     -573.1 |     -212.7 |    881 | u.u_ibex.gen_regfile_ff.register_file_i.g_rf_flops\[8\].rf_reg_q\[31\]$_DFFE_PN0P_/D
     130* |       0 |      79 |       22 |      4 |    28 |    +0.4% |   -0.426 |     -570.7 |     -193.0 |    881 | u.u_ibex.gen_regfile_ff.register_file_i.g_rf_flops\[16\].rf_reg_q\[30\]$_DFFE_PN0P_/D
     140* |       0 |      84 |       24 |      4 |    32 |    +0.4% |   -0.468 |     -570.5 |     -231.6 |    881 | u.u_ibex.gen_regfile_ff.register_file_i.g_rf_flops\[2\].rf_reg_q\[18\]$_DFFE_PN0P_/D
     150* |       0 |      91 |       25 |      4 |    34 |    +0.4% |   -0.465 |     -570.0 |     -228.6 |    881 | u.u_ibex.gen_regfile_ff.register_file_i.g_rf_flops\[23\].rf_reg_q\[24\]$_DFFE_PN0P_/D
     160* |       0 |      97 |       26 |      4 |    37 |    +0.5% |   -0.449 |     -569.6 |     -212.0 |    881 | u.u_ibex.gen_regfile_ff.register_file_i.g_rf_flops\[23\].rf_reg_q\[24\]$_DFFE_PN0P_/D
     170* |       0 |     101 |       27 |      6 |    40 |    +0.5% |   -0.459 |     -569.5 |     -207.6 |    881 | u.u_ibex.gen_regfile_ff.register_file_i.g_rf_flops\[28\].rf_reg_q\[24\]$_DFFE_PN0P_/D
     180* |       0 |     108 |       27 |      6 |    43 |    +0.5% |   -0.463 |     -569.7 |     -202.4 |    881 | u.u_ibex.gen_regfile_ff.register_file_i.g_rf_flops\[28\].rf_reg_q\[24\]$_DFFE_PN0P_/D
     180* |       0 |      79 |       22 |      4 |    28 |    +0.4% |   -0.426 |     -570.7 |     -193.0 |    881 | u.u_ibex.gen_regfile_ff.register_file_i.g_rf_flops\[16\].rf_reg_q\[30\]$_DFFE_PN0P_/D
     190* |       0 |      84 |       25 |      4 |    30 |    +0.4% |   -0.426 |     -570.0 |     -189.0 |    881 | u.u_ibex.gen_regfile_ff.register_file_i.g_rf_flops\[16\].rf_reg_q\[30\]$_DFFE_PN0P_/D
     200* |       0 |      89 |       26 |      5 |    33 |    +0.4% |   -0.426 |     -569.2 |     -182.5 |    881 | u.u_ibex.gen_regfile_ff.register_file_i.g_rf_flops\[16\].rf_reg_q\[30\]$_DFFE_PN0P_/D
     210* |       0 |      95 |       27 |      5 |    36 |    +0.4% |   -0.426 |     -569.2 |     -181.3 |    881 | u.u_ibex.gen_regfile_ff.register_file_i.g_rf_flops\[16\].rf_reg_q\[30\]$_DFFE_PN0P_/D
     220* |       0 |     101 |       28 |      5 |    39 |    +0.5% |   -0.426 |     -568.5 |     -178.2 |    881 | u.u_ibex.gen_regfile_ff.register_file_i.g_rf_flops\[16\].rf_reg_q\[30\]$_DFFE_PN0P_/D
     230* |       0 |     107 |       28 |      5 |    43 |    +0.5% |   -0.426 |     -568.5 |     -176.9 |    881 | u.u_ibex.gen_regfile_ff.register_file_i.g_rf_flops\[16\].rf_reg_q\[30\]$_DFFE_PN0P_/D
     240* |       0 |     113 |       31 |      5 |    44 |    +0.5% |   -0.426 |     -568.2 |     -174.8 |    881 | u.u_ibex.gen_regfile_ff.register_file_i.g_rf_flops\[16\].rf_reg_q\[30\]$_DFFE_PN0P_/D
     250* |       0 |     122 |       31 |      5 |    45 |    +0.5% |   -0.451 |     -567.7 |     -176.0 |    881 | u.u_ibex.gen_regfile_ff.register_file_i.g_rf_flops\[8\].rf_reg_q\[31\]$_DFFE_PN0P_/D
     260* |       0 |     126 |       33 |      5 |    49 |    +0.5% |   -0.451 |     -567.8 |     -177.3 |    881 | u.u_ibex.gen_regfile_ff.register_file_i.g_rf_flops\[8\].rf_reg_q\[31\]$_DFFE_PN0P_/D
     270* |       0 |     133 |       34 |      5 |    51 |    +0.6% |   -0.426 |     -567.4 |     -173.6 |    881 | u.u_ibex.gen_regfile_ff.register_file_i.g_rf_flops\[16\].rf_reg_q\[30\]$_DFFE_PN0P_/D
     280* |       0 |     142 |       35 |      5 |    51 |    +0.6% |   -0.426 |     -567.2 |     -172.0 |    881 | u.u_ibex.gen_regfile_ff.register_file_i.g_rf_flops\[16\].rf_reg_q\[30\]$_DFFE_PN0P_/D
     290* |       0 |     150 |       42 |      5 |    51 |    +0.6% |   -0.426 |     -566.5 |     -171.1 |    881 | u.u_ibex.gen_regfile_ff.register_file_i.g_rf_flops\[16\].rf_reg_q\[30\]$_DFFE_PN0P_/D
     300* |       0 |     156 |       42 |      6 |    54 |    +0.7% |   -0.426 |     -567.0 |     -175.7 |    881 | u.u_ibex.gen_regfile_ff.register_file_i.g_rf_flops\[16\].rf_reg_q\[30\]$_DFFE_PN0P_/D
     310* |       0 |     162 |       43 |      6 |    57 |    +0.7% |   -0.426 |     -566.9 |     -173.4 |    881 | u.u_ibex.gen_regfile_ff.register_file_i.g_rf_flops\[16\].rf_reg_q\[30\]$_DFFE_PN0P_/D
     320* |       0 |     169 |       47 |      6 |    58 |    +0.7% |   -0.426 |     -566.8 |     -171.7 |    881 | u.u_ibex.gen_regfile_ff.register_file_i.g_rf_flops\[16\].rf_reg_q\[30\]$_DFFE_PN0P_/D
     330* |       0 |     176 |       48 |      6 |    60 |    +0.7% |   -0.426 |     -566.6 |     -169.7 |    881 | u.u_ibex.gen_regfile_ff.register_file_i.g_rf_flops\[16\].rf_reg_q\[30\]$_DFFE_PN0P_/D
     340* |       0 |     183 |       49 |      6 |    62 |    +0.8% |   -0.426 |     -566.6 |     -169.2 |    881 | u.u_ibex.gen_regfile_ff.register_file_i.g_rf_flops\[16\].rf_reg_q\[30\]$_DFFE_PN0P_/D
     344* |       0 |     185 |       50 |      6 |    63 |    +0.8% |   -0.426 |     -566.6 |     -168.8 |    881 | u.u_ibex.gen_regfile_ff.register_file_i.g_rf_flops\[16\].rf_reg_q\[30\]$_DFFE_PN0P_/D
     345* |       0 |     185 |       50 |      6 |    63 |    +0.8% |   -0.426 |     -566.6 |     -168.8 |    881 | u.u_ibex.gen_regfile_ff.register_file_i.g_rf_flops\[16\].rf_reg_q\[30\]$_DFFE_PN0P_/D
     346* |       0 |     185 |       50 |      6 |    63 |    +0.8% |   -0.426 |     -566.6 |     -168.8 |    881 | u.u_ibex.gen_regfile_ff.register_file_i.g_rf_flops\[16\].rf_reg_q\[30\]$_DFFE_PN0P_/D
     347* |       0 |     185 |       50 |      6 |    63 |    +0.8% |   -0.426 |     -566.6 |     -168.8 |    881 | u.u_ibex.gen_regfile_ff.register_file_i.g_rf_flops\[16\].rf_reg_q\[30\]$_DFFE_PN0P_/D
     348* |       0 |     185 |       50 |      6 |    63 |    +0.8% |   -0.426 |     -566.6 |     -168.8 |    881 | u.u_ibex.gen_regfile_ff.register_file_i.g_rf_flops\[16\].rf_reg_q\[30\]$_DFFE_PN0P_/D
     349* |       0 |     185 |       50 |      6 |    63 |    +0.8% |   -0.426 |     -566.6 |     -168.8 |    881 | u.u_ibex.gen_regfile_ff.register_file_i.g_rf_flops\[16\].rf_reg_q\[30\]$_DFFE_PN0P_/D
     350* |       0 |     185 |       50 |      6 |    63 |    +0.8% |   -0.426 |     -566.6 |     -168.8 |    881 | u.u_ibex.gen_regfile_ff.register_file_i.g_rf_flops\[16\].rf_reg_q\[30\]$_DFFE_PN0P_/D
     350* |       0 |     185 |       50 |      6 |    63 |    +0.8% |   -0.426 |     -566.6 |     -168.8 |    881 | u.u_ibex.gen_regfile_ff.register_file_i.g_rf_flops\[16\].rf_reg_q\[30\]$_DFFE_PN0P_/D
     351* |       0 |     185 |       50 |      6 |    63 |    +0.8% |   -0.426 |     -566.6 |     -168.8 |    881 | u.u_ibex.gen_regfile_ff.register_file_i.g_rf_flops\[16\].rf_reg_q\[30\]$_DFFE_PN0P_/D
     352* |       0 |     185 |       50 |      6 |    63 |    +0.8% |   -0.426 |     -566.6 |     -168.8 |    881 | u.u_ibex.gen_regfile_ff.register_file_i.g_rf_flops\[16\].rf_reg_q\[30\]$_DFFE_PN0P_/D
     353* |       0 |     185 |       50 |      6 |    63 |    +0.8% |   -0.426 |     -566.6 |     -168.8 |    881 | u.u_ibex.gen_regfile_ff.register_file_i.g_rf_flops\[16\].rf_reg_q\[30\]$_DFFE_PN0P_/D
     354* |       0 |     185 |       50 |      6 |    63 |    +0.8% |   -0.426 |     -566.6 |     -168.8 |    881 | u.u_ibex.gen_regfile_ff.register_file_i.g_rf_flops\[16\].rf_reg_q\[30\]$_DFFE_PN0P_/D
     355* |       0 |     185 |       50 |      6 |    63 |    +0.8% |   -0.426 |     -566.6 |     -168.8 |    881 | u.u_ibex.gen_regfile_ff.register_file_i.g_rf_flops\[16\].rf_reg_q\[30\]$_DFFE_PN0P_/D
     356* |       0 |     185 |       50 |      6 |    63 |    +0.8% |   -0.426 |     -566.6 |     -168.8 |    881 | u.u_ibex.gen_regfile_ff.register_file_i.g_rf_flops\[16\].rf_reg_q\[30\]$_DFFE_PN0P_/D
     357* |       0 |     185 |       50 |      6 |    63 |    +0.8% |   -0.426 |     -566.6 |     -168.8 |    881 | u.u_ibex.gen_regfile_ff.register_file_i.g_rf_flops\[16\].rf_reg_q\[30\]$_DFFE_PN0P_/D
     358* |       0 |     185 |       50 |      6 |    63 |    +0.8% |   -0.426 |     -566.6 |     -168.8 |    881 | u.u_ibex.gen_regfile_ff.register_file_i.g_rf_flops\[16\].rf_reg_q\[30\]$_DFFE_PN0P_/D
     360* |       0 |     185 |       50 |      7 |    63 |    +0.8% |   -0.426 |     -566.6 |     -169.0 |    881 | u.u_ibex.gen_regfile_ff.register_file_i.g_rf_flops\[16\].rf_reg_q\[30\]$_DFFE_PN0P_/D
     370* |       0 |     194 |       50 |      7 |    64 |    +0.8% |   -0.426 |     -566.6 |     -168.6 |    881 | u.u_ibex.gen_regfile_ff.register_file_i.g_rf_flops\[16\].rf_reg_q\[30\]$_DFFE_PN0P_/D
     375* |       1 |     198 |       50 |      7 |    64 |    +0.8% |   -0.426 |     -566.6 |     -168.6 |    881 | u.u_ibex.gen_regfile_ff.register_file_i.g_rf_flops\[16\].rf_reg_q\[30\]$_DFFE_PN0P_/D
     376* |       1 |     198 |       50 |      7 |    64 |    +0.8% |   -0.426 |     -566.6 |     -168.6 |    881 | u.u_ibex.gen_regfile_ff.register_file_i.g_rf_flops\[16\].rf_reg_q\[30\]$_DFFE_PN0P_/D
     377* |       1 |     198 |       50 |      7 |    64 |    +0.8% |   -0.426 |     -566.6 |     -168.6 |    881 | u.u_ibex.gen_regfile_ff.register_file_i.g_rf_flops\[16\].rf_reg_q\[30\]$_DFFE_PN0P_/D
     378* |       1 |     198 |       50 |      7 |    64 |    +0.8% |   -0.426 |     -566.6 |     -168.6 |    881 | u.u_ibex.gen_regfile_ff.register_file_i.g_rf_flops\[16\].rf_reg_q\[30\]$_DFFE_PN0P_/D
     379* |       1 |     198 |       50 |      7 |    64 |    +0.8% |   -0.426 |     -566.6 |     -168.6 |    881 | u.u_ibex.gen_regfile_ff.register_file_i.g_rf_flops\[16\].rf_reg_q\[30\]$_DFFE_PN0P_/D
     380* |       1 |     198 |       50 |      7 |    64 |    +0.8% |   -0.426 |     -566.6 |     -168.6 |    881 | u.u_ibex.gen_regfile_ff.register_file_i.g_rf_flops\[16\].rf_reg_q\[30\]$_DFFE_PN0P_/D
     380* |       1 |     198 |       50 |      7 |    64 |    +0.8% |   -0.426 |     -566.6 |     -168.6 |    881 | u.u_ibex.gen_regfile_ff.register_file_i.g_rf_flops\[16\].rf_reg_q\[30\]$_DFFE_PN0P_/D
     381* |       1 |     198 |       50 |      7 |    64 |    +0.8% |   -0.426 |     -566.6 |     -168.6 |    881 | u.u_ibex.gen_regfile_ff.register_file_i.g_rf_flops\[16\].rf_reg_q\[30\]$_DFFE_PN0P_/D
     382* |       1 |     198 |       50 |      7 |    64 |    +0.8% |   -0.426 |     -566.6 |     -168.6 |    881 | u.u_ibex.gen_regfile_ff.register_file_i.g_rf_flops\[16\].rf_reg_q\[30\]$_DFFE_PN0P_/D
     383* |       1 |     198 |       50 |      7 |    64 |    +0.8% |   -0.426 |     -566.6 |     -168.6 |    881 | u.u_ibex.gen_regfile_ff.register_file_i.g_rf_flops\[16\].rf_reg_q\[30\]$_DFFE_PN0P_/D
     384* |       1 |     198 |       50 |      7 |    64 |    +0.8% |   -0.426 |     -566.6 |     -168.6 |    881 | u.u_ibex.gen_regfile_ff.register_file_i.g_rf_flops\[16\].rf_reg_q\[30\]$_DFFE_PN0P_/D
     385* |       1 |     198 |       50 |      7 |    64 |    +0.8% |   -0.426 |     -566.6 |     -168.6 |    881 | u.u_ibex.gen_regfile_ff.register_file_i.g_rf_flops\[16\].rf_reg_q\[30\]$_DFFE_PN0P_/D
     386* |       1 |     198 |       50 |      7 |    64 |    +0.8% |   -0.426 |     -566.6 |     -168.6 |    881 | u.u_ibex.gen_regfile_ff.register_file_i.g_rf_flops\[16\].rf_reg_q\[30\]$_DFFE_PN0P_/D
     387* |       1 |     198 |       50 |      7 |    64 |    +0.8% |   -0.426 |     -566.6 |     -168.6 |    881 | u.u_ibex.gen_regfile_ff.register_file_i.g_rf_flops\[16\].rf_reg_q\[30\]$_DFFE_PN0P_/D
     388* |       1 |     198 |       50 |      7 |    64 |    +0.8% |   -0.426 |     -566.6 |     -168.6 |    881 | u.u_ibex.gen_regfile_ff.register_file_i.g_rf_flops\[16\].rf_reg_q\[30\]$_DFFE_PN0P_/D
     389* |       1 |     198 |       50 |      7 |    64 |    +0.8% |   -0.426 |     -566.6 |     -168.6 |    881 | u.u_ibex.gen_regfile_ff.register_file_i.g_rf_flops\[16\].rf_reg_q\[30\]$_DFFE_PN0P_/D
     390* |       1 |     198 |       50 |      7 |    64 |    +0.8% |   -0.426 |     -566.6 |     -168.6 |    881 | u.u_ibex.gen_regfile_ff.register_file_i.g_rf_flops\[16\].rf_reg_q\[30\]$_DFFE_PN0P_/D
     390* |       1 |     198 |       50 |      7 |    64 |    +0.8% |   -0.426 |     -566.6 |     -168.6 |    881 | u.u_ibex.gen_regfile_ff.register_file_i.g_rf_flops\[16\].rf_reg_q\[30\]$_DFFE_PN0P_/D
     391* |       1 |     198 |       50 |      7 |    64 |    +0.8% |   -0.426 |     -566.6 |     -168.6 |    881 | u.u_ibex.gen_regfile_ff.register_file_i.g_rf_flops\[16\].rf_reg_q\[30\]$_DFFE_PN0P_/D
     392* |       1 |     198 |       50 |      7 |    64 |    +0.8% |   -0.426 |     -566.6 |     -168.6 |    881 | u.u_ibex.gen_regfile_ff.register_file_i.g_rf_flops\[16\].rf_reg_q\[30\]$_DFFE_PN0P_/D
     393* |       1 |     198 |       50 |      7 |    64 |    +0.8% |   -0.426 |     -566.6 |     -168.6 |    881 | u.u_ibex.gen_regfile_ff.register_file_i.g_rf_flops\[16\].rf_reg_q\[30\]$_DFFE_PN0P_/D
     394* |       1 |     198 |       50 |      7 |    64 |    +0.8% |   -0.426 |     -566.6 |     -168.6 |    881 | u.u_ibex.gen_regfile_ff.register_file_i.g_rf_flops\[16\].rf_reg_q\[30\]$_DFFE_PN0P_/D
     395* |       1 |     198 |       50 |      7 |    64 |    +0.8% |   -0.426 |     -566.6 |     -168.6 |    881 | u.u_ibex.gen_regfile_ff.register_file_i.g_rf_flops\[16\].rf_reg_q\[30\]$_DFFE_PN0P_/D
     396* |       1 |     198 |       50 |      7 |    64 |    +0.8% |   -0.426 |     -566.6 |     -168.6 |    881 | u.u_ibex.gen_regfile_ff.register_file_i.g_rf_flops\[16\].rf_reg_q\[30\]$_DFFE_PN0P_/D
     400* |       1 |     200 |       52 |      7 |    64 |    +0.8% |   -0.426 |     -566.6 |     -168.4 |    881 | u.u_ibex.gen_regfile_ff.register_file_i.g_rf_flops\[16\].rf_reg_q\[30\]$_DFFE_PN0P_/D
     400* |       1 |     200 |       52 |      7 |    64 |    +0.8% |   -0.426 |     -566.6 |     -168.4 |    881 | u.u_ibex.gen_regfile_ff.register_file_i.g_rf_flops\[16\].rf_reg_q\[30\]$_DFFE_PN0P_/D
     402* |       1 |     201 |       52 |      7 |    64 |    +0.8% |   -0.426 |     -566.6 |     -168.1 |    881 | u.u_ibex.gen_regfile_ff.register_file_i.g_rf_flops\[16\].rf_reg_q\[30\]$_DFFE_PN0P_/D
     403* |       1 |     201 |       52 |      7 |    64 |    +0.8% |   -0.426 |     -566.6 |     -168.1 |    881 | u.u_ibex.gen_regfile_ff.register_file_i.g_rf_flops\[16\].rf_reg_q\[30\]$_DFFE_PN0P_/D
     404* |       1 |     201 |       52 |      7 |    64 |    +0.8% |   -0.426 |     -566.6 |     -168.1 |    881 | u.u_ibex.gen_regfile_ff.register_file_i.g_rf_flops\[16\].rf_reg_q\[30\]$_DFFE_PN0P_/D
     405* |       1 |     201 |       52 |      7 |    64 |    +0.8% |   -0.426 |     -566.6 |     -168.1 |    881 | u.u_ibex.gen_regfile_ff.register_file_i.g_rf_flops\[16\].rf_reg_q\[30\]$_DFFE_PN0P_/D
     406* |       1 |     201 |       52 |      7 |    64 |    +0.8% |   -0.426 |     -566.6 |     -168.1 |    881 | u.u_ibex.gen_regfile_ff.register_file_i.g_rf_flops\[16\].rf_reg_q\[30\]$_DFFE_PN0P_/D
     407* |       1 |     201 |       52 |      7 |    64 |    +0.8% |   -0.426 |     -566.6 |     -168.1 |    881 | u.u_ibex.gen_regfile_ff.register_file_i.g_rf_flops\[16\].rf_reg_q\[30\]$_DFFE_PN0P_/D
     408* |       1 |     201 |       52 |      7 |    64 |    +0.8% |   -0.426 |     -566.6 |     -168.1 |    881 | u.u_ibex.gen_regfile_ff.register_file_i.g_rf_flops\[16\].rf_reg_q\[30\]$_DFFE_PN0P_/D
     409* |       1 |     201 |       52 |      7 |    64 |    +0.8% |   -0.426 |     -566.6 |     -168.1 |    881 | u.u_ibex.gen_regfile_ff.register_file_i.g_rf_flops\[16\].rf_reg_q\[30\]$_DFFE_PN0P_/D
     410* |       1 |     201 |       52 |      7 |    64 |    +0.8% |   -0.426 |     -566.6 |     -168.1 |    881 | u.u_ibex.gen_regfile_ff.register_file_i.g_rf_flops\[16\].rf_reg_q\[30\]$_DFFE_PN0P_/D
     410* |       1 |     201 |       52 |      7 |    64 |    +0.8% |   -0.426 |     -566.6 |     -168.1 |    881 | u.u_ibex.gen_regfile_ff.register_file_i.g_rf_flops\[16\].rf_reg_q\[30\]$_DFFE_PN0P_/D
     411* |       1 |     201 |       52 |      7 |    64 |    +0.8% |   -0.426 |     -566.6 |     -168.1 |    881 | u.u_ibex.gen_regfile_ff.register_file_i.g_rf_flops\[16\].rf_reg_q\[30\]$_DFFE_PN0P_/D
     412* |       1 |     201 |       52 |      7 |    64 |    +0.8% |   -0.426 |     -566.6 |     -168.1 |    881 | u.u_ibex.gen_regfile_ff.register_file_i.g_rf_flops\[16\].rf_reg_q\[30\]$_DFFE_PN0P_/D
     413* |       1 |     201 |       52 |      7 |    64 |    +0.8% |   -0.426 |     -566.6 |     -168.1 |    881 | u.u_ibex.gen_regfile_ff.register_file_i.g_rf_flops\[16\].rf_reg_q\[30\]$_DFFE_PN0P_/D
     414* |       1 |     201 |       52 |      7 |    64 |    +0.8% |   -0.426 |     -566.6 |     -168.1 |    881 | u.u_ibex.gen_regfile_ff.register_file_i.g_rf_flops\[16\].rf_reg_q\[30\]$_DFFE_PN0P_/D
     415* |       1 |     201 |       52 |      7 |    64 |    +0.8% |   -0.426 |     -566.6 |     -168.1 |    881 | u.u_ibex.gen_regfile_ff.register_file_i.g_rf_flops\[16\].rf_reg_q\[30\]$_DFFE_PN0P_/D
     416* |       1 |     201 |       52 |      7 |    64 |    +0.8% |   -0.426 |     -566.6 |     -168.1 |    881 | u.u_ibex.gen_regfile_ff.register_file_i.g_rf_flops\[16\].rf_reg_q\[30\]$_DFFE_PN0P_/D
     417* |       1 |     201 |       52 |      7 |    64 |    +0.8% |   -0.426 |     -566.6 |     -168.1 |    881 | u.u_ibex.gen_regfile_ff.register_file_i.g_rf_flops\[16\].rf_reg_q\[30\]$_DFFE_PN0P_/D
     418* |       1 |     201 |       52 |      7 |    64 |    +0.8% |   -0.426 |     -566.6 |     -168.1 |    881 | u.u_ibex.gen_regfile_ff.register_file_i.g_rf_flops\[16\].rf_reg_q\[30\]$_DFFE_PN0P_/D
     419* |       1 |     201 |       52 |      7 |    64 |    +0.8% |   -0.426 |     -566.6 |     -168.1 |    881 | u.u_ibex.gen_regfile_ff.register_file_i.g_rf_flops\[16\].rf_reg_q\[30\]$_DFFE_PN0P_/D
     420* |       1 |     201 |       52 |      7 |    64 |    +0.8% |   -0.426 |     -566.6 |     -168.1 |    881 | u.u_ibex.gen_regfile_ff.register_file_i.g_rf_flops\[16\].rf_reg_q\[30\]$_DFFE_PN0P_/D
     420* |       1 |     201 |       52 |      7 |    64 |    +0.8% |   -0.426 |     -566.6 |     -168.1 |    881 | u.u_ibex.gen_regfile_ff.register_file_i.g_rf_flops\[16\].rf_reg_q\[30\]$_DFFE_PN0P_/D
     430* |       1 |     206 |       54 |      8 |    65 |    +0.9% |   -0.419 |     -566.3 |     -157.2 |    881 | u.u_ibex.gen_regfile_ff.register_file_i.g_rf_flops\[8\].rf_reg_q\[31\]$_DFFE_PN0P_/D
     440* |       1 |     213 |       56 |      9 |    66 |    +0.9% |   -0.420 |     -565.8 |     -143.1 |    881 | u.u_ibex.gen_regfile_ff.register_file_i.g_rf_flops\[8\].rf_reg_q\[31\]$_DFFE_PN0P_/D
     450* |       1 |     219 |       57 |      9 |    69 |    +0.9% |   -0.425 |     -565.8 |     -138.3 |    881 | u.u_ibex.gen_regfile_ff.register_file_i.g_rf_flops\[8\].rf_reg_q\[31\]$_DFFE_PN0P_/D
     460* |       1 |     228 |       57 |      9 |    70 |    +1.0% |   -0.425 |     -565.7 |     -132.5 |    881 | u.u_ibex.gen_regfile_ff.register_file_i.g_rf_flops\[8\].rf_reg_q\[31\]$_DFFE_PN0P_/D
     470* |       1 |     233 |       61 |      9 |    74 |    +1.0% |   -0.413 |     -565.1 |     -119.7 |    881 | u.u_ibex.gen_regfile_ff.register_file_i.g_rf_flops\[8\].rf_reg_q\[31\]$_DFFE_PN0P_/D
     480* |       2 |     240 |       62 |     10 |    74 |    +1.0% |   -0.417 |     -565.1 |     -119.2 |    881 | u.u_ibex.gen_regfile_ff.register_file_i.g_rf_flops\[8\].rf_reg_q\[31\]$_DFFE_PN0P_/D
     490* |       2 |     250 |       62 |     10 |    74 |    +1.0% |   -0.417 |     -565.1 |     -118.8 |    881 | u.u_ibex.gen_regfile_ff.register_file_i.g_rf_flops\[8\].rf_reg_q\[31\]$_DFFE_PN0P_/D
     500* |       2 |     259 |       63 |     10 |    74 |    +1.1% |   -0.417 |     -565.1 |     -116.4 |    881 | u.u_ibex.gen_regfile_ff.register_file_i.g_rf_flops\[8\].rf_reg_q\[31\]$_DFFE_PN0P_/D
     510* |       2 |     262 |       63 |     10 |    81 |    +1.1% |   -0.417 |     -565.2 |     -125.9 |    881 | u.u_ibex.gen_regfile_ff.register_file_i.g_rf_flops\[8\].rf_reg_q\[31\]$_DFFE_PN0P_/D
     520* |       2 |     267 |       63 |     10 |    86 |    +1.1% |   -0.417 |     -565.0 |     -112.6 |    881 | u.u_ibex.gen_regfile_ff.register_file_i.g_rf_flops\[8\].rf_reg_q\[31\]$_DFFE_PN0P_/D
     521* |       1 |     234 |       61 |      9 |    74 |    +1.0% |   -0.413 |     -565.1 |     -119.3 |    881 | u.u_ibex.gen_regfile_ff.register_file_i.g_rf_flops\[8\].rf_reg_q\[31\]$_DFFE_PN0P_/D
     530* |       2 |     240 |       62 |      9 |    74 |    +1.0% |   -0.417 |     -565.1 |     -119.6 |    881 | u.u_ibex.gen_regfile_ff.register_file_i.g_rf_flops\[8\].rf_reg_q\[31\]$_DFFE_PN0P_/D
     540* |       2 |     249 |       62 |     10 |    74 |    +1.0% |   -0.417 |     -565.1 |     -114.7 |    881 | u.u_ibex.gen_regfile_ff.register_file_i.g_rf_flops\[8\].rf_reg_q\[31\]$_DFFE_PN0P_/D
     550* |       2 |     258 |       63 |     10 |    74 |    +1.1% |   -0.417 |     -565.0 |     -115.4 |    881 | u.u_ibex.gen_regfile_ff.register_file_i.g_rf_flops\[8\].rf_reg_q\[31\]$_DFFE_PN0P_/D
     560* |       2 |     267 |       63 |     10 |    75 |    +1.1% |   -0.417 |     -565.0 |     -111.9 |    881 | u.u_ibex.gen_regfile_ff.register_file_i.g_rf_flops\[8\].rf_reg_q\[31\]$_DFFE_PN0P_/D
     570* |       2 |     274 |       64 |     10 |    77 |    +1.1% |   -0.417 |     -565.0 |     -108.5 |    881 | u.u_ibex.gen_regfile_ff.register_file_i.g_rf_flops\[8\].rf_reg_q\[31\]$_DFFE_PN0P_/D
     572* |       1 |     234 |       61 |      9 |    74 |    +1.0% |   -0.413 |     -565.1 |     -119.3 |    881 | u.u_ibex.gen_regfile_ff.register_file_i.g_rf_flops\[8\].rf_reg_q\[31\]$_DFFE_PN0P_/D
     580* |       2 |     240 |       61 |      9 |    74 |    +1.0% |   -0.417 |     -565.1 |     -119.2 |    881 | u.u_ibex.gen_regfile_ff.register_file_i.g_rf_flops\[8\].rf_reg_q\[31\]$_DFFE_PN0P_/D
     590* |       2 |     248 |       62 |     10 |    74 |    +1.0% |   -0.417 |     -565.1 |     -114.9 |    881 | u.u_ibex.gen_regfile_ff.register_file_i.g_rf_flops\[8\].rf_reg_q\[31\]$_DFFE_PN0P_/D
     600* |       2 |     257 |       63 |     10 |    74 |    +1.1% |   -0.417 |     -565.0 |     -115.4 |    881 | u.u_ibex.gen_regfile_ff.register_file_i.g_rf_flops\[8\].rf_reg_q\[31\]$_DFFE_PN0P_/D
     610* |       2 |     266 |       63 |     10 |    75 |    +1.1% |   -0.419 |     -565.0 |     -112.3 |    881 | u.u_ibex.gen_regfile_ff.register_file_i.g_rf_flops\[8\].rf_reg_q\[31\]$_DFFE_PN0P_/D
     620* |       2 |     274 |       63 |     11 |    76 |    +1.1% |   -0.427 |     -565.0 |     -116.1 |    881 | u.u_ibex.gen_regfile_ff.register_file_i.g_rf_flops\[8\].rf_reg_q\[31\]$_DFFE_PN0P_/D
     623* |       1 |     234 |       61 |      9 |    74 |    +1.0% |   -0.413 |     -565.1 |     -119.3 |    881 | u.u_ibex.gen_regfile_ff.register_file_i.g_rf_flops\[8\].rf_reg_q\[31\]$_DFFE_PN0P_/D
     624* |       1 |     234 |       61 |      9 |    74 |    +1.0% |   -0.413 |     -565.1 |     -119.3 |    881 | u.u_ibex.gen_regfile_ff.register_file_i.g_rf_flops\[8\].rf_reg_q\[31\]$_DFFE_PN0P_/D
     625* |       1 |     234 |       61 |      9 |    74 |    +1.0% |   -0.413 |     -565.1 |     -119.3 |    881 | u.u_ibex.gen_regfile_ff.register_file_i.g_rf_flops\[8\].rf_reg_q\[31\]$_DFFE_PN0P_/D
     626* |       1 |     234 |       61 |      9 |    74 |    +1.0% |   -0.413 |     -565.1 |     -119.3 |    881 | u.u_ibex.gen_regfile_ff.register_file_i.g_rf_flops\[8\].rf_reg_q\[31\]$_DFFE_PN0P_/D
     627* |       1 |     234 |       61 |      9 |    74 |    +1.0% |   -0.413 |     -565.1 |     -119.3 |    881 | u.u_ibex.gen_regfile_ff.register_file_i.g_rf_flops\[8\].rf_reg_q\[31\]$_DFFE_PN0P_/D
     628* |       1 |     234 |       61 |      9 |    74 |    +1.0% |   -0.413 |     -565.1 |     -119.3 |    881 | u.u_ibex.gen_regfile_ff.register_file_i.g_rf_flops\[8\].rf_reg_q\[31\]$_DFFE_PN0P_/D
     629* |       1 |     234 |       61 |      9 |    74 |    +1.0% |   -0.413 |     -565.1 |     -119.3 |    881 | u.u_ibex.gen_regfile_ff.register_file_i.g_rf_flops\[8\].rf_reg_q\[31\]$_DFFE_PN0P_/D
     630* |       1 |     234 |       61 |      9 |    74 |    +1.0% |   -0.413 |     -565.1 |     -119.3 |    881 | u.u_ibex.gen_regfile_ff.register_file_i.g_rf_flops\[8\].rf_reg_q\[31\]$_DFFE_PN0P_/D
     640* |       2 |     241 |       62 |     10 |    74 |    +1.0% |   -0.417 |     -565.1 |     -119.1 |    881 | u.u_ibex.gen_regfile_ff.register_file_i.g_rf_flops\[8\].rf_reg_q\[31\]$_DFFE_PN0P_/D
     650* |       2 |     251 |       62 |     10 |    74 |    +1.0% |   -0.417 |     -565.1 |     -115.7 |    881 | u.u_ibex.gen_regfile_ff.register_file_i.g_rf_flops\[8\].rf_reg_q\[31\]$_DFFE_PN0P_/D
     660* |       2 |     260 |       63 |     10 |    74 |    +1.1% |   -0.417 |     -565.1 |     -116.4 |    881 | u.u_ibex.gen_regfile_ff.register_file_i.g_rf_flops\[8\].rf_reg_q\[31\]$_DFFE_PN0P_/D
     670* |       2 |     270 |       63 |     10 |    74 |    +1.1% |   -0.419 |     -565.0 |     -110.3 |    881 | u.u_ibex.gen_regfile_ff.register_file_i.g_rf_flops\[8\].rf_reg_q\[31\]$_DFFE_PN0P_/D
     680* |       2 |     279 |       63 |     10 |    75 |    +1.1% |   -0.419 |     -565.1 |     -109.8 |    881 | u.u_ibex.gen_regfile_ff.register_file_i.g_rf_flops\[8\].rf_reg_q\[31\]$_DFFE_PN0P_/D
     680* |       1 |     234 |       61 |      9 |    74 |    +1.0% |   -0.413 |     -565.1 |     -119.3 |    881 | u.u_ibex.gen_regfile_ff.register_file_i.g_rf_flops\[8\].rf_reg_q\[31\]$_DFFE_PN0P_/D
     690* |       2 |     240 |       62 |     10 |    74 |    +1.0% |   -0.417 |     -565.1 |     -119.2 |    881 | u.u_ibex.gen_regfile_ff.register_file_i.g_rf_flops\[8\].rf_reg_q\[31\]$_DFFE_PN0P_/D
     700* |       2 |     250 |       62 |     10 |    74 |    +1.0% |   -0.417 |     -565.1 |     -118.8 |    881 | u.u_ibex.gen_regfile_ff.register_file_i.g_rf_flops\[8\].rf_reg_q\[31\]$_DFFE_PN0P_/D
     710* |       2 |     259 |       63 |     10 |    74 |    +1.1% |   -0.417 |     -565.1 |     -116.4 |    881 | u.u_ibex.gen_regfile_ff.register_file_i.g_rf_flops\[8\].rf_reg_q\[31\]$_DFFE_PN0P_/D
     720* |       2 |     269 |       63 |     10 |    74 |    +1.1% |   -0.419 |     -565.0 |     -111.7 |    881 | u.u_ibex.gen_regfile_ff.register_file_i.g_rf_flops\[8\].rf_reg_q\[31\]$_DFFE_PN0P_/D
     730* |       2 |     279 |       63 |     10 |    74 |    +1.1% |   -0.419 |     -565.1 |     -109.8 |    881 | u.u_ibex.gen_regfile_ff.register_file_i.g_rf_flops\[8\].rf_reg_q\[31\]$_DFFE_PN0P_/D
     731* |       1 |     234 |       61 |      9 |    74 |    +1.0% |   -0.413 |     -565.1 |     -119.3 |    881 | u.u_ibex.gen_regfile_ff.register_file_i.g_rf_flops\[8\].rf_reg_q\[31\]$_DFFE_PN0P_/D
     740* |       2 |     240 |       62 |      9 |    74 |    +1.0% |   -0.417 |     -565.1 |     -119.6 |    881 | u.u_ibex.gen_regfile_ff.register_file_i.g_rf_flops\[8\].rf_reg_q\[31\]$_DFFE_PN0P_/D
     750* |       2 |     249 |       62 |     10 |    74 |    +1.0% |   -0.417 |     -565.1 |     -114.7 |    881 | u.u_ibex.gen_regfile_ff.register_file_i.g_rf_flops\[8\].rf_reg_q\[31\]$_DFFE_PN0P_/D
     760* |       2 |     258 |       63 |     10 |    74 |    +1.1% |   -0.417 |     -565.0 |     -115.4 |    881 | u.u_ibex.gen_regfile_ff.register_file_i.g_rf_flops\[8\].rf_reg_q\[31\]$_DFFE_PN0P_/D
     770* |       2 |     268 |       63 |     10 |    74 |    +1.1% |   -0.419 |     -565.0 |     -111.7 |    881 | u.u_ibex.gen_regfile_ff.register_file_i.g_rf_flops\[8\].rf_reg_q\[31\]$_DFFE_PN0P_/D
     780* |       2 |     278 |       63 |     10 |    74 |    +1.1% |   -0.419 |     -565.1 |     -110.0 |    881 | u.u_ibex.gen_regfile_ff.register_file_i.g_rf_flops\[8\].rf_reg_q\[31\]$_DFFE_PN0P_/D
     782* |       1 |     234 |       61 |      9 |    74 |    +1.0% |   -0.413 |     -565.1 |     -119.3 |    881 | u.u_ibex.gen_regfile_ff.register_file_i.g_rf_flops\[8\].rf_reg_q\[31\]$_DFFE_PN0P_/D
     790* |       2 |     240 |       61 |      9 |    74 |    +1.0% |   -0.417 |     -565.1 |     -119.2 |    881 | u.u_ibex.gen_regfile_ff.register_file_i.g_rf_flops\[8\].rf_reg_q\[31\]$_DFFE_PN0P_/D
     800* |       2 |     248 |       62 |     10 |    74 |    +1.0% |   -0.417 |     -565.1 |     -114.8 |    881 | u.u_ibex.gen_regfile_ff.register_file_i.g_rf_flops\[8\].rf_reg_q\[31\]$_DFFE_PN0P_/D
     810* |       2 |     257 |       63 |     10 |    74 |    +1.1% |   -0.417 |     -565.0 |     -115.4 |    881 | u.u_ibex.gen_regfile_ff.register_file_i.g_rf_flops\[8\].rf_reg_q\[31\]$_DFFE_PN0P_/D
     820* |       2 |     267 |       63 |     10 |    74 |    +1.1% |   -0.417 |     -565.0 |     -111.5 |    881 | u.u_ibex.gen_regfile_ff.register_file_i.g_rf_flops\[8\].rf_reg_q\[31\]$_DFFE_PN0P_/D
     830* |       2 |     277 |       63 |     10 |    74 |    +1.1% |   -0.419 |     -565.0 |     -108.9 |    881 | u.u_ibex.gen_regfile_ff.register_file_i.g_rf_flops\[8\].rf_reg_q\[31\]$_DFFE_PN0P_/D
     833* |       1 |     234 |       61 |      9 |    74 |    +1.0% |   -0.413 |     -565.1 |     -119.3 |    881 | u.u_ibex.gen_regfile_ff.register_file_i.g_rf_flops\[8\].rf_reg_q\[31\]$_DFFE_PN0P_/D
     840* |       1 |     240 |       61 |      9 |    74 |    +1.0% |   -0.417 |     -565.1 |     -119.2 |    881 | u.u_ibex.gen_regfile_ff.register_file_i.g_rf_flops\[8\].rf_reg_q\[31\]$_DFFE_PN0P_/D
     850* |       2 |     247 |       62 |     10 |    74 |    +1.0% |   -0.417 |     -565.1 |     -116.6 |    881 | u.u_ibex.gen_regfile_ff.register_file_i.g_rf_flops\[8\].rf_reg_q\[31\]$_DFFE_PN0P_/D
     860* |       2 |     256 |       63 |     10 |    74 |    +1.1% |   -0.417 |     -565.0 |     -116.0 |    881 | u.u_ibex.gen_regfile_ff.register_file_i.g_rf_flops\[8\].rf_reg_q\[31\]$_DFFE_PN0P_/D
     870* |       2 |     266 |       63 |     10 |    74 |    +1.1% |   -0.417 |     -565.0 |     -111.9 |    881 | u.u_ibex.gen_regfile_ff.register_file_i.g_rf_flops\[8\].rf_reg_q\[31\]$_DFFE_PN0P_/D
     880* |       2 |     276 |       63 |     10 |    74 |    +1.1% |   -0.419 |     -565.0 |     -108.8 |    881 | u.u_ibex.gen_regfile_ff.register_file_i.g_rf_flops\[8\].rf_reg_q\[31\]$_DFFE_PN0P_/D
     884* |       1 |     234 |       61 |      9 |    74 |    +1.0% |   -0.413 |     -565.1 |     -119.3 |    881 | u.u_ibex.gen_regfile_ff.register_file_i.g_rf_flops\[8\].rf_reg_q\[31\]$_DFFE_PN0P_/D
     890* |       1 |     239 |       61 |      9 |    74 |    +1.0% |   -0.417 |     -565.1 |     -119.2 |    881 | u.u_ibex.gen_regfile_ff.register_file_i.g_rf_flops\[8\].rf_reg_q\[31\]$_DFFE_PN0P_/D
     900* |       2 |     246 |       62 |     10 |    74 |    +1.0% |   -0.417 |     -565.1 |     -119.0 |    881 | u.u_ibex.gen_regfile_ff.register_file_i.g_rf_flops\[8\].rf_reg_q\[31\]$_DFFE_PN0P_/D
     910* |       2 |     255 |       63 |     10 |    74 |    +1.1% |   -0.417 |     -565.0 |     -115.5 |    881 | u.u_ibex.gen_regfile_ff.register_file_i.g_rf_flops\[8\].rf_reg_q\[31\]$_DFFE_PN0P_/D
     920* |       2 |     265 |       63 |     10 |    74 |    +1.1% |   -0.417 |     -565.0 |     -112.0 |    881 | u.u_ibex.gen_regfile_ff.register_file_i.g_rf_flops\[8\].rf_reg_q\[31\]$_DFFE_PN0P_/D
     930* |       2 |     275 |       63 |     10 |    74 |    +1.1% |   -0.419 |     -565.0 |     -109.1 |    881 | u.u_ibex.gen_regfile_ff.register_file_i.g_rf_flops\[8\].rf_reg_q\[31\]$_DFFE_PN0P_/D
     935* |       1 |     234 |       61 |      9 |    74 |    +1.0% |   -0.413 |     -565.1 |     -119.3 |    881 | u.u_ibex.gen_regfile_ff.register_file_i.g_rf_flops\[8\].rf_reg_q\[31\]$_DFFE_PN0P_/D
     940* |       1 |     238 |       61 |      9 |    74 |    +1.0% |   -0.414 |     -565.1 |     -118.6 |    881 | u.u_ibex.gen_regfile_ff.register_file_i.g_rf_flops\[8\].rf_reg_q\[31\]$_DFFE_PN0P_/D
     950* |       2 |     245 |       62 |     10 |    74 |    +1.0% |   -0.417 |     -565.1 |     -120.6 |    881 | u.u_ibex.gen_regfile_ff.register_file_i.g_rf_flops\[8\].rf_reg_q\[31\]$_DFFE_PN0P_/D
     960* |       2 |     255 |       62 |     10 |    74 |    +1.1% |   -0.417 |     -565.1 |     -115.3 |    881 | u.u_ibex.gen_regfile_ff.register_file_i.g_rf_flops\[8\].rf_reg_q\[31\]$_DFFE_PN0P_/D
     970* |       2 |     264 |       63 |     10 |    74 |    +1.1% |   -0.417 |     -565.0 |     -112.4 |    881 | u.u_ibex.gen_regfile_ff.register_file_i.g_rf_flops\[8\].rf_reg_q\[31\]$_DFFE_PN0P_/D
     980* |       2 |     274 |       63 |     10 |    74 |    +1.1% |   -0.419 |     -565.0 |     -108.9 |    881 | u.u_ibex.gen_regfile_ff.register_file_i.g_rf_flops\[8\].rf_reg_q\[31\]$_DFFE_PN0P_/D
     986* |       1 |     234 |       61 |      9 |    74 |    +1.0% |   -0.413 |     -565.1 |     -119.3 |    881 | u.u_ibex.gen_regfile_ff.register_file_i.g_rf_flops\[8\].rf_reg_q\[31\]$_DFFE_PN0P_/D
     990* |       1 |     237 |       61 |      9 |    74 |    +1.0% |   -0.414 |     -565.1 |     -118.6 |    881 | u.u_ibex.gen_regfile_ff.register_file_i.g_rf_flops\[8\].rf_reg_q\[31\]$_DFFE_PN0P_/D
    1000* |       2 |     244 |       62 |     10 |    74 |    +1.0% |   -0.417 |     -565.1 |     -121.7 |    881 | u.u_ibex.gen_regfile_ff.register_file_i.g_rf_flops\[8\].rf_reg_q\[31\]$_DFFE_PN0P_/D
    1010* |       2 |     254 |       62 |     10 |    74 |    +1.1% |   -0.417 |     -565.1 |     -115.3 |    881 | u.u_ibex.gen_regfile_ff.register_file_i.g_rf_flops\[8\].rf_reg_q\[31\]$_DFFE_PN0P_/D
    1020* |       2 |     263 |       63 |     10 |    74 |    +1.1% |   -0.417 |     -565.0 |     -112.0 |    881 | u.u_ibex.gen_regfile_ff.register_file_i.g_rf_flops\[8\].rf_reg_q\[31\]$_DFFE_PN0P_/D
    1030* |       2 |     273 |       63 |     10 |    74 |    +1.1% |   -0.419 |     -565.0 |     -109.3 |    881 | u.u_ibex.gen_regfile_ff.register_file_i.g_rf_flops\[8\].rf_reg_q\[31\]$_DFFE_PN0P_/D
    1037* |       1 |     234 |       61 |      9 |    74 |    +1.0% |   -0.413 |     -565.1 |     -119.3 |    881 | u.u_ibex.gen_regfile_ff.register_file_i.g_rf_flops\[8\].rf_reg_q\[31\]$_DFFE_PN0P_/D
    1040* |       1 |     236 |       61 |      9 |    74 |    +1.0% |   -0.414 |     -565.1 |     -119.0 |    881 | u.u_ibex.gen_regfile_ff.register_file_i.g_rf_flops\[8\].rf_reg_q\[31\]$_DFFE_PN0P_/D
    1050* |       2 |     243 |       62 |     10 |    74 |    +1.0% |   -0.417 |     -565.1 |     -119.1 |    881 | u.u_ibex.gen_regfile_ff.register_file_i.g_rf_flops\[8\].rf_reg_q\[31\]$_DFFE_PN0P_/D
    1060* |       2 |     253 |       62 |     10 |    74 |    +1.1% |   -0.417 |     -565.1 |     -115.5 |    881 | u.u_ibex.gen_regfile_ff.register_file_i.g_rf_flops\[8\].rf_reg_q\[31\]$_DFFE_PN0P_/D
    1070* |       2 |     262 |       63 |     10 |    74 |    +1.1% |   -0.417 |     -565.0 |     -112.1 |    881 | u.u_ibex.gen_regfile_ff.register_file_i.g_rf_flops\[8\].rf_reg_q\[31\]$_DFFE_PN0P_/D
    1080* |       2 |     272 |       63 |     10 |    74 |    +1.1% |   -0.419 |     -565.0 |     -110.2 |    881 | u.u_ibex.gen_regfile_ff.register_file_i.g_rf_flops\[8\].rf_reg_q\[31\]$_DFFE_PN0P_/D
    1088* |       1 |     234 |       61 |      9 |    74 |    +1.0% |   -0.413 |     -565.1 |     -119.3 |    881 | u.u_ibex.gen_regfile_ff.register_file_i.g_rf_flops\[8\].rf_reg_q\[31\]$_DFFE_PN0P_/D
    1090* |       1 |     235 |       61 |      9 |    74 |    +1.0% |   -0.414 |     -565.1 |     -119.0 |    881 | u.u_ibex.gen_regfile_ff.register_file_i.g_rf_flops\[8\].rf_reg_q\[31\]$_DFFE_PN0P_/D
    1100* |       2 |     242 |       62 |     10 |    74 |    +1.0% |   -0.417 |     -565.1 |     -119.1 |    881 | u.u_ibex.gen_regfile_ff.register_file_i.g_rf_flops\[8\].rf_reg_q\[31\]$_DFFE_PN0P_/D
    1110* |       2 |     252 |       62 |     10 |    74 |    +1.0% |   -0.417 |     -565.1 |     -115.6 |    881 | u.u_ibex.gen_regfile_ff.register_file_i.g_rf_flops\[8\].rf_reg_q\[31\]$_DFFE_PN0P_/D
    1120* |       2 |     261 |       63 |     10 |    74 |    +1.1% |   -0.417 |     -565.0 |     -112.2 |    881 | u.u_ibex.gen_regfile_ff.register_file_i.g_rf_flops\[8\].rf_reg_q\[31\]$_DFFE_PN0P_/D
    1130* |       2 |     271 |       63 |     10 |    74 |    +1.1% |   -0.419 |     -565.0 |     -110.7 |    881 | u.u_ibex.gen_regfile_ff.register_file_i.g_rf_flops\[8\].rf_reg_q\[31\]$_DFFE_PN0P_/D
    1139* |       1 |     234 |       61 |      9 |    74 |    +1.0% |   -0.413 |     -565.1 |     -119.3 |    881 | u.u_ibex.gen_regfile_ff.register_file_i.g_rf_flops\[8\].rf_reg_q\[31\]$_DFFE_PN0P_/D
    1140* |       1 |     234 |       61 |      9 |    74 |    +1.0% |   -0.413 |     -565.1 |     -119.3 |    881 | u.u_ibex.gen_regfile_ff.register_file_i.g_rf_flops\[8\].rf_reg_q\[31\]$_DFFE_PN0P_/D
    1150* |       2 |     241 |       62 |     10 |    74 |    +1.0% |   -0.417 |     -565.1 |     -119.1 |    881 | u.u_ibex.gen_regfile_ff.register_file_i.g_rf_flops\[8\].rf_reg_q\[31\]$_DFFE_PN0P_/D
    1160* |       2 |     251 |       62 |     10 |    74 |    +1.0% |   -0.417 |     -565.1 |     -115.7 |    881 | u.u_ibex.gen_regfile_ff.register_file_i.g_rf_flops\[8\].rf_reg_q\[31\]$_DFFE_PN0P_/D
    1170* |       2 |     260 |       63 |     10 |    74 |    +1.1% |   -0.417 |     -565.1 |     -116.4 |    881 | u.u_ibex.gen_regfile_ff.register_file_i.g_rf_flops\[8\].rf_reg_q\[31\]$_DFFE_PN0P_/D
    1180* |       2 |     270 |       63 |     10 |    74 |    +1.1% |   -0.419 |     -565.0 |     -110.3 |    881 | u.u_ibex.gen_regfile_ff.register_file_i.g_rf_flops\[8\].rf_reg_q\[31\]$_DFFE_PN0P_/D
    1190* |       2 |     280 |       63 |     10 |    74 |    +1.1% |   -0.419 |     -565.1 |     -112.6 |    881 | u.u_ibex.gen_regfile_ff.register_file_i.g_rf_flops\[8\].rf_reg_q\[31\]$_DFFE_PN0P_/D
    1190* |       1 |     234 |       61 |      9 |    74 |    +1.0% |   -0.413 |     -565.1 |     -119.3 |    881 | u.u_ibex.gen_regfile_ff.register_file_i.g_rf_flops\[8\].rf_reg_q\[31\]$_DFFE_PN0P_/D
    1200* |       2 |     240 |       62 |     10 |    74 |    +1.0% |   -0.417 |     -565.1 |     -119.2 |    881 | u.u_ibex.gen_regfile_ff.register_file_i.g_rf_flops\[8\].rf_reg_q\[31\]$_DFFE_PN0P_/D
    1200* |       1 |     234 |       61 |      9 |    74 |    +1.0% |   -0.413 |     -565.1 |     -119.3 |    881 | u.u_ibex.gen_regfile_ff.register_file_i.g_rf_flops\[8\].rf_reg_q\[31\]$_DFFE_PN0P_/D
    1210* |       1 |     238 |       63 |     10 |    76 |    +1.0% |   -0.424 |     -565.6 |     -125.9 |    881 | u.u_ibex.gen_regfile_ff.register_file_i.g_rf_flops\[8\].rf_reg_q\[31\]$_DFFE_PN0P_/D
    1220* |       1 |     243 |       63 |     10 |    81 |    +1.0% |   -0.556 |     -565.0 |     -164.9 |    881 | u.u_ibex.gen_regfile_ff.register_file_i.g_rf_flops\[8\].rf_reg_q\[31\]$_DFFE_PN0P_/D
    1230* |       1 |     250 |       65 |     11 |    81 |    +1.1% |   -0.536 |     -564.6 |     -236.5 |    881 | u.u_ibex.gen_regfile_ff.register_file_i.g_rf_flops\[23\].rf_reg_q\[24\]$_DFFE_PN0P_/D
    1240* |       1 |     257 |       66 |     11 |    83 |    +1.1% |   -0.397 |     -564.4 |     -132.1 |    881 | u.u_ibex.gen_regfile_ff.register_file_i.g_rf_flops\[16\].rf_reg_q\[30\]$_DFFE_PN0P_/D
    1250* |       1 |     266 |       66 |     11 |    84 |    +1.1% |   -0.395 |     -564.4 |     -123.5 |    881 | u.u_ibex.gen_regfile_ff.register_file_i.g_rf_flops\[23\].rf_reg_q\[24\]$_DFFE_PN0P_/D
    1260* |       1 |     274 |       66 |     11 |    86 |    +1.1% |   -0.395 |     -564.4 |     -124.6 |    881 | u.u_ibex.gen_regfile_ff.register_file_i.g_rf_flops\[23\].rf_reg_q\[24\]$_DFFE_PN0P_/D
    1270* |       1 |     279 |       68 |     12 |    88 |    +1.2% |   -0.395 |     -564.4 |     -121.5 |    881 | u.u_ibex.gen_regfile_ff.register_file_i.g_rf_flops\[23\].rf_reg_q\[24\]$_DFFE_PN0P_/D
    1279* |       1 |     250 |       65 |     10 |    81 |    +1.1% |   -0.383 |     -564.5 |     -118.7 |    881 | u.u_ibex.gen_regfile_ff.register_file_i.g_rf_flops\[16\].rf_reg_q\[30\]$_DFFE_PN0P_/D
    1280* |       1 |     250 |       65 |     10 |    81 |    +1.1% |   -0.383 |     -564.5 |     -118.7 |    881 | u.u_ibex.gen_regfile_ff.register_file_i.g_rf_flops\[16\].rf_reg_q\[30\]$_DFFE_PN0P_/D
    1290* |       1 |     258 |       66 |     11 |    81 |    +1.1% |   -0.397 |     -564.4 |     -133.2 |    881 | u.u_ibex.gen_regfile_ff.register_file_i.g_rf_flops\[16\].rf_reg_q\[30\]$_DFFE_PN0P_/D
    1300* |       1 |     268 |       66 |     11 |    81 |    +1.1% |   -0.395 |     -564.4 |     -124.1 |    881 | u.u_ibex.gen_regfile_ff.register_file_i.g_rf_flops\[23\].rf_reg_q\[24\]$_DFFE_PN0P_/D
    1300* |       1 |     250 |       65 |     10 |    81 |    +1.1% |   -0.383 |     -564.5 |     -118.7 |    881 | u.u_ibex.gen_regfile_ff.register_file_i.g_rf_flops\[16\].rf_reg_q\[30\]$_DFFE_PN0P_/D
    1300* |       1 |     250 |       65 |     10 |    81 |    +1.1% |   -0.383 |     -564.5 |     -118.7 |    881 | u.u_ibex.gen_regfile_ff.register_file_i.g_rf_flops\[16\].rf_reg_q\[30\]$_DFFE_PN0P_/D
    1300+ |       1 |     250 |       65 |     10 |    81 |    +1.1% |   -0.383 |     -564.5 |     -118.7 |    670 | u.u_ibex.gen_regfile_ff.register_file_i.g_rf_flops\[16\].rf_reg_q\[30\]$_DFFE_PN0P_/D
    1306+ |       1 |     255 |       65 |     10 |    81 |    +1.1% |   -0.354 |     -564.2 |     -112.8 |    670 | u.u_ibex.gen_regfile_ff.register_file_i.g_rf_flops\[16\].rf_reg_q\[30\]$_DFFE_PN0P_/D
    1307+ |       1 |     255 |       65 |     10 |    81 |    +1.1% |   -0.354 |     -564.2 |     -112.8 |    670 | u.u_ibex.gen_regfile_ff.register_file_i.g_rf_flops\[16\].rf_reg_q\[30\]$_DFFE_PN0P_/D
    1309+ |       1 |     256 |       65 |     10 |    81 |    +1.1% |   -0.354 |     -564.2 |     -112.7 |    670 | u.u_ibex.gen_regfile_ff.register_file_i.g_rf_flops\[16\].rf_reg_q\[30\]$_DFFE_PN0P_/D
    1310+ |       1 |     256 |       65 |     10 |    81 |    +1.1% |   -0.354 |     -564.2 |     -112.7 |    670 | u.u_ibex.gen_regfile_ff.register_file_i.g_rf_flops\[16\].rf_reg_q\[30\]$_DFFE_PN0P_/D
    1310+ |       1 |     256 |       65 |     10 |    81 |    +1.1% |   -0.354 |     -564.2 |     -112.7 |    670 | u.u_ibex.gen_regfile_ff.register_file_i.g_rf_flops\[16\].rf_reg_q\[30\]$_DFFE_PN0P_/D
    1311+ |       1 |     256 |       65 |     10 |    81 |    +1.1% |   -0.354 |     -564.2 |     -112.7 |    670 | u.u_ibex.gen_regfile_ff.register_file_i.g_rf_flops\[16\].rf_reg_q\[30\]$_DFFE_PN0P_/D
    1312+ |       1 |     256 |       65 |     10 |    81 |    +1.1% |   -0.354 |     -564.2 |     -112.7 |    670 | u.u_ibex.gen_regfile_ff.register_file_i.g_rf_flops\[16\].rf_reg_q\[30\]$_DFFE_PN0P_/D
    1313+ |       1 |     256 |       65 |     10 |    81 |    +1.1% |   -0.354 |     -564.2 |     -112.7 |    670 | u.u_ibex.gen_regfile_ff.register_file_i.g_rf_flops\[16\].rf_reg_q\[30\]$_DFFE_PN0P_/D
    1314+ |       1 |     256 |       65 |     10 |    81 |    +1.1% |   -0.354 |     -564.2 |     -112.7 |    670 | u.u_ibex.gen_regfile_ff.register_file_i.g_rf_flops\[16\].rf_reg_q\[30\]$_DFFE_PN0P_/D
    1315+ |       1 |     256 |       65 |     10 |    81 |    +1.1% |   -0.354 |     -564.2 |     -112.7 |    670 | u.u_ibex.gen_regfile_ff.register_file_i.g_rf_flops\[16\].rf_reg_q\[30\]$_DFFE_PN0P_/D
    1316+ |       1 |     256 |       65 |     10 |    81 |    +1.1% |   -0.354 |     -564.2 |     -112.7 |    670 | u.u_ibex.gen_regfile_ff.register_file_i.g_rf_flops\[16\].rf_reg_q\[30\]$_DFFE_PN0P_/D
    1317+ |       1 |     256 |       65 |     10 |    81 |    +1.1% |   -0.354 |     -564.2 |     -112.7 |    670 | u.u_ibex.gen_regfile_ff.register_file_i.g_rf_flops\[16\].rf_reg_q\[30\]$_DFFE_PN0P_/D
    1318+ |       1 |     256 |       65 |     10 |    81 |    +1.1% |   -0.354 |     -564.2 |     -112.7 |    670 | u.u_ibex.gen_regfile_ff.register_file_i.g_rf_flops\[16\].rf_reg_q\[30\]$_DFFE_PN0P_/D
    1319+ |       1 |     256 |       65 |     10 |    81 |    +1.1% |   -0.354 |     -564.2 |     -112.7 |    670 | u.u_ibex.gen_regfile_ff.register_file_i.g_rf_flops\[16\].rf_reg_q\[30\]$_DFFE_PN0P_/D
    1320+ |       1 |     256 |       65 |     10 |    81 |    +1.1% |   -0.354 |     -564.2 |     -112.7 |    670 | u.u_ibex.gen_regfile_ff.register_file_i.g_rf_flops\[16\].rf_reg_q\[30\]$_DFFE_PN0P_/D
    1320+ |       1 |     256 |       65 |     10 |    81 |    +1.1% |   -0.354 |     -564.2 |     -112.7 |    670 | u.u_ibex.gen_regfile_ff.register_file_i.g_rf_flops\[16\].rf_reg_q\[30\]$_DFFE_PN0P_/D
    1321+ |       1 |     256 |       65 |     10 |    81 |    +1.1% |   -0.354 |     -564.2 |     -112.7 |    670 | u.u_ibex.gen_regfile_ff.register_file_i.g_rf_flops\[16\].rf_reg_q\[30\]$_DFFE_PN0P_/D
    1322+ |       1 |     256 |       65 |     10 |    81 |    +1.1% |   -0.354 |     -564.2 |     -112.7 |    670 | u.u_ibex.gen_regfile_ff.register_file_i.g_rf_flops\[16\].rf_reg_q\[30\]$_DFFE_PN0P_/D
    1323+ |       1 |     256 |       65 |     10 |    81 |    +1.1% |   -0.354 |     -564.2 |     -112.7 |    670 | u.u_ibex.gen_regfile_ff.register_file_i.g_rf_flops\[16\].rf_reg_q\[30\]$_DFFE_PN0P_/D
    1324+ |       1 |     256 |       65 |     10 |    81 |    +1.1% |   -0.354 |     -564.2 |     -112.7 |    670 | u.u_ibex.gen_regfile_ff.register_file_i.g_rf_flops\[16\].rf_reg_q\[30\]$_DFFE_PN0P_/D
    1325+ |       1 |     256 |       65 |     10 |    81 |    +1.1% |   -0.354 |     -564.2 |     -112.7 |    670 | u.u_ibex.gen_regfile_ff.register_file_i.g_rf_flops\[16\].rf_reg_q\[30\]$_DFFE_PN0P_/D
    1326+ |       1 |     256 |       65 |     10 |    81 |    +1.1% |   -0.354 |     -564.2 |     -112.7 |    670 | u.u_ibex.gen_regfile_ff.register_file_i.g_rf_flops\[16\].rf_reg_q\[30\]$_DFFE_PN0P_/D
    1327+ |       1 |     256 |       65 |     10 |    81 |    +1.1% |   -0.354 |     -564.2 |     -112.7 |    670 | u.u_ibex.gen_regfile_ff.register_file_i.g_rf_flops\[16\].rf_reg_q\[30\]$_DFFE_PN0P_/D
    1328+ |       1 |     256 |       65 |     10 |    81 |    +1.1% |   -0.354 |     -564.2 |     -112.7 |    670 | u.u_ibex.gen_regfile_ff.register_file_i.g_rf_flops\[16\].rf_reg_q\[30\]$_DFFE_PN0P_/D
    1329+ |       1 |     256 |       65 |     10 |    81 |    +1.1% |   -0.354 |     -564.2 |     -112.7 |    670 | u.u_ibex.gen_regfile_ff.register_file_i.g_rf_flops\[16\].rf_reg_q\[30\]$_DFFE_PN0P_/D
    1330+ |       1 |     256 |       65 |     10 |    81 |    +1.1% |   -0.354 |     -564.2 |     -112.7 |    670 | u.u_ibex.gen_regfile_ff.register_file_i.g_rf_flops\[16\].rf_reg_q\[30\]$_DFFE_PN0P_/D
    1330+ |       1 |     256 |       65 |     10 |    81 |    +1.1% |   -0.354 |     -564.2 |     -112.7 |    670 | u.u_ibex.gen_regfile_ff.register_file_i.g_rf_flops\[16\].rf_reg_q\[30\]$_DFFE_PN0P_/D
    1331+ |       1 |     256 |       65 |     10 |    81 |    +1.1% |   -0.354 |     -564.2 |     -112.7 |    670 | u.u_ibex.gen_regfile_ff.register_file_i.g_rf_flops\[16\].rf_reg_q\[30\]$_DFFE_PN0P_/D
    1332+ |       1 |     256 |       65 |     10 |    81 |    +1.1% |   -0.354 |     -564.2 |     -112.7 |    670 | u.u_ibex.gen_regfile_ff.register_file_i.g_rf_flops\[16\].rf_reg_q\[30\]$_DFFE_PN0P_/D
    1333+ |       1 |     256 |       65 |     10 |    81 |    +1.1% |   -0.354 |     -564.2 |     -112.7 |    670 | u.u_ibex.gen_regfile_ff.register_file_i.g_rf_flops\[16\].rf_reg_q\[30\]$_DFFE_PN0P_/D
    1334+ |       1 |     256 |       65 |     10 |    81 |    +1.1% |   -0.354 |     -564.2 |     -112.7 |    670 | u.u_ibex.gen_regfile_ff.register_file_i.g_rf_flops\[16\].rf_reg_q\[30\]$_DFFE_PN0P_/D
    1335+ |       1 |     256 |       65 |     10 |    81 |    +1.1% |   -0.354 |     -564.2 |     -112.7 |    670 | u.u_ibex.gen_regfile_ff.register_file_i.g_rf_flops\[16\].rf_reg_q\[30\]$_DFFE_PN0P_/D
    1336+ |       1 |     256 |       65 |     10 |    81 |    +1.1% |   -0.354 |     -564.2 |     -112.7 |    670 | u.u_ibex.gen_regfile_ff.register_file_i.g_rf_flops\[16\].rf_reg_q\[30\]$_DFFE_PN0P_/D
    1337+ |       1 |     256 |       65 |     10 |    81 |    +1.1% |   -0.354 |     -564.2 |     -112.7 |    670 | u.u_ibex.gen_regfile_ff.register_file_i.g_rf_flops\[16\].rf_reg_q\[30\]$_DFFE_PN0P_/D
    1338+ |       1 |     256 |       65 |     10 |    81 |    +1.1% |   -0.354 |     -564.2 |     -112.7 |    670 | u.u_ibex.gen_regfile_ff.register_file_i.g_rf_flops\[16\].rf_reg_q\[30\]$_DFFE_PN0P_/D
    1339+ |       1 |     256 |       65 |     10 |    81 |    +1.1% |   -0.354 |     -564.2 |     -112.7 |    670 | u.u_ibex.gen_regfile_ff.register_file_i.g_rf_flops\[16\].rf_reg_q\[30\]$_DFFE_PN0P_/D
    1340+ |       1 |     256 |       65 |     10 |    81 |    +1.1% |   -0.354 |     -564.2 |     -112.7 |    670 | u.u_ibex.gen_regfile_ff.register_file_i.g_rf_flops\[16\].rf_reg_q\[30\]$_DFFE_PN0P_/D
    1340+ |       1 |     256 |       65 |     10 |    81 |    +1.1% |   -0.354 |     -564.2 |     -112.7 |    670 | u.u_ibex.gen_regfile_ff.register_file_i.g_rf_flops\[16\].rf_reg_q\[30\]$_DFFE_PN0P_/D
    1341+ |       1 |     256 |       65 |     10 |    81 |    +1.1% |   -0.354 |     -564.2 |     -112.7 |    670 | u.u_ibex.gen_regfile_ff.register_file_i.g_rf_flops\[16\].rf_reg_q\[30\]$_DFFE_PN0P_/D
    1342+ |       1 |     256 |       65 |     10 |    81 |    +1.1% |   -0.354 |     -564.2 |     -112.7 |    670 | u.u_ibex.gen_regfile_ff.register_file_i.g_rf_flops\[16\].rf_reg_q\[30\]$_DFFE_PN0P_/D
    1343+ |       1 |     256 |       65 |     10 |    81 |    +1.1% |   -0.354 |     -564.2 |     -112.7 |    670 | u.u_ibex.gen_regfile_ff.register_file_i.g_rf_flops\[16\].rf_reg_q\[30\]$_DFFE_PN0P_/D
    1344+ |       1 |     256 |       65 |     10 |    81 |    +1.1% |   -0.354 |     -564.2 |     -112.7 |    670 | u.u_ibex.gen_regfile_ff.register_file_i.g_rf_flops\[16\].rf_reg_q\[30\]$_DFFE_PN0P_/D
    1345+ |       1 |     256 |       65 |     10 |    81 |    +1.1% |   -0.354 |     -564.2 |     -112.7 |    670 | u.u_ibex.gen_regfile_ff.register_file_i.g_rf_flops\[16\].rf_reg_q\[30\]$_DFFE_PN0P_/D
    1346+ |       1 |     256 |       65 |     10 |    81 |    +1.1% |   -0.354 |     -564.2 |     -112.7 |    670 | u.u_ibex.gen_regfile_ff.register_file_i.g_rf_flops\[16\].rf_reg_q\[30\]$_DFFE_PN0P_/D
    1347+ |       1 |     256 |       65 |     10 |    81 |    +1.1% |   -0.354 |     -564.2 |     -112.7 |    670 | u.u_ibex.gen_regfile_ff.register_file_i.g_rf_flops\[16\].rf_reg_q\[30\]$_DFFE_PN0P_/D
    1348+ |       1 |     256 |       65 |     10 |    81 |    +1.1% |   -0.354 |     -564.2 |     -112.7 |    670 | u.u_ibex.gen_regfile_ff.register_file_i.g_rf_flops\[16\].rf_reg_q\[30\]$_DFFE_PN0P_/D
    1349+ |       1 |     256 |       65 |     10 |    81 |    +1.1% |   -0.354 |     -564.2 |     -112.7 |    670 | u.u_ibex.gen_regfile_ff.register_file_i.g_rf_flops\[16\].rf_reg_q\[30\]$_DFFE_PN0P_/D
    1350+ |       1 |     256 |       65 |     10 |    81 |    +1.1% |   -0.354 |     -564.2 |     -112.7 |    670 | u.u_ibex.gen_regfile_ff.register_file_i.g_rf_flops\[16\].rf_reg_q\[30\]$_DFFE_PN0P_/D
    1350+ |       1 |     256 |       65 |     10 |    81 |    +1.1% |   -0.354 |     -564.2 |     -112.7 |    670 | u.u_ibex.gen_regfile_ff.register_file_i.g_rf_flops\[16\].rf_reg_q\[30\]$_DFFE_PN0P_/D
    1351+ |       1 |     256 |       65 |     10 |    81 |    +1.1% |   -0.354 |     -564.2 |     -112.7 |    670 | u.u_ibex.gen_regfile_ff.register_file_i.g_rf_flops\[16\].rf_reg_q\[30\]$_DFFE_PN0P_/D
    1352+ |       1 |     256 |       65 |     10 |    81 |    +1.1% |   -0.354 |     -564.2 |     -112.7 |    670 | u.u_ibex.gen_regfile_ff.register_file_i.g_rf_flops\[16\].rf_reg_q\[30\]$_DFFE_PN0P_/D
    1353+ |       1 |     256 |       65 |     10 |    81 |    +1.1% |   -0.354 |     -564.2 |     -112.7 |    670 | u.u_ibex.gen_regfile_ff.register_file_i.g_rf_flops\[16\].rf_reg_q\[30\]$_DFFE_PN0P_/D
    1354+ |       1 |     256 |       65 |     10 |    81 |    +1.1% |   -0.354 |     -564.2 |     -112.7 |    670 | u.u_ibex.gen_regfile_ff.register_file_i.g_rf_flops\[16\].rf_reg_q\[30\]$_DFFE_PN0P_/D
    1355+ |       1 |     256 |       65 |     10 |    81 |    +1.1% |   -0.354 |     -564.2 |     -112.7 |    670 | u.u_ibex.gen_regfile_ff.register_file_i.g_rf_flops\[16\].rf_reg_q\[30\]$_DFFE_PN0P_/D
    1356+ |       1 |     256 |       65 |     10 |    81 |    +1.1% |   -0.354 |     -564.2 |     -112.7 |    670 | u.u_ibex.gen_regfile_ff.register_file_i.g_rf_flops\[16\].rf_reg_q\[30\]$_DFFE_PN0P_/D
    1357+ |       1 |     256 |       65 |     10 |    81 |    +1.1% |   -0.354 |     -564.2 |     -112.7 |    670 | u.u_ibex.gen_regfile_ff.register_file_i.g_rf_flops\[16\].rf_reg_q\[30\]$_DFFE_PN0P_/D
    1358+ |       1 |     256 |       65 |     10 |    81 |    +1.1% |   -0.354 |     -564.2 |     -112.7 |    670 | u.u_ibex.gen_regfile_ff.register_file_i.g_rf_flops\[16\].rf_reg_q\[30\]$_DFFE_PN0P_/D
    1359+ |       1 |     256 |       65 |     10 |    81 |    +1.1% |   -0.354 |     -564.2 |     -112.7 |    670 | u.u_ibex.gen_regfile_ff.register_file_i.g_rf_flops\[16\].rf_reg_q\[30\]$_DFFE_PN0P_/D
    1360+ |       1 |     256 |       65 |     10 |    81 |    +1.1% |   -0.354 |     -564.2 |     -112.7 |    670 | u.u_ibex.gen_regfile_ff.register_file_i.g_rf_flops\[16\].rf_reg_q\[30\]$_DFFE_PN0P_/D
    1360+ |       1 |     256 |       65 |     10 |    81 |    +1.1% |   -0.354 |     -564.2 |     -112.7 |    670 | u.u_ibex.gen_regfile_ff.register_file_i.g_rf_flops\[16\].rf_reg_q\[30\]$_DFFE_PN0P_/D
    1361+ |       1 |     256 |       65 |     10 |    81 |    +1.1% |   -0.354 |     -564.2 |     -112.7 |    670 | u.u_ibex.gen_regfile_ff.register_file_i.g_rf_flops\[16\].rf_reg_q\[30\]$_DFFE_PN0P_/D
    1362+ |       1 |     256 |       65 |     10 |    81 |    +1.1% |   -0.354 |     -564.2 |     -112.7 |    670 | u.u_ibex.gen_regfile_ff.register_file_i.g_rf_flops\[16\].rf_reg_q\[30\]$_DFFE_PN0P_/D
    1363+ |       1 |     256 |       65 |     10 |    81 |    +1.1% |   -0.354 |     -564.2 |     -112.7 |    670 | u.u_ibex.gen_regfile_ff.register_file_i.g_rf_flops\[16\].rf_reg_q\[30\]$_DFFE_PN0P_/D
    1364+ |       1 |     256 |       65 |     10 |    81 |    +1.1% |   -0.354 |     -564.2 |     -112.7 |    670 | u.u_ibex.gen_regfile_ff.register_file_i.g_rf_flops\[16\].rf_reg_q\[30\]$_DFFE_PN0P_/D
    1365+ |       1 |     256 |       65 |     10 |    81 |    +1.1% |   -0.354 |     -564.2 |     -112.7 |    670 | u.u_ibex.gen_regfile_ff.register_file_i.g_rf_flops\[16\].rf_reg_q\[30\]$_DFFE_PN0P_/D
    1366+ |       1 |     256 |       65 |     10 |    81 |    +1.1% |   -0.354 |     -564.2 |     -112.7 |    670 | u.u_ibex.gen_regfile_ff.register_file_i.g_rf_flops\[16\].rf_reg_q\[30\]$_DFFE_PN0P_/D
    1367+ |       1 |     256 |       65 |     10 |    81 |    +1.1% |   -0.354 |     -564.2 |     -112.7 |    670 | u.u_ibex.gen_regfile_ff.register_file_i.g_rf_flops\[16\].rf_reg_q\[30\]$_DFFE_PN0P_/D
    1368+ |       1 |     256 |       65 |     10 |    81 |    +1.1% |   -0.354 |     -564.2 |     -112.7 |    670 | u.u_ibex.gen_regfile_ff.register_file_i.g_rf_flops\[16\].rf_reg_q\[30\]$_DFFE_PN0P_/D
    1369+ |       1 |     256 |       65 |     10 |    81 |    +1.1% |   -0.354 |     -564.2 |     -112.7 |    670 | u.u_ibex.gen_regfile_ff.register_file_i.g_rf_flops\[16\].rf_reg_q\[30\]$_DFFE_PN0P_/D
    1370+ |       1 |     256 |       65 |     10 |    81 |    +1.1% |   -0.354 |     -564.2 |     -112.7 |    670 | u.u_ibex.gen_regfile_ff.register_file_i.g_rf_flops\[16\].rf_reg_q\[30\]$_DFFE_PN0P_/D
    1370+ |       1 |     256 |       65 |     10 |    81 |    +1.1% |   -0.354 |     -564.2 |     -112.7 |    670 | u.u_ibex.gen_regfile_ff.register_file_i.g_rf_flops\[16\].rf_reg_q\[30\]$_DFFE_PN0P_/D
    1371+ |       1 |     256 |       65 |     10 |    81 |    +1.1% |   -0.354 |     -564.2 |     -112.7 |    670 | u.u_ibex.gen_regfile_ff.register_file_i.g_rf_flops\[16\].rf_reg_q\[30\]$_DFFE_PN0P_/D
    1372+ |       1 |     256 |       65 |     10 |    81 |    +1.1% |   -0.354 |     -564.2 |     -112.7 |    670 | u.u_ibex.gen_regfile_ff.register_file_i.g_rf_flops\[16\].rf_reg_q\[30\]$_DFFE_PN0P_/D
    1373+ |       1 |     256 |       65 |     10 |    81 |    +1.1% |   -0.354 |     -564.2 |     -112.7 |    670 | u.u_ibex.gen_regfile_ff.register_file_i.g_rf_flops\[16\].rf_reg_q\[30\]$_DFFE_PN0P_/D
    1374+ |       1 |     256 |       65 |     10 |    81 |    +1.1% |   -0.354 |     -564.2 |     -112.7 |    670 | u.u_ibex.gen_regfile_ff.register_file_i.g_rf_flops\[16\].rf_reg_q\[30\]$_DFFE_PN0P_/D
    1375+ |       1 |     256 |       65 |     10 |    81 |    +1.1% |   -0.354 |     -564.2 |     -112.7 |    670 | u.u_ibex.gen_regfile_ff.register_file_i.g_rf_flops\[16\].rf_reg_q\[30\]$_DFFE_PN0P_/D
    1376+ |       1 |     256 |       65 |     10 |    81 |    +1.1% |   -0.354 |     -564.2 |     -112.7 |    670 | u.u_ibex.gen_regfile_ff.register_file_i.g_rf_flops\[16\].rf_reg_q\[30\]$_DFFE_PN0P_/D
    1377+ |       1 |     256 |       65 |     10 |    81 |    +1.1% |   -0.354 |     -564.2 |     -112.7 |    670 | u.u_ibex.gen_regfile_ff.register_file_i.g_rf_flops\[16\].rf_reg_q\[30\]$_DFFE_PN0P_/D
    1378+ |       1 |     256 |       65 |     10 |    81 |    +1.1% |   -0.354 |     -564.2 |     -112.7 |    670 | u.u_ibex.gen_regfile_ff.register_file_i.g_rf_flops\[16\].rf_reg_q\[30\]$_DFFE_PN0P_/D
    1379+ |       1 |     256 |       65 |     10 |    81 |    +1.1% |   -0.354 |     -564.2 |     -112.7 |    670 | u.u_ibex.gen_regfile_ff.register_file_i.g_rf_flops\[16\].rf_reg_q\[30\]$_DFFE_PN0P_/D
    1380+ |       1 |     256 |       65 |     10 |    81 |    +1.1% |   -0.354 |     -564.2 |     -112.7 |    670 | u.u_ibex.gen_regfile_ff.register_file_i.g_rf_flops\[16\].rf_reg_q\[30\]$_DFFE_PN0P_/D
    1383+ |       1 |     260 |       65 |     10 |    81 |    +1.1% |   -0.354 |     -562.4 |     -112.4 |    670 | u.u_ibex.gen_regfile_ff.register_file_i.g_rf_flops\[16\].rf_reg_q\[30\]$_DFFE_PN0P_/D
    1384+ |       1 |     260 |       65 |     10 |    81 |    +1.1% |   -0.354 |     -562.4 |     -112.4 |    670 | u.u_ibex.gen_regfile_ff.register_file_i.g_rf_flops\[16\].rf_reg_q\[30\]$_DFFE_PN0P_/D
    1385+ |       1 |     260 |       65 |     10 |    81 |    +1.1% |   -0.354 |     -562.4 |     -112.4 |    670 | u.u_ibex.gen_regfile_ff.register_file_i.g_rf_flops\[16\].rf_reg_q\[30\]$_DFFE_PN0P_/D
    1386+ |       1 |     260 |       65 |     10 |    81 |    +1.1% |   -0.354 |     -562.4 |     -112.4 |    670 | u.u_ibex.gen_regfile_ff.register_file_i.g_rf_flops\[16\].rf_reg_q\[30\]$_DFFE_PN0P_/D
    1387+ |       1 |     260 |       65 |     10 |    81 |    +1.1% |   -0.354 |     -562.4 |     -112.4 |    670 | u.u_ibex.gen_regfile_ff.register_file_i.g_rf_flops\[16\].rf_reg_q\[30\]$_DFFE_PN0P_/D
    1388+ |       1 |     260 |       65 |     10 |    81 |    +1.1% |   -0.354 |     -562.4 |     -112.4 |    670 | u.u_ibex.gen_regfile_ff.register_file_i.g_rf_flops\[16\].rf_reg_q\[30\]$_DFFE_PN0P_/D
    1389+ |       1 |     260 |       65 |     10 |    81 |    +1.1% |   -0.354 |     -562.4 |     -112.4 |    670 | u.u_ibex.gen_regfile_ff.register_file_i.g_rf_flops\[16\].rf_reg_q\[30\]$_DFFE_PN0P_/D
    1390+ |       1 |     260 |       65 |     10 |    81 |    +1.1% |   -0.354 |     -562.4 |     -112.4 |    670 | u.u_ibex.gen_regfile_ff.register_file_i.g_rf_flops\[16\].rf_reg_q\[30\]$_DFFE_PN0P_/D
    1390+ |       1 |     260 |       65 |     10 |    81 |    +1.1% |   -0.354 |     -562.4 |     -112.4 |    670 | u.u_ibex.gen_regfile_ff.register_file_i.g_rf_flops\[16\].rf_reg_q\[30\]$_DFFE_PN0P_/D
    1396+ |       1 |     265 |       65 |     10 |    81 |    +1.1% |   -0.354 |     -562.4 |     -100.8 |    670 | u.u_ibex.gen_regfile_ff.register_file_i.g_rf_flops\[16\].rf_reg_q\[30\]$_DFFE_PN0P_/D
    1397+ |       1 |     265 |       65 |     10 |    81 |    +1.1% |   -0.354 |     -562.4 |     -100.8 |    670 | u.u_ibex.gen_regfile_ff.register_file_i.g_rf_flops\[16\].rf_reg_q\[30\]$_DFFE_PN0P_/D
    1400+ |       1 |     267 |       65 |     10 |    81 |    +1.1% |   -0.354 |     -562.4 |      -97.7 |    670 | u.u_ibex.gen_regfile_ff.register_file_i.g_rf_flops\[16\].rf_reg_q\[30\]$_DFFE_PN0P_/D
    1404+ |       1 |     269 |       65 |     10 |    82 |    +1.1% |   -0.354 |     -562.3 |      -92.8 |    670 | u.u_ibex.gen_regfile_ff.register_file_i.g_rf_flops\[16\].rf_reg_q\[30\]$_DFFE_PN0P_/D
    1405+ |       1 |     269 |       65 |     10 |    82 |    +1.1% |   -0.354 |     -562.3 |      -92.8 |    670 | u.u_ibex.gen_regfile_ff.register_file_i.g_rf_flops\[16\].rf_reg_q\[30\]$_DFFE_PN0P_/D
    1406+ |       1 |     269 |       65 |     10 |    82 |    +1.1% |   -0.354 |     -562.3 |      -92.8 |    670 | u.u_ibex.gen_regfile_ff.register_file_i.g_rf_flops\[16\].rf_reg_q\[30\]$_DFFE_PN0P_/D
    1407+ |       1 |     269 |       65 |     10 |    82 |    +1.1% |   -0.354 |     -562.3 |      -92.8 |    670 | u.u_ibex.gen_regfile_ff.register_file_i.g_rf_flops\[16\].rf_reg_q\[30\]$_DFFE_PN0P_/D
    1408+ |       1 |     269 |       65 |     10 |    82 |    +1.1% |   -0.354 |     -562.3 |      -92.8 |    670 | u.u_ibex.gen_regfile_ff.register_file_i.g_rf_flops\[16\].rf_reg_q\[30\]$_DFFE_PN0P_/D
    1409+ |       1 |     269 |       65 |     10 |    82 |    +1.1% |   -0.354 |     -562.3 |      -92.8 |    670 | u.u_ibex.gen_regfile_ff.register_file_i.g_rf_flops\[16\].rf_reg_q\[30\]$_DFFE_PN0P_/D
    1410+ |       1 |     269 |       65 |     10 |    82 |    +1.1% |   -0.354 |     -562.3 |      -92.8 |    670 | u.u_ibex.gen_regfile_ff.register_file_i.g_rf_flops\[16\].rf_reg_q\[30\]$_DFFE_PN0P_/D
    1410+ |       1 |     269 |       65 |     10 |    82 |    +1.1% |   -0.354 |     -562.3 |      -92.8 |    670 | u.u_ibex.gen_regfile_ff.register_file_i.g_rf_flops\[16\].rf_reg_q\[30\]$_DFFE_PN0P_/D
    1411+ |       1 |     269 |       65 |     10 |    82 |    +1.1% |   -0.354 |     -562.3 |      -92.8 |    670 | u.u_ibex.gen_regfile_ff.register_file_i.g_rf_flops\[16\].rf_reg_q\[30\]$_DFFE_PN0P_/D
    1412+ |       1 |     269 |       65 |     10 |    82 |    +1.1% |   -0.354 |     -562.3 |      -92.8 |    670 | u.u_ibex.gen_regfile_ff.register_file_i.g_rf_flops\[16\].rf_reg_q\[30\]$_DFFE_PN0P_/D
    1413+ |       1 |     269 |       65 |     10 |    82 |    +1.1% |   -0.354 |     -562.3 |      -92.8 |    670 | u.u_ibex.gen_regfile_ff.register_file_i.g_rf_flops\[16\].rf_reg_q\[30\]$_DFFE_PN0P_/D
    1414+ |       1 |     269 |       65 |     10 |    82 |    +1.1% |   -0.354 |     -562.3 |      -92.8 |    670 | u.u_ibex.gen_regfile_ff.register_file_i.g_rf_flops\[16\].rf_reg_q\[30\]$_DFFE_PN0P_/D
    1415+ |       1 |     269 |       65 |     10 |    82 |    +1.1% |   -0.354 |     -562.3 |      -92.8 |    670 | u.u_ibex.gen_regfile_ff.register_file_i.g_rf_flops\[16\].rf_reg_q\[30\]$_DFFE_PN0P_/D
    1416+ |       1 |     269 |       65 |     10 |    82 |    +1.1% |   -0.354 |     -562.3 |      -92.8 |    670 | u.u_ibex.gen_regfile_ff.register_file_i.g_rf_flops\[16\].rf_reg_q\[30\]$_DFFE_PN0P_/D
    1417+ |       1 |     269 |       65 |     10 |    82 |    +1.1% |   -0.354 |     -562.3 |      -92.8 |    670 | u.u_ibex.gen_regfile_ff.register_file_i.g_rf_flops\[16\].rf_reg_q\[30\]$_DFFE_PN0P_/D
    1418+ |       1 |     269 |       65 |     10 |    82 |    +1.1% |   -0.354 |     -562.3 |      -92.8 |    670 | u.u_ibex.gen_regfile_ff.register_file_i.g_rf_flops\[16\].rf_reg_q\[30\]$_DFFE_PN0P_/D
    1419+ |       1 |     269 |       65 |     10 |    82 |    +1.1% |   -0.354 |     -562.3 |      -92.8 |    670 | u.u_ibex.gen_regfile_ff.register_file_i.g_rf_flops\[16\].rf_reg_q\[30\]$_DFFE_PN0P_/D
    1420+ |       1 |     269 |       65 |     10 |    82 |    +1.1% |   -0.354 |     -562.3 |      -92.8 |    670 | u.u_ibex.gen_regfile_ff.register_file_i.g_rf_flops\[16\].rf_reg_q\[30\]$_DFFE_PN0P_/D
    1420+ |       1 |     269 |       65 |     10 |    82 |    +1.1% |   -0.354 |     -562.3 |      -92.8 |    670 | u.u_ibex.gen_regfile_ff.register_file_i.g_rf_flops\[16\].rf_reg_q\[30\]$_DFFE_PN0P_/D
    1421+ |       1 |     269 |       65 |     10 |    82 |    +1.1% |   -0.354 |     -562.3 |      -92.8 |    670 | u.u_ibex.gen_regfile_ff.register_file_i.g_rf_flops\[16\].rf_reg_q\[30\]$_DFFE_PN0P_/D
    1422+ |       1 |     269 |       65 |     10 |    82 |    +1.1% |   -0.354 |     -562.3 |      -92.8 |    670 | u.u_ibex.gen_regfile_ff.register_file_i.g_rf_flops\[16\].rf_reg_q\[30\]$_DFFE_PN0P_/D
    1423+ |       1 |     269 |       65 |     10 |    82 |    +1.1% |   -0.354 |     -562.3 |      -92.8 |    670 | u.u_ibex.gen_regfile_ff.register_file_i.g_rf_flops\[16\].rf_reg_q\[30\]$_DFFE_PN0P_/D
    1424+ |       1 |     269 |       65 |     10 |    82 |    +1.1% |   -0.354 |     -562.3 |      -92.8 |    670 | u.u_ibex.gen_regfile_ff.register_file_i.g_rf_flops\[16\].rf_reg_q\[30\]$_DFFE_PN0P_/D
    1425+ |       1 |     269 |       65 |     10 |    82 |    +1.1% |   -0.354 |     -562.3 |      -92.8 |    670 | u.u_ibex.gen_regfile_ff.register_file_i.g_rf_flops\[16\].rf_reg_q\[30\]$_DFFE_PN0P_/D
    1426+ |       1 |     269 |       65 |     10 |    82 |    +1.1% |   -0.354 |     -562.3 |      -92.8 |    670 | u.u_ibex.gen_regfile_ff.register_file_i.g_rf_flops\[16\].rf_reg_q\[30\]$_DFFE_PN0P_/D
    1427+ |       1 |     269 |       65 |     10 |    82 |    +1.1% |   -0.354 |     -562.3 |      -92.8 |    670 | u.u_ibex.gen_regfile_ff.register_file_i.g_rf_flops\[16\].rf_reg_q\[30\]$_DFFE_PN0P_/D
    1428+ |       1 |     269 |       65 |     10 |    82 |    +1.1% |   -0.354 |     -562.3 |      -92.8 |    670 | u.u_ibex.gen_regfile_ff.register_file_i.g_rf_flops\[16\].rf_reg_q\[30\]$_DFFE_PN0P_/D
    1429+ |       1 |     269 |       65 |     10 |    82 |    +1.1% |   -0.354 |     -562.3 |      -92.8 |    670 | u.u_ibex.gen_regfile_ff.register_file_i.g_rf_flops\[16\].rf_reg_q\[30\]$_DFFE_PN0P_/D
    1430+ |       1 |     269 |       65 |     10 |    82 |    +1.1% |   -0.354 |     -562.3 |      -92.8 |    670 | u.u_ibex.gen_regfile_ff.register_file_i.g_rf_flops\[16\].rf_reg_q\[30\]$_DFFE_PN0P_/D
    1430+ |       1 |     269 |       65 |     10 |    82 |    +1.1% |   -0.354 |     -562.3 |      -92.8 |    670 | u.u_ibex.gen_regfile_ff.register_file_i.g_rf_flops\[16\].rf_reg_q\[30\]$_DFFE_PN0P_/D
    1431+ |       1 |     269 |       65 |     10 |    82 |    +1.1% |   -0.354 |     -562.3 |      -92.8 |    670 | u.u_ibex.gen_regfile_ff.register_file_i.g_rf_flops\[16\].rf_reg_q\[30\]$_DFFE_PN0P_/D
    1432+ |       1 |     269 |       65 |     10 |    82 |    +1.1% |   -0.354 |     -562.3 |      -92.8 |    670 | u.u_ibex.gen_regfile_ff.register_file_i.g_rf_flops\[16\].rf_reg_q\[30\]$_DFFE_PN0P_/D
    1433+ |       1 |     269 |       65 |     10 |    82 |    +1.1% |   -0.354 |     -562.3 |      -92.8 |    670 | u.u_ibex.gen_regfile_ff.register_file_i.g_rf_flops\[16\].rf_reg_q\[30\]$_DFFE_PN0P_/D
    1434+ |       1 |     269 |       65 |     10 |    82 |    +1.1% |   -0.354 |     -562.3 |      -92.8 |    670 | u.u_ibex.gen_regfile_ff.register_file_i.g_rf_flops\[16\].rf_reg_q\[30\]$_DFFE_PN0P_/D
    1435+ |       1 |     269 |       65 |     10 |    82 |    +1.1% |   -0.354 |     -562.3 |      -92.8 |    670 | u.u_ibex.gen_regfile_ff.register_file_i.g_rf_flops\[16\].rf_reg_q\[30\]$_DFFE_PN0P_/D
    1436+ |       1 |     269 |       65 |     10 |    82 |    +1.1% |   -0.354 |     -562.3 |      -92.8 |    670 | u.u_ibex.gen_regfile_ff.register_file_i.g_rf_flops\[16\].rf_reg_q\[30\]$_DFFE_PN0P_/D
    1437+ |       1 |     269 |       65 |     10 |    82 |    +1.1% |   -0.354 |     -562.3 |      -92.8 |    670 | u.u_ibex.gen_regfile_ff.register_file_i.g_rf_flops\[16\].rf_reg_q\[30\]$_DFFE_PN0P_/D
    1438+ |       1 |     269 |       65 |     10 |    82 |    +1.1% |   -0.354 |     -562.3 |      -92.8 |    670 | u.u_ibex.gen_regfile_ff.register_file_i.g_rf_flops\[16\].rf_reg_q\[30\]$_DFFE_PN0P_/D
    1439+ |       1 |     269 |       65 |     10 |    82 |    +1.1% |   -0.354 |     -562.3 |      -92.8 |    670 | u.u_ibex.gen_regfile_ff.register_file_i.g_rf_flops\[16\].rf_reg_q\[30\]$_DFFE_PN0P_/D
    1440+ |       1 |     269 |       65 |     10 |    82 |    +1.1% |   -0.354 |     -562.3 |      -92.8 |    670 | u.u_ibex.gen_regfile_ff.register_file_i.g_rf_flops\[16\].rf_reg_q\[30\]$_DFFE_PN0P_/D
    1440+ |       1 |     269 |       65 |     10 |    82 |    +1.1% |   -0.354 |     -562.3 |      -92.8 |    670 | u.u_ibex.gen_regfile_ff.register_file_i.g_rf_flops\[16\].rf_reg_q\[30\]$_DFFE_PN0P_/D
    1441+ |       1 |     269 |       65 |     10 |    82 |    +1.1% |   -0.354 |     -562.3 |      -92.8 |    670 | u.u_ibex.gen_regfile_ff.register_file_i.g_rf_flops\[16\].rf_reg_q\[30\]$_DFFE_PN0P_/D
    1442+ |       1 |     269 |       65 |     10 |    82 |    +1.1% |   -0.354 |     -562.3 |      -92.8 |    670 | u.u_ibex.gen_regfile_ff.register_file_i.g_rf_flops\[16\].rf_reg_q\[30\]$_DFFE_PN0P_/D
    1443+ |       1 |     269 |       65 |     10 |    82 |    +1.1% |   -0.354 |     -562.3 |      -92.8 |    670 | u.u_ibex.gen_regfile_ff.register_file_i.g_rf_flops\[16\].rf_reg_q\[30\]$_DFFE_PN0P_/D
    1444+ |       1 |     269 |       65 |     10 |    82 |    +1.1% |   -0.354 |     -562.3 |      -92.8 |    670 | u.u_ibex.gen_regfile_ff.register_file_i.g_rf_flops\[16\].rf_reg_q\[30\]$_DFFE_PN0P_/D
    1445+ |       1 |     269 |       65 |     10 |    82 |    +1.1% |   -0.354 |     -562.3 |      -92.8 |    670 | u.u_ibex.gen_regfile_ff.register_file_i.g_rf_flops\[16\].rf_reg_q\[30\]$_DFFE_PN0P_/D
    1446+ |       1 |     269 |       65 |     10 |    82 |    +1.1% |   -0.354 |     -562.3 |      -92.8 |    670 | u.u_ibex.gen_regfile_ff.register_file_i.g_rf_flops\[16\].rf_reg_q\[30\]$_DFFE_PN0P_/D
    1447+ |       1 |     269 |       65 |     10 |    82 |    +1.1% |   -0.354 |     -562.3 |      -92.8 |    670 | u.u_ibex.gen_regfile_ff.register_file_i.g_rf_flops\[16\].rf_reg_q\[30\]$_DFFE_PN0P_/D
    1448+ |       1 |     269 |       65 |     10 |    82 |    +1.1% |   -0.354 |     -562.3 |      -92.8 |    670 | u.u_ibex.gen_regfile_ff.register_file_i.g_rf_flops\[16\].rf_reg_q\[30\]$_DFFE_PN0P_/D
    1449+ |       1 |     269 |       65 |     10 |    82 |    +1.1% |   -0.354 |     -562.3 |      -92.8 |    670 | u.u_ibex.gen_regfile_ff.register_file_i.g_rf_flops\[16\].rf_reg_q\[30\]$_DFFE_PN0P_/D
    1450+ |       1 |     269 |       65 |     10 |    82 |    +1.1% |   -0.354 |     -562.3 |      -92.8 |    670 | u.u_ibex.gen_regfile_ff.register_file_i.g_rf_flops\[16\].rf_reg_q\[30\]$_DFFE_PN0P_/D
    1450+ |       1 |     269 |       65 |     10 |    82 |    +1.1% |   -0.354 |     -562.3 |      -92.8 |    670 | u.u_ibex.gen_regfile_ff.register_file_i.g_rf_flops\[16\].rf_reg_q\[30\]$_DFFE_PN0P_/D
    1451+ |       1 |     269 |       65 |     10 |    82 |    +1.1% |   -0.354 |     -562.3 |      -92.8 |    670 | u.u_ibex.gen_regfile_ff.register_file_i.g_rf_flops\[16\].rf_reg_q\[30\]$_DFFE_PN0P_/D
    1452+ |       1 |     269 |       65 |     10 |    82 |    +1.1% |   -0.354 |     -562.3 |      -92.8 |    670 | u.u_ibex.gen_regfile_ff.register_file_i.g_rf_flops\[16\].rf_reg_q\[30\]$_DFFE_PN0P_/D
    1453+ |       1 |     269 |       65 |     10 |    82 |    +1.1% |   -0.354 |     -562.3 |      -92.8 |    670 | u.u_ibex.gen_regfile_ff.register_file_i.g_rf_flops\[16\].rf_reg_q\[30\]$_DFFE_PN0P_/D
    1454+ |       1 |     269 |       65 |     10 |    82 |    +1.1% |   -0.354 |     -562.3 |      -92.8 |    670 | u.u_ibex.gen_regfile_ff.register_file_i.g_rf_flops\[16\].rf_reg_q\[30\]$_DFFE_PN0P_/D
    1455+ |       1 |     269 |       65 |     10 |    82 |    +1.1% |   -0.354 |     -562.3 |      -92.8 |    670 | u.u_ibex.gen_regfile_ff.register_file_i.g_rf_flops\[16\].rf_reg_q\[30\]$_DFFE_PN0P_/D
    1456+ |       1 |     269 |       65 |     10 |    82 |    +1.1% |   -0.354 |     -562.3 |      -92.8 |    670 | u.u_ibex.gen_regfile_ff.register_file_i.g_rf_flops\[16\].rf_reg_q\[30\]$_DFFE_PN0P_/D
    1457+ |       1 |     269 |       65 |     10 |    82 |    +1.1% |   -0.354 |     -562.3 |      -92.8 |    670 | u.u_ibex.gen_regfile_ff.register_file_i.g_rf_flops\[16\].rf_reg_q\[30\]$_DFFE_PN0P_/D
    1458+ |       1 |     269 |       65 |     10 |    82 |    +1.1% |   -0.354 |     -562.3 |      -92.8 |    670 | u.u_ibex.gen_regfile_ff.register_file_i.g_rf_flops\[16\].rf_reg_q\[30\]$_DFFE_PN0P_/D
    1459+ |       1 |     269 |       65 |     10 |    82 |    +1.1% |   -0.354 |     -562.3 |      -92.8 |    670 | u.u_ibex.gen_regfile_ff.register_file_i.g_rf_flops\[16\].rf_reg_q\[30\]$_DFFE_PN0P_/D
    1460+ |       1 |     269 |       65 |     10 |    82 |    +1.1% |   -0.354 |     -562.3 |      -92.8 |    670 | u.u_ibex.gen_regfile_ff.register_file_i.g_rf_flops\[16\].rf_reg_q\[30\]$_DFFE_PN0P_/D
    1460+ |       1 |     269 |       65 |     10 |    82 |    +1.1% |   -0.354 |     -562.3 |      -92.8 |    670 | u.u_ibex.gen_regfile_ff.register_file_i.g_rf_flops\[16\].rf_reg_q\[30\]$_DFFE_PN0P_/D
    1461+ |       1 |     269 |       65 |     10 |    82 |    +1.1% |   -0.354 |     -562.3 |      -92.8 |    670 | u.u_ibex.gen_regfile_ff.register_file_i.g_rf_flops\[16\].rf_reg_q\[30\]$_DFFE_PN0P_/D
    1462+ |       1 |     269 |       65 |     10 |    82 |    +1.1% |   -0.354 |     -562.3 |      -92.8 |    670 | u.u_ibex.gen_regfile_ff.register_file_i.g_rf_flops\[16\].rf_reg_q\[30\]$_DFFE_PN0P_/D
    1463+ |       1 |     269 |       65 |     10 |    82 |    +1.1% |   -0.354 |     -562.3 |      -92.8 |    670 | u.u_ibex.gen_regfile_ff.register_file_i.g_rf_flops\[16\].rf_reg_q\[30\]$_DFFE_PN0P_/D
    1464+ |       1 |     269 |       65 |     10 |    82 |    +1.1% |   -0.354 |     -562.3 |      -92.8 |    670 | u.u_ibex.gen_regfile_ff.register_file_i.g_rf_flops\[16\].rf_reg_q\[30\]$_DFFE_PN0P_/D
    1465+ |       1 |     269 |       65 |     10 |    82 |    +1.1% |   -0.354 |     -562.3 |      -92.8 |    670 | u.u_ibex.gen_regfile_ff.register_file_i.g_rf_flops\[16\].rf_reg_q\[30\]$_DFFE_PN0P_/D
    1466+ |       1 |     269 |       65 |     10 |    82 |    +1.1% |   -0.354 |     -562.3 |      -92.8 |    670 | u.u_ibex.gen_regfile_ff.register_file_i.g_rf_flops\[16\].rf_reg_q\[30\]$_DFFE_PN0P_/D
    1467+ |       1 |     269 |       65 |     10 |    82 |    +1.1% |   -0.354 |     -562.3 |      -92.8 |    670 | u.u_ibex.gen_regfile_ff.register_file_i.g_rf_flops\[16\].rf_reg_q\[30\]$_DFFE_PN0P_/D
    1468+ |       1 |     269 |       65 |     10 |    82 |    +1.1% |   -0.354 |     -562.3 |      -92.8 |    670 | u.u_ibex.gen_regfile_ff.register_file_i.g_rf_flops\[16\].rf_reg_q\[30\]$_DFFE_PN0P_/D
    1469+ |       1 |     269 |       65 |     10 |    82 |    +1.1% |   -0.354 |     -562.3 |      -92.8 |    670 | u.u_ibex.gen_regfile_ff.register_file_i.g_rf_flops\[16\].rf_reg_q\[30\]$_DFFE_PN0P_/D
    1470+ |       1 |     269 |       65 |     10 |    82 |    +1.1% |   -0.354 |     -562.3 |      -92.8 |    670 | u.u_ibex.gen_regfile_ff.register_file_i.g_rf_flops\[16\].rf_reg_q\[30\]$_DFFE_PN0P_/D
    1470+ |       1 |     269 |       65 |     10 |    82 |    +1.1% |   -0.354 |     -562.3 |      -92.8 |    670 | u.u_ibex.gen_regfile_ff.register_file_i.g_rf_flops\[16\].rf_reg_q\[30\]$_DFFE_PN0P_/D
    1471+ |       1 |     269 |       65 |     10 |    82 |    +1.1% |   -0.354 |     -562.3 |      -92.8 |    670 | u.u_ibex.gen_regfile_ff.register_file_i.g_rf_flops\[16\].rf_reg_q\[30\]$_DFFE_PN0P_/D
    1472+ |       1 |     269 |       65 |     10 |    82 |    +1.1% |   -0.354 |     -562.3 |      -92.8 |    670 | u.u_ibex.gen_regfile_ff.register_file_i.g_rf_flops\[16\].rf_reg_q\[30\]$_DFFE_PN0P_/D
    1473+ |       1 |     269 |       65 |     10 |    82 |    +1.1% |   -0.354 |     -562.3 |      -92.8 |    670 | u.u_ibex.gen_regfile_ff.register_file_i.g_rf_flops\[16\].rf_reg_q\[30\]$_DFFE_PN0P_/D
    1474+ |       1 |     269 |       65 |     10 |    82 |    +1.1% |   -0.354 |     -562.3 |      -92.8 |    670 | u.u_ibex.gen_regfile_ff.register_file_i.g_rf_flops\[16\].rf_reg_q\[30\]$_DFFE_PN0P_/D
    1475+ |       1 |     269 |       65 |     10 |    82 |    +1.1% |   -0.354 |     -562.3 |      -92.8 |    670 | u.u_ibex.gen_regfile_ff.register_file_i.g_rf_flops\[16\].rf_reg_q\[30\]$_DFFE_PN0P_/D
    1476+ |       1 |     269 |       65 |     10 |    82 |    +1.1% |   -0.354 |     -562.3 |      -92.8 |    670 | u.u_ibex.gen_regfile_ff.register_file_i.g_rf_flops\[16\].rf_reg_q\[30\]$_DFFE_PN0P_/D
    1477+ |       1 |     269 |       65 |     10 |    82 |    +1.1% |   -0.354 |     -562.3 |      -92.8 |    670 | u.u_ibex.gen_regfile_ff.register_file_i.g_rf_flops\[16\].rf_reg_q\[30\]$_DFFE_PN0P_/D
    1478+ |       1 |     269 |       65 |     10 |    82 |    +1.1% |   -0.354 |     -562.3 |      -92.8 |    670 | u.u_ibex.gen_regfile_ff.register_file_i.g_rf_flops\[16\].rf_reg_q\[30\]$_DFFE_PN0P_/D
    1479+ |       1 |     269 |       65 |     10 |    82 |    +1.1% |   -0.354 |     -562.3 |      -92.8 |    670 | u.u_ibex.gen_regfile_ff.register_file_i.g_rf_flops\[16\].rf_reg_q\[30\]$_DFFE_PN0P_/D
    1480+ |       1 |     269 |       65 |     10 |    82 |    +1.1% |   -0.354 |     -562.3 |      -92.8 |    670 | u.u_ibex.gen_regfile_ff.register_file_i.g_rf_flops\[16\].rf_reg_q\[30\]$_DFFE_PN0P_/D
    1480+ |       1 |     269 |       65 |     10 |    82 |    +1.1% |   -0.354 |     -562.3 |      -92.8 |    670 | u.u_ibex.gen_regfile_ff.register_file_i.g_rf_flops\[16\].rf_reg_q\[30\]$_DFFE_PN0P_/D
    1481+ |       1 |     269 |       65 |     10 |    82 |    +1.1% |   -0.354 |     -562.3 |      -92.8 |    670 | u.u_ibex.gen_regfile_ff.register_file_i.g_rf_flops\[16\].rf_reg_q\[30\]$_DFFE_PN0P_/D
    1482+ |       1 |     269 |       65 |     10 |    82 |    +1.1% |   -0.354 |     -562.3 |      -92.8 |    670 | u.u_ibex.gen_regfile_ff.register_file_i.g_rf_flops\[16\].rf_reg_q\[30\]$_DFFE_PN0P_/D
    1483+ |       1 |     269 |       65 |     10 |    82 |    +1.1% |   -0.354 |     -562.3 |      -92.8 |    670 | u.u_ibex.gen_regfile_ff.register_file_i.g_rf_flops\[16\].rf_reg_q\[30\]$_DFFE_PN0P_/D
    1484+ |       1 |     269 |       65 |     10 |    82 |    +1.1% |   -0.354 |     -562.3 |      -92.8 |    670 | u.u_ibex.gen_regfile_ff.register_file_i.g_rf_flops\[16\].rf_reg_q\[30\]$_DFFE_PN0P_/D
    1485+ |       1 |     269 |       65 |     10 |    82 |    +1.1% |   -0.354 |     -562.3 |      -92.8 |    670 | u.u_ibex.gen_regfile_ff.register_file_i.g_rf_flops\[16\].rf_reg_q\[30\]$_DFFE_PN0P_/D
    1486+ |       1 |     269 |       65 |     10 |    82 |    +1.1% |   -0.354 |     -562.3 |      -92.8 |    670 | u.u_ibex.gen_regfile_ff.register_file_i.g_rf_flops\[16\].rf_reg_q\[30\]$_DFFE_PN0P_/D
    1487+ |       1 |     269 |       65 |     10 |    82 |    +1.1% |   -0.354 |     -562.3 |      -92.8 |    670 | u.u_ibex.gen_regfile_ff.register_file_i.g_rf_flops\[16\].rf_reg_q\[30\]$_DFFE_PN0P_/D
    1488+ |       1 |     269 |       65 |     10 |    82 |    +1.1% |   -0.354 |     -562.3 |      -92.8 |    670 | u.u_ibex.gen_regfile_ff.register_file_i.g_rf_flops\[16\].rf_reg_q\[30\]$_DFFE_PN0P_/D
    1489+ |       1 |     269 |       65 |     10 |    82 |    +1.1% |   -0.354 |     -562.3 |      -92.8 |    670 | u.u_ibex.gen_regfile_ff.register_file_i.g_rf_flops\[16\].rf_reg_q\[30\]$_DFFE_PN0P_/D
    1490+ |       1 |     269 |       65 |     10 |    82 |    +1.1% |   -0.354 |     -562.3 |      -92.8 |    670 | u.u_ibex.gen_regfile_ff.register_file_i.g_rf_flops\[16\].rf_reg_q\[30\]$_DFFE_PN0P_/D
    1490+ |       1 |     269 |       65 |     10 |    82 |    +1.1% |   -0.354 |     -562.3 |      -92.8 |    670 | u.u_ibex.gen_regfile_ff.register_file_i.g_rf_flops\[16\].rf_reg_q\[30\]$_DFFE_PN0P_/D
    1491+ |       1 |     269 |       65 |     10 |    82 |    +1.1% |   -0.354 |     -562.3 |      -92.8 |    670 | u.u_ibex.gen_regfile_ff.register_file_i.g_rf_flops\[16\].rf_reg_q\[30\]$_DFFE_PN0P_/D
    1492+ |       1 |     269 |       65 |     10 |    82 |    +1.1% |   -0.354 |     -562.3 |      -92.8 |    670 | u.u_ibex.gen_regfile_ff.register_file_i.g_rf_flops\[16\].rf_reg_q\[30\]$_DFFE_PN0P_/D
    1493+ |       1 |     269 |       65 |     10 |    82 |    +1.1% |   -0.354 |     -562.3 |      -92.8 |    670 | u.u_ibex.gen_regfile_ff.register_file_i.g_rf_flops\[16\].rf_reg_q\[30\]$_DFFE_PN0P_/D
    1494+ |       1 |     269 |       65 |     10 |    82 |    +1.1% |   -0.354 |     -562.3 |      -92.8 |    670 | u.u_ibex.gen_regfile_ff.register_file_i.g_rf_flops\[16\].rf_reg_q\[30\]$_DFFE_PN0P_/D
    1495+ |       1 |     269 |       65 |     10 |    82 |    +1.1% |   -0.354 |     -562.3 |      -92.8 |    670 | u.u_ibex.gen_regfile_ff.register_file_i.g_rf_flops\[16\].rf_reg_q\[30\]$_DFFE_PN0P_/D
    1496+ |       1 |     269 |       65 |     10 |    82 |    +1.1% |   -0.354 |     -562.3 |      -92.8 |    670 | u.u_ibex.gen_regfile_ff.register_file_i.g_rf_flops\[16\].rf_reg_q\[30\]$_DFFE_PN0P_/D
    1497+ |       1 |     269 |       65 |     10 |    82 |    +1.1% |   -0.354 |     -562.3 |      -92.8 |    670 | u.u_ibex.gen_regfile_ff.register_file_i.g_rf_flops\[16\].rf_reg_q\[30\]$_DFFE_PN0P_/D
    1498+ |       1 |     269 |       65 |     10 |    82 |    +1.1% |   -0.354 |     -562.3 |      -92.8 |    670 | u.u_ibex.gen_regfile_ff.register_file_i.g_rf_flops\[16\].rf_reg_q\[30\]$_DFFE_PN0P_/D
    1499+ |       1 |     269 |       65 |     10 |    82 |    +1.1% |   -0.354 |     -562.3 |      -92.8 |    670 | u.u_ibex.gen_regfile_ff.register_file_i.g_rf_flops\[16\].rf_reg_q\[30\]$_DFFE_PN0P_/D
    1500+ |       1 |     269 |       65 |     10 |    82 |    +1.1% |   -0.354 |     -562.3 |      -92.8 |    670 | u.u_ibex.gen_regfile_ff.register_file_i.g_rf_flops\[16\].rf_reg_q\[30\]$_DFFE_PN0P_/D
    final |       1 |     269 |       65 |     10 |    82 |    +1.1% |   -0.354 |     -562.3 |      -92.8 |    617 | u.u_ibex.gen_regfile_ff.register_file_i.g_rf_flops\[16\].rf_reg_q\[30\]$_DFFE_PN0P_/D
------------------------------------------------------------------------------------------------------------------------------
[INFO RSZ-0059] Removed 1 buffers.
[INFO RSZ-0040] Inserted 65 buffers.
[INFO RSZ-0051] Resized 269 instances: 269 up, 0 up match, 0 down, 0 VT
[INFO RSZ-0043] Swapped pins on 82 instances.
[INFO RSZ-0049] Cloned 10 instances.
[WARNING RSZ-0062] Unable to repair all setup violations.
[INFO RSZ-0505] Runtime: 106.16s
[INFO RSZ-0033] No hold violations found.
[INFO RSZ-0506] Runtime: 0.07s
Took 107 seconds: repair_timing -setup_margin 0 -hold_margin 0 -repair_tns 100 -verbose
global_route -start_incremental
detailed_placement
[INFO DPL-0006] Core area: 271002.41 um^2
[INFO DPL-0007] Movable instances area: 169944.24 um^2
[INFO DPL-0008] Fixed instances area within core: 4466.78 um^2
[INFO DPL-0009] Utilization: 64.4%
[INFO DPL-0005] Diamond search max displacement: +/- 500 sites horizontally, +/- 100 rows vertically.
[INFO DPL-1102] Legalizing using negotiation legalizer.
[INFO DPL-1103] Negotiation base search window: +/-20 sites horizontally, +/-5 rows vertically 
	Automatic search window extension enabled.
	Search window extendable up to the max displacement cap of +/-500 sites, +/-100 rows near walls.
[INFO DPL-1104] NegotiationLegalizer DRC penalty: 5.
[INFO DPL-0392] Negotiation cell height distribution (1 unique row-count(s)):
[INFO DPL-0393]   height 1 row(s): 21956 cells
          |      Total |  Illegal |  Illegal
Iteration | Violations |    Cells |    Sites
---------------------------------------------
        0 |        392 |        68 |       324
        1 |        153 |        25 |       128
        2 |        101 |         9 |        92
        3 |         80 |         8 |        72
        4 |         61 |         9 |        52
        5 |         49 |         5 |        44
        6 |         42 |         2 |        40
        7 |         41 |         5 |        36
        8 |         40 |         3 |        37
        9 |         40 |         4 |        36
       10 |         43 |         5 |        38
       20 |         16 |         4 |        12
       30 |         26 |         2 |        24
       33 |         26 |         2 |        24
[WARNING DPL-0700] Negotiation phase 1: violations stuck at 26 for 3 consecutive iterations.
Using old diamond search for 2 remaining illegal cells.
diamond recovery: recovered 1/2 stuck cells.
Negotiation phase 2: isolation point active, 1000 iterations.
      400 |          0 |         0 |         0
Negotiation phase 2 converged at iteration 0.
[INFO DPL-0500] Runtime: 0.44s
Placement Analysis
---------------------------------
total displacement       1786.9 u
average displacement        0.1 u
max displacement          101.1 u
original HPWL          549340.3 u
legalized HPWL         551367.7 u
delta HPWL                    0 %

check_placement -verbose
global_route -end_incremental -congestion_report_file /work/reports/sky130hd/m7_j0/p9p0/congestion_post_repair_timing.rpt
estimate_parasitics -global_routing
global_route -start_incremental
global_route -end_incremental -congestion_report_file /work/reports/sky130hd/m7_j0/p9p0/congestion_post_recover_power.rpt
Repair antennas...
[INFO GRT-0012] Found 51 antenna violations.
[INFO GRT-0302] Inserted 62 jumpers for 49 nets.
[INFO GRT-0012] Found 5 antenna violations.
[INFO DPL-0006] Core area: 271002.41 um^2
[INFO DPL-0007] Movable instances area: 169871.67 um^2
[INFO DPL-0008] Fixed instances area within core: 4556.87 um^2
[INFO DPL-0009] Utilization: 64.4%
[INFO DPL-0005] Diamond search max displacement: +/- 500 sites horizontally, +/- 100 rows vertically.
[INFO DPL-1102] Legalizing using negotiation legalizer.
[INFO DPL-1103] Negotiation base search window: +/-20 sites horizontally, +/-5 rows vertically 
	Automatic search window extension enabled.
	Search window extendable up to the max displacement cap of +/-500 sites, +/-100 rows near walls.
[INFO DPL-1104] NegotiationLegalizer DRC penalty: 5.
[INFO DPL-0392] Negotiation cell height distribution (1 unique row-count(s)):
[INFO DPL-0393]   height 1 row(s): 21963 cells
          |      Total |  Illegal |  Illegal
Iteration | Violations |    Cells |    Sites
---------------------------------------------
        0 |          0 |         0 |         0
Negotiation phase 1 converged at iteration 0.
[INFO DPL-0500] Runtime: 0.09s
[INFO GRT-0015] Inserted 7 diodes.
[INFO GRT-0012] Found 0 antenna violations.
[INFO ANT-0002] Found 0 net violations.
[INFO ANT-0001] Found 0 pin violations.
Estimate parasitics...
estimate_parasitics -global_routing
Report metrics stage 5, global route...

==========================================================================
global route report_design_area
--------------------------------------------------------------------------
Design area 174429 um^2 64% utilization.
[INFO FLW-0007] clock core_clock period 9.000000
[WARNING FLW-0010] more than one clock found. Skipping sdc update.
[INFO FLW-0011] Path endpoint path count 4536
write_db /work/results/sky130hd/m7_j0/p9p0/5_1_grt.odb
write_sdc -no_timestamp /work/results/sky130hd/m7_j0/p9p0/5_1_grt.sdc
Elapsed time: 2:19.73[h:]min:sec. CPU time: user 1661.32 sys 44.31 (1220%). Peak memory: 752528KB.
Log                       Ext     Elapsed/s Peak Memory/MB sha1sum result [0:20)
5_1_grt                   .odb          139            734 966b92b005529208267f
5_1_grt                   .sdc                             29cfb8204669ff86a621
/OpenROAD-flow-scripts/flow/scripts/flow.sh 5_2_route detail_route
Running detail_route.tcl, stage 5_2_route
read_liberty /OpenROAD-flow-scripts/flow/platforms/sky130hd/lib/sky130_fd_sc_hd__tt_025C_1v80.lib
read_db -hier /work/results/sky130hd/m7_j0/p9p0/5_1_grt.odb
[WARNING ORD-0012] Hierarchical flow (-hier) is currently in development and may cause multiple issues. Do not use in production environments.
read_sdc /work/results/sky130hd/m7_j0/p9p0/5_1_grt.sdc
source /OpenROAD-flow-scripts/flow/platforms/sky130hd/setRC.tcl
[WARNING STA-0450] virtual clock vclk_core_clock can not be propagated.
detailed_route -output_drc /work/reports/sky130hd/m7_j0/p9p0/5_route_drc.rpt -output_maze /work/results/sky130hd/m7_j0/p9p0/maze.log -droute_end_iter 64 -verbose 1 -drc_report_iter_step 5
[INFO DRT-0149] Reading tech and libs.
[WARNING DRT-0349] LEF58_ENCLOSURE with no CUTCLASS is not supported. Skipping for layer mcon
[WARNING DRT-0349] LEF58_ENCLOSURE with no CUTCLASS is not supported. Skipping for layer mcon
[WARNING DRT-0349] LEF58_ENCLOSURE with no CUTCLASS is not supported. Skipping for layer via
[WARNING DRT-0349] LEF58_ENCLOSURE with no CUTCLASS is not supported. Skipping for layer via
[WARNING DRT-0349] LEF58_ENCLOSURE with no CUTCLASS is not supported. Skipping for layer via2
[WARNING DRT-0349] LEF58_ENCLOSURE with no CUTCLASS is not supported. Skipping for layer via2
[WARNING DRT-0349] LEF58_ENCLOSURE with no CUTCLASS is not supported. Skipping for layer via3
[WARNING DRT-0349] LEF58_ENCLOSURE with no CUTCLASS is not supported. Skipping for layer via3
[WARNING DRT-0349] LEF58_ENCLOSURE with no CUTCLASS is not supported. Skipping for layer via4
[WARNING DRT-0349] LEF58_ENCLOSURE with no CUTCLASS is not supported. Skipping for layer via4

Units:                1000
Number of layers:     13
Number of macros:     441
Number of vias:       29
Number of viarulegen: 25

[INFO DRT-0150] Reading design.
[WARNING DRT-0120] Large net net36 has 123 pins which may impact routing performance. Consider optimization.
[WARNING DRT-0120] Large net net5302 has 137 pins which may impact routing performance. Consider optimization.
[WARNING DRT-0120] Large net net5300 has 134 pins which may impact routing performance. Consider optimization.
[WARNING DRT-0120] Large net net5296 has 124 pins which may impact routing performance. Consider optimization.
[WARNING DRT-0120] Large net net5295 has 167 pins which may impact routing performance. Consider optimization.
[WARNING DRT-0120] Large net net5293 has 161 pins which may impact routing performance. Consider optimization.
[WARNING DRT-0120] Large net net5292 has 173 pins which may impact routing performance. Consider optimization.
[WARNING DRT-0120] Large net net5286 has 171 pins which may impact routing performance. Consider optimization.

Design:                   m7_ppa_j0_top
Die area:                 ( 0 0 ) ( 524280 524280 )
Number of track patterns: 12
Number of DEF vias:       0
Number of components:     21963
Number of terminals:      278
Number of snets:          2
Number of nets:           18381

[INFO DRT-0167] List of default vias:
  Layer via
    default via: M1M2_PR
  Layer via2
    default via: M2M3_PR
  Layer via3
    default via: M3M4_PR
  Layer via4
    default via: M4M5_PR
[INFO DRT-0162] Library cell analysis.
[INFO DRT-0163] Instance analysis.
[INFO DRT-0164] Number of unique instances = 302.
[INFO DRT-0168] Init region query.
[INFO DRT-0024]   Complete FR_MASTERSLICE.
[INFO DRT-0024]   Complete Fr_VIA.
[INFO DRT-0024]   Complete li1.
[INFO DRT-0024]   Complete mcon.
[INFO DRT-0024]   Complete met1.
[INFO DRT-0024]   Complete via.
[INFO DRT-0024]   Complete met2.
[INFO DRT-0024]   Complete via2.
[INFO DRT-0024]   Complete met3.
[INFO DRT-0024]   Complete via3.
[INFO DRT-0024]   Complete met4.
[INFO DRT-0024]   Complete via4.
[INFO DRT-0024]   Complete met5.
[INFO DRT-0033] FR_MASTERSLICE shape region query size = 0.
[INFO DRT-0033] FR_VIA shape region query size = 0.
[INFO DRT-0033] li1 shape region query size = 538262.
[INFO DRT-0033] mcon shape region query size = 301264.
[INFO DRT-0033] met1 shape region query size = 82885.
[INFO DRT-0033] via shape region query size = 18240.
[INFO DRT-0033] met2 shape region query size = 11184.
[INFO DRT-0033] via2 shape region query size = 14592.
[INFO DRT-0033] met3 shape region query size = 10980.
[INFO DRT-0033] via3 shape region query size = 14592.
[INFO DRT-0033] met4 shape region query size = 4408.
[INFO DRT-0033] via4 shape region query size = 722.
[INFO DRT-0033] met5 shape region query size = 798.
[INFO DRT-0165] Start pin access.
[INFO DRT-0076]   Complete 1000 pins.
[INFO DRT-0076]   Complete 2000 pins.
[INFO DRT-0078]   Complete 2457 pins.
[INFO DRT-0079]   Complete 100 unique inst patterns.
[INFO DRT-0079]   Complete 200 unique inst patterns.
[INFO DRT-0079]   Complete 300 unique inst patterns.
[INFO DRT-0081]   Complete 302 unique inst patterns.
[INFO DRT-0082]   Complete 10000 groups.
[INFO DRT-0084]   Complete 11590 groups.
#scanned instances     = 21963
#unique  instances     = 302
#stdCellGenAp          = 9700
#stdCellValidPlanarAp  = 84
#stdCellValidViaAp     = 7172
#stdCellPinNoAp        = 0
#stdCellPinCnt         = 64848
#instTermValidViaApCnt = 0
#macroGenAp            = 0
#macroValidPlanarAp    = 0
#macroValidViaAp       = 0
#macroNoAp             = 0
[INFO DRT-0166] Complete pin access.
[INFO DRT-0267] cpu time = 00:05:26, elapsed time = 00:00:13, memory = 414.92 (MB), peak = 415.48 (MB)
[INFO DRT-0156] guideIn read 100000 guides.

[INFO DRT-0157] Number of guides:     154263

[INFO DRT-0169] Post process guides.
[INFO DRT-0176] GCELLGRID X 0 DO 75 STEP 6900 ;
[INFO DRT-0177] GCELLGRID Y 0 DO 75 STEP 6900 ;
[INFO DRT-0026]   Complete 100000 origin guides.
[INFO DRT-0028]   Complete FR_MASTERSLICE.
[INFO DRT-0028]   Complete Fr_VIA.
[INFO DRT-0028]   Complete li1.
[INFO DRT-0028]   Complete mcon.
[INFO DRT-0028]   Complete met1.
[INFO DRT-0028]   Complete via.
[INFO DRT-0028]   Complete met2.
[INFO DRT-0028]   Complete via2.
[INFO DRT-0028]   Complete met3.
[INFO DRT-0028]   Complete via3.
[INFO DRT-0028]   Complete met4.
[INFO DRT-0028]   Complete via4.
[INFO DRT-0028]   Complete met5.
[INFO DRT-0178] Init guide query.
[INFO DRT-0035]   Complete FR_MASTERSLICE (guide).
[INFO DRT-0035]   Complete Fr_VIA (guide).
[INFO DRT-0035]   Complete li1 (guide).
[INFO DRT-0035]   Complete mcon (guide).
[INFO DRT-0035]   Complete met1 (guide).
[INFO DRT-0035]   Complete via (guide).
[INFO DRT-0035]   Complete met2 (guide).
[INFO DRT-0035]   Complete via2 (guide).
[INFO DRT-0035]   Complete met3 (guide).
[INFO DRT-0035]   Complete via3 (guide).
[INFO DRT-0035]   Complete met4 (guide).
[INFO DRT-0035]   Complete via4 (guide).
[INFO DRT-0035]   Complete met5 (guide).
[INFO DRT-0036] FR_MASTERSLICE guide region query size = 0.
[INFO DRT-0036] FR_VIA guide region query size = 0.
[INFO DRT-0036] li1 guide region query size = 50593.
[INFO DRT-0036] mcon guide region query size = 0.
[INFO DRT-0036] met1 guide region query size = 44949.
[INFO DRT-0036] via guide region query size = 0.
[INFO DRT-0036] met2 guide region query size = 24371.
[INFO DRT-0036] via2 guide region query size = 0.
[INFO DRT-0036] met3 guide region query size = 3679.
[INFO DRT-0036] via3 guide region query size = 0.
[INFO DRT-0036] met4 guide region query size = 1355.
[INFO DRT-0036] via4 guide region query size = 0.
[INFO DRT-0036] met5 guide region query size = 62.
[INFO DRT-0179] Init gr pin query.
[INFO DRT-0267] cpu time = 00:00:01, elapsed time = 00:00:00, memory = 463.25 (MB), peak = 458.28 (MB)
[INFO DRT-0245] skipped writing guide updates to database.
[INFO DRT-0181] Start track assignment.
[INFO DRT-0184] Done with 76319 vertical wires in 2 frboxes and 48690 horizontal wires in 2 frboxes.
[INFO DRT-0186] Done with 12101 vertical wires in 2 frboxes and 16176 horizontal wires in 2 frboxes.
[INFO DRT-0182] Complete track assignment.
[INFO DRT-0267] cpu time = 00:00:05, elapsed time = 00:00:03, memory = 823.03 (MB), peak = 817.53 (MB)
[INFO DRT-0187] Start routing data preparation.
[INFO DRT-0267] cpu time = 00:00:00, elapsed time = 00:00:00, memory = 823.03 (MB), peak = 817.53 (MB)
[INFO DRT-0194] Start detail routing.
[INFO DRT-0195] Start 0th optimization iteration.
    Completing 10% with 0 violations.
    elapsed time = 00:00:04, memory = 2432.41 (MB).
    Completing 20% with 0 violations.
    elapsed time = 00:00:06, memory = 2164.19 (MB).
    Completing 30% with 3570 violations.
    elapsed time = 00:00:11, memory = 2790.97 (MB).
    Completing 40% with 3570 violations.
    elapsed time = 00:00:16, memory = 2705.44 (MB).
    Completing 50% with 3570 violations.
    elapsed time = 00:00:18, memory = 2335.54 (MB).
    Completing 60% with 6920 violations.
    elapsed time = 00:00:28, memory = 2964.57 (MB).
    Completing 70% with 6920 violations.
    elapsed time = 00:00:30, memory = 2758.15 (MB).
    Completing 80% with 10789 violations.
    elapsed time = 00:00:38, memory = 3326.26 (MB).
    Completing 90% with 10789 violations.
    elapsed time = 00:00:42, memory = 2966.09 (MB).
    Completing 100% with 14540 violations.
    elapsed time = 00:00:52, memory = 2342.10 (MB).
[INFO DRT-0199]   Number of violations = 16810.
Viol/Layer         li1   mcon   met1    via   met2   met3   met4   via4   met5
Cut Spacing          0     25      0      1      0      0      0      1      0
Metal Spacing        0      0   2262      0    879     68     25      0      2
Min Hole             0      0     19      0      0      0      0      0      0
NS Metal             0      0      1      0      0      0      0      0      0
Recheck             34      0   1462      0    658     53     61      0      2
Short                0      3   9397     36   1733     67     17      0      4
[INFO DRT-0267] cpu time = 00:12:45, elapsed time = 00:00:52, memory = 2653.42 (MB), peak = 3347.00 (MB)
Total wire length = 710144 um.
Total wire length on LAYER li1 = 0 um.
Total wire length on LAYER met1 = 266377 um.
Total wire length on LAYER met2 = 294658 um.
Total wire length on LAYER met3 = 84191 um.
Total wire length on LAYER met4 = 63806 um.
Total wire length on LAYER met5 = 1111 um.
Total number of vias = 144528.
Up-via summary (total 144528):

-------------------------
 FR_MASTERSLICE         0
            li1     63463
           met1     72111
           met2      6477
           met3      2386
           met4        91
-------------------------
               144528


[INFO DRT-0195] Start 1st optimization iteration.
    Completing 10% with 16810 violations.
    elapsed time = 00:00:04, memory = 3489.05 (MB).
    Completing 20% with 16810 violations.
    elapsed time = 00:00:07, memory = 3122.95 (MB).
    Completing 30% with 15196 violations.
    elapsed time = 00:00:15, memory = 3680.95 (MB).
    Completing 40% with 15196 violations.
    elapsed time = 00:00:18, memory = 3378.59 (MB).
    Completing 50% with 15196 violations.
    elapsed time = 00:00:21, memory = 2871.18 (MB).
    Completing 60% with 13808 violations.
    elapsed time = 00:00:31, memory = 3524.81 (MB).
    Completing 70% with 13808 violations.
    elapsed time = 00:00:34, memory = 3217.88 (MB).
    Completing 80% with 12085 violations.
    elapsed time = 00:00:47, memory = 3588.21 (MB).
    Completing 90% with 12085 violations.
    elapsed time = 00:00:51, memory = 3200.70 (MB).
    Completing 100% with 10813 violations.
    elapsed time = 00:00:56, memory = 2695.85 (MB).
[INFO DRT-0199]   Number of violations = 10813.
Viol/Layer        mcon   met1    via   met2   met3   met4   via4   met5
Cut Spacing         30      0      0      0      0      0      1      0
Metal Spacing        0   1785      0    441     28      6      0      0
Min Hole             0      2      0      0      0      0      0      0
Short                0   7800      1    702      9      6      0      2
[INFO DRT-0267] cpu time = 00:11:47, elapsed time = 00:00:56, memory = 2698.85 (MB), peak = 3713.29 (MB)
Total wire length = 703355 um.
Total wire length on LAYER li1 = 0 um.
Total wire length on LAYER met1 = 262997 um.
Total wire length on LAYER met2 = 291720 um.
Total wire length on LAYER met3 = 84047 um.
Total wire length on LAYER met4 = 63553 um.
Total wire length on LAYER met5 = 1036 um.
Total number of vias = 142967.
Up-via summary (total 142967):

-------------------------
 FR_MASTERSLICE         0
            li1     63479
           met1     70677
           met2      6401
           met3      2325
           met4        85
-------------------------
               142967


[INFO DRT-0195] Start 2nd optimization iteration.
    Completing 10% with 10813 violations.
    elapsed time = 00:00:04, memory = 3648.37 (MB).
    Completing 20% with 10813 violations.
    elapsed time = 00:00:07, memory = 3056.44 (MB).
    Completing 30% with 10644 violations.
    elapsed time = 00:00:16, memory = 3646.87 (MB).
    Completing 40% with 10644 violations.
    elapsed time = 00:00:20, memory = 3292.28 (MB).
    Completing 50% with 10644 violations.
    elapsed time = 00:00:24, memory = 2701.91 (MB).
    Completing 60% with 10500 violations.
    elapsed time = 00:00:27, memory = 3578.96 (MB).
    Completing 70% with 10500 violations.
    elapsed time = 00:00:30, memory = 3057.73 (MB).
    Completing 80% with 10451 violations.
    elapsed time = 00:00:38, memory = 3620.30 (MB).
    Completing 90% with 10451 violations.
    elapsed time = 00:00:42, memory = 3381.01 (MB).
    Completing 100% with 10182 violations.
    elapsed time = 00:00:50, memory = 2738.66 (MB).
[INFO DRT-0199]   Number of violations = 10182.
Viol/Layer        mcon   met1   met2   met3   met4   via4   met5
Cut Spacing         28      0      0      0      0      1      0
Metal Spacing        0   1573    378     10      0      0      0
Short                0   7533    639     12      6      0      2
[INFO DRT-0267] cpu time = 00:10:57, elapsed time = 00:00:50, memory = 2741.74 (MB), peak = 3751.35 (MB)
Total wire length = 702064 um.
Total wire length on LAYER li1 = 0 um.
Total wire length on LAYER met1 = 262435 um.
Total wire length on LAYER met2 = 291490 um.
Total wire length on LAYER met3 = 83704 um.
Total wire length on LAYER met4 = 63358 um.
Total wire length on LAYER met5 = 1075 um.
Total number of vias = 142510.
Up-via summary (total 142510):

-------------------------
 FR_MASTERSLICE         0
            li1     63508
           met1     70314
           met2      6305
           met3      2294
           met4        89
-------------------------
               142510


[INFO DRT-0195] Start 3rd optimization iteration.
    Completing 10% with 10182 violations.
    elapsed time = 00:00:04, memory = 3509.07 (MB).
    Completing 20% with 10182 violations.
    elapsed time = 00:00:06, memory = 3181.04 (MB).
    Completing 30% with 7977 violations.
    elapsed time = 00:00:12, memory = 3781.07 (MB).
    Completing 40% with 7977 violations.
    elapsed time = 00:00:16, memory = 3465.30 (MB).
    Completing 50% with 7977 violations.
    elapsed time = 00:00:20, memory = 3043.46 (MB).
    Completing 60% with 6380 violations.
    elapsed time = 00:00:27, memory = 3626.30 (MB).
    Completing 70% with 6380 violations.
    elapsed time = 00:00:29, memory = 3261.34 (MB).
    Completing 80% with 4094 violations.
    elapsed time = 00:00:37, memory = 3831.55 (MB).
    Completing 90% with 4094 violations.
    elapsed time = 00:00:41, memory = 3449.26 (MB).
    Completing 100% with 1915 violations.
    elapsed time = 00:00:59, memory = 2845.91 (MB).
[INFO DRT-0199]   Number of violations = 1915.
Viol/Layer        mcon   met1    via   met2   met5
Cut Spacing          7      0      1      0      0
Metal Spacing        0    673      0     50      4
Short                0   1121      0     55      4
[INFO DRT-0267] cpu time = 00:11:26, elapsed time = 00:00:59, memory = 2845.91 (MB), peak = 3867.12 (MB)
Total wire length = 700952 um.
Total wire length on LAYER li1 = 0 um.
Total wire length on LAYER met1 = 241632 um.
Total wire length on LAYER met2 = 289227 um.
Total wire length on LAYER met3 = 102891 um.
Total wire length on LAYER met4 = 66136 um.
Total wire length on LAYER met5 = 1065 um.
Total number of vias = 146829.
Up-via summary (total 146829):

-------------------------
 FR_MASTERSLICE         0
            li1     63505
           met1     70968
           met2      9660
           met3      2611
           met4        85
-------------------------
               146829


[INFO DRT-0195] Start 4th optimization iteration.
    Completing 10% with 1915 violations.
    elapsed time = 00:00:00, memory = 3438.78 (MB).
    Completing 20% with 1915 violations.
    elapsed time = 00:00:01, memory = 3198.21 (MB).
    Completing 30% with 1457 violations.
    elapsed time = 00:00:05, memory = 2846.72 (MB).
    Completing 40% with 1457 violations.
    elapsed time = 00:00:06, memory = 3502.43 (MB).
    Completing 50% with 1457 violations.
    elapsed time = 00:00:08, memory = 3064.27 (MB).
    Completing 60% with 1203 violations.
    elapsed time = 00:00:16, memory = 3594.42 (MB).
    Completing 70% with 1203 violations.
    elapsed time = 00:00:16, memory = 3278.75 (MB).
    Completing 80% with 719 violations.
    elapsed time = 00:00:31, memory = 2850.79 (MB).
    Completing 90% with 719 violations.
    elapsed time = 00:00:32, memory = 3359.39 (MB).
    Completing 100% with 524 violations.
    elapsed time = 00:01:14, memory = 2850.79 (MB).
[INFO DRT-0199]   Number of violations = 524.
Viol/Layer        mcon   met1   met2
Cut Spacing          5      0      0
Metal Spacing        0    216     13
Short                0    282      8
[INFO DRT-0267] cpu time = 00:03:56, elapsed time = 00:01:14, memory = 2850.79 (MB), peak = 3867.12 (MB)
Total wire length = 700890 um.
Total wire length on LAYER li1 = 0 um.
Total wire length on LAYER met1 = 240307 um.
Total wire length on LAYER met2 = 289044 um.
Total wire length on LAYER met3 = 104219 um.
Total wire length on LAYER met4 = 66269 um.
Total wire length on LAYER met5 = 1048 um.
Total number of vias = 147010.
Up-via summary (total 147010):

-------------------------
 FR_MASTERSLICE         0
            li1     63504
           met1     70979
           met2      9804
           met3      2638
           met4        85
-------------------------
               147010


[INFO DRT-0195] Start 5th optimization iteration.
    Completing 10% with 524 violations.
    elapsed time = 00:00:00, memory = 2850.79 (MB).
    Completing 20% with 524 violations.
    elapsed time = 00:00:00, memory = 2850.79 (MB).
    Completing 30% with 438 violations.
    elapsed time = 00:00:06, memory = 2850.79 (MB).
    Completing 40% with 438 violations.
    elapsed time = 00:00:06, memory = 2850.79 (MB).
    Completing 50% with 438 violations.
    elapsed time = 00:00:07, memory = 3050.07 (MB).
    Completing 60% with 322 violations.
    elapsed time = 00:00:18, memory = 2850.79 (MB).
    Completing 70% with 322 violations.
    elapsed time = 00:00:18, memory = 2850.79 (MB).
    Completing 80% with 193 violations.
    elapsed time = 00:00:24, memory = 2850.79 (MB).
    Completing 90% with 193 violations.
    elapsed time = 00:00:24, memory = 2850.79 (MB).
    Completing 100% with 149 violations.
    elapsed time = 00:00:34, memory = 2850.79 (MB).
[INFO DRT-0199]   Number of violations = 149.
Viol/Layer        mcon   met1   met2
Cut Spacing          3      0      0
Metal Spacing        0     68      7
Short                0     71      0
[INFO DRT-0267] cpu time = 00:01:23, elapsed time = 00:00:34, memory = 2850.91 (MB), peak = 3867.12 (MB)
Total wire length = 700892 um.
Total wire length on LAYER li1 = 0 um.
Total wire length on LAYER met1 = 239881 um.
Total wire length on LAYER met2 = 288920 um.
Total wire length on LAYER met3 = 104624 um.
Total wire length on LAYER met4 = 66417 um.
Total wire length on LAYER met5 = 1048 um.
Total number of vias = 147059.
Up-via summary (total 147059):

-------------------------
 FR_MASTERSLICE         0
            li1     63503
           met1     70952
           met2      9870
           met3      2649
           met4        85
-------------------------
               147059


[INFO DRT-0195] Start 6th optimization iteration.
    Completing 10% with 149 violations.
    elapsed time = 00:00:00, memory = 2850.91 (MB).
    Completing 20% with 149 violations.
    elapsed time = 00:00:00, memory = 2850.91 (MB).
    Completing 30% with 105 violations.
    elapsed time = 00:00:05, memory = 2851.95 (MB).
    Completing 40% with 105 violations.
    elapsed time = 00:00:05, memory = 2851.95 (MB).
    Completing 50% with 105 violations.
    elapsed time = 00:00:09, memory = 2851.95 (MB).
    Completing 60% with 75 violations.
    elapsed time = 00:00:09, memory = 2851.95 (MB).
    Completing 70% with 75 violations.
    elapsed time = 00:00:09, memory = 2851.95 (MB).
    Completing 80% with 70 violations.
    elapsed time = 00:00:26, memory = 2851.95 (MB).
    Completing 90% with 70 violations.
    elapsed time = 00:00:26, memory = 2851.95 (MB).
    Completing 100% with 69 violations.
    elapsed time = 00:00:26, memory = 2851.95 (MB).
[INFO DRT-0199]   Number of violations = 69.
Viol/Layer        met1   met2
Metal Spacing       29      0
Short               38      2
[INFO DRT-0267] cpu time = 00:00:45, elapsed time = 00:00:26, memory = 2851.95 (MB), peak = 3867.12 (MB)
Total wire length = 700878 um.
Total wire length on LAYER li1 = 0 um.
Total wire length on LAYER met1 = 239756 um.
Total wire length on LAYER met2 = 288886 um.
Total wire length on LAYER met3 = 104762 um.
Total wire length on LAYER met4 = 66425 um.
Total wire length on LAYER met5 = 1048 um.
Total number of vias = 147060.
Up-via summary (total 147060):

-------------------------
 FR_MASTERSLICE         0
            li1     63503
           met1     70934
           met2      9891
           met3      2647
           met4        85
-------------------------
               147060


[INFO DRT-0195] Start 7th guides tiles iteration.
    Completing 10% with 69 violations.
    elapsed time = 00:00:00, memory = 2851.95 (MB).
    Completing 20% with 69 violations.
    elapsed time = 00:00:00, memory = 2851.95 (MB).
    Completing 30% with 69 violations.
    elapsed time = 00:00:00, memory = 2851.95 (MB).
    Completing 40% with 69 violations.
    elapsed time = 00:00:00, memory = 2851.95 (MB).
    Completing 50% with 69 violations.
    elapsed time = 00:00:00, memory = 2851.95 (MB).
    Completing 60% with 49 violations.
    elapsed time = 00:00:01, memory = 2851.95 (MB).
    Completing 70% with 49 violations.
    elapsed time = 00:00:01, memory = 2851.95 (MB).
    Completing 80% with 49 violations.
    elapsed time = 00:00:01, memory = 2851.95 (MB).
    Completing 90% with 49 violations.
    elapsed time = 00:00:02, memory = 2851.95 (MB).
    Completing 100% with 28 violations.
    elapsed time = 00:00:02, memory = 2851.95 (MB).
[INFO DRT-0199]   Number of violations = 28.
Viol/Layer        met1
Metal Spacing        7
Short               21
[INFO DRT-0267] cpu time = 00:00:06, elapsed time = 00:00:02, memory = 2851.95 (MB), peak = 3867.12 (MB)
Total wire length = 700885 um.
Total wire length on LAYER li1 = 0 um.
Total wire length on LAYER met1 = 239748 um.
Total wire length on LAYER met2 = 288889 um.
Total wire length on LAYER met3 = 104771 um.
Total wire length on LAYER met4 = 66427 um.
Total wire length on LAYER met5 = 1048 um.
Total number of vias = 147063.
Up-via summary (total 147063):

-------------------------
 FR_MASTERSLICE         0
            li1     63502
           met1     70930
           met2      9897
           met3      2649
           met4        85
-------------------------
               147063


[INFO DRT-0195] Start 8th guides tiles iteration.
    Completing 10% with 28 violations.
    elapsed time = 00:00:00, memory = 2851.95 (MB).
    Completing 20% with 28 violations.
    elapsed time = 00:00:00, memory = 2851.95 (MB).
    Completing 40% with 28 violations.
    elapsed time = 00:00:00, memory = 2851.95 (MB).
    Completing 50% with 28 violations.
    elapsed time = 00:00:01, memory = 2851.95 (MB).
    Completing 70% with 28 violations.
    elapsed time = 00:00:01, memory = 2851.95 (MB).
    Completing 80% with 28 violations.
    elapsed time = 00:00:02, memory = 2851.95 (MB).
    Completing 100% with 28 violations.
    elapsed time = 00:00:02, memory = 2851.95 (MB).
[INFO DRT-0199]   Number of violations = 28.
Viol/Layer        met1
Metal Spacing        7
Short               21
[INFO DRT-0267] cpu time = 00:00:04, elapsed time = 00:00:02, memory = 2851.95 (MB), peak = 3867.12 (MB)
Total wire length = 700883 um.
Total wire length on LAYER li1 = 0 um.
Total wire length on LAYER met1 = 239741 um.
Total wire length on LAYER met2 = 288890 um.
Total wire length on LAYER met3 = 104775 um.
Total wire length on LAYER met4 = 66427 um.
Total wire length on LAYER met5 = 1048 um.
Total number of vias = 147063.
Up-via summary (total 147063):

-------------------------
 FR_MASTERSLICE         0
            li1     63502
           met1     70928
           met2      9899
           met3      2649
           met4        85
-------------------------
               147063


[INFO DRT-0195] Start 9th stubborn tiles iteration.
    Completing 10% with 28 violations.
    elapsed time = 00:00:05, memory = 3915.24 (MB).
    Completing 20% with 28 violations.
    elapsed time = 00:00:07, memory = 4326.14 (MB).
    Completing 30% with 28 violations.
    elapsed time = 00:00:11, memory = 5087.72 (MB).
    Completing 40% with 28 violations.
    elapsed time = 00:00:29, memory = 6084.82 (MB).
    Completing 50% with 28 violations.
    elapsed time = 00:00:57, memory = 5485.68 (MB).
    Completing 60% with 28 violations.
    elapsed time = 00:01:11, memory = 4456.82 (MB).
    Completing 70% with 2 violations.
    elapsed time = 00:01:33, memory = 5031.44 (MB).
    Completing 80% with 2 violations.
    elapsed time = 00:01:33, memory = 5051.35 (MB).
    Completing 90% with 2 violations.
    elapsed time = 00:01:34, memory = 4428.69 (MB).
    Completing 100% with 1 violations.
    elapsed time = 00:01:41, memory = 3784.45 (MB).
[INFO DRT-0199]   Number of violations = 1.
Viol/Layer        met1
Metal Spacing        1
[INFO DRT-0267] cpu time = 00:30:53, elapsed time = 00:01:41, memory = 3784.45 (MB), peak = 6211.43 (MB)
Total wire length = 700872 um.
Total wire length on LAYER li1 = 0 um.
Total wire length on LAYER met1 = 239749 um.
Total wire length on LAYER met2 = 288866 um.
Total wire length on LAYER met3 = 104780 um.
Total wire length on LAYER met4 = 66427 um.
Total wire length on LAYER met5 = 1048 um.
Total number of vias = 147075.
Up-via summary (total 147075):

-------------------------
 FR_MASTERSLICE         0
            li1     63502
           met1     70938
           met2      9901
           met3      2649
           met4        85
-------------------------
               147075


[INFO DRT-0195] Start 10th guides tiles iteration.
    Completing 100% with 1 violations.
    elapsed time = 00:00:00, memory = 3784.45 (MB).
[INFO DRT-0199]   Number of violations = 1.
Viol/Layer        met1
Metal Spacing        1
[INFO DRT-0267] cpu time = 00:00:00, elapsed time = 00:00:00, memory = 3784.45 (MB), peak = 6211.43 (MB)
Total wire length = 700872 um.
Total wire length on LAYER li1 = 0 um.
Total wire length on LAYER met1 = 239749 um.
Total wire length on LAYER met2 = 288866 um.
Total wire length on LAYER met3 = 104780 um.
Total wire length on LAYER met4 = 66427 um.
Total wire length on LAYER met5 = 1048 um.
Total number of vias = 147075.
Up-via summary (total 147075):

-------------------------
 FR_MASTERSLICE         0
            li1     63502
           met1     70938
           met2      9901
           met3      2649
           met4        85
-------------------------
               147075


[INFO DRT-0195] Start 11th stubborn tiles iteration.
    Completing 10% with 1 violations.
    elapsed time = 00:00:01, memory = 5284.52 (MB).
    Completing 20% with 1 violations.
    elapsed time = 00:00:02, memory = 5428.36 (MB).
    Completing 30% with 1 violations.
    elapsed time = 00:00:03, memory = 5465.38 (MB).
    Completing 40% with 1 violations.
    elapsed time = 00:00:05, memory = 5373.10 (MB).
    Completing 50% with 1 violations.
    elapsed time = 00:00:06, memory = 5072.48 (MB).
    Completing 60% with 1 violations.
    elapsed time = 00:00:07, memory = 4848.83 (MB).
    Completing 70% with 1 violations.
    elapsed time = 00:00:09, memory = 4578.55 (MB).
    Completing 80% with 1 violations.
    elapsed time = 00:00:12, memory = 4373.96 (MB).
    Completing 90% with 1 violations.
    elapsed time = 00:00:15, memory = 4117.81 (MB).
    Completing 100% with 0 violations.
    elapsed time = 00:00:32, memory = 3829.29 (MB).
[INFO DRT-0199]   Number of violations = 0.
[INFO DRT-0267] cpu time = 00:05:02, elapsed time = 00:00:32, memory = 3829.29 (MB), peak = 6211.43 (MB)
Total wire length = 700866 um.
Total wire length on LAYER li1 = 0 um.
Total wire length on LAYER met1 = 239744 um.
Total wire length on LAYER met2 = 288865 um.
Total wire length on LAYER met3 = 104780 um.
Total wire length on LAYER met4 = 66427 um.
Total wire length on LAYER met5 = 1048 um.
Total number of vias = 147076.
Up-via summary (total 147076):

-------------------------
 FR_MASTERSLICE         0
            li1     63502
           met1     70939
           met2      9901
           met3      2649
           met4        85
-------------------------
               147076


[INFO DRT-0198] Complete detail routing.
Total wire length = 700866 um.
Total wire length on LAYER li1 = 0 um.
Total wire length on LAYER met1 = 239744 um.
Total wire length on LAYER met2 = 288865 um.
Total wire length on LAYER met3 = 104780 um.
Total wire length on LAYER met4 = 66427 um.
Total wire length on LAYER met5 = 1048 um.
Total number of vias = 147076.
Up-via summary (total 147076):

-------------------------
 FR_MASTERSLICE         0
            li1     63502
           met1     70939
           met2      9901
           met3      2649
           met4        85
-------------------------
               147076


[INFO DRT-0267] cpu time = 01:29:11, elapsed time = 00:08:14, memory = 3829.29 (MB), peak = 6211.43 (MB)

[INFO DRT-0180] Post processing.
[INFO DRT-0501] Runtime: 511.60s
Took 512 seconds: detailed_route -output_drc /work/reports/sky130hd/m7_j0/p9p0/5_route_drc.rpt -output_maze /work/results/sky130hd/m7_j0/p9p0/maze.log -droute_end_iter 64 -verbose 1 -drc_report_iter_step 5
[INFO GRT-0012] Found 17 antenna violations.
[INFO DPL-0006] Core area: 271002.41 um^2
[INFO DPL-0007] Movable instances area: 5.00 um^2
[INFO DPL-0008] Fixed instances area within core: 174473.58 um^2
[INFO DPL-0009] Utilization: 64.4%
[INFO DPL-0005] Diamond search max displacement: +/- 500 sites horizontally, +/- 100 rows vertically.
[INFO DPL-1102] Legalizing using negotiation legalizer.
[INFO DPL-1103] Negotiation base search window: +/-20 sites horizontally, +/-5 rows vertically 
	Automatic search window extension enabled.
	Search window extendable up to the max displacement cap of +/-500 sites, +/-100 rows near walls.
[INFO DPL-1104] NegotiationLegalizer DRC penalty: 5.
[INFO DPL-0392] Negotiation cell height distribution (1 unique row-count(s)):
[INFO DPL-0393]   height 1 row(s): 21983 cells
          |      Total |  Illegal |  Illegal
Iteration | Violations |    Cells |    Sites
---------------------------------------------
        0 |          0 |         0 |         0
Negotiation phase 1 converged at iteration 0.
[INFO DPL-0500] Runtime: 0.06s
[INFO GRT-0015] Inserted 20 diodes.
[WARNING DRT-0120] Large net net36 has 123 pins which may impact routing performance. Consider optimization.
[WARNING DRT-0120] Large net net5302 has 137 pins which may impact routing performance. Consider optimization.
[WARNING DRT-0120] Large net net5300 has 134 pins which may impact routing performance. Consider optimization.
[WARNING DRT-0120] Large net net5296 has 124 pins which may impact routing performance. Consider optimization.
[WARNING DRT-0120] Large net net5295 has 167 pins which may impact routing performance. Consider optimization.
[WARNING DRT-0120] Large net net5293 has 161 pins which may impact routing performance. Consider optimization.
[WARNING DRT-0120] Large net net5292 has 173 pins which may impact routing performance. Consider optimization.
[WARNING DRT-0120] Large net net5286 has 171 pins which may impact routing performance. Consider optimization.
[INFO DRT-0024]   Complete FR_MASTERSLICE.
[INFO DRT-0024]   Complete Fr_VIA.
[INFO DRT-0024]   Complete li1.
[INFO DRT-0024]   Complete mcon.
[INFO DRT-0024]   Complete met1.
[INFO DRT-0024]   Complete via.
[INFO DRT-0024]   Complete met2.
[INFO DRT-0024]   Complete via2.
[INFO DRT-0024]   Complete met3.
[INFO DRT-0024]   Complete via3.
[INFO DRT-0024]   Complete met4.
[INFO DRT-0024]   Complete via4.
[INFO DRT-0024]   Complete met5.
[INFO DRT-0165] Start pin access.
[INFO DRT-0076]   Complete 1000 pins.
[INFO DRT-0076]   Complete 2000 pins.
[INFO DRT-0078]   Complete 2457 pins.
[INFO DRT-0079]   Complete 100 unique inst patterns.
[INFO DRT-0079]   Complete 200 unique inst patterns.
[INFO DRT-0079]   Complete 300 unique inst patterns.
[INFO DRT-0081]   Complete 302 unique inst patterns.
[INFO DRT-0082]   Complete 10000 groups.
[INFO DRT-0084]   Complete 11589 groups.
#scanned instances     = 21983
#unique  instances     = 302
#stdCellGenAp          = 9700
#stdCellValidPlanarAp  = 84
#stdCellValidViaAp     = 7172
#stdCellPinNoAp        = 0
#stdCellPinCnt         = 64848
#instTermValidViaApCnt = 0
#macroGenAp            = 0
#macroValidPlanarAp    = 0
#macroValidViaAp       = 0
#macroNoAp             = 0
[INFO DRT-0166] Complete pin access.
[INFO DRT-0267] cpu time = 00:05:42, elapsed time = 00:00:14, memory = 2880.22 (MB), peak = 6211.43 (MB)
[INFO DRT-0156] guideIn read 100000 guides.

[INFO DRT-0157] Number of guides:     154121

[INFO DRT-0169] Post process guides.
[INFO DRT-0176] GCELLGRID X 0 DO 75 STEP 6900 ;
[INFO DRT-0177] GCELLGRID Y 0 DO 75 STEP 6900 ;
[INFO DRT-0026]   Complete 100000 origin guides.
[INFO DRT-0028]   Complete FR_MASTERSLICE.
[INFO DRT-0028]   Complete Fr_VIA.
[INFO DRT-0028]   Complete li1.
[INFO DRT-0028]   Complete mcon.
[INFO DRT-0028]   Complete met1.
[INFO DRT-0028]   Complete via.
[INFO DRT-0028]   Complete met2.
[INFO DRT-0028]   Complete via2.
[INFO DRT-0028]   Complete met3.
[INFO DRT-0028]   Complete via3.
[INFO DRT-0028]   Complete met4.
[INFO DRT-0028]   Complete via4.
[INFO DRT-0028]   Complete met5.
[INFO DRT-0178] Init guide query.
[INFO DRT-0035]   Complete FR_MASTERSLICE (guide).
[INFO DRT-0035]   Complete Fr_VIA (guide).
[INFO DRT-0035]   Complete li1 (guide).
[INFO DRT-0035]   Complete mcon (guide).
[INFO DRT-0035]   Complete met1 (guide).
[INFO DRT-0035]   Complete via (guide).
[INFO DRT-0035]   Complete met2 (guide).
[INFO DRT-0035]   Complete via2 (guide).
[INFO DRT-0035]   Complete met3 (guide).
[INFO DRT-0035]   Complete via3 (guide).
[INFO DRT-0035]   Complete met4 (guide).
[INFO DRT-0035]   Complete via4 (guide).
[INFO DRT-0035]   Complete met5 (guide).
[INFO DRT-0036] FR_MASTERSLICE guide region query size = 0.
[INFO DRT-0036] FR_VIA guide region query size = 0.
[INFO DRT-0036] li1 guide region query size = 50600.
[INFO DRT-0036] mcon guide region query size = 0.
[INFO DRT-0036] met1 guide region query size = 44953.
[INFO DRT-0036] via guide region query size = 0.
[INFO DRT-0036] met2 guide region query size = 24359.
[INFO DRT-0036] via2 guide region query size = 0.
[INFO DRT-0036] met3 guide region query size = 3630.
[INFO DRT-0036] via3 guide region query size = 0.
[INFO DRT-0036] met4 guide region query size = 1305.
[INFO DRT-0036] via4 guide region query size = 0.
[INFO DRT-0036] met5 guide region query size = 47.
[INFO DRT-0179] Init gr pin query.
[INFO DRT-0267] cpu time = 00:00:01, elapsed time = 00:00:00, memory = 2880.22 (MB), peak = 6211.43 (MB)
[INFO DRT-0245] skipped writing guide updates to database.
[INFO DRT-0181] Start track assignment.
[INFO DRT-0184] Done with 76264 vertical wires in 2 frboxes and 48630 horizontal wires in 2 frboxes.
[INFO DRT-0186] Done with 12139 vertical wires in 2 frboxes and 16223 horizontal wires in 2 frboxes.
[INFO DRT-0182] Complete track assignment.
[INFO DRT-0267] cpu time = 00:00:05, elapsed time = 00:00:03, memory = 2921.07 (MB), peak = 6211.43 (MB)
[INFO DRT-0187] Start routing data preparation.
[INFO DRT-0267] cpu time = 00:00:00, elapsed time = 00:00:00, memory = 2921.07 (MB), peak = 6211.43 (MB)
[INFO DRT-0194] Start detail routing.
[INFO DRT-0195] Start 0th optimization iteration.
    Completing 10% with 0 violations.
    elapsed time = 00:00:00, memory = 3347.13 (MB).
    Completing 20% with 0 violations.
    elapsed time = 00:00:01, memory = 3148.50 (MB).
    Completing 30% with 318 violations.
    elapsed time = 00:00:03, memory = 3738.10 (MB).
    Completing 40% with 318 violations.
    elapsed time = 00:00:04, memory = 3577.18 (MB).
    Completing 50% with 318 violations.
    elapsed time = 00:00:04, memory = 3185.47 (MB).
    Completing 60% with 588 violations.
    elapsed time = 00:00:06, memory = 3640.63 (MB).
    Completing 70% with 588 violations.
    elapsed time = 00:00:06, memory = 3251.33 (MB).
    Completing 80% with 1042 violations.
    elapsed time = 00:00:10, memory = 3793.97 (MB).
    Completing 90% with 1042 violations.
    elapsed time = 00:00:11, memory = 3277.84 (MB).
    Completing 100% with 1415 violations.
    elapsed time = 00:00:15, memory = 2916.55 (MB).
[INFO DRT-0199]   Number of violations = 1634.
Viol/Layer         li1   met1    via   met2   met3   met4
Metal Spacing        0    129      0     94     12      1
Recheck              1    101      0     91     20      6
Short                0    642      2    468     56     11
[INFO DRT-0267] cpu time = 00:02:13, elapsed time = 00:00:15, memory = 3041.05 (MB), peak = 6211.43 (MB)
Total wire length = 701265 um.
Total wire length on LAYER li1 = 0 um.
Total wire length on LAYER met1 = 241750 um.
Total wire length on LAYER met2 = 290021 um.
Total wire length on LAYER met3 = 102952 um.
Total wire length on LAYER met4 = 65572 um.
Total wire length on LAYER met5 = 968 um.
Total number of vias = 147138.
Up-via summary (total 147138):

-------------------------
 FR_MASTERSLICE         0
            li1     63534
           met1     71190
           met2      9750
           met3      2585
           met4        79
-------------------------
               147138


[INFO DRT-0195] Start 1st optimization iteration.
    Completing 10% with 1634 violations.
    elapsed time = 00:00:00, memory = 3912.61 (MB).
    Completing 20% with 1634 violations.
    elapsed time = 00:00:01, memory = 3498.99 (MB).
    Completing 30% with 1321 violations.
    elapsed time = 00:00:02, memory = 4012.46 (MB).
    Completing 40% with 1321 violations.
    elapsed time = 00:00:03, memory = 3701.02 (MB).
    Completing 50% with 1321 violations.
    elapsed time = 00:00:03, memory = 3239.83 (MB).
    Completing 60% with 1069 violations.
    elapsed time = 00:00:07, memory = 3894.98 (MB).
    Completing 70% with 1069 violations.
    elapsed time = 00:00:08, memory = 3489.89 (MB).
    Completing 80% with 799 violations.
    elapsed time = 00:00:10, memory = 3904.31 (MB).
    Completing 90% with 799 violations.
    elapsed time = 00:00:10, memory = 3562.08 (MB).
    Completing 100% with 505 violations.
    elapsed time = 00:00:12, memory = 3044.68 (MB).
[INFO DRT-0199]   Number of violations = 505.
Viol/Layer        met1   met2   met3   met4
Metal Spacing       29     39      2      1
Short              319    112      1      2
[INFO DRT-0267] cpu time = 00:01:58, elapsed time = 00:00:12, memory = 3044.68 (MB), peak = 6211.43 (MB)
Total wire length = 700877 um.
Total wire length on LAYER li1 = 0 um.
Total wire length on LAYER met1 = 241562 um.
Total wire length on LAYER met2 = 289760 um.
Total wire length on LAYER met3 = 102952 um.
Total wire length on LAYER met4 = 65633 um.
Total wire length on LAYER met5 = 968 um.
Total number of vias = 147036.
Up-via summary (total 147036):

-------------------------
 FR_MASTERSLICE         0
            li1     63531
           met1     71086
           met2      9745
           met3      2595
           met4        79
-------------------------
               147036


[INFO DRT-0195] Start 2nd optimization iteration.
    Completing 10% with 505 violations.
    elapsed time = 00:00:00, memory = 3044.68 (MB).
    Completing 20% with 505 violations.
    elapsed time = 00:00:01, memory = 3383.04 (MB).
    Completing 30% with 501 violations.
    elapsed time = 00:00:02, memory = 3044.68 (MB).
    Completing 40% with 501 violations.
    elapsed time = 00:00:02, memory = 3044.68 (MB).
    Completing 50% with 501 violations.
    elapsed time = 00:00:04, memory = 3044.68 (MB).
    Completing 60% with 450 violations.
    elapsed time = 00:00:04, memory = 3044.68 (MB).
    Completing 70% with 450 violations.
    elapsed time = 00:00:05, memory = 3314.36 (MB).
    Completing 80% with 438 violations.
    elapsed time = 00:00:06, memory = 3044.68 (MB).
    Completing 90% with 438 violations.
    elapsed time = 00:00:06, memory = 3044.68 (MB).
    Completing 100% with 430 violations.
    elapsed time = 00:00:08, memory = 3044.68 (MB).
[INFO DRT-0199]   Number of violations = 430.
Viol/Layer        met1   met2   met3   met4
Metal Spacing       46     20      2      0
Short              287     72      0      3
[INFO DRT-0267] cpu time = 00:00:57, elapsed time = 00:00:08, memory = 3044.68 (MB), peak = 6211.43 (MB)
Total wire length = 700845 um.
Total wire length on LAYER li1 = 0 um.
Total wire length on LAYER met1 = 241539 um.
Total wire length on LAYER met2 = 289709 um.
Total wire length on LAYER met3 = 102945 um.
Total wire length on LAYER met4 = 65682 um.
Total wire length on LAYER met5 = 968 um.
Total number of vias = 147004.
Up-via summary (total 147004):

-------------------------
 FR_MASTERSLICE         0
            li1     63531
           met1     71054
           met2      9747
           met3      2593
           met4        79
-------------------------
               147004


[INFO DRT-0195] Start 3rd optimization iteration.
    Completing 10% with 430 violations.
    elapsed time = 00:00:00, memory = 3044.68 (MB).
    Completing 20% with 430 violations.
    elapsed time = 00:00:00, memory = 3044.68 (MB).
    Completing 30% with 367 violations.
    elapsed time = 00:00:03, memory = 3044.68 (MB).
    Completing 40% with 367 violations.
    elapsed time = 00:00:03, memory = 3044.68 (MB).
    Completing 50% with 367 violations.
    elapsed time = 00:00:03, memory = 3270.48 (MB).
    Completing 60% with 337 violations.
    elapsed time = 00:00:09, memory = 3044.68 (MB).
    Completing 70% with 337 violations.
    elapsed time = 00:00:09, memory = 3511.23 (MB).
    Completing 80% with 226 violations.
    elapsed time = 00:00:11, memory = 3044.68 (MB).
    Completing 90% with 226 violations.
    elapsed time = 00:00:11, memory = 3044.68 (MB).
    Completing 100% with 142 violations.
    elapsed time = 00:00:40, memory = 3044.68 (MB).
[INFO DRT-0199]   Number of violations = 142.
Viol/Layer        mcon   met1   met2
Cut Spacing          1      0      0
Metal Spacing        0     31      2
Short                0    101      7
[INFO DRT-0267] cpu time = 00:01:30, elapsed time = 00:00:41, memory = 3047.68 (MB), peak = 6211.43 (MB)
Total wire length = 700817 um.
Total wire length on LAYER li1 = 0 um.
Total wire length on LAYER met1 = 240660 um.
Total wire length on LAYER met2 = 289259 um.
Total wire length on LAYER met3 = 103772 um.
Total wire length on LAYER met4 = 66169 um.
Total wire length on LAYER met5 = 955 um.
Total number of vias = 147230.
Up-via summary (total 147230):

-------------------------
 FR_MASTERSLICE         0
            li1     63529
           met1     71120
           met2      9874
           met3      2630
           met4        77
-------------------------
               147230


[INFO DRT-0195] Start 4th optimization iteration.
    Completing 10% with 142 violations.
    elapsed time = 00:00:00, memory = 3047.68 (MB).
    Completing 20% with 142 violations.
    elapsed time = 00:00:00, memory = 3047.68 (MB).
    Completing 30% with 135 violations.
    elapsed time = 00:00:00, memory = 3047.68 (MB).
    Completing 40% with 135 violations.
    elapsed time = 00:00:00, memory = 3047.68 (MB).
    Completing 50% with 135 violations.
    elapsed time = 00:00:00, memory = 3252.94 (MB).
    Completing 60% with 85 violations.
    elapsed time = 00:00:02, memory = 3047.68 (MB).
    Completing 70% with 85 violations.
    elapsed time = 00:00:02, memory = 3047.68 (MB).
    Completing 80% with 84 violations.
    elapsed time = 00:00:07, memory = 3047.69 (MB).
    Completing 90% with 84 violations.
    elapsed time = 00:00:07, memory = 3047.69 (MB).
    Completing 100% with 69 violations.
    elapsed time = 00:00:45, memory = 3047.69 (MB).
[INFO DRT-0199]   Number of violations = 69.
Viol/Layer        mcon   met1   met2
Cut Spacing          1      0      0
Metal Spacing        0     21      1
Short                0     43      3
[INFO DRT-0267] cpu time = 00:00:54, elapsed time = 00:00:45, memory = 3047.69 (MB), peak = 6211.43 (MB)
Total wire length = 700839 um.
Total wire length on LAYER li1 = 0 um.
Total wire length on LAYER met1 = 240489 um.
Total wire length on LAYER met2 = 289223 um.
Total wire length on LAYER met3 = 103968 um.
Total wire length on LAYER met4 = 66201 um.
Total wire length on LAYER met5 = 955 um.
Total number of vias = 147251.
Up-via summary (total 147251):

-------------------------
 FR_MASTERSLICE         0
            li1     63529
           met1     71121
           met2      9889
           met3      2635
           met4        77
-------------------------
               147251


[INFO DRT-0195] Start 5th guides tiles iteration.
    Completing 10% with 69 violations.
    elapsed time = 00:00:00, memory = 3047.69 (MB).
    Completing 20% with 69 violations.
    elapsed time = 00:00:01, memory = 3047.69 (MB).
    Completing 40% with 69 violations.
    elapsed time = 00:00:04, memory = 3047.69 (MB).
    Completing 50% with 47 violations.
    elapsed time = 00:00:04, memory = 3047.69 (MB).
    Completing 70% with 47 violations.
    elapsed time = 00:00:16, memory = 3047.69 (MB).
    Completing 80% with 36 violations.
    elapsed time = 00:00:16, memory = 3047.69 (MB).
    Completing 100% with 27 violations.
    elapsed time = 00:00:16, memory = 3047.69 (MB).
[INFO DRT-0199]   Number of violations = 27.
Viol/Layer        mcon   met1
Cut Spacing          1      0
Metal Spacing        0     12
Short                0     14
[INFO DRT-0267] cpu time = 00:00:20, elapsed time = 00:00:16, memory = 3047.69 (MB), peak = 6211.43 (MB)
Total wire length = 700843 um.
Total wire length on LAYER li1 = 0 um.
Total wire length on LAYER met1 = 240463 um.
Total wire length on LAYER met2 = 289210 um.
Total wire length on LAYER met3 = 104011 um.
Total wire length on LAYER met4 = 66201 um.
Total wire length on LAYER met5 = 955 um.
Total number of vias = 147244.
Up-via summary (total 147244):

-------------------------
 FR_MASTERSLICE         0
            li1     63529
           met1     71108
           met2      9894
           met3      2636
           met4        77
-------------------------
               147244


[INFO DRT-0195] Start 6th guides tiles iteration.
    Completing 10% with 27 violations.
    elapsed time = 00:00:00, memory = 3047.69 (MB).
    Completing 30% with 27 violations.
    elapsed time = 00:00:00, memory = 3047.69 (MB).
    Completing 50% with 27 violations.
    elapsed time = 00:00:01, memory = 3047.69 (MB).
    Completing 60% with 24 violations.
    elapsed time = 00:00:01, memory = 3047.69 (MB).
    Completing 80% with 24 violations.
    elapsed time = 00:00:01, memory = 3047.69 (MB).
    Completing 100% with 21 violations.
    elapsed time = 00:00:01, memory = 3047.69 (MB).
[INFO DRT-0199]   Number of violations = 21.
Viol/Layer        met1   met2
Metal Spacing        7      1
Short               12      1
[INFO DRT-0267] cpu time = 00:00:03, elapsed time = 00:00:01, memory = 3047.69 (MB), peak = 6211.43 (MB)
Total wire length = 700884 um.
Total wire length on LAYER li1 = 0 um.
Total wire length on LAYER met1 = 240477 um.
Total wire length on LAYER met2 = 289218 um.
Total wire length on LAYER met3 = 104025 um.
Total wire length on LAYER met4 = 66208 um.
Total wire length on LAYER met5 = 955 um.
Total number of vias = 147249.
Up-via summary (total 147249):

-------------------------
 FR_MASTERSLICE         0
            li1     63529
           met1     71109
           met2      9896
           met3      2638
           met4        77
-------------------------
               147249


[INFO DRT-0195] Start 7th guides tiles iteration.
    Completing 10% with 21 violations.
    elapsed time = 00:00:00, memory = 3047.69 (MB).
    Completing 30% with 21 violations.
    elapsed time = 00:00:00, memory = 3047.69 (MB).
    Completing 50% with 21 violations.
    elapsed time = 00:00:01, memory = 3047.69 (MB).
    Completing 60% with 21 violations.
    elapsed time = 00:00:01, memory = 3047.69 (MB).
    Completing 80% with 21 violations.
    elapsed time = 00:00:01, memory = 3047.69 (MB).
    Completing 100% with 16 violations.
    elapsed time = 00:00:01, memory = 3047.69 (MB).
[INFO DRT-0199]   Number of violations = 16.
Viol/Layer        met1
Metal Spacing        7
Short                9
[INFO DRT-0267] cpu time = 00:00:03, elapsed time = 00:00:01, memory = 3047.69 (MB), peak = 6211.43 (MB)
Total wire length = 700869 um.
Total wire length on LAYER li1 = 0 um.
Total wire length on LAYER met1 = 240442 um.
Total wire length on LAYER met2 = 289215 um.
Total wire length on LAYER met3 = 104047 um.
Total wire length on LAYER met4 = 66208 um.
Total wire length on LAYER met5 = 955 um.
Total number of vias = 147247.
Up-via summary (total 147247):

-------------------------
 FR_MASTERSLICE         0
            li1     63529
           met1     71105
           met2      9898
           met3      2638
           met4        77
-------------------------
               147247


[INFO DRT-0195] Start 8th guides tiles iteration.
    Completing 20% with 16 violations.
    elapsed time = 00:00:00, memory = 3047.69 (MB).
    Completing 50% with 16 violations.
    elapsed time = 00:00:01, memory = 3047.69 (MB).
    Completing 70% with 16 violations.
    elapsed time = 00:00:01, memory = 3047.69 (MB).
    Completing 100% with 16 violations.
    elapsed time = 00:00:01, memory = 3047.69 (MB).
[INFO DRT-0199]   Number of violations = 16.
Viol/Layer        met1
Metal Spacing        7
Short                9
[INFO DRT-0267] cpu time = 00:00:02, elapsed time = 00:00:01, memory = 3047.69 (MB), peak = 6211.43 (MB)
Total wire length = 700869 um.
Total wire length on LAYER li1 = 0 um.
Total wire length on LAYER met1 = 240442 um.
Total wire length on LAYER met2 = 289215 um.
Total wire length on LAYER met3 = 104047 um.
Total wire length on LAYER met4 = 66208 um.
Total wire length on LAYER met5 = 955 um.
Total number of vias = 147247.
Up-via summary (total 147247):

-------------------------
 FR_MASTERSLICE         0
            li1     63529
           met1     71105
           met2      9898
           met3      2638
           met4        77
-------------------------
               147247


[INFO DRT-0195] Start 9th stubborn tiles iteration.
    Completing 10% with 16 violations.
    elapsed time = 00:00:40, memory = 5438.96 (MB).
    Completing 20% with 16 violations.
    elapsed time = 00:00:50, memory = 5075.62 (MB).
    Completing 30% with 16 violations.
    elapsed time = 00:00:58, memory = 4435.79 (MB).
    Completing 40% with 16 violations.
    elapsed time = 00:01:06, memory = 3715.42 (MB).
    Completing 50% with 16 violations.
    elapsed time = 00:01:19, memory = 3111.90 (MB).
    Completing 60% with 2 violations.
    elapsed time = 00:01:20, memory = 4082.79 (MB).
    Completing 70% with 2 violations.
    elapsed time = 00:01:20, memory = 4068.55 (MB).
    Completing 80% with 2 violations.
    elapsed time = 00:01:21, memory = 3738.38 (MB).
    Completing 90% with 2 violations.
    elapsed time = 00:01:25, memory = 3519.73 (MB).
    Completing 100% with 1 violations.
    elapsed time = 00:01:30, memory = 3112.13 (MB).
[INFO DRT-0199]   Number of violations = 1.
Viol/Layer        met1
Metal Spacing        1
[INFO DRT-0267] cpu time = 00:30:33, elapsed time = 00:01:31, memory = 3112.13 (MB), peak = 6211.43 (MB)
Total wire length = 700895 um.
Total wire length on LAYER li1 = 0 um.
Total wire length on LAYER met1 = 240416 um.
Total wire length on LAYER met2 = 289228 um.
Total wire length on LAYER met3 = 104074 um.
Total wire length on LAYER met4 = 66220 um.
Total wire length on LAYER met5 = 955 um.
Total number of vias = 147265.
Up-via summary (total 147265):

-------------------------
 FR_MASTERSLICE         0
            li1     63529
           met1     71112
           met2      9907
           met3      2640
           met4        77
-------------------------
               147265


[INFO DRT-0195] Start 10th guides tiles iteration.
    Completing 50% with 1 violations.
    elapsed time = 00:00:00, memory = 3112.13 (MB).
    Completing 100% with 0 violations.
    elapsed time = 00:00:00, memory = 3112.13 (MB).
[INFO DRT-0199]   Number of violations = 0.
[INFO DRT-0267] cpu time = 00:00:01, elapsed time = 00:00:00, memory = 3112.13 (MB), peak = 6211.43 (MB)
Total wire length = 700909 um.
Total wire length on LAYER li1 = 0 um.
Total wire length on LAYER met1 = 240421 um.
Total wire length on LAYER met2 = 289228 um.
Total wire length on LAYER met3 = 104080 um.
Total wire length on LAYER met4 = 66223 um.
Total wire length on LAYER met5 = 955 um.
Total number of vias = 147268.
Up-via summary (total 147268):

-------------------------
 FR_MASTERSLICE         0
            li1     63529
           met1     71113
           met2      9909
           met3      2640
           met4        77
-------------------------
               147268


[INFO DRT-0198] Complete detail routing.
Total wire length = 700909 um.
Total wire length on LAYER li1 = 0 um.
Total wire length on LAYER met1 = 240421 um.
Total wire length on LAYER met2 = 289228 um.
Total wire length on LAYER met3 = 104080 um.
Total wire length on LAYER met4 = 66223 um.
Total wire length on LAYER met5 = 955 um.
Total number of vias = 147268.
Up-via summary (total 147268):

-------------------------
 FR_MASTERSLICE         0
            li1     63529
           met1     71113
           met2      9909
           met3      2640
           met4        77
-------------------------
               147268


[INFO DRT-0267] cpu time = 00:38:39, elapsed time = 00:03:56, memory = 3112.13 (MB), peak = 6211.43 (MB)

[INFO DRT-0180] Post processing.
[INFO DRT-0501] Runtime: 254.59s
[INFO ANT-0002] Found 3 net violations.
[INFO ANT-0001] Found 4 pin violations.
[INFO GRT-0012] Found 3 antenna violations.
[INFO DPL-0006] Core area: 271002.41 um^2
[INFO DPL-0007] Movable instances area: 0.00 um^2
[INFO DPL-0008] Fixed instances area within core: 174488.60 um^2
[INFO DPL-0009] Utilization: 64.4%
[INFO DPL-0005] Diamond search max displacement: +/- 500 sites horizontally, +/- 100 rows vertically.
[INFO DPL-1102] Legalizing using negotiation legalizer.
[INFO DPL-1103] Negotiation base search window: +/-20 sites horizontally, +/-5 rows vertically 
	Automatic search window extension enabled.
	Search window extendable up to the max displacement cap of +/-500 sites, +/-100 rows near walls.
[INFO DPL-1104] NegotiationLegalizer DRC penalty: 5.
[INFO DPL-0392] Negotiation cell height distribution (1 unique row-count(s)):
[INFO DPL-0393]   height 1 row(s): 21987 cells
[INFO DPL-0500] Runtime: 0.06s
[INFO GRT-0015] Inserted 4 diodes.
[WARNING DRT-0120] Large net net36 has 123 pins which may impact routing performance. Consider optimization.
[WARNING DRT-0120] Large net net5302 has 137 pins which may impact routing performance. Consider optimization.
[WARNING DRT-0120] Large net net5300 has 134 pins which may impact routing performance. Consider optimization.
[WARNING DRT-0120] Large net net5296 has 124 pins which may impact routing performance. Consider optimization.
[WARNING DRT-0120] Large net net5295 has 167 pins which may impact routing performance. Consider optimization.
[WARNING DRT-0120] Large net net5293 has 161 pins which may impact routing performance. Consider optimization.
[WARNING DRT-0120] Large net net5292 has 173 pins which may impact routing performance. Consider optimization.
[WARNING DRT-0120] Large net net5286 has 171 pins which may impact routing performance. Consider optimization.
[INFO DRT-0024]   Complete FR_MASTERSLICE.
[INFO DRT-0024]   Complete Fr_VIA.
[INFO DRT-0024]   Complete li1.
[INFO DRT-0024]   Complete mcon.
[INFO DRT-0024]   Complete met1.
[INFO DRT-0024]   Complete via.
[INFO DRT-0024]   Complete met2.
[INFO DRT-0024]   Complete via2.
[INFO DRT-0024]   Complete met3.
[INFO DRT-0024]   Complete via3.
[INFO DRT-0024]   Complete met4.
[INFO DRT-0024]   Complete via4.
[INFO DRT-0024]   Complete met5.
[INFO DRT-0165] Start pin access.
[INFO DRT-0076]   Complete 1000 pins.
[INFO DRT-0076]   Complete 2000 pins.
[INFO DRT-0078]   Complete 2457 pins.
[INFO DRT-0079]   Complete 100 unique inst patterns.
[INFO DRT-0079]   Complete 200 unique inst patterns.
[INFO DRT-0079]   Complete 300 unique inst patterns.
[INFO DRT-0081]   Complete 302 unique inst patterns.
[INFO DRT-0082]   Complete 10000 groups.
[INFO DRT-0084]   Complete 11591 groups.
#scanned instances     = 21987
#unique  instances     = 302
#stdCellGenAp          = 9700
#stdCellValidPlanarAp  = 84
#stdCellValidViaAp     = 7172
#stdCellPinNoAp        = 0
#stdCellPinCnt         = 64848
#instTermValidViaApCnt = 0
#macroGenAp            = 0
#macroValidPlanarAp    = 0
#macroValidViaAp       = 0
#macroNoAp             = 0
[INFO DRT-0166] Complete pin access.
[INFO DRT-0267] cpu time = 00:05:34, elapsed time = 00:00:14, memory = 3060.14 (MB), peak = 6211.43 (MB)
[INFO DRT-0156] guideIn read 100000 guides.

[INFO DRT-0157] Number of guides:     154114

[INFO DRT-0169] Post process guides.
[INFO DRT-0176] GCELLGRID X 0 DO 75 STEP 6900 ;
[INFO DRT-0177] GCELLGRID Y 0 DO 75 STEP 6900 ;
[INFO DRT-0026]   Complete 100000 origin guides.
[INFO DRT-0028]   Complete FR_MASTERSLICE.
[INFO DRT-0028]   Complete Fr_VIA.
[INFO DRT-0028]   Complete li1.
[INFO DRT-0028]   Complete mcon.
[INFO DRT-0028]   Complete met1.
[INFO DRT-0028]   Complete via.
[INFO DRT-0028]   Complete met2.
[INFO DRT-0028]   Complete via2.
[INFO DRT-0028]   Complete met3.
[INFO DRT-0028]   Complete via3.
[INFO DRT-0028]   Complete met4.
[INFO DRT-0028]   Complete via4.
[INFO DRT-0028]   Complete met5.
[INFO DRT-0178] Init guide query.
[INFO DRT-0035]   Complete FR_MASTERSLICE (guide).
[INFO DRT-0035]   Complete Fr_VIA (guide).
[INFO DRT-0035]   Complete li1 (guide).
[INFO DRT-0035]   Complete mcon (guide).
[INFO DRT-0035]   Complete met1 (guide).
[INFO DRT-0035]   Complete via (guide).
[INFO DRT-0035]   Complete met2 (guide).
[INFO DRT-0035]   Complete via2 (guide).
[INFO DRT-0035]   Complete met3 (guide).
[INFO DRT-0035]   Complete via3 (guide).
[INFO DRT-0035]   Complete met4 (guide).
[INFO DRT-0035]   Complete via4 (guide).
[INFO DRT-0035]   Complete met5 (guide).
[INFO DRT-0036] FR_MASTERSLICE guide region query size = 0.
[INFO DRT-0036] FR_VIA guide region query size = 0.
[INFO DRT-0036] li1 guide region query size = 50602.
[INFO DRT-0036] mcon guide region query size = 0.
[INFO DRT-0036] met1 guide region query size = 44950.
[INFO DRT-0036] via guide region query size = 0.
[INFO DRT-0036] met2 guide region query size = 24358.
[INFO DRT-0036] via2 guide region query size = 0.
[INFO DRT-0036] met3 guide region query size = 3632.
[INFO DRT-0036] via3 guide region query size = 0.
[INFO DRT-0036] met4 guide region query size = 1304.
[INFO DRT-0036] via4 guide region query size = 0.
[INFO DRT-0036] met5 guide region query size = 46.
[INFO DRT-0179] Init gr pin query.
[INFO DRT-0267] cpu time = 00:00:01, elapsed time = 00:00:00, memory = 3060.14 (MB), peak = 6211.43 (MB)
[INFO DRT-0245] skipped writing guide updates to database.
[INFO DRT-0181] Start track assignment.
[INFO DRT-0184] Done with 76264 vertical wires in 2 frboxes and 48628 horizontal wires in 2 frboxes.
[INFO DRT-0186] Done with 12100 vertical wires in 2 frboxes and 16176 horizontal wires in 2 frboxes.
[INFO DRT-0182] Complete track assignment.
[INFO DRT-0267] cpu time = 00:00:05, elapsed time = 00:00:03, memory = 3102.94 (MB), peak = 6211.43 (MB)
[INFO DRT-0187] Start routing data preparation.
[INFO DRT-0267] cpu time = 00:00:00, elapsed time = 00:00:00, memory = 3102.94 (MB), peak = 6211.43 (MB)
[INFO DRT-0194] Start detail routing.
[INFO DRT-0195] Start 0th optimization iteration.
    Completing 10% with 0 violations.
    elapsed time = 00:00:00, memory = 3747.80 (MB).
    Completing 20% with 0 violations.
    elapsed time = 00:00:00, memory = 3413.11 (MB).
    Completing 30% with 31 violations.
    elapsed time = 00:00:02, memory = 4159.50 (MB).
    Completing 40% with 31 violations.
    elapsed time = 00:00:02, memory = 3809.00 (MB).
    Completing 50% with 31 violations.
    elapsed time = 00:00:02, memory = 3388.30 (MB).
    Completing 60% with 44 violations.
    elapsed time = 00:00:04, memory = 3964.23 (MB).
    Completing 70% with 44 violations.
    elapsed time = 00:00:04, memory = 3530.39 (MB).
    Completing 80% with 91 violations.
    elapsed time = 00:00:06, memory = 4187.37 (MB).
    Completing 90% with 91 violations.
    elapsed time = 00:00:06, memory = 3664.50 (MB).
    Completing 100% with 115 violations.
    elapsed time = 00:00:08, memory = 3167.63 (MB).
[INFO DRT-0199]   Number of violations = 133.
Viol/Layer        met1   met2   met3   met4
Metal Spacing        8      4      2      0
Recheck              9      4      1      4
Short               62     20      9     10
[INFO DRT-0267] cpu time = 00:01:41, elapsed time = 00:00:08, memory = 3167.63 (MB), peak = 6211.43 (MB)
Total wire length = 700956 um.
Total wire length on LAYER li1 = 0 um.
Total wire length on LAYER met1 = 240400 um.
Total wire length on LAYER met2 = 289037 um.
Total wire length on LAYER met3 = 104146 um.
Total wire length on LAYER met4 = 66416 um.
Total wire length on LAYER met5 = 955 um.
Total number of vias = 147281.
Up-via summary (total 147281):

-------------------------
 FR_MASTERSLICE         0
            li1     63535
           met1     71120
           met2      9906
           met3      2643
           met4        77
-------------------------
               147281


[INFO DRT-0195] Start 1st optimization iteration.
    Completing 10% with 133 violations.
    elapsed time = 00:00:00, memory = 3985.57 (MB).
    Completing 20% with 133 violations.
    elapsed time = 00:00:00, memory = 3672.63 (MB).
    Completing 30% with 126 violations.
    elapsed time = 00:00:02, memory = 4171.66 (MB).
    Completing 40% with 126 violations.
    elapsed time = 00:00:02, memory = 3785.20 (MB).
    Completing 50% with 126 violations.
    elapsed time = 00:00:02, memory = 3354.40 (MB).
    Completing 60% with 91 violations.
    elapsed time = 00:00:03, memory = 3892.42 (MB).
    Completing 70% with 91 violations.
    elapsed time = 00:00:04, memory = 3529.50 (MB).
    Completing 80% with 67 violations.
    elapsed time = 00:00:05, memory = 4017.98 (MB).
    Completing 90% with 67 violations.
    elapsed time = 00:00:05, memory = 3600.52 (MB).
    Completing 100% with 48 violations.
    elapsed time = 00:00:06, memory = 3126.64 (MB).
[INFO DRT-0199]   Number of violations = 48.
Viol/Layer        met1   met2   met3   met4
Metal Spacing        2      0      0      0
Short               24     13      2      7
[INFO DRT-0267] cpu time = 00:01:32, elapsed time = 00:00:06, memory = 3126.64 (MB), peak = 6211.43 (MB)
Total wire length = 700920 um.
Total wire length on LAYER li1 = 0 um.
Total wire length on LAYER met1 = 240361 um.
Total wire length on LAYER met2 = 289028 um.
Total wire length on LAYER met3 = 104152 um.
Total wire length on LAYER met4 = 66422 um.
Total wire length on LAYER met5 = 955 um.
Total number of vias = 147261.
Up-via summary (total 147261):

-------------------------
 FR_MASTERSLICE         0
            li1     63534
           met1     71097
           met2      9908
           met3      2645
           met4        77
-------------------------
               147261


[INFO DRT-0195] Start 2nd optimization iteration.
    Completing 10% with 48 violations.
    elapsed time = 00:00:00, memory = 3126.64 (MB).
    Completing 20% with 48 violations.
    elapsed time = 00:00:00, memory = 3126.64 (MB).
    Completing 30% with 48 violations.
    elapsed time = 00:00:00, memory = 3126.64 (MB).
    Completing 40% with 48 violations.
    elapsed time = 00:00:00, memory = 3126.64 (MB).
    Completing 50% with 48 violations.
    elapsed time = 00:00:01, memory = 3126.64 (MB).
    Completing 60% with 45 violations.
    elapsed time = 00:00:01, memory = 3126.64 (MB).
    Completing 70% with 45 violations.
    elapsed time = 00:00:01, memory = 3126.64 (MB).
    Completing 80% with 41 violations.
    elapsed time = 00:00:03, memory = 3126.64 (MB).
    Completing 90% with 41 violations.
    elapsed time = 00:00:03, memory = 3126.64 (MB).
    Completing 100% with 36 violations.
    elapsed time = 00:00:03, memory = 3126.64 (MB).
[INFO DRT-0199]   Number of violations = 36.
Viol/Layer        met1   met2   met4
Short               26      7      3
[INFO DRT-0267] cpu time = 00:00:12, elapsed time = 00:00:04, memory = 3126.64 (MB), peak = 6211.43 (MB)
Total wire length = 700923 um.
Total wire length on LAYER li1 = 0 um.
Total wire length on LAYER met1 = 240359 um.
Total wire length on LAYER met2 = 289019 um.
Total wire length on LAYER met3 = 104165 um.
Total wire length on LAYER met4 = 66422 um.
Total wire length on LAYER met5 = 955 um.
Total number of vias = 147261.
Up-via summary (total 147261):

-------------------------
 FR_MASTERSLICE         0
            li1     63534
           met1     71097
           met2      9907
           met3      2646
           met4        77
-------------------------
               147261


[INFO DRT-0195] Start 3rd guides tiles iteration.
    Completing 10% with 36 violations.
    elapsed time = 00:00:00, memory = 3126.64 (MB).
    Completing 20% with 36 violations.
    elapsed time = 00:00:00, memory = 3126.64 (MB).
    Completing 30% with 36 violations.
    elapsed time = 00:00:00, memory = 3126.64 (MB).
    Completing 40% with 36 violations.
    elapsed time = 00:00:00, memory = 3126.64 (MB).
    Completing 50% with 36 violations.
    elapsed time = 00:00:00, memory = 3126.64 (MB).
    Completing 60% with 11 violations.
    elapsed time = 00:00:01, memory = 3126.64 (MB).
    Completing 70% with 11 violations.
    elapsed time = 00:00:01, memory = 3126.64 (MB).
    Completing 80% with 11 violations.
    elapsed time = 00:00:01, memory = 3126.64 (MB).
    Completing 90% with 0 violations.
    elapsed time = 00:00:01, memory = 3126.64 (MB).
    Completing 100% with 0 violations.
    elapsed time = 00:00:01, memory = 3126.64 (MB).
[INFO DRT-0199]   Number of violations = 0.
[INFO DRT-0267] cpu time = 00:00:05, elapsed time = 00:00:01, memory = 3126.64 (MB), peak = 6211.43 (MB)
Total wire length = 700899 um.
Total wire length on LAYER li1 = 0 um.
Total wire length on LAYER met1 = 240021 um.
Total wire length on LAYER met2 = 288972 um.
Total wire length on LAYER met3 = 104492 um.
Total wire length on LAYER met4 = 66457 um.
Total wire length on LAYER met5 = 955 um.
Total number of vias = 147271.
Up-via summary (total 147271):

-------------------------
 FR_MASTERSLICE         0
            li1     63534
           met1     71082
           met2      9928
           met3      2650
           met4        77
-------------------------
               147271


[INFO DRT-0198] Complete detail routing.
Total wire length = 700899 um.
Total wire length on LAYER li1 = 0 um.
Total wire length on LAYER met1 = 240021 um.
Total wire length on LAYER met2 = 288972 um.
Total wire length on LAYER met3 = 104492 um.
Total wire length on LAYER met4 = 66457 um.
Total wire length on LAYER met5 = 955 um.
Total number of vias = 147271.
Up-via summary (total 147271):

-------------------------
 FR_MASTERSLICE         0
            li1     63534
           met1     71082
           met2      9928
           met3      2650
           met4        77
-------------------------
               147271


[INFO DRT-0267] cpu time = 00:03:31, elapsed time = 00:00:20, memory = 3126.64 (MB), peak = 6211.43 (MB)

[INFO DRT-0180] Post processing.
[INFO DRT-0501] Runtime: 38.95s
[INFO ANT-0002] Found 0 net violations.
[INFO ANT-0001] Found 0 pin violations.
[INFO ANT-0002] Found 0 net violations.
[INFO ANT-0001] Found 0 pin violations.
Design area 174489 um^2 64% utilization.
write_db /work/results/sky130hd/m7_j0/p9p0/5_2_route.odb
Elapsed time: 13:34.87[h:]min:sec. CPU time: user 8992.99 sys 39.87 (1108%). Peak memory: 6360504KB.
Log                       Ext     Elapsed/s Peak Memory/MB sha1sum result [0:20)
5_2_route                 .odb          814           6211 3a6f4b5039d10ff810cf
/OpenROAD-flow-scripts/flow/scripts/flow.sh 5_3_fillcell fillcell
Running fillcell.tcl, stage 5_3_fillcell
read_liberty /OpenROAD-flow-scripts/flow/platforms/sky130hd/lib/sky130_fd_sc_hd__tt_025C_1v80.lib
read_db -hier /work/results/sky130hd/m7_j0/p9p0/5_2_route.odb
[WARNING ORD-0012] Hierarchical flow (-hier) is currently in development and may cause multiple issues. Do not use in production environments.
read_sdc /work/results/sky130hd/m7_j0/p9p0/5_1_grt.sdc
source /OpenROAD-flow-scripts/flow/platforms/sky130hd/setRC.tcl
[WARNING STA-0450] virtual clock vclk_core_clock can not be propagated.
filler_placement "sky130_fd_sc_hd__fill_1 sky130_fd_sc_hd__fill_2 sky130_fd_sc_hd__fill_4 sky130_fd_sc_hd__fill_8"
[INFO DPL-0001] Placed 22845 filler instances.
Design area 174489 um^2 64% utilization.
write_db /work/results/sky130hd/m7_j0/p9p0/5_3_fillcell.odb
Elapsed time: 0:00.61[h:]min:sec. CPU time: user 0.52 sys 0.08 (97%). Peak memory: 221048KB.
Log                       Ext     Elapsed/s Peak Memory/MB sha1sum result [0:20)
5_3_fillcell              .odb            0            215 f0fe22eba608f61564b1
cp /work/results/sky130hd/m7_j0/p9p0/5_3_fillcell.odb /work/results/sky130hd/m7_j0/p9p0/5_route.odb
cp /work/results/sky130hd/m7_j0/p9p0/5_1_grt.sdc /work/results/sky130hd/m7_j0/p9p0/5_route.sdc
/OpenROAD-flow-scripts/flow/scripts/flow.sh 6_1_fill density_fill
Running density_fill.tcl, stage 6_1_fill
read_liberty /OpenROAD-flow-scripts/flow/platforms/sky130hd/lib/sky130_fd_sc_hd__tt_025C_1v80.lib
read_db -hier /work/results/sky130hd/m7_j0/p9p0/5_route.odb
[WARNING ORD-0012] Hierarchical flow (-hier) is currently in development and may cause multiple issues. Do not use in production environments.
read_sdc /work/results/sky130hd/m7_j0/p9p0/5_route.sdc
source /OpenROAD-flow-scripts/flow/platforms/sky130hd/setRC.tcl
exec cp /work/results/sky130hd/m7_j0/p9p0/5_route.odb /work/results/sky130hd/m7_j0/p9p0/6_1_fill.odb
Elapsed time: 0:00.42[h:]min:sec. CPU time: user 0.32 sys 0.08 (96%). Peak memory: 187548KB.
Log                       Ext     Elapsed/s Peak Memory/MB sha1sum result [0:20)
6_1_fill                  .odb            0            183 f0fe22eba608f61564b1
6_1_fill                  .sdc                             29cfb8204669ff86a621
cp /work/results/sky130hd/m7_j0/p9p0/5_route.sdc /work/results/sky130hd/m7_j0/p9p0/6_1_fill.sdc
/OpenROAD-flow-scripts/flow/scripts/flow.sh 6_report final_report
Running final_report.tcl, stage 6_report
read_liberty /OpenROAD-flow-scripts/flow/platforms/sky130hd/lib/sky130_fd_sc_hd__tt_025C_1v80.lib
read_db -hier /work/results/sky130hd/m7_j0/p9p0/6_1_fill.odb
[WARNING ORD-0012] Hierarchical flow (-hier) is currently in development and may cause multiple issues. Do not use in production environments.
read_sdc /work/results/sky130hd/m7_j0/p9p0/6_1_fill.sdc
source /OpenROAD-flow-scripts/flow/platforms/sky130hd/setRC.tcl
[WARNING STA-0450] virtual clock vclk_core_clock can not be propagated.
write_db /work/results/sky130hd/m7_j0/p9p0/6_final.odb
write_sdc -no_timestamp /work/results/sky130hd/m7_j0/p9p0/6_final.sdc
Deleted 0 routing obstructions
Warning: master sky130_ef_sc_hd__decap_12 has signal pins but no liberty cell
[INFO RCX-0431] Defined process_corner X with ext_model_index 0
[INFO RCX-0029] Defined extraction corner X
[WARNING RCX-0514] The ext_model_file option is deprecated. Use set_extraction_rules_file command instead.
[INFO RCX-0435] Reading extraction model file /OpenROAD-flow-scripts/flow/platforms/sky130hd/rcx_patterns.rules ...
[INFO RCX-0436] RC segment generation m7_ppa_j0_top (max_merge_res 50.0) ...
[INFO RCX-0040] Final 79439 rc segments
[INFO RCX-0439] Coupling Cap extraction m7_ppa_j0_top ...
[INFO RCX-0440] Coupling threshhold is 0.1000 fF, coupling capacitance less than 0.1000 fF will be grounded.
[INFO RCX-0442] 52% of 165310 wires extracted
[INFO RCX-0442] 100% of 165310 wires extracted
[INFO RCX-0045] Extract 18381 nets, 97595 rsegs, 97595 caps, 205014 ccs
[INFO RCX-0443] 18381 nets finished
[INFO PSM-0040] All shapes on net VDD are connected.
########## IR report #################
Net              : VDD
Corner           : default
Total power      : 6.57e-02 W
Supply voltage   : 1.80e+00 V
Worstcase voltage: 1.80e+00 V
Average voltage  : 1.80e+00 V
Average IR drop  : 5.08e-05 V
Worstcase IR drop: 5.68e-04 V
Percentage drop  : 0.03 %
######################################
[INFO PSM-0040] All shapes on net VSS are connected.
########## IR report #################
Net              : VSS
Corner           : default
Total power      : 6.57e-02 W
Supply voltage   : 0.00e+00 V
Worstcase voltage: 4.66e-04 V
Average voltage  : 4.71e-05 V
Average IR drop  : 4.71e-05 V
Worstcase IR drop: 4.66e-04 V
Percentage drop  : 0.03 %
######################################
Cell type report:                       Count       Area
  Fill cell                             22845   96513.81
  Tap cell                               3570    4466.78
  Antenna cell                             31      77.57
  Clock buffer                            272    6481.22
  Timing Repair Buffer                   2522   21800.91
  Inverter                                258     972.18
  Clock inverter                          177    2188.35
  Sequential cell                        2110   54189.47
  Multi-Input combinational cell        13047   84312.11
  Total                                 44832  271002.41
Report metrics stage 6, finish...

==========================================================================
finish report_design_area
--------------------------------------------------------------------------
Design area 174489 um^2 64% utilization.
[WARNING GUI-0076] QStandardPaths: XDG_RUNTIME_DIR not set, defaulting to '/tmp/runtime-'
Elapsed time: 0:11.56[h:]min:sec. CPU time: user 23.79 sys 5.71 (255%). Peak memory: 582160KB.
Log                       Ext     Elapsed/s Peak Memory/MB sha1sum result [0:20)
6_report                                 11            568                  N/A
/usr/bin/python3 /OpenROAD-flow-scripts/flow/scripts/run_command.py --log /work/logs/sky130hd/m7_j0/p9p0/6_1_merge.log --tee -- \
        /OpenROAD-flow-scripts/flow/scripts/klayout.sh -zz -rd design_name=m7_ppa_j0_top \
        -rd in_def=/work/results/sky130hd/m7_j0/p9p0/6_final.def \
        -rd in_files="/OpenROAD-flow-scripts/flow/platforms/sky130hd/gds/sky130_fd_sc_hd.gds  " \
        -rd seal_file="" \
        -rd out_file=/work/results/sky130hd/m7_j0/p9p0/6_1_merged.gds \
        -rd tech_file=/work/objects/sky130hd/m7_j0/p9p0/klayout.lyt \
        -rd layer_map= \
        -r /OpenROAD-flow-scripts/flow/util/def2stream.py
KLayout 0.30.7
[INFO] Reporting cells prior to loading DEF ...
	/OpenROAD-flow-scripts/flow/platforms/sky130hd/gds/sky130_fd_sc_hd.gds
[INFO] All LEF cells have matching GDS/OAS cells
[INFO] No orphan cells in the final layout
Elapsed time: 0:01.72[h:]min:sec. CPU time: user 1.53 sys 0.18 (99%). Peak memory: 524828KB.
cp /work/results/sky130hd/m7_j0/p9p0/6_1_merged.gds /work/results/sky130hd/m7_j0/p9p0/6_final.gds
/work/logs/sky130hd/m7_j0/p9p0
Log                       Ext     Elapsed/s Peak Memory/MB sha1sum result [0:20)
1_1_yosys_canonicalize    .rtlil          0             67 d87f39cd98abab28321b
1_2_yosys                 .v             34            131 3ace1779ffe5f464cf32
1_2_yosys                 .sdc                             a56667f6ad0d463e0909
1_synth                   .odb            0            161 42d4db6978f0664ef167
1_synth                   .sdc                             d67873865fbc45cc3634
2_1_floorplan             .odb            2            189 9f06c079c8d2503466f8
2_1_floorplan             .sdc                             d67873865fbc45cc3634
2_2_floorplan_macro       .odb            0            150 9f06c079c8d2503466f8
2_3_floorplan_tapcell     .odb            0            142 2342af5cf8934a826ef4
2_4_floorplan_pdn         .odb            0            164 3c380875929b1369d9d6
3_1_place_gp_skip_io      .odb           29            179 ea62aa6b0c84f61622b5
3_2_place_iop             .odb            0            155 3dd72fb53d2322bb29e9
3_3_place_gp              .odb          154            497 a2c166ebfae0f0ba3d92
3_4_place_resized         .odb            5            222 a2c166ebfae0f0ba3d92
3_5_place_dp              .odb            6            240 6f69858897686b451466
4_1_cts                   .odb           15            288 e01ed2e5772798deb7da
5_1_grt                   .odb          139            734 966b92b005529208267f
5_1_grt                   .sdc                             29cfb8204669ff86a621
5_2_route                 .odb          814           6211 3a6f4b5039d10ff810cf
5_3_fillcell              .odb            0            215 f0fe22eba608f61564b1
6_1_fill                  .odb            0            183 f0fe22eba608f61564b1
6_1_fill                  .sdc                             29cfb8204669ff86a621
6_1_merge                                 1            512                  N/A
6_report                                 11            568                  N/A
Total                                  1210           6211                     
END_UTC=2026-08-13T06:54:14Z
ELAPSED_SEC=1228
EXIT_CODE=0
