START_UTC=2026-08-13T10:58:17Z
VARIANT=J0
DESIGN_CONFIG=/repo/m7/ppa/orfs/sky130hd/m7_j0/config.mk
LEC_CHECK=0
CLOCK_PERIOD=9.5
FLOW_VARIANT=p9p5
ORFS_IMAGE=openroad/orfs@sha256:817b608c69a71fafc7b61baec11b4dc073fb8efb9d2714f9bd3316db4beba277
FLOW=/home/mmr/ricv_paper/third_party/OpenROAD-flow-scripts/flow
OPENROAD: /OpenROAD-flow-scripts/tools/OpenROAD
mkdir -p /work/results/sky130hd/m7_j0/p9p5/
echo 9.5 > /work/results/sky130hd/m7_j0/p9p5/clock_period.txt
/OpenROAD-flow-scripts/flow/scripts/synth.sh /OpenROAD-flow-scripts/flow/scripts/synth_canonicalize.tcl /work/logs/sky130hd/m7_j0/p9p5/1_1_yosys_canonicalize.log
Using ABC speed script.
Extracting clock period from SDC file: /work/results/sky130hd/m7_j0/p9p5/clock_period.txt
Setting clock period to 9.5
1. Executing Liberty frontend: /OpenROAD-flow-scripts/flow/platforms/sky130hd/lib/sky130_fd_sc_hd__tt_025C_1v80.lib
2. Executing Liberty frontend: /OpenROAD-flow-scripts/flow/platforms/sky130hd/lib/sky130_fd_sc_hd__tt_025C_1v80.lib
3. Executing SLANG frontend.
3.1. Executing PROC_CLEAN pass (remove empty switches from decision trees).
3.2. Executing TRIBUF pass.
3.3. Executing PROC_RMDEAD pass (remove dead branches from decision trees).
3.4. Executing PROC_PRUNE pass (remove redundant assignments in processes).
3.5. Executing PROC_INIT pass (extract init attributes).
3.6. Executing PROC_ROM pass (convert switches to ROMs).
3.7. Executing PROC_MUX pass (convert decision trees to multiplexers).
3.8. Executing PROC_CLEAN pass (remove empty switches from decision trees).
3.9. Executing OPT_EXPR pass (perform const folding).
4. Executing HIERARCHY pass (managing design hierarchy).
4.1. Analyzing design hierarchy..
4.2. Analyzing design hierarchy..
5. Executing OPT_CLEAN pass (remove unused cells and wires).
6. Executing RTLIL backend.
End of script. Logfile hash: 2e41ee7a79, time: 0.24s, user: 0.21s, system: 0.07s, MEM: 67.51 MB peak
Yosys 0.68+post (git sha1 UNKNOWN, Release, GNU /usr/local/bin/wrapped-cc/g++ 11.4.0)
Time spent: 37% 2x read_slang (0 sec), 26% 4x read_liberty (0 sec), ...
Elapsed time: 0:00.25[h:]min:sec. CPU time: user 0.23 sys 0.07 (116%). Peak memory: 69132KB.
Log                       Ext     Elapsed/s Peak Memory/MB sha1sum result [0:20)
1_1_yosys_canonicalize    .rtlil          0             67 d87f39cd98abab28321b
/OpenROAD-flow-scripts/flow/scripts/synth.sh /OpenROAD-flow-scripts/flow/scripts/synth.tcl /work/logs/sky130hd/m7_j0/p9p5/1_2_yosys.log
Using ABC speed script.
Extracting clock period from SDC file: /work/results/sky130hd/m7_j0/p9p5/clock_period.txt
Setting clock period to 9.5
1. Executing RTLIL frontend.
2. Executing HIERARCHY pass (managing design hierarchy).
2.1. Analyzing design hierarchy..
2.2. Analyzing design hierarchy..
3. Executing SYNTH pass.
3.1. Executing HIERARCHY pass (managing design hierarchy).
3.1.1. Analyzing design hierarchy..
3.1.2. Analyzing design hierarchy..
3.2. Executing PROC pass (convert processes to netlists).
3.2.1. Executing PROC_CLEAN pass (remove empty switches from decision trees).
3.2.2. Executing PROC_RMDEAD pass (remove dead branches from decision trees).
3.2.3. Executing PROC_PRUNE pass (remove redundant assignments in processes).
3.2.4. Executing PROC_INIT pass (extract init attributes).
3.2.5. Executing PROC_ARST pass (detect async resets in processes).
3.2.6. Executing PROC_ROM pass (convert switches to ROMs).
3.2.7. Executing PROC_MUX pass (convert decision trees to multiplexers).
3.2.8. Executing PROC_DLATCH pass (convert process syncs to latches).
3.2.9. Executing PROC_DFF pass (convert process syncs to FFs).
3.2.10. Executing PROC_MEMWR pass (convert process memory writes to cells).
3.2.11. Executing PROC_CLEAN pass (remove empty switches from decision trees).
3.2.12. Executing OPT_EXPR pass (perform const folding).
3.3. Executing CHECK pass (checking for obvious problems).
3.4. Executing FLATTEN pass (flatten design).
3.5. Executing OPT_EXPR pass (perform const folding).
3.6. Executing OPT_CLEAN pass (remove unused cells and wires).
3.7. Executing CHECK pass (checking for obvious problems).
3.8. Executing OPT pass (performing simple optimizations).
3.8.1. Executing OPT_EXPR pass (perform const folding).
3.8.2. Executing OPT_MERGE pass (detect identical cells).
3.8.3. Executing OPT_MUXTREE pass (detect dead branches in mux trees).
3.8.4. Executing OPT_REDUCE pass (consolidate $*mux and $reduce_* inputs).
3.8.5. Executing OPT_MERGE pass (detect identical cells).
3.8.6. Executing OPT_DFF pass (perform DFF optimizations).
3.8.7. Executing OPT_CLEAN pass (remove unused cells and wires).
3.8.8. Executing OPT_EXPR pass (perform const folding).
3.8.9. Rerunning OPT passes. (Maybe there is more to do..)
3.8.10. Executing OPT_MUXTREE pass (detect dead branches in mux trees).
3.8.11. Executing OPT_REDUCE pass (consolidate $*mux and $reduce_* inputs).
3.8.12. Executing OPT_MERGE pass (detect identical cells).
3.8.13. Executing OPT_DFF pass (perform DFF optimizations).
3.8.14. Executing OPT_CLEAN pass (remove unused cells and wires).
3.8.15. Executing OPT_EXPR pass (perform const folding).
3.8.16. Rerunning OPT passes. (Maybe there is more to do..)
3.8.17. Executing OPT_MUXTREE pass (detect dead branches in mux trees).
3.8.18. Executing OPT_REDUCE pass (consolidate $*mux and $reduce_* inputs).
3.8.19. Executing OPT_MERGE pass (detect identical cells).
3.8.20. Executing OPT_DFF pass (perform DFF optimizations).
3.8.21. Executing OPT_CLEAN pass (remove unused cells and wires).
3.8.22. Executing OPT_EXPR pass (perform const folding).
3.8.23. Finished fast OPT passes. (There is nothing left to do.)
3.9. Executing FSM pass (extract and optimize FSM).
3.9.1. Executing FSM_DETECT pass (finding FSMs in design).
3.9.2. Executing FSM_EXTRACT pass (extracting FSM from design).
3.9.3. Executing FSM_OPT pass (simple optimizations of FSMs).
3.9.4. Executing OPT_CLEAN pass (remove unused cells and wires).
3.9.5. Executing FSM_OPT pass (simple optimizations of FSMs).
3.9.6. Executing FSM_RECODE pass (re-assigning FSM state encoding).
3.9.7. Executing FSM_INFO pass (dumping all available information on FSM cells).
3.9.8. Executing FSM_MAP pass (mapping FSMs to basic logic).
3.10. Executing OPT pass (performing simple optimizations).
3.10.1. Executing OPT_EXPR pass (perform const folding).
3.10.2. Executing OPT_MERGE pass (detect identical cells).
3.10.3. Executing OPT_MUXTREE pass (detect dead branches in mux trees).
3.10.4. Executing OPT_REDUCE pass (consolidate $*mux and $reduce_* inputs).
3.10.5. Executing OPT_MERGE pass (detect identical cells).
3.10.6. Executing OPT_DFF pass (perform DFF optimizations).
3.10.7. Executing OPT_CLEAN pass (remove unused cells and wires).
3.10.8. Executing OPT_EXPR pass (perform const folding).
3.10.9. Rerunning OPT passes. (Maybe there is more to do..)
3.10.10. Executing OPT_MUXTREE pass (detect dead branches in mux trees).
3.10.11. Executing OPT_REDUCE pass (consolidate $*mux and $reduce_* inputs).
3.10.12. Executing OPT_MERGE pass (detect identical cells).
3.10.13. Executing OPT_DFF pass (perform DFF optimizations).
3.10.14. Executing OPT_CLEAN pass (remove unused cells and wires).
3.10.15. Executing OPT_EXPR pass (perform const folding).
3.10.16. Rerunning OPT passes. (Maybe there is more to do..)
3.10.17. Executing OPT_MUXTREE pass (detect dead branches in mux trees).
3.10.18. Executing OPT_REDUCE pass (consolidate $*mux and $reduce_* inputs).
3.10.19. Executing OPT_MERGE pass (detect identical cells).
3.10.20. Executing OPT_DFF pass (perform DFF optimizations).
3.10.21. Executing OPT_CLEAN pass (remove unused cells and wires).
3.10.22. Executing OPT_EXPR pass (perform const folding).
3.10.23. Rerunning OPT passes. (Maybe there is more to do..)
3.10.24. Executing OPT_MUXTREE pass (detect dead branches in mux trees).
3.10.25. Executing OPT_REDUCE pass (consolidate $*mux and $reduce_* inputs).
3.10.26. Executing OPT_MERGE pass (detect identical cells).
3.10.27. Executing OPT_DFF pass (perform DFF optimizations).
3.10.28. Executing OPT_CLEAN pass (remove unused cells and wires).
3.10.29. Executing OPT_EXPR pass (perform const folding).
3.10.30. Rerunning OPT passes. (Maybe there is more to do..)
3.10.31. Executing OPT_MUXTREE pass (detect dead branches in mux trees).
3.10.32. Executing OPT_REDUCE pass (consolidate $*mux and $reduce_* inputs).
3.10.33. Executing OPT_MERGE pass (detect identical cells).
3.10.34. Executing OPT_DFF pass (perform DFF optimizations).
3.10.35. Executing OPT_CLEAN pass (remove unused cells and wires).
3.10.36. Executing OPT_EXPR pass (perform const folding).
3.10.37. Rerunning OPT passes. (Maybe there is more to do..)
3.10.38. Executing OPT_MUXTREE pass (detect dead branches in mux trees).
3.10.39. Executing OPT_REDUCE pass (consolidate $*mux and $reduce_* inputs).
3.10.40. Executing OPT_MERGE pass (detect identical cells).
3.10.41. Executing OPT_DFF pass (perform DFF optimizations).
3.10.42. Executing OPT_CLEAN pass (remove unused cells and wires).
3.10.43. Executing OPT_EXPR pass (perform const folding).
3.10.44. Finished fast OPT passes. (There is nothing left to do.)
3.11. Executing WREDUCE pass (reducing word size of cells).
3.12. Executing PEEPOPT pass (run peephole optimizers).
3.13. Executing OPT_CLEAN pass (remove unused cells and wires).
3.14. Executing ALUMACC pass (create $alu and $macc cells).
3.15. Executing SHARE pass (SAT-based resource sharing).
3.16. Executing OPT pass (performing simple optimizations).
3.16.1. Executing OPT_EXPR pass (perform const folding).
3.16.2. Executing OPT_MERGE pass (detect identical cells).
3.16.3. Executing OPT_MUXTREE pass (detect dead branches in mux trees).
3.16.4. Executing OPT_REDUCE pass (consolidate $*mux and $reduce_* inputs).
3.16.5. Executing OPT_MERGE pass (detect identical cells).
3.16.6. Executing OPT_DFF pass (perform DFF optimizations).
3.16.7. Executing OPT_CLEAN pass (remove unused cells and wires).
3.16.8. Executing OPT_EXPR pass (perform const folding).
3.16.9. Rerunning OPT passes. (Maybe there is more to do..)
3.16.10. Executing OPT_MUXTREE pass (detect dead branches in mux trees).
3.16.11. Executing OPT_REDUCE pass (consolidate $*mux and $reduce_* inputs).
3.16.12. Executing OPT_MERGE pass (detect identical cells).
3.16.13. Executing OPT_DFF pass (perform DFF optimizations).
3.16.14. Executing OPT_CLEAN pass (remove unused cells and wires).
3.16.15. Executing OPT_EXPR pass (perform const folding).
3.16.16. Finished fast OPT passes. (There is nothing left to do.)
3.17. Executing MEMORY pass.
3.17.1. Executing OPT_MEM pass (optimize memories).
3.17.2. Executing OPT_MEM_PRIORITY pass (removing unnecessary memory write priority relations).
3.17.3. Executing OPT_MEM_FEEDBACK pass (finding memory read-to-write feedback paths).
3.17.4. Executing MEMORY_BMUX2ROM pass (converting muxes to ROMs).
3.17.5. Executing MEMORY_DFF pass (merging $dff cells to $memrd).
3.17.6. Executing OPT_CLEAN pass (remove unused cells and wires).
3.17.7. Executing MEMORY_SHARE pass (consolidating $memrd/$memwr cells).
3.17.8. Executing OPT_MEM_WIDEN pass (optimize memories where all ports are wide).
3.17.9. Executing OPT_CLEAN pass (remove unused cells and wires).
3.17.10. Executing MEMORY_COLLECT pass (generating $mem cells).
3.18. Executing OPT_CLEAN pass (remove unused cells and wires).
4. Executing TECHMAP pass (map to technology primitives).
4.1. Executing Verilog-2005 frontend: /OpenROAD-flow-scripts/tools/install/yosys/bin/../share/yosys/techmap.v
4.2. Continuing TECHMAP pass.
5. Generating architectural options for $alu
5.1. Executing WRAPCELL pass. (wrap selected cells)
5.2. Executing TECHMAP pass (map to technology primitives).
5.2.1. Executing Verilog-2005 frontend: /OpenROAD-flow-scripts/tools/install/yosys/bin/../share/yosys/techmap.v
5.2.2. Executing Verilog-2005 frontend: /OpenROAD-flow-scripts/tools/install/yosys/bin/../share/yosys/choices/han-carlson.v
5.2.3. Continuing TECHMAP pass.
Warning: Latch inferred for signal `$paramod\_80_lcu_han_carlson\WIDTH=32'00000000000000000000000000100010.\j [4:0]' from process `$paramod\_80_lcu_han_carlson\WIDTH=32'00000000000000000000000000100010.$proc$/OpenROAD-flow-scripts/tools/install/yosys/bin/../share/yosys/choices/han-carlson.v:18$64432': $auto$proc_dlatch.cc:545:proc_dlatch$65752
Warning: Latch inferred for signal `$paramod\_80_lcu_han_carlson\WIDTH=32'00000000000000000000000000100010.\j [31:5]' from process `$paramod\_80_lcu_han_carlson\WIDTH=32'00000000000000000000000000100010.$proc$/OpenROAD-flow-scripts/tools/install/yosys/bin/../share/yosys/choices/han-carlson.v:18$64432': $auto$proc_dlatch.cc:547:proc_dlatch$65755
Warning: Latch inferred for signal `$paramod\_80_lcu_han_carlson\WIDTH=32'00000000000000000000000000100001.\j [4:0]' from process `$paramod\_80_lcu_han_carlson\WIDTH=32'00000000000000000000000000100001.$proc$/OpenROAD-flow-scripts/tools/install/yosys/bin/../share/yosys/choices/han-carlson.v:18$66300': $auto$proc_dlatch.cc:545:proc_dlatch$67560
Warning: Latch inferred for signal `$paramod\_80_lcu_han_carlson\WIDTH=32'00000000000000000000000000100001.\j [31:5]' from process `$paramod\_80_lcu_han_carlson\WIDTH=32'00000000000000000000000000100001.$proc$/OpenROAD-flow-scripts/tools/install/yosys/bin/../share/yosys/choices/han-carlson.v:18$66300': $auto$proc_dlatch.cc:547:proc_dlatch$67563
5.3. Executing TECHMAP pass (map to technology primitives).
5.3.1. Executing Verilog-2005 frontend: /OpenROAD-flow-scripts/tools/install/yosys/bin/../share/yosys/techmap.v
5.3.2. Executing Verilog-2005 frontend: /OpenROAD-flow-scripts/tools/install/yosys/bin/../share/yosys/choices/kogge-stone.v
5.3.3. Continuing TECHMAP pass.
5.4. Executing TECHMAP pass (map to technology primitives).
5.4.1. Executing Verilog-2005 frontend: /OpenROAD-flow-scripts/tools/install/yosys/bin/../share/yosys/techmap.v
5.4.2. Executing Verilog-2005 frontend: /OpenROAD-flow-scripts/tools/install/yosys/bin/../share/yosys/choices/sklansky.v
5.4.3. Continuing TECHMAP pass.
5.5. Executing TECHMAP pass (map to technology primitives).
5.5.1. Executing Verilog-2005 frontend: /OpenROAD-flow-scripts/tools/install/yosys/bin/../share/yosys/techmap.v
5.5.2. Continuing TECHMAP pass.
6. Generating architectural options for $macc
6.1. Executing WRAPCELL pass. (wrap selected cells)
6.2. Executing TECHMAP pass (map to technology primitives).
6.2.1. Executing Verilog-2005 frontend: /OpenROAD-flow-scripts/tools/install/yosys/bin/../share/yosys/techmap.v
6.2.2. Executing Verilog-2005 frontend: /OpenROAD-flow-scripts/flow/scripts/synth_wrap_operators-booth.v
6.2.3. Continuing TECHMAP pass.
6.3. Executing TECHMAP pass (map to technology primitives).
6.3.1. Executing Verilog-2005 frontend: /OpenROAD-flow-scripts/tools/install/yosys/bin/../share/yosys/techmap.v
6.3.2. Executing Verilog-2005 frontend: /OpenROAD-flow-scripts/tools/install/yosys/bin/../share/yosys/choices/han-carlson.v
6.3.3. Continuing TECHMAP pass.
7. Executing OPT pass (performing simple optimizations).
7.1. Executing OPT_EXPR pass (perform const folding).
7.2. Executing OPT_MERGE pass (detect identical cells).
7.3. Executing OPT_DFF pass (perform DFF optimizations).
7.4. Executing OPT_CLEAN pass (remove unused cells and wires).
7.5. Rerunning OPT passes. (Removed registers in this run.)
7.6. Executing OPT_EXPR pass (perform const folding).
7.7. Executing OPT_MERGE pass (detect identical cells).
7.8. Executing OPT_DFF pass (perform DFF optimizations).
7.9. Executing OPT_CLEAN pass (remove unused cells and wires).
7.10. Rerunning OPT passes. (Removed registers in this run.)
7.11. Executing OPT_EXPR pass (perform const folding).
7.12. Executing OPT_MERGE pass (detect identical cells).
7.13. Executing OPT_DFF pass (perform DFF optimizations).
7.14. Executing OPT_CLEAN pass (remove unused cells and wires).
7.15. Finished fast OPT passes.
8. Executing MEMORY_MAP pass (converting memories to logic and flip-flops).
9. Executing OPT pass (performing simple optimizations).
9.1. Executing OPT_EXPR pass (perform const folding).
9.2. Executing OPT_MERGE pass (detect identical cells).
9.3. Executing OPT_MUXTREE pass (detect dead branches in mux trees).
9.4. Executing OPT_REDUCE pass (consolidate $*mux and $reduce_* inputs).
9.5. Executing OPT_MERGE pass (detect identical cells).
9.6. Executing OPT_SHARE pass.
9.7. Executing OPT_DFF pass (perform DFF optimizations).
9.8. Executing OPT_CLEAN pass (remove unused cells and wires).
9.9. Executing OPT_EXPR pass (perform const folding).
9.10. Rerunning OPT passes. (Maybe there is more to do..)
9.11. Executing OPT_MUXTREE pass (detect dead branches in mux trees).
9.12. Executing OPT_REDUCE pass (consolidate $*mux and $reduce_* inputs).
9.13. Executing OPT_MERGE pass (detect identical cells).
9.14. Executing OPT_SHARE pass.
9.15. Executing OPT_DFF pass (perform DFF optimizations).
9.16. Executing OPT_CLEAN pass (remove unused cells and wires).
9.17. Executing OPT_EXPR pass (perform const folding).
9.18. Rerunning OPT passes. (Maybe there is more to do..)
9.19. Executing OPT_MUXTREE pass (detect dead branches in mux trees).
9.20. Executing OPT_REDUCE pass (consolidate $*mux and $reduce_* inputs).
9.21. Executing OPT_MERGE pass (detect identical cells).
9.22. Executing OPT_SHARE pass.
9.23. Executing OPT_DFF pass (perform DFF optimizations).
9.24. Executing OPT_CLEAN pass (remove unused cells and wires).
9.25. Executing OPT_EXPR pass (perform const folding).
9.26. Finished fast OPT passes. (There is nothing left to do.)
10. Executing TECHMAP pass (map to technology primitives).
10.1. Executing Verilog-2005 frontend: /OpenROAD-flow-scripts/tools/install/yosys/bin/../share/yosys/techmap.v
10.2. Executing Verilog-2005 frontend: /OpenROAD-flow-scripts/tools/install/yosys/bin/../share/yosys/choices/han-carlson.v
10.3. Continuing TECHMAP pass.
Warning: Latch inferred for signal `$paramod\_80_lcu_han_carlson\WIDTH=32'00000000000000000000000000000101.\j [1:0]' from process `$paramod\_80_lcu_han_carlson\WIDTH=32'00000000000000000000000000000101.$proc$/OpenROAD-flow-scripts/tools/install/yosys/bin/../share/yosys/choices/han-carlson.v:18$77389': $auto$proc_dlatch.cc:545:proc_dlatch$77545
Warning: Latch inferred for signal `$paramod\_80_lcu_han_carlson\WIDTH=32'00000000000000000000000000000101.\j [31:2]' from process `$paramod\_80_lcu_han_carlson\WIDTH=32'00000000000000000000000000000101.$proc$/OpenROAD-flow-scripts/tools/install/yosys/bin/../share/yosys/choices/han-carlson.v:18$77389': $auto$proc_dlatch.cc:547:proc_dlatch$77548
Warning: Latch inferred for signal `$paramod\_80_lcu_han_carlson\WIDTH=32'00000000000000000000000000000001.\j' from process `$paramod\_80_lcu_han_carlson\WIDTH=32'00000000000000000000000000000001.$proc$/OpenROAD-flow-scripts/tools/install/yosys/bin/../share/yosys/choices/han-carlson.v:18$77563': $auto$proc_dlatch.cc:545:proc_dlatch$77601
Warning: Latch inferred for signal `$paramod\_80_lcu_han_carlson\WIDTH=32'00000000000000000000000000000010.\j' from process `$paramod\_80_lcu_han_carlson\WIDTH=32'00000000000000000000000000000010.$proc$/OpenROAD-flow-scripts/tools/install/yosys/bin/../share/yosys/choices/han-carlson.v:18$77613': $auto$proc_dlatch.cc:545:proc_dlatch$77666
Warning: Latch inferred for signal `$paramod\_80_lcu_han_carlson\WIDTH=32'00000000000000000000000000001100.\j [2:0]' from process `$paramod\_80_lcu_han_carlson\WIDTH=32'00000000000000000000000000001100.$proc$/OpenROAD-flow-scripts/tools/install/yosys/bin/../share/yosys/choices/han-carlson.v:18$77716': $auto$proc_dlatch.cc:545:proc_dlatch$78121
Warning: Latch inferred for signal `$paramod\_80_lcu_han_carlson\WIDTH=32'00000000000000000000000000001100.\j [31:3]' from process `$paramod\_80_lcu_han_carlson\WIDTH=32'00000000000000000000000000001100.$proc$/OpenROAD-flow-scripts/tools/install/yosys/bin/../share/yosys/choices/han-carlson.v:18$77716': $auto$proc_dlatch.cc:547:proc_dlatch$78124
Warning: Latch inferred for signal `$paramod\_80_lcu_han_carlson\WIDTH=32'00000000000000000000000000011110.\j [3:0]' from process `$paramod\_80_lcu_han_carlson\WIDTH=32'00000000000000000000000000011110.$proc$/OpenROAD-flow-scripts/tools/install/yosys/bin/../share/yosys/choices/han-carlson.v:18$78353': $auto$proc_dlatch.cc:545:proc_dlatch$79496
Warning: Latch inferred for signal `$paramod\_80_lcu_han_carlson\WIDTH=32'00000000000000000000000000011110.\j [31:4]' from process `$paramod\_80_lcu_han_carlson\WIDTH=32'00000000000000000000000000011110.$proc$/OpenROAD-flow-scripts/tools/install/yosys/bin/../share/yosys/choices/han-carlson.v:18$78353': $auto$proc_dlatch.cc:547:proc_dlatch$79499
Warning: Latch inferred for signal `$paramod\_80_lcu_han_carlson\WIDTH=32'00000000000000000000000000011111.\j [3:0]' from process `$paramod\_80_lcu_han_carlson\WIDTH=32'00000000000000000000000000011111.$proc$/OpenROAD-flow-scripts/tools/install/yosys/bin/../share/yosys/choices/han-carlson.v:18$79599': $auto$proc_dlatch.cc:545:proc_dlatch$80775
Warning: Latch inferred for signal `$paramod\_80_lcu_han_carlson\WIDTH=32'00000000000000000000000000011111.\j [31:4]' from process `$paramod\_80_lcu_han_carlson\WIDTH=32'00000000000000000000000000011111.$proc$/OpenROAD-flow-scripts/tools/install/yosys/bin/../share/yosys/choices/han-carlson.v:18$79599': $auto$proc_dlatch.cc:547:proc_dlatch$80778
Warning: Latch inferred for signal `$paramod\_80_lcu_han_carlson\WIDTH=32'00000000000000000000000001000000.\j [4:0]' from process `$paramod\_80_lcu_han_carlson\WIDTH=32'00000000000000000000000001000000.$proc$/OpenROAD-flow-scripts/tools/install/yosys/bin/../share/yosys/choices/han-carlson.v:18$80945': $auto$proc_dlatch.cc:545:proc_dlatch$83660
Warning: Latch inferred for signal `$paramod\_80_lcu_han_carlson\WIDTH=32'00000000000000000000000001000000.\j [31:5]' from process `$paramod\_80_lcu_han_carlson\WIDTH=32'00000000000000000000000001000000.$proc$/OpenROAD-flow-scripts/tools/install/yosys/bin/../share/yosys/choices/han-carlson.v:18$80945': $auto$proc_dlatch.cc:547:proc_dlatch$83663
Warning: Latch inferred for signal `$paramod\_80_lcu_han_carlson\WIDTH=32'00000000000000000000000000000011.\j [0]' from process `$paramod\_80_lcu_han_carlson\WIDTH=32'00000000000000000000000000000011.$proc$/OpenROAD-flow-scripts/tools/install/yosys/bin/../share/yosys/choices/han-carlson.v:18$84159': $auto$proc_dlatch.cc:545:proc_dlatch$84258
Warning: Latch inferred for signal `$paramod\_80_lcu_han_carlson\WIDTH=32'00000000000000000000000000000011.\j [31:1]' from process `$paramod\_80_lcu_han_carlson\WIDTH=32'00000000000000000000000000000011.$proc$/OpenROAD-flow-scripts/tools/install/yosys/bin/../share/yosys/choices/han-carlson.v:18$84159': $auto$proc_dlatch.cc:547:proc_dlatch$84261
11. Executing OPT pass (performing simple optimizations).
11.1. Executing OPT_EXPR pass (perform const folding).
11.2. Executing OPT_MERGE pass (detect identical cells).
11.3. Executing OPT_MUXTREE pass (detect dead branches in mux trees).
11.4. Executing OPT_REDUCE pass (consolidate $*mux and $reduce_* inputs).
11.5. Executing OPT_MERGE pass (detect identical cells).
11.6. Executing OPT_DFF pass (perform DFF optimizations).
11.7. Executing OPT_CLEAN pass (remove unused cells and wires).
11.8. Executing OPT_EXPR pass (perform const folding).
11.9. Rerunning OPT passes. (Maybe there is more to do..)
11.10. Executing OPT_MUXTREE pass (detect dead branches in mux trees).
11.11. Executing OPT_REDUCE pass (consolidate $*mux and $reduce_* inputs).
11.12. Executing OPT_MERGE pass (detect identical cells).
11.13. Executing OPT_DFF pass (perform DFF optimizations).
11.14. Executing OPT_CLEAN pass (remove unused cells and wires).
11.15. Executing OPT_EXPR pass (perform const folding).
11.16. Finished fast OPT passes. (There is nothing left to do.)
12. Executing DFFLEGALIZE pass (convert FFs to types supported by the target).
13. Executing TECHMAP pass (map to technology primitives).
13.1. Executing Verilog-2005 frontend: /OpenROAD-flow-scripts/flow/platforms/sky130hd/cells_latch_hd.v
13.2. Continuing TECHMAP pass.
14. Executing DFFLIBMAP pass (mapping DFF cells to sequential cells from liberty file).
14.1. Executing DFFLEGALIZE pass (convert FFs to types supported by the target).
15. Executing OPT pass (performing simple optimizations).
15.1. Executing OPT_EXPR pass (perform const folding).
15.2. Executing OPT_MERGE pass (detect identical cells).
15.3. Executing OPT_MUXTREE pass (detect dead branches in mux trees).
15.4. Executing OPT_REDUCE pass (consolidate $*mux and $reduce_* inputs).
15.5. Executing OPT_MERGE pass (detect identical cells).
15.6. Executing OPT_DFF pass (perform DFF optimizations).
15.7. Executing OPT_CLEAN pass (remove unused cells and wires).
15.8. Executing OPT_EXPR pass (perform const folding).
15.9. Rerunning OPT passes. (Maybe there is more to do..)
15.10. Executing OPT_MUXTREE pass (detect dead branches in mux trees).
15.11. Executing OPT_REDUCE pass (consolidate $*mux and $reduce_* inputs).
15.12. Executing OPT_MERGE pass (detect identical cells).
15.13. Executing OPT_DFF pass (perform DFF optimizations).
15.14. Executing OPT_CLEAN pass (remove unused cells and wires).
15.15. Executing OPT_EXPR pass (perform const folding).
15.16. Finished fast OPT passes. (There is nothing left to do.)
16. Executing SETUNDEF pass (replace undef values with defined constants).
abc_new -liberty /OpenROAD-flow-scripts/flow/platforms/sky130hd/lib/sky130_fd_sc_hd__tt_025C_1v80.lib -dont_use sky130_fd_sc_hd__probe_p_8 -dont_use sky130_fd_sc_hd__probec_p_8 -dont_use sky130_fd_sc_hd__lpflow_bleeder_1 -dont_use sky130_fd_sc_hd__lpflow_clkbufkapwr_1 -dont_use sky130_fd_sc_hd__lpflow_clkbufkapwr_16 -dont_use sky130_fd_sc_hd__lpflow_clkbufkapwr_2 -dont_use sky130_fd_sc_hd__lpflow_clkbufkapwr_4 -dont_use sky130_fd_sc_hd__lpflow_clkbufkapwr_8 -dont_use sky130_fd_sc_hd__lpflow_clkinvkapwr_1 -dont_use sky130_fd_sc_hd__lpflow_clkinvkapwr_16 -dont_use sky130_fd_sc_hd__lpflow_clkinvkapwr_2 -dont_use sky130_fd_sc_hd__lpflow_clkinvkapwr_4 -dont_use sky130_fd_sc_hd__lpflow_clkinvkapwr_8 -dont_use sky130_fd_sc_hd__lpflow_decapkapwr_12 -dont_use sky130_fd_sc_hd__lpflow_decapkapwr_3 -dont_use sky130_fd_sc_hd__lpflow_decapkapwr_4 -dont_use sky130_fd_sc_hd__lpflow_decapkapwr_6 -dont_use sky130_fd_sc_hd__lpflow_decapkapwr_8 -dont_use sky130_fd_sc_hd__lpflow_inputiso0n_1 -dont_use sky130_fd_sc_hd__lpflow_inputiso0p_1 -dont_use sky130_fd_sc_hd__lpflow_inputiso1n_1 -dont_use sky130_fd_sc_hd__lpflow_inputiso1p_1 -dont_use sky130_fd_sc_hd__lpflow_inputisolatch_1 -dont_use sky130_fd_sc_hd__lpflow_isobufsrc_1 -dont_use sky130_fd_sc_hd__lpflow_isobufsrc_16 -dont_use sky130_fd_sc_hd__lpflow_isobufsrc_2 -dont_use sky130_fd_sc_hd__lpflow_isobufsrc_4 -dont_use sky130_fd_sc_hd__lpflow_isobufsrc_8 -dont_use sky130_fd_sc_hd__lpflow_isobufsrckapwr_16 -dont_use sky130_fd_sc_hd__lpflow_lsbuf_lh_hl_isowell_tap_1 -dont_use sky130_fd_sc_hd__lpflow_lsbuf_lh_hl_isowell_tap_2 -dont_use sky130_fd_sc_hd__lpflow_lsbuf_lh_hl_isowell_tap_4 -dont_use sky130_fd_sc_hd__lpflow_lsbuf_lh_isowell_4 -dont_use sky130_fd_sc_hd__lpflow_lsbuf_lh_isowell_tap_1 -dont_use sky130_fd_sc_hd__lpflow_lsbuf_lh_isowell_tap_2 -dont_use sky130_fd_sc_hd__lpflow_lsbuf_lh_isowell_tap_4 -constr /work/objects/sky130hd/m7_j0/p9p5/abc.constr -D 9.5
Warning: Feature 'abc_new' is experimental.
17. Executing ABC_NEW pass.
17.1. Executing ABC9_OPS pass (helper functions for ABC9).
17.2. Executing BOX_DERIVE pass. (derive modules for boxes)
17.3. Executing ABC9_OPS pass (helper functions for ABC9).
17.4. Executing ABC9_OPS pass (helper functions for ABC9).
17.5. Mapping module 'ALU_33_0_33_0_33_unused_CO_X_Y[0]_HAN_CARLSON'.
17.5.1. Executing ABC9_OPS pass (helper functions for ABC9).
Warning: Feature 'write_xaiger2' is experimental.
17.5.2. Executing XAIGER2 backend.
17.5.3. Executing ABC9_EXE pass (technology mapping using ABC9).
17.5.4. Executing ABC9.
Warning: Feature 'read_xaiger2' is experimental.
17.5.5. Executing XAIGER2 frontend.
17.6. Executing PORTARCS pass. (derive propagation arcs)
17.7. Executing ABC9_OPS pass (helper functions for ABC9).
17.8. Mapping module 'ALU_34_0_34_0_34_HAN_CARLSON'.
17.8.1. Executing ABC9_OPS pass (helper functions for ABC9).
17.8.2. Executing XAIGER2 backend.
17.8.3. Executing ABC9_EXE pass (technology mapping using ABC9).
17.8.4. Executing ABC9.
17.8.5. Executing XAIGER2 frontend.
17.9. Executing PORTARCS pass. (derive propagation arcs)
17.10. Executing ABC9_OPS pass (helper functions for ABC9).
17.11. Mapping module 'm7_ppa_j0_top'.
17.11.1. Executing ABC9_OPS pass (helper functions for ABC9).
17.11.2. Executing XAIGER2 backend.
17.11.3. Executing ABC9_EXE pass (technology mapping using ABC9).
17.11.4. Executing ABC9.
Warning: ABC: execution of command ""/OpenROAD-flow-scripts/tools/install/yosys/bin/yosys-abc" -s -f /tmp/yosys-abc-5ZA42l/abc.script 2>&1" failed: return code 134.
17.11.5. Executing XAIGER2 frontend.
17.12. Mapping module 'ALU_34_0_34_0_34_BRENT_KUNG'.
17.12.1. Executing ABC9_OPS pass (helper functions for ABC9).
17.12.2. Executing XAIGER2 backend.
17.12.3. Executing ABC9_EXE pass (technology mapping using ABC9).
17.12.4. Executing ABC9.
17.12.5. Executing XAIGER2 frontend.
17.13. Executing PORTARCS pass. (derive propagation arcs)
17.14. Executing ABC9_OPS pass (helper functions for ABC9).
17.15. Mapping module 'ALU_34_0_34_0_34_SKLANSKY'.
17.15.1. Executing ABC9_OPS pass (helper functions for ABC9).
17.15.2. Executing XAIGER2 backend.
17.15.3. Executing ABC9_EXE pass (technology mapping using ABC9).
17.15.4. Executing ABC9.
17.15.5. Executing XAIGER2 frontend.
17.16. Executing PORTARCS pass. (derive propagation arcs)
17.17. Executing ABC9_OPS pass (helper functions for ABC9).
17.18. Mapping module 'ALU_34_0_34_0_34_KOGGE_STONE'.
17.18.1. Executing ABC9_OPS pass (helper functions for ABC9).
17.18.2. Executing XAIGER2 backend.
17.18.3. Executing ABC9_EXE pass (technology mapping using ABC9).
17.18.4. Executing ABC9.
17.18.5. Executing XAIGER2 frontend.
17.19. Executing PORTARCS pass. (derive propagation arcs)
17.20. Executing ABC9_OPS pass (helper functions for ABC9).
17.21. Mapping module 'ALU_33_0_33_0_33_unused_CO_X_Y[0]_BRENT_KUNG'.
17.21.1. Executing ABC9_OPS pass (helper functions for ABC9).
17.21.2. Executing XAIGER2 backend.
17.21.3. Executing ABC9_EXE pass (technology mapping using ABC9).
17.21.4. Executing ABC9.
17.21.5. Executing XAIGER2 frontend.
17.22. Executing PORTARCS pass. (derive propagation arcs)
17.23. Executing ABC9_OPS pass (helper functions for ABC9).
17.24. Mapping module 'ALU_33_0_33_0_33_unused_CO_X_Y[0]_SKLANSKY'.
17.24.1. Executing ABC9_OPS pass (helper functions for ABC9).
17.24.2. Executing XAIGER2 backend.
17.24.3. Executing ABC9_EXE pass (technology mapping using ABC9).
17.24.4. Executing ABC9.
17.24.5. Executing XAIGER2 frontend.
17.25. Executing PORTARCS pass. (derive propagation arcs)
17.26. Executing ABC9_OPS pass (helper functions for ABC9).
17.27. Mapping module 'ALU_33_0_33_0_33_unused_CO_X_Y[0]_KOGGE_STONE'.
17.27.1. Executing ABC9_OPS pass (helper functions for ABC9).
17.27.2. Executing XAIGER2 backend.
17.27.3. Executing ABC9_EXE pass (technology mapping using ABC9).
17.27.4. Executing ABC9.
17.27.5. Executing XAIGER2 frontend.
17.28. Executing PORTARCS pass. (derive propagation arcs)
17.29. Executing ABC9_OPS pass (helper functions for ABC9).
17.30. Executing ABC9_OPS pass (helper functions for ABC9).
Took 28 seconds: abc_new -liberty /OpenROAD-flow-scripts/flow/platforms/sky130hd/lib/sky130_fd_sc_hd__tt_025C_1v80.lib -dont_use sky130_fd_sc_hd__probe_p_8 -dont_use sky130_fd_sc_hd__probec_p_8 -dont_use sky130_fd_sc_hd__lpflow_bleeder_1 -dont_use sky130_fd_sc_hd__lpflow_clkbufkapwr_1 -dont_use sky130_fd_sc_hd__lpflow_clkbufkapwr_16 -dont_use sky130_fd_sc_hd__lpflow_clkbufkapwr_2 -dont_use sky130_fd_sc_hd__lpflow_clkbufkapwr_4 -dont_use sky130_fd_sc_hd__lpflow_clkbufkapwr_8 -dont_use sky130_fd_sc_hd__lpflow_clkinvkapwr_1 -dont_use sky130_fd_sc_hd__lpflow_clkinvkapwr_16 -dont_use sky130_fd_sc_hd__lpflow_clkinvkapwr_2 -dont_use sky130_fd_sc_hd__lpflow_clkinvkapwr_4 -dont_use sky130_fd_sc_hd__lpflow_clkinvkapwr_8 -dont_use sky130_fd_sc_hd__lpflow_decapkapwr_12 -dont_use sky130_fd_sc_hd__lpflow_decapkapwr_3 -dont_use sky130_fd_sc_hd__lpflow_decapkapwr_4 -dont_use sky130_fd_sc_hd__lpflow_decapkapwr_6 -dont_use sky130_fd_sc_hd__lpflow_decapkapwr_8 -dont_use sky130_fd_sc_hd__lpflow_inputiso0n_1 -dont_use sky130_fd_sc_hd__lpflow_inputiso0p_1 -dont_use sky130_fd_sc_hd__lpflow_inputiso1n_1 -dont_use sky130_fd_sc_hd__lpflow_inputiso1p_1 -dont_use sky130_fd_sc_hd__lpflow_inputisolatch_1 -dont_use sky130_fd_sc_hd__lpflow_isobufsrc_1 -dont_use sky130_fd_sc_hd__lpflow_isobufsrc_16 -dont_use sky130_fd_sc_hd__lpflow_isobufsrc_2 -dont_use sky130_fd_sc_hd__lpflow_isobufsrc_4 -dont_use sky130_fd_sc_hd__lpflow_isobufsrc_8 -dont_use sky130_fd_sc_hd__lpflow_isobufsrckapwr_16 -dont_use sky130_fd_sc_hd__lpflow_lsbuf_lh_hl_isowell_tap_1 -dont_use sky130_fd_sc_hd__lpflow_lsbuf_lh_hl_isowell_tap_2 -dont_use sky130_fd_sc_hd__lpflow_lsbuf_lh_hl_isowell_tap_4 -dont_use sky130_fd_sc_hd__lpflow_lsbuf_lh_isowell_4 -dont_use sky130_fd_sc_hd__lpflow_lsbuf_lh_isowell_tap_1 -dont_use sky130_fd_sc_hd__lpflow_lsbuf_lh_isowell_tap_2 -dont_use sky130_fd_sc_hd__lpflow_lsbuf_lh_isowell_tap_4 -constr /work/objects/sky130hd/m7_j0/p9p5/abc.constr -D 9.5
18. Executing SPLITNETS pass (splitting up multi-bit signals).
19. Executing OPT_CLEAN pass (remove unused cells and wires).
20. Executing HILOMAP pass (mapping to constant drivers).
21. Executing INSBUF pass (insert buffer cells for connected wires).
22. Executing CHECK pass (checking for obvious problems).
23. Printing statistics.
24. Executing CHECK pass (checking for obvious problems).
25. Executing Verilog backend.
25.1. Executing BMUXMAP pass.
25.2. Executing DEMUXMAP pass.
Warnings: 22 unique messages, 22 total
Warnings: 3 experimental features used (not excluded with -x).
End of script. Logfile hash: b64fd59930, time: 32.53s, user: 6.43s, system: 0.40s, MEM: 131.49 MB peak
Yosys 0.68+post (git sha1 UNKNOWN, Release, GNU /usr/local/bin/wrapped-cc/g++ 11.4.0)
Time spent: 79% 9x abc9_exe (26 sec), 5% 75x opt_expr (1 sec), ...
Elapsed time: 0:32.56[h:]min:sec. CPU time: user 32.97 sys 0.53 (102%). Peak memory: 135960KB.
Log                       Ext     Elapsed/s Peak Memory/MB sha1sum result [0:20)
1_2_yosys                 .v             32            132 3ace1779ffe5f464cf32
1_2_yosys                 .sdc                             a56667f6ad0d463e0909
cp /repo/m7/ppa/orfs/sky130hd/constraint.sdc /work/results/sky130hd/m7_j0/p9p5/1_2_yosys.sdc
touch -r /repo/m7/ppa/orfs/sky130hd/constraint.sdc /work/results/sky130hd/m7_j0/p9p5/1_2_yosys.sdc
/OpenROAD-flow-scripts/flow/scripts/flow.sh 1_synth synth_odb
Running synth_odb.tcl, stage 1_synth
read_liberty /OpenROAD-flow-scripts/flow/platforms/sky130hd/lib/sky130_fd_sc_hd__tt_025C_1v80.lib
[INFO ODB-0227] LEF file: /OpenROAD-flow-scripts/flow/platforms/sky130hd/lef/sky130_fd_sc_hd.tlef, created 13 layers, 25 vias
[INFO ODB-0227] LEF file: /OpenROAD-flow-scripts/flow/platforms/sky130hd/lef/sky130_fd_sc_hd_merged.lef, created 441 library cells
link_design -hier m7_ppa_j0_top
[WARNING ORD-0011] Hierarchical flow (-hier) is currently in development and may cause multiple issues. Do not use in production environments.
read_sdc /work/results/sky130hd/m7_j0/p9p5/1_2_yosys.sdc
source /OpenROAD-flow-scripts/flow/platforms/sky130hd/setRC.tcl
eliminate_dead_logic
Removed 22 unused instances and 22 unused nets.
Design area 136388 um^2 100% utilization.
write_db /work/results/sky130hd/m7_j0/p9p5/1_synth.odb
write_sdc -no_timestamp /work/results/sky130hd/m7_j0/p9p5/1_synth.sdc
Elapsed time: 0:00.49[h:]min:sec. CPU time: user 0.42 sys 0.05 (96%). Peak memory: 164644KB.
Log                       Ext     Elapsed/s Peak Memory/MB sha1sum result [0:20)
1_synth                   .odb            0            160 42d4db6978f0664ef167
1_synth                   .sdc                             c3d52ea0c88dcbaa6c46
/OpenROAD-flow-scripts/flow/scripts/flow.sh 2_1_floorplan floorplan
Running floorplan.tcl, stage 2_1_floorplan
read_liberty /OpenROAD-flow-scripts/flow/platforms/sky130hd/lib/sky130_fd_sc_hd__tt_025C_1v80.lib
read_db -hier /work/results/sky130hd/m7_j0/p9p5/1_synth.odb
[WARNING ORD-0012] Hierarchical flow (-hier) is currently in development and may cause multiple issues. Do not use in production environments.
read_sdc /work/results/sky130hd/m7_j0/p9p5/1_synth.sdc
source /OpenROAD-flow-scripts/flow/platforms/sky130hd/setRC.tcl
Master sky130_ef_sc_hd__decap_12 is loaded but not used in the design

==========================================================================
Floorplan check_setup
--------------------------------------------------------------------------
number instances in verilog is 15247
[INFO IFP-0107] Defining die area using utilization: 50.00% and aspect ratio: 1.
[WARNING IFP-0028] Core area lower left (1.000, 1.000) snapped to (1.380, 2.720).
[INFO IFP-0001] Added 191 rows of 1134 site unithd.
[INFO IFP-0100] Die BBox:  (  0.000  0.000 ) ( 524.280 524.280 ) um
[INFO IFP-0101] Core BBox: (  1.380  2.720 ) ( 523.020 522.240 ) um
[INFO IFP-0102] Core area:                       271002.413 um^2
[INFO IFP-0103] Total instances area:            136388.307 um^2
[INFO IFP-0104] Effective utilization:                0.503
[INFO IFP-0105] Number of instances:                  15245
source /OpenROAD-flow-scripts/flow/platforms/sky130hd/make_tracks.tcl
source /repo/m7/ppa/orfs/sky130hd/fastroute.tcl
Repair tie lo fanout...
[INFO RSZ-0042] Inserted 26 tie sky130_fd_sc_hd__conb_1 instances.
Repair tie hi fanout...
[INFO RSZ-0042] Inserted 1 tie sky130_fd_sc_hd__conb_1 instances.
replace_arith_modules -path_count 1000 -target setup -slack_threshold 0.0
[INFO RSZ-0151] Starting arithmetic module replacement to optimize 'setup' target
[INFO RSZ-0152] Analyzing 1000 critical paths with slack < 0.00
[INFO RSZ-0153] Identified 2198 violating endpoints
[INFO RSZ-0154] Identified 2 critical arithmetic instances
[INFO ODB-0496] swapMaster sanity check passed (0 failures)
[INFO ODB-0496] swapMaster sanity check passed (0 failures)
[INFO RSZ-0160] 2 arithmetic instances have swapped to improve 'setup' target
[INFO RSZ-0026] Removed 16 buffers.
Default units for flow
 time 1ns
 capacitance 1pF
 resistance 1kohm
 voltage 1v
 current 1mA
 power 1nW
 distance 1um
   Layer   | Unit Resistance | Unit Capacitance 
           |       (kohm/um) |          (pF/um)
------------------------------------------------
       li1 |        7.18e-02 |         1.50e-04
      met1 |        1.21e-03 |         1.72e-04
      met2 |        1.22e-03 |         1.36e-04
      met3 |        1.66e-04 |         2.15e-04
      met4 |        1.68e-04 |         1.48e-04
      met5 |        1.84e-05 |         1.54e-04
------------------------------------------------

   Layer   | Via Resistance 
           |         (kohm) 
----------------------------
      mcon |       9.25e-03 
       via |       4.50e-03 
      via2 |       3.37e-03 
      via3 |       3.77e-04 
      via4 |       5.80e-06 
----------------------------
Report metrics stage 2, floorplan final...

==========================================================================
floorplan final report_design_area
--------------------------------------------------------------------------
Design area 136809 um^2 50% utilization.
write_db /work/results/sky130hd/m7_j0/p9p5/2_1_floorplan.odb
write_sdc -no_timestamp /work/results/sky130hd/m7_j0/p9p5/2_1_floorplan.sdc
Elapsed time: 0:02.41[h:]min:sec. CPU time: user 3.36 sys 2.48 (242%). Peak memory: 191680KB.
Log                       Ext     Elapsed/s Peak Memory/MB sha1sum result [0:20)
2_1_floorplan             .odb            2            187 9f06c079c8d2503466f8
2_1_floorplan             .sdc                             c3d52ea0c88dcbaa6c46
/OpenROAD-flow-scripts/flow/scripts/flow.sh 2_2_floorplan_macro macro_place
Running macro_place.tcl, stage 2_2_floorplan_macro
read_liberty /OpenROAD-flow-scripts/flow/platforms/sky130hd/lib/sky130_fd_sc_hd__tt_025C_1v80.lib
read_db -hier /work/results/sky130hd/m7_j0/p9p5/2_1_floorplan.odb
[WARNING ORD-0012] Hierarchical flow (-hier) is currently in development and may cause multiple issues. Do not use in production environments.
read_sdc /work/results/sky130hd/m7_j0/p9p5/2_1_floorplan.sdc
source /OpenROAD-flow-scripts/flow/platforms/sky130hd/setRC.tcl
No macros found: Skipping macro_placement
Design area 136809 um^2 50% utilization.
write_db /work/results/sky130hd/m7_j0/p9p5/2_2_floorplan_macro.odb
Elapsed time: 0:00.33[h:]min:sec. CPU time: user 0.27 sys 0.05 (95%). Peak memory: 152504KB.
Log                       Ext     Elapsed/s Peak Memory/MB sha1sum result [0:20)
2_2_floorplan_macro       .odb            0            148 9f06c079c8d2503466f8
/OpenROAD-flow-scripts/flow/scripts/flow.sh 2_3_floorplan_tapcell tapcell
Running tapcell.tcl, stage 2_3_floorplan_tapcell
read_liberty /OpenROAD-flow-scripts/flow/platforms/sky130hd/lib/sky130_fd_sc_hd__tt_025C_1v80.lib
read_db -hier /work/results/sky130hd/m7_j0/p9p5/2_2_floorplan_macro.odb
[WARNING ORD-0012] Hierarchical flow (-hier) is currently in development and may cause multiple issues. Do not use in production environments.
read_sdc /work/results/sky130hd/m7_j0/p9p5/2_1_floorplan.sdc
source /OpenROAD-flow-scripts/flow/platforms/sky130hd/setRC.tcl
[INFO TAP-0005] Inserted 3570 tapcells.
Design area 141275 um^2 52% utilization.
write_db /work/results/sky130hd/m7_j0/p9p5/2_3_floorplan_tapcell.odb
Elapsed time: 0:00.32[h:]min:sec. CPU time: user 0.27 sys 0.04 (95%). Peak memory: 145968KB.
Log                       Ext     Elapsed/s Peak Memory/MB sha1sum result [0:20)
2_3_floorplan_tapcell     .odb            0            142 2342af5cf8934a826ef4
/OpenROAD-flow-scripts/flow/scripts/flow.sh 2_4_floorplan_pdn pdn
Running pdn.tcl, stage 2_4_floorplan_pdn
read_liberty /OpenROAD-flow-scripts/flow/platforms/sky130hd/lib/sky130_fd_sc_hd__tt_025C_1v80.lib
read_db -hier /work/results/sky130hd/m7_j0/p9p5/2_3_floorplan_tapcell.odb
[WARNING ORD-0012] Hierarchical flow (-hier) is currently in development and may cause multiple issues. Do not use in production environments.
read_sdc /work/results/sky130hd/m7_j0/p9p5/2_1_floorplan.sdc
source /OpenROAD-flow-scripts/flow/platforms/sky130hd/setRC.tcl
[WARNING PDN-1051] No instances found for grid (CORE_macro_grid_1).
[WARNING PDN-1051] No instances found for grid (CORE_macro_grid_2).
[INFO PDN-0001] Inserting grid: grid
[INFO PDN-0500] Runtime: 0.06s
Design area 141275 um^2 52% utilization.
write_db /work/results/sky130hd/m7_j0/p9p5/2_4_floorplan_pdn.odb
Elapsed time: 0:00.51[h:]min:sec. CPU time: user 0.44 sys 0.06 (96%). Peak memory: 168696KB.
Log                       Ext     Elapsed/s Peak Memory/MB sha1sum result [0:20)
2_4_floorplan_pdn         .odb            0            164 3c380875929b1369d9d6
cp /work/results/sky130hd/m7_j0/p9p5/2_4_floorplan_pdn.odb /work/results/sky130hd/m7_j0/p9p5/2_floorplan.odb
cp /work/results/sky130hd/m7_j0/p9p5/2_1_floorplan.sdc /work/results/sky130hd/m7_j0/p9p5/2_floorplan.sdc
/OpenROAD-flow-scripts/flow/scripts/flow.sh 3_1_place_gp_skip_io global_place_skip_io
Running global_place_skip_io.tcl, stage 3_1_place_gp_skip_io
read_liberty /OpenROAD-flow-scripts/flow/platforms/sky130hd/lib/sky130_fd_sc_hd__tt_025C_1v80.lib
read_db -hier /work/results/sky130hd/m7_j0/p9p5/2_floorplan.odb
[WARNING ORD-0012] Hierarchical flow (-hier) is currently in development and may cause multiple issues. Do not use in production environments.
read_sdc /work/results/sky130hd/m7_j0/p9p5/2_floorplan.sdc
source /OpenROAD-flow-scripts/flow/platforms/sky130hd/setRC.tcl
[INFO GPL-0022] Initialize gpl and calculate uniform density.
Placement density is 0.687499994635582, computed from PLACE_DENSITY_LB_ADDON  0.25 and lower bound 0.5699999928474426
global_placement -skip_io -density 0.687499994635582 -pad_left 0 -pad_right 0
[INFO GPL-0001] ---- Initialize GPL Main Data Structures
[INFO GPL-0002] DBU: 1000
[INFO GPL-0003] SiteSize: (  0.460  2.720 ) um
[INFO GPL-0004] CoreBBox: (  1.380  2.720 ) ( 523.020 522.240 ) um
[INFO GPL-0016] Core area:                  271002.413 um^2
[INFO GPL-0036] Movable instances area:     136808.710 um^2
[INFO GPL-0037] Total instances area:       141275.494 um^2
[INFO GPL-0035] Pin density area adjust:     15016.838 um^2
[INFO GPL-0032] ---- Initialize Region: Top-level
[INFO GPL-0006] Number of instances:             18985
[INFO GPL-0007] Movable instances:               15415
[INFO GPL-0008] Fixed instances:                  3570
[INFO GPL-0009] Dummy instances:                     0
[INFO GPL-0010] Number of nets:                  15610
[INFO GPL-0011] Number of pins:                  59106
[INFO GPL-0012] Die BBox:       (  0.000  0.000 ) ( 524.280 524.280 ) um
[INFO GPL-0013] Placement BBox: (  1.380  2.720 ) ( 523.020 522.240 ) um
[INFO GPL-0014] Region name: top-level.
[INFO GPL-0015] Region area:                271002.413 um^2
[INFO GPL-0017] Fixed instances area:         4466.784 um^2
[INFO GPL-0018] Movable instances area:     151825.548 um^2
[INFO GPL-0019] Utilization:                    56.963 %
[INFO GPL-0020] Standard cells area:        151825.548 um^2
[INFO GPL-0021] Large instances area:            0.000 um^2
[INFO GPL-0005] ---- Execute Conjugate Gradient Initial Placement.
[INFO GPL-0051] Source of initial instance position counters:
	Odb location = 0	Core center = 15415	Region center = 0
[INFO GPL-0033] ---- Initialize Nesterov Region: Top-level
[INFO GPL-0023] Placement target density:       0.6875
[INFO GPL-0024] Movable insts average area:      9.849 um^2
[INFO GPL-0025] Ideal bin area:                 14.326 um^2
[INFO GPL-0026] Ideal bin count:                 18916
[INFO GPL-0027] Total bin area:             271002.413 um^2
[INFO GPL-0028] Bin count (X, Y):         128 ,    128
[INFO GPL-0029] Bin size (W * H):       4.075 *  4.059 um
[INFO GPL-0030] Number of bins:                  16384
[INFO GPL-0084] ---- Execute Nesterov Global Placement.
[INFO GPL-0031] HPWL: Half-Perimeter Wirelength
Iteration | Overflow |     HPWL (um) |  HPWL(%) |   Penalty | Group
---------------------------------------------------------------
        0 |   0.9989 |  3.168504e+04 |   +0.00% |  9.63e-16 |      
       10 |   0.9986 |  2.677155e+04 |  -15.51% |  1.57e-15 |      
       20 |   0.9986 |  2.660140e+04 |   -0.64% |  2.56e-15 |      
       30 |   0.9986 |  2.652750e+04 |   -0.28% |  4.16e-15 |      
       40 |   0.9986 |  2.646911e+04 |   -0.22% |  6.78e-15 |      
       50 |   0.9986 |  2.642582e+04 |   -0.16% |  1.10e-14 |      
       60 |   0.9986 |  2.640780e+04 |   -0.07% |  1.80e-14 |      
       70 |   0.9986 |  2.642367e+04 |   +0.06% |  2.93e-14 |      
       80 |   0.9985 |  2.649795e+04 |   +0.28% |  4.77e-14 |      
       90 |   0.9980 |  2.674416e+04 |   +0.93% |  7.78e-14 |      
      100 |   0.9977 |  2.746219e+04 |   +2.68% |  1.27e-13 |      
      110 |   0.9970 |  2.923495e+04 |   +6.46% |  2.06e-13 |      
      120 |   0.9958 |  3.275138e+04 |  +12.03% |  3.36e-13 |      
      130 |   0.9933 |  3.843902e+04 |  +17.37% |  5.47e-13 |      
      140 |   0.9908 |  4.611543e+04 |  +19.97% |  8.90e-13 |      
      150 |   0.9859 |  5.523738e+04 |  +19.78% |  1.45e-12 |      
      160 |   0.9803 |  6.498665e+04 |  +17.65% |  2.36e-12 |      
      170 |   0.9732 |  7.586439e+04 |  +16.74% |  3.83e-12 |      
      180 |   0.9621 |  9.052822e+04 |  +19.33% |  6.23e-12 |      
      190 |   0.9463 |  1.090948e+05 |  +20.51% |  1.01e-11 |      
      200 |   0.9266 |  1.302526e+05 |  +19.39% |  1.65e-11 |      
      210 |   0.9039 |  1.534119e+05 |  +17.78% |  2.68e-11 |      
      220 |   0.8765 |  1.780746e+05 |  +16.08% |  4.35e-11 |      
      230 |   0.8457 |  2.017757e+05 |  +13.31% |  7.06e-11 |      
      240 |   0.8104 |  2.223155e+05 |  +10.18% |  1.15e-10 |      
      250 |   0.7733 |  2.388864e+05 |   +7.45% |  1.87e-10 |      
      260 |   0.7296 |  2.566176e+05 |   +7.42% |  3.03e-10 |      
      270 |   0.6856 |  2.740252e+05 |   +6.78% |  4.93e-10 |      
      280 |   0.6412 |  2.888666e+05 |   +5.42% |  8.02e-10 |      
      290 |   0.5959 |  3.029014e+05 |   +4.86% |  1.30e-09 |      
      300 |   0.5531 |  3.134432e+05 |   +3.48% |  2.12e-09 |      
      310 |   0.5079 |  3.201897e+05 |   +2.15% |  3.45e-09 |      
      320 |   0.4608 |  3.250240e+05 |   +1.51% |  5.62e-09 |      
      330 |   0.4208 |  3.303289e+05 |   +1.63% |  9.16e-09 |      
      340 |   0.3780 |  3.351011e+05 |   +1.44% |  1.49e-08 |      
      350 |   0.3362 |  3.382587e+05 |   +0.94% |  2.38e-08 |      
      360 |   0.3040 |  3.389481e+05 |   +0.20% |  3.50e-08 |      
      370 |   0.2736 |  3.405455e+05 |   +0.47% |  5.16e-08 |      
      380 |   0.2429 |  3.418492e+05 |   +0.38% |  7.60e-08 |      
      390 |   0.2122 |  3.428156e+05 |   +0.28% |  1.12e-07 |      
      400 |   0.1837 |  3.436392e+05 |   +0.24% |  1.65e-07 |      
      410 |   0.1591 |  3.444552e+05 |   +0.24% |  2.43e-07 |      
      420 |   0.1393 |  3.453523e+05 |   +0.26% |  3.58e-07 |      
      430 |   0.1205 |  3.460804e+05 |   +0.21% |  5.27e-07 |      
      440 |   0.1064 |  3.469865e+05 |   +0.26% |  7.77e-07 |      
      445 |   0.0991 |  3.474094e+05 |          |  9.80e-07 |      
---------------------------------------------------------------
[INFO GPL-1001] Global placement finished at iteration 445
[INFO GPL-1002] Placed Cell Area            151825.5482
[INFO GPL-1003] Available Free Area         266535.6288
[INFO GPL-1004] Minimum Feasible Density        0.5700 (cell_area / free_area)
[INFO GPL-1006]   Suggested Target Densities:
[INFO GPL-1007]     - For 90% usage of free space: 0.6329
[INFO GPL-1008]     - For 80% usage of free space: 0.7120
[INFO GPL-1014] Final placement area: 151825.55 (+0.00%)
Took 16 seconds: global_placement -skip_io -density 0.687499994635582 -pad_left 0 -pad_right 0
Design area 141275 um^2 52% utilization.
write_db /work/results/sky130hd/m7_j0/p9p5/3_1_place_gp_skip_io.odb
Elapsed time: 0:17.12[h:]min:sec. CPU time: user 493.19 sys 0.63 (2884%). Peak memory: 182688KB.
Log                       Ext     Elapsed/s Peak Memory/MB sha1sum result [0:20)
3_1_place_gp_skip_io      .odb           17            178 ea62aa6b0c84f61622b5
/OpenROAD-flow-scripts/flow/scripts/flow.sh 3_2_place_iop io_placement
Running io_placement.tcl, stage 3_2_place_iop
read_liberty /OpenROAD-flow-scripts/flow/platforms/sky130hd/lib/sky130_fd_sc_hd__tt_025C_1v80.lib
read_db -hier /work/results/sky130hd/m7_j0/p9p5/3_1_place_gp_skip_io.odb
[WARNING ORD-0012] Hierarchical flow (-hier) is currently in development and may cause multiple issues. Do not use in production environments.
read_sdc /work/results/sky130hd/m7_j0/p9p5/2_floorplan.sdc
source /OpenROAD-flow-scripts/flow/platforms/sky130hd/setRC.tcl
place_pins -hor_layers met3 -ver_layers met2
Found 0 macro blocks.
Using 2 tracks default min distance between IO pins.
[INFO PPL-0001] Number of available slots 1900
[INFO PPL-0002] Number of I/O             276
[INFO PPL-0003] Number of I/O w/sink      83
[INFO PPL-0004] Number of I/O w/o sink    193
[INFO PPL-0005] Slots per section         200
[INFO PPL-0008] Successfully assigned pins to sections.
[INFO PPL-0012] I/O nets HPWL: 19638.09 um.
Design area 141275 um^2 52% utilization.
write_db /work/results/sky130hd/m7_j0/p9p5/3_2_place_iop.odb
Elapsed time: 0:00.34[h:]min:sec. CPU time: user 0.29 sys 0.04 (95%). Peak memory: 158812KB.
Log                       Ext     Elapsed/s Peak Memory/MB sha1sum result [0:20)
3_2_place_iop             .odb            0            155 3dd72fb53d2322bb29e9
/OpenROAD-flow-scripts/flow/scripts/flow.sh 3_3_place_gp global_place
Running global_place.tcl, stage 3_3_place_gp
read_liberty /OpenROAD-flow-scripts/flow/platforms/sky130hd/lib/sky130_fd_sc_hd__tt_025C_1v80.lib
read_db -hier /work/results/sky130hd/m7_j0/p9p5/3_2_place_iop.odb
[WARNING ORD-0012] Hierarchical flow (-hier) is currently in development and may cause multiple issues. Do not use in production environments.
read_sdc /work/results/sky130hd/m7_j0/p9p5/2_floorplan.sdc
source /OpenROAD-flow-scripts/flow/platforms/sky130hd/setRC.tcl
[INFO RSZ-0026] Removed 0 buffers.
Perform port buffering...
[INFO RSZ-0027] Inserted 1 sky130_fd_sc_hd__clkdlybuf4s50_1 input buffers.
[INFO RSZ-0028] Inserted 65 sky130_fd_sc_hd__clkdlybuf4s50_1 output buffers.
[INFO GPL-0022] Initialize gpl and calculate uniform density.
Placement density is 0.6949999874830246, computed from PLACE_DENSITY_LB_ADDON  0.25 and lower bound 0.5799999833106995
global_placement -density 0.6949999874830246 -pad_left 0 -pad_right 0 -routability_driven -timing_driven -force_center_initial_place -min_phi_coef 0.95 -max_phi_coef 1.05
[INFO GPL-0001] ---- Initialize GPL Main Data Structures
[INFO GPL-0002] DBU: 1000
[INFO GPL-0003] SiteSize: (  0.460  2.720 ) um
[INFO GPL-0004] CoreBBox: (  1.380  2.720 ) ( 523.020 522.240 ) um
[INFO GPL-0016] Core area:                  271002.413 um^2
[INFO GPL-0036] Movable instances area:     137469.344 um^2
[INFO GPL-0037] Total instances area:       141936.128 um^2
[INFO GPL-0035] Pin density area adjust:     15056.120 um^2
[INFO GPL-0032] ---- Initialize Region: Top-level
[INFO GPL-0006] Number of instances:             19051
[INFO GPL-0007] Movable instances:               15481
[INFO GPL-0008] Fixed instances:                  3570
[INFO GPL-0009] Dummy instances:                     0
[INFO GPL-0010] Number of nets:                  15676
[INFO GPL-0011] Number of pins:                  59514
[INFO GPL-0012] Die BBox:       (  0.000  0.000 ) ( 524.280 524.280 ) um
[INFO GPL-0013] Placement BBox: (  1.380  2.720 ) ( 523.020 522.240 ) um
[INFO GPL-0014] Region name: top-level.
[INFO GPL-0015] Region area:                271002.413 um^2
[INFO GPL-0017] Fixed instances area:         4466.784 um^2
[INFO GPL-0018] Movable instances area:     152525.464 um^2
[INFO GPL-0019] Utilization:                    57.225 %
[INFO GPL-0020] Standard cells area:        152525.464 um^2
[INFO GPL-0021] Large instances area:            0.000 um^2
[INFO GPL-0005] ---- Execute Conjugate Gradient Initial Placement.
[INFO GPL-0051] Source of initial instance position counters:
	Odb location = 0	Core center = 15481	Region center = 0
[InitialPlace]  Iter: 1 conjugate gradient residual: 0.00790856 HPWL: 456473705
[InitialPlace]  Iter: 2 conjugate gradient residual: 0.00000570 HPWL: 148168342
[InitialPlace]  Iter: 3 conjugate gradient residual: 0.00000975 HPWL: 144676965
[InitialPlace]  Iter: 4 conjugate gradient residual: 0.00000797 HPWL: 144028172
[InitialPlace]  Iter: 5 conjugate gradient residual: 0.00000703 HPWL: 143622357
[INFO GPL-0033] ---- Initialize Nesterov Region: Top-level
[INFO GPL-0023] Placement target density:       0.6950
[INFO GPL-0024] Movable insts average area:      9.852 um^2
[INFO GPL-0025] Ideal bin area:                 14.176 um^2
[INFO GPL-0026] Ideal bin count:                 19116
[INFO GPL-0027] Total bin area:             271002.413 um^2
[INFO GPL-0028] Bin count (X, Y):         128 ,    128
[INFO GPL-0029] Bin size (W * H):       4.075 *  4.059 um
[INFO GPL-0030] Number of bins:                  16384
[INFO GPL-0084] ---- Execute Nesterov Global Placement.
[INFO GPL-0031] HPWL: Half-Perimeter Wirelength
Iteration | Overflow |     HPWL (um) |  HPWL(%) |   Penalty | Group
---------------------------------------------------------------
        0 |   0.9938 |  4.408445e+04 |   +0.00% |  1.48e-16 |      
       10 |   0.9832 |  5.123921e+04 |  +16.23% |  2.41e-16 |      
       20 |   0.9801 |  5.474029e+04 |   +6.83% |  3.92e-16 |      
       30 |   0.9799 |  5.644343e+04 |   +3.11% |  6.39e-16 |      
       40 |   0.9797 |  5.737135e+04 |   +1.64% |  1.04e-15 |      
       50 |   0.9796 |  5.782873e+04 |   +0.80% |  1.70e-15 |      
       60 |   0.9798 |  5.816338e+04 |   +0.58% |  2.76e-15 |      
       70 |   0.9800 |  5.856944e+04 |   +0.70% |  4.50e-15 |      
       80 |   0.9798 |  5.904090e+04 |   +0.80% |  7.33e-15 |      
       90 |   0.9796 |  5.939312e+04 |   +0.60% |  1.19e-14 |      
      100 |   0.9797 |  5.947940e+04 |   +0.15% |  1.94e-14 |      
      110 |   0.9798 |  5.935725e+04 |   -0.21% |  3.17e-14 |      
      120 |   0.9801 |  5.921476e+04 |   -0.24% |  5.16e-14 |      
      130 |   0.9799 |  5.926491e+04 |   +0.08% |  8.40e-14 |      
      140 |   0.9797 |  5.971238e+04 |   +0.76% |  1.37e-13 |      
      150 |   0.9793 |  6.078431e+04 |   +1.80% |  2.23e-13 |      
      160 |   0.9788 |  6.278349e+04 |   +3.29% |  3.63e-13 |      
      170 |   0.9778 |  6.606409e+04 |   +5.23% |  5.91e-13 |      
      180 |   0.9756 |  7.103029e+04 |   +7.52% |  9.62e-13 |      
      190 |   0.9716 |  7.812360e+04 |   +9.99% |  1.57e-12 |      
      200 |   0.9666 |  8.734579e+04 |  +11.80% |  2.55e-12 |      
      210 |   0.9589 |  9.892965e+04 |  +13.26% |  4.15e-12 |      
      220 |   0.9479 |  1.133881e+05 |  +14.61% |  6.74e-12 |      
      230 |   0.9325 |  1.324002e+05 |  +16.77% |  1.10e-11 |      
      240 |   0.9119 |  1.532957e+05 |  +15.78% |  1.78e-11 |      
      250 |   0.8883 |  1.761959e+05 |  +14.94% |  2.89e-11 |      
      260 |   0.8613 |  1.993873e+05 |  +13.16% |  4.70e-11 |      
      270 |   0.8288 |  2.211442e+05 |  +10.91% |  7.64e-11 |      
      280 |   0.7936 |  2.399438e+05 |   +8.50% |  1.24e-10 |      
      290 |   0.7547 |  2.612318e+05 |   +8.87% |  2.02e-10 |      
      300 |   0.7124 |  2.803377e+05 |   +7.31% |  3.28e-10 |      
      310 |   0.6698 |  2.920668e+05 |   +4.18% |  5.34e-10 |      
[INFO GPL-0100] Timing-driven iteration 1/2, virtual: false.
[INFO GPL-0101]    Iter: 319, overflow: 0.633, keep resizer changes at: 1, HPWL: 299924953
Iteration |   Area    | Resized | Buffers | Nets repaired | Remaining
---------------------------------------------------------------------
        0 |     +0.0% |       0 |       0 |             0 |     15703
    final |     +5.6% |     254 |     359 |           269 |         0
---------------------------------------------------------------------
[INFO RSZ-0034] Found 266 slew violations.
[INFO RSZ-0036] Found 76 capacitance violations.
[INFO RSZ-0039] Resized 254 instances.
[INFO RSZ-0038] Inserted 359 buffers in 269 nets.
   Iter   |    Area   | Removed | Inserted |   Pins
          |           | Buffers | Buffers  | Remaining
-------------------------------------------------------
        0 |     +0.0% |       0 |        0 |     15433
     1500 |     +0.2% |      23 |       50 |     13933
     3000 |     +1.6% |      41 |      331 |     12433
     4500 |     +2.2% |      50 |      460 |     10933
     6000 |     +2.2% |     114 |      584 |      9433
     7500 |     +3.0% |     154 |      822 |      7933
     9000 |     +4.2% |     158 |     1062 |      6433
    10500 |     +6.1% |     195 |     1480 |      4933
    12000 |     +7.3% |     239 |     1758 |      3433
    13500 |     +7.7% |     349 |     2113 |      1933
    15000 |     +7.6% |     351 |     2117 |       433
    final |     +7.6% |     361 |     2134 |         0
-------------------------------------------------------
[INFO GPL-0106] Timing-driven: worst slack -2.9949998e-09
[INFO GPL-0107] Timing-driven: repair_design delta area: 18918.055 um^2 (+12.40%)
[INFO GPL-0108] Timing-driven: repair_design, gpl delta gcells: 2132 (+13.77%)
[INFO GPL-0109] Timing-driven: repair_design, gcells created: 2493, deleted: 361
[INFO GPL-0110] Timing-driven: new target density: 0.7659775
Iteration | Overflow |     HPWL (um) |  HPWL(%) |   Penalty | Group
---------------------------------------------------------------
      320 |   0.6140 |  3.373671e+05 |  +15.51% |  8.65e-10 |      
[INFO GPL-0038] Routability snapshot saved at iter = 325
      324 |   0.5976 |  3.624366e+05 |          |           |      
      330 |   0.5677 |  3.721546e+05 |  +10.31% |  1.40e-09 |      
      340 |   0.5225 |  3.812720e+05 |   +2.45% |  2.28e-09 |      
      350 |   0.4806 |  3.849319e+05 |   +0.96% |  3.72e-09 |      
      360 |   0.4355 |  3.898784e+05 |   +1.29% |  6.05e-09 |      
      370 |   0.3907 |  3.970715e+05 |   +1.84% |  9.85e-09 |      
      380 |   0.3524 |  3.990193e+05 |   +0.49% |  1.60e-08 |      
      390 |   0.3163 |  4.009303e+05 |   +0.48% |  2.41e-08 |      
[INFO GPL-0040] Routability iteration: 1
[WARNING GRT-0281] Net _06078_ has a large fanout of 1881 terminals.
[INFO GPL-0041] Total routing overflow: 71.5769
[INFO GPL-0042] Number of overflowed tiles: 588 (10.45%)
[INFO GPL-0043] Average top 0.5% routing congestion: 1.4210
[INFO GPL-0044] Average top 1.0% routing congestion: 1.3680
[INFO GPL-0045] Average top 2.0% routing congestion: 1.3063
[INFO GPL-0046] Average top 5.0% routing congestion: 1.2111
[INFO GPL-0047] Routability iteration weighted routing congestion: 1.3945
[INFO GPL-0048] Routing congestion (1.3945) lower than previous minimum (1e+30). Updating minimum.
[INFO GPL-0086] Inflated area:               10351.892 um^2 (+6.04%)
[INFO GPL-0052] Placement target density:       0.7660
[INFO GPL-0076] Removing fillers, count: Before: 3354, After: 2293 (-31.63%)
[INFO GPL-0077] Filler area (um^2)     : Before: 32716.792, After: 22361.249 (-31.65%)
[INFO GPL-0078] Removed fillers count: 1061, area removed: 10346.832 um^2. Remaining area to be compensated by modifying density: 5.060 um^2
[INFO GPL-0058] White space area:           266535.629 um^2 (+0.00%)
[INFO GPL-0059] Movable instances area:     204160.303 um^2 (+0.00%)
[INFO GPL-0060] Total filler area:           22361.249 um^2 (-31.65%)
[INFO GPL-0061] Total non-inflated area:    204156.659 um^2 (-0.00%)
[INFO GPL-0062] Total inflated area:        214508.551 um^2 (-0.00%)
[INFO GPL-0063] New Target Density:             0.7660
[INFO GPL-0087] Routability end iteration: increase inflation and revert back to snapshot.
Iteration | Overflow |     HPWL (um) |  HPWL(%) |   Penalty | Group
---------------------------------------------------------------
      400 |   0.5759 |  3.894585e+05 |   -2.86% |  1.28e-09 |      
      410 |   0.5331 |  4.061202e+05 |   +4.28% |  1.89e-09 |      
      420 |   0.5048 |  4.074330e+05 |   +0.32% |  2.78e-09 |      
      430 |   0.4715 |  4.067740e+05 |   -0.16% |  4.09e-09 |      
      440 |   0.4339 |  4.130590e+05 |   +1.55% |  6.03e-09 |      
      450 |   0.4025 |  4.183349e+05 |   +1.28% |  8.87e-09 |      
      460 |   0.3667 |  4.191167e+05 |   +0.19% |  1.31e-08 |      
      470 |   0.3326 |  4.214720e+05 |   +0.56% |  1.92e-08 |      
      480 |   0.3016 |  4.227013e+05 |   +0.29% |  2.83e-08 |      
[INFO GPL-0040] Routability iteration: 2
[INFO GPL-0041] Total routing overflow: 42.3146
[INFO GPL-0042] Number of overflowed tiles: 517 (9.19%)
[INFO GPL-0043] Average top 0.5% routing congestion: 1.2682
[INFO GPL-0044] Average top 1.0% routing congestion: 1.2353
[INFO GPL-0045] Average top 2.0% routing congestion: 1.1932
[INFO GPL-0046] Average top 5.0% routing congestion: 1.1287
[INFO GPL-0047] Routability iteration weighted routing congestion: 1.2517
[INFO GPL-0048] Routing congestion (1.2517) lower than previous minimum (1.394). Updating minimum.
[INFO GPL-0086] Inflated area:                4809.622 um^2 (+2.65%)
[INFO GPL-0052] Placement target density:       0.7660
[INFO GPL-0076] Removing fillers, count: Before: 2293, After: 1800 (-21.50%)
[INFO GPL-0077] Filler area (um^2)     : Before: 22361.249, After: 17553.532 (-21.50%)
[INFO GPL-0078] Removed fillers count: 493, area removed: 4807.717 um^2. Remaining area to be compensated by modifying density: 1.904 um^2
[INFO GPL-0058] White space area:           266535.629 um^2 (+0.00%)
[INFO GPL-0059] Movable instances area:     204160.303 um^2 (+0.00%)
[INFO GPL-0060] Total filler area:           17553.532 um^2 (-21.50%)
[INFO GPL-0061] Total non-inflated area:    204158.564 um^2 (+0.00%)
[INFO GPL-0062] Total inflated area:        208968.185 um^2 (+0.00%)
[INFO GPL-0063] New Target Density:             0.7660
[INFO GPL-0087] Routability end iteration: increase inflation and revert back to snapshot.
Iteration | Overflow |     HPWL (um) |  HPWL(%) |   Penalty | Group
---------------------------------------------------------------
      490 |   0.5431 |  4.158797e+05 |   -1.61% |  1.49e-09 |      
      500 |   0.5230 |  4.233536e+05 |   +1.80% |  2.20e-09 |      
      510 |   0.4892 |  4.260220e+05 |   +0.63% |  3.24e-09 |      
      520 |   0.4548 |  4.166705e+05 |   -2.20% |  4.77e-09 |      
      530 |   0.4205 |  4.335384e+05 |   +4.05% |  7.02e-09 |      
      540 |   0.3866 |  4.316264e+05 |   -0.44% |  1.03e-08 |      
      550 |   0.3530 |  4.297252e+05 |   -0.44% |  1.52e-08 |      
      560 |   0.3214 |  4.342255e+05 |   +1.05% |  2.24e-08 |      
[INFO GPL-0040] Routability iteration: 3
[INFO GPL-0041] Total routing overflow: 34.4545
[INFO GPL-0042] Number of overflowed tiles: 456 (8.11%)
[INFO GPL-0043] Average top 0.5% routing congestion: 1.2397
[INFO GPL-0044] Average top 1.0% routing congestion: 1.2056
[INFO GPL-0045] Average top 2.0% routing congestion: 1.1659
[INFO GPL-0046] Average top 5.0% routing congestion: 1.1091
[INFO GPL-0047] Routability iteration weighted routing congestion: 1.2227
[INFO GPL-0048] Routing congestion (1.2227) lower than previous minimum (1.252). Updating minimum.
[INFO GPL-0086] Inflated area:                3760.050 um^2 (+2.01%)
[INFO GPL-0052] Placement target density:       0.7660
[INFO GPL-0076] Removing fillers, count: Before: 1800, After: 1415 (-21.39%)
[INFO GPL-0077] Filler area (um^2)     : Before: 17553.532, After: 13799.026 (-21.39%)
[INFO GPL-0078] Removed fillers count: 385, area removed: 3754.505 um^2. Remaining area to be compensated by modifying density: 5.544 um^2
[INFO GPL-0058] White space area:           266535.629 um^2 (+0.00%)
[INFO GPL-0059] Movable instances area:     204160.303 um^2 (+0.00%)
[INFO GPL-0060] Total filler area:           13799.026 um^2 (-21.39%)
[INFO GPL-0061] Total non-inflated area:    204164.108 um^2 (+0.00%)
[INFO GPL-0062] Total inflated area:        207924.158 um^2 (+0.00%)
[INFO GPL-0063] New Target Density:             0.7660
[INFO GPL-0087] Routability end iteration: increase inflation and revert back to snapshot.
Iteration | Overflow |     HPWL (um) |  HPWL(%) |   Penalty | Group
---------------------------------------------------------------
      570 |   0.5994 |  3.866713e+05 |  -10.95% |  1.19e-09 |      
      580 |   0.5311 |  4.370521e+05 |  +13.03% |  1.74e-09 |      
      590 |   0.5074 |  4.360794e+05 |   -0.22% |  2.56e-09 |      
      600 |   0.4780 |  4.368208e+05 |   +0.17% |  3.77e-09 |      
      610 |   0.4397 |  4.352322e+05 |   -0.36% |  5.56e-09 |      
      620 |   0.4072 |  4.427693e+05 |   +1.73% |  8.18e-09 |      
      630 |   0.3724 |  4.418110e+05 |   -0.22% |  1.20e-08 |      
      640 |   0.3419 |  4.424326e+05 |   +0.14% |  1.77e-08 |      
      650 |   0.3100 |  4.435287e+05 |   +0.25% |  2.61e-08 |      
[INFO GPL-0040] Routability iteration: 4
[INFO GPL-0041] Total routing overflow: 28.0953
[INFO GPL-0042] Number of overflowed tiles: 415 (7.38%)
[INFO GPL-0043] Average top 0.5% routing congestion: 1.2167
[INFO GPL-0044] Average top 1.0% routing congestion: 1.1843
[INFO GPL-0045] Average top 2.0% routing congestion: 1.1478
[INFO GPL-0046] Average top 5.0% routing congestion: 1.0930
[INFO GPL-0047] Routability iteration weighted routing congestion: 1.2005
[INFO GPL-0048] Routing congestion (1.2005) lower than previous minimum (1.223). Updating minimum.
[INFO GPL-0086] Inflated area:                2933.094 um^2 (+1.54%)
[INFO GPL-0052] Placement target density:       0.7660
[INFO GPL-0076] Removing fillers, count: Before: 1415, After: 1115 (-21.20%)
[INFO GPL-0077] Filler area (um^2)     : Before: 13799.026, After: 10873.438 (-21.20%)
[INFO GPL-0078] Removed fillers count: 300, area removed: 2925.589 um^2. Remaining area to be compensated by modifying density: 7.505 um^2
[INFO GPL-0058] White space area:           266535.629 um^2 (+0.00%)
[INFO GPL-0059] Movable instances area:     204160.303 um^2 (+0.00%)
[INFO GPL-0060] Total filler area:           10873.438 um^2 (-21.20%)
[INFO GPL-0061] Total non-inflated area:    204171.613 um^2 (+0.00%)
[INFO GPL-0062] Total inflated area:        207104.707 um^2 (+0.00%)
[INFO GPL-0063] New Target Density:             0.7660
[INFO GPL-0087] Routability end iteration: increase inflation and revert back to snapshot.
Iteration | Overflow |     HPWL (um) |  HPWL(%) |   Penalty | Group
---------------------------------------------------------------
      660 |   0.5598 |  4.275802e+05 |   -3.60% |  1.33e-09 |      
      670 |   0.5268 |  4.493184e+05 |   +5.08% |  1.95e-09 |      
      680 |   0.4941 |  4.533307e+05 |   +0.89% |  2.88e-09 |      
      690 |   0.4658 |  4.374209e+05 |   -3.51% |  4.23e-09 |      
      700 |   0.4306 |  4.541086e+05 |   +3.82% |  6.23e-09 |      
      710 |   0.3944 |  4.516981e+05 |   -0.53% |  9.17e-09 |      
      720 |   0.3634 |  4.470510e+05 |   -1.03% |  1.35e-08 |      
      730 |   0.3331 |  4.522541e+05 |   +1.16% |  1.99e-08 |      
      740 |   0.3004 |  4.503224e+05 |   -0.43% |  2.93e-08 |      
[INFO GPL-0040] Routability iteration: 5
[INFO GPL-0041] Total routing overflow: 27.2112
[INFO GPL-0042] Number of overflowed tiles: 413 (7.34%)
[INFO GPL-0043] Average top 0.5% routing congestion: 1.2036
[INFO GPL-0044] Average top 1.0% routing congestion: 1.1749
[INFO GPL-0045] Average top 2.0% routing congestion: 1.1414
[INFO GPL-0046] Average top 5.0% routing congestion: 1.0905
[INFO GPL-0047] Routability iteration weighted routing congestion: 1.1892
[INFO GPL-0048] Routing congestion (1.1892) lower than previous minimum (1.201). Updating minimum.
[INFO GPL-0086] Inflated area:                2866.353 um^2 (+1.48%)
[INFO GPL-0052] Placement target density:       0.7660
[INFO GPL-0076] Removing fillers, count: Before: 1115, After: 822 (-26.28%)
[INFO GPL-0077] Filler area (um^2)     : Before: 10873.438, After: 8016.113 (-26.28%)
[INFO GPL-0078] Removed fillers count: 293, area removed: 2857.325 um^2. Remaining area to be compensated by modifying density: 9.028 um^2
[INFO GPL-0058] White space area:           266535.629 um^2 (+0.00%)
[INFO GPL-0059] Movable instances area:     204160.303 um^2 (+0.00%)
[INFO GPL-0060] Total filler area:            8016.113 um^2 (-26.28%)
[INFO GPL-0061] Total non-inflated area:    204180.642 um^2 (+0.00%)
[INFO GPL-0062] Total inflated area:        207046.995 um^2 (+0.00%)
[INFO GPL-0063] New Target Density:             0.7660
[INFO GPL-0087] Routability end iteration: increase inflation and revert back to snapshot.
Iteration | Overflow |     HPWL (um) |  HPWL(%) |   Penalty | Group
---------------------------------------------------------------
      750 |   0.5321 |  4.533175e+05 |   +0.67% |  1.49e-09 |      
      760 |   0.5209 |  4.560833e+05 |   +0.61% |  2.19e-09 |      
      770 |   0.4853 |  4.678205e+05 |   +2.57% |  3.22e-09 |      
      780 |   0.4546 |  4.401170e+05 |   -5.92% |  4.75e-09 |      
      790 |   0.4190 |  4.651314e+05 |   +5.68% |  6.98e-09 |      
      800 |   0.3836 |  4.610364e+05 |   -0.88% |  1.03e-08 |      
      810 |   0.3551 |  4.541837e+05 |   -1.49% |  1.51e-08 |      
      820 |   0.3196 |  4.586027e+05 |   +0.97% |  2.23e-08 |      
[INFO GPL-0040] Routability iteration: 6
[INFO GPL-0041] Total routing overflow: 23.5741
[INFO GPL-0042] Number of overflowed tiles: 399 (7.09%)
[INFO GPL-0043] Average top 0.5% routing congestion: 1.1757
[INFO GPL-0044] Average top 1.0% routing congestion: 1.1520
[INFO GPL-0045] Average top 2.0% routing congestion: 1.1240
[INFO GPL-0046] Average top 5.0% routing congestion: 1.0787
[INFO GPL-0047] Routability iteration weighted routing congestion: 1.1639
[INFO GPL-0048] Routing congestion (1.1639) lower than previous minimum (1.189). Updating minimum.
[INFO GPL-0086] Inflated area:                2677.835 um^2 (+1.37%)
[INFO GPL-0052] Placement target density:       0.7660
[INFO GPL-0076] Removing fillers, count: Before: 822, After: 548 (-33.33%)
[INFO GPL-0077] Filler area (um^2)     : Before: 8016.113, After: 5344.075 (-33.33%)
[INFO GPL-0078] Removed fillers count: 274, area removed: 2672.038 um^2. Remaining area to be compensated by modifying density: 5.797 um^2
[INFO GPL-0058] White space area:           266535.629 um^2 (+0.00%)
[INFO GPL-0059] Movable instances area:     204160.303 um^2 (+0.00%)
[INFO GPL-0060] Total filler area:            5344.075 um^2 (-33.33%)
[INFO GPL-0061] Total non-inflated area:    204186.439 um^2 (+0.00%)
[INFO GPL-0062] Total inflated area:        206864.273 um^2 (+0.00%)
[INFO GPL-0063] New Target Density:             0.7660
[INFO GPL-0087] Routability end iteration: increase inflation and revert back to snapshot.
Iteration | Overflow |     HPWL (um) |  HPWL(%) |   Penalty | Group
---------------------------------------------------------------
      830 |   0.6312 |  3.700079e+05 |  -19.32% |  1.14e-09 |      
      840 |   0.5242 |  4.764827e+05 |  +28.78% |  1.67e-09 |      
      850 |   0.5086 |  4.647096e+05 |   -2.47% |  2.46e-09 |      
      860 |   0.4757 |  4.728667e+05 |   +1.76% |  3.62e-09 |      
      870 |   0.4427 |  4.561462e+05 |   -3.54% |  5.32e-09 |      
      880 |   0.4100 |  4.704684e+05 |   +3.14% |  7.83e-09 |      
      890 |   0.3763 |  4.685380e+05 |   -0.41% |  1.15e-08 |      
      900 |   0.3446 |  4.656910e+05 |   -0.61% |  1.70e-08 |      
      910 |   0.3149 |  4.654732e+05 |   -0.05% |  2.50e-08 |      
[INFO GPL-0040] Routability iteration: 7
[INFO GPL-0041] Total routing overflow: 22.3677
[INFO GPL-0042] Number of overflowed tiles: 377 (6.70%)
[INFO GPL-0043] Average top 0.5% routing congestion: 1.1707
[INFO GPL-0044] Average top 1.0% routing congestion: 1.1455
[INFO GPL-0045] Average top 2.0% routing congestion: 1.1181
[INFO GPL-0046] Average top 5.0% routing congestion: 1.0760
[INFO GPL-0047] Routability iteration weighted routing congestion: 1.1581
[INFO GPL-0048] Routing congestion (1.1581) lower than previous minimum (1.164). Updating minimum.
[INFO GPL-0086] Inflated area:                2556.523 um^2 (+1.29%)
[INFO GPL-0052] Placement target density:       0.7660
[INFO GPL-0076] Removing fillers, count: Before: 548, After: 286 (-47.81%)
[INFO GPL-0077] Filler area (um^2)     : Before: 5344.075, After: 2789.061 (-47.81%)
[INFO GPL-0078] Removed fillers count: 262, area removed: 2555.014 um^2. Remaining area to be compensated by modifying density: 1.509 um^2
[INFO GPL-0058] White space area:           266535.629 um^2 (+0.00%)
[INFO GPL-0059] Movable instances area:     204160.303 um^2 (+0.00%)
[INFO GPL-0060] Total filler area:            2789.061 um^2 (-47.81%)
[INFO GPL-0061] Total non-inflated area:    204187.948 um^2 (+0.00%)
[INFO GPL-0062] Total inflated area:        206744.471 um^2 (+0.00%)
[INFO GPL-0063] New Target Density:             0.7660
[INFO GPL-0087] Routability end iteration: increase inflation and revert back to snapshot.
Iteration | Overflow |     HPWL (um) |  HPWL(%) |   Penalty | Group
---------------------------------------------------------------
      920 |   0.5611 |  4.494550e+05 |   -3.44% |  1.28e-09 |      
      930 |   0.5259 |  4.852369e+05 |   +7.96% |  1.87e-09 |      
      940 |   0.4950 |  4.817749e+05 |   -0.71% |  2.76e-09 |      
      950 |   0.4655 |  4.638644e+05 |   -3.72% |  4.06e-09 |      
      960 |   0.4301 |  4.761146e+05 |   +2.64% |  5.97e-09 |      
      970 |   0.3994 |  4.770025e+05 |   +0.19% |  8.78e-09 |      
      980 |   0.3674 |  4.705352e+05 |   -1.36% |  1.29e-08 |      
      990 |   0.3346 |  4.736377e+05 |   +0.66% |  1.90e-08 |      
     1000 |   0.3053 |  4.698262e+05 |   -0.80% |  2.80e-08 |      
[INFO GPL-0040] Routability iteration: 8
[INFO GPL-0041] Total routing overflow: 26.3722
[INFO GPL-0042] Number of overflowed tiles: 399 (7.09%)
[INFO GPL-0043] Average top 0.5% routing congestion: 1.1959
[INFO GPL-0044] Average top 1.0% routing congestion: 1.1717
[INFO GPL-0045] Average top 2.0% routing congestion: 1.1398
[INFO GPL-0046] Average top 5.0% routing congestion: 1.0880
[INFO GPL-0047] Routability iteration weighted routing congestion: 1.1838
[INFO GPL-0049] Routing congestion (1.1838) higher than minimum (1.1581). Consecutive non-improvement count: 1.
[INFO GPL-0086] Inflated area:                3003.890 um^2 (+1.49%)
[INFO GPL-0052] Placement target density:       0.7660
[INFO GPL-0076] Removing fillers, count: Before: 286, After: 0 (-100.00%)
[INFO GPL-0077] Filler area (um^2)     : Before: 2789.061, After: 0.000 (-100.00%)
[INFO GPL-0078] Removed fillers count: 286, area removed: 2789.061 um^2. Remaining area to be compensated by modifying density: 214.829 um^2
[INFO GPL-0079] New target density: 0.7668872
[INFO GPL-0058] White space area:           266535.629 um^2 (+0.00%)
[INFO GPL-0059] Movable instances area:     204402.770 um^2 (+0.12%)
[INFO GPL-0060] Total filler area:               0.000 um^2 (-100.00%)
[INFO GPL-0061] Total non-inflated area:    204402.777 um^2 (+0.11%)
[INFO GPL-0062] Total inflated area:        207406.667 um^2 (+0.10%)
[INFO GPL-0063] New Target Density:             0.7669
[INFO GPL-0087] Routability end iteration: increase inflation and revert back to snapshot.
Iteration | Overflow |     HPWL (um) |  HPWL(%) |   Penalty | Group
---------------------------------------------------------------
     1010 |   0.5251 |  4.946168e+05 |   +5.28% |  1.43e-09 |      
     1020 |   0.5233 |  4.902596e+05 |   -0.88% |  2.10e-09 |      
     1030 |   0.4867 |  4.940437e+05 |   +0.77% |  3.09e-09 |      
     1040 |   0.4569 |  4.589477e+05 |   -7.10% |  4.55e-09 |      
     1050 |   0.4215 |  4.957423e+05 |   +8.02% |  6.69e-09 |      
     1060 |   0.3859 |  4.912642e+05 |   -0.90% |  9.85e-09 |      
     1070 |   0.3553 |  4.766285e+05 |   -2.98% |  1.45e-08 |      
     1080 |   0.3257 |  4.828995e+05 |   +1.32% |  2.14e-08 |      
[INFO GPL-0040] Routability iteration: 9
[INFO GPL-0041] Total routing overflow: 18.6217
[INFO GPL-0042] Number of overflowed tiles: 339 (6.03%)
[INFO GPL-0043] Average top 0.5% routing congestion: 1.1572
[INFO GPL-0044] Average top 1.0% routing congestion: 1.1345
[INFO GPL-0045] Average top 2.0% routing congestion: 1.1080
[INFO GPL-0046] Average top 5.0% routing congestion: 1.0649
[INFO GPL-0047] Routability iteration weighted routing congestion: 1.1458
[INFO GPL-0048] Routing congestion (1.1458) lower than previous minimum (1.158). Updating minimum.
[INFO GPL-0086] Inflated area:                2258.717 um^2 (+1.11%)
[INFO GPL-0052] Placement target density:       0.7669
[INFO GPL-0076] Removing fillers, count: Before: 0, After: 0 (+0.00%)
[INFO GPL-0077] Filler area (um^2)     : Before: 0.000, After: 0.000 (+0.00%)
[INFO GPL-0078] Removed fillers count: 0, area removed: 0.000 um^2. Remaining area to be compensated by modifying density: 2258.717 um^2
[INFO GPL-0079] New target density: 0.7753616
[INFO GPL-0058] White space area:           266535.629 um^2 (+0.00%)
[INFO GPL-0059] Movable instances area:     206661.501 um^2 (+1.11%)
[INFO GPL-0060] Total filler area:               0.000 um^2 (+0.00%)
[INFO GPL-0061] Total non-inflated area:    206661.494 um^2 (+1.11%)
[INFO GPL-0062] Total inflated area:        208920.211 um^2 (+1.09%)
[INFO GPL-0063] New Target Density:             0.7754
[INFO GPL-0087] Routability end iteration: increase inflation and revert back to snapshot.
Iteration | Overflow |     HPWL (um) |  HPWL(%) |   Penalty | Group
---------------------------------------------------------------
     1090 |   0.6541 |  3.586336e+05 |  -25.73% |  1.10e-09 |      
     1100 |   0.5188 |  5.106471e+05 |  +42.39% |  1.60e-09 |      
     1110 |   0.5136 |  4.864120e+05 |   -4.75% |  2.36e-09 |      
     1120 |   0.4767 |  4.923530e+05 |   +1.22% |  3.47e-09 |      
     1130 |   0.4451 |  4.674818e+05 |   -5.05% |  5.11e-09 |      
     1140 |   0.4110 |  4.952392e+05 |   +5.94% |  7.51e-09 |      
     1150 |   0.3779 |  4.910989e+05 |   -0.84% |  1.11e-08 |      
     1160 |   0.3471 |  4.813478e+05 |   -1.99% |  1.63e-08 |      
     1170 |   0.3148 |  4.834986e+05 |   +0.45% |  2.40e-08 |      
[INFO GPL-0040] Routability iteration: 10
[INFO GPL-0041] Total routing overflow: 18.1925
[INFO GPL-0042] Number of overflowed tiles: 330 (5.87%)
[INFO GPL-0043] Average top 0.5% routing congestion: 1.1517
[INFO GPL-0044] Average top 1.0% routing congestion: 1.1323
[INFO GPL-0045] Average top 2.0% routing congestion: 1.1068
[INFO GPL-0046] Average top 5.0% routing congestion: 1.0637
[INFO GPL-0047] Routability iteration weighted routing congestion: 1.1420
[INFO GPL-0048] Routing congestion (1.1420) lower than previous minimum (1.146). Updating minimum.
[INFO GPL-0086] Inflated area:                2041.647 um^2 (+0.99%)
[INFO GPL-0052] Placement target density:       0.7754
[INFO GPL-0076] Removing fillers, count: Before: 0, After: 0 (+0.00%)
[INFO GPL-0077] Filler area (um^2)     : Before: 0.000, After: 0.000 (+0.00%)
[INFO GPL-0078] Removed fillers count: 0, area removed: 0.000 um^2. Remaining area to be compensated by modifying density: 2041.647 um^2
[INFO GPL-0079] New target density: 0.78302157
[INFO GPL-0058] White space area:           266535.629 um^2 (+0.00%)
[INFO GPL-0059] Movable instances area:     208703.144 um^2 (+0.99%)
[INFO GPL-0060] Total filler area:               0.000 um^2 (+0.00%)
[INFO GPL-0061] Total non-inflated area:    208703.141 um^2 (+0.99%)
[INFO GPL-0062] Total inflated area:        210744.789 um^2 (+0.98%)
[INFO GPL-0063] New Target Density:             0.7830
[INFO GPL-0087] Routability end iteration: increase inflation and revert back to snapshot.
Iteration | Overflow |     HPWL (um) |  HPWL(%) |   Penalty | Group
---------------------------------------------------------------
     1180 |   0.5730 |  4.442288e+05 |   -8.12% |  1.23e-09 |      
     1190 |   0.5222 |  5.106919e+05 |  +14.96% |  1.80e-09 |      
     1200 |   0.4980 |  4.937723e+05 |   -3.31% |  2.65e-09 |      
     1210 |   0.4696 |  4.786971e+05 |   -3.05% |  3.90e-09 |      
     1220 |   0.4272 |  4.881127e+05 |   +1.97% |  5.73e-09 |      
     1230 |   0.4000 |  4.935347e+05 |   +1.11% |  8.43e-09 |      
     1240 |   0.3669 |  4.860020e+05 |   -1.53% |  1.24e-08 |      
     1250 |   0.3365 |  4.857400e+05 |   -0.05% |  1.83e-08 |      
     1260 |   0.3054 |  4.827538e+05 |   -0.61% |  2.69e-08 |      
[INFO GPL-0040] Routability iteration: 11
[INFO GPL-0041] Total routing overflow: 19.7340
[INFO GPL-0042] Number of overflowed tiles: 368 (6.54%)
[INFO GPL-0043] Average top 0.5% routing congestion: 1.1591
[INFO GPL-0044] Average top 1.0% routing congestion: 1.1342
[INFO GPL-0045] Average top 2.0% routing congestion: 1.1080
[INFO GPL-0046] Average top 5.0% routing congestion: 1.0674
[INFO GPL-0047] Routability iteration weighted routing congestion: 1.1466
[INFO GPL-0049] Routing congestion (1.1466) higher than minimum (1.1420). Consecutive non-improvement count: 1.
[INFO GPL-0086] Inflated area:                2354.417 um^2 (+1.13%)
[INFO GPL-0052] Placement target density:       0.7830
[INFO GPL-0076] Removing fillers, count: Before: 0, After: 0 (+0.00%)
[INFO GPL-0077] Filler area (um^2)     : Before: 0.000, After: 0.000 (+0.00%)
[INFO GPL-0078] Removed fillers count: 0, area removed: 0.000 um^2. Remaining area to be compensated by modifying density: 2354.417 um^2
[INFO GPL-0079] New target density: 0.7918549
[INFO GPL-0058] White space area:           266535.629 um^2 (+0.00%)
[INFO GPL-0059] Movable instances area:     211057.558 um^2 (+1.13%)
[INFO GPL-0060] Total filler area:               0.000 um^2 (+0.00%)
[INFO GPL-0061] Total non-inflated area:    211057.558 um^2 (+1.13%)
[INFO GPL-0062] Total inflated area:        213411.975 um^2 (+1.12%)
[INFO GPL-0063] New Target Density:             0.7919
[INFO GPL-0087] Routability end iteration: increase inflation and revert back to snapshot.
Iteration | Overflow |     HPWL (um) |  HPWL(%) |   Penalty | Group
---------------------------------------------------------------
     1270 |   0.5221 |  4.948452e+05 |   +2.50% |  1.43e-09 |      
     1280 |   0.5232 |  4.971112e+05 |   +0.46% |  2.10e-09 |      
     1290 |   0.4800 |  5.034044e+05 |   +1.27% |  3.09e-09 |      
     1300 |   0.4571 |  4.655984e+05 |   -7.51% |  4.55e-09 |      
     1310 |   0.4217 |  5.017644e+05 |   +7.77% |  6.68e-09 |      
     1320 |   0.3864 |  4.968716e+05 |   -0.98% |  9.84e-09 |      
     1330 |   0.3547 |  4.811679e+05 |   -3.16% |  1.45e-08 |      
     1340 |   0.3257 |  4.869929e+05 |   +1.21% |  2.13e-08 |      
[INFO GPL-0040] Routability iteration: 12
[INFO GPL-0041] Total routing overflow: 18.9670
[INFO GPL-0042] Number of overflowed tiles: 354 (6.29%)
[INFO GPL-0043] Average top 0.5% routing congestion: 1.1504
[INFO GPL-0044] Average top 1.0% routing congestion: 1.1309
[INFO GPL-0045] Average top 2.0% routing congestion: 1.1057
[INFO GPL-0046] Average top 5.0% routing congestion: 1.0652
[INFO GPL-0047] Routability iteration weighted routing congestion: 1.1406
[INFO GPL-0048] Routing congestion (1.1406) lower than previous minimum (1.142). Updating minimum.
[INFO GPL-0086] Inflated area:                2146.431 um^2 (+1.02%)
[INFO GPL-0052] Placement target density:       0.7919
[INFO GPL-0076] Removing fillers, count: Before: 0, After: 0 (+0.00%)
[INFO GPL-0077] Filler area (um^2)     : Before: 0.000, After: 0.000 (+0.00%)
[INFO GPL-0078] Removed fillers count: 0, area removed: 0.000 um^2. Remaining area to be compensated by modifying density: 2146.431 um^2
[INFO GPL-0079] New target density: 0.79990804
[INFO GPL-0058] White space area:           266535.629 um^2 (+0.00%)
[INFO GPL-0059] Movable instances area:     213203.993 um^2 (+1.02%)
[INFO GPL-0060] Total filler area:               0.000 um^2 (+0.00%)
[INFO GPL-0061] Total non-inflated area:    213203.989 um^2 (+1.02%)
[INFO GPL-0062] Total inflated area:        215350.421 um^2 (+1.01%)
[INFO GPL-0063] New Target Density:             0.7999
[INFO GPL-0087] Routability end iteration: increase inflation and revert back to snapshot.
Iteration | Overflow |     HPWL (um) |  HPWL(%) |   Penalty | Group
---------------------------------------------------------------
     1350 |   0.6559 |  3.583528e+05 |  -26.42% |  1.10e-09 |      
     1360 |   0.5151 |  5.232271e+05 |  +46.01% |  1.60e-09 |      
     1370 |   0.5126 |  4.942610e+05 |   -5.54% |  2.36e-09 |      
     1380 |   0.4732 |  4.976373e+05 |   +0.68% |  3.47e-09 |      
     1390 |   0.4424 |  4.779980e+05 |   -3.95% |  5.10e-09 |      
     1400 |   0.4061 |  5.008807e+05 |   +4.79% |  7.50e-09 |      
     1410 |   0.3779 |  4.957403e+05 |   -1.03% |  1.10e-08 |      
     1420 |   0.3434 |  4.866698e+05 |   -1.83% |  1.63e-08 |      
     1430 |   0.3136 |  4.873497e+05 |   +0.14% |  2.40e-08 |      
[INFO GPL-0040] Routability iteration: 13
[INFO GPL-0041] Total routing overflow: 17.5975
[INFO GPL-0042] Number of overflowed tiles: 347 (6.17%)
[INFO GPL-0043] Average top 0.5% routing congestion: 1.1384
[INFO GPL-0044] Average top 1.0% routing congestion: 1.1191
[INFO GPL-0045] Average top 2.0% routing congestion: 1.0972
[INFO GPL-0046] Average top 5.0% routing congestion: 1.0608
[INFO GPL-0047] Routability iteration weighted routing congestion: 1.1288
[INFO GPL-0048] Routing congestion (1.1288) lower than previous minimum (1.141). Updating minimum.
[INFO GPL-0086] Inflated area:                2158.479 um^2 (+1.01%)
[INFO GPL-0052] Placement target density:       0.7999
[INFO GPL-0076] Removing fillers, count: Before: 0, After: 0 (+0.00%)
[INFO GPL-0077] Filler area (um^2)     : Before: 0.000, After: 0.000 (+0.00%)
[INFO GPL-0078] Removed fillers count: 0, area removed: 0.000 um^2. Remaining area to be compensated by modifying density: 2158.479 um^2
[INFO GPL-0079] New target density: 0.8080063
[INFO GPL-0058] White space area:           266535.629 um^2 (+0.00%)
[INFO GPL-0059] Movable instances area:     215362.470 um^2 (+1.01%)
[INFO GPL-0060] Total filler area:               0.000 um^2 (+0.00%)
[INFO GPL-0061] Total non-inflated area:    215362.469 um^2 (+1.01%)
[INFO GPL-0062] Total inflated area:        217520.948 um^2 (+1.00%)
[INFO GPL-0063] New Target Density:             0.8080
[INFO GPL-0087] Routability end iteration: increase inflation and revert back to snapshot.
Iteration | Overflow |     HPWL (um) |  HPWL(%) |   Penalty | Group
---------------------------------------------------------------
     1440 |   0.5668 |  4.541338e+05 |   -6.82% |  1.23e-09 |      
     1450 |   0.5178 |  5.216994e+05 |  +14.88% |  1.79e-09 |      
     1460 |   0.4968 |  5.040977e+05 |   -3.37% |  2.64e-09 |      
     1470 |   0.4694 |  4.817273e+05 |   -4.44% |  3.89e-09 |      
     1480 |   0.4267 |  4.982476e+05 |   +3.43% |  5.72e-09 |      
     1490 |   0.3923 |  4.990260e+05 |   +0.16% |  8.42e-09 |      
     1500 |   0.3688 |  4.893549e+05 |   -1.94% |  1.24e-08 |      
     1510 |   0.3338 |  4.903695e+05 |   +0.21% |  1.83e-08 |      
     1520 |   0.3032 |  4.859183e+05 |   -0.91% |  2.69e-08 |      
[INFO GPL-0040] Routability iteration: 14
[INFO GPL-0041] Total routing overflow: 16.3454
[INFO GPL-0042] Number of overflowed tiles: 347 (6.17%)
[INFO GPL-0043] Average top 0.5% routing congestion: 1.1389
[INFO GPL-0044] Average top 1.0% routing congestion: 1.1190
[INFO GPL-0045] Average top 2.0% routing congestion: 1.0950
[INFO GPL-0046] Average top 5.0% routing congestion: 1.0568
[INFO GPL-0047] Routability iteration weighted routing congestion: 1.1289
[INFO GPL-0049] Routing congestion (1.1289) higher than minimum (1.1288). Consecutive non-improvement count: 1.
[INFO GPL-0086] Inflated area:                1992.079 um^2 (+0.92%)
[INFO GPL-0052] Placement target density:       0.8080
[INFO GPL-0076] Removing fillers, count: Before: 0, After: 0 (+0.00%)
[INFO GPL-0077] Filler area (um^2)     : Before: 0.000, After: 0.000 (+0.00%)
[INFO GPL-0078] Removed fillers count: 0, area removed: 0.000 um^2. Remaining area to be compensated by modifying density: 1992.079 um^2
[INFO GPL-0079] New target density: 0.8154803
[INFO GPL-0058] White space area:           266535.629 um^2 (+0.00%)
[INFO GPL-0059] Movable instances area:     217354.551 um^2 (+0.92%)
[INFO GPL-0060] Total filler area:               0.000 um^2 (+0.00%)
[INFO GPL-0061] Total non-inflated area:    217354.547 um^2 (+0.92%)
[INFO GPL-0062] Total inflated area:        219346.626 um^2 (+0.92%)
[INFO GPL-0063] New Target Density:             0.8155
[INFO GPL-0087] Routability end iteration: increase inflation and revert back to snapshot.
Iteration | Overflow |     HPWL (um) |  HPWL(%) |   Penalty | Group
---------------------------------------------------------------
     1530 |   0.5154 |  5.064896e+05 |   +4.23% |  1.43e-09 |      
     1540 |   0.5216 |  5.035863e+05 |   -0.57% |  2.09e-09 |      
     1550 |   0.4768 |  5.124222e+05 |   +1.75% |  3.08e-09 |      
     1560 |   0.4524 |  4.729017e+05 |   -7.71% |  4.54e-09 |      
     1570 |   0.4173 |  5.091841e+05 |   +7.67% |  6.67e-09 |      
     1580 |   0.3856 |  5.020258e+05 |   -1.41% |  9.82e-09 |      
     1590 |   0.3574 |  4.866393e+05 |   -3.06% |  1.45e-08 |      
     1600 |   0.3232 |  4.916101e+05 |   +1.02% |  2.13e-08 |      
[INFO GPL-0040] Routability iteration: 15
[INFO GPL-0041] Total routing overflow: 17.5816
[INFO GPL-0042] Number of overflowed tiles: 351 (6.24%)
[INFO GPL-0043] Average top 0.5% routing congestion: 1.1485
[INFO GPL-0044] Average top 1.0% routing congestion: 1.1265
[INFO GPL-0045] Average top 2.0% routing congestion: 1.1002
[INFO GPL-0046] Average top 5.0% routing congestion: 1.0607
[INFO GPL-0047] Routability iteration weighted routing congestion: 1.1375
[INFO GPL-0049] Routing congestion (1.1375) higher than minimum (1.1288). Consecutive non-improvement count: 2.
[INFO GPL-0086] Inflated area:                2102.271 um^2 (+0.97%)
[INFO GPL-0052] Placement target density:       0.8155
[INFO GPL-0076] Removing fillers, count: Before: 0, After: 0 (+0.00%)
[INFO GPL-0077] Filler area (um^2)     : Before: 0.000, After: 0.000 (+0.00%)
[INFO GPL-0078] Removed fillers count: 0, area removed: 0.000 um^2. Remaining area to be compensated by modifying density: 2102.270 um^2
[INFO GPL-0079] New target density: 0.82336766
[INFO GPL-0058] White space area:           266535.629 um^2 (+0.00%)
[INFO GPL-0059] Movable instances area:     219456.815 um^2 (+0.97%)
[INFO GPL-0060] Total filler area:               0.000 um^2 (+0.00%)
[INFO GPL-0061] Total non-inflated area:    219456.818 um^2 (+0.97%)
[INFO GPL-0062] Total inflated area:        221559.088 um^2 (+0.96%)
[INFO GPL-0063] New Target Density:             0.8234
[INFO GPL-0087] Routability end iteration: increase inflation and revert back to snapshot.
Iteration | Overflow |     HPWL (um) |  HPWL(%) |   Penalty | Group
---------------------------------------------------------------
     1610 |   0.6392 |  3.731099e+05 |  -24.10% |  1.14e-09 |      
     1620 |   0.5135 |  5.372747e+05 |  +44.00% |  1.66e-09 |      
     1630 |   0.5055 |  5.044788e+05 |   -6.10% |  2.44e-09 |      
     1640 |   0.4702 |  4.969322e+05 |   -1.50% |  3.60e-09 |      
     1650 |   0.4341 |  4.945883e+05 |   -0.47% |  5.29e-09 |      
     1660 |   0.3981 |  5.045381e+05 |   +2.01% |  7.78e-09 |      
     1670 |   0.3744 |  4.967982e+05 |   -1.53% |  1.15e-08 |      
     1680 |   0.3371 |  4.925657e+05 |   -0.85% |  1.69e-08 |      
     1690 |   0.3117 |  4.898856e+05 |   -0.54% |  2.49e-08 |      
[INFO GPL-0040] Routability iteration: 16
[INFO GPL-0041] Total routing overflow: 15.8714
[INFO GPL-0042] Number of overflowed tiles: 362 (6.44%)
[INFO GPL-0043] Average top 0.5% routing congestion: 1.1285
[INFO GPL-0044] Average top 1.0% routing congestion: 1.1100
[INFO GPL-0045] Average top 2.0% routing congestion: 1.0887
[INFO GPL-0046] Average top 5.0% routing congestion: 1.0544
[INFO GPL-0047] Routability iteration weighted routing congestion: 1.1192
[INFO GPL-0048] Routing congestion (1.1192) lower than previous minimum (1.129). Updating minimum.
[INFO GPL-0086] Inflated area:                1861.151 um^2 (+0.85%)
[INFO GPL-0052] Placement target density:       0.8234
[INFO GPL-0076] Removing fillers, count: Before: 0, After: 0 (+0.00%)
[INFO GPL-0077] Filler area (um^2)     : Before: 0.000, After: 0.000 (+0.00%)
[INFO GPL-0078] Removed fillers count: 0, area removed: 0.000 um^2. Remaining area to be compensated by modifying density: 1861.151 um^2
[INFO GPL-0079] New target density: 0.8303504
[INFO GPL-0058] White space area:           266535.629 um^2 (+0.00%)
[INFO GPL-0059] Movable instances area:     221317.972 um^2 (+0.85%)
[INFO GPL-0060] Total filler area:               0.000 um^2 (+0.00%)
[INFO GPL-0061] Total non-inflated area:    221317.968 um^2 (+0.85%)
[INFO GPL-0062] Total inflated area:        223179.119 um^2 (+0.84%)
[INFO GPL-0063] New Target Density:             0.8304
[INFO GPL-0087] Routability end iteration: increase inflation and revert back to snapshot.
Iteration | Overflow |     HPWL (um) |  HPWL(%) |   Penalty | Group
---------------------------------------------------------------
     1700 |   0.5283 |  4.997306e+05 |   +2.01% |  1.32e-09 |      
     1710 |   0.5219 |  5.185643e+05 |   +3.77% |  1.94e-09 |      
     1720 |   0.4862 |  5.171965e+05 |   -0.26% |  2.85e-09 |      
     1730 |   0.4586 |  4.777475e+05 |   -7.63% |  4.20e-09 |      
     1740 |   0.4196 |  5.135863e+05 |   +7.50% |  6.16e-09 |      
     1750 |   0.3897 |  5.041864e+05 |   -1.83% |  9.07e-09 |      
     1760 |   0.3584 |  4.898875e+05 |   -2.84% |  1.34e-08 |      
     1770 |   0.3265 |  4.945166e+05 |   +0.94% |  1.97e-08 |      
[INFO GPL-0040] Routability iteration: 17
[INFO GPL-0041] Total routing overflow: 18.0279
[INFO GPL-0042] Number of overflowed tiles: 338 (6.01%)
[INFO GPL-0043] Average top 0.5% routing congestion: 1.1590
[INFO GPL-0044] Average top 1.0% routing congestion: 1.1340
[INFO GPL-0045] Average top 2.0% routing congestion: 1.1066
[INFO GPL-0046] Average top 5.0% routing congestion: 1.0627
[INFO GPL-0047] Routability iteration weighted routing congestion: 1.1465
[INFO GPL-0049] Routing congestion (1.1465) higher than minimum (1.1192). Consecutive non-improvement count: 1.
[INFO GPL-0086] Inflated area:                2296.895 um^2 (+1.04%)
[INFO GPL-0052] Placement target density:       0.8304
[INFO GPL-0076] Removing fillers, count: Before: 0, After: 0 (+0.00%)
[INFO GPL-0077] Filler area (um^2)     : Before: 0.000, After: 0.000 (+0.00%)
[INFO GPL-0078] Removed fillers count: 0, area removed: 0.000 um^2. Remaining area to be compensated by modifying density: 2296.895 um^2
[INFO GPL-0079] New target density: 0.838968
[INFO GPL-0058] White space area:           266535.629 um^2 (+0.00%)
[INFO GPL-0059] Movable instances area:     223614.861 um^2 (+1.04%)
[INFO GPL-0060] Total filler area:               0.000 um^2 (+0.00%)
[INFO GPL-0061] Total non-inflated area:    223614.863 um^2 (+1.04%)
[INFO GPL-0062] Total inflated area:        225911.758 um^2 (+1.03%)
[INFO GPL-0063] New Target Density:             0.8390
[INFO GPL-0087] Routability end iteration: increase inflation and revert back to snapshot.
Iteration | Overflow |     HPWL (um) |  HPWL(%) |   Penalty | Group
---------------------------------------------------------------
     1780 |   0.6587 |  3.578043e+05 |  -27.65% |  1.10e-09 |      
     1790 |   0.5093 |  5.468217e+05 |  +52.83% |  1.60e-09 |      
     1800 |   0.5101 |  5.089454e+05 |   -6.93% |  2.35e-09 |      
     1810 |   0.4682 |  5.065052e+05 |   -0.48% |  3.45e-09 |      
     1820 |   0.4365 |  4.948620e+05 |   -2.30% |  5.08e-09 |      
     1830 |   0.3992 |  5.089349e+05 |   +2.84% |  7.47e-09 |      
     1840 |   0.3751 |  5.009190e+05 |   -1.58% |  1.10e-08 |      
     1850 |   0.3379 |  4.947327e+05 |   -1.23% |  1.62e-08 |      
     1860 |   0.3130 |  4.919024e+05 |   -0.57% |  2.39e-08 |      
[INFO GPL-0040] Routability iteration: 18
[INFO GPL-0041] Total routing overflow: 20.3320
[INFO GPL-0042] Number of overflowed tiles: 368 (6.54%)
[INFO GPL-0043] Average top 0.5% routing congestion: 1.1599
[INFO GPL-0044] Average top 1.0% routing congestion: 1.1359
[INFO GPL-0045] Average top 2.0% routing congestion: 1.1099
[INFO GPL-0046] Average top 5.0% routing congestion: 1.0693
[INFO GPL-0047] Routability iteration weighted routing congestion: 1.1479
[INFO GPL-0049] Routing congestion (1.1479) higher than minimum (1.1192). Consecutive non-improvement count: 2.
[INFO GPL-0086] Inflated area:                2423.531 um^2 (+1.08%)
[INFO GPL-0052] Placement target density:       0.8390
[INFO GPL-0076] Removing fillers, count: Before: 0, After: 0 (+0.00%)
[INFO GPL-0077] Filler area (um^2)     : Before: 0.000, After: 0.000 (+0.00%)
[INFO GPL-0078] Removed fillers count: 0, area removed: 0.000 um^2. Remaining area to be compensated by modifying density: 2423.531 um^2
[INFO GPL-0079] New target density: 0.8480607
[INFO GPL-0058] White space area:           266535.629 um^2 (+0.00%)
[INFO GPL-0059] Movable instances area:     226038.399 um^2 (+1.08%)
[INFO GPL-0060] Total filler area:               0.000 um^2 (+0.00%)
[INFO GPL-0061] Total non-inflated area:    226038.394 um^2 (+1.08%)
[INFO GPL-0062] Total inflated area:        228461.924 um^2 (+1.07%)
[INFO GPL-0063] New Target Density:             0.8481
[INFO GPL-0087] Routability end iteration: increase inflation and revert back to snapshot.
Iteration | Overflow |     HPWL (um) |  HPWL(%) |   Penalty | Group
---------------------------------------------------------------
     1870 |   0.5360 |  4.887094e+05 |   -0.65% |  1.27e-09 |      
     1880 |   0.5173 |  5.322300e+05 |   +8.91% |  1.86e-09 |      
     1890 |   0.4841 |  5.238736e+05 |   -1.57% |  2.74e-09 |      
     1900 |   0.4592 |  4.838375e+05 |   -7.64% |  4.04e-09 |      
     1910 |   0.4183 |  5.172875e+05 |   +6.91% |  5.93e-09 |      
     1920 |   0.3881 |  5.080160e+05 |   -1.79% |  8.73e-09 |      
     1930 |   0.3598 |  4.939042e+05 |   -2.78% |  1.29e-08 |      
     1940 |   0.3287 |  4.970019e+05 |   +0.63% |  1.89e-08 |      
     1950 |   0.3043 |  4.902456e+05 |   -1.36% |  2.79e-08 |      
[INFO GPL-0040] Routability iteration: 19
[INFO GPL-0041] Total routing overflow: 14.3908
[INFO GPL-0042] Number of overflowed tiles: 306 (5.44%)
[INFO GPL-0043] Average top 0.5% routing congestion: 1.1346
[INFO GPL-0044] Average top 1.0% routing congestion: 1.1154
[INFO GPL-0045] Average top 2.0% routing congestion: 1.0895
[INFO GPL-0046] Average top 5.0% routing congestion: 1.0508
[INFO GPL-0047] Routability iteration weighted routing congestion: 1.1250
[INFO GPL-0049] Routing congestion (1.1250) higher than minimum (1.1192). Consecutive non-improvement count: 3.
[INFO GPL-0086] Inflated area:                1826.727 um^2 (+0.81%)
[INFO GPL-0052] Placement target density:       0.8481
[INFO GPL-0076] Removing fillers, count: Before: 0, After: 0 (+0.00%)
[INFO GPL-0077] Filler area (um^2)     : Before: 0.000, After: 0.000 (+0.00%)
[INFO GPL-0078] Removed fillers count: 0, area removed: 0.000 um^2. Remaining area to be compensated by modifying density: 1826.727 um^2
[INFO GPL-0079] New target density: 0.85491425
[INFO GPL-0054] No improvement in routing congestion for 3 consecutive iterations (limit is 3).
[INFO GPL-0055] Reverting inflation values and target density from the iteration with minimum observed routing congestion.
[INFO GPL-0056] Minimum observed routing congestion: 1.1192
[INFO GPL-0057] Target density at minimum routing congestion: 0.8234
[INFO GPL-0080] Restoring 0 previously removed fillers.
[INFO GPL-0089] Routability finished. Reverting to minimal observed routing congestion, could not reach target.
Iteration | Overflow |     HPWL (um) |  HPWL(%) |   Penalty | Group
---------------------------------------------------------------
     1960 |   0.5032 |  5.090662e+05 |   +3.84% |  1.48e-09 |      
     1970 |   0.5089 |  5.000086e+05 |   -1.78% |  2.18e-09 |      
     1980 |   0.4650 |  5.112385e+05 |   +2.25% |  3.20e-09 |      
     1990 |   0.4398 |  4.734574e+05 |   -7.39% |  4.72e-09 |      
     2000 |   0.4033 |  5.092971e+05 |   +7.57% |  6.93e-09 |      
     2010 |   0.3745 |  5.020570e+05 |   -1.42% |  1.02e-08 |      
     2020 |   0.3449 |  4.872384e+05 |   -2.95% |  1.50e-08 |      
     2030 |   0.3127 |  4.912788e+05 |   +0.83% |  2.21e-08 |      
     2040 |   0.2848 |  4.850884e+05 |   -1.26% |  3.26e-08 |      
     2050 |   0.2546 |  4.862190e+05 |   +0.23% |  4.80e-08 |      
     2060 |   0.2272 |  4.851083e+05 |   -0.23% |  7.07e-08 |      
     2070 |   0.2002 |  4.853981e+05 |   +0.06% |  1.04e-07 |      
[INFO GPL-0100] Timing-driven iteration 2/2, virtual: false.
[INFO GPL-0101]    Iter: 2073, overflow: 0.195, keep resizer changes at: 1, HPWL: 485334907
Iteration |   Area    | Resized | Buffers | Nets repaired | Remaining
---------------------------------------------------------------------
        0 |     +0.0% |       0 |       0 |             0 |     17835
    final |     +0.1% |      18 |      10 |            20 |         0
---------------------------------------------------------------------
[INFO RSZ-0034] Found 18 slew violations.
[INFO RSZ-0036] Found 2 capacitance violations.
[INFO RSZ-0039] Resized 18 instances.
[INFO RSZ-0038] Inserted 10 buffers in 20 nets.
   Iter   |    Area   | Removed | Inserted |   Pins
          |           | Buffers | Buffers  | Remaining
-------------------------------------------------------
        0 |     +0.0% |       0 |        0 |     15433
     1500 |     +0.0% |      51 |       60 |     13933
     3000 |     +0.3% |     332 |      383 |     12433
     4500 |     +0.0% |     459 |      466 |     10933
     6000 |     -0.0% |     583 |      604 |      9433
     7500 |     -0.1% |     823 |      833 |      7933
     9000 |     -0.5% |    1064 |      992 |      6433
    10500 |     -1.4% |    1483 |     1201 |      4933
    12000 |     -1.7% |    1766 |     1427 |      3433
    13500 |     -2.0% |    2121 |     1721 |      1933
    15000 |     -1.9% |    2125 |     1746 |       433
    final |     -1.9% |    2142 |     1767 |         0
-------------------------------------------------------
[INFO GPL-0106] Timing-driven: worst slack -2.9949998e-09
[INFO GPL-0107] Timing-driven: repair_design delta area: -7865.690 um^2 (-3.48%)
[INFO GPL-0108] Timing-driven: repair_design, gpl delta gcells: -365 (-2.07%)
[INFO GPL-0109] Timing-driven: repair_design, gcells created: 1777, deleted: 2142
[INFO GPL-0110] Timing-driven: new target density: 0.8185499
Iteration | Overflow |     HPWL (um) |  HPWL(%) |   Penalty | Group
---------------------------------------------------------------
     2080 |   0.1849 |  4.989055e+05 |   +2.78% |  1.53e-07 |      
     2090 |   0.1575 |  4.861813e+05 |   -2.55% |  2.25e-07 |      
     2100 |   0.1343 |  4.823413e+05 |   -0.79% |  3.32e-07 |      
     2110 |   0.1157 |  4.811329e+05 |   -0.25% |  4.89e-07 |      
     2119 |   0.0991 |  4.809756e+05 |          |  7.21e-07 |      
---------------------------------------------------------------
[INFO GPL-1001] Global placement finished at iteration 2119
[INFO GPL-1017] Routability mode iteration count: 1691
[INFO GPL-1005] Routability final weighted congestion: 1.1138
[INFO GPL-1002] Placed Cell Area            211591.1275
[INFO GPL-1003] Available Free Area         266535.6288
[INFO GPL-1004] Minimum Feasible Density        0.5800 (cell_area / free_area)
[INFO GPL-1006]   Suggested Target Densities:
[INFO GPL-1007]     - For 90% usage of free space: 0.8821
[INFO GPL-1008]     - For 80% usage of free space: 0.9923
[INFO GPL-1011] Original area (um^2): 152525.46
[INFO GPL-1012] Total routability artificial inflation: 48013.30 (+31.48%)
[INFO GPL-1013] Total timing-driven delta area: 11052.37 (+7.25%)
[INFO GPL-1014] Final placement area: 211591.13 (+38.73%)
Took 115 seconds: global_placement -density 0.6949999874830246 -pad_left 0 -pad_right 0 -routability_driven -timing_driven -force_center_initial_place -min_phi_coef 0.95 -max_phi_coef 1.05
estimate_parasitics -placement
Report metrics stage 3, global place...

==========================================================================
global place report_design_area
--------------------------------------------------------------------------
Design area 158392 um^2 58% utilization.
write_db /work/results/sky130hd/m7_j0/p9p5/3_3_place_gp.odb
Elapsed time: 1:58.13[h:]min:sec. CPU time: user 3057.64 sys 16.58 (2602%). Peak memory: 506564KB.
Log                       Ext     Elapsed/s Peak Memory/MB sha1sum result [0:20)
3_3_place_gp              .odb          118            494 1bc8a8eec631fe71f5b6
/OpenROAD-flow-scripts/flow/scripts/flow.sh 3_4_place_resized resize
Running resize.tcl, stage 3_4_place_resized
read_liberty /OpenROAD-flow-scripts/flow/platforms/sky130hd/lib/sky130_fd_sc_hd__tt_025C_1v80.lib
read_db -hier /work/results/sky130hd/m7_j0/p9p5/3_3_place_gp.odb
[WARNING ORD-0012] Hierarchical flow (-hier) is currently in development and may cause multiple issues. Do not use in production environments.
read_sdc /work/results/sky130hd/m7_j0/p9p5/2_floorplan.sdc
source /OpenROAD-flow-scripts/flow/platforms/sky130hd/setRC.tcl
estimate_parasitics -placement
replace_arith_modules -path_count 1000 -target setup -slack_threshold 0.0
[INFO RSZ-0151] Starting arithmetic module replacement to optimize 'setup' target
[INFO RSZ-0152] Analyzing 1000 critical paths with slack < 0.00
[INFO RSZ-0153] Identified 367 violating endpoints
[INFO RSZ-0154] Identified 2 critical arithmetic instances
[INFO RSZ-0160] 0 arithmetic instances have swapped to improve 'setup' target
[INFO GPL-0083] Execute incremental mode global placement.
[INFO GPL-0001] ---- Initialize GPL Main Data Structures
[INFO GPL-0002] DBU: 1000
[INFO GPL-0003] SiteSize: (  0.460  2.720 ) um
[INFO GPL-0004] CoreBBox: (  1.380  2.720 ) ( 523.020 522.240 ) um
[INFO GPL-0016] Core area:                  271002.413 um^2
[INFO GPL-0036] Movable instances area:     153925.126 um^2
[INFO GPL-0037] Total instances area:       158391.910 um^2
[INFO GPL-0035] Pin density area adjust:     15417.390 um^2
[INFO GPL-0032] ---- Initialize Region: Top-level
[INFO GPL-0006] Number of instances:             20818
[INFO GPL-0007] Movable instances:               17248
[INFO GPL-0008] Fixed instances:                  3570
[INFO GPL-0009] Dummy instances:                     0
[INFO GPL-0010] Number of nets:                  17443
[INFO GPL-0011] Number of pins:                  63048
[INFO GPL-0012] Die BBox:       (  0.000  0.000 ) ( 524.280 524.280 ) um
[INFO GPL-0013] Placement BBox: (  1.380  2.720 ) ( 523.020 522.240 ) um
[INFO GPL-0014] Region name: top-level.
[INFO GPL-0015] Region area:                271002.413 um^2
[INFO GPL-0017] Fixed instances area:         4466.784 um^2
[INFO GPL-0018] Movable instances area:     169342.517 um^2
[INFO GPL-0019] Utilization:                    63.535 %
[INFO GPL-0020] Standard cells area:        169342.517 um^2
[INFO GPL-0021] Large instances area:            0.000 um^2
[INFO GPL-0154] Identified 17248 placed instances
[INFO GPL-0155] Identified 0 not placed instances
[INFO GPL-0156] Identified all instances as placed. Skipping incremental mode
Perform buffer insertion and gate resizing...
repair_design -verbose -match_cell_footprint
Iteration |   Area    | Resized | Buffers | Nets repaired | Remaining
---------------------------------------------------------------------
        0 |     +0.0% |       0 |       0 |             0 |     17470
     1000 |     +0.0% |       0 |       0 |             0 |     16470
     2000 |     +0.0% |       0 |       0 |             0 |     15470
     3000 |     +0.0% |       0 |       0 |             0 |     14470
     4000 |     +0.0% |       0 |       0 |             0 |     13470
     5000 |     +0.0% |       0 |       0 |             0 |     12470
     6000 |     +0.0% |       0 |       0 |             0 |     11470
     7000 |     +0.0% |       0 |       0 |             0 |     10470
     8000 |     +0.0% |       0 |       0 |             0 |      9470
     9000 |     +0.0% |       0 |       0 |             0 |      8470
    10000 |     +0.0% |       0 |       0 |             0 |      7470
    11000 |     +0.0% |       0 |       0 |             0 |      6470
    12000 |     +0.0% |       0 |       0 |             0 |      5470
    13000 |     +0.0% |       0 |       0 |             0 |      4470
    14000 |     +0.0% |       0 |       0 |             0 |      3470
    15000 |     +0.0% |       0 |       0 |             0 |      2470
    16000 |     +0.0% |       0 |       0 |             0 |      1470
    17000 |     +0.0% |       0 |       0 |             0 |       470
    final |     +0.0% |       0 |       0 |             0 |         0
---------------------------------------------------------------------
[INFO RSZ-0504] Runtime: 1.03s
Floating nets: 
Report metrics stage 3, resizer...

==========================================================================
resizer report_design_area
--------------------------------------------------------------------------
Design area 158392 um^2 58% utilization.
Instance count before 20818, after 20818
Pin count before 62799, after 62799
write_db /work/results/sky130hd/m7_j0/p9p5/3_4_place_resized.odb
Elapsed time: 0:05.62[h:]min:sec. CPU time: user 8.90 sys 5.33 (252%). Peak memory: 224416KB.
Log                       Ext     Elapsed/s Peak Memory/MB sha1sum result [0:20)
3_4_place_resized         .odb            5            219 1bc8a8eec631fe71f5b6
/OpenROAD-flow-scripts/flow/scripts/flow.sh 3_5_place_dp detail_place
Running detail_place.tcl, stage 3_5_place_dp
read_liberty /OpenROAD-flow-scripts/flow/platforms/sky130hd/lib/sky130_fd_sc_hd__tt_025C_1v80.lib
read_db -hier /work/results/sky130hd/m7_j0/p9p5/3_4_place_resized.odb
[WARNING ORD-0012] Hierarchical flow (-hier) is currently in development and may cause multiple issues. Do not use in production environments.
read_sdc /work/results/sky130hd/m7_j0/p9p5/2_floorplan.sdc
source /OpenROAD-flow-scripts/flow/platforms/sky130hd/setRC.tcl
detailed_placement
[INFO DPL-0006] Core area: 271002.41 um^2
[INFO DPL-0007] Movable instances area: 153925.13 um^2
[INFO DPL-0008] Fixed instances area within core: 4466.78 um^2
[INFO DPL-0009] Utilization: 58.4%
[INFO DPL-0005] Diamond search max displacement: +/- 500 sites horizontally, +/- 100 rows vertically.
[INFO DPL-1102] Legalizing using negotiation legalizer.
[INFO DPL-1103] Negotiation base search window: +/-20 sites horizontally, +/-5 rows vertically 
	Automatic search window extension enabled.
	Search window extendable up to the max displacement cap of +/-500 sites, +/-100 rows near walls.
[INFO DPL-1104] NegotiationLegalizer DRC penalty: 5.
[INFO DPL-0392] Negotiation cell height distribution (1 unique row-count(s)):
[INFO DPL-0393]   height 1 row(s): 20818 cells
          |      Total |  Illegal |  Illegal
Iteration | Violations |    Cells |    Sites
---------------------------------------------
        0 |       1534 |       298 |      1236
        1 |        335 |        59 |       276
        2 |        213 |        27 |       186
        3 |        137 |        15 |       122
        4 |        106 |        10 |        96
        5 |         24 |         4 |        20
        6 |         85 |         7 |        78
        7 |         46 |         4 |        42
        8 |          0 |         0 |         0
Negotiation phase 1 converged at iteration 8.
[INFO DPL-0500] Runtime: 0.23s
Placement Analysis
---------------------------------
total displacement      55400.9 u
average displacement        2.7 u
max displacement           24.1 u
original HPWL          481930.1 u
legalized HPWL         527936.4 u
delta HPWL                   10 %

improve_placement -max_displacement "5 1"
Detailed placement improvement.
[INFO DPL-0401] Setting random seed to 1.
[INFO DPL-0402] Setting maximum displacement 5 1 to 13600 2720 units.
[INFO DPL-0320] Collected 3846 fixed cells.
[INFO DPL-0318] Collected 17248 single height cells.
[INFO DPL-0321] Collected 0 wide cells.
[INFO DPL-0322] Image (1380, 2720) - (523020, 522240)
[INFO DPL-0310] Assigned 17248 cells into segments.  Movement in X-direction is 0.000000, movement in Y-direction is 0.000000.
[INFO DPL-0313] Found 0 cells in wrong regions.
[INFO DPL-0315] Found 0 row alignment problems.
[INFO DPL-0314] Found 0 site alignment problems.
[INFO DPL-0311] Found 0 overlaps between adjacent cells.
[INFO DPL-0312] Found 0 edge spacing violations and 0 padding violations.
[INFO DPL-0303] Running algorithm for independent set matching.
[INFO DPL-0300] Set matching objective is wirelength.
[INFO DPL-0301] Pass   1 of matching; objective is 5.278960e+08.
[INFO DPL-0302] End of matching; objective is 5.276789e+08, improvement is 0.04 percent.
[INFO DPL-0303] Running algorithm for global swaps.
[INFO DPL-0306] Pass   1 of global swaps; hpwl is 5.204308e+08.
[INFO DPL-0306] Pass   2 of global swaps; hpwl is 5.190779e+08.
[INFO DPL-0307] End of global swaps; objective is 5.190779e+08, improvement is 1.63 percent.
[INFO DPL-0303] Running algorithm for vertical swaps.
[INFO DPL-0308] Pass   1 of vertical swaps; hpwl is 5.173211e+08.
[INFO DPL-0309] End of vertical swaps; objective is 5.173211e+08, improvement is 0.34 percent.
[INFO DPL-0303] Running algorithm for reordering.
[INFO DPL-0304] Pass   1 of reordering; objective is 5.168405e+08.
[INFO DPL-0305] End of reordering; objective is 5.168405e+08, improvement is 0.09 percent.
[INFO DPL-0303] Running algorithm for random improvement.
[INFO DPL-0324] Random improver is using random generator.
[INFO DPL-0325] Random improver is using hpwl objective.
[INFO DPL-0326] Random improver cost string is (a).
[INFO DPL-0332] End of pass, Generator random called 344960 times.
[INFO DPL-0335] Generator random, Cumulative attempts 344960, swaps 47366, moves 88750 since last reset.
[INFO DPL-0333] End of pass, Objective hpwl, Initial cost 5.120368e+08, Scratch cost 5.068119e+08, Incremental cost 5.068119e+08, Mismatch? N
[INFO DPL-0338] End of pass, Total cost is 5.068119e+08.
[INFO DPL-0327] Pass   1 of random improver; improvement in cost is 1.02 percent.
[INFO DPL-0332] End of pass, Generator random called 344960 times.
[INFO DPL-0335] Generator random, Cumulative attempts 689920, swaps 93028, moves 177690 since last reset.
[INFO DPL-0333] End of pass, Objective hpwl, Initial cost 5.068119e+08, Scratch cost 5.049170e+08, Incremental cost 5.049170e+08, Mismatch? N
[INFO DPL-0338] End of pass, Total cost is 5.049170e+08.
[INFO DPL-0327] Pass   2 of random improver; improvement in cost is 0.37 percent.
[INFO DPL-0328] End of random improver; improvement is 1.390476 percent.
[INFO DPL-0380] Cell flipping.
[INFO DPL-0382] Changed 0 cell orientations for row compatibility.
[INFO DPL-0383] Performed 5074 cell flips.
[INFO DPL-0384] End of flipping; objective is 5.026733e+08, improvement is 1.39 percent.
[INFO DPL-0313] Found 0 cells in wrong regions.
[INFO DPL-0315] Found 0 row alignment problems.
[INFO DPL-0314] Found 0 site alignment problems.
[INFO DPL-0311] Found 0 overlaps between adjacent cells.
[INFO DPL-0312] Found 0 edge spacing violations and 0 padding violations.
Detailed Improvement Results
------------------------------------------
Original HPWL           527936.4 u (  239181.1,   288755.3)
Final HPWL              502799.6 u (  231131.6,   271668.1)
Delta HPWL                  -4.8 % (      -3.4,       -5.9)

optimize_mirroring
[INFO DPL-0020] Mirrored 840 instances
[INFO DPL-0021] HPWL before          502799.6 u
[INFO DPL-0022] HPWL after           502573.9 u
[INFO DPL-0023] HPWL delta               -0.0 %
[INFO FLW-0012] Placement violations .
estimate_parasitics -placement
Report metrics stage 3, detailed place...

==========================================================================
detailed place report_design_area
--------------------------------------------------------------------------
Design area 158392 um^2 58% utilization.
write_db /work/results/sky130hd/m7_j0/p9p5/3_5_place_dp.odb
write_sdc -no_timestamp /work/results/sky130hd/m7_j0/p9p5/3_place.sdc
Elapsed time: 0:06.94[h:]min:sec. CPU time: user 9.81 sys 4.27 (202%). Peak memory: 244012KB.
Log                       Ext     Elapsed/s Peak Memory/MB sha1sum result [0:20)
3_5_place_dp              .odb            6            238 4ac8b8c9dcb82508f278
cp /work/results/sky130hd/m7_j0/p9p5/3_5_place_dp.odb /work/results/sky130hd/m7_j0/p9p5/3_place.odb
/OpenROAD-flow-scripts/flow/scripts/flow.sh 4_1_cts cts
Running cts.tcl, stage 4_1_cts
read_liberty /OpenROAD-flow-scripts/flow/platforms/sky130hd/lib/sky130_fd_sc_hd__tt_025C_1v80.lib
read_db -hier /work/results/sky130hd/m7_j0/p9p5/3_place.odb
[WARNING ORD-0012] Hierarchical flow (-hier) is currently in development and may cause multiple issues. Do not use in production environments.
read_sdc /work/results/sky130hd/m7_j0/p9p5/3_place.sdc
source /OpenROAD-flow-scripts/flow/platforms/sky130hd/setRC.tcl
clock_tree_synthesis -sink_clustering_enable -repair_clock_nets -sink_clustering_size 20 -sink_clustering_max_diameter 50
[INFO CTS-0050] Root buffer is sky130_fd_sc_hd__clkbuf_16.
[INFO CTS-0051] Sink buffer is sky130_fd_sc_hd__clkbuf_16.
[INFO CTS-0052] The following clock buffers will be used for CTS:
                    sky130_fd_sc_hd__clkbuf_16
[INFO CTS-0049] Characterization buffer is sky130_fd_sc_hd__clkbuf_16.
[INFO CTS-0007] Net "clk" found for clock "core_clock".
[INFO CTS-0011]  Clock net "clk" for macros has 1 sinks.
[INFO CTS-0011]  Clock net "clk_regs" for registers has 230 sinks.
[INFO CTS-0010]  Clock net "_06078_" has 1880 sinks.
[INFO CTS-0008] TritonCTS found 3 clock nets.
[INFO CTS-0097] Characterization used 1 buffer(s) types.
[INFO CTS-0201] 0 blockages from hard placement blockages and placed macros will be used.
[INFO CTS-0027] Generating H-Tree topology for net clk.
[INFO CTS-0028]  Total number of sinks: 1.
[INFO CTS-0060]  Macro  sinks will be clustered in groups of up to 4 and based on buffer max cap.
[INFO CTS-0030]  Number of static layers: 0.
[INFO CTS-0020]  Wire segment unit: 13600  dbu (13 um).
[INFO CTS-0023]  Original sink region: [(237792, 263990), (237792, 263990)].
[INFO CTS-0024]  Normalized sink region: [(17.4847, 19.411), (17.4847, 19.411)].
[INFO CTS-0025]     Width:  0.0000.
[INFO CTS-0026]     Height: 0.0000.
 Level 1
    Direction: Vertical
    Sinks per sub-region: 1
    Sub-region size: 0.0000 X 0.0000
[INFO CTS-0034]     Segment length (rounded): 1.
[INFO CTS-0038]  Stop criterion found. Sink region hpwl is smaller than max wirelength (1911.535 um) and max number of sinks is 15.
[INFO CTS-0035]  Number of sinks covered: 1.
[INFO CTS-0201] 0 blockages from hard placement blockages and placed macros will be used.
[INFO CTS-0027] Generating H-Tree topology for net clk_regs.
[INFO CTS-0028]  Total number of sinks: 230.
[INFO CTS-0029]  Register sinks will be clustered in groups of up to 20 and with maximum cluster diameter of 50.0 um.
[INFO CTS-0030]  Number of static layers: 0.
[INFO CTS-0020]  Wire segment unit: 13600  dbu (13 um).
[INFO CTS-0204] A clustering solution was found from clustering size of 20 and clustering diameter of 50.
[INFO CTS-0205] Better solution may be possible if either -sink_clustering_size, -sink_clustering_max_diameter, or both options are omitted to enable automatic clustering.
[INFO CTS-0019]  Total number of sinks after clustering: 24.
[INFO CTS-0024]  Normalized sink region: [(0.323971, 1.30034), (38.0328, 27.3333)].
[INFO CTS-0025]     Width:  37.7089.
[INFO CTS-0026]     Height: 26.0330.
 Level 1
    Direction: Horizontal
    Sinks per sub-region: 12
    Sub-region size: 18.8544 X 26.0330
[INFO CTS-0034]     Segment length (rounded): 10.
[INFO CTS-0038]  Stop criterion found. Sink region hpwl is smaller than max wirelength (1911.535 um) and max number of sinks is 15.
[INFO CTS-0035]  Number of sinks covered: 24.
[INFO CTS-0201] 0 blockages from hard placement blockages and placed macros will be used.
[INFO CTS-0027] Generating H-Tree topology for net _06078_.
[INFO CTS-0028]  Total number of sinks: 1880.
[INFO CTS-0029]  Register sinks will be clustered in groups of up to 20 and with maximum cluster diameter of 50.0 um.
[INFO CTS-0030]  Number of static layers: 0.
[INFO CTS-0020]  Wire segment unit: 13600  dbu (13 um).
[INFO CTS-0204] A clustering solution was found from clustering size of 20 and clustering diameter of 50.
[INFO CTS-0205] Better solution may be possible if either -sink_clustering_size, -sink_clustering_max_diameter, or both options are omitted to enable automatic clustering.
[INFO CTS-0019]  Total number of sinks after clustering: 184.
[INFO CTS-0024]  Normalized sink region: [(0.380147, 0.921732), (34.2244, 37.9)].
[INFO CTS-0025]     Width:  33.8443.
[INFO CTS-0026]     Height: 36.9783.
 Level 1
    Direction: Vertical
    Sinks per sub-region: 92
    Sub-region size: 33.8443 X 18.4891
[INFO CTS-0034]     Segment length (rounded): 10.
 Level 2
    Direction: Horizontal
    Sinks per sub-region: 46
    Sub-region size: 16.9221 X 18.4891
[INFO CTS-0034]     Segment length (rounded): 8.
 Level 3
    Direction: Vertical
    Sinks per sub-region: 23
    Sub-region size: 16.9221 X 9.2446
[INFO CTS-0034]     Segment length (rounded): 4.
 Level 4
    Direction: Horizontal
    Sinks per sub-region: 12
    Sub-region size: 8.4611 X 9.2446
[INFO CTS-0034]     Segment length (rounded): 4.
[INFO CTS-0038]  Stop criterion found. Sink region hpwl is smaller than max wirelength (1911.535 um) and max number of sinks is 15.
[INFO CTS-0035]  Number of sinks covered: 184.
[INFO CTS-0018]     Created 2 clock buffers.
[INFO CTS-0012]     Minimum number of buffers in the clock path: 2.
[INFO CTS-0013]     Maximum number of buffers in the clock path: 2.
[INFO CTS-0015]     Created 2 clock nets.
[INFO CTS-0016]     Fanout distribution for the current clock = 1:1..
[INFO CTS-0017]     Max level of the clock tree: 1.
[INFO CTS-0018]     Created 27 clock buffers.
[INFO CTS-0012]     Minimum number of buffers in the clock path: 3.
[INFO CTS-0013]     Maximum number of buffers in the clock path: 3.
[INFO CTS-0015]     Created 27 clock nets.
[INFO CTS-0016]     Fanout distribution for the current clock = 1:1, 2:1, 3:2, 4:1, 6:3, 7:1, 8:1, 9:1, 10:3, 12:1, 13:5, 14:4, 18:2..
[INFO CTS-0017]     Max level of the clock tree: 1.
[INFO CTS-0018]     Created 209 clock buffers.
[INFO CTS-0012]     Minimum number of buffers in the clock path: 4.
[INFO CTS-0013]     Maximum number of buffers in the clock path: 4.
[INFO CTS-0015]     Created 209 clock nets.
[INFO CTS-0016]     Fanout distribution for the current clock = 2:7, 3:12, 4:11, 5:4, 6:15, 7:13, 8:8, 9:10, 10:16, 11:12, 12:16, 13:24, 14:14, 15:12, 16:12, 17:8, 18:1, 19:3, 20:2..
[INFO CTS-0017]     Max level of the clock tree: 4.
[INFO CTS-0124] Clock net "clk"
[INFO CTS-0125]  Sinks 1
[INFO CTS-0098] Clock net "clk_regs"
[INFO CTS-0099]  Sinks 253
[INFO CTS-0100]  Leaf buffers 24
[INFO CTS-0101]  Average sink wire length 374.20 um
[INFO CTS-0102]  Path depth 2 - 3
[INFO CTS-0207]  Dummy loads inserted 23
[INFO CTS-0098] Clock net "_06078_"
[INFO CTS-0099]  Sinks 2052
[INFO CTS-0100]  Leaf buffers 184
[INFO CTS-0101]  Average sink wire length 407.78 um
[INFO CTS-0102]  Path depth 3 - 4
[INFO CTS-0207]  Dummy loads inserted 172
[INFO CTS-0033] Balancing latency for clock core_clock
[INFO CTS-0036]  inserted 4 delay buffers
[INFO CTS-0037] Total number of delay buffers: 4
[INFO CTS-0500] Runtime: 1.03s
estimate_parasitics -placement
detailed_placement
[INFO DPL-0006] Core area: 271002.41 um^2
[INFO DPL-0007] Movable instances area: 162608.45 um^2
[INFO DPL-0008] Fixed instances area within core: 4466.78 um^2
[INFO DPL-0009] Utilization: 61.7%
[INFO DPL-0005] Diamond search max displacement: +/- 500 sites horizontally, +/- 100 rows vertically.
[INFO DPL-1102] Legalizing using negotiation legalizer.
[INFO DPL-1103] Negotiation base search window: +/-20 sites horizontally, +/-5 rows vertically 
	Automatic search window extension enabled.
	Search window extendable up to the max displacement cap of +/-500 sites, +/-100 rows near walls.
[INFO DPL-1104] NegotiationLegalizer DRC penalty: 5.
[INFO DPL-0392] Negotiation cell height distribution (1 unique row-count(s)):
[INFO DPL-0393]   height 1 row(s): 21256 cells
          |      Total |  Illegal |  Illegal
Iteration | Violations |    Cells |    Sites
---------------------------------------------
        0 |       1629 |       233 |      1396
        1 |        935 |       112 |       823
        2 |        548 |        55 |       493
        3 |        366 |        39 |       327
        4 |        429 |        41 |       388
        5 |        365 |        27 |       338
        6 |        207 |        17 |       190
        7 |        189 |        17 |       172
        8 |        127 |        15 |       112
        9 |         98 |         8 |        90
       10 |         93 |         7 |        86
       19 |          0 |         0 |         0
Negotiation phase 1 converged at iteration 19.
[INFO DPL-0500] Runtime: 0.30s
Placement Analysis
---------------------------------
total displacement      22624.2 u
average displacement        1.1 u
max displacement           33.6 u
original HPWL          519385.4 u
legalized HPWL         533231.7 u
delta HPWL                    3 %

estimate_parasitics -placement
repair_timing -setup_margin 0 -hold_margin 0 -repair_tns 100 -match_cell_footprint -verbose
[INFO RSZ-0100] Repair move sequence: UnbufferMove SizeUpMove SwapPinsMove BufferMove CloneMove SplitLoadMove 
[INFO RSZ-0094] Found 453 endpoints with setup violations.
[INFO RSZ-0099] Repairing 453 out of 453 (100.00%) violating endpoints...
   Iter   | Removed | Resized | Inserted | Cloned |  Pin  |   Area   |    WNS   |   StTNS    |   EnTNS    |  Viol  |  Worst  
          | Buffers |  Gates  | Buffers  |  Gates | Swaps |          |          |            |            | Endpts | St/EnPt 
------------------------------------------------------------------------------------------------------------------------------
       0* |       0 |       0 |        0 |      0 |     0 |    +0.0% |   -0.671 |     -585.7 |     -114.1 |    453 | u.u_ibex.gen_regfile_ff.register_file_i.g_rf_flops\[13\].rf_reg_q\[20\]$_DFFE_PN0P_/D
      10* |       0 |       9 |        0 |      0 |     0 |    +0.0% |   -0.305 |     -580.3 |      -61.9 |    453 | u.u_ibex.gen_regfile_ff.register_file_i.g_rf_flops\[13\].rf_reg_q\[20\]$_DFFE_PN0P_/D
      20* |       0 |      19 |        0 |      0 |     0 |    +0.1% |   -0.083 |     -578.4 |       -4.2 |    453 | u.u_ibex.gen_regfile_ff.register_file_i.g_rf_flops\[22\].rf_reg_q\[28\]$_DFFE_PN0P_/D
      26* |       0 |      23 |        1 |      0 |     1 |    +0.1% |   -0.059 |     -578.3 |       -2.0 |    453 | u.u_ibex.u_ibex_core.if_stage_i.gen_prefetch_buffer.prefetch_buffer_i.fifo_i.rdata_q\[48\]$_DFFE_PP_/DE
      27* |       0 |      23 |        1 |      0 |     1 |    +0.1% |   -0.059 |     -578.3 |       -2.0 |    453 | u.u_ibex.u_ibex_core.if_stage_i.gen_prefetch_buffer.prefetch_buffer_i.fifo_i.rdata_q\[48\]$_DFFE_PP_/DE
      28* |       0 |      23 |        1 |      0 |     1 |    +0.1% |   -0.059 |     -578.3 |       -2.0 |    453 | u.u_ibex.u_ibex_core.if_stage_i.gen_prefetch_buffer.prefetch_buffer_i.fifo_i.rdata_q\[48\]$_DFFE_PP_/DE
      29* |       0 |      23 |        1 |      0 |     1 |    +0.1% |   -0.059 |     -578.3 |       -2.0 |    453 | u.u_ibex.u_ibex_core.if_stage_i.gen_prefetch_buffer.prefetch_buffer_i.fifo_i.rdata_q\[48\]$_DFFE_PP_/DE
      30* |       0 |      23 |        1 |      0 |     1 |    +0.1% |   -0.059 |     -578.3 |       -2.0 |    453 | u.u_ibex.u_ibex_core.if_stage_i.gen_prefetch_buffer.prefetch_buffer_i.fifo_i.rdata_q\[48\]$_DFFE_PP_/DE
      30* |       0 |      23 |        1 |      0 |     1 |    +0.1% |   -0.059 |     -578.3 |       -2.0 |    453 | u.u_ibex.u_ibex_core.if_stage_i.gen_prefetch_buffer.prefetch_buffer_i.fifo_i.rdata_q\[48\]$_DFFE_PP_/DE
      31* |       0 |      23 |        1 |      0 |     1 |    +0.1% |   -0.059 |     -578.3 |       -2.0 |    453 | u.u_ibex.u_ibex_core.if_stage_i.gen_prefetch_buffer.prefetch_buffer_i.fifo_i.rdata_q\[48\]$_DFFE_PP_/DE
      32* |       0 |      23 |        1 |      0 |     1 |    +0.1% |   -0.059 |     -578.3 |       -2.0 |    453 | u.u_ibex.u_ibex_core.if_stage_i.gen_prefetch_buffer.prefetch_buffer_i.fifo_i.rdata_q\[48\]$_DFFE_PP_/DE
      33* |       0 |      23 |        1 |      0 |     1 |    +0.1% |   -0.059 |     -578.3 |       -2.0 |    453 | u.u_ibex.u_ibex_core.if_stage_i.gen_prefetch_buffer.prefetch_buffer_i.fifo_i.rdata_q\[48\]$_DFFE_PP_/DE
      34* |       0 |      23 |        1 |      0 |     1 |    +0.1% |   -0.059 |     -578.3 |       -2.0 |    453 | u.u_ibex.u_ibex_core.if_stage_i.gen_prefetch_buffer.prefetch_buffer_i.fifo_i.rdata_q\[48\]$_DFFE_PP_/DE
      35* |       0 |      23 |        1 |      0 |     1 |    +0.1% |   -0.059 |     -578.3 |       -2.0 |    453 | u.u_ibex.u_ibex_core.if_stage_i.gen_prefetch_buffer.prefetch_buffer_i.fifo_i.rdata_q\[48\]$_DFFE_PP_/DE
      36* |       0 |      23 |        1 |      0 |     1 |    +0.1% |   -0.059 |     -578.3 |       -2.0 |    453 | u.u_ibex.u_ibex_core.if_stage_i.gen_prefetch_buffer.prefetch_buffer_i.fifo_i.rdata_q\[48\]$_DFFE_PP_/DE
      37* |       0 |      23 |        1 |      0 |     1 |    +0.1% |   -0.059 |     -578.3 |       -2.0 |    453 | u.u_ibex.u_ibex_core.if_stage_i.gen_prefetch_buffer.prefetch_buffer_i.fifo_i.rdata_q\[48\]$_DFFE_PP_/DE
      38* |       0 |      23 |        1 |      0 |     1 |    +0.1% |   -0.059 |     -578.3 |       -2.0 |    453 | u.u_ibex.u_ibex_core.if_stage_i.gen_prefetch_buffer.prefetch_buffer_i.fifo_i.rdata_q\[48\]$_DFFE_PP_/DE
      39* |       0 |      23 |        1 |      0 |     1 |    +0.1% |   -0.059 |     -578.3 |       -2.0 |    453 | u.u_ibex.u_ibex_core.if_stage_i.gen_prefetch_buffer.prefetch_buffer_i.fifo_i.rdata_q\[48\]$_DFFE_PP_/DE
      40* |       0 |      23 |        1 |      0 |     1 |    +0.1% |   -0.059 |     -578.3 |       -2.0 |    453 | u.u_ibex.u_ibex_core.if_stage_i.gen_prefetch_buffer.prefetch_buffer_i.fifo_i.rdata_q\[48\]$_DFFE_PP_/DE
      40* |       0 |      23 |        1 |      0 |     1 |    +0.1% |   -0.059 |     -578.3 |       -2.0 |    453 | u.u_ibex.u_ibex_core.if_stage_i.gen_prefetch_buffer.prefetch_buffer_i.fifo_i.rdata_q\[48\]$_DFFE_PP_/DE
      41* |       0 |      23 |        1 |      0 |     1 |    +0.1% |   -0.059 |     -578.3 |       -2.0 |    453 | u.u_ibex.u_ibex_core.if_stage_i.gen_prefetch_buffer.prefetch_buffer_i.fifo_i.rdata_q\[48\]$_DFFE_PP_/DE
      42* |       0 |      23 |        1 |      0 |     1 |    +0.1% |   -0.059 |     -578.3 |       -2.0 |    453 | u.u_ibex.u_ibex_core.if_stage_i.gen_prefetch_buffer.prefetch_buffer_i.fifo_i.rdata_q\[48\]$_DFFE_PP_/DE
      43* |       0 |      23 |        1 |      0 |     1 |    +0.1% |   -0.059 |     -578.3 |       -2.0 |    453 | u.u_ibex.u_ibex_core.if_stage_i.gen_prefetch_buffer.prefetch_buffer_i.fifo_i.rdata_q\[48\]$_DFFE_PP_/DE
      44* |       0 |      23 |        1 |      0 |     1 |    +0.1% |   -0.059 |     -578.3 |       -2.0 |    453 | u.u_ibex.u_ibex_core.if_stage_i.gen_prefetch_buffer.prefetch_buffer_i.fifo_i.rdata_q\[48\]$_DFFE_PP_/DE
      45* |       0 |      23 |        1 |      0 |     1 |    +0.1% |   -0.059 |     -578.3 |       -2.0 |    453 | u.u_ibex.u_ibex_core.if_stage_i.gen_prefetch_buffer.prefetch_buffer_i.fifo_i.rdata_q\[48\]$_DFFE_PP_/DE
      46* |       0 |      23 |        1 |      0 |     1 |    +0.1% |   -0.059 |     -578.3 |       -2.0 |    453 | u.u_ibex.u_ibex_core.if_stage_i.gen_prefetch_buffer.prefetch_buffer_i.fifo_i.rdata_q\[48\]$_DFFE_PP_/DE
      47* |       0 |      23 |        1 |      0 |     1 |    +0.1% |   -0.059 |     -578.3 |       -2.0 |    453 | u.u_ibex.u_ibex_core.if_stage_i.gen_prefetch_buffer.prefetch_buffer_i.fifo_i.rdata_q\[48\]$_DFFE_PP_/DE
      48* |       0 |      23 |        1 |      0 |     1 |    +0.1% |   -0.059 |     -578.3 |       -2.0 |    453 | u.u_ibex.u_ibex_core.if_stage_i.gen_prefetch_buffer.prefetch_buffer_i.fifo_i.rdata_q\[48\]$_DFFE_PP_/DE
      49* |       0 |      23 |        1 |      0 |     1 |    +0.1% |   -0.059 |     -578.3 |       -2.0 |    453 | u.u_ibex.u_ibex_core.if_stage_i.gen_prefetch_buffer.prefetch_buffer_i.fifo_i.rdata_q\[48\]$_DFFE_PP_/DE
      50* |       0 |      23 |        1 |      0 |     1 |    +0.1% |   -0.059 |     -578.3 |       -2.0 |    453 | u.u_ibex.u_ibex_core.if_stage_i.gen_prefetch_buffer.prefetch_buffer_i.fifo_i.rdata_q\[48\]$_DFFE_PP_/DE
      50* |       0 |      23 |        1 |      0 |     1 |    +0.1% |   -0.059 |     -578.3 |       -2.0 |    453 | u.u_ibex.u_ibex_core.if_stage_i.gen_prefetch_buffer.prefetch_buffer_i.fifo_i.rdata_q\[48\]$_DFFE_PP_/DE
      51* |       0 |      23 |        1 |      0 |     1 |    +0.1% |   -0.059 |     -578.3 |       -2.0 |    453 | u.u_ibex.u_ibex_core.if_stage_i.gen_prefetch_buffer.prefetch_buffer_i.fifo_i.rdata_q\[48\]$_DFFE_PP_/DE
      52* |       0 |      23 |        1 |      0 |     1 |    +0.1% |   -0.059 |     -578.3 |       -2.0 |    453 | u.u_ibex.u_ibex_core.if_stage_i.gen_prefetch_buffer.prefetch_buffer_i.fifo_i.rdata_q\[48\]$_DFFE_PP_/DE
      53* |       0 |      23 |        1 |      0 |     1 |    +0.1% |   -0.059 |     -578.3 |       -2.0 |    453 | u.u_ibex.u_ibex_core.if_stage_i.gen_prefetch_buffer.prefetch_buffer_i.fifo_i.rdata_q\[48\]$_DFFE_PP_/DE
      54* |       0 |      23 |        1 |      0 |     1 |    +0.1% |   -0.059 |     -578.3 |       -2.0 |    453 | u.u_ibex.u_ibex_core.if_stage_i.gen_prefetch_buffer.prefetch_buffer_i.fifo_i.rdata_q\[48\]$_DFFE_PP_/DE
      55* |       0 |      23 |        1 |      0 |     1 |    +0.1% |   -0.059 |     -578.3 |       -2.0 |    453 | u.u_ibex.u_ibex_core.if_stage_i.gen_prefetch_buffer.prefetch_buffer_i.fifo_i.rdata_q\[48\]$_DFFE_PP_/DE
      56* |       0 |      23 |        1 |      0 |     1 |    +0.1% |   -0.059 |     -578.3 |       -2.0 |    453 | u.u_ibex.u_ibex_core.if_stage_i.gen_prefetch_buffer.prefetch_buffer_i.fifo_i.rdata_q\[48\]$_DFFE_PP_/DE
      59* |       0 |      25 |        1 |      0 |     1 |    +0.1% |   -0.059 |     -578.3 |       -1.6 |    453 | u.u_ibex.u_ibex_core.if_stage_i.gen_prefetch_buffer.prefetch_buffer_i.fifo_i.rdata_q\[48\]$_DFFE_PP_/DE
      60* |       0 |      25 |        1 |      0 |     1 |    +0.1% |   -0.059 |     -578.3 |       -1.6 |    453 | u.u_ibex.u_ibex_core.if_stage_i.gen_prefetch_buffer.prefetch_buffer_i.fifo_i.rdata_q\[48\]$_DFFE_PP_/DE
      60* |       0 |      25 |        1 |      0 |     1 |    +0.1% |   -0.059 |     -578.3 |       -1.6 |    453 | u.u_ibex.u_ibex_core.if_stage_i.gen_prefetch_buffer.prefetch_buffer_i.fifo_i.rdata_q\[48\]$_DFFE_PP_/DE
      61* |       0 |      25 |        1 |      0 |     1 |    +0.1% |   -0.059 |     -578.3 |       -1.6 |    453 | u.u_ibex.u_ibex_core.if_stage_i.gen_prefetch_buffer.prefetch_buffer_i.fifo_i.rdata_q\[48\]$_DFFE_PP_/DE
      62* |       0 |      25 |        1 |      0 |     1 |    +0.1% |   -0.059 |     -578.3 |       -1.6 |    453 | u.u_ibex.u_ibex_core.if_stage_i.gen_prefetch_buffer.prefetch_buffer_i.fifo_i.rdata_q\[48\]$_DFFE_PP_/DE
      63* |       0 |      25 |        1 |      0 |     1 |    +0.1% |   -0.059 |     -578.3 |       -1.6 |    453 | u.u_ibex.u_ibex_core.if_stage_i.gen_prefetch_buffer.prefetch_buffer_i.fifo_i.rdata_q\[48\]$_DFFE_PP_/DE
      64* |       0 |      25 |        1 |      0 |     1 |    +0.1% |   -0.059 |     -578.3 |       -1.6 |    453 | u.u_ibex.u_ibex_core.if_stage_i.gen_prefetch_buffer.prefetch_buffer_i.fifo_i.rdata_q\[48\]$_DFFE_PP_/DE
      65* |       0 |      25 |        1 |      0 |     1 |    +0.1% |   -0.059 |     -578.3 |       -1.6 |    453 | u.u_ibex.u_ibex_core.if_stage_i.gen_prefetch_buffer.prefetch_buffer_i.fifo_i.rdata_q\[48\]$_DFFE_PP_/DE
      66* |       0 |      25 |        1 |      0 |     1 |    +0.1% |   -0.059 |     -578.3 |       -1.6 |    453 | u.u_ibex.u_ibex_core.if_stage_i.gen_prefetch_buffer.prefetch_buffer_i.fifo_i.rdata_q\[48\]$_DFFE_PP_/DE
      67* |       0 |      25 |        1 |      0 |     1 |    +0.1% |   -0.059 |     -578.3 |       -1.6 |    453 | u.u_ibex.u_ibex_core.if_stage_i.gen_prefetch_buffer.prefetch_buffer_i.fifo_i.rdata_q\[48\]$_DFFE_PP_/DE
      68* |       0 |      25 |        1 |      0 |     1 |    +0.1% |   -0.059 |     -578.3 |       -1.6 |    453 | u.u_ibex.u_ibex_core.if_stage_i.gen_prefetch_buffer.prefetch_buffer_i.fifo_i.rdata_q\[48\]$_DFFE_PP_/DE
      69* |       0 |      25 |        1 |      0 |     1 |    +0.1% |   -0.059 |     -578.3 |       -1.6 |    453 | u.u_ibex.u_ibex_core.if_stage_i.gen_prefetch_buffer.prefetch_buffer_i.fifo_i.rdata_q\[48\]$_DFFE_PP_/DE
      70* |       0 |      25 |        1 |      0 |     1 |    +0.1% |   -0.059 |     -578.3 |       -1.6 |    453 | u.u_ibex.u_ibex_core.if_stage_i.gen_prefetch_buffer.prefetch_buffer_i.fifo_i.rdata_q\[48\]$_DFFE_PP_/DE
      70* |       0 |      25 |        1 |      0 |     1 |    +0.1% |   -0.059 |     -578.3 |       -1.6 |    453 | u.u_ibex.u_ibex_core.if_stage_i.gen_prefetch_buffer.prefetch_buffer_i.fifo_i.rdata_q\[48\]$_DFFE_PP_/DE
      71* |       0 |      25 |        1 |      0 |     1 |    +0.1% |   -0.059 |     -578.3 |       -1.6 |    453 | u.u_ibex.u_ibex_core.if_stage_i.gen_prefetch_buffer.prefetch_buffer_i.fifo_i.rdata_q\[48\]$_DFFE_PP_/DE
      72* |       0 |      25 |        1 |      0 |     1 |    +0.1% |   -0.059 |     -578.3 |       -1.6 |    453 | u.u_ibex.u_ibex_core.if_stage_i.gen_prefetch_buffer.prefetch_buffer_i.fifo_i.rdata_q\[48\]$_DFFE_PP_/DE
      73* |       0 |      25 |        1 |      0 |     1 |    +0.1% |   -0.059 |     -578.3 |       -1.6 |    453 | u.u_ibex.u_ibex_core.if_stage_i.gen_prefetch_buffer.prefetch_buffer_i.fifo_i.rdata_q\[48\]$_DFFE_PP_/DE
      74* |       0 |      25 |        1 |      0 |     1 |    +0.1% |   -0.059 |     -578.3 |       -1.6 |    453 | u.u_ibex.u_ibex_core.if_stage_i.gen_prefetch_buffer.prefetch_buffer_i.fifo_i.rdata_q\[48\]$_DFFE_PP_/DE
      75* |       0 |      25 |        1 |      0 |     1 |    +0.1% |   -0.059 |     -578.3 |       -1.6 |    453 | u.u_ibex.u_ibex_core.if_stage_i.gen_prefetch_buffer.prefetch_buffer_i.fifo_i.rdata_q\[48\]$_DFFE_PP_/DE
      76* |       0 |      25 |        1 |      0 |     1 |    +0.1% |   -0.059 |     -578.3 |       -1.6 |    453 | u.u_ibex.u_ibex_core.if_stage_i.gen_prefetch_buffer.prefetch_buffer_i.fifo_i.rdata_q\[48\]$_DFFE_PP_/DE
      77* |       0 |      25 |        1 |      0 |     1 |    +0.1% |   -0.059 |     -578.3 |       -1.6 |    453 | u.u_ibex.u_ibex_core.if_stage_i.gen_prefetch_buffer.prefetch_buffer_i.fifo_i.rdata_q\[48\]$_DFFE_PP_/DE
      78* |       0 |      25 |        1 |      0 |     1 |    +0.1% |   -0.059 |     -578.3 |       -1.6 |    453 | u.u_ibex.u_ibex_core.if_stage_i.gen_prefetch_buffer.prefetch_buffer_i.fifo_i.rdata_q\[48\]$_DFFE_PP_/DE
      79* |       0 |      25 |        1 |      0 |     1 |    +0.1% |   -0.059 |     -578.3 |       -1.6 |    453 | u.u_ibex.u_ibex_core.if_stage_i.gen_prefetch_buffer.prefetch_buffer_i.fifo_i.rdata_q\[48\]$_DFFE_PP_/DE
      80* |       0 |      25 |        1 |      0 |     1 |    +0.1% |   -0.059 |     -578.3 |       -1.6 |    453 | u.u_ibex.u_ibex_core.if_stage_i.gen_prefetch_buffer.prefetch_buffer_i.fifo_i.rdata_q\[48\]$_DFFE_PP_/DE
      80* |       0 |      25 |        1 |      0 |     1 |    +0.1% |   -0.059 |     -578.3 |       -1.6 |    453 | u.u_ibex.u_ibex_core.if_stage_i.gen_prefetch_buffer.prefetch_buffer_i.fifo_i.rdata_q\[48\]$_DFFE_PP_/DE
      81* |       0 |      25 |        1 |      0 |     1 |    +0.1% |   -0.059 |     -578.3 |       -1.6 |    453 | u.u_ibex.u_ibex_core.if_stage_i.gen_prefetch_buffer.prefetch_buffer_i.fifo_i.rdata_q\[48\]$_DFFE_PP_/DE
      82* |       0 |      25 |        1 |      0 |     1 |    +0.1% |   -0.059 |     -578.3 |       -1.6 |    453 | u.u_ibex.u_ibex_core.if_stage_i.gen_prefetch_buffer.prefetch_buffer_i.fifo_i.rdata_q\[48\]$_DFFE_PP_/DE
      83* |       0 |      25 |        1 |      0 |     1 |    +0.1% |   -0.059 |     -578.3 |       -1.6 |    453 | u.u_ibex.u_ibex_core.if_stage_i.gen_prefetch_buffer.prefetch_buffer_i.fifo_i.rdata_q\[48\]$_DFFE_PP_/DE
      84* |       0 |      25 |        1 |      0 |     1 |    +0.1% |   -0.059 |     -578.3 |       -1.6 |    453 | u.u_ibex.u_ibex_core.if_stage_i.gen_prefetch_buffer.prefetch_buffer_i.fifo_i.rdata_q\[48\]$_DFFE_PP_/DE
      85* |       0 |      25 |        1 |      0 |     1 |    +0.1% |   -0.059 |     -578.3 |       -1.6 |    453 | u.u_ibex.u_ibex_core.if_stage_i.gen_prefetch_buffer.prefetch_buffer_i.fifo_i.rdata_q\[48\]$_DFFE_PP_/DE
      90* |       0 |      27 |        2 |      0 |     2 |    +0.1% |   -0.043 |     -578.1 |       -0.2 |    453 | instr_addr_o[17]
      90* |       0 |      27 |        2 |      0 |     2 |    +0.1% |   -0.043 |     -578.1 |       -0.2 |    453 | instr_addr_o[17]
      91* |       0 |      27 |        2 |      0 |     2 |    +0.1% |   -0.043 |     -578.1 |       -0.2 |    453 | instr_addr_o[17]
      92* |       0 |      27 |        2 |      0 |     2 |    +0.1% |   -0.043 |     -578.1 |       -0.2 |    453 | instr_addr_o[17]
      93* |       0 |      27 |        2 |      0 |     2 |    +0.1% |   -0.043 |     -578.1 |       -0.2 |    453 | instr_addr_o[17]
      94* |       0 |      27 |        2 |      0 |     2 |    +0.1% |   -0.043 |     -578.1 |       -0.2 |    453 | instr_addr_o[17]
      95* |       0 |      27 |        2 |      0 |     2 |    +0.1% |   -0.043 |     -578.1 |       -0.2 |    453 | instr_addr_o[17]
      96* |       0 |      27 |        2 |      0 |     2 |    +0.1% |   -0.043 |     -578.1 |       -0.2 |    453 | instr_addr_o[17]
      97* |       0 |      27 |        2 |      0 |     2 |    +0.1% |   -0.043 |     -578.1 |       -0.2 |    453 | instr_addr_o[17]
      98* |       0 |      27 |        2 |      0 |     2 |    +0.1% |   -0.043 |     -578.1 |       -0.2 |    453 | instr_addr_o[17]
      99* |       0 |      27 |        2 |      0 |     2 |    +0.1% |   -0.043 |     -578.1 |       -0.2 |    453 | instr_addr_o[17]
     100* |       0 |      27 |        2 |      0 |     2 |    +0.1% |   -0.043 |     -578.1 |       -0.2 |    453 | instr_addr_o[17]
     100* |       0 |      27 |        2 |      0 |     2 |    +0.1% |   -0.043 |     -578.1 |       -0.2 |    453 | instr_addr_o[17]
     101* |       0 |      27 |        2 |      0 |     2 |    +0.1% |   -0.043 |     -578.1 |       -0.2 |    453 | instr_addr_o[17]
     102* |       0 |      27 |        2 |      0 |     2 |    +0.1% |   -0.043 |     -578.1 |       -0.2 |    453 | instr_addr_o[17]
     103* |       0 |      27 |        2 |      0 |     2 |    +0.1% |   -0.043 |     -578.1 |       -0.2 |    453 | instr_addr_o[17]
     104* |       0 |      27 |        2 |      0 |     2 |    +0.1% |   -0.043 |     -578.1 |       -0.2 |    453 | instr_addr_o[17]
     105* |       0 |      27 |        2 |      0 |     2 |    +0.1% |   -0.043 |     -578.1 |       -0.2 |    453 | instr_addr_o[17]
     106* |       0 |      27 |        2 |      0 |     2 |    +0.1% |   -0.043 |     -578.1 |       -0.2 |    453 | instr_addr_o[17]
     107* |       0 |      27 |        2 |      0 |     2 |    +0.1% |   -0.043 |     -578.1 |       -0.2 |    453 | instr_addr_o[17]
     108* |       0 |      27 |        2 |      0 |     2 |    +0.1% |   -0.043 |     -578.1 |       -0.2 |    453 | instr_addr_o[17]
     109* |       0 |      27 |        2 |      0 |     2 |    +0.1% |   -0.043 |     -578.1 |       -0.2 |    453 | instr_addr_o[17]
     110* |       0 |      27 |        2 |      0 |     2 |    +0.1% |   -0.043 |     -578.1 |       -0.2 |    453 | instr_addr_o[17]
     110* |       0 |      27 |        2 |      0 |     2 |    +0.1% |   -0.043 |     -578.1 |       -0.2 |    453 | instr_addr_o[17]
     111* |       0 |      27 |        2 |      0 |     2 |    +0.1% |   -0.043 |     -578.1 |       -0.2 |    453 | instr_addr_o[17]
     112* |       0 |      27 |        2 |      0 |     2 |    +0.1% |   -0.043 |     -578.1 |       -0.2 |    453 | instr_addr_o[17]
     113* |       0 |      27 |        2 |      0 |     2 |    +0.1% |   -0.043 |     -578.1 |       -0.2 |    453 | instr_addr_o[17]
     114* |       0 |      27 |        2 |      0 |     2 |    +0.1% |   -0.043 |     -578.1 |       -0.2 |    453 | instr_addr_o[17]
     115* |       0 |      27 |        2 |      0 |     2 |    +0.1% |   -0.043 |     -578.1 |       -0.2 |    453 | instr_addr_o[17]
     116* |       0 |      27 |        2 |      0 |     2 |    +0.1% |   -0.043 |     -578.1 |       -0.2 |    453 | instr_addr_o[17]
     117* |       0 |      27 |        2 |      0 |     2 |    +0.1% |   -0.043 |     -578.1 |       -0.2 |    453 | instr_addr_o[17]
     118* |       0 |      27 |        2 |      0 |     2 |    +0.1% |   -0.043 |     -578.1 |       -0.2 |    453 | instr_addr_o[17]
     119* |       0 |      27 |        2 |      0 |     2 |    +0.1% |   -0.043 |     -578.1 |       -0.2 |    453 | instr_addr_o[17]
     120* |       0 |      27 |        2 |      0 |     2 |    +0.1% |   -0.043 |     -578.1 |       -0.2 |    453 | instr_addr_o[17]
     120* |       0 |      27 |        2 |      0 |     2 |    +0.1% |   -0.043 |     -578.1 |       -0.2 |    453 | instr_addr_o[17]
     121* |       0 |      27 |        2 |      0 |     2 |    +0.1% |   -0.043 |     -578.1 |       -0.2 |    453 | instr_addr_o[17]
     122* |       0 |      27 |        2 |      0 |     2 |    +0.1% |   -0.043 |     -578.1 |       -0.2 |    453 | instr_addr_o[17]
     123* |       0 |      27 |        2 |      0 |     2 |    +0.1% |   -0.043 |     -578.1 |       -0.2 |    453 | instr_addr_o[17]
     124* |       0 |      27 |        2 |      0 |     2 |    +0.1% |   -0.043 |     -578.1 |       -0.2 |    453 | instr_addr_o[17]
     125* |       0 |      27 |        2 |      0 |     2 |    +0.1% |   -0.043 |     -578.1 |       -0.2 |    453 | instr_addr_o[17]
     126* |       0 |      27 |        2 |      0 |     2 |    +0.1% |   -0.043 |     -578.1 |       -0.2 |    453 | instr_addr_o[17]
     127* |       0 |      27 |        2 |      0 |     2 |    +0.1% |   -0.043 |     -578.1 |       -0.2 |    453 | instr_addr_o[17]
     128* |       0 |      27 |        2 |      0 |     2 |    +0.1% |   -0.043 |     -578.1 |       -0.2 |    453 | instr_addr_o[17]
     129* |       0 |      27 |        2 |      0 |     2 |    +0.1% |   -0.043 |     -578.1 |       -0.2 |    453 | instr_addr_o[17]
     130* |       0 |      27 |        2 |      0 |     2 |    +0.1% |   -0.043 |     -578.1 |       -0.2 |    453 | instr_addr_o[17]
     130* |       0 |      27 |        2 |      0 |     2 |    +0.1% |   -0.043 |     -578.1 |       -0.2 |    453 | instr_addr_o[17]
     131* |       0 |      27 |        2 |      0 |     2 |    +0.1% |   -0.043 |     -578.1 |       -0.2 |    453 | instr_addr_o[17]
     132* |       0 |      27 |        2 |      0 |     2 |    +0.1% |   -0.043 |     -578.1 |       -0.2 |    453 | instr_addr_o[17]
     133* |       0 |      27 |        2 |      0 |     2 |    +0.1% |   -0.043 |     -578.1 |       -0.2 |    453 | instr_addr_o[17]
     134* |       0 |      27 |        2 |      0 |     2 |    +0.1% |   -0.043 |     -578.1 |       -0.2 |    453 | instr_addr_o[17]
     135* |       0 |      27 |        2 |      0 |     2 |    +0.1% |   -0.043 |     -578.1 |       -0.2 |    453 | instr_addr_o[17]
     136* |       0 |      27 |        2 |      0 |     2 |    +0.1% |   -0.043 |     -578.1 |       -0.2 |    453 | instr_addr_o[17]
     137* |       0 |      27 |        2 |      0 |     2 |    +0.1% |   -0.043 |     -578.1 |       -0.2 |    453 | instr_addr_o[17]
     138* |       0 |      27 |        2 |      0 |     2 |    +0.1% |   -0.043 |     -578.1 |       -0.2 |    453 | instr_addr_o[17]
     139* |       0 |      27 |        2 |      0 |     2 |    +0.1% |   -0.043 |     -578.1 |       -0.2 |    453 | instr_addr_o[17]
     140* |       0 |      27 |        2 |      0 |     2 |    +0.1% |   -0.043 |     -578.1 |       -0.2 |    453 | instr_addr_o[17]
     140* |       0 |      27 |        2 |      0 |     2 |    +0.1% |   -0.043 |     -578.1 |       -0.2 |    453 | instr_addr_o[17]
     141* |       0 |      27 |        2 |      0 |     2 |    +0.1% |   -0.043 |     -578.1 |       -0.2 |    453 | instr_addr_o[17]
     142* |       0 |      27 |        2 |      0 |     2 |    +0.1% |   -0.043 |     -578.1 |       -0.2 |    453 | instr_addr_o[17]
     143* |       0 |      27 |        2 |      0 |     2 |    +0.1% |   -0.043 |     -578.1 |       -0.2 |    453 | instr_addr_o[17]
     144* |       0 |      27 |        2 |      0 |     2 |    +0.1% |   -0.043 |     -578.1 |       -0.2 |    453 | instr_addr_o[17]
     145* |       0 |      27 |        2 |      0 |     2 |    +0.1% |   -0.043 |     -578.1 |       -0.2 |    453 | instr_addr_o[17]
     146* |       0 |      27 |        2 |      0 |     2 |    +0.1% |   -0.043 |     -578.1 |       -0.2 |    453 | instr_addr_o[17]
     147* |       0 |      27 |        2 |      0 |     2 |    +0.1% |   -0.043 |     -578.1 |       -0.2 |    453 | instr_addr_o[17]
     148* |       0 |      27 |        2 |      0 |     2 |    +0.1% |   -0.043 |     -578.1 |       -0.2 |    453 | instr_addr_o[17]
     149* |       0 |      27 |        2 |      0 |     2 |    +0.1% |   -0.043 |     -578.1 |       -0.2 |    453 | instr_addr_o[17]
     150* |       0 |      27 |        2 |      0 |     2 |    +0.1% |   -0.043 |     -578.1 |       -0.2 |    453 | instr_addr_o[17]
     150* |       0 |      27 |        2 |      0 |     2 |    +0.1% |   -0.043 |     -578.1 |       -0.2 |    453 | instr_addr_o[17]
     151* |       0 |      27 |        2 |      0 |     2 |    +0.1% |   -0.043 |     -578.1 |       -0.2 |    453 | instr_addr_o[17]
     152* |       0 |      27 |        2 |      0 |     2 |    +0.1% |   -0.043 |     -578.1 |       -0.2 |    453 | instr_addr_o[17]
     153* |       0 |      27 |        2 |      0 |     2 |    +0.1% |   -0.043 |     -578.1 |       -0.2 |    453 | instr_addr_o[17]
     154* |       0 |      27 |        2 |      0 |     2 |    +0.1% |   -0.043 |     -578.1 |       -0.2 |    453 | instr_addr_o[17]
     155* |       0 |      27 |        2 |      0 |     2 |    +0.1% |   -0.043 |     -578.1 |       -0.2 |    453 | instr_addr_o[17]
     156* |       0 |      27 |        2 |      0 |     2 |    +0.1% |   -0.043 |     -578.1 |       -0.2 |    453 | instr_addr_o[17]
     157* |       0 |      27 |        2 |      0 |     2 |    +0.1% |   -0.043 |     -578.1 |       -0.2 |    453 | instr_addr_o[17]
     158* |       0 |      27 |        2 |      0 |     2 |    +0.1% |   -0.043 |     -578.1 |       -0.2 |    453 | instr_addr_o[17]
     159* |       0 |      27 |        2 |      0 |     2 |    +0.1% |   -0.043 |     -578.1 |       -0.2 |    453 | instr_addr_o[17]
     160* |       0 |      27 |        2 |      0 |     2 |    +0.1% |   -0.043 |     -578.1 |       -0.2 |    453 | instr_addr_o[17]
     160* |       0 |      27 |        2 |      0 |     2 |    +0.1% |   -0.043 |     -578.1 |       -0.2 |    453 | instr_addr_o[17]
     161* |       0 |      27 |        2 |      0 |     2 |    +0.1% |   -0.043 |     -578.1 |       -0.2 |    453 | instr_addr_o[17]
     162* |       0 |      27 |        2 |      0 |     2 |    +0.1% |   -0.043 |     -578.1 |       -0.2 |    453 | instr_addr_o[17]
     163* |       0 |      27 |        2 |      0 |     2 |    +0.1% |   -0.043 |     -578.1 |       -0.2 |    453 | instr_addr_o[17]
     164* |       0 |      27 |        2 |      0 |     2 |    +0.1% |   -0.043 |     -578.1 |       -0.2 |    453 | instr_addr_o[17]
     165* |       0 |      27 |        2 |      0 |     2 |    +0.1% |   -0.043 |     -578.1 |       -0.2 |    453 | instr_addr_o[17]
     166* |       0 |      27 |        2 |      0 |     2 |    +0.1% |   -0.043 |     -578.1 |       -0.2 |    453 | instr_addr_o[17]
     167* |       0 |      27 |        2 |      0 |     2 |    +0.1% |   -0.043 |     -578.1 |       -0.2 |    453 | instr_addr_o[17]
     168* |       0 |      27 |        2 |      0 |     2 |    +0.1% |   -0.043 |     -578.1 |       -0.2 |    453 | instr_addr_o[17]
     169* |       0 |      27 |        2 |      0 |     2 |    +0.1% |   -0.043 |     -578.1 |       -0.2 |    453 | instr_addr_o[17]
     170* |       0 |      27 |        2 |      0 |     2 |    +0.1% |   -0.043 |     -578.1 |       -0.2 |    453 | instr_addr_o[17]
     170* |       0 |      27 |        2 |      0 |     2 |    +0.1% |   -0.043 |     -578.1 |       -0.2 |    453 | instr_addr_o[17]
     171* |       0 |      27 |        2 |      0 |     2 |    +0.1% |   -0.043 |     -578.1 |       -0.2 |    453 | instr_addr_o[17]
     172* |       0 |      27 |        2 |      0 |     2 |    +0.1% |   -0.043 |     -578.1 |       -0.2 |    453 | instr_addr_o[17]
     173* |       0 |      27 |        2 |      0 |     2 |    +0.1% |   -0.043 |     -578.1 |       -0.2 |    453 | instr_addr_o[17]
     174* |       0 |      27 |        2 |      0 |     2 |    +0.1% |   -0.043 |     -578.1 |       -0.2 |    453 | instr_addr_o[17]
     175* |       0 |      27 |        2 |      0 |     2 |    +0.1% |   -0.043 |     -578.1 |       -0.2 |    453 | instr_addr_o[17]
     176* |       0 |      27 |        2 |      0 |     2 |    +0.1% |   -0.043 |     -578.1 |       -0.2 |    453 | instr_addr_o[17]
     177* |       0 |      27 |        2 |      0 |     2 |    +0.1% |   -0.043 |     -578.1 |       -0.2 |    453 | instr_addr_o[17]
     178* |       0 |      27 |        2 |      0 |     2 |    +0.1% |   -0.043 |     -578.1 |       -0.2 |    453 | instr_addr_o[17]
     179* |       0 |      27 |        2 |      0 |     2 |    +0.1% |   -0.043 |     -578.1 |       -0.2 |    453 | instr_addr_o[17]
     180* |       0 |      27 |        2 |      0 |     2 |    +0.1% |   -0.043 |     -578.1 |       -0.2 |    453 | instr_addr_o[17]
     180* |       0 |      27 |        2 |      0 |     2 |    +0.1% |   -0.043 |     -578.1 |       -0.2 |    453 | instr_addr_o[17]
     181* |       0 |      27 |        2 |      0 |     2 |    +0.1% |   -0.043 |     -578.1 |       -0.2 |    453 | instr_addr_o[17]
     182* |       0 |      27 |        2 |      0 |     2 |    +0.1% |   -0.043 |     -578.1 |       -0.2 |    453 | instr_addr_o[17]
     183* |       0 |      27 |        2 |      0 |     2 |    +0.1% |   -0.043 |     -578.1 |       -0.2 |    453 | instr_addr_o[17]
     184* |       0 |      27 |        2 |      0 |     2 |    +0.1% |   -0.043 |     -578.1 |       -0.2 |    453 | instr_addr_o[17]
     185* |       0 |      27 |        2 |      0 |     2 |    +0.1% |   -0.043 |     -578.1 |       -0.2 |    453 | instr_addr_o[17]
     186* |       0 |      27 |        2 |      0 |     2 |    +0.1% |   -0.043 |     -578.1 |       -0.2 |    453 | instr_addr_o[17]
     187* |       0 |      27 |        2 |      0 |     2 |    +0.1% |   -0.043 |     -578.1 |       -0.2 |    453 | instr_addr_o[17]
     188* |       0 |      27 |        2 |      0 |     2 |    +0.1% |   -0.043 |     -578.1 |       -0.2 |    453 | instr_addr_o[17]
     189* |       0 |      27 |        2 |      0 |     2 |    +0.1% |   -0.043 |     -578.1 |       -0.2 |    453 | instr_addr_o[17]
     190* |       0 |      27 |        2 |      0 |     2 |    +0.1% |   -0.043 |     -578.1 |       -0.2 |    453 | instr_addr_o[17]
     190* |       0 |      27 |        2 |      0 |     2 |    +0.1% |   -0.043 |     -578.1 |       -0.2 |    453 | instr_addr_o[17]
     191* |       0 |      27 |        2 |      0 |     2 |    +0.1% |   -0.043 |     -578.1 |       -0.2 |    453 | instr_addr_o[17]
     192* |       0 |      27 |        2 |      0 |     2 |    +0.1% |   -0.043 |     -578.1 |       -0.2 |    453 | instr_addr_o[17]
     193* |       0 |      27 |        2 |      0 |     2 |    +0.1% |   -0.043 |     -578.1 |       -0.2 |    453 | instr_addr_o[17]
     194* |       0 |      27 |        2 |      0 |     2 |    +0.1% |   -0.043 |     -578.1 |       -0.2 |    453 | instr_addr_o[17]
     195* |       0 |      27 |        2 |      0 |     2 |    +0.1% |   -0.043 |     -578.1 |       -0.2 |    453 | instr_addr_o[17]
     196* |       0 |      27 |        2 |      0 |     2 |    +0.1% |   -0.043 |     -578.1 |       -0.2 |    453 | instr_addr_o[17]
     197* |       0 |      27 |        2 |      0 |     2 |    +0.1% |   -0.043 |     -578.1 |       -0.2 |    453 | instr_addr_o[17]
     198* |       0 |      27 |        2 |      0 |     2 |    +0.1% |   -0.043 |     -578.1 |       -0.2 |    453 | instr_addr_o[17]
     199* |       0 |      27 |        2 |      0 |     2 |    +0.1% |   -0.043 |     -578.1 |       -0.2 |    453 | instr_addr_o[17]
     200* |       0 |      27 |        2 |      0 |     2 |    +0.1% |   -0.043 |     -578.1 |       -0.2 |    453 | instr_addr_o[17]
     200* |       0 |      27 |        2 |      0 |     2 |    +0.1% |   -0.043 |     -578.1 |       -0.2 |    453 | instr_addr_o[17]
     201* |       0 |      27 |        2 |      0 |     2 |    +0.1% |   -0.043 |     -578.1 |       -0.2 |    453 | instr_addr_o[17]
     202* |       0 |      27 |        2 |      0 |     2 |    +0.1% |   -0.043 |     -578.1 |       -0.2 |    453 | instr_addr_o[17]
     203* |       0 |      27 |        2 |      0 |     2 |    +0.1% |   -0.043 |     -578.1 |       -0.2 |    453 | instr_addr_o[17]
     204* |       0 |      27 |        2 |      0 |     2 |    +0.1% |   -0.043 |     -578.1 |       -0.2 |    453 | instr_addr_o[17]
     205* |       0 |      27 |        2 |      0 |     2 |    +0.1% |   -0.043 |     -578.1 |       -0.2 |    453 | instr_addr_o[17]
     206* |       0 |      27 |        2 |      0 |     2 |    +0.1% |   -0.043 |     -578.1 |       -0.2 |    453 | instr_addr_o[17]
     207* |       0 |      27 |        2 |      0 |     2 |    +0.1% |   -0.043 |     -578.1 |       -0.2 |    453 | instr_addr_o[17]
     208* |       0 |      27 |        2 |      0 |     2 |    +0.1% |   -0.043 |     -578.1 |       -0.2 |    453 | instr_addr_o[17]
     209* |       0 |      27 |        2 |      0 |     2 |    +0.1% |   -0.043 |     -578.1 |       -0.2 |    453 | instr_addr_o[17]
     210* |       0 |      27 |        2 |      0 |     2 |    +0.1% |   -0.043 |     -578.1 |       -0.2 |    453 | instr_addr_o[17]
     210* |       0 |      27 |        2 |      0 |     2 |    +0.1% |   -0.043 |     -578.1 |       -0.2 |    453 | instr_addr_o[17]
     211* |       0 |      27 |        2 |      0 |     2 |    +0.1% |   -0.043 |     -578.1 |       -0.2 |    453 | instr_addr_o[17]
     212* |       0 |      27 |        2 |      0 |     2 |    +0.1% |   -0.043 |     -578.1 |       -0.2 |    453 | instr_addr_o[17]
     213* |       0 |      27 |        2 |      0 |     2 |    +0.1% |   -0.043 |     -578.1 |       -0.2 |    453 | instr_addr_o[17]
     214* |       0 |      27 |        2 |      0 |     2 |    +0.1% |   -0.043 |     -578.1 |       -0.2 |    453 | instr_addr_o[17]
     215* |       0 |      27 |        2 |      0 |     2 |    +0.1% |   -0.043 |     -578.1 |       -0.2 |    453 | instr_addr_o[17]
     216* |       0 |      27 |        2 |      0 |     2 |    +0.1% |   -0.043 |     -578.1 |       -0.2 |    453 | instr_addr_o[17]
     217* |       0 |      27 |        2 |      0 |     2 |    +0.1% |   -0.043 |     -578.1 |       -0.2 |    453 | instr_addr_o[17]
     218* |       0 |      27 |        2 |      0 |     2 |    +0.1% |   -0.043 |     -578.1 |       -0.2 |    453 | instr_addr_o[17]
     219* |       0 |      27 |        2 |      0 |     2 |    +0.1% |   -0.043 |     -578.1 |       -0.2 |    453 | instr_addr_o[17]
     220* |       0 |      27 |        2 |      0 |     2 |    +0.1% |   -0.043 |     -578.1 |       -0.2 |    453 | instr_addr_o[17]
     220* |       0 |      27 |        2 |      0 |     2 |    +0.1% |   -0.043 |     -578.1 |       -0.2 |    453 | instr_addr_o[17]
     221* |       0 |      27 |        2 |      0 |     2 |    +0.1% |   -0.043 |     -578.1 |       -0.2 |    453 | instr_addr_o[17]
     222* |       0 |      27 |        2 |      0 |     2 |    +0.1% |   -0.043 |     -578.1 |       -0.2 |    453 | instr_addr_o[17]
     223* |       0 |      27 |        2 |      0 |     2 |    +0.1% |   -0.043 |     -578.1 |       -0.2 |    453 | instr_addr_o[17]
     224* |       0 |      27 |        2 |      0 |     2 |    +0.1% |   -0.043 |     -578.1 |       -0.2 |    453 | instr_addr_o[17]
     225* |       0 |      27 |        2 |      0 |     2 |    +0.1% |   -0.043 |     -578.1 |       -0.2 |    453 | instr_addr_o[17]
     226* |       0 |      27 |        2 |      0 |     2 |    +0.1% |   -0.043 |     -578.1 |       -0.2 |    453 | instr_addr_o[17]
     227* |       0 |      27 |        2 |      0 |     2 |    +0.1% |   -0.043 |     -578.1 |       -0.2 |    453 | instr_addr_o[17]
     228* |       0 |      27 |        2 |      0 |     2 |    +0.1% |   -0.043 |     -578.1 |       -0.2 |    453 | instr_addr_o[17]
     229* |       0 |      27 |        2 |      0 |     2 |    +0.1% |   -0.043 |     -578.1 |       -0.2 |    453 | instr_addr_o[17]
     230* |       0 |      27 |        2 |      0 |     2 |    +0.1% |   -0.043 |     -578.1 |       -0.2 |    453 | instr_addr_o[17]
     230* |       0 |      27 |        2 |      0 |     2 |    +0.1% |   -0.043 |     -578.1 |       -0.2 |    453 | instr_addr_o[17]
     231* |       0 |      27 |        2 |      0 |     2 |    +0.1% |   -0.043 |     -578.1 |       -0.2 |    453 | instr_addr_o[17]
     232* |       0 |      27 |        2 |      0 |     2 |    +0.1% |   -0.043 |     -578.1 |       -0.2 |    453 | instr_addr_o[17]
     233* |       0 |      27 |        2 |      0 |     2 |    +0.1% |   -0.043 |     -578.1 |       -0.2 |    453 | instr_addr_o[17]
     234* |       0 |      27 |        2 |      0 |     2 |    +0.1% |   -0.043 |     -578.1 |       -0.2 |    453 | instr_addr_o[17]
     235* |       0 |      27 |        2 |      0 |     2 |    +0.1% |   -0.043 |     -578.1 |       -0.2 |    453 | instr_addr_o[17]
     236* |       0 |      27 |        2 |      0 |     2 |    +0.1% |   -0.043 |     -578.1 |       -0.2 |    453 | instr_addr_o[17]
     237* |       0 |      27 |        2 |      0 |     2 |    +0.1% |   -0.043 |     -578.1 |       -0.2 |    453 | instr_addr_o[17]
     238* |       0 |      27 |        2 |      0 |     2 |    +0.1% |   -0.043 |     -578.1 |       -0.2 |    453 | instr_addr_o[17]
     239* |       0 |      27 |        2 |      0 |     2 |    +0.1% |   -0.043 |     -578.1 |       -0.2 |    453 | instr_addr_o[17]
     240* |       0 |      27 |        2 |      0 |     2 |    +0.1% |   -0.043 |     -578.1 |       -0.2 |    453 | instr_addr_o[17]
     240* |       0 |      27 |        2 |      0 |     2 |    +0.1% |   -0.043 |     -578.1 |       -0.2 |    453 | instr_addr_o[17]
     241* |       0 |      27 |        2 |      0 |     2 |    +0.1% |   -0.043 |     -578.1 |       -0.2 |    453 | instr_addr_o[17]
     242* |       0 |      27 |        2 |      0 |     2 |    +0.1% |   -0.043 |     -578.1 |       -0.2 |    453 | instr_addr_o[17]
     243* |       0 |      27 |        2 |      0 |     2 |    +0.1% |   -0.043 |     -578.1 |       -0.2 |    453 | instr_addr_o[17]
     244* |       0 |      27 |        2 |      0 |     2 |    +0.1% |   -0.043 |     -578.1 |       -0.2 |    453 | instr_addr_o[17]
     245* |       0 |      27 |        2 |      0 |     2 |    +0.1% |   -0.043 |     -578.1 |       -0.2 |    453 | instr_addr_o[17]
     246* |       0 |      27 |        2 |      0 |     2 |    +0.1% |   -0.043 |     -578.1 |       -0.2 |    453 | instr_addr_o[17]
     247* |       0 |      27 |        2 |      0 |     2 |    +0.1% |   -0.043 |     -578.1 |       -0.2 |    453 | instr_addr_o[17]
     248* |       0 |      27 |        2 |      0 |     2 |    +0.1% |   -0.043 |     -578.1 |       -0.2 |    453 | instr_addr_o[17]
     249* |       0 |      27 |        2 |      0 |     2 |    +0.1% |   -0.043 |     -578.1 |       -0.2 |    453 | instr_addr_o[17]
     250* |       0 |      27 |        2 |      0 |     2 |    +0.1% |   -0.043 |     -578.1 |       -0.2 |    453 | instr_addr_o[17]
     250* |       0 |      27 |        2 |      0 |     2 |    +0.1% |   -0.043 |     -578.1 |       -0.2 |    453 | instr_addr_o[17]
     251* |       0 |      27 |        2 |      0 |     2 |    +0.1% |   -0.043 |     -578.1 |       -0.2 |    453 | instr_addr_o[17]
     252* |       0 |      27 |        2 |      0 |     2 |    +0.1% |   -0.043 |     -578.1 |       -0.2 |    453 | instr_addr_o[17]
     253* |       0 |      27 |        2 |      0 |     2 |    +0.1% |   -0.043 |     -578.1 |       -0.2 |    453 | instr_addr_o[17]
     254* |       0 |      27 |        2 |      0 |     2 |    +0.1% |   -0.043 |     -578.1 |       -0.2 |    453 | instr_addr_o[17]
     255* |       0 |      27 |        2 |      0 |     2 |    +0.1% |   -0.043 |     -578.1 |       -0.2 |    453 | instr_addr_o[17]
     256* |       0 |      27 |        2 |      0 |     2 |    +0.1% |   -0.043 |     -578.1 |       -0.2 |    453 | instr_addr_o[17]
     257* |       0 |      27 |        2 |      0 |     2 |    +0.1% |   -0.043 |     -578.1 |       -0.2 |    453 | instr_addr_o[17]
     258* |       0 |      27 |        2 |      0 |     2 |    +0.1% |   -0.043 |     -578.1 |       -0.2 |    453 | instr_addr_o[17]
     259* |       0 |      27 |        2 |      0 |     2 |    +0.1% |   -0.043 |     -578.1 |       -0.2 |    453 | instr_addr_o[17]
     260* |       0 |      27 |        2 |      0 |     2 |    +0.1% |   -0.043 |     -578.1 |       -0.2 |    453 | instr_addr_o[17]
     260* |       0 |      27 |        2 |      0 |     2 |    +0.1% |   -0.043 |     -578.1 |       -0.2 |    453 | instr_addr_o[17]
     261* |       0 |      27 |        2 |      0 |     2 |    +0.1% |   -0.043 |     -578.1 |       -0.2 |    453 | instr_addr_o[17]
     262* |       0 |      27 |        2 |      0 |     2 |    +0.1% |   -0.043 |     -578.1 |       -0.2 |    453 | instr_addr_o[17]
     263* |       0 |      27 |        2 |      0 |     2 |    +0.1% |   -0.043 |     -578.1 |       -0.2 |    453 | instr_addr_o[17]
     264* |       0 |      27 |        2 |      0 |     2 |    +0.1% |   -0.043 |     -578.1 |       -0.2 |    453 | instr_addr_o[17]
     265* |       0 |      27 |        2 |      0 |     2 |    +0.1% |   -0.043 |     -578.1 |       -0.2 |    453 | instr_addr_o[17]
     266* |       0 |      27 |        2 |      0 |     2 |    +0.1% |   -0.043 |     -578.1 |       -0.2 |    453 | instr_addr_o[17]
     267* |       0 |      27 |        2 |      0 |     2 |    +0.1% |   -0.043 |     -578.1 |       -0.2 |    453 | instr_addr_o[17]
     268* |       0 |      27 |        2 |      0 |     2 |    +0.1% |   -0.043 |     -578.1 |       -0.2 |    453 | instr_addr_o[17]
     269* |       0 |      27 |        2 |      0 |     2 |    +0.1% |   -0.043 |     -578.1 |       -0.2 |    453 | instr_addr_o[17]
     270* |       0 |      27 |        2 |      0 |     2 |    +0.1% |   -0.043 |     -578.1 |       -0.2 |    453 | instr_addr_o[17]
     270* |       0 |      27 |        2 |      0 |     2 |    +0.1% |   -0.043 |     -578.1 |       -0.2 |    453 | instr_addr_o[17]
     271* |       0 |      27 |        2 |      0 |     2 |    +0.1% |   -0.043 |     -578.1 |       -0.2 |    453 | instr_addr_o[17]
     272* |       0 |      27 |        2 |      0 |     2 |    +0.1% |   -0.043 |     -578.1 |       -0.2 |    453 | instr_addr_o[17]
     273* |       0 |      27 |        2 |      0 |     2 |    +0.1% |   -0.043 |     -578.1 |       -0.2 |    453 | instr_addr_o[17]
     274* |       0 |      27 |        2 |      0 |     2 |    +0.1% |   -0.043 |     -578.1 |       -0.2 |    453 | instr_addr_o[17]
     275* |       0 |      27 |        2 |      0 |     2 |    +0.1% |   -0.043 |     -578.1 |       -0.2 |    453 | instr_addr_o[17]
     276* |       0 |      27 |        2 |      0 |     2 |    +0.1% |   -0.043 |     -578.1 |       -0.2 |    453 | instr_addr_o[17]
     277* |       0 |      27 |        2 |      0 |     2 |    +0.1% |   -0.043 |     -578.1 |       -0.2 |    453 | instr_addr_o[17]
     278* |       0 |      27 |        2 |      0 |     2 |    +0.1% |   -0.043 |     -578.1 |       -0.2 |    453 | instr_addr_o[17]
     279* |       0 |      27 |        2 |      0 |     2 |    +0.1% |   -0.043 |     -578.1 |       -0.2 |    453 | instr_addr_o[17]
     280* |       0 |      27 |        2 |      0 |     2 |    +0.1% |   -0.043 |     -578.1 |       -0.2 |    453 | instr_addr_o[17]
     280* |       0 |      27 |        2 |      0 |     2 |    +0.1% |   -0.043 |     -578.1 |       -0.2 |    453 | instr_addr_o[17]
     281* |       0 |      27 |        2 |      0 |     2 |    +0.1% |   -0.043 |     -578.1 |       -0.2 |    453 | instr_addr_o[17]
     283* |       0 |      28 |        2 |      0 |     2 |    +0.1% |   -0.043 |     -578.1 |       -0.0 |    453 | instr_addr_o[17]
     284* |       0 |      28 |        2 |      0 |     2 |    +0.1% |   -0.043 |     -578.1 |       -0.0 |    453 | instr_addr_o[17]
     285* |       0 |      28 |        2 |      0 |     2 |    +0.1% |   -0.043 |     -578.1 |       -0.0 |    453 | instr_addr_o[17]
     286* |       0 |      28 |        2 |      0 |     2 |    +0.1% |   -0.043 |     -578.1 |       -0.0 |    453 | instr_addr_o[17]
     287* |       0 |      28 |        2 |      0 |     2 |    +0.1% |   -0.043 |     -578.1 |       -0.0 |    453 | instr_addr_o[17]
     288* |       0 |      28 |        2 |      0 |     2 |    +0.1% |   -0.043 |     -578.1 |       -0.0 |    453 | instr_addr_o[17]
     289* |       0 |      28 |        2 |      0 |     2 |    +0.1% |   -0.043 |     -578.1 |       -0.0 |    453 | instr_addr_o[17]
     290* |       0 |      28 |        2 |      0 |     2 |    +0.1% |   -0.043 |     -578.1 |       -0.0 |    453 | instr_addr_o[17]
     290* |       0 |      28 |        2 |      0 |     2 |    +0.1% |   -0.043 |     -578.1 |       -0.0 |    453 | instr_addr_o[17]
     291* |       0 |      28 |        2 |      0 |     2 |    +0.1% |   -0.043 |     -578.1 |       -0.0 |    453 | instr_addr_o[17]
     292* |       0 |      28 |        2 |      0 |     2 |    +0.1% |   -0.043 |     -578.1 |       -0.0 |    453 | instr_addr_o[17]
     293* |       0 |      28 |        2 |      0 |     2 |    +0.1% |   -0.043 |     -578.1 |       -0.0 |    453 | instr_addr_o[17]
     294* |       0 |      28 |        2 |      0 |     2 |    +0.1% |   -0.043 |     -578.1 |       -0.0 |    453 | instr_addr_o[17]
     295* |       0 |      28 |        2 |      0 |     2 |    +0.1% |   -0.043 |     -578.1 |       -0.0 |    453 | instr_addr_o[17]
     296* |       0 |      28 |        2 |      0 |     2 |    +0.1% |   -0.043 |     -578.1 |       -0.0 |    453 | instr_addr_o[17]
     297* |       0 |      28 |        2 |      0 |     2 |    +0.1% |   -0.043 |     -578.1 |       -0.0 |    453 | instr_addr_o[17]
     298* |       0 |      28 |        2 |      0 |     2 |    +0.1% |   -0.043 |     -578.1 |       -0.0 |    453 | instr_addr_o[17]
     299* |       0 |      28 |        2 |      0 |     2 |    +0.1% |   -0.043 |     -578.1 |       -0.0 |    453 | instr_addr_o[17]
     300* |       0 |      28 |        2 |      0 |     2 |    +0.1% |   -0.043 |     -578.1 |       -0.0 |    453 | instr_addr_o[17]
     300* |       0 |      28 |        2 |      0 |     2 |    +0.1% |   -0.043 |     -578.1 |       -0.0 |    453 | instr_addr_o[17]
     301* |       0 |      28 |        2 |      0 |     2 |    +0.1% |   -0.043 |     -578.1 |       -0.0 |    453 | instr_addr_o[17]
     302* |       0 |      28 |        2 |      0 |     2 |    +0.1% |   -0.043 |     -578.1 |       -0.0 |    453 | instr_addr_o[17]
     303* |       0 |      28 |        2 |      0 |     2 |    +0.1% |   -0.043 |     -578.1 |       -0.0 |    453 | instr_addr_o[17]
     304* |       0 |      28 |        2 |      0 |     2 |    +0.1% |   -0.043 |     -578.1 |       -0.0 |    453 | instr_addr_o[17]
     305* |       0 |      28 |        2 |      0 |     2 |    +0.1% |   -0.043 |     -578.1 |       -0.0 |    453 | instr_addr_o[17]
     306* |       0 |      28 |        2 |      0 |     2 |    +0.1% |   -0.043 |     -578.1 |       -0.0 |    453 | instr_addr_o[17]
     307* |       0 |      28 |        2 |      0 |     2 |    +0.1% |   -0.043 |     -578.1 |       -0.0 |    453 | instr_addr_o[17]
     308* |       0 |      28 |        2 |      0 |     2 |    +0.1% |   -0.043 |     -578.1 |       -0.0 |    453 | instr_addr_o[17]
     309* |       0 |      28 |        2 |      0 |     2 |    +0.1% |   -0.043 |     -578.1 |       -0.0 |    453 | instr_addr_o[17]
     310* |       0 |      28 |        2 |      0 |     2 |    +0.1% |   -0.043 |     -578.1 |       -0.0 |    453 | instr_addr_o[17]
     310* |       0 |      28 |        2 |      0 |     2 |    +0.1% |   -0.043 |     -578.1 |       -0.0 |    453 | instr_addr_o[17]
     311* |       0 |      28 |        2 |      0 |     2 |    +0.1% |   -0.043 |     -578.1 |       -0.0 |    453 | instr_addr_o[17]
     312* |       0 |      28 |        2 |      0 |     2 |    +0.1% |   -0.043 |     -578.1 |       -0.0 |    453 | instr_addr_o[17]
     313* |       0 |      28 |        2 |      0 |     2 |    +0.1% |   -0.043 |     -578.1 |       -0.0 |    453 | instr_addr_o[17]
     314* |       0 |      28 |        2 |      0 |     2 |    +0.1% |   -0.043 |     -578.1 |       -0.0 |    453 | instr_addr_o[17]
     315* |       0 |      28 |        2 |      0 |     2 |    +0.1% |   -0.043 |     -578.1 |       -0.0 |    453 | instr_addr_o[17]
     316* |       0 |      28 |        2 |      0 |     2 |    +0.1% |   -0.043 |     -578.1 |       -0.0 |    453 | instr_addr_o[17]
     317* |       0 |      28 |        2 |      0 |     2 |    +0.1% |   -0.043 |     -578.1 |       -0.0 |    453 | instr_addr_o[17]
     318* |       0 |      28 |        2 |      0 |     2 |    +0.1% |   -0.043 |     -578.1 |       -0.0 |    453 | instr_addr_o[17]
     319* |       0 |      28 |        2 |      0 |     2 |    +0.1% |   -0.043 |     -578.1 |       -0.0 |    453 | instr_addr_o[17]
     320* |       0 |      28 |        2 |      0 |     2 |    +0.1% |   -0.043 |     -578.1 |       -0.0 |    453 | instr_addr_o[17]
     320* |       0 |      28 |        2 |      0 |     2 |    +0.1% |   -0.043 |     -578.1 |       -0.0 |    453 | instr_addr_o[17]
     321* |       0 |      28 |        2 |      0 |     2 |    +0.1% |   -0.043 |     -578.1 |       -0.0 |    453 | instr_addr_o[17]
     322* |       0 |      28 |        2 |      0 |     2 |    +0.1% |   -0.043 |     -578.1 |       -0.0 |    453 | instr_addr_o[17]
     323* |       0 |      28 |        2 |      0 |     2 |    +0.1% |   -0.043 |     -578.1 |       -0.0 |    453 | instr_addr_o[17]
     324* |       0 |      28 |        2 |      0 |     2 |    +0.1% |   -0.043 |     -578.1 |       -0.0 |    453 | instr_addr_o[17]
     325* |       0 |      28 |        2 |      0 |     2 |    +0.1% |   -0.043 |     -578.1 |       -0.0 |    453 | instr_addr_o[17]
     326* |       0 |      28 |        2 |      0 |     2 |    +0.1% |   -0.043 |     -578.1 |       -0.0 |    453 | instr_addr_o[17]
     327* |       0 |      28 |        2 |      0 |     2 |    +0.1% |   -0.043 |     -578.1 |       -0.0 |    453 | instr_addr_o[17]
     328* |       0 |      28 |        2 |      0 |     2 |    +0.1% |   -0.043 |     -578.1 |       -0.0 |    453 | instr_addr_o[17]
     329* |       0 |      28 |        2 |      0 |     2 |    +0.1% |   -0.043 |     -578.1 |       -0.0 |    453 | instr_addr_o[17]
     330* |       0 |      28 |        2 |      0 |     2 |    +0.1% |   -0.043 |     -578.1 |       -0.0 |    453 | instr_addr_o[17]
     330* |       0 |      28 |        2 |      0 |     2 |    +0.1% |   -0.043 |     -578.1 |       -0.0 |    453 | instr_addr_o[17]
     331* |       0 |      28 |        2 |      0 |     2 |    +0.1% |   -0.043 |     -578.1 |       -0.0 |    453 | instr_addr_o[17]
     332* |       0 |      28 |        2 |      0 |     2 |    +0.1% |   -0.043 |     -578.1 |       -0.0 |    453 | instr_addr_o[17]
     333* |       0 |      28 |        2 |      0 |     2 |    +0.1% |   -0.043 |     -578.1 |       -0.0 |    453 | instr_addr_o[17]
     334* |       0 |      28 |        2 |      0 |     2 |    +0.1% |   -0.043 |     -578.1 |       -0.0 |    453 | instr_addr_o[17]
     335* |       0 |      28 |        2 |      0 |     2 |    +0.1% |   -0.043 |     -578.1 |       -0.0 |    453 | instr_addr_o[17]
     336* |       0 |      28 |        2 |      0 |     2 |    +0.1% |   -0.043 |     -578.1 |       -0.0 |    453 | instr_addr_o[17]
     337* |       0 |      28 |        2 |      0 |     2 |    +0.1% |   -0.043 |     -578.1 |       -0.0 |    453 | instr_addr_o[17]
     338* |       0 |      28 |        2 |      0 |     2 |    +0.1% |   -0.043 |     -578.1 |       -0.0 |    453 | instr_addr_o[17]
     339* |       0 |      28 |        2 |      0 |     2 |    +0.1% |   -0.043 |     -578.1 |       -0.0 |    453 | instr_addr_o[17]
     340* |       0 |      28 |        2 |      0 |     2 |    +0.1% |   -0.043 |     -578.1 |       -0.0 |    453 | instr_addr_o[17]
     340* |       0 |      28 |        2 |      0 |     2 |    +0.1% |   -0.043 |     -578.1 |       -0.0 |    453 | instr_addr_o[17]
     341* |       0 |      28 |        2 |      0 |     2 |    +0.1% |   -0.043 |     -578.1 |       -0.0 |    453 | instr_addr_o[17]
     342* |       0 |      28 |        2 |      0 |     2 |    +0.1% |   -0.043 |     -578.1 |       -0.0 |    453 | instr_addr_o[17]
     343* |       0 |      28 |        2 |      0 |     2 |    +0.1% |   -0.043 |     -578.1 |       -0.0 |    453 | instr_addr_o[17]
     344* |       0 |      28 |        2 |      0 |     2 |    +0.1% |   -0.043 |     -578.1 |       -0.0 |    453 | instr_addr_o[17]
     345* |       0 |      28 |        2 |      0 |     2 |    +0.1% |   -0.043 |     -578.1 |       -0.0 |    453 | instr_addr_o[17]
     346* |       0 |      28 |        2 |      0 |     2 |    +0.1% |   -0.043 |     -578.1 |       -0.0 |    453 | instr_addr_o[17]
     347* |       0 |      28 |        2 |      0 |     2 |    +0.1% |   -0.043 |     -578.1 |       -0.0 |    453 | instr_addr_o[17]
     348* |       0 |      28 |        2 |      0 |     2 |    +0.1% |   -0.043 |     -578.1 |       -0.0 |    453 | instr_addr_o[17]
     349* |       0 |      28 |        2 |      0 |     2 |    +0.1% |   -0.043 |     -578.1 |       -0.0 |    453 | instr_addr_o[17]
     350* |       0 |      28 |        2 |      0 |     2 |    +0.1% |   -0.043 |     -578.1 |       -0.0 |    453 | instr_addr_o[17]
     350* |       0 |      28 |        2 |      0 |     2 |    +0.1% |   -0.043 |     -578.1 |       -0.0 |    453 | instr_addr_o[17]
     351* |       0 |      28 |        2 |      0 |     2 |    +0.1% |   -0.043 |     -578.1 |       -0.0 |    453 | instr_addr_o[17]
     352* |       0 |      28 |        2 |      0 |     2 |    +0.1% |   -0.043 |     -578.1 |       -0.0 |    453 | instr_addr_o[17]
     353* |       0 |      28 |        2 |      0 |     2 |    +0.1% |   -0.043 |     -578.1 |       -0.0 |    453 | instr_addr_o[17]
     354* |       0 |      28 |        2 |      0 |     2 |    +0.1% |   -0.043 |     -578.1 |       -0.0 |    453 | instr_addr_o[17]
     355* |       0 |      28 |        2 |      0 |     2 |    +0.1% |   -0.043 |     -578.1 |       -0.0 |    453 | instr_addr_o[17]
     356* |       0 |      28 |        2 |      0 |     2 |    +0.1% |   -0.043 |     -578.1 |       -0.0 |    453 | instr_addr_o[17]
     357* |       0 |      28 |        2 |      0 |     2 |    +0.1% |   -0.043 |     -578.1 |       -0.0 |    453 | instr_addr_o[17]
     358* |       0 |      28 |        2 |      0 |     2 |    +0.1% |   -0.043 |     -578.1 |       -0.0 |    453 | instr_addr_o[17]
     359* |       0 |      28 |        2 |      0 |     2 |    +0.1% |   -0.043 |     -578.1 |       -0.0 |    453 | instr_addr_o[17]
     360* |       0 |      28 |        2 |      0 |     2 |    +0.1% |   -0.043 |     -578.1 |       -0.0 |    453 | instr_addr_o[17]
     360* |       0 |      28 |        2 |      0 |     2 |    +0.1% |   -0.043 |     -578.1 |       -0.0 |    453 | instr_addr_o[17]
     361* |       0 |      28 |        2 |      0 |     2 |    +0.1% |   -0.043 |     -578.1 |       -0.0 |    453 | instr_addr_o[17]
     362* |       0 |      28 |        2 |      0 |     2 |    +0.1% |   -0.043 |     -578.1 |       -0.0 |    453 | instr_addr_o[17]
     363* |       0 |      28 |        2 |      0 |     2 |    +0.1% |   -0.043 |     -578.1 |       -0.0 |    453 | instr_addr_o[17]
     364* |       0 |      28 |        2 |      0 |     2 |    +0.1% |   -0.043 |     -578.1 |       -0.0 |    453 | instr_addr_o[17]
     365* |       0 |      28 |        2 |      0 |     2 |    +0.1% |   -0.043 |     -578.1 |       -0.0 |    453 | instr_addr_o[17]
     366* |       0 |      28 |        2 |      0 |     2 |    +0.1% |   -0.043 |     -578.1 |       -0.0 |    453 | instr_addr_o[17]
     367* |       0 |      28 |        2 |      0 |     2 |    +0.1% |   -0.043 |     -578.1 |       -0.0 |    453 | instr_addr_o[17]
     368* |       0 |      28 |        2 |      0 |     2 |    +0.1% |   -0.043 |     -578.1 |       -0.0 |    453 | instr_addr_o[17]
     369* |       0 |      28 |        2 |      0 |     2 |    +0.1% |   -0.043 |     -578.1 |       -0.0 |    453 | instr_addr_o[17]
     370* |       0 |      28 |        2 |      0 |     2 |    +0.1% |   -0.043 |     -578.1 |       -0.0 |    453 | instr_addr_o[17]
     370* |       0 |      28 |        2 |      0 |     2 |    +0.1% |   -0.043 |     -578.1 |       -0.0 |    453 | instr_addr_o[17]
     371* |       0 |      28 |        2 |      0 |     2 |    +0.1% |   -0.043 |     -578.1 |       -0.0 |    453 | instr_addr_o[17]
     372* |       0 |      28 |        2 |      0 |     2 |    +0.1% |   -0.043 |     -578.1 |       -0.0 |    453 | instr_addr_o[17]
     373* |       0 |      28 |        2 |      0 |     2 |    +0.1% |   -0.043 |     -578.1 |       -0.0 |    453 | instr_addr_o[17]
     374* |       0 |      28 |        2 |      0 |     2 |    +0.1% |   -0.043 |     -578.1 |       -0.0 |    453 | instr_addr_o[17]
     375* |       0 |      28 |        2 |      0 |     2 |    +0.1% |   -0.043 |     -578.1 |       -0.0 |    453 | instr_addr_o[17]
     376* |       0 |      28 |        2 |      0 |     2 |    +0.1% |   -0.043 |     -578.1 |       -0.0 |    453 | instr_addr_o[17]
     377* |       0 |      28 |        2 |      0 |     2 |    +0.1% |   -0.043 |     -578.1 |       -0.0 |    453 | instr_addr_o[17]
     378* |       0 |      28 |        2 |      0 |     2 |    +0.1% |   -0.043 |     -578.1 |       -0.0 |    453 | instr_addr_o[17]
     379* |       0 |      28 |        2 |      0 |     2 |    +0.1% |   -0.043 |     -578.1 |       -0.0 |    453 | instr_addr_o[17]
     380* |       0 |      28 |        2 |      0 |     2 |    +0.1% |   -0.043 |     -578.1 |       -0.0 |    453 | instr_addr_o[17]
     380* |       0 |      28 |        2 |      0 |     2 |    +0.1% |   -0.043 |     -578.1 |       -0.0 |    453 | instr_addr_o[17]
     381* |       0 |      28 |        2 |      0 |     2 |    +0.1% |   -0.043 |     -578.1 |       -0.0 |    453 | instr_addr_o[17]
     382* |       0 |      28 |        2 |      0 |     2 |    +0.1% |   -0.043 |     -578.1 |       -0.0 |    453 | instr_addr_o[17]
     383* |       0 |      28 |        2 |      0 |     2 |    +0.1% |   -0.043 |     -578.1 |       -0.0 |    453 | instr_addr_o[17]
     384* |       0 |      28 |        2 |      0 |     2 |    +0.1% |   -0.043 |     -578.1 |       -0.0 |    453 | instr_addr_o[17]
     385* |       0 |      28 |        2 |      0 |     2 |    +0.1% |   -0.043 |     -578.1 |       -0.0 |    453 | instr_addr_o[17]
     386* |       0 |      28 |        2 |      0 |     2 |    +0.1% |   -0.043 |     -578.1 |       -0.0 |    453 | instr_addr_o[17]
     387* |       0 |      28 |        2 |      0 |     2 |    +0.1% |   -0.043 |     -578.1 |       -0.0 |    453 | instr_addr_o[17]
     388* |       0 |      28 |        2 |      0 |     2 |    +0.1% |   -0.043 |     -578.1 |       -0.0 |    453 | instr_addr_o[17]
     389* |       0 |      28 |        2 |      0 |     2 |    +0.1% |   -0.043 |     -578.1 |       -0.0 |    453 | instr_addr_o[17]
     390* |       0 |      28 |        2 |      0 |     2 |    +0.1% |   -0.043 |     -578.1 |       -0.0 |    453 | instr_addr_o[17]
     390* |       0 |      28 |        2 |      0 |     2 |    +0.1% |   -0.043 |     -578.1 |       -0.0 |    453 | instr_addr_o[17]
     391* |       0 |      28 |        2 |      0 |     2 |    +0.1% |   -0.043 |     -578.1 |       -0.0 |    453 | instr_addr_o[17]
     393* |       0 |      29 |        2 |      0 |     2 |    +0.1% |    0.006 |     -578.0 |        0.0 |    453 | u.u_ibex.gen_regfile_ff.register_file_i.g_rf_flops\[13\].rf_reg_q\[20\]$_DFFE_PN0P_/D
     394* |       0 |      29 |        2 |      0 |     2 |    +0.1% |    0.006 |     -578.0 |        0.0 |    453 | u.u_ibex.gen_regfile_ff.register_file_i.g_rf_flops\[13\].rf_reg_q\[20\]$_DFFE_PN0P_/D
     395* |       0 |      29 |        2 |      0 |     2 |    +0.1% |    0.006 |     -578.0 |        0.0 |    453 | u.u_ibex.gen_regfile_ff.register_file_i.g_rf_flops\[13\].rf_reg_q\[20\]$_DFFE_PN0P_/D
     396* |       0 |      29 |        2 |      0 |     2 |    +0.1% |    0.006 |     -578.0 |        0.0 |    453 | u.u_ibex.gen_regfile_ff.register_file_i.g_rf_flops\[13\].rf_reg_q\[20\]$_DFFE_PN0P_/D
     397* |       0 |      29 |        2 |      0 |     2 |    +0.1% |    0.006 |     -578.0 |        0.0 |    453 | u.u_ibex.gen_regfile_ff.register_file_i.g_rf_flops\[13\].rf_reg_q\[20\]$_DFFE_PN0P_/D
     398* |       0 |      29 |        2 |      0 |     2 |    +0.1% |    0.006 |     -578.0 |        0.0 |    453 | u.u_ibex.gen_regfile_ff.register_file_i.g_rf_flops\[13\].rf_reg_q\[20\]$_DFFE_PN0P_/D
     399* |       0 |      29 |        2 |      0 |     2 |    +0.1% |    0.006 |     -578.0 |        0.0 |    453 | u.u_ibex.gen_regfile_ff.register_file_i.g_rf_flops\[13\].rf_reg_q\[20\]$_DFFE_PN0P_/D
     400* |       0 |      29 |        2 |      0 |     2 |    +0.1% |    0.006 |     -578.0 |        0.0 |    453 | u.u_ibex.gen_regfile_ff.register_file_i.g_rf_flops\[13\].rf_reg_q\[20\]$_DFFE_PN0P_/D
     400* |       0 |      29 |        2 |      0 |     2 |    +0.1% |    0.006 |     -578.0 |        0.0 |    453 | u.u_ibex.gen_regfile_ff.register_file_i.g_rf_flops\[13\].rf_reg_q\[20\]$_DFFE_PN0P_/D
     401* |       0 |      29 |        2 |      0 |     2 |    +0.1% |    0.006 |     -578.0 |        0.0 |    453 | u.u_ibex.gen_regfile_ff.register_file_i.g_rf_flops\[13\].rf_reg_q\[20\]$_DFFE_PN0P_/D
     402* |       0 |      29 |        2 |      0 |     2 |    +0.1% |    0.006 |     -578.0 |        0.0 |    453 | u.u_ibex.gen_regfile_ff.register_file_i.g_rf_flops\[13\].rf_reg_q\[20\]$_DFFE_PN0P_/D
     403* |       0 |      29 |        2 |      0 |     2 |    +0.1% |    0.006 |     -578.0 |        0.0 |    453 | u.u_ibex.gen_regfile_ff.register_file_i.g_rf_flops\[13\].rf_reg_q\[20\]$_DFFE_PN0P_/D
     404* |       0 |      29 |        2 |      0 |     2 |    +0.1% |    0.006 |     -578.0 |        0.0 |    453 | u.u_ibex.gen_regfile_ff.register_file_i.g_rf_flops\[13\].rf_reg_q\[20\]$_DFFE_PN0P_/D
     405* |       0 |      29 |        2 |      0 |     2 |    +0.1% |    0.006 |     -578.0 |        0.0 |    453 | u.u_ibex.gen_regfile_ff.register_file_i.g_rf_flops\[13\].rf_reg_q\[20\]$_DFFE_PN0P_/D
     406* |       0 |      29 |        2 |      0 |     2 |    +0.1% |    0.006 |     -578.0 |        0.0 |    453 | u.u_ibex.gen_regfile_ff.register_file_i.g_rf_flops\[13\].rf_reg_q\[20\]$_DFFE_PN0P_/D
     407* |       0 |      29 |        2 |      0 |     2 |    +0.1% |    0.006 |     -578.0 |        0.0 |    453 | u.u_ibex.gen_regfile_ff.register_file_i.g_rf_flops\[13\].rf_reg_q\[20\]$_DFFE_PN0P_/D
     408* |       0 |      29 |        2 |      0 |     2 |    +0.1% |    0.006 |     -578.0 |        0.0 |    453 | u.u_ibex.gen_regfile_ff.register_file_i.g_rf_flops\[13\].rf_reg_q\[20\]$_DFFE_PN0P_/D
     409* |       0 |      29 |        2 |      0 |     2 |    +0.1% |    0.006 |     -578.0 |        0.0 |    453 | u.u_ibex.gen_regfile_ff.register_file_i.g_rf_flops\[13\].rf_reg_q\[20\]$_DFFE_PN0P_/D
     410* |       0 |      29 |        2 |      0 |     2 |    +0.1% |    0.006 |     -578.0 |        0.0 |    453 | u.u_ibex.gen_regfile_ff.register_file_i.g_rf_flops\[13\].rf_reg_q\[20\]$_DFFE_PN0P_/D
     410* |       0 |      29 |        2 |      0 |     2 |    +0.1% |    0.006 |     -578.0 |        0.0 |    453 | u.u_ibex.gen_regfile_ff.register_file_i.g_rf_flops\[13\].rf_reg_q\[20\]$_DFFE_PN0P_/D
     411* |       0 |      29 |        2 |      0 |     2 |    +0.1% |    0.006 |     -578.0 |        0.0 |    453 | u.u_ibex.gen_regfile_ff.register_file_i.g_rf_flops\[13\].rf_reg_q\[20\]$_DFFE_PN0P_/D
     412* |       0 |      29 |        2 |      0 |     2 |    +0.1% |    0.006 |     -578.0 |        0.0 |    453 | u.u_ibex.gen_regfile_ff.register_file_i.g_rf_flops\[13\].rf_reg_q\[20\]$_DFFE_PN0P_/D
     413* |       0 |      29 |        2 |      0 |     2 |    +0.1% |    0.006 |     -578.0 |        0.0 |    453 | u.u_ibex.gen_regfile_ff.register_file_i.g_rf_flops\[13\].rf_reg_q\[20\]$_DFFE_PN0P_/D
     414* |       0 |      29 |        2 |      0 |     2 |    +0.1% |    0.006 |     -578.0 |        0.0 |    453 | u.u_ibex.gen_regfile_ff.register_file_i.g_rf_flops\[13\].rf_reg_q\[20\]$_DFFE_PN0P_/D
     415* |       0 |      29 |        2 |      0 |     2 |    +0.1% |    0.006 |     -578.0 |        0.0 |    453 | u.u_ibex.gen_regfile_ff.register_file_i.g_rf_flops\[13\].rf_reg_q\[20\]$_DFFE_PN0P_/D
     416* |       0 |      29 |        2 |      0 |     2 |    +0.1% |    0.006 |     -578.0 |        0.0 |    453 | u.u_ibex.gen_regfile_ff.register_file_i.g_rf_flops\[13\].rf_reg_q\[20\]$_DFFE_PN0P_/D
     417* |       0 |      29 |        2 |      0 |     2 |    +0.1% |    0.006 |     -578.0 |        0.0 |    453 | u.u_ibex.gen_regfile_ff.register_file_i.g_rf_flops\[13\].rf_reg_q\[20\]$_DFFE_PN0P_/D
     418* |       0 |      29 |        2 |      0 |     2 |    +0.1% |    0.006 |     -578.0 |        0.0 |    453 | u.u_ibex.gen_regfile_ff.register_file_i.g_rf_flops\[13\].rf_reg_q\[20\]$_DFFE_PN0P_/D
     419* |       0 |      29 |        2 |      0 |     2 |    +0.1% |    0.006 |     -578.0 |        0.0 |    453 | u.u_ibex.gen_regfile_ff.register_file_i.g_rf_flops\[13\].rf_reg_q\[20\]$_DFFE_PN0P_/D
     420* |       0 |      29 |        2 |      0 |     2 |    +0.1% |    0.006 |     -578.0 |        0.0 |    453 | u.u_ibex.gen_regfile_ff.register_file_i.g_rf_flops\[13\].rf_reg_q\[20\]$_DFFE_PN0P_/D
     420* |       0 |      29 |        2 |      0 |     2 |    +0.1% |    0.006 |     -578.0 |        0.0 |    453 | u.u_ibex.gen_regfile_ff.register_file_i.g_rf_flops\[13\].rf_reg_q\[20\]$_DFFE_PN0P_/D
     421* |       0 |      29 |        2 |      0 |     2 |    +0.1% |    0.006 |     -578.0 |        0.0 |    453 | u.u_ibex.gen_regfile_ff.register_file_i.g_rf_flops\[13\].rf_reg_q\[20\]$_DFFE_PN0P_/D
     422* |       0 |      29 |        2 |      0 |     2 |    +0.1% |    0.006 |     -578.0 |        0.0 |    453 | u.u_ibex.gen_regfile_ff.register_file_i.g_rf_flops\[13\].rf_reg_q\[20\]$_DFFE_PN0P_/D
     423* |       0 |      29 |        2 |      0 |     2 |    +0.1% |    0.006 |     -578.0 |        0.0 |    453 | u.u_ibex.gen_regfile_ff.register_file_i.g_rf_flops\[13\].rf_reg_q\[20\]$_DFFE_PN0P_/D
     424* |       0 |      29 |        2 |      0 |     2 |    +0.1% |    0.006 |     -578.0 |        0.0 |    453 | u.u_ibex.gen_regfile_ff.register_file_i.g_rf_flops\[13\].rf_reg_q\[20\]$_DFFE_PN0P_/D
     425* |       0 |      29 |        2 |      0 |     2 |    +0.1% |    0.006 |     -578.0 |        0.0 |    453 | u.u_ibex.gen_regfile_ff.register_file_i.g_rf_flops\[13\].rf_reg_q\[20\]$_DFFE_PN0P_/D
     426* |       0 |      29 |        2 |      0 |     2 |    +0.1% |    0.006 |     -578.0 |        0.0 |    453 | u.u_ibex.gen_regfile_ff.register_file_i.g_rf_flops\[13\].rf_reg_q\[20\]$_DFFE_PN0P_/D
     427* |       0 |      29 |        2 |      0 |     2 |    +0.1% |    0.006 |     -578.0 |        0.0 |    453 | u.u_ibex.gen_regfile_ff.register_file_i.g_rf_flops\[13\].rf_reg_q\[20\]$_DFFE_PN0P_/D
     428* |       0 |      29 |        2 |      0 |     2 |    +0.1% |    0.006 |     -578.0 |        0.0 |    453 | u.u_ibex.gen_regfile_ff.register_file_i.g_rf_flops\[13\].rf_reg_q\[20\]$_DFFE_PN0P_/D
     429* |       0 |      29 |        2 |      0 |     2 |    +0.1% |    0.006 |     -578.0 |        0.0 |    453 | u.u_ibex.gen_regfile_ff.register_file_i.g_rf_flops\[13\].rf_reg_q\[20\]$_DFFE_PN0P_/D
     430* |       0 |      29 |        2 |      0 |     2 |    +0.1% |    0.006 |     -578.0 |        0.0 |    453 | u.u_ibex.gen_regfile_ff.register_file_i.g_rf_flops\[13\].rf_reg_q\[20\]$_DFFE_PN0P_/D
     430* |       0 |      29 |        2 |      0 |     2 |    +0.1% |    0.006 |     -578.0 |        0.0 |    453 | u.u_ibex.gen_regfile_ff.register_file_i.g_rf_flops\[13\].rf_reg_q\[20\]$_DFFE_PN0P_/D
     431* |       0 |      29 |        2 |      0 |     2 |    +0.1% |    0.006 |     -578.0 |        0.0 |    453 | u.u_ibex.gen_regfile_ff.register_file_i.g_rf_flops\[13\].rf_reg_q\[20\]$_DFFE_PN0P_/D
     432* |       0 |      29 |        2 |      0 |     2 |    +0.1% |    0.006 |     -578.0 |        0.0 |    453 | u.u_ibex.gen_regfile_ff.register_file_i.g_rf_flops\[13\].rf_reg_q\[20\]$_DFFE_PN0P_/D
     433* |       0 |      29 |        2 |      0 |     2 |    +0.1% |    0.006 |     -578.0 |        0.0 |    453 | u.u_ibex.gen_regfile_ff.register_file_i.g_rf_flops\[13\].rf_reg_q\[20\]$_DFFE_PN0P_/D
     434* |       0 |      29 |        2 |      0 |     2 |    +0.1% |    0.006 |     -578.0 |        0.0 |    453 | u.u_ibex.gen_regfile_ff.register_file_i.g_rf_flops\[13\].rf_reg_q\[20\]$_DFFE_PN0P_/D
     435* |       0 |      29 |        2 |      0 |     2 |    +0.1% |    0.006 |     -578.0 |        0.0 |    453 | u.u_ibex.gen_regfile_ff.register_file_i.g_rf_flops\[13\].rf_reg_q\[20\]$_DFFE_PN0P_/D
     436* |       0 |      29 |        2 |      0 |     2 |    +0.1% |    0.006 |     -578.0 |        0.0 |    453 | u.u_ibex.gen_regfile_ff.register_file_i.g_rf_flops\[13\].rf_reg_q\[20\]$_DFFE_PN0P_/D
     437* |       0 |      29 |        2 |      0 |     2 |    +0.1% |    0.006 |     -578.0 |        0.0 |    453 | u.u_ibex.gen_regfile_ff.register_file_i.g_rf_flops\[13\].rf_reg_q\[20\]$_DFFE_PN0P_/D
     438* |       0 |      29 |        2 |      0 |     2 |    +0.1% |    0.006 |     -578.0 |        0.0 |    453 | u.u_ibex.gen_regfile_ff.register_file_i.g_rf_flops\[13\].rf_reg_q\[20\]$_DFFE_PN0P_/D
     439* |       0 |      29 |        2 |      0 |     2 |    +0.1% |    0.006 |     -578.0 |        0.0 |    453 | u.u_ibex.gen_regfile_ff.register_file_i.g_rf_flops\[13\].rf_reg_q\[20\]$_DFFE_PN0P_/D
     440* |       0 |      29 |        2 |      0 |     2 |    +0.1% |    0.006 |     -578.0 |        0.0 |    453 | u.u_ibex.gen_regfile_ff.register_file_i.g_rf_flops\[13\].rf_reg_q\[20\]$_DFFE_PN0P_/D
     440* |       0 |      29 |        2 |      0 |     2 |    +0.1% |    0.006 |     -578.0 |        0.0 |    453 | u.u_ibex.gen_regfile_ff.register_file_i.g_rf_flops\[13\].rf_reg_q\[20\]$_DFFE_PN0P_/D
     441* |       0 |      29 |        2 |      0 |     2 |    +0.1% |    0.006 |     -578.0 |        0.0 |    453 | u.u_ibex.gen_regfile_ff.register_file_i.g_rf_flops\[13\].rf_reg_q\[20\]$_DFFE_PN0P_/D
     442* |       0 |      29 |        2 |      0 |     2 |    +0.1% |    0.006 |     -578.0 |        0.0 |    453 | u.u_ibex.gen_regfile_ff.register_file_i.g_rf_flops\[13\].rf_reg_q\[20\]$_DFFE_PN0P_/D
     443* |       0 |      29 |        2 |      0 |     2 |    +0.1% |    0.006 |     -578.0 |        0.0 |    453 | u.u_ibex.gen_regfile_ff.register_file_i.g_rf_flops\[13\].rf_reg_q\[20\]$_DFFE_PN0P_/D
     444* |       0 |      29 |        2 |      0 |     2 |    +0.1% |    0.006 |     -578.0 |        0.0 |    453 | u.u_ibex.gen_regfile_ff.register_file_i.g_rf_flops\[13\].rf_reg_q\[20\]$_DFFE_PN0P_/D
     445* |       0 |      29 |        2 |      0 |     2 |    +0.1% |    0.006 |     -578.0 |        0.0 |    453 | u.u_ibex.gen_regfile_ff.register_file_i.g_rf_flops\[13\].rf_reg_q\[20\]$_DFFE_PN0P_/D
     446* |       0 |      29 |        2 |      0 |     2 |    +0.1% |    0.006 |     -578.0 |        0.0 |    453 | u.u_ibex.gen_regfile_ff.register_file_i.g_rf_flops\[13\].rf_reg_q\[20\]$_DFFE_PN0P_/D
     447* |       0 |      29 |        2 |      0 |     2 |    +0.1% |    0.006 |     -578.0 |        0.0 |    453 | u.u_ibex.gen_regfile_ff.register_file_i.g_rf_flops\[13\].rf_reg_q\[20\]$_DFFE_PN0P_/D
     448* |       0 |      29 |        2 |      0 |     2 |    +0.1% |    0.006 |     -578.0 |        0.0 |    453 | u.u_ibex.gen_regfile_ff.register_file_i.g_rf_flops\[13\].rf_reg_q\[20\]$_DFFE_PN0P_/D
     449* |       0 |      29 |        2 |      0 |     2 |    +0.1% |    0.006 |     -578.0 |        0.0 |    453 | u.u_ibex.gen_regfile_ff.register_file_i.g_rf_flops\[13\].rf_reg_q\[20\]$_DFFE_PN0P_/D
     450* |       0 |      29 |        2 |      0 |     2 |    +0.1% |    0.006 |     -578.0 |        0.0 |    453 | u.u_ibex.gen_regfile_ff.register_file_i.g_rf_flops\[13\].rf_reg_q\[20\]$_DFFE_PN0P_/D
     450* |       0 |      29 |        2 |      0 |     2 |    +0.1% |    0.006 |     -578.0 |        0.0 |    453 | u.u_ibex.gen_regfile_ff.register_file_i.g_rf_flops\[13\].rf_reg_q\[20\]$_DFFE_PN0P_/D
     451* |       0 |      29 |        2 |      0 |     2 |    +0.1% |    0.006 |     -578.0 |        0.0 |    453 | u.u_ibex.gen_regfile_ff.register_file_i.g_rf_flops\[13\].rf_reg_q\[20\]$_DFFE_PN0P_/D
     452* |       0 |      29 |        2 |      0 |     2 |    +0.1% |    0.006 |     -578.0 |        0.0 |    453 | u.u_ibex.gen_regfile_ff.register_file_i.g_rf_flops\[13\].rf_reg_q\[20\]$_DFFE_PN0P_/D
     453* |       0 |      29 |        2 |      0 |     2 |    +0.1% |    0.006 |     -578.0 |        0.0 |    453 | u.u_ibex.gen_regfile_ff.register_file_i.g_rf_flops\[13\].rf_reg_q\[20\]$_DFFE_PN0P_/D
     454* |       0 |      29 |        2 |      0 |     2 |    +0.1% |    0.006 |     -578.0 |        0.0 |    453 | u.u_ibex.gen_regfile_ff.register_file_i.g_rf_flops\[13\].rf_reg_q\[20\]$_DFFE_PN0P_/D
     455* |       0 |      29 |        2 |      0 |     2 |    +0.1% |    0.006 |     -578.0 |        0.0 |    453 | u.u_ibex.gen_regfile_ff.register_file_i.g_rf_flops\[13\].rf_reg_q\[20\]$_DFFE_PN0P_/D
     456* |       0 |      29 |        2 |      0 |     2 |    +0.1% |    0.006 |     -578.0 |        0.0 |    453 | u.u_ibex.gen_regfile_ff.register_file_i.g_rf_flops\[13\].rf_reg_q\[20\]$_DFFE_PN0P_/D
     457* |       0 |      29 |        2 |      0 |     2 |    +0.1% |    0.006 |     -578.0 |        0.0 |    453 | u.u_ibex.gen_regfile_ff.register_file_i.g_rf_flops\[13\].rf_reg_q\[20\]$_DFFE_PN0P_/D
     458* |       0 |      29 |        2 |      0 |     2 |    +0.1% |    0.006 |     -578.0 |        0.0 |    453 | u.u_ibex.gen_regfile_ff.register_file_i.g_rf_flops\[13\].rf_reg_q\[20\]$_DFFE_PN0P_/D
     459* |       0 |      29 |        2 |      0 |     2 |    +0.1% |    0.006 |     -578.0 |        0.0 |    453 | u.u_ibex.gen_regfile_ff.register_file_i.g_rf_flops\[13\].rf_reg_q\[20\]$_DFFE_PN0P_/D
     460* |       0 |      29 |        2 |      0 |     2 |    +0.1% |    0.006 |     -578.0 |        0.0 |    453 | u.u_ibex.gen_regfile_ff.register_file_i.g_rf_flops\[13\].rf_reg_q\[20\]$_DFFE_PN0P_/D
     460* |       0 |      29 |        2 |      0 |     2 |    +0.1% |    0.006 |     -578.0 |        0.0 |    453 | u.u_ibex.gen_regfile_ff.register_file_i.g_rf_flops\[13\].rf_reg_q\[20\]$_DFFE_PN0P_/D
     461* |       0 |      29 |        2 |      0 |     2 |    +0.1% |    0.006 |     -578.0 |        0.0 |    453 | u.u_ibex.gen_regfile_ff.register_file_i.g_rf_flops\[13\].rf_reg_q\[20\]$_DFFE_PN0P_/D
     462* |       0 |      29 |        2 |      0 |     2 |    +0.1% |    0.006 |     -578.0 |        0.0 |    453 | u.u_ibex.gen_regfile_ff.register_file_i.g_rf_flops\[13\].rf_reg_q\[20\]$_DFFE_PN0P_/D
     463* |       0 |      29 |        2 |      0 |     2 |    +0.1% |    0.006 |     -578.0 |        0.0 |    453 | u.u_ibex.gen_regfile_ff.register_file_i.g_rf_flops\[13\].rf_reg_q\[20\]$_DFFE_PN0P_/D
     464* |       0 |      29 |        2 |      0 |     2 |    +0.1% |    0.006 |     -578.0 |        0.0 |    453 | u.u_ibex.gen_regfile_ff.register_file_i.g_rf_flops\[13\].rf_reg_q\[20\]$_DFFE_PN0P_/D
     465* |       0 |      29 |        2 |      0 |     2 |    +0.1% |    0.006 |     -578.0 |        0.0 |    453 | u.u_ibex.gen_regfile_ff.register_file_i.g_rf_flops\[13\].rf_reg_q\[20\]$_DFFE_PN0P_/D
     466* |       0 |      29 |        2 |      0 |     2 |    +0.1% |    0.006 |     -578.0 |        0.0 |    453 | u.u_ibex.gen_regfile_ff.register_file_i.g_rf_flops\[13\].rf_reg_q\[20\]$_DFFE_PN0P_/D
     467* |       0 |      29 |        2 |      0 |     2 |    +0.1% |    0.006 |     -578.0 |        0.0 |    453 | u.u_ibex.gen_regfile_ff.register_file_i.g_rf_flops\[13\].rf_reg_q\[20\]$_DFFE_PN0P_/D
     468* |       0 |      29 |        2 |      0 |     2 |    +0.1% |    0.006 |     -578.0 |        0.0 |    453 | u.u_ibex.gen_regfile_ff.register_file_i.g_rf_flops\[13\].rf_reg_q\[20\]$_DFFE_PN0P_/D
     469* |       0 |      29 |        2 |      0 |     2 |    +0.1% |    0.006 |     -578.0 |        0.0 |    453 | u.u_ibex.gen_regfile_ff.register_file_i.g_rf_flops\[13\].rf_reg_q\[20\]$_DFFE_PN0P_/D
     470* |       0 |      29 |        2 |      0 |     2 |    +0.1% |    0.006 |     -578.0 |        0.0 |    453 | u.u_ibex.gen_regfile_ff.register_file_i.g_rf_flops\[13\].rf_reg_q\[20\]$_DFFE_PN0P_/D
     470* |       0 |      29 |        2 |      0 |     2 |    +0.1% |    0.006 |     -578.0 |        0.0 |    453 | u.u_ibex.gen_regfile_ff.register_file_i.g_rf_flops\[13\].rf_reg_q\[20\]$_DFFE_PN0P_/D
     471* |       0 |      29 |        2 |      0 |     2 |    +0.1% |    0.006 |     -578.0 |        0.0 |    453 | u.u_ibex.gen_regfile_ff.register_file_i.g_rf_flops\[13\].rf_reg_q\[20\]$_DFFE_PN0P_/D
     472* |       0 |      29 |        2 |      0 |     2 |    +0.1% |    0.006 |     -578.0 |        0.0 |    453 | u.u_ibex.gen_regfile_ff.register_file_i.g_rf_flops\[13\].rf_reg_q\[20\]$_DFFE_PN0P_/D
     473* |       0 |      29 |        2 |      0 |     2 |    +0.1% |    0.006 |     -578.0 |        0.0 |    453 | u.u_ibex.gen_regfile_ff.register_file_i.g_rf_flops\[13\].rf_reg_q\[20\]$_DFFE_PN0P_/D
     474* |       0 |      29 |        2 |      0 |     2 |    +0.1% |    0.006 |     -578.0 |        0.0 |    453 | u.u_ibex.gen_regfile_ff.register_file_i.g_rf_flops\[13\].rf_reg_q\[20\]$_DFFE_PN0P_/D
     475* |       0 |      29 |        2 |      0 |     2 |    +0.1% |    0.006 |     -578.0 |        0.0 |    453 | u.u_ibex.gen_regfile_ff.register_file_i.g_rf_flops\[13\].rf_reg_q\[20\]$_DFFE_PN0P_/D
     476* |       0 |      29 |        2 |      0 |     2 |    +0.1% |    0.006 |     -578.0 |        0.0 |    453 | u.u_ibex.gen_regfile_ff.register_file_i.g_rf_flops\[13\].rf_reg_q\[20\]$_DFFE_PN0P_/D
     477* |       0 |      29 |        2 |      0 |     2 |    +0.1% |    0.006 |     -578.0 |        0.0 |    453 | u.u_ibex.gen_regfile_ff.register_file_i.g_rf_flops\[13\].rf_reg_q\[20\]$_DFFE_PN0P_/D
     478* |       0 |      29 |        2 |      0 |     2 |    +0.1% |    0.006 |     -578.0 |        0.0 |    453 | u.u_ibex.gen_regfile_ff.register_file_i.g_rf_flops\[13\].rf_reg_q\[20\]$_DFFE_PN0P_/D
     479* |       0 |      29 |        2 |      0 |     2 |    +0.1% |    0.006 |     -578.0 |        0.0 |    453 | u.u_ibex.gen_regfile_ff.register_file_i.g_rf_flops\[13\].rf_reg_q\[20\]$_DFFE_PN0P_/D
     480* |       0 |      29 |        2 |      0 |     2 |    +0.1% |    0.006 |     -578.0 |        0.0 |    453 | u.u_ibex.gen_regfile_ff.register_file_i.g_rf_flops\[13\].rf_reg_q\[20\]$_DFFE_PN0P_/D
     480* |       0 |      29 |        2 |      0 |     2 |    +0.1% |    0.006 |     -578.0 |        0.0 |    453 | u.u_ibex.gen_regfile_ff.register_file_i.g_rf_flops\[13\].rf_reg_q\[20\]$_DFFE_PN0P_/D
     481* |       0 |      29 |        2 |      0 |     2 |    +0.1% |    0.006 |     -578.0 |        0.0 |    453 | u.u_ibex.gen_regfile_ff.register_file_i.g_rf_flops\[13\].rf_reg_q\[20\]$_DFFE_PN0P_/D
     482* |       0 |      29 |        2 |      0 |     2 |    +0.1% |    0.006 |     -578.0 |        0.0 |    453 | u.u_ibex.gen_regfile_ff.register_file_i.g_rf_flops\[13\].rf_reg_q\[20\]$_DFFE_PN0P_/D
     483* |       0 |      29 |        2 |      0 |     2 |    +0.1% |    0.006 |     -578.0 |        0.0 |    453 | u.u_ibex.gen_regfile_ff.register_file_i.g_rf_flops\[13\].rf_reg_q\[20\]$_DFFE_PN0P_/D
     484* |       0 |      29 |        2 |      0 |     2 |    +0.1% |    0.006 |     -578.0 |        0.0 |    453 | u.u_ibex.gen_regfile_ff.register_file_i.g_rf_flops\[13\].rf_reg_q\[20\]$_DFFE_PN0P_/D
     485* |       0 |      29 |        2 |      0 |     2 |    +0.1% |    0.006 |     -578.0 |        0.0 |    453 | u.u_ibex.gen_regfile_ff.register_file_i.g_rf_flops\[13\].rf_reg_q\[20\]$_DFFE_PN0P_/D
     486* |       0 |      29 |        2 |      0 |     2 |    +0.1% |    0.006 |     -578.0 |        0.0 |    453 | u.u_ibex.gen_regfile_ff.register_file_i.g_rf_flops\[13\].rf_reg_q\[20\]$_DFFE_PN0P_/D
     486* |       0 |      29 |        2 |      0 |     2 |    +0.1% |    0.006 |     -578.0 |        0.0 |    453 | u.u_ibex.gen_regfile_ff.register_file_i.g_rf_flops\[13\].rf_reg_q\[20\]$_DFFE_PN0P_/D
    final |       0 |      29 |        2 |      0 |     2 |    +0.1% |    0.006 |     -578.0 |        0.0 |      0 | u.u_ibex.gen_regfile_ff.register_file_i.g_rf_flops\[13\].rf_reg_q\[20\]$_DFFE_PN0P_/D
------------------------------------------------------------------------------------------------------------------------------
[INFO RSZ-0040] Inserted 2 buffers.
[INFO RSZ-0051] Resized 29 instances: 29 up, 0 up match, 0 down, 0 VT
[INFO RSZ-0043] Swapped pins on 2 instances.
[INFO RSZ-0505] Runtime: 4.89s
[INFO RSZ-0033] No hold violations found.
[INFO RSZ-0506] Runtime: 0.01s
Took 5 seconds: repair_timing -setup_margin 0 -hold_margin 0 -repair_tns 100 -match_cell_footprint -verbose
detailed_placement
[INFO DPL-0006] Core area: 271002.41 um^2
[INFO DPL-0007] Movable instances area: 162751.09 um^2
[INFO DPL-0008] Fixed instances area within core: 4466.78 um^2
[INFO DPL-0009] Utilization: 61.7%
[INFO DPL-0005] Diamond search max displacement: +/- 500 sites horizontally, +/- 100 rows vertically.
[INFO DPL-1102] Legalizing using negotiation legalizer.
[INFO DPL-1103] Negotiation base search window: +/-20 sites horizontally, +/-5 rows vertically 
	Automatic search window extension enabled.
	Search window extendable up to the max displacement cap of +/-500 sites, +/-100 rows near walls.
[INFO DPL-1104] NegotiationLegalizer DRC penalty: 5.
[INFO DPL-0392] Negotiation cell height distribution (1 unique row-count(s)):
[INFO DPL-0393]   height 1 row(s): 21258 cells
          |      Total |  Illegal |  Illegal
Iteration | Violations |    Cells |    Sites
---------------------------------------------
        0 |          6 |         2 |         4
        1 |          0 |         0 |         0
Negotiation phase 1 converged at iteration 1.
[INFO DPL-0500] Runtime: 0.07s
Placement Analysis
---------------------------------
total displacement         84.8 u
average displacement        0.0 u
max displacement           12.4 u
original HPWL          533271.3 u
legalized HPWL         533335.3 u
delta HPWL                    0 %

Report metrics stage 4, cts final...

==========================================================================
cts final report_design_area
--------------------------------------------------------------------------
Design area 167218 um^2 62% utilization.
write_db /work/results/sky130hd/m7_j0/p9p5/4_1_cts.odb
write_sdc -no_timestamp /work/results/sky130hd/m7_j0/p9p5/4_cts.sdc
Elapsed time: 0:11.39[h:]min:sec. CPU time: user 25.51 sys 8.26 (296%). Peak memory: 394100KB.
Log                       Ext     Elapsed/s Peak Memory/MB sha1sum result [0:20)
4_1_cts                   .odb           11            384 3a052e52f1a941d0f4c2
cp /work/results/sky130hd/m7_j0/p9p5/4_1_cts.odb /work/results/sky130hd/m7_j0/p9p5/4_cts.odb
/OpenROAD-flow-scripts/flow/scripts/flow.sh 5_1_grt global_route
Running global_route.tcl, stage 5_1_grt
read_liberty /OpenROAD-flow-scripts/flow/platforms/sky130hd/lib/sky130_fd_sc_hd__tt_025C_1v80.lib
read_db -hier /work/results/sky130hd/m7_j0/p9p5/4_cts.odb
[WARNING ORD-0012] Hierarchical flow (-hier) is currently in development and may cause multiple issues. Do not use in production environments.
read_sdc /work/results/sky130hd/m7_j0/p9p5/4_cts.sdc
source /OpenROAD-flow-scripts/flow/platforms/sky130hd/setRC.tcl
pin_access
[INFO DRT-0149] Reading tech and libs.
[WARNING DRT-0349] LEF58_ENCLOSURE with no CUTCLASS is not supported. Skipping for layer mcon
[WARNING DRT-0349] LEF58_ENCLOSURE with no CUTCLASS is not supported. Skipping for layer mcon
[WARNING DRT-0349] LEF58_ENCLOSURE with no CUTCLASS is not supported. Skipping for layer via
[WARNING DRT-0349] LEF58_ENCLOSURE with no CUTCLASS is not supported. Skipping for layer via
[WARNING DRT-0349] LEF58_ENCLOSURE with no CUTCLASS is not supported. Skipping for layer via2
[WARNING DRT-0349] LEF58_ENCLOSURE with no CUTCLASS is not supported. Skipping for layer via2
[WARNING DRT-0349] LEF58_ENCLOSURE with no CUTCLASS is not supported. Skipping for layer via3
[WARNING DRT-0349] LEF58_ENCLOSURE with no CUTCLASS is not supported. Skipping for layer via3
[WARNING DRT-0349] LEF58_ENCLOSURE with no CUTCLASS is not supported. Skipping for layer via4
[WARNING DRT-0349] LEF58_ENCLOSURE with no CUTCLASS is not supported. Skipping for layer via4

Units:                1000
Number of layers:     13
Number of macros:     441
Number of vias:       29
Number of viarulegen: 25

[INFO DRT-0150] Reading design.
[WARNING DRT-0120] Large net net36 has 131 pins which may impact routing performance. Consider optimization.
[WARNING DRT-0120] Large net net4361 has 147 pins which may impact routing performance. Consider optimization.
[WARNING DRT-0120] Large net net4367 has 133 pins which may impact routing performance. Consider optimization.
[WARNING DRT-0120] Large net net4365 has 133 pins which may impact routing performance. Consider optimization.
[WARNING DRT-0120] Large net net4372 has 120 pins which may impact routing performance. Consider optimization.
[WARNING DRT-0120] Large net net4371 has 137 pins which may impact routing performance. Consider optimization.
[WARNING DRT-0120] Large net net4370 has 157 pins which may impact routing performance. Consider optimization.
[WARNING DRT-0120] Large net net4363 has 153 pins which may impact routing performance. Consider optimization.

Design:                   m7_ppa_j0_top
Die area:                 ( 0 0 ) ( 524280 524280 )
Number of track patterns: 12
Number of DEF vias:       0
Number of components:     21258
Number of terminals:      278
Number of snets:          2
Number of nets:           17688

[INFO DRT-0167] List of default vias:
  Layer via
    default via: M1M2_PR
  Layer via2
    default via: M2M3_PR
  Layer via3
    default via: M3M4_PR
  Layer via4
    default via: M4M5_PR
[INFO DRT-0162] Library cell analysis.
[INFO DRT-0163] Instance analysis.
[INFO DRT-0164] Number of unique instances = 251.
[INFO DRT-0168] Init region query.
[INFO DRT-0024]   Complete FR_MASTERSLICE.
[INFO DRT-0024]   Complete Fr_VIA.
[INFO DRT-0024]   Complete li1.
[INFO DRT-0024]   Complete mcon.
[INFO DRT-0024]   Complete met1.
[INFO DRT-0024]   Complete via.
[INFO DRT-0024]   Complete met2.
[INFO DRT-0024]   Complete via2.
[INFO DRT-0024]   Complete met3.
[INFO DRT-0024]   Complete via3.
[INFO DRT-0024]   Complete met4.
[INFO DRT-0024]   Complete via4.
[INFO DRT-0024]   Complete met5.
[INFO DRT-0033] FR_MASTERSLICE shape region query size = 0.
[INFO DRT-0033] FR_VIA shape region query size = 0.
[INFO DRT-0033] li1 shape region query size = 519385.
[INFO DRT-0033] mcon shape region query size = 289610.
[INFO DRT-0033] met1 shape region query size = 81225.
[INFO DRT-0033] via shape region query size = 18240.
[INFO DRT-0033] met2 shape region query size = 11184.
[INFO DRT-0033] via2 shape region query size = 14592.
[INFO DRT-0033] met3 shape region query size = 10980.
[INFO DRT-0033] via3 shape region query size = 14592.
[INFO DRT-0033] met4 shape region query size = 4408.
[INFO DRT-0033] via4 shape region query size = 722.
[INFO DRT-0033] met5 shape region query size = 798.
[INFO DRT-0165] Start pin access.
[INFO DRT-0076]   Complete 1000 pins.
[INFO DRT-0076]   Complete 2000 pins.
[INFO DRT-0078]   Complete 2035 pins.
[INFO DRT-0079]   Complete 100 unique inst patterns.
[INFO DRT-0079]   Complete 200 unique inst patterns.
[INFO DRT-0081]   Complete 251 unique inst patterns.
[INFO DRT-0082]   Complete 10000 groups.
[INFO DRT-0084]   Complete 11184 groups.
#scanned instances     = 21258
#unique  instances     = 251
#stdCellGenAp          = 7998
#stdCellValidPlanarAp  = 68
#stdCellValidViaAp     = 5941
#stdCellPinNoAp        = 0
#stdCellPinCnt         = 63457
#instTermValidViaApCnt = 0
#macroGenAp            = 0
#macroValidPlanarAp    = 0
#macroValidViaAp       = 0
#macroNoAp             = 0
[INFO DRT-0166] Complete pin access.
[INFO DRT-0267] cpu time = 00:05:03, elapsed time = 00:00:11, memory = 251.80 (MB), peak = 252.19 (MB)
Took 12 seconds: pin_access
global_route -congestion_report_file /work/reports/sky130hd/m7_j0/p9p5/congestion.rpt -congestion_iterations 30 -congestion_report_iter_step 5 -verbose
[INFO GRT-0020] Min routing layer: met1
[INFO GRT-0021] Max routing layer: met5
[INFO GRT-0022] Global adjustment: 0%
[INFO GRT-0023] Grid origin: (0, 0)
[INFO GRT-0088] Layer li1     Track-Pitch = 0.4600  line-2-Via Pitch: 0.3400
[INFO GRT-0088] Layer met1    Track-Pitch = 0.3400  line-2-Via Pitch: 0.3400
[INFO GRT-0088] Layer met2    Track-Pitch = 0.4600  line-2-Via Pitch: 0.3500
[INFO GRT-0088] Layer met3    Track-Pitch = 0.6800  line-2-Via Pitch: 0.6150
[INFO GRT-0088] Layer met4    Track-Pitch = 0.9200  line-2-Via Pitch: 1.0400
[INFO GRT-0088] Layer met5    Track-Pitch = 3.4000  line-2-Via Pitch: 3.1100
[INFO GRT-0003] Macros: 0
[INFO GRT-0004] Blockages: 37275
[INFO GRT-0019] Found 245 clock nets.
[INFO GRT-0001] Minimum degree: 2
[INFO GRT-0002] Maximum degree: 157

[INFO GRT-0053] Routing resources analysis:
          Routing      Original      Derated      Resource
Layer     Direction    Resources     Resources    Reduction (%)
---------------------------------------------------------------
li1        Vertical            0             0          0.00%
met1       Horizontal      69698         53642          23.04%
met2       Vertical        72668         55796          23.22%
met3       Horizontal      53373         41718          21.84%
met4       Vertical        35816         25086          29.96%
met5       Horizontal       8066          5772          28.44%
---------------------------------------------------------------

[INFO GRT-0101] Running extra iterations to remove congestion.
[INFO GRT-0102] Start extra iteration 1/30
[INFO GRT-0102] Start extra iteration 2/30
[INFO GRT-0102] Start extra iteration 3/30
[INFO GRT-0102] Start extra iteration 4/30
[INFO GRT-0197] Via related to pin nodes: 109329
[INFO GRT-0198] Via related Steiner nodes: 2870
[INFO GRT-0199] Via filling finished.
[INFO GRT-0111] Final number of vias: 140245
[INFO GRT-0112] Final usage 3D: 516552

[INFO GRT-0096] Final congestion report:
Layer         Resource        Demand        Usage (%)    Max H / Max V / Total Congestion
---------------------------------------------------------------------------------------
li1                  0             0            0.00%             0 /  0 /  0
met1             53642         34528           64.37%             0 /  0 /  0
met2             55796         39569           70.92%             0 /  0 /  0
met3             41718         12127           29.07%             0 /  0 /  0
met4             25086          9463           37.72%             0 /  0 /  0
met5              5772           130            2.25%             0 /  0 /  0
---------------------------------------------------------------------------------------
Total           182014         95817           52.64%             0 /  0 /  0

[INFO GRT-0018] Total wirelength: 981801 um
[INFO GRT-0014] Routed nets: 17465
[INFO GRT-0303] Global routing runtime = 00:00:02
[WARNING STA-0450] virtual clock vclk_core_clock can not be propagated.
estimate_parasitics -global_routing
Perform buffer insertion and gate resizing...
repair_design -verbose
Iteration |   Area    | Resized | Buffers | Nets repaired | Remaining
---------------------------------------------------------------------
        0 |     +0.0% |       0 |       0 |             0 |     17910
     1000 |     +0.0% |       0 |       0 |             0 |     16910
[WARNING RSZ-0104] Net _14752_/CO[33] only has one pin. Check if it is intended to be dangling.
[WARNING RSZ-0104] Net _14752_/CO[25] only has one pin. Check if it is intended to be dangling.
     2000 |     +0.0% |       0 |       0 |             0 |     15910
[WARNING RSZ-0104] Net _14752_/CO[16] only has one pin. Check if it is intended to be dangling.
[WARNING RSZ-0104] Net _14752_/CO[22] only has one pin. Check if it is intended to be dangling.
[WARNING RSZ-0104] Net _14752_/X[33] only has one pin. Check if it is intended to be dangling.
[WARNING RSZ-0104] Net _14752_/X[18] only has one pin. Check if it is intended to be dangling.
[WARNING RSZ-0104] Net _14752_/X[30] only has one pin. Check if it is intended to be dangling.
[WARNING RSZ-0104] Net _14752_/X[25] only has one pin. Check if it is intended to be dangling.
[WARNING RSZ-0104] Net _14752_/X[24] only has one pin. Check if it is intended to be dangling.
     3000 |     +0.0% |       0 |       0 |             0 |     14910
[WARNING RSZ-0104] Net _14752_/X[15] only has one pin. Check if it is intended to be dangling.
[WARNING RSZ-0104] Net _14752_/X[13] only has one pin. Check if it is intended to be dangling.
[WARNING RSZ-0104] Net _14752_/X[29] only has one pin. Check if it is intended to be dangling.
[WARNING RSZ-0104] Net _14752_/X[14] only has one pin. Check if it is intended to be dangling.
[WARNING RSZ-0104] Net _14752_/X[28] only has one pin. Check if it is intended to be dangling.
[WARNING RSZ-0104] Net _14752_/X[27] only has one pin. Check if it is intended to be dangling.
[WARNING RSZ-0104] Net _14752_/X[19] only has one pin. Check if it is intended to be dangling.
[WARNING RSZ-0104] Net _14752_/X[11] only has one pin. Check if it is intended to be dangling.
[WARNING RSZ-0104] Net _14752_/X[10] only has one pin. Check if it is intended to be dangling.
[WARNING RSZ-0104] Net _14752_/CO[5] only has one pin. Check if it is intended to be dangling.
[WARNING RSZ-0104] Net _14752_/X[22] only has one pin. Check if it is intended to be dangling.
[WARNING RSZ-0104] Net _14752_/X[21] only has one pin. Check if it is intended to be dangling.
[WARNING RSZ-0104] Net _14752_/X[20] only has one pin. Check if it is intended to be dangling.
[WARNING RSZ-0104] Net _14752_/X[12] only has one pin. Check if it is intended to be dangling.
[WARNING RSZ-0104] Net _14752_/X[9] only has one pin. Check if it is intended to be dangling.
[WARNING RSZ-0104] Net _14752_/CO[6] only has one pin. Check if it is intended to be dangling.
[WARNING RSZ-0104] Net _14752_/X[8] only has one pin. Check if it is intended to be dangling.
[WARNING RSZ-0104] Net _14752_/CO[4] only has one pin. Check if it is intended to be dangling.
     4000 |     +0.0% |       0 |       0 |             0 |     13910
[WARNING RSZ-0104] Net _14752_/X[3] only has one pin. Check if it is intended to be dangling.
     5000 |     +0.0% |       0 |       0 |             0 |     12910
     6000 |     +0.0% |       0 |       0 |             0 |     11910
     7000 |     +0.0% |       0 |       0 |             0 |     10910
     8000 |     +0.0% |       0 |       0 |             0 |      9910
     9000 |     +0.0% |       1 |       0 |             0 |      8910
    10000 |     +0.0% |       1 |       1 |             1 |      7910
    11000 |     +0.0% |       1 |       1 |             1 |      6910
    12000 |     +0.0% |       1 |       1 |             1 |      5910
    13000 |     +0.0% |       1 |       1 |             1 |      4910
    14000 |     +0.0% |       1 |       1 |             1 |      3910
    15000 |     +0.0% |       1 |       1 |             1 |      2910
    16000 |     +0.0% |       1 |       1 |             1 |      1910
    17000 |     +0.0% |       1 |       1 |             1 |       910
[WARNING RSZ-0104] Net sec_release_i only has one pin. Check if it is intended to be dangling.
[WARNING RSZ-0104] Net iopmp_release_i only has one pin. Check if it is intended to be dangling.
[WARNING RSZ-0104] Net ic_release_i only has one pin. Check if it is intended to be dangling.
[WARNING RSZ-0104] Net dma_wdata_i[9] only has one pin. Check if it is intended to be dangling.
[WARNING RSZ-0104] Net dma_wdata_i[8] only has one pin. Check if it is intended to be dangling.
[WARNING RSZ-0104] Net dma_wdata_i[7] only has one pin. Check if it is intended to be dangling.
[WARNING RSZ-0104] Net dma_wdata_i[6] only has one pin. Check if it is intended to be dangling.
[WARNING RSZ-0104] Net dma_wdata_i[5] only has one pin. Check if it is intended to be dangling.
[WARNING RSZ-0104] Net dma_wdata_i[4] only has one pin. Check if it is intended to be dangling.
[WARNING RSZ-0104] Net dma_wdata_i[3] only has one pin. Check if it is intended to be dangling.
[WARNING RSZ-0104] Net dma_wdata_i[31] only has one pin. Check if it is intended to be dangling.
[WARNING RSZ-0104] Net dma_wdata_i[30] only has one pin. Check if it is intended to be dangling.
[WARNING RSZ-0104] Net dma_wdata_i[2] only has one pin. Check if it is intended to be dangling.
[WARNING RSZ-0104] Net dma_wdata_i[29] only has one pin. Check if it is intended to be dangling.
[WARNING RSZ-0104] Net dma_wdata_i[28] only has one pin. Check if it is intended to be dangling.
[WARNING RSZ-0104] Net dma_wdata_i[27] only has one pin. Check if it is intended to be dangling.
[WARNING RSZ-0104] Net dma_wdata_i[26] only has one pin. Check if it is intended to be dangling.
[WARNING RSZ-0104] Net dma_wdata_i[25] only has one pin. Check if it is intended to be dangling.
[WARNING RSZ-0104] Net dma_wdata_i[24] only has one pin. Check if it is intended to be dangling.
[WARNING RSZ-0104] Net dma_wdata_i[23] only has one pin. Check if it is intended to be dangling.
[WARNING RSZ-0104] Net dma_wdata_i[22] only has one pin. Check if it is intended to be dangling.
[WARNING RSZ-0104] Net dma_wdata_i[21] only has one pin. Check if it is intended to be dangling.
[WARNING RSZ-0104] Net dma_wdata_i[20] only has one pin. Check if it is intended to be dangling.
[WARNING RSZ-0104] Net dma_wdata_i[1] only has one pin. Check if it is intended to be dangling.
[WARNING RSZ-0104] Net dma_wdata_i[19] only has one pin. Check if it is intended to be dangling.
[WARNING RSZ-0104] Net dma_wdata_i[18] only has one pin. Check if it is intended to be dangling.
[WARNING RSZ-0104] Net dma_wdata_i[17] only has one pin. Check if it is intended to be dangling.
[WARNING RSZ-0104] Net dma_wdata_i[16] only has one pin. Check if it is intended to be dangling.
[WARNING RSZ-0104] Net dma_wdata_i[15] only has one pin. Check if it is intended to be dangling.
[WARNING RSZ-0104] Net dma_wdata_i[14] only has one pin. Check if it is intended to be dangling.
[WARNING RSZ-0104] Net dma_wdata_i[13] only has one pin. Check if it is intended to be dangling.
[WARNING RSZ-0104] Net dma_wdata_i[12] only has one pin. Check if it is intended to be dangling.
[WARNING RSZ-0104] Net dma_wdata_i[11] only has one pin. Check if it is intended to be dangling.
[WARNING RSZ-0104] Net dma_wdata_i[10] only has one pin. Check if it is intended to be dangling.
[WARNING RSZ-0104] Net dma_wdata_i[0] only has one pin. Check if it is intended to be dangling.
[WARNING RSZ-0104] Net dma_start_i only has one pin. Check if it is intended to be dangling.
[WARNING RSZ-0104] Net dma_src_addr_i[9] only has one pin. Check if it is intended to be dangling.
[WARNING RSZ-0104] Net dma_src_addr_i[8] only has one pin. Check if it is intended to be dangling.
[WARNING RSZ-0104] Net dma_src_addr_i[7] only has one pin. Check if it is intended to be dangling.
[WARNING RSZ-0104] Net dma_src_addr_i[6] only has one pin. Check if it is intended to be dangling.
[WARNING RSZ-0104] Net dma_src_addr_i[5] only has one pin. Check if it is intended to be dangling.
[WARNING RSZ-0104] Net dma_src_addr_i[4] only has one pin. Check if it is intended to be dangling.
[WARNING RSZ-0104] Net dma_src_addr_i[3] only has one pin. Check if it is intended to be dangling.
[WARNING RSZ-0104] Net dma_src_addr_i[31] only has one pin. Check if it is intended to be dangling.
[WARNING RSZ-0104] Net dma_src_addr_i[30] only has one pin. Check if it is intended to be dangling.
[WARNING RSZ-0104] Net dma_src_addr_i[2] only has one pin. Check if it is intended to be dangling.
[WARNING RSZ-0104] Net dma_src_addr_i[29] only has one pin. Check if it is intended to be dangling.
[WARNING RSZ-0104] Net dma_src_addr_i[28] only has one pin. Check if it is intended to be dangling.
[WARNING RSZ-0104] Net dma_src_addr_i[27] only has one pin. Check if it is intended to be dangling.
[WARNING RSZ-0104] Net dma_src_addr_i[26] only has one pin. Check if it is intended to be dangling.
[WARNING RSZ-0104] Net dma_src_addr_i[25] only has one pin. Check if it is intended to be dangling.
[WARNING RSZ-0104] Net dma_src_addr_i[24] only has one pin. Check if it is intended to be dangling.
[WARNING RSZ-0104] Net dma_src_addr_i[23] only has one pin. Check if it is intended to be dangling.
[WARNING RSZ-0104] Net dma_src_addr_i[22] only has one pin. Check if it is intended to be dangling.
[WARNING RSZ-0104] Net dma_src_addr_i[21] only has one pin. Check if it is intended to be dangling.
[WARNING RSZ-0104] Net dma_src_addr_i[20] only has one pin. Check if it is intended to be dangling.
[WARNING RSZ-0104] Net dma_src_addr_i[1] only has one pin. Check if it is intended to be dangling.
[WARNING RSZ-0104] Net dma_src_addr_i[19] only has one pin. Check if it is intended to be dangling.
[WARNING RSZ-0104] Net dma_src_addr_i[18] only has one pin. Check if it is intended to be dangling.
[WARNING RSZ-0104] Net dma_src_addr_i[17] only has one pin. Check if it is intended to be dangling.
[WARNING RSZ-0104] Net dma_src_addr_i[16] only has one pin. Check if it is intended to be dangling.
[WARNING RSZ-0104] Net dma_src_addr_i[15] only has one pin. Check if it is intended to be dangling.
[WARNING RSZ-0104] Net dma_src_addr_i[14] only has one pin. Check if it is intended to be dangling.
[WARNING RSZ-0104] Net dma_src_addr_i[13] only has one pin. Check if it is intended to be dangling.
[WARNING RSZ-0104] Net dma_src_addr_i[12] only has one pin. Check if it is intended to be dangling.
[WARNING RSZ-0104] Net dma_src_addr_i[11] only has one pin. Check if it is intended to be dangling.
[WARNING RSZ-0104] Net dma_src_addr_i[10] only has one pin. Check if it is intended to be dangling.
[WARNING RSZ-0104] Net dma_src_addr_i[0] only has one pin. Check if it is intended to be dangling.
[WARNING RSZ-0104] Net dma_requester_id_i[7] only has one pin. Check if it is intended to be dangling.
[WARNING RSZ-0104] Net dma_requester_id_i[6] only has one pin. Check if it is intended to be dangling.
[WARNING RSZ-0104] Net dma_requester_id_i[5] only has one pin. Check if it is intended to be dangling.
[WARNING RSZ-0104] Net dma_requester_id_i[4] only has one pin. Check if it is intended to be dangling.
[WARNING RSZ-0104] Net dma_requester_id_i[3] only has one pin. Check if it is intended to be dangling.
[WARNING RSZ-0104] Net dma_requester_id_i[2] only has one pin. Check if it is intended to be dangling.
[WARNING RSZ-0104] Net dma_requester_id_i[1] only has one pin. Check if it is intended to be dangling.
[WARNING RSZ-0104] Net dma_requester_id_i[0] only has one pin. Check if it is intended to be dangling.
[WARNING RSZ-0104] Net dma_release_i only has one pin. Check if it is intended to be dangling.
[WARNING RSZ-0104] Net dma_mode_i[1] only has one pin. Check if it is intended to be dangling.
[WARNING RSZ-0104] Net dma_mode_i[0] only has one pin. Check if it is intended to be dangling.
[WARNING RSZ-0104] Net dma_length_i[9] only has one pin. Check if it is intended to be dangling.
[WARNING RSZ-0104] Net dma_length_i[8] only has one pin. Check if it is intended to be dangling.
[WARNING RSZ-0104] Net dma_length_i[7] only has one pin. Check if it is intended to be dangling.
[WARNING RSZ-0104] Net dma_length_i[6] only has one pin. Check if it is intended to be dangling.
[WARNING RSZ-0104] Net dma_length_i[5] only has one pin. Check if it is intended to be dangling.
[WARNING RSZ-0104] Net dma_length_i[4] only has one pin. Check if it is intended to be dangling.
[WARNING RSZ-0104] Net dma_length_i[3] only has one pin. Check if it is intended to be dangling.
[WARNING RSZ-0104] Net dma_length_i[2] only has one pin. Check if it is intended to be dangling.
[WARNING RSZ-0104] Net dma_length_i[1] only has one pin. Check if it is intended to be dangling.
[WARNING RSZ-0104] Net dma_length_i[15] only has one pin. Check if it is intended to be dangling.
[WARNING RSZ-0104] Net dma_length_i[14] only has one pin. Check if it is intended to be dangling.
[WARNING RSZ-0104] Net dma_length_i[13] only has one pin. Check if it is intended to be dangling.
[WARNING RSZ-0104] Net dma_length_i[12] only has one pin. Check if it is intended to be dangling.
[WARNING RSZ-0104] Net dma_length_i[11] only has one pin. Check if it is intended to be dangling.
[WARNING RSZ-0104] Net dma_length_i[10] only has one pin. Check if it is intended to be dangling.
[WARNING RSZ-0104] Net dma_length_i[0] only has one pin. Check if it is intended to be dangling.
[WARNING RSZ-0104] Net dma_dst_addr_i[9] only has one pin. Check if it is intended to be dangling.
[WARNING RSZ-0104] Net dma_dst_addr_i[8] only has one pin. Check if it is intended to be dangling.
[WARNING RSZ-0104] Net dma_dst_addr_i[7] only has one pin. Check if it is intended to be dangling.
[WARNING RSZ-0104] Net dma_dst_addr_i[6] only has one pin. Check if it is intended to be dangling.
[WARNING RSZ-0104] Net dma_dst_addr_i[5] only has one pin. Check if it is intended to be dangling.
[WARNING RSZ-0104] Net dma_dst_addr_i[4] only has one pin. Check if it is intended to be dangling.
[WARNING RSZ-0104] Net dma_dst_addr_i[3] only has one pin. Check if it is intended to be dangling.
[WARNING RSZ-0104] Net dma_dst_addr_i[31] only has one pin. Check if it is intended to be dangling.
[WARNING RSZ-0104] Net dma_dst_addr_i[30] only has one pin. Check if it is intended to be dangling.
[WARNING RSZ-0104] Net dma_dst_addr_i[2] only has one pin. Check if it is intended to be dangling.
[WARNING RSZ-0104] Net dma_dst_addr_i[29] only has one pin. Check if it is intended to be dangling.
[WARNING RSZ-0104] Net dma_dst_addr_i[28] only has one pin. Check if it is intended to be dangling.
[WARNING RSZ-0104] Net dma_dst_addr_i[27] only has one pin. Check if it is intended to be dangling.
[WARNING RSZ-0104] Net dma_dst_addr_i[26] only has one pin. Check if it is intended to be dangling.
[WARNING RSZ-0104] Net dma_dst_addr_i[25] only has one pin. Check if it is intended to be dangling.
[WARNING RSZ-0104] Net dma_dst_addr_i[24] only has one pin. Check if it is intended to be dangling.
[WARNING RSZ-0104] Net dma_dst_addr_i[23] only has one pin. Check if it is intended to be dangling.
[WARNING RSZ-0104] Net dma_dst_addr_i[22] only has one pin. Check if it is intended to be dangling.
[WARNING RSZ-0104] Net dma_dst_addr_i[21] only has one pin. Check if it is intended to be dangling.
[WARNING RSZ-0104] Net dma_dst_addr_i[20] only has one pin. Check if it is intended to be dangling.
[WARNING RSZ-0104] Net dma_dst_addr_i[1] only has one pin. Check if it is intended to be dangling.
[WARNING RSZ-0104] Net dma_dst_addr_i[19] only has one pin. Check if it is intended to be dangling.
[WARNING RSZ-0104] Net dma_dst_addr_i[18] only has one pin. Check if it is intended to be dangling.
[WARNING RSZ-0104] Net dma_dst_addr_i[17] only has one pin. Check if it is intended to be dangling.
[WARNING RSZ-0104] Net dma_dst_addr_i[16] only has one pin. Check if it is intended to be dangling.
[WARNING RSZ-0104] Net dma_dst_addr_i[15] only has one pin. Check if it is intended to be dangling.
[WARNING RSZ-0104] Net dma_dst_addr_i[14] only has one pin. Check if it is intended to be dangling.
[WARNING RSZ-0104] Net dma_dst_addr_i[13] only has one pin. Check if it is intended to be dangling.
[WARNING RSZ-0104] Net dma_dst_addr_i[12] only has one pin. Check if it is intended to be dangling.
[WARNING RSZ-0104] Net dma_dst_addr_i[11] only has one pin. Check if it is intended to be dangling.
[WARNING RSZ-0104] Net dma_dst_addr_i[10] only has one pin. Check if it is intended to be dangling.
[WARNING RSZ-0104] Net dma_dst_addr_i[0] only has one pin. Check if it is intended to be dangling.
[WARNING RSZ-0104] Net cpu_release_i only has one pin. Check if it is intended to be dangling.
[WARNING RSZ-0104] Net cfg_write_i only has one pin. Check if it is intended to be dangling.
[WARNING RSZ-0104] Net cfg_wdata_i[9] only has one pin. Check if it is intended to be dangling.
[WARNING RSZ-0104] Net cfg_wdata_i[8] only has one pin. Check if it is intended to be dangling.
[WARNING RSZ-0104] Net cfg_wdata_i[7] only has one pin. Check if it is intended to be dangling.
[WARNING RSZ-0104] Net cfg_wdata_i[6] only has one pin. Check if it is intended to be dangling.
[WARNING RSZ-0104] Net cfg_wdata_i[5] only has one pin. Check if it is intended to be dangling.
[WARNING RSZ-0104] Net cfg_wdata_i[4] only has one pin. Check if it is intended to be dangling.
[WARNING RSZ-0104] Net cfg_wdata_i[3] only has one pin. Check if it is intended to be dangling.
[WARNING RSZ-0104] Net cfg_wdata_i[31] only has one pin. Check if it is intended to be dangling.
[WARNING RSZ-0104] Net cfg_wdata_i[30] only has one pin. Check if it is intended to be dangling.
[WARNING RSZ-0104] Net cfg_wdata_i[2] only has one pin. Check if it is intended to be dangling.
[WARNING RSZ-0104] Net cfg_wdata_i[29] only has one pin. Check if it is intended to be dangling.
[WARNING RSZ-0104] Net cfg_wdata_i[28] only has one pin. Check if it is intended to be dangling.
[WARNING RSZ-0104] Net cfg_wdata_i[27] only has one pin. Check if it is intended to be dangling.
[WARNING RSZ-0104] Net cfg_wdata_i[26] only has one pin. Check if it is intended to be dangling.
[WARNING RSZ-0104] Net cfg_wdata_i[25] only has one pin. Check if it is intended to be dangling.
[WARNING RSZ-0104] Net cfg_wdata_i[24] only has one pin. Check if it is intended to be dangling.
[WARNING RSZ-0104] Net cfg_wdata_i[23] only has one pin. Check if it is intended to be dangling.
[WARNING RSZ-0104] Net cfg_wdata_i[22] only has one pin. Check if it is intended to be dangling.
[WARNING RSZ-0104] Net cfg_wdata_i[21] only has one pin. Check if it is intended to be dangling.
[WARNING RSZ-0104] Net cfg_wdata_i[20] only has one pin. Check if it is intended to be dangling.
[WARNING RSZ-0104] Net cfg_wdata_i[1] only has one pin. Check if it is intended to be dangling.
[WARNING RSZ-0104] Net cfg_wdata_i[19] only has one pin. Check if it is intended to be dangling.
[WARNING RSZ-0104] Net cfg_wdata_i[18] only has one pin. Check if it is intended to be dangling.
[WARNING RSZ-0104] Net cfg_wdata_i[17] only has one pin. Check if it is intended to be dangling.
[WARNING RSZ-0104] Net cfg_wdata_i[16] only has one pin. Check if it is intended to be dangling.
[WARNING RSZ-0104] Net cfg_wdata_i[15] only has one pin. Check if it is intended to be dangling.
[WARNING RSZ-0104] Net cfg_wdata_i[14] only has one pin. Check if it is intended to be dangling.
[WARNING RSZ-0104] Net cfg_wdata_i[13] only has one pin. Check if it is intended to be dangling.
[WARNING RSZ-0104] Net cfg_wdata_i[12] only has one pin. Check if it is intended to be dangling.
[WARNING RSZ-0104] Net cfg_wdata_i[11] only has one pin. Check if it is intended to be dangling.
[WARNING RSZ-0104] Net cfg_wdata_i[10] only has one pin. Check if it is intended to be dangling.
[WARNING RSZ-0104] Net cfg_wdata_i[0] only has one pin. Check if it is intended to be dangling.
[WARNING RSZ-0104] Net cfg_addr_i[9] only has one pin. Check if it is intended to be dangling.
[WARNING RSZ-0104] Net cfg_addr_i[8] only has one pin. Check if it is intended to be dangling.
[WARNING RSZ-0104] Net cfg_addr_i[7] only has one pin. Check if it is intended to be dangling.
[WARNING RSZ-0104] Net cfg_addr_i[6] only has one pin. Check if it is intended to be dangling.
[WARNING RSZ-0104] Net cfg_addr_i[5] only has one pin. Check if it is intended to be dangling.
[WARNING RSZ-0104] Net cfg_addr_i[4] only has one pin. Check if it is intended to be dangling.
[WARNING RSZ-0104] Net cfg_addr_i[3] only has one pin. Check if it is intended to be dangling.
[WARNING RSZ-0104] Net cfg_addr_i[31] only has one pin. Check if it is intended to be dangling.
[WARNING RSZ-0104] Net cfg_addr_i[30] only has one pin. Check if it is intended to be dangling.
[WARNING RSZ-0104] Net cfg_addr_i[2] only has one pin. Check if it is intended to be dangling.
[WARNING RSZ-0104] Net cfg_addr_i[29] only has one pin. Check if it is intended to be dangling.
[WARNING RSZ-0104] Net cfg_addr_i[28] only has one pin. Check if it is intended to be dangling.
[WARNING RSZ-0104] Net cfg_addr_i[27] only has one pin. Check if it is intended to be dangling.
[WARNING RSZ-0104] Net cfg_addr_i[26] only has one pin. Check if it is intended to be dangling.
[WARNING RSZ-0104] Net cfg_addr_i[25] only has one pin. Check if it is intended to be dangling.
[WARNING RSZ-0104] Net cfg_addr_i[24] only has one pin. Check if it is intended to be dangling.
[WARNING RSZ-0104] Net cfg_addr_i[23] only has one pin. Check if it is intended to be dangling.
[WARNING RSZ-0104] Net cfg_addr_i[22] only has one pin. Check if it is intended to be dangling.
[WARNING RSZ-0104] Net cfg_addr_i[21] only has one pin. Check if it is intended to be dangling.
[WARNING RSZ-0104] Net cfg_addr_i[20] only has one pin. Check if it is intended to be dangling.
[WARNING RSZ-0104] Net cfg_addr_i[1] only has one pin. Check if it is intended to be dangling.
[WARNING RSZ-0104] Net cfg_addr_i[19] only has one pin. Check if it is intended to be dangling.
[WARNING RSZ-0104] Net cfg_addr_i[18] only has one pin. Check if it is intended to be dangling.
[WARNING RSZ-0104] Net cfg_addr_i[17] only has one pin. Check if it is intended to be dangling.
[WARNING RSZ-0104] Net cfg_addr_i[16] only has one pin. Check if it is intended to be dangling.
[WARNING RSZ-0104] Net cfg_addr_i[15] only has one pin. Check if it is intended to be dangling.
[WARNING RSZ-0104] Net cfg_addr_i[14] only has one pin. Check if it is intended to be dangling.
[WARNING RSZ-0104] Net cfg_addr_i[13] only has one pin. Check if it is intended to be dangling.
[WARNING RSZ-0104] Net cfg_addr_i[12] only has one pin. Check if it is intended to be dangling.
[WARNING RSZ-0104] Net cfg_addr_i[11] only has one pin. Check if it is intended to be dangling.
[WARNING RSZ-0104] Net cfg_addr_i[10] only has one pin. Check if it is intended to be dangling.
[WARNING RSZ-0104] Net cfg_addr_i[0] only has one pin. Check if it is intended to be dangling.
    final |     +0.0% |       1 |       1 |             1 |         0
---------------------------------------------------------------------
[INFO RSZ-0034] Found 2 slew violations.
[INFO RSZ-0039] Resized 1 instances.
[INFO RSZ-0038] Inserted 1 buffers in 1 nets.
[INFO RSZ-0504] Runtime: 3.39s
global_route -start_incremental
detailed_placement
[INFO DPL-0006] Core area: 271002.41 um^2
[INFO DPL-0007] Movable instances area: 162758.60 um^2
[INFO DPL-0008] Fixed instances area within core: 4466.78 um^2
[INFO DPL-0009] Utilization: 61.7%
[INFO DPL-0005] Diamond search max displacement: +/- 500 sites horizontally, +/- 100 rows vertically.
[INFO DPL-1102] Legalizing using negotiation legalizer.
[INFO DPL-1103] Negotiation base search window: +/-20 sites horizontally, +/-5 rows vertically 
	Automatic search window extension enabled.
	Search window extendable up to the max displacement cap of +/-500 sites, +/-100 rows near walls.
[INFO DPL-1104] NegotiationLegalizer DRC penalty: 5.
[INFO DPL-0392] Negotiation cell height distribution (1 unique row-count(s)):
[INFO DPL-0393]   height 1 row(s): 21259 cells
          |      Total |  Illegal |  Illegal
Iteration | Violations |    Cells |    Sites
---------------------------------------------
        0 |          0 |         0 |         0
Negotiation phase 1 converged at iteration 0.
[INFO DPL-0500] Runtime: 0.07s
Placement Analysis
---------------------------------
total displacement          2.7 u
average displacement        0.0 u
max displacement            2.7 u
original HPWL          533333.9 u
legalized HPWL         533338.4 u
delta HPWL                    0 %

global_route -end_incremental -congestion_report_file /work/reports/sky130hd/m7_j0/p9p5/congestion_post_repair_design.rpt
Repair setup and hold violations...
estimate_parasitics -global_routing
repair_timing -setup_margin 0 -hold_margin 0 -repair_tns 100 -verbose
[INFO RSZ-0100] Repair move sequence: UnbufferMove SizeUpMove SwapPinsMove BufferMove CloneMove SplitLoadMove 
[INFO RSZ-0094] Found 849 endpoints with setup violations.
[INFO RSZ-0099] Repairing 849 out of 849 (100.00%) violating endpoints...
   Iter   | Removed | Resized | Inserted | Cloned |  Pin  |   Area   |    WNS   |   StTNS    |   EnTNS    |  Viol  |  Worst  
          | Buffers |  Gates  | Buffers  |  Gates | Swaps |          |          |            |            | Endpts | St/EnPt 
------------------------------------------------------------------------------------------------------------------------------
       0* |       0 |       0 |        0 |      0 |     0 |    +0.0% |   -1.421 |     -768.5 |     -629.0 |    849 | u.u_ibex.gen_regfile_ff.register_file_i.g_rf_flops\[27\].rf_reg_q\[23\]$_DFFE_PN0P_/D
      10* |       0 |       9 |        0 |      0 |     0 |    +0.0% |   -0.710 |     -591.3 |     -342.0 |    849 | u.u_ibex.gen_regfile_ff.register_file_i.g_rf_flops\[28\].rf_reg_q\[23\]$_DFFE_PN0P_/D
      20* |       0 |      17 |        1 |      0 |     1 |    +0.1% |   -0.587 |     -588.1 |     -267.3 |    849 | u.u_ibex.gen_regfile_ff.register_file_i.g_rf_flops\[28\].rf_reg_q\[23\]$_DFFE_PN0P_/D
      30* |       0 |      26 |        1 |      0 |     2 |    +0.1% |   -0.496 |     -587.4 |     -234.0 |    849 | u.u_ibex.gen_regfile_ff.register_file_i.g_rf_flops\[22\].rf_reg_q\[28\]$_DFFE_PN0P_/D
      40* |       0 |      35 |        1 |      0 |     3 |    +0.1% |   -0.510 |     -587.4 |     -203.8 |    849 | u.u_ibex.gen_regfile_ff.register_file_i.g_rf_flops\[22\].rf_reg_q\[28\]$_DFFE_PN0P_/D
      50* |       0 |      44 |        1 |      1 |     3 |    +0.1% |   -0.422 |     -585.9 |     -170.4 |    849 | u.u_ibex.u_ibex_core.if_stage_i.gen_prefetch_buffer.prefetch_buffer_i.fifo_i.rdata_q\[48\]$_DFFE_PP_/DE
      60* |       0 |      49 |        3 |      1 |     7 |    +0.2% |   -0.393 |     -585.0 |     -161.5 |    849 | u.u_ibex.gen_regfile_ff.register_file_i.g_rf_flops\[22\].rf_reg_q\[28\]$_DFFE_PN0P_/D
      70* |       0 |      59 |        3 |      1 |     7 |    +0.2% |   -0.306 |     -582.5 |     -123.0 |    849 | u.u_ibex.gen_regfile_ff.register_file_i.g_rf_flops\[22\].rf_reg_q\[28\]$_DFFE_PN0P_/D
      80* |       0 |      69 |        3 |      1 |     7 |    +0.2% |   -0.267 |     -581.9 |      -89.3 |    849 | instr_addr_o[30]
      90* |       0 |      76 |        4 |      2 |     8 |    +0.3% |   -0.241 |     -581.6 |      -82.4 |    849 | u.u_ibex.gen_regfile_ff.register_file_i.g_rf_flops\[22\].rf_reg_q\[28\]$_DFFE_PN0P_/D
     100* |       0 |      83 |        5 |      2 |    10 |    +0.3% |   -0.236 |     -581.0 |      -78.2 |    849 | u.u_ibex.gen_regfile_ff.register_file_i.g_rf_flops\[22\].rf_reg_q\[28\]$_DFFE_PN0P_/D
     110* |       0 |      92 |        5 |      3 |    10 |    +0.3% |   -0.199 |     -580.7 |      -60.2 |    849 | instr_addr_o[31]
     120* |       0 |      99 |        7 |      3 |    12 |    +0.4% |   -0.184 |     -580.4 |      -49.9 |    849 | u.u_ibex.gen_regfile_ff.register_file_i.g_rf_flops\[29\].rf_reg_q\[24\]$_DFFE_PN0P_/D
     130* |       0 |     107 |        8 |      3 |    13 |    +0.4% |   -0.164 |     -580.0 |      -41.0 |    849 | u.u_ibex.u_ibex_core.if_stage_i.gen_prefetch_buffer.prefetch_buffer_i.fifo_i.rdata_q\[48\]$_DFFE_PP_/DE
     140* |       0 |     113 |       12 |      3 |    16 |    +0.4% |   -0.159 |     -580.0 |      -36.7 |    849 | u.u_ibex.gen_regfile_ff.register_file_i.g_rf_flops\[22\].rf_reg_q\[28\]$_DFFE_PN0P_/D
     150* |       0 |     118 |       15 |      4 |    18 |    +0.5% |   -0.153 |     -579.6 |      -30.5 |    849 | u.u_ibex.gen_regfile_ff.register_file_i.g_rf_flops\[22\].rf_reg_q\[28\]$_DFFE_PN0P_/D
     160* |       0 |     124 |       17 |      5 |    19 |    +0.5% |   -0.130 |     -579.1 |      -26.0 |    849 | u.u_ibex.gen_regfile_ff.register_file_i.g_rf_flops\[28\].rf_reg_q\[23\]$_DFFE_PN0P_/D
     170* |       1 |     129 |       20 |      5 |    21 |    +0.5% |   -0.113 |     -579.0 |      -19.8 |    849 | u.u_ibex.gen_regfile_ff.register_file_i.g_rf_flops\[28\].rf_reg_q\[23\]$_DFFE_PN0P_/D
     180* |       1 |     139 |       20 |      5 |    21 |    +0.6% |   -0.088 |     -578.9 |       -9.7 |    849 | u.u_ibex.u_ibex_core.if_stage_i.gen_prefetch_buffer.prefetch_buffer_i.fifo_i.rdata_q\[48\]$_DFFE_PP_/DE
     190* |       1 |     145 |       23 |      6 |    22 |    +0.6% |   -0.063 |     -578.6 |       -4.8 |    849 | u.u_ibex.gen_regfile_ff.register_file_i.g_rf_flops\[29\].rf_reg_q\[24\]$_DFFE_PN0P_/D
     200* |       1 |     153 |       23 |      6 |    24 |    +0.6% |   -0.070 |     -578.6 |       -4.3 |    849 | u.u_ibex.gen_regfile_ff.register_file_i.g_rf_flops\[9\].rf_reg_q\[28\]$_DFFE_PN0P_/D
     210* |       1 |     155 |       35 |      6 |    29 |    +0.7% |   -0.135 |     -579.2 |       -6.4 |    849 | u.u_ibex.u_ibex_core.if_stage_i.gen_prefetch_buffer.prefetch_buffer_i.fifo_i.rdata_q\[48\]$_DFFE_PP_/DE
     216* |       1 |     161 |       35 |      6 |    29 |    +0.7% |   -0.050 |     -578.4 |       -1.2 |    849 | u.u_ibex.gen_regfile_ff.register_file_i.g_rf_flops\[9\].rf_reg_q\[28\]$_DFFE_PN0P_/D
     218* |       1 |     162 |       35 |      6 |    29 |    +0.7% |   -0.050 |     -578.4 |       -1.2 |    849 | u.u_ibex.gen_regfile_ff.register_file_i.g_rf_flops\[9\].rf_reg_q\[28\]$_DFFE_PN0P_/D
     219* |       1 |     162 |       35 |      6 |    29 |    +0.7% |   -0.050 |     -578.4 |       -1.2 |    849 | u.u_ibex.gen_regfile_ff.register_file_i.g_rf_flops\[9\].rf_reg_q\[28\]$_DFFE_PN0P_/D
     220* |       1 |     162 |       35 |      6 |    29 |    +0.7% |   -0.050 |     -578.4 |       -1.2 |    849 | u.u_ibex.gen_regfile_ff.register_file_i.g_rf_flops\[9\].rf_reg_q\[28\]$_DFFE_PN0P_/D
     220* |       1 |     162 |       35 |      6 |    29 |    +0.7% |   -0.050 |     -578.4 |       -1.2 |    849 | u.u_ibex.gen_regfile_ff.register_file_i.g_rf_flops\[9\].rf_reg_q\[28\]$_DFFE_PN0P_/D
     221* |       1 |     162 |       35 |      6 |    29 |    +0.7% |   -0.050 |     -578.4 |       -1.2 |    849 | u.u_ibex.gen_regfile_ff.register_file_i.g_rf_flops\[9\].rf_reg_q\[28\]$_DFFE_PN0P_/D
     222* |       1 |     162 |       35 |      6 |    29 |    +0.7% |   -0.050 |     -578.4 |       -1.2 |    849 | u.u_ibex.gen_regfile_ff.register_file_i.g_rf_flops\[9\].rf_reg_q\[28\]$_DFFE_PN0P_/D
     223* |       1 |     162 |       35 |      6 |    29 |    +0.7% |   -0.050 |     -578.4 |       -1.2 |    849 | u.u_ibex.gen_regfile_ff.register_file_i.g_rf_flops\[9\].rf_reg_q\[28\]$_DFFE_PN0P_/D
     224* |       1 |     162 |       35 |      6 |    29 |    +0.7% |   -0.050 |     -578.4 |       -1.2 |    849 | u.u_ibex.gen_regfile_ff.register_file_i.g_rf_flops\[9\].rf_reg_q\[28\]$_DFFE_PN0P_/D
     225* |       1 |     162 |       35 |      6 |    29 |    +0.7% |   -0.050 |     -578.4 |       -1.2 |    849 | u.u_ibex.gen_regfile_ff.register_file_i.g_rf_flops\[9\].rf_reg_q\[28\]$_DFFE_PN0P_/D
     226* |       1 |     162 |       35 |      6 |    29 |    +0.7% |   -0.050 |     -578.4 |       -1.2 |    849 | u.u_ibex.gen_regfile_ff.register_file_i.g_rf_flops\[9\].rf_reg_q\[28\]$_DFFE_PN0P_/D
     227* |       1 |     162 |       35 |      6 |    29 |    +0.7% |   -0.050 |     -578.4 |       -1.2 |    849 | u.u_ibex.gen_regfile_ff.register_file_i.g_rf_flops\[9\].rf_reg_q\[28\]$_DFFE_PN0P_/D
     228* |       1 |     162 |       35 |      6 |    29 |    +0.7% |   -0.050 |     -578.4 |       -1.2 |    849 | u.u_ibex.gen_regfile_ff.register_file_i.g_rf_flops\[9\].rf_reg_q\[28\]$_DFFE_PN0P_/D
     229* |       1 |     162 |       35 |      6 |    29 |    +0.7% |   -0.050 |     -578.4 |       -1.2 |    849 | u.u_ibex.gen_regfile_ff.register_file_i.g_rf_flops\[9\].rf_reg_q\[28\]$_DFFE_PN0P_/D
     230* |       1 |     162 |       35 |      6 |    29 |    +0.7% |   -0.050 |     -578.4 |       -1.2 |    849 | u.u_ibex.gen_regfile_ff.register_file_i.g_rf_flops\[9\].rf_reg_q\[28\]$_DFFE_PN0P_/D
     230* |       1 |     162 |       35 |      6 |    29 |    +0.7% |   -0.050 |     -578.4 |       -1.2 |    849 | u.u_ibex.gen_regfile_ff.register_file_i.g_rf_flops\[9\].rf_reg_q\[28\]$_DFFE_PN0P_/D
     231* |       1 |     162 |       35 |      6 |    29 |    +0.7% |   -0.050 |     -578.4 |       -1.2 |    849 | u.u_ibex.gen_regfile_ff.register_file_i.g_rf_flops\[9\].rf_reg_q\[28\]$_DFFE_PN0P_/D
     232* |       1 |     162 |       35 |      6 |    29 |    +0.7% |   -0.050 |     -578.4 |       -1.2 |    849 | u.u_ibex.gen_regfile_ff.register_file_i.g_rf_flops\[9\].rf_reg_q\[28\]$_DFFE_PN0P_/D
     233* |       1 |     162 |       35 |      6 |    29 |    +0.7% |   -0.050 |     -578.4 |       -1.2 |    849 | u.u_ibex.gen_regfile_ff.register_file_i.g_rf_flops\[9\].rf_reg_q\[28\]$_DFFE_PN0P_/D
     234* |       1 |     162 |       35 |      6 |    29 |    +0.7% |   -0.050 |     -578.4 |       -1.2 |    849 | u.u_ibex.gen_regfile_ff.register_file_i.g_rf_flops\[9\].rf_reg_q\[28\]$_DFFE_PN0P_/D
     235* |       1 |     162 |       35 |      6 |    29 |    +0.7% |   -0.050 |     -578.4 |       -1.2 |    849 | u.u_ibex.gen_regfile_ff.register_file_i.g_rf_flops\[9\].rf_reg_q\[28\]$_DFFE_PN0P_/D
     236* |       1 |     162 |       35 |      6 |    29 |    +0.7% |   -0.050 |     -578.4 |       -1.2 |    849 | u.u_ibex.gen_regfile_ff.register_file_i.g_rf_flops\[9\].rf_reg_q\[28\]$_DFFE_PN0P_/D
     237* |       1 |     162 |       35 |      6 |    29 |    +0.7% |   -0.050 |     -578.4 |       -1.2 |    849 | u.u_ibex.gen_regfile_ff.register_file_i.g_rf_flops\[9\].rf_reg_q\[28\]$_DFFE_PN0P_/D
     238* |       1 |     162 |       35 |      6 |    29 |    +0.7% |   -0.050 |     -578.4 |       -1.2 |    849 | u.u_ibex.gen_regfile_ff.register_file_i.g_rf_flops\[9\].rf_reg_q\[28\]$_DFFE_PN0P_/D
     239* |       1 |     162 |       35 |      6 |    29 |    +0.7% |   -0.050 |     -578.4 |       -1.2 |    849 | u.u_ibex.gen_regfile_ff.register_file_i.g_rf_flops\[9\].rf_reg_q\[28\]$_DFFE_PN0P_/D
     240* |       1 |     162 |       35 |      6 |    29 |    +0.7% |   -0.050 |     -578.4 |       -1.2 |    849 | u.u_ibex.gen_regfile_ff.register_file_i.g_rf_flops\[9\].rf_reg_q\[28\]$_DFFE_PN0P_/D
     240* |       1 |     162 |       35 |      6 |    29 |    +0.7% |   -0.050 |     -578.4 |       -1.2 |    849 | u.u_ibex.gen_regfile_ff.register_file_i.g_rf_flops\[9\].rf_reg_q\[28\]$_DFFE_PN0P_/D
     241* |       1 |     162 |       35 |      6 |    29 |    +0.7% |   -0.050 |     -578.4 |       -1.2 |    849 | u.u_ibex.gen_regfile_ff.register_file_i.g_rf_flops\[9\].rf_reg_q\[28\]$_DFFE_PN0P_/D
     242* |       1 |     162 |       35 |      6 |    29 |    +0.7% |   -0.050 |     -578.4 |       -1.2 |    849 | u.u_ibex.gen_regfile_ff.register_file_i.g_rf_flops\[9\].rf_reg_q\[28\]$_DFFE_PN0P_/D
     243* |       1 |     162 |       35 |      6 |    29 |    +0.7% |   -0.050 |     -578.4 |       -1.2 |    849 | u.u_ibex.gen_regfile_ff.register_file_i.g_rf_flops\[9\].rf_reg_q\[28\]$_DFFE_PN0P_/D
     244* |       1 |     162 |       35 |      6 |    29 |    +0.7% |   -0.050 |     -578.4 |       -1.2 |    849 | u.u_ibex.gen_regfile_ff.register_file_i.g_rf_flops\[9\].rf_reg_q\[28\]$_DFFE_PN0P_/D
     245* |       1 |     162 |       35 |      6 |    29 |    +0.7% |   -0.050 |     -578.4 |       -1.2 |    849 | u.u_ibex.gen_regfile_ff.register_file_i.g_rf_flops\[9\].rf_reg_q\[28\]$_DFFE_PN0P_/D
     246* |       1 |     162 |       35 |      6 |    29 |    +0.7% |   -0.050 |     -578.4 |       -1.2 |    849 | u.u_ibex.gen_regfile_ff.register_file_i.g_rf_flops\[9\].rf_reg_q\[28\]$_DFFE_PN0P_/D
     247* |       1 |     162 |       35 |      6 |    29 |    +0.7% |   -0.050 |     -578.4 |       -1.2 |    849 | u.u_ibex.gen_regfile_ff.register_file_i.g_rf_flops\[9\].rf_reg_q\[28\]$_DFFE_PN0P_/D
     248* |       1 |     162 |       35 |      6 |    29 |    +0.7% |   -0.050 |     -578.4 |       -1.2 |    849 | u.u_ibex.gen_regfile_ff.register_file_i.g_rf_flops\[9\].rf_reg_q\[28\]$_DFFE_PN0P_/D
     249* |       1 |     162 |       35 |      6 |    29 |    +0.7% |   -0.050 |     -578.4 |       -1.2 |    849 | u.u_ibex.gen_regfile_ff.register_file_i.g_rf_flops\[9\].rf_reg_q\[28\]$_DFFE_PN0P_/D
     250* |       1 |     162 |       35 |      6 |    29 |    +0.7% |   -0.050 |     -578.4 |       -1.2 |    849 | u.u_ibex.gen_regfile_ff.register_file_i.g_rf_flops\[9\].rf_reg_q\[28\]$_DFFE_PN0P_/D
     250* |       1 |     162 |       35 |      6 |    29 |    +0.7% |   -0.050 |     -578.4 |       -1.2 |    849 | u.u_ibex.gen_regfile_ff.register_file_i.g_rf_flops\[9\].rf_reg_q\[28\]$_DFFE_PN0P_/D
     251* |       1 |     162 |       35 |      6 |    29 |    +0.7% |   -0.050 |     -578.4 |       -1.2 |    849 | u.u_ibex.gen_regfile_ff.register_file_i.g_rf_flops\[9\].rf_reg_q\[28\]$_DFFE_PN0P_/D
     252* |       1 |     162 |       35 |      6 |    29 |    +0.7% |   -0.050 |     -578.4 |       -1.2 |    849 | u.u_ibex.gen_regfile_ff.register_file_i.g_rf_flops\[9\].rf_reg_q\[28\]$_DFFE_PN0P_/D
     253* |       1 |     162 |       35 |      6 |    29 |    +0.7% |   -0.050 |     -578.4 |       -1.2 |    849 | u.u_ibex.gen_regfile_ff.register_file_i.g_rf_flops\[9\].rf_reg_q\[28\]$_DFFE_PN0P_/D
     254* |       1 |     162 |       35 |      6 |    29 |    +0.7% |   -0.050 |     -578.4 |       -1.2 |    849 | u.u_ibex.gen_regfile_ff.register_file_i.g_rf_flops\[9\].rf_reg_q\[28\]$_DFFE_PN0P_/D
     255* |       1 |     162 |       35 |      6 |    29 |    +0.7% |   -0.050 |     -578.4 |       -1.2 |    849 | u.u_ibex.gen_regfile_ff.register_file_i.g_rf_flops\[9\].rf_reg_q\[28\]$_DFFE_PN0P_/D
     256* |       1 |     162 |       35 |      6 |    29 |    +0.7% |   -0.050 |     -578.4 |       -1.2 |    849 | u.u_ibex.gen_regfile_ff.register_file_i.g_rf_flops\[9\].rf_reg_q\[28\]$_DFFE_PN0P_/D
     257* |       1 |     162 |       35 |      6 |    29 |    +0.7% |   -0.050 |     -578.4 |       -1.2 |    849 | u.u_ibex.gen_regfile_ff.register_file_i.g_rf_flops\[9\].rf_reg_q\[28\]$_DFFE_PN0P_/D
     258* |       1 |     162 |       35 |      6 |    29 |    +0.7% |   -0.050 |     -578.4 |       -1.2 |    849 | u.u_ibex.gen_regfile_ff.register_file_i.g_rf_flops\[9\].rf_reg_q\[28\]$_DFFE_PN0P_/D
     259* |       1 |     162 |       35 |      6 |    29 |    +0.7% |   -0.050 |     -578.4 |       -1.2 |    849 | u.u_ibex.gen_regfile_ff.register_file_i.g_rf_flops\[9\].rf_reg_q\[28\]$_DFFE_PN0P_/D
     260* |       1 |     162 |       35 |      6 |    29 |    +0.7% |   -0.050 |     -578.4 |       -1.2 |    849 | u.u_ibex.gen_regfile_ff.register_file_i.g_rf_flops\[9\].rf_reg_q\[28\]$_DFFE_PN0P_/D
     260* |       1 |     162 |       35 |      6 |    29 |    +0.7% |   -0.050 |     -578.4 |       -1.2 |    849 | u.u_ibex.gen_regfile_ff.register_file_i.g_rf_flops\[9\].rf_reg_q\[28\]$_DFFE_PN0P_/D
     261* |       1 |     162 |       35 |      6 |    29 |    +0.7% |   -0.050 |     -578.4 |       -1.2 |    849 | u.u_ibex.gen_regfile_ff.register_file_i.g_rf_flops\[9\].rf_reg_q\[28\]$_DFFE_PN0P_/D
     262* |       1 |     162 |       35 |      6 |    29 |    +0.7% |   -0.050 |     -578.4 |       -1.2 |    849 | u.u_ibex.gen_regfile_ff.register_file_i.g_rf_flops\[9\].rf_reg_q\[28\]$_DFFE_PN0P_/D
     263* |       1 |     162 |       35 |      6 |    29 |    +0.7% |   -0.050 |     -578.4 |       -1.2 |    849 | u.u_ibex.gen_regfile_ff.register_file_i.g_rf_flops\[9\].rf_reg_q\[28\]$_DFFE_PN0P_/D
     264* |       1 |     162 |       35 |      6 |    29 |    +0.7% |   -0.050 |     -578.4 |       -1.2 |    849 | u.u_ibex.gen_regfile_ff.register_file_i.g_rf_flops\[9\].rf_reg_q\[28\]$_DFFE_PN0P_/D
     265* |       1 |     162 |       35 |      6 |    29 |    +0.7% |   -0.050 |     -578.4 |       -1.2 |    849 | u.u_ibex.gen_regfile_ff.register_file_i.g_rf_flops\[9\].rf_reg_q\[28\]$_DFFE_PN0P_/D
     266* |       1 |     162 |       35 |      6 |    29 |    +0.7% |   -0.050 |     -578.4 |       -1.2 |    849 | u.u_ibex.gen_regfile_ff.register_file_i.g_rf_flops\[9\].rf_reg_q\[28\]$_DFFE_PN0P_/D
     267* |       1 |     162 |       35 |      6 |    29 |    +0.7% |   -0.050 |     -578.4 |       -1.2 |    849 | u.u_ibex.gen_regfile_ff.register_file_i.g_rf_flops\[9\].rf_reg_q\[28\]$_DFFE_PN0P_/D
     268* |       1 |     162 |       35 |      6 |    29 |    +0.7% |   -0.050 |     -578.4 |       -1.2 |    849 | u.u_ibex.gen_regfile_ff.register_file_i.g_rf_flops\[9\].rf_reg_q\[28\]$_DFFE_PN0P_/D
     269* |       1 |     162 |       35 |      6 |    29 |    +0.7% |   -0.050 |     -578.4 |       -1.2 |    849 | u.u_ibex.gen_regfile_ff.register_file_i.g_rf_flops\[9\].rf_reg_q\[28\]$_DFFE_PN0P_/D
     270* |       1 |     162 |       35 |      6 |    29 |    +0.7% |   -0.050 |     -578.4 |       -1.2 |    849 | u.u_ibex.gen_regfile_ff.register_file_i.g_rf_flops\[9\].rf_reg_q\[28\]$_DFFE_PN0P_/D
     270* |       1 |     162 |       35 |      6 |    29 |    +0.7% |   -0.050 |     -578.4 |       -1.2 |    849 | u.u_ibex.gen_regfile_ff.register_file_i.g_rf_flops\[9\].rf_reg_q\[28\]$_DFFE_PN0P_/D
     271* |       1 |     162 |       35 |      6 |    29 |    +0.7% |   -0.050 |     -578.4 |       -1.2 |    849 | u.u_ibex.gen_regfile_ff.register_file_i.g_rf_flops\[9\].rf_reg_q\[28\]$_DFFE_PN0P_/D
     272* |       1 |     162 |       35 |      6 |    29 |    +0.7% |   -0.050 |     -578.4 |       -1.2 |    849 | u.u_ibex.gen_regfile_ff.register_file_i.g_rf_flops\[9\].rf_reg_q\[28\]$_DFFE_PN0P_/D
     273* |       1 |     162 |       35 |      6 |    29 |    +0.7% |   -0.050 |     -578.4 |       -1.2 |    849 | u.u_ibex.gen_regfile_ff.register_file_i.g_rf_flops\[9\].rf_reg_q\[28\]$_DFFE_PN0P_/D
     274* |       1 |     162 |       35 |      6 |    29 |    +0.7% |   -0.050 |     -578.4 |       -1.2 |    849 | u.u_ibex.gen_regfile_ff.register_file_i.g_rf_flops\[9\].rf_reg_q\[28\]$_DFFE_PN0P_/D
     275* |       1 |     162 |       35 |      6 |    29 |    +0.7% |   -0.050 |     -578.4 |       -1.2 |    849 | u.u_ibex.gen_regfile_ff.register_file_i.g_rf_flops\[9\].rf_reg_q\[28\]$_DFFE_PN0P_/D
     276* |       1 |     162 |       35 |      6 |    29 |    +0.7% |   -0.050 |     -578.4 |       -1.2 |    849 | u.u_ibex.gen_regfile_ff.register_file_i.g_rf_flops\[9\].rf_reg_q\[28\]$_DFFE_PN0P_/D
     277* |       1 |     162 |       35 |      6 |    29 |    +0.7% |   -0.050 |     -578.4 |       -1.2 |    849 | u.u_ibex.gen_regfile_ff.register_file_i.g_rf_flops\[9\].rf_reg_q\[28\]$_DFFE_PN0P_/D
     278* |       1 |     162 |       35 |      6 |    29 |    +0.7% |   -0.050 |     -578.4 |       -1.2 |    849 | u.u_ibex.gen_regfile_ff.register_file_i.g_rf_flops\[9\].rf_reg_q\[28\]$_DFFE_PN0P_/D
     279* |       1 |     162 |       35 |      6 |    29 |    +0.7% |   -0.050 |     -578.4 |       -1.2 |    849 | u.u_ibex.gen_regfile_ff.register_file_i.g_rf_flops\[9\].rf_reg_q\[28\]$_DFFE_PN0P_/D
     280* |       1 |     162 |       35 |      6 |    29 |    +0.7% |   -0.050 |     -578.4 |       -1.2 |    849 | u.u_ibex.gen_regfile_ff.register_file_i.g_rf_flops\[9\].rf_reg_q\[28\]$_DFFE_PN0P_/D
     280* |       1 |     162 |       35 |      6 |    29 |    +0.7% |   -0.050 |     -578.4 |       -1.2 |    849 | u.u_ibex.gen_regfile_ff.register_file_i.g_rf_flops\[9\].rf_reg_q\[28\]$_DFFE_PN0P_/D
     281* |       1 |     162 |       35 |      6 |    29 |    +0.7% |   -0.050 |     -578.4 |       -1.2 |    849 | u.u_ibex.gen_regfile_ff.register_file_i.g_rf_flops\[9\].rf_reg_q\[28\]$_DFFE_PN0P_/D
     282* |       1 |     162 |       35 |      6 |    29 |    +0.7% |   -0.050 |     -578.4 |       -1.2 |    849 | u.u_ibex.gen_regfile_ff.register_file_i.g_rf_flops\[9\].rf_reg_q\[28\]$_DFFE_PN0P_/D
     283* |       1 |     162 |       35 |      6 |    29 |    +0.7% |   -0.050 |     -578.4 |       -1.2 |    849 | u.u_ibex.gen_regfile_ff.register_file_i.g_rf_flops\[9\].rf_reg_q\[28\]$_DFFE_PN0P_/D
     284* |       1 |     162 |       35 |      6 |    29 |    +0.7% |   -0.050 |     -578.4 |       -1.2 |    849 | u.u_ibex.gen_regfile_ff.register_file_i.g_rf_flops\[9\].rf_reg_q\[28\]$_DFFE_PN0P_/D
     285* |       1 |     162 |       35 |      6 |    29 |    +0.7% |   -0.050 |     -578.4 |       -1.2 |    849 | u.u_ibex.gen_regfile_ff.register_file_i.g_rf_flops\[9\].rf_reg_q\[28\]$_DFFE_PN0P_/D
     286* |       1 |     162 |       35 |      6 |    29 |    +0.7% |   -0.050 |     -578.4 |       -1.2 |    849 | u.u_ibex.gen_regfile_ff.register_file_i.g_rf_flops\[9\].rf_reg_q\[28\]$_DFFE_PN0P_/D
     287* |       1 |     162 |       35 |      6 |    29 |    +0.7% |   -0.050 |     -578.4 |       -1.2 |    849 | u.u_ibex.gen_regfile_ff.register_file_i.g_rf_flops\[9\].rf_reg_q\[28\]$_DFFE_PN0P_/D
     288* |       1 |     162 |       35 |      6 |    29 |    +0.7% |   -0.050 |     -578.4 |       -1.2 |    849 | u.u_ibex.gen_regfile_ff.register_file_i.g_rf_flops\[9\].rf_reg_q\[28\]$_DFFE_PN0P_/D
     289* |       1 |     162 |       35 |      6 |    29 |    +0.7% |   -0.050 |     -578.4 |       -1.2 |    849 | u.u_ibex.gen_regfile_ff.register_file_i.g_rf_flops\[9\].rf_reg_q\[28\]$_DFFE_PN0P_/D
     290* |       1 |     162 |       35 |      6 |    29 |    +0.7% |   -0.050 |     -578.4 |       -1.2 |    849 | u.u_ibex.gen_regfile_ff.register_file_i.g_rf_flops\[9\].rf_reg_q\[28\]$_DFFE_PN0P_/D
     290* |       1 |     162 |       35 |      6 |    29 |    +0.7% |   -0.050 |     -578.4 |       -1.2 |    849 | u.u_ibex.gen_regfile_ff.register_file_i.g_rf_flops\[9\].rf_reg_q\[28\]$_DFFE_PN0P_/D
     291* |       1 |     162 |       35 |      6 |    29 |    +0.7% |   -0.050 |     -578.4 |       -1.2 |    849 | u.u_ibex.gen_regfile_ff.register_file_i.g_rf_flops\[9\].rf_reg_q\[28\]$_DFFE_PN0P_/D
     292* |       1 |     162 |       35 |      6 |    29 |    +0.7% |   -0.050 |     -578.4 |       -1.2 |    849 | u.u_ibex.gen_regfile_ff.register_file_i.g_rf_flops\[9\].rf_reg_q\[28\]$_DFFE_PN0P_/D
     293* |       1 |     162 |       35 |      6 |    29 |    +0.7% |   -0.050 |     -578.4 |       -1.2 |    849 | u.u_ibex.gen_regfile_ff.register_file_i.g_rf_flops\[9\].rf_reg_q\[28\]$_DFFE_PN0P_/D
     294* |       1 |     162 |       35 |      6 |    29 |    +0.7% |   -0.050 |     -578.4 |       -1.2 |    849 | u.u_ibex.gen_regfile_ff.register_file_i.g_rf_flops\[9\].rf_reg_q\[28\]$_DFFE_PN0P_/D
     295* |       1 |     162 |       35 |      6 |    29 |    +0.7% |   -0.050 |     -578.4 |       -1.2 |    849 | u.u_ibex.gen_regfile_ff.register_file_i.g_rf_flops\[9\].rf_reg_q\[28\]$_DFFE_PN0P_/D
     296* |       1 |     162 |       35 |      6 |    29 |    +0.7% |   -0.050 |     -578.4 |       -1.2 |    849 | u.u_ibex.gen_regfile_ff.register_file_i.g_rf_flops\[9\].rf_reg_q\[28\]$_DFFE_PN0P_/D
     297* |       1 |     162 |       35 |      6 |    29 |    +0.7% |   -0.050 |     -578.4 |       -1.2 |    849 | u.u_ibex.gen_regfile_ff.register_file_i.g_rf_flops\[9\].rf_reg_q\[28\]$_DFFE_PN0P_/D
     298* |       1 |     162 |       35 |      6 |    29 |    +0.7% |   -0.050 |     -578.4 |       -1.2 |    849 | u.u_ibex.gen_regfile_ff.register_file_i.g_rf_flops\[9\].rf_reg_q\[28\]$_DFFE_PN0P_/D
     299* |       1 |     162 |       35 |      6 |    29 |    +0.7% |   -0.050 |     -578.4 |       -1.2 |    849 | u.u_ibex.gen_regfile_ff.register_file_i.g_rf_flops\[9\].rf_reg_q\[28\]$_DFFE_PN0P_/D
     300* |       1 |     162 |       35 |      6 |    29 |    +0.7% |   -0.050 |     -578.4 |       -1.2 |    849 | u.u_ibex.gen_regfile_ff.register_file_i.g_rf_flops\[9\].rf_reg_q\[28\]$_DFFE_PN0P_/D
     300* |       1 |     162 |       35 |      6 |    29 |    +0.7% |   -0.050 |     -578.4 |       -1.2 |    849 | u.u_ibex.gen_regfile_ff.register_file_i.g_rf_flops\[9\].rf_reg_q\[28\]$_DFFE_PN0P_/D
     301* |       1 |     162 |       35 |      6 |    29 |    +0.7% |   -0.050 |     -578.4 |       -1.2 |    849 | u.u_ibex.gen_regfile_ff.register_file_i.g_rf_flops\[9\].rf_reg_q\[28\]$_DFFE_PN0P_/D
     302* |       1 |     162 |       35 |      6 |    29 |    +0.7% |   -0.050 |     -578.4 |       -1.2 |    849 | u.u_ibex.gen_regfile_ff.register_file_i.g_rf_flops\[9\].rf_reg_q\[28\]$_DFFE_PN0P_/D
     305* |       1 |     163 |       35 |      6 |    30 |    +0.7% |   -0.046 |     -578.3 |       -1.0 |    849 | u.u_ibex.gen_regfile_ff.register_file_i.g_rf_flops\[9\].rf_reg_q\[28\]$_DFFE_PN0P_/D
     306* |       1 |     163 |       35 |      6 |    30 |    +0.7% |   -0.046 |     -578.3 |       -1.0 |    849 | u.u_ibex.gen_regfile_ff.register_file_i.g_rf_flops\[9\].rf_reg_q\[28\]$_DFFE_PN0P_/D
     307* |       1 |     163 |       35 |      6 |    30 |    +0.7% |   -0.046 |     -578.3 |       -1.0 |    849 | u.u_ibex.gen_regfile_ff.register_file_i.g_rf_flops\[9\].rf_reg_q\[28\]$_DFFE_PN0P_/D
     308* |       1 |     163 |       35 |      6 |    30 |    +0.7% |   -0.046 |     -578.3 |       -1.0 |    849 | u.u_ibex.gen_regfile_ff.register_file_i.g_rf_flops\[9\].rf_reg_q\[28\]$_DFFE_PN0P_/D
     309* |       1 |     163 |       35 |      6 |    30 |    +0.7% |   -0.046 |     -578.3 |       -1.0 |    849 | u.u_ibex.gen_regfile_ff.register_file_i.g_rf_flops\[9\].rf_reg_q\[28\]$_DFFE_PN0P_/D
     310* |       1 |     163 |       35 |      6 |    30 |    +0.7% |   -0.046 |     -578.3 |       -1.0 |    849 | u.u_ibex.gen_regfile_ff.register_file_i.g_rf_flops\[9\].rf_reg_q\[28\]$_DFFE_PN0P_/D
     310* |       1 |     163 |       35 |      6 |    30 |    +0.7% |   -0.046 |     -578.3 |       -1.0 |    849 | u.u_ibex.gen_regfile_ff.register_file_i.g_rf_flops\[9\].rf_reg_q\[28\]$_DFFE_PN0P_/D
     311* |       1 |     163 |       35 |      6 |    30 |    +0.7% |   -0.046 |     -578.3 |       -1.0 |    849 | u.u_ibex.gen_regfile_ff.register_file_i.g_rf_flops\[9\].rf_reg_q\[28\]$_DFFE_PN0P_/D
     312* |       1 |     163 |       35 |      6 |    30 |    +0.7% |   -0.046 |     -578.3 |       -1.0 |    849 | u.u_ibex.gen_regfile_ff.register_file_i.g_rf_flops\[9\].rf_reg_q\[28\]$_DFFE_PN0P_/D
     314* |       1 |     163 |       35 |      6 |    30 |    +0.7% |   -0.046 |     -578.3 |       -1.0 |    849 | u.u_ibex.gen_regfile_ff.register_file_i.g_rf_flops\[9\].rf_reg_q\[28\]$_DFFE_PN0P_/D
     315* |       1 |     163 |       35 |      6 |    30 |    +0.7% |   -0.046 |     -578.3 |       -1.0 |    849 | u.u_ibex.gen_regfile_ff.register_file_i.g_rf_flops\[9\].rf_reg_q\[28\]$_DFFE_PN0P_/D
     316* |       1 |     163 |       35 |      6 |    30 |    +0.7% |   -0.046 |     -578.3 |       -1.0 |    849 | u.u_ibex.gen_regfile_ff.register_file_i.g_rf_flops\[9\].rf_reg_q\[28\]$_DFFE_PN0P_/D
     317* |       1 |     163 |       35 |      6 |    30 |    +0.7% |   -0.046 |     -578.3 |       -1.0 |    849 | u.u_ibex.gen_regfile_ff.register_file_i.g_rf_flops\[9\].rf_reg_q\[28\]$_DFFE_PN0P_/D
     318* |       1 |     163 |       35 |      6 |    30 |    +0.7% |   -0.046 |     -578.3 |       -1.0 |    849 | u.u_ibex.gen_regfile_ff.register_file_i.g_rf_flops\[9\].rf_reg_q\[28\]$_DFFE_PN0P_/D
     319* |       1 |     163 |       35 |      6 |    30 |    +0.7% |   -0.046 |     -578.3 |       -1.0 |    849 | u.u_ibex.gen_regfile_ff.register_file_i.g_rf_flops\[9\].rf_reg_q\[28\]$_DFFE_PN0P_/D
     320* |       1 |     163 |       35 |      6 |    30 |    +0.7% |   -0.046 |     -578.3 |       -1.0 |    849 | u.u_ibex.gen_regfile_ff.register_file_i.g_rf_flops\[9\].rf_reg_q\[28\]$_DFFE_PN0P_/D
     320* |       1 |     163 |       35 |      6 |    30 |    +0.7% |   -0.046 |     -578.3 |       -1.0 |    849 | u.u_ibex.gen_regfile_ff.register_file_i.g_rf_flops\[9\].rf_reg_q\[28\]$_DFFE_PN0P_/D
     321* |       1 |     163 |       35 |      6 |    30 |    +0.7% |   -0.046 |     -578.3 |       -1.0 |    849 | u.u_ibex.gen_regfile_ff.register_file_i.g_rf_flops\[9\].rf_reg_q\[28\]$_DFFE_PN0P_/D
     322* |       1 |     163 |       35 |      6 |    30 |    +0.7% |   -0.046 |     -578.3 |       -1.0 |    849 | u.u_ibex.gen_regfile_ff.register_file_i.g_rf_flops\[9\].rf_reg_q\[28\]$_DFFE_PN0P_/D
     323* |       1 |     163 |       35 |      6 |    30 |    +0.7% |   -0.046 |     -578.3 |       -1.0 |    849 | u.u_ibex.gen_regfile_ff.register_file_i.g_rf_flops\[9\].rf_reg_q\[28\]$_DFFE_PN0P_/D
     324* |       1 |     163 |       35 |      6 |    30 |    +0.7% |   -0.046 |     -578.3 |       -1.0 |    849 | u.u_ibex.gen_regfile_ff.register_file_i.g_rf_flops\[9\].rf_reg_q\[28\]$_DFFE_PN0P_/D
     327* |       1 |     165 |       35 |      6 |    30 |    +0.7% |   -0.046 |     -578.3 |       -0.9 |    849 | u.u_ibex.gen_regfile_ff.register_file_i.g_rf_flops\[9\].rf_reg_q\[28\]$_DFFE_PN0P_/D
     328* |       1 |     165 |       35 |      6 |    30 |    +0.7% |   -0.046 |     -578.3 |       -0.9 |    849 | u.u_ibex.gen_regfile_ff.register_file_i.g_rf_flops\[9\].rf_reg_q\[28\]$_DFFE_PN0P_/D
     329* |       1 |     165 |       35 |      6 |    30 |    +0.7% |   -0.046 |     -578.3 |       -0.9 |    849 | u.u_ibex.gen_regfile_ff.register_file_i.g_rf_flops\[9\].rf_reg_q\[28\]$_DFFE_PN0P_/D
     330* |       1 |     165 |       35 |      6 |    30 |    +0.7% |   -0.046 |     -578.3 |       -0.9 |    849 | u.u_ibex.gen_regfile_ff.register_file_i.g_rf_flops\[9\].rf_reg_q\[28\]$_DFFE_PN0P_/D
     330* |       1 |     165 |       35 |      6 |    30 |    +0.7% |   -0.046 |     -578.3 |       -0.9 |    849 | u.u_ibex.gen_regfile_ff.register_file_i.g_rf_flops\[9\].rf_reg_q\[28\]$_DFFE_PN0P_/D
     331* |       1 |     165 |       35 |      6 |    30 |    +0.7% |   -0.046 |     -578.3 |       -0.9 |    849 | u.u_ibex.gen_regfile_ff.register_file_i.g_rf_flops\[9\].rf_reg_q\[28\]$_DFFE_PN0P_/D
     339* |       1 |     170 |       37 |      6 |    31 |    +0.8% |   -0.046 |     -578.3 |       -0.8 |    849 | u.u_ibex.gen_regfile_ff.register_file_i.g_rf_flops\[9\].rf_reg_q\[28\]$_DFFE_PN0P_/D
     340* |       1 |     170 |       37 |      6 |    31 |    +0.8% |   -0.046 |     -578.3 |       -0.8 |    849 | u.u_ibex.gen_regfile_ff.register_file_i.g_rf_flops\[9\].rf_reg_q\[28\]$_DFFE_PN0P_/D
     340* |       1 |     170 |       37 |      6 |    31 |    +0.8% |   -0.046 |     -578.3 |       -0.8 |    849 | u.u_ibex.gen_regfile_ff.register_file_i.g_rf_flops\[9\].rf_reg_q\[28\]$_DFFE_PN0P_/D
     341* |       1 |     170 |       37 |      6 |    31 |    +0.8% |   -0.046 |     -578.3 |       -0.8 |    849 | u.u_ibex.gen_regfile_ff.register_file_i.g_rf_flops\[9\].rf_reg_q\[28\]$_DFFE_PN0P_/D
     342* |       1 |     170 |       37 |      6 |    31 |    +0.8% |   -0.046 |     -578.3 |       -0.8 |    849 | u.u_ibex.gen_regfile_ff.register_file_i.g_rf_flops\[9\].rf_reg_q\[28\]$_DFFE_PN0P_/D
     343* |       1 |     170 |       37 |      6 |    31 |    +0.8% |   -0.046 |     -578.3 |       -0.8 |    849 | u.u_ibex.gen_regfile_ff.register_file_i.g_rf_flops\[9\].rf_reg_q\[28\]$_DFFE_PN0P_/D
     350* |       1 |     173 |       41 |      6 |    32 |    +0.8% |   -0.037 |     -578.3 |       -0.5 |    849 | instr_addr_o[17]
     353* |       1 |     174 |       42 |      6 |    33 |    +0.8% |   -0.037 |     -578.3 |       -0.5 |    849 | instr_addr_o[17]
     354* |       1 |     174 |       42 |      6 |    33 |    +0.8% |   -0.037 |     -578.3 |       -0.5 |    849 | instr_addr_o[17]
     355* |       1 |     174 |       42 |      6 |    33 |    +0.8% |   -0.037 |     -578.3 |       -0.5 |    849 | instr_addr_o[17]
     356* |       1 |     174 |       42 |      6 |    33 |    +0.8% |   -0.037 |     -578.3 |       -0.5 |    849 | instr_addr_o[17]
     357* |       1 |     174 |       42 |      6 |    33 |    +0.8% |   -0.037 |     -578.3 |       -0.5 |    849 | instr_addr_o[17]
     358* |       1 |     174 |       42 |      6 |    33 |    +0.8% |   -0.037 |     -578.3 |       -0.5 |    849 | instr_addr_o[17]
     359* |       1 |     174 |       42 |      6 |    33 |    +0.8% |   -0.037 |     -578.3 |       -0.5 |    849 | instr_addr_o[17]
     360* |       1 |     174 |       42 |      6 |    33 |    +0.8% |   -0.037 |     -578.3 |       -0.5 |    849 | instr_addr_o[17]
     361* |       1 |     174 |       42 |      6 |    34 |    +0.8% |   -0.037 |     -578.3 |       -0.4 |    849 | instr_addr_o[17]
     362* |       1 |     174 |       42 |      6 |    34 |    +0.8% |   -0.037 |     -578.3 |       -0.4 |    849 | instr_addr_o[17]
     363* |       1 |     174 |       42 |      6 |    34 |    +0.8% |   -0.037 |     -578.3 |       -0.4 |    849 | instr_addr_o[17]
     364* |       1 |     174 |       42 |      6 |    34 |    +0.8% |   -0.037 |     -578.3 |       -0.4 |    849 | instr_addr_o[17]
     365* |       1 |     174 |       42 |      6 |    34 |    +0.8% |   -0.037 |     -578.3 |       -0.4 |    849 | instr_addr_o[17]
     366* |       1 |     174 |       42 |      6 |    34 |    +0.8% |   -0.037 |     -578.3 |       -0.4 |    849 | instr_addr_o[17]
     367* |       1 |     174 |       42 |      6 |    34 |    +0.8% |   -0.037 |     -578.3 |       -0.4 |    849 | instr_addr_o[17]
     368* |       1 |     174 |       42 |      6 |    34 |    +0.8% |   -0.037 |     -578.3 |       -0.4 |    849 | instr_addr_o[17]
     369* |       1 |     174 |       42 |      6 |    34 |    +0.8% |   -0.037 |     -578.3 |       -0.4 |    849 | instr_addr_o[17]
     370* |       1 |     174 |       42 |      6 |    34 |    +0.8% |   -0.037 |     -578.3 |       -0.4 |    849 | instr_addr_o[17]
     370* |       1 |     174 |       42 |      6 |    34 |    +0.8% |   -0.037 |     -578.3 |       -0.4 |    849 | instr_addr_o[17]
     371* |       1 |     174 |       42 |      6 |    34 |    +0.8% |   -0.037 |     -578.3 |       -0.4 |    849 | instr_addr_o[17]
     372* |       1 |     174 |       42 |      6 |    34 |    +0.8% |   -0.037 |     -578.3 |       -0.4 |    849 | instr_addr_o[17]
     373* |       1 |     174 |       42 |      6 |    34 |    +0.8% |   -0.037 |     -578.3 |       -0.4 |    849 | instr_addr_o[17]
     374* |       1 |     174 |       42 |      6 |    34 |    +0.8% |   -0.037 |     -578.3 |       -0.4 |    849 | instr_addr_o[17]
     375* |       1 |     174 |       42 |      6 |    34 |    +0.8% |   -0.037 |     -578.3 |       -0.4 |    849 | instr_addr_o[17]
     376* |       1 |     174 |       42 |      6 |    34 |    +0.8% |   -0.037 |     -578.3 |       -0.4 |    849 | instr_addr_o[17]
     377* |       1 |     174 |       42 |      6 |    34 |    +0.8% |   -0.037 |     -578.3 |       -0.4 |    849 | instr_addr_o[17]
     380* |       1 |     175 |       42 |      6 |    35 |    +0.8% |   -0.046 |     -578.3 |       -0.8 |    849 | u.u_ibex.gen_regfile_ff.register_file_i.g_rf_flops\[9\].rf_reg_q\[28\]$_DFFE_PN0P_/D
     390* |       2 |     179 |       58 |      6 |    37 |    +0.9% |   -0.037 |     -578.3 |       -0.4 |    849 | instr_addr_o[17]
     391* |       2 |     180 |       58 |      6 |    37 |    +0.9% |   -0.037 |     -578.3 |       -0.4 |    849 | instr_addr_o[17]
     392* |       2 |     180 |       58 |      6 |    37 |    +0.9% |   -0.037 |     -578.3 |       -0.4 |    849 | instr_addr_o[17]
     393* |       2 |     180 |       58 |      6 |    37 |    +0.9% |   -0.037 |     -578.3 |       -0.4 |    849 | instr_addr_o[17]
     394* |       2 |     180 |       58 |      6 |    37 |    +0.9% |   -0.037 |     -578.3 |       -0.4 |    849 | instr_addr_o[17]
     395* |       2 |     180 |       58 |      6 |    37 |    +0.9% |   -0.037 |     -578.3 |       -0.4 |    849 | instr_addr_o[17]
     396* |       2 |     180 |       58 |      6 |    37 |    +0.9% |   -0.037 |     -578.3 |       -0.4 |    849 | instr_addr_o[17]
     397* |       2 |     180 |       58 |      6 |    37 |    +0.9% |   -0.037 |     -578.3 |       -0.4 |    849 | instr_addr_o[17]
     398* |       2 |     180 |       58 |      6 |    37 |    +0.9% |   -0.037 |     -578.3 |       -0.4 |    849 | instr_addr_o[17]
     399* |       2 |     180 |       58 |      6 |    37 |    +0.9% |   -0.037 |     -578.3 |       -0.4 |    849 | instr_addr_o[17]
     400* |       2 |     180 |       58 |      6 |    37 |    +0.9% |   -0.037 |     -578.3 |       -0.4 |    849 | instr_addr_o[17]
     400* |       2 |     180 |       58 |      6 |    37 |    +0.9% |   -0.037 |     -578.3 |       -0.4 |    849 | instr_addr_o[17]
     401* |       2 |     180 |       58 |      6 |    37 |    +0.9% |   -0.037 |     -578.3 |       -0.4 |    849 | instr_addr_o[17]
     402* |       2 |     180 |       58 |      6 |    37 |    +0.9% |   -0.037 |     -578.3 |       -0.4 |    849 | instr_addr_o[17]
     403* |       2 |     180 |       58 |      6 |    37 |    +0.9% |   -0.037 |     -578.3 |       -0.4 |    849 | instr_addr_o[17]
     404* |       2 |     180 |       58 |      6 |    37 |    +0.9% |   -0.037 |     -578.3 |       -0.4 |    849 | instr_addr_o[17]
     405* |       2 |     180 |       58 |      6 |    37 |    +0.9% |   -0.037 |     -578.3 |       -0.4 |    849 | instr_addr_o[17]
     406* |       2 |     180 |       58 |      6 |    37 |    +0.9% |   -0.037 |     -578.3 |       -0.4 |    849 | instr_addr_o[17]
     407* |       2 |     180 |       58 |      6 |    37 |    +0.9% |   -0.037 |     -578.3 |       -0.4 |    849 | instr_addr_o[17]
     408* |       2 |     180 |       58 |      6 |    37 |    +0.9% |   -0.037 |     -578.3 |       -0.4 |    849 | instr_addr_o[17]
     409* |       2 |     180 |       58 |      6 |    37 |    +0.9% |   -0.037 |     -578.3 |       -0.4 |    849 | instr_addr_o[17]
     410* |       2 |     180 |       58 |      6 |    37 |    +0.9% |   -0.037 |     -578.3 |       -0.4 |    849 | instr_addr_o[17]
     410* |       2 |     180 |       58 |      6 |    37 |    +0.9% |   -0.037 |     -578.3 |       -0.4 |    849 | instr_addr_o[17]
     411* |       2 |     180 |       58 |      6 |    37 |    +0.9% |   -0.037 |     -578.3 |       -0.4 |    849 | instr_addr_o[17]
     412* |       2 |     180 |       58 |      6 |    37 |    +0.9% |   -0.037 |     -578.3 |       -0.4 |    849 | instr_addr_o[17]
     413* |       2 |     180 |       58 |      6 |    37 |    +0.9% |   -0.037 |     -578.3 |       -0.4 |    849 | instr_addr_o[17]
     414* |       2 |     180 |       58 |      6 |    37 |    +0.9% |   -0.037 |     -578.3 |       -0.4 |    849 | instr_addr_o[17]
     415* |       2 |     180 |       58 |      6 |    37 |    +0.9% |   -0.037 |     -578.3 |       -0.4 |    849 | instr_addr_o[17]
     416* |       2 |     180 |       58 |      6 |    37 |    +0.9% |   -0.037 |     -578.3 |       -0.4 |    849 | instr_addr_o[17]
     417* |       2 |     180 |       58 |      6 |    37 |    +0.9% |   -0.037 |     -578.3 |       -0.4 |    849 | instr_addr_o[17]
     418* |       2 |     180 |       58 |      6 |    37 |    +0.9% |   -0.037 |     -578.3 |       -0.4 |    849 | instr_addr_o[17]
     419* |       2 |     180 |       58 |      6 |    37 |    +0.9% |   -0.037 |     -578.3 |       -0.4 |    849 | instr_addr_o[17]
     420* |       2 |     180 |       58 |      6 |    37 |    +0.9% |   -0.037 |     -578.3 |       -0.4 |    849 | instr_addr_o[17]
     420* |       2 |     180 |       58 |      6 |    37 |    +0.9% |   -0.037 |     -578.3 |       -0.4 |    849 | instr_addr_o[17]
     421* |       2 |     180 |       58 |      6 |    37 |    +0.9% |   -0.037 |     -578.3 |       -0.4 |    849 | instr_addr_o[17]
     422* |       2 |     180 |       58 |      6 |    37 |    +0.9% |   -0.037 |     -578.3 |       -0.4 |    849 | instr_addr_o[17]
     423* |       2 |     180 |       58 |      6 |    37 |    +0.9% |   -0.037 |     -578.3 |       -0.4 |    849 | instr_addr_o[17]
     424* |       2 |     180 |       58 |      6 |    37 |    +0.9% |   -0.037 |     -578.3 |       -0.4 |    849 | instr_addr_o[17]
     425* |       2 |     180 |       58 |      6 |    37 |    +0.9% |   -0.037 |     -578.3 |       -0.4 |    849 | instr_addr_o[17]
     426* |       2 |     180 |       58 |      6 |    37 |    +0.9% |   -0.037 |     -578.3 |       -0.4 |    849 | instr_addr_o[17]
     427* |       2 |     180 |       58 |      6 |    37 |    +0.9% |   -0.037 |     -578.3 |       -0.4 |    849 | instr_addr_o[17]
     428* |       2 |     180 |       58 |      6 |    37 |    +0.9% |   -0.037 |     -578.3 |       -0.4 |    849 | instr_addr_o[17]
     429* |       2 |     180 |       58 |      6 |    37 |    +0.9% |   -0.037 |     -578.3 |       -0.4 |    849 | instr_addr_o[17]
     430* |       2 |     180 |       58 |      6 |    37 |    +0.9% |   -0.037 |     -578.3 |       -0.4 |    849 | instr_addr_o[17]
     430* |       2 |     180 |       58 |      6 |    37 |    +0.9% |   -0.037 |     -578.3 |       -0.4 |    849 | instr_addr_o[17]
     431* |       2 |     180 |       58 |      6 |    37 |    +0.9% |   -0.037 |     -578.3 |       -0.4 |    849 | instr_addr_o[17]
     432* |       2 |     180 |       58 |      6 |    37 |    +0.9% |   -0.037 |     -578.3 |       -0.4 |    849 | instr_addr_o[17]
     433* |       2 |     180 |       58 |      6 |    37 |    +0.9% |   -0.037 |     -578.3 |       -0.4 |    849 | instr_addr_o[17]
     434* |       2 |     180 |       58 |      6 |    37 |    +0.9% |   -0.037 |     -578.3 |       -0.4 |    849 | instr_addr_o[17]
     435* |       2 |     180 |       58 |      6 |    37 |    +0.9% |   -0.037 |     -578.3 |       -0.4 |    849 | instr_addr_o[17]
     436* |       2 |     180 |       58 |      6 |    37 |    +0.9% |   -0.037 |     -578.3 |       -0.4 |    849 | instr_addr_o[17]
     437* |       2 |     180 |       58 |      6 |    37 |    +0.9% |   -0.037 |     -578.3 |       -0.4 |    849 | instr_addr_o[17]
     438* |       2 |     180 |       58 |      6 |    37 |    +0.9% |   -0.037 |     -578.3 |       -0.4 |    849 | instr_addr_o[17]
     439* |       2 |     180 |       58 |      6 |    37 |    +0.9% |   -0.037 |     -578.3 |       -0.4 |    849 | instr_addr_o[17]
     440* |       2 |     180 |       58 |      6 |    37 |    +0.9% |   -0.037 |     -578.3 |       -0.4 |    849 | instr_addr_o[17]
     440* |       2 |     180 |       58 |      6 |    37 |    +0.9% |   -0.037 |     -578.3 |       -0.4 |    849 | instr_addr_o[17]
     441* |       2 |     180 |       58 |      6 |    37 |    +0.9% |   -0.037 |     -578.3 |       -0.4 |    849 | instr_addr_o[17]
     442* |       2 |     180 |       58 |      6 |    37 |    +0.9% |   -0.037 |     -578.3 |       -0.4 |    849 | instr_addr_o[17]
     443* |       2 |     180 |       58 |      6 |    37 |    +0.9% |   -0.037 |     -578.3 |       -0.4 |    849 | instr_addr_o[17]
     444* |       2 |     180 |       58 |      6 |    37 |    +0.9% |   -0.037 |     -578.3 |       -0.4 |    849 | instr_addr_o[17]
     445* |       2 |     180 |       58 |      6 |    37 |    +0.9% |   -0.037 |     -578.3 |       -0.4 |    849 | instr_addr_o[17]
     446* |       2 |     180 |       58 |      6 |    37 |    +0.9% |   -0.037 |     -578.3 |       -0.4 |    849 | instr_addr_o[17]
     447* |       2 |     180 |       58 |      6 |    37 |    +0.9% |   -0.037 |     -578.3 |       -0.4 |    849 | instr_addr_o[17]
     448* |       2 |     180 |       58 |      6 |    37 |    +0.9% |   -0.037 |     -578.3 |       -0.4 |    849 | instr_addr_o[17]
     449* |       2 |     180 |       58 |      6 |    37 |    +0.9% |   -0.037 |     -578.3 |       -0.4 |    849 | instr_addr_o[17]
     450* |       2 |     180 |       58 |      6 |    37 |    +0.9% |   -0.037 |     -578.3 |       -0.4 |    849 | instr_addr_o[17]
     450* |       2 |     180 |       58 |      6 |    37 |    +0.9% |   -0.037 |     -578.3 |       -0.4 |    849 | instr_addr_o[17]
     451* |       2 |     180 |       58 |      6 |    37 |    +0.9% |   -0.037 |     -578.3 |       -0.4 |    849 | instr_addr_o[17]
     452* |       2 |     180 |       58 |      6 |    37 |    +0.9% |   -0.037 |     -578.3 |       -0.4 |    849 | instr_addr_o[17]
     453* |       2 |     180 |       58 |      6 |    37 |    +0.9% |   -0.037 |     -578.3 |       -0.4 |    849 | instr_addr_o[17]
     454* |       2 |     180 |       58 |      6 |    37 |    +0.9% |   -0.037 |     -578.3 |       -0.4 |    849 | instr_addr_o[17]
     455* |       2 |     180 |       58 |      6 |    37 |    +0.9% |   -0.037 |     -578.3 |       -0.4 |    849 | instr_addr_o[17]
     456* |       2 |     180 |       58 |      6 |    37 |    +0.9% |   -0.037 |     -578.3 |       -0.4 |    849 | instr_addr_o[17]
     457* |       2 |     180 |       58 |      6 |    37 |    +0.9% |   -0.037 |     -578.3 |       -0.4 |    849 | instr_addr_o[17]
     458* |       2 |     180 |       58 |      6 |    37 |    +0.9% |   -0.037 |     -578.3 |       -0.4 |    849 | instr_addr_o[17]
     459* |       2 |     180 |       58 |      6 |    37 |    +0.9% |   -0.037 |     -578.3 |       -0.4 |    849 | instr_addr_o[17]
     460* |       2 |     180 |       58 |      6 |    37 |    +0.9% |   -0.037 |     -578.3 |       -0.4 |    849 | instr_addr_o[17]
     460* |       2 |     180 |       58 |      6 |    37 |    +0.9% |   -0.037 |     -578.3 |       -0.4 |    849 | instr_addr_o[17]
     461* |       2 |     180 |       58 |      6 |    37 |    +0.9% |   -0.037 |     -578.3 |       -0.4 |    849 | instr_addr_o[17]
     462* |       2 |     180 |       58 |      6 |    37 |    +0.9% |   -0.037 |     -578.3 |       -0.4 |    849 | instr_addr_o[17]
     463* |       2 |     180 |       58 |      6 |    37 |    +0.9% |   -0.037 |     -578.3 |       -0.4 |    849 | instr_addr_o[17]
     464* |       2 |     180 |       58 |      6 |    37 |    +0.9% |   -0.037 |     -578.3 |       -0.4 |    849 | instr_addr_o[17]
     465* |       2 |     180 |       58 |      6 |    37 |    +0.9% |   -0.037 |     -578.3 |       -0.4 |    849 | instr_addr_o[17]
     466* |       2 |     180 |       58 |      6 |    37 |    +0.9% |   -0.037 |     -578.3 |       -0.4 |    849 | instr_addr_o[17]
     467* |       2 |     180 |       58 |      6 |    37 |    +0.9% |   -0.037 |     -578.3 |       -0.4 |    849 | instr_addr_o[17]
     468* |       2 |     180 |       58 |      6 |    37 |    +0.9% |   -0.037 |     -578.3 |       -0.4 |    849 | instr_addr_o[17]
     469* |       2 |     180 |       58 |      6 |    37 |    +0.9% |   -0.037 |     -578.3 |       -0.4 |    849 | instr_addr_o[17]
     470* |       2 |     180 |       58 |      6 |    37 |    +0.9% |   -0.037 |     -578.3 |       -0.4 |    849 | instr_addr_o[17]
     470* |       2 |     180 |       58 |      6 |    37 |    +0.9% |   -0.037 |     -578.3 |       -0.4 |    849 | instr_addr_o[17]
     471* |       2 |     180 |       58 |      6 |    37 |    +0.9% |   -0.037 |     -578.3 |       -0.4 |    849 | instr_addr_o[17]
     472* |       2 |     180 |       58 |      6 |    37 |    +0.9% |   -0.037 |     -578.3 |       -0.4 |    849 | instr_addr_o[17]
     473* |       2 |     180 |       58 |      6 |    37 |    +0.9% |   -0.037 |     -578.3 |       -0.4 |    849 | instr_addr_o[17]
     474* |       2 |     180 |       58 |      6 |    37 |    +0.9% |   -0.037 |     -578.3 |       -0.4 |    849 | instr_addr_o[17]
     475* |       2 |     180 |       58 |      6 |    37 |    +0.9% |   -0.037 |     -578.3 |       -0.4 |    849 | instr_addr_o[17]
     476* |       2 |     180 |       58 |      6 |    37 |    +0.9% |   -0.037 |     -578.3 |       -0.4 |    849 | instr_addr_o[17]
     477* |       2 |     180 |       58 |      6 |    37 |    +0.9% |   -0.037 |     -578.3 |       -0.4 |    849 | instr_addr_o[17]
     478* |       2 |     180 |       58 |      6 |    37 |    +0.9% |   -0.037 |     -578.3 |       -0.4 |    849 | instr_addr_o[17]
     479* |       2 |     180 |       58 |      6 |    37 |    +0.9% |   -0.037 |     -578.3 |       -0.4 |    849 | instr_addr_o[17]
     480* |       2 |     180 |       58 |      6 |    37 |    +0.9% |   -0.037 |     -578.3 |       -0.4 |    849 | instr_addr_o[17]
     480* |       2 |     180 |       58 |      6 |    37 |    +0.9% |   -0.037 |     -578.3 |       -0.4 |    849 | instr_addr_o[17]
     481* |       2 |     180 |       58 |      6 |    37 |    +0.9% |   -0.037 |     -578.3 |       -0.4 |    849 | instr_addr_o[17]
     482* |       2 |     180 |       58 |      6 |    37 |    +0.9% |   -0.037 |     -578.3 |       -0.4 |    849 | instr_addr_o[17]
     483* |       2 |     180 |       58 |      6 |    37 |    +0.9% |   -0.037 |     -578.3 |       -0.4 |    849 | instr_addr_o[17]
     484* |       2 |     180 |       58 |      6 |    37 |    +0.9% |   -0.037 |     -578.3 |       -0.4 |    849 | instr_addr_o[17]
     485* |       2 |     180 |       58 |      6 |    37 |    +0.9% |   -0.037 |     -578.3 |       -0.4 |    849 | instr_addr_o[17]
     486* |       2 |     180 |       58 |      6 |    37 |    +0.9% |   -0.037 |     -578.3 |       -0.4 |    849 | instr_addr_o[17]
     487* |       2 |     180 |       58 |      6 |    37 |    +0.9% |   -0.037 |     -578.3 |       -0.4 |    849 | instr_addr_o[17]
     488* |       2 |     180 |       58 |      6 |    37 |    +0.9% |   -0.037 |     -578.3 |       -0.4 |    849 | instr_addr_o[17]
     489* |       2 |     180 |       58 |      6 |    37 |    +0.9% |   -0.037 |     -578.3 |       -0.4 |    849 | instr_addr_o[17]
     490* |       2 |     180 |       58 |      6 |    37 |    +0.9% |   -0.037 |     -578.3 |       -0.4 |    849 | instr_addr_o[17]
     490* |       2 |     180 |       58 |      6 |    37 |    +0.9% |   -0.037 |     -578.3 |       -0.4 |    849 | instr_addr_o[17]
     491* |       2 |     180 |       58 |      6 |    37 |    +0.9% |   -0.037 |     -578.3 |       -0.4 |    849 | instr_addr_o[17]
     492* |       2 |     180 |       58 |      6 |    37 |    +0.9% |   -0.037 |     -578.3 |       -0.4 |    849 | instr_addr_o[17]
     493* |       2 |     180 |       58 |      6 |    37 |    +0.9% |   -0.037 |     -578.3 |       -0.4 |    849 | instr_addr_o[17]
     494* |       2 |     180 |       58 |      6 |    37 |    +0.9% |   -0.037 |     -578.3 |       -0.4 |    849 | instr_addr_o[17]
     495* |       2 |     180 |       58 |      6 |    37 |    +0.9% |   -0.037 |     -578.3 |       -0.4 |    849 | instr_addr_o[17]
     496* |       2 |     180 |       58 |      6 |    37 |    +0.9% |   -0.037 |     -578.3 |       -0.4 |    849 | instr_addr_o[17]
     497* |       2 |     180 |       58 |      6 |    37 |    +0.9% |   -0.037 |     -578.3 |       -0.4 |    849 | instr_addr_o[17]
     498* |       2 |     180 |       58 |      6 |    37 |    +0.9% |   -0.037 |     -578.3 |       -0.4 |    849 | instr_addr_o[17]
     499* |       2 |     180 |       58 |      6 |    37 |    +0.9% |   -0.037 |     -578.3 |       -0.4 |    849 | instr_addr_o[17]
     500* |       2 |     180 |       58 |      6 |    37 |    +0.9% |   -0.037 |     -578.3 |       -0.4 |    849 | instr_addr_o[17]
     500* |       2 |     180 |       58 |      6 |    37 |    +0.9% |   -0.037 |     -578.3 |       -0.4 |    849 | instr_addr_o[17]
     501* |       2 |     180 |       58 |      6 |    37 |    +0.9% |   -0.037 |     -578.3 |       -0.4 |    849 | instr_addr_o[17]
     502* |       2 |     180 |       58 |      6 |    37 |    +0.9% |   -0.037 |     -578.3 |       -0.4 |    849 | instr_addr_o[17]
     503* |       2 |     180 |       58 |      6 |    37 |    +0.9% |   -0.037 |     -578.3 |       -0.4 |    849 | instr_addr_o[17]
     504* |       2 |     180 |       58 |      6 |    37 |    +0.9% |   -0.037 |     -578.3 |       -0.4 |    849 | instr_addr_o[17]
     505* |       2 |     180 |       58 |      6 |    37 |    +0.9% |   -0.037 |     -578.3 |       -0.4 |    849 | instr_addr_o[17]
     506* |       2 |     180 |       58 |      6 |    37 |    +0.9% |   -0.037 |     -578.3 |       -0.4 |    849 | instr_addr_o[17]
     507* |       2 |     180 |       58 |      6 |    37 |    +0.9% |   -0.037 |     -578.3 |       -0.4 |    849 | instr_addr_o[17]
     508* |       2 |     180 |       58 |      6 |    37 |    +0.9% |   -0.037 |     -578.3 |       -0.4 |    849 | instr_addr_o[17]
     509* |       2 |     180 |       58 |      6 |    37 |    +0.9% |   -0.037 |     -578.3 |       -0.4 |    849 | instr_addr_o[17]
     510* |       2 |     180 |       58 |      6 |    37 |    +0.9% |   -0.037 |     -578.3 |       -0.4 |    849 | instr_addr_o[17]
     510* |       2 |     180 |       58 |      6 |    37 |    +0.9% |   -0.037 |     -578.3 |       -0.4 |    849 | instr_addr_o[17]
     511* |       2 |     180 |       58 |      6 |    37 |    +0.9% |   -0.037 |     -578.3 |       -0.4 |    849 | instr_addr_o[17]
     513* |       2 |     181 |       58 |      6 |    37 |    +0.9% |   -0.037 |     -578.2 |       -0.4 |    849 | instr_addr_o[17]
     514* |       2 |     181 |       58 |      6 |    37 |    +0.9% |   -0.037 |     -578.2 |       -0.4 |    849 | instr_addr_o[17]
     515* |       2 |     181 |       58 |      6 |    37 |    +0.9% |   -0.037 |     -578.2 |       -0.4 |    849 | instr_addr_o[17]
     516* |       2 |     181 |       58 |      6 |    37 |    +0.9% |   -0.037 |     -578.2 |       -0.4 |    849 | instr_addr_o[17]
     517* |       2 |     181 |       58 |      6 |    37 |    +0.9% |   -0.037 |     -578.2 |       -0.4 |    849 | instr_addr_o[17]
     518* |       2 |     181 |       58 |      6 |    37 |    +0.9% |   -0.037 |     -578.2 |       -0.4 |    849 | instr_addr_o[17]
     519* |       2 |     181 |       58 |      6 |    37 |    +0.9% |   -0.037 |     -578.2 |       -0.4 |    849 | instr_addr_o[17]
     520* |       2 |     181 |       58 |      6 |    37 |    +0.9% |   -0.037 |     -578.2 |       -0.4 |    849 | instr_addr_o[17]
     520* |       2 |     181 |       58 |      6 |    37 |    +0.9% |   -0.037 |     -578.2 |       -0.4 |    849 | instr_addr_o[17]
     521* |       2 |     181 |       58 |      6 |    37 |    +0.9% |   -0.037 |     -578.2 |       -0.4 |    849 | instr_addr_o[17]
     522* |       2 |     181 |       58 |      6 |    37 |    +0.9% |   -0.037 |     -578.2 |       -0.4 |    849 | instr_addr_o[17]
     523* |       2 |     181 |       58 |      6 |    37 |    +0.9% |   -0.037 |     -578.2 |       -0.4 |    849 | instr_addr_o[17]
     524* |       2 |     181 |       58 |      6 |    37 |    +0.9% |   -0.037 |     -578.2 |       -0.4 |    849 | instr_addr_o[17]
     525* |       2 |     181 |       58 |      6 |    37 |    +0.9% |   -0.037 |     -578.2 |       -0.4 |    849 | instr_addr_o[17]
     526* |       2 |     181 |       58 |      6 |    37 |    +0.9% |   -0.037 |     -578.2 |       -0.4 |    849 | instr_addr_o[17]
     527* |       2 |     181 |       58 |      6 |    37 |    +0.9% |   -0.037 |     -578.2 |       -0.4 |    849 | instr_addr_o[17]
     528* |       2 |     181 |       58 |      6 |    37 |    +0.9% |   -0.037 |     -578.2 |       -0.4 |    849 | instr_addr_o[17]
     529* |       2 |     181 |       58 |      6 |    37 |    +0.9% |   -0.037 |     -578.2 |       -0.4 |    849 | instr_addr_o[17]
     530* |       2 |     181 |       58 |      6 |    37 |    +0.9% |   -0.037 |     -578.2 |       -0.4 |    849 | instr_addr_o[17]
     530* |       2 |     181 |       58 |      6 |    37 |    +0.9% |   -0.037 |     -578.2 |       -0.4 |    849 | instr_addr_o[17]
     531* |       2 |     181 |       58 |      6 |    37 |    +0.9% |   -0.037 |     -578.2 |       -0.4 |    849 | instr_addr_o[17]
     532* |       2 |     181 |       58 |      6 |    37 |    +0.9% |   -0.037 |     -578.2 |       -0.4 |    849 | instr_addr_o[17]
     533* |       2 |     181 |       58 |      6 |    37 |    +0.9% |   -0.037 |     -578.2 |       -0.4 |    849 | instr_addr_o[17]
     534* |       2 |     181 |       58 |      6 |    37 |    +0.9% |   -0.037 |     -578.2 |       -0.4 |    849 | instr_addr_o[17]
     535* |       2 |     181 |       58 |      6 |    37 |    +0.9% |   -0.037 |     -578.2 |       -0.4 |    849 | instr_addr_o[17]
     536* |       2 |     181 |       58 |      6 |    37 |    +0.9% |   -0.037 |     -578.2 |       -0.4 |    849 | instr_addr_o[17]
     537* |       2 |     181 |       58 |      6 |    37 |    +0.9% |   -0.037 |     -578.2 |       -0.4 |    849 | instr_addr_o[17]
     538* |       2 |     181 |       58 |      6 |    37 |    +0.9% |   -0.037 |     -578.2 |       -0.4 |    849 | instr_addr_o[17]
     539* |       2 |     181 |       58 |      6 |    37 |    +0.9% |   -0.037 |     -578.2 |       -0.4 |    849 | instr_addr_o[17]
     540* |       2 |     181 |       58 |      6 |    37 |    +0.9% |   -0.037 |     -578.2 |       -0.4 |    849 | instr_addr_o[17]
     540* |       2 |     181 |       58 |      6 |    37 |    +0.9% |   -0.037 |     -578.2 |       -0.4 |    849 | instr_addr_o[17]
     541* |       2 |     181 |       58 |      6 |    37 |    +0.9% |   -0.037 |     -578.2 |       -0.4 |    849 | instr_addr_o[17]
     542* |       2 |     181 |       58 |      6 |    37 |    +0.9% |   -0.037 |     -578.2 |       -0.4 |    849 | instr_addr_o[17]
     543* |       2 |     181 |       58 |      6 |    37 |    +0.9% |   -0.037 |     -578.2 |       -0.4 |    849 | instr_addr_o[17]
     544* |       2 |     181 |       58 |      6 |    37 |    +0.9% |   -0.037 |     -578.2 |       -0.4 |    849 | instr_addr_o[17]
     545* |       2 |     181 |       58 |      6 |    37 |    +0.9% |   -0.037 |     -578.2 |       -0.4 |    849 | instr_addr_o[17]
     546* |       2 |     181 |       58 |      6 |    37 |    +0.9% |   -0.037 |     -578.2 |       -0.4 |    849 | instr_addr_o[17]
     547* |       2 |     181 |       58 |      6 |    37 |    +0.9% |   -0.037 |     -578.2 |       -0.4 |    849 | instr_addr_o[17]
     548* |       2 |     181 |       58 |      6 |    37 |    +0.9% |   -0.037 |     -578.2 |       -0.4 |    849 | instr_addr_o[17]
     549* |       2 |     181 |       58 |      6 |    37 |    +0.9% |   -0.037 |     -578.2 |       -0.4 |    849 | instr_addr_o[17]
     550* |       2 |     181 |       58 |      6 |    37 |    +0.9% |   -0.037 |     -578.2 |       -0.4 |    849 | instr_addr_o[17]
     550* |       2 |     181 |       58 |      6 |    37 |    +0.9% |   -0.037 |     -578.2 |       -0.4 |    849 | instr_addr_o[17]
     551* |       2 |     181 |       58 |      6 |    37 |    +0.9% |   -0.037 |     -578.2 |       -0.4 |    849 | instr_addr_o[17]
     552* |       2 |     181 |       58 |      6 |    37 |    +0.9% |   -0.037 |     -578.2 |       -0.4 |    849 | instr_addr_o[17]
     553* |       2 |     181 |       58 |      6 |    37 |    +0.9% |   -0.037 |     -578.2 |       -0.4 |    849 | instr_addr_o[17]
     554* |       2 |     181 |       58 |      6 |    37 |    +0.9% |   -0.037 |     -578.2 |       -0.4 |    849 | instr_addr_o[17]
     555* |       2 |     181 |       58 |      6 |    37 |    +0.9% |   -0.037 |     -578.2 |       -0.4 |    849 | instr_addr_o[17]
     556* |       2 |     181 |       58 |      6 |    37 |    +0.9% |   -0.037 |     -578.2 |       -0.4 |    849 | instr_addr_o[17]
     557* |       2 |     181 |       58 |      6 |    37 |    +0.9% |   -0.037 |     -578.2 |       -0.4 |    849 | instr_addr_o[17]
     558* |       2 |     181 |       58 |      6 |    37 |    +0.9% |   -0.037 |     -578.2 |       -0.4 |    849 | instr_addr_o[17]
     559* |       2 |     181 |       58 |      6 |    37 |    +0.9% |   -0.037 |     -578.2 |       -0.4 |    849 | instr_addr_o[17]
     560* |       2 |     181 |       58 |      6 |    37 |    +0.9% |   -0.037 |     -578.2 |       -0.4 |    849 | instr_addr_o[17]
     560* |       2 |     181 |       58 |      6 |    37 |    +0.9% |   -0.037 |     -578.2 |       -0.4 |    849 | instr_addr_o[17]
     561* |       2 |     181 |       58 |      6 |    37 |    +0.9% |   -0.037 |     -578.2 |       -0.4 |    849 | instr_addr_o[17]
     562* |       2 |     181 |       58 |      6 |    37 |    +0.9% |   -0.037 |     -578.2 |       -0.4 |    849 | instr_addr_o[17]
     563* |       2 |     181 |       58 |      6 |    37 |    +0.9% |   -0.037 |     -578.2 |       -0.4 |    849 | instr_addr_o[17]
     564* |       2 |     181 |       58 |      6 |    37 |    +0.9% |   -0.037 |     -578.2 |       -0.4 |    849 | instr_addr_o[17]
     565* |       2 |     181 |       58 |      6 |    37 |    +0.9% |   -0.037 |     -578.2 |       -0.4 |    849 | instr_addr_o[17]
     566* |       2 |     181 |       58 |      6 |    37 |    +0.9% |   -0.037 |     -578.2 |       -0.4 |    849 | instr_addr_o[17]
     567* |       2 |     181 |       58 |      6 |    37 |    +0.9% |   -0.037 |     -578.2 |       -0.4 |    849 | instr_addr_o[17]
     568* |       2 |     181 |       58 |      6 |    37 |    +0.9% |   -0.037 |     -578.2 |       -0.4 |    849 | instr_addr_o[17]
     569* |       2 |     181 |       58 |      6 |    37 |    +0.9% |   -0.037 |     -578.2 |       -0.4 |    849 | instr_addr_o[17]
     570* |       2 |     181 |       58 |      6 |    37 |    +0.9% |   -0.037 |     -578.2 |       -0.4 |    849 | instr_addr_o[17]
     570* |       2 |     181 |       58 |      6 |    37 |    +0.9% |   -0.037 |     -578.2 |       -0.4 |    849 | instr_addr_o[17]
     571* |       2 |     181 |       58 |      6 |    37 |    +0.9% |   -0.037 |     -578.2 |       -0.4 |    849 | instr_addr_o[17]
     572* |       2 |     181 |       58 |      6 |    37 |    +0.9% |   -0.037 |     -578.2 |       -0.4 |    849 | instr_addr_o[17]
     573* |       2 |     181 |       58 |      6 |    37 |    +0.9% |   -0.037 |     -578.2 |       -0.4 |    849 | instr_addr_o[17]
     574* |       2 |     181 |       58 |      6 |    37 |    +0.9% |   -0.037 |     -578.2 |       -0.4 |    849 | instr_addr_o[17]
     575* |       2 |     181 |       58 |      6 |    37 |    +0.9% |   -0.037 |     -578.2 |       -0.4 |    849 | instr_addr_o[17]
     576* |       2 |     181 |       58 |      6 |    37 |    +0.9% |   -0.037 |     -578.2 |       -0.4 |    849 | instr_addr_o[17]
     577* |       2 |     181 |       58 |      6 |    37 |    +0.9% |   -0.037 |     -578.2 |       -0.4 |    849 | instr_addr_o[17]
     578* |       2 |     181 |       58 |      6 |    37 |    +0.9% |   -0.037 |     -578.2 |       -0.4 |    849 | instr_addr_o[17]
     579* |       2 |     181 |       58 |      6 |    37 |    +0.9% |   -0.037 |     -578.2 |       -0.4 |    849 | instr_addr_o[17]
     580* |       2 |     181 |       58 |      6 |    37 |    +0.9% |   -0.037 |     -578.2 |       -0.4 |    849 | instr_addr_o[17]
     580* |       2 |     181 |       58 |      6 |    37 |    +0.9% |   -0.037 |     -578.2 |       -0.4 |    849 | instr_addr_o[17]
     581* |       2 |     181 |       58 |      6 |    37 |    +0.9% |   -0.037 |     -578.2 |       -0.4 |    849 | instr_addr_o[17]
     582* |       2 |     181 |       58 |      6 |    37 |    +0.9% |   -0.037 |     -578.2 |       -0.4 |    849 | instr_addr_o[17]
     583* |       2 |     181 |       58 |      6 |    37 |    +0.9% |   -0.037 |     -578.2 |       -0.4 |    849 | instr_addr_o[17]
     584* |       2 |     181 |       58 |      6 |    37 |    +0.9% |   -0.037 |     -578.2 |       -0.4 |    849 | instr_addr_o[17]
     585* |       2 |     181 |       58 |      6 |    37 |    +0.9% |   -0.037 |     -578.2 |       -0.4 |    849 | instr_addr_o[17]
     586* |       2 |     181 |       58 |      6 |    37 |    +0.9% |   -0.037 |     -578.2 |       -0.4 |    849 | instr_addr_o[17]
     587* |       2 |     181 |       58 |      6 |    37 |    +0.9% |   -0.037 |     -578.2 |       -0.4 |    849 | instr_addr_o[17]
     588* |       2 |     181 |       58 |      6 |    37 |    +0.9% |   -0.037 |     -578.2 |       -0.4 |    849 | instr_addr_o[17]
     589* |       2 |     181 |       58 |      6 |    37 |    +0.9% |   -0.037 |     -578.2 |       -0.4 |    849 | instr_addr_o[17]
     590* |       2 |     181 |       58 |      6 |    37 |    +0.9% |   -0.037 |     -578.2 |       -0.4 |    849 | instr_addr_o[17]
     590* |       2 |     181 |       58 |      6 |    37 |    +0.9% |   -0.037 |     -578.2 |       -0.4 |    849 | instr_addr_o[17]
     591* |       2 |     181 |       58 |      6 |    37 |    +0.9% |   -0.037 |     -578.2 |       -0.4 |    849 | instr_addr_o[17]
     592* |       2 |     181 |       58 |      6 |    37 |    +0.9% |   -0.037 |     -578.2 |       -0.4 |    849 | instr_addr_o[17]
     593* |       2 |     181 |       58 |      6 |    37 |    +0.9% |   -0.037 |     -578.2 |       -0.4 |    849 | instr_addr_o[17]
     594* |       2 |     181 |       58 |      6 |    37 |    +0.9% |   -0.037 |     -578.2 |       -0.4 |    849 | instr_addr_o[17]
     595* |       2 |     181 |       58 |      6 |    37 |    +0.9% |   -0.037 |     -578.2 |       -0.4 |    849 | instr_addr_o[17]
     596* |       2 |     181 |       58 |      6 |    37 |    +0.9% |   -0.037 |     -578.2 |       -0.4 |    849 | instr_addr_o[17]
     597* |       2 |     181 |       58 |      6 |    37 |    +0.9% |   -0.037 |     -578.2 |       -0.4 |    849 | instr_addr_o[17]
     598* |       2 |     181 |       58 |      6 |    37 |    +0.9% |   -0.037 |     -578.2 |       -0.4 |    849 | instr_addr_o[17]
     599* |       2 |     181 |       58 |      6 |    37 |    +0.9% |   -0.037 |     -578.2 |       -0.4 |    849 | instr_addr_o[17]
     600* |       2 |     181 |       58 |      6 |    37 |    +0.9% |   -0.037 |     -578.2 |       -0.4 |    849 | instr_addr_o[17]
     600* |       2 |     181 |       58 |      6 |    37 |    +0.9% |   -0.037 |     -578.2 |       -0.4 |    849 | instr_addr_o[17]
     601* |       2 |     181 |       58 |      6 |    37 |    +0.9% |   -0.037 |     -578.2 |       -0.4 |    849 | instr_addr_o[17]
     602* |       2 |     181 |       58 |      6 |    37 |    +0.9% |   -0.037 |     -578.2 |       -0.4 |    849 | instr_addr_o[17]
     603* |       2 |     181 |       58 |      6 |    37 |    +0.9% |   -0.037 |     -578.2 |       -0.4 |    849 | instr_addr_o[17]
     604* |       2 |     181 |       58 |      6 |    37 |    +0.9% |   -0.037 |     -578.2 |       -0.4 |    849 | instr_addr_o[17]
     605* |       2 |     181 |       58 |      6 |    37 |    +0.9% |   -0.037 |     -578.2 |       -0.4 |    849 | instr_addr_o[17]
     606* |       2 |     181 |       58 |      6 |    37 |    +0.9% |   -0.037 |     -578.2 |       -0.4 |    849 | instr_addr_o[17]
     607* |       2 |     181 |       58 |      6 |    37 |    +0.9% |   -0.037 |     -578.2 |       -0.4 |    849 | instr_addr_o[17]
     608* |       2 |     181 |       58 |      6 |    37 |    +0.9% |   -0.037 |     -578.2 |       -0.4 |    849 | instr_addr_o[17]
     609* |       2 |     181 |       58 |      6 |    37 |    +0.9% |   -0.037 |     -578.2 |       -0.4 |    849 | instr_addr_o[17]
     610* |       2 |     181 |       58 |      6 |    37 |    +0.9% |   -0.037 |     -578.2 |       -0.4 |    849 | instr_addr_o[17]
     610* |       2 |     181 |       58 |      6 |    37 |    +0.9% |   -0.037 |     -578.2 |       -0.4 |    849 | instr_addr_o[17]
     611* |       2 |     181 |       58 |      6 |    37 |    +0.9% |   -0.037 |     -578.2 |       -0.4 |    849 | instr_addr_o[17]
     612* |       2 |     181 |       58 |      6 |    37 |    +0.9% |   -0.037 |     -578.2 |       -0.4 |    849 | instr_addr_o[17]
     613* |       2 |     181 |       58 |      6 |    37 |    +0.9% |   -0.037 |     -578.2 |       -0.4 |    849 | instr_addr_o[17]
     614* |       2 |     181 |       58 |      6 |    37 |    +0.9% |   -0.037 |     -578.2 |       -0.4 |    849 | instr_addr_o[17]
     615* |       2 |     181 |       58 |      6 |    37 |    +0.9% |   -0.037 |     -578.2 |       -0.4 |    849 | instr_addr_o[17]
     616* |       2 |     181 |       58 |      6 |    37 |    +0.9% |   -0.037 |     -578.2 |       -0.4 |    849 | instr_addr_o[17]
     617* |       2 |     181 |       58 |      6 |    37 |    +0.9% |   -0.037 |     -578.2 |       -0.4 |    849 | instr_addr_o[17]
     618* |       2 |     181 |       58 |      6 |    37 |    +0.9% |   -0.037 |     -578.2 |       -0.4 |    849 | instr_addr_o[17]
     619* |       2 |     181 |       58 |      6 |    37 |    +0.9% |   -0.037 |     -578.2 |       -0.4 |    849 | instr_addr_o[17]
     620* |       2 |     181 |       58 |      6 |    37 |    +0.9% |   -0.037 |     -578.2 |       -0.4 |    849 | instr_addr_o[17]
     620* |       2 |     181 |       58 |      6 |    37 |    +0.9% |   -0.037 |     -578.2 |       -0.4 |    849 | instr_addr_o[17]
     621* |       2 |     181 |       58 |      6 |    37 |    +0.9% |   -0.037 |     -578.2 |       -0.4 |    849 | instr_addr_o[17]
     622* |       2 |     181 |       58 |      6 |    37 |    +0.9% |   -0.037 |     -578.2 |       -0.4 |    849 | instr_addr_o[17]
     623* |       2 |     181 |       58 |      6 |    37 |    +0.9% |   -0.037 |     -578.2 |       -0.4 |    849 | instr_addr_o[17]
     624* |       2 |     181 |       58 |      6 |    37 |    +0.9% |   -0.037 |     -578.2 |       -0.4 |    849 | instr_addr_o[17]
     625* |       2 |     181 |       58 |      6 |    37 |    +0.9% |   -0.037 |     -578.2 |       -0.4 |    849 | instr_addr_o[17]
     626* |       2 |     181 |       58 |      6 |    37 |    +0.9% |   -0.037 |     -578.2 |       -0.4 |    849 | instr_addr_o[17]
     627* |       2 |     181 |       58 |      6 |    37 |    +0.9% |   -0.037 |     -578.2 |       -0.4 |    849 | instr_addr_o[17]
     628* |       2 |     181 |       58 |      6 |    37 |    +0.9% |   -0.037 |     -578.2 |       -0.4 |    849 | instr_addr_o[17]
     629* |       2 |     181 |       58 |      6 |    37 |    +0.9% |   -0.037 |     -578.2 |       -0.4 |    849 | instr_addr_o[17]
     630* |       2 |     181 |       58 |      6 |    37 |    +0.9% |   -0.037 |     -578.2 |       -0.4 |    849 | instr_addr_o[17]
     630* |       2 |     181 |       58 |      6 |    37 |    +0.9% |   -0.037 |     -578.2 |       -0.4 |    849 | instr_addr_o[17]
     631* |       2 |     181 |       58 |      6 |    37 |    +0.9% |   -0.037 |     -578.2 |       -0.4 |    849 | instr_addr_o[17]
     632* |       2 |     181 |       58 |      6 |    37 |    +0.9% |   -0.037 |     -578.2 |       -0.4 |    849 | instr_addr_o[17]
     633* |       2 |     181 |       58 |      6 |    37 |    +0.9% |   -0.037 |     -578.2 |       -0.4 |    849 | instr_addr_o[17]
     634* |       2 |     181 |       58 |      6 |    37 |    +0.9% |   -0.037 |     -578.2 |       -0.4 |    849 | instr_addr_o[17]
     635* |       2 |     181 |       58 |      6 |    37 |    +0.9% |   -0.037 |     -578.2 |       -0.4 |    849 | instr_addr_o[17]
     636* |       2 |     181 |       58 |      6 |    37 |    +0.9% |   -0.037 |     -578.2 |       -0.4 |    849 | instr_addr_o[17]
     637* |       2 |     181 |       58 |      6 |    37 |    +0.9% |   -0.037 |     -578.2 |       -0.4 |    849 | instr_addr_o[17]
     638* |       2 |     181 |       58 |      6 |    37 |    +0.9% |   -0.037 |     -578.2 |       -0.4 |    849 | instr_addr_o[17]
     639* |       2 |     181 |       58 |      6 |    37 |    +0.9% |   -0.037 |     -578.2 |       -0.4 |    849 | instr_addr_o[17]
     640* |       2 |     181 |       58 |      6 |    37 |    +0.9% |   -0.037 |     -578.2 |       -0.4 |    849 | instr_addr_o[17]
     640* |       2 |     181 |       58 |      6 |    37 |    +0.9% |   -0.037 |     -578.2 |       -0.4 |    849 | instr_addr_o[17]
     641* |       2 |     181 |       58 |      6 |    37 |    +0.9% |   -0.037 |     -578.2 |       -0.4 |    849 | instr_addr_o[17]
     642* |       2 |     181 |       58 |      6 |    37 |    +0.9% |   -0.037 |     -578.2 |       -0.4 |    849 | instr_addr_o[17]
     643* |       2 |     181 |       58 |      6 |    37 |    +0.9% |   -0.037 |     -578.2 |       -0.4 |    849 | instr_addr_o[17]
     644* |       2 |     181 |       58 |      6 |    37 |    +0.9% |   -0.037 |     -578.2 |       -0.4 |    849 | instr_addr_o[17]
     645* |       2 |     181 |       58 |      6 |    37 |    +0.9% |   -0.037 |     -578.2 |       -0.4 |    849 | instr_addr_o[17]
     646* |       2 |     181 |       58 |      6 |    37 |    +0.9% |   -0.037 |     -578.2 |       -0.4 |    849 | instr_addr_o[17]
     647* |       2 |     181 |       58 |      6 |    37 |    +0.9% |   -0.037 |     -578.2 |       -0.4 |    849 | instr_addr_o[17]
     648* |       2 |     181 |       58 |      6 |    37 |    +0.9% |   -0.037 |     -578.2 |       -0.4 |    849 | instr_addr_o[17]
     649* |       2 |     181 |       58 |      6 |    37 |    +0.9% |   -0.037 |     -578.2 |       -0.4 |    849 | instr_addr_o[17]
     650* |       2 |     181 |       58 |      6 |    37 |    +0.9% |   -0.037 |     -578.2 |       -0.4 |    849 | instr_addr_o[17]
     650* |       2 |     181 |       58 |      6 |    37 |    +0.9% |   -0.037 |     -578.2 |       -0.4 |    849 | instr_addr_o[17]
     651* |       2 |     181 |       58 |      6 |    37 |    +0.9% |   -0.037 |     -578.2 |       -0.4 |    849 | instr_addr_o[17]
     652* |       2 |     181 |       58 |      6 |    37 |    +0.9% |   -0.037 |     -578.2 |       -0.4 |    849 | instr_addr_o[17]
     653* |       2 |     181 |       58 |      6 |    37 |    +0.9% |   -0.037 |     -578.2 |       -0.4 |    849 | instr_addr_o[17]
     654* |       2 |     181 |       58 |      6 |    37 |    +0.9% |   -0.037 |     -578.2 |       -0.4 |    849 | instr_addr_o[17]
     655* |       2 |     181 |       58 |      6 |    37 |    +0.9% |   -0.037 |     -578.2 |       -0.4 |    849 | instr_addr_o[17]
     656* |       2 |     181 |       58 |      6 |    37 |    +0.9% |   -0.037 |     -578.2 |       -0.4 |    849 | instr_addr_o[17]
     657* |       2 |     181 |       58 |      6 |    37 |    +0.9% |   -0.037 |     -578.2 |       -0.4 |    849 | instr_addr_o[17]
     658* |       2 |     181 |       58 |      6 |    37 |    +0.9% |   -0.037 |     -578.2 |       -0.4 |    849 | instr_addr_o[17]
     659* |       2 |     181 |       58 |      6 |    37 |    +0.9% |   -0.037 |     -578.2 |       -0.4 |    849 | instr_addr_o[17]
     660* |       2 |     181 |       58 |      6 |    37 |    +0.9% |   -0.037 |     -578.2 |       -0.4 |    849 | instr_addr_o[17]
     660* |       2 |     181 |       58 |      6 |    37 |    +0.9% |   -0.037 |     -578.2 |       -0.4 |    849 | instr_addr_o[17]
     661* |       2 |     181 |       58 |      6 |    37 |    +0.9% |   -0.037 |     -578.2 |       -0.4 |    849 | instr_addr_o[17]
     662* |       2 |     181 |       58 |      6 |    37 |    +0.9% |   -0.037 |     -578.2 |       -0.4 |    849 | instr_addr_o[17]
     663* |       2 |     181 |       58 |      6 |    37 |    +0.9% |   -0.037 |     -578.2 |       -0.4 |    849 | instr_addr_o[17]
     664* |       2 |     181 |       58 |      6 |    37 |    +0.9% |   -0.037 |     -578.2 |       -0.4 |    849 | instr_addr_o[17]
     665* |       2 |     181 |       58 |      6 |    37 |    +0.9% |   -0.037 |     -578.2 |       -0.4 |    849 | instr_addr_o[17]
     666* |       2 |     181 |       58 |      6 |    37 |    +0.9% |   -0.037 |     -578.2 |       -0.4 |    849 | instr_addr_o[17]
     667* |       2 |     181 |       58 |      6 |    37 |    +0.9% |   -0.037 |     -578.2 |       -0.4 |    849 | instr_addr_o[17]
     668* |       2 |     181 |       58 |      6 |    37 |    +0.9% |   -0.037 |     -578.2 |       -0.4 |    849 | instr_addr_o[17]
     669* |       2 |     181 |       58 |      6 |    37 |    +0.9% |   -0.037 |     -578.2 |       -0.4 |    849 | instr_addr_o[17]
     670* |       2 |     181 |       58 |      6 |    37 |    +0.9% |   -0.037 |     -578.2 |       -0.4 |    849 | instr_addr_o[17]
     670* |       2 |     181 |       58 |      6 |    37 |    +0.9% |   -0.037 |     -578.2 |       -0.4 |    849 | instr_addr_o[17]
     671* |       2 |     181 |       58 |      6 |    37 |    +0.9% |   -0.037 |     -578.2 |       -0.4 |    849 | instr_addr_o[17]
     672* |       2 |     181 |       58 |      6 |    37 |    +0.9% |   -0.037 |     -578.2 |       -0.4 |    849 | instr_addr_o[17]
     673* |       2 |     181 |       58 |      6 |    37 |    +0.9% |   -0.037 |     -578.2 |       -0.4 |    849 | instr_addr_o[17]
     674* |       2 |     181 |       58 |      6 |    37 |    +0.9% |   -0.037 |     -578.2 |       -0.4 |    849 | instr_addr_o[17]
     675* |       2 |     181 |       58 |      6 |    37 |    +0.9% |   -0.037 |     -578.2 |       -0.4 |    849 | instr_addr_o[17]
     676* |       2 |     181 |       58 |      6 |    37 |    +0.9% |   -0.037 |     -578.2 |       -0.4 |    849 | instr_addr_o[17]
     677* |       2 |     181 |       58 |      6 |    37 |    +0.9% |   -0.037 |     -578.2 |       -0.4 |    849 | instr_addr_o[17]
     678* |       2 |     181 |       58 |      6 |    37 |    +0.9% |   -0.037 |     -578.2 |       -0.4 |    849 | instr_addr_o[17]
     679* |       2 |     181 |       58 |      6 |    37 |    +0.9% |   -0.037 |     -578.2 |       -0.4 |    849 | instr_addr_o[17]
     680* |       2 |     181 |       58 |      6 |    37 |    +0.9% |   -0.037 |     -578.2 |       -0.4 |    849 | instr_addr_o[17]
     680* |       2 |     181 |       58 |      6 |    37 |    +0.9% |   -0.037 |     -578.2 |       -0.4 |    849 | instr_addr_o[17]
     681* |       2 |     181 |       58 |      6 |    37 |    +0.9% |   -0.037 |     -578.2 |       -0.4 |    849 | instr_addr_o[17]
     682* |       2 |     181 |       58 |      6 |    37 |    +0.9% |   -0.037 |     -578.2 |       -0.4 |    849 | instr_addr_o[17]
     683* |       2 |     181 |       58 |      6 |    37 |    +0.9% |   -0.037 |     -578.2 |       -0.4 |    849 | instr_addr_o[17]
     684* |       2 |     181 |       58 |      6 |    37 |    +0.9% |   -0.037 |     -578.2 |       -0.4 |    849 | instr_addr_o[17]
     685* |       2 |     181 |       58 |      6 |    37 |    +0.9% |   -0.037 |     -578.2 |       -0.4 |    849 | instr_addr_o[17]
     686* |       2 |     181 |       58 |      6 |    37 |    +0.9% |   -0.037 |     -578.2 |       -0.4 |    849 | instr_addr_o[17]
     687* |       2 |     181 |       58 |      6 |    37 |    +0.9% |   -0.037 |     -578.2 |       -0.4 |    849 | instr_addr_o[17]
     688* |       2 |     181 |       58 |      6 |    37 |    +0.9% |   -0.037 |     -578.2 |       -0.4 |    849 | instr_addr_o[17]
     689* |       2 |     181 |       58 |      6 |    37 |    +0.9% |   -0.037 |     -578.2 |       -0.4 |    849 | instr_addr_o[17]
     690* |       2 |     181 |       58 |      6 |    37 |    +0.9% |   -0.037 |     -578.2 |       -0.4 |    849 | instr_addr_o[17]
     690* |       2 |     181 |       58 |      6 |    37 |    +0.9% |   -0.037 |     -578.2 |       -0.4 |    849 | instr_addr_o[17]
     691* |       2 |     181 |       58 |      6 |    37 |    +0.9% |   -0.037 |     -578.2 |       -0.4 |    849 | instr_addr_o[17]
     692* |       2 |     181 |       58 |      6 |    37 |    +0.9% |   -0.037 |     -578.2 |       -0.4 |    849 | instr_addr_o[17]
     693* |       2 |     181 |       58 |      6 |    37 |    +0.9% |   -0.037 |     -578.2 |       -0.4 |    849 | instr_addr_o[17]
     694* |       2 |     181 |       58 |      6 |    37 |    +0.9% |   -0.037 |     -578.2 |       -0.4 |    849 | instr_addr_o[17]
     695* |       2 |     181 |       58 |      6 |    37 |    +0.9% |   -0.037 |     -578.2 |       -0.4 |    849 | instr_addr_o[17]
     696* |       2 |     181 |       58 |      6 |    37 |    +0.9% |   -0.037 |     -578.2 |       -0.4 |    849 | instr_addr_o[17]
     697* |       2 |     181 |       58 |      6 |    37 |    +0.9% |   -0.037 |     -578.2 |       -0.4 |    849 | instr_addr_o[17]
     698* |       2 |     181 |       58 |      6 |    37 |    +0.9% |   -0.037 |     -578.2 |       -0.4 |    849 | instr_addr_o[17]
     699* |       2 |     181 |       58 |      6 |    37 |    +0.9% |   -0.037 |     -578.2 |       -0.4 |    849 | instr_addr_o[17]
     700* |       2 |     181 |       58 |      6 |    37 |    +0.9% |   -0.037 |     -578.2 |       -0.4 |    849 | instr_addr_o[17]
     700* |       2 |     181 |       58 |      6 |    37 |    +0.9% |   -0.037 |     -578.2 |       -0.4 |    849 | instr_addr_o[17]
     701* |       2 |     181 |       58 |      6 |    37 |    +0.9% |   -0.037 |     -578.2 |       -0.4 |    849 | instr_addr_o[17]
     702* |       2 |     181 |       58 |      6 |    37 |    +0.9% |   -0.037 |     -578.2 |       -0.4 |    849 | instr_addr_o[17]
     703* |       2 |     181 |       58 |      6 |    37 |    +0.9% |   -0.037 |     -578.2 |       -0.4 |    849 | instr_addr_o[17]
     704* |       2 |     181 |       58 |      6 |    37 |    +0.9% |   -0.037 |     -578.2 |       -0.4 |    849 | instr_addr_o[17]
     705* |       2 |     181 |       58 |      6 |    37 |    +0.9% |   -0.037 |     -578.2 |       -0.4 |    849 | instr_addr_o[17]
     706* |       2 |     181 |       58 |      6 |    37 |    +0.9% |   -0.037 |     -578.2 |       -0.4 |    849 | instr_addr_o[17]
     707* |       2 |     181 |       58 |      6 |    37 |    +0.9% |   -0.037 |     -578.2 |       -0.4 |    849 | instr_addr_o[17]
     708* |       2 |     181 |       58 |      6 |    37 |    +0.9% |   -0.037 |     -578.2 |       -0.4 |    849 | instr_addr_o[17]
     709* |       2 |     181 |       58 |      6 |    37 |    +0.9% |   -0.037 |     -578.2 |       -0.4 |    849 | instr_addr_o[17]
     710* |       2 |     181 |       58 |      6 |    37 |    +0.9% |   -0.037 |     -578.2 |       -0.4 |    849 | instr_addr_o[17]
     710* |       2 |     181 |       58 |      6 |    37 |    +0.9% |   -0.037 |     -578.2 |       -0.4 |    849 | instr_addr_o[17]
     711* |       2 |     181 |       58 |      6 |    37 |    +0.9% |   -0.037 |     -578.2 |       -0.4 |    849 | instr_addr_o[17]
     712* |       2 |     181 |       58 |      6 |    37 |    +0.9% |   -0.037 |     -578.2 |       -0.4 |    849 | instr_addr_o[17]
     713* |       2 |     181 |       58 |      6 |    37 |    +0.9% |   -0.037 |     -578.2 |       -0.4 |    849 | instr_addr_o[17]
     714* |       2 |     181 |       58 |      6 |    37 |    +0.9% |   -0.037 |     -578.2 |       -0.4 |    849 | instr_addr_o[17]
     715* |       2 |     181 |       58 |      6 |    37 |    +0.9% |   -0.037 |     -578.2 |       -0.4 |    849 | instr_addr_o[17]
     716* |       2 |     181 |       58 |      6 |    37 |    +0.9% |   -0.037 |     -578.2 |       -0.4 |    849 | instr_addr_o[17]
     717* |       2 |     181 |       58 |      6 |    37 |    +0.9% |   -0.037 |     -578.2 |       -0.4 |    849 | instr_addr_o[17]
     718* |       2 |     181 |       58 |      6 |    37 |    +0.9% |   -0.037 |     -578.2 |       -0.4 |    849 | instr_addr_o[17]
     719* |       2 |     181 |       58 |      6 |    37 |    +0.9% |   -0.037 |     -578.2 |       -0.4 |    849 | instr_addr_o[17]
     720* |       2 |     181 |       58 |      6 |    37 |    +0.9% |   -0.037 |     -578.2 |       -0.4 |    849 | instr_addr_o[17]
     720* |       2 |     181 |       58 |      6 |    37 |    +0.9% |   -0.037 |     -578.2 |       -0.4 |    849 | instr_addr_o[17]
     721* |       2 |     181 |       58 |      6 |    37 |    +0.9% |   -0.037 |     -578.2 |       -0.4 |    849 | instr_addr_o[17]
     722* |       2 |     181 |       58 |      6 |    37 |    +0.9% |   -0.037 |     -578.2 |       -0.4 |    849 | instr_addr_o[17]
     723* |       2 |     181 |       58 |      6 |    37 |    +0.9% |   -0.037 |     -578.2 |       -0.4 |    849 | instr_addr_o[17]
     724* |       2 |     181 |       58 |      6 |    37 |    +0.9% |   -0.037 |     -578.2 |       -0.4 |    849 | instr_addr_o[17]
     725* |       2 |     181 |       58 |      6 |    37 |    +0.9% |   -0.037 |     -578.2 |       -0.4 |    849 | instr_addr_o[17]
     726* |       2 |     181 |       58 |      6 |    37 |    +0.9% |   -0.037 |     -578.2 |       -0.4 |    849 | instr_addr_o[17]
     727* |       2 |     181 |       58 |      6 |    37 |    +0.9% |   -0.037 |     -578.2 |       -0.4 |    849 | instr_addr_o[17]
     728* |       2 |     181 |       58 |      6 |    37 |    +0.9% |   -0.037 |     -578.2 |       -0.4 |    849 | instr_addr_o[17]
     729* |       2 |     181 |       58 |      6 |    37 |    +0.9% |   -0.037 |     -578.2 |       -0.4 |    849 | instr_addr_o[17]
     730* |       2 |     181 |       58 |      6 |    37 |    +0.9% |   -0.037 |     -578.2 |       -0.4 |    849 | instr_addr_o[17]
     730* |       2 |     181 |       58 |      6 |    37 |    +0.9% |   -0.037 |     -578.2 |       -0.4 |    849 | instr_addr_o[17]
     731* |       2 |     181 |       58 |      6 |    37 |    +0.9% |   -0.037 |     -578.2 |       -0.4 |    849 | instr_addr_o[17]
     732* |       2 |     181 |       58 |      6 |    37 |    +0.9% |   -0.037 |     -578.2 |       -0.4 |    849 | instr_addr_o[17]
     733* |       2 |     181 |       58 |      6 |    37 |    +0.9% |   -0.037 |     -578.2 |       -0.4 |    849 | instr_addr_o[17]
     734* |       2 |     181 |       58 |      6 |    37 |    +0.9% |   -0.037 |     -578.2 |       -0.4 |    849 | instr_addr_o[17]
     735* |       2 |     181 |       58 |      6 |    37 |    +0.9% |   -0.037 |     -578.2 |       -0.4 |    849 | instr_addr_o[17]
     736* |       2 |     181 |       58 |      6 |    37 |    +0.9% |   -0.037 |     -578.2 |       -0.4 |    849 | instr_addr_o[17]
     737* |       2 |     181 |       58 |      6 |    37 |    +0.9% |   -0.037 |     -578.2 |       -0.4 |    849 | instr_addr_o[17]
     738* |       2 |     181 |       58 |      6 |    37 |    +0.9% |   -0.037 |     -578.2 |       -0.4 |    849 | instr_addr_o[17]
     739* |       2 |     181 |       58 |      6 |    37 |    +0.9% |   -0.037 |     -578.2 |       -0.4 |    849 | instr_addr_o[17]
     740* |       2 |     181 |       58 |      6 |    37 |    +0.9% |   -0.037 |     -578.2 |       -0.4 |    849 | instr_addr_o[17]
     740* |       2 |     181 |       58 |      6 |    37 |    +0.9% |   -0.037 |     -578.2 |       -0.4 |    849 | instr_addr_o[17]
     741* |       2 |     181 |       58 |      6 |    37 |    +0.9% |   -0.037 |     -578.2 |       -0.4 |    849 | instr_addr_o[17]
     742* |       2 |     181 |       58 |      6 |    37 |    +0.9% |   -0.037 |     -578.2 |       -0.4 |    849 | instr_addr_o[17]
     743* |       2 |     181 |       58 |      6 |    37 |    +0.9% |   -0.037 |     -578.2 |       -0.4 |    849 | instr_addr_o[17]
     744* |       2 |     181 |       58 |      6 |    37 |    +0.9% |   -0.037 |     -578.2 |       -0.4 |    849 | instr_addr_o[17]
     745* |       2 |     181 |       58 |      6 |    37 |    +0.9% |   -0.037 |     -578.2 |       -0.4 |    849 | instr_addr_o[17]
     746* |       2 |     181 |       58 |      6 |    37 |    +0.9% |   -0.037 |     -578.2 |       -0.4 |    849 | instr_addr_o[17]
     747* |       2 |     181 |       58 |      6 |    37 |    +0.9% |   -0.037 |     -578.2 |       -0.4 |    849 | instr_addr_o[17]
     748* |       2 |     181 |       58 |      6 |    37 |    +0.9% |   -0.037 |     -578.2 |       -0.4 |    849 | instr_addr_o[17]
     749* |       2 |     181 |       58 |      6 |    37 |    +0.9% |   -0.037 |     -578.2 |       -0.4 |    849 | instr_addr_o[17]
     750* |       2 |     181 |       58 |      6 |    37 |    +0.9% |   -0.037 |     -578.2 |       -0.4 |    849 | instr_addr_o[17]
     759* |       2 |     186 |       59 |      6 |    37 |    +0.9% |   -0.037 |     -578.1 |       -0.1 |    849 | instr_addr_o[17]
     760* |       2 |     186 |       59 |      6 |    37 |    +0.9% |   -0.037 |     -578.1 |       -0.1 |    849 | instr_addr_o[17]
     764* |       2 |     190 |       59 |      6 |    37 |    +0.9% |   -0.029 |     -578.1 |       -0.0 |    849 | instr_addr_o[17]
     765* |       2 |     190 |       59 |      6 |    37 |    +0.9% |   -0.029 |     -578.1 |       -0.0 |    849 | instr_addr_o[17]
     766* |       2 |     190 |       59 |      6 |    37 |    +0.9% |   -0.029 |     -578.1 |       -0.0 |    849 | instr_addr_o[17]
     767* |       2 |     190 |       59 |      6 |    37 |    +0.9% |   -0.029 |     -578.1 |       -0.0 |    849 | instr_addr_o[17]
     768* |       2 |     190 |       59 |      6 |    37 |    +0.9% |   -0.029 |     -578.1 |       -0.0 |    849 | instr_addr_o[17]
     769* |       2 |     190 |       59 |      6 |    37 |    +0.9% |   -0.029 |     -578.1 |       -0.0 |    849 | instr_addr_o[17]
     770* |       2 |     190 |       59 |      6 |    37 |    +0.9% |   -0.029 |     -578.1 |       -0.0 |    849 | instr_addr_o[17]
     770* |       2 |     190 |       59 |      6 |    37 |    +0.9% |   -0.029 |     -578.1 |       -0.0 |    849 | instr_addr_o[17]
     771* |       2 |     190 |       59 |      6 |    37 |    +0.9% |   -0.029 |     -578.1 |       -0.0 |    849 | instr_addr_o[17]
     772* |       2 |     190 |       59 |      6 |    37 |    +0.9% |   -0.029 |     -578.1 |       -0.0 |    849 | instr_addr_o[17]
     773* |       2 |     190 |       59 |      6 |    37 |    +0.9% |   -0.029 |     -578.1 |       -0.0 |    849 | instr_addr_o[17]
     774* |       2 |     190 |       59 |      6 |    37 |    +0.9% |   -0.029 |     -578.1 |       -0.0 |    849 | instr_addr_o[17]
     775* |       2 |     190 |       59 |      6 |    37 |    +0.9% |   -0.029 |     -578.1 |       -0.0 |    849 | instr_addr_o[17]
     776* |       2 |     190 |       59 |      6 |    37 |    +0.9% |   -0.029 |     -578.1 |       -0.0 |    849 | instr_addr_o[17]
     777* |       2 |     190 |       59 |      6 |    37 |    +0.9% |   -0.029 |     -578.1 |       -0.0 |    849 | instr_addr_o[17]
     778* |       2 |     190 |       59 |      6 |    37 |    +0.9% |   -0.029 |     -578.1 |       -0.0 |    849 | instr_addr_o[17]
     779* |       2 |     190 |       59 |      6 |    37 |    +0.9% |   -0.029 |     -578.1 |       -0.0 |    849 | instr_addr_o[17]
     780* |       2 |     190 |       59 |      6 |    37 |    +0.9% |   -0.029 |     -578.1 |       -0.0 |    849 | instr_addr_o[17]
     780* |       2 |     190 |       59 |      6 |    37 |    +0.9% |   -0.029 |     -578.1 |       -0.0 |    849 | instr_addr_o[17]
     781* |       2 |     190 |       59 |      6 |    37 |    +0.9% |   -0.029 |     -578.1 |       -0.0 |    849 | instr_addr_o[17]
     782* |       2 |     190 |       59 |      6 |    37 |    +0.9% |   -0.029 |     -578.1 |       -0.0 |    849 | instr_addr_o[17]
     783* |       2 |     190 |       59 |      6 |    37 |    +0.9% |   -0.029 |     -578.1 |       -0.0 |    849 | instr_addr_o[17]
     784* |       2 |     190 |       59 |      6 |    37 |    +0.9% |   -0.029 |     -578.1 |       -0.0 |    849 | instr_addr_o[17]
     785* |       2 |     190 |       59 |      6 |    37 |    +0.9% |   -0.029 |     -578.1 |       -0.0 |    849 | instr_addr_o[17]
     786* |       2 |     190 |       59 |      6 |    37 |    +0.9% |   -0.029 |     -578.1 |       -0.0 |    849 | instr_addr_o[17]
     787* |       2 |     190 |       59 |      6 |    37 |    +0.9% |   -0.029 |     -578.1 |       -0.0 |    849 | instr_addr_o[17]
     788* |       2 |     190 |       59 |      6 |    37 |    +0.9% |   -0.029 |     -578.1 |       -0.0 |    849 | instr_addr_o[17]
     789* |       2 |     190 |       59 |      6 |    37 |    +0.9% |   -0.029 |     -578.1 |       -0.0 |    849 | instr_addr_o[17]
     790* |       2 |     190 |       59 |      6 |    37 |    +0.9% |   -0.029 |     -578.1 |       -0.0 |    849 | instr_addr_o[17]
     790* |       2 |     190 |       59 |      6 |    37 |    +0.9% |   -0.029 |     -578.1 |       -0.0 |    849 | instr_addr_o[17]
     791* |       2 |     190 |       59 |      6 |    37 |    +0.9% |   -0.029 |     -578.1 |       -0.0 |    849 | instr_addr_o[17]
     792* |       2 |     190 |       59 |      6 |    37 |    +0.9% |   -0.029 |     -578.1 |       -0.0 |    849 | instr_addr_o[17]
     793* |       2 |     190 |       59 |      6 |    37 |    +0.9% |   -0.029 |     -578.1 |       -0.0 |    849 | instr_addr_o[17]
     794* |       2 |     190 |       59 |      6 |    37 |    +0.9% |   -0.029 |     -578.1 |       -0.0 |    849 | instr_addr_o[17]
     795* |       2 |     190 |       59 |      6 |    37 |    +0.9% |   -0.029 |     -578.1 |       -0.0 |    849 | instr_addr_o[17]
     796* |       2 |     190 |       59 |      6 |    37 |    +0.9% |   -0.029 |     -578.1 |       -0.0 |    849 | instr_addr_o[17]
     797* |       2 |     190 |       59 |      6 |    37 |    +0.9% |   -0.029 |     -578.1 |       -0.0 |    849 | instr_addr_o[17]
     798* |       2 |     190 |       59 |      6 |    37 |    +0.9% |   -0.029 |     -578.1 |       -0.0 |    849 | instr_addr_o[17]
     799* |       2 |     190 |       59 |      6 |    37 |    +0.9% |   -0.029 |     -578.1 |       -0.0 |    849 | instr_addr_o[17]
     800* |       2 |     190 |       59 |      6 |    37 |    +0.9% |   -0.029 |     -578.1 |       -0.0 |    849 | instr_addr_o[17]
     800* |       2 |     190 |       59 |      6 |    37 |    +0.9% |   -0.029 |     -578.1 |       -0.0 |    849 | instr_addr_o[17]
     801* |       2 |     190 |       59 |      6 |    37 |    +0.9% |   -0.029 |     -578.1 |       -0.0 |    849 | instr_addr_o[17]
     802* |       2 |     190 |       59 |      6 |    37 |    +0.9% |   -0.029 |     -578.1 |       -0.0 |    849 | instr_addr_o[17]
     803* |       2 |     190 |       59 |      6 |    37 |    +0.9% |   -0.029 |     -578.1 |       -0.0 |    849 | instr_addr_o[17]
     804* |       2 |     190 |       59 |      6 |    37 |    +0.9% |   -0.029 |     -578.1 |       -0.0 |    849 | instr_addr_o[17]
     805* |       2 |     190 |       59 |      6 |    37 |    +0.9% |   -0.029 |     -578.1 |       -0.0 |    849 | instr_addr_o[17]
     806* |       2 |     190 |       59 |      6 |    37 |    +0.9% |   -0.029 |     -578.1 |       -0.0 |    849 | instr_addr_o[17]
     807* |       2 |     190 |       59 |      6 |    37 |    +0.9% |   -0.029 |     -578.1 |       -0.0 |    849 | instr_addr_o[17]
     808* |       2 |     190 |       59 |      6 |    37 |    +0.9% |   -0.029 |     -578.1 |       -0.0 |    849 | instr_addr_o[17]
     809* |       2 |     190 |       59 |      6 |    37 |    +0.9% |   -0.029 |     -578.1 |       -0.0 |    849 | instr_addr_o[17]
     810* |       2 |     190 |       59 |      6 |    37 |    +0.9% |   -0.029 |     -578.1 |       -0.0 |    849 | instr_addr_o[17]
     810* |       2 |     190 |       59 |      6 |    37 |    +0.9% |   -0.029 |     -578.1 |       -0.0 |    849 | instr_addr_o[17]
     811* |       2 |     190 |       59 |      6 |    37 |    +0.9% |   -0.029 |     -578.1 |       -0.0 |    849 | instr_addr_o[17]
     812* |       2 |     190 |       59 |      6 |    37 |    +0.9% |   -0.029 |     -578.1 |       -0.0 |    849 | instr_addr_o[17]
     813* |       2 |     190 |       59 |      6 |    37 |    +0.9% |   -0.029 |     -578.1 |       -0.0 |    849 | instr_addr_o[17]
     814* |       2 |     190 |       59 |      6 |    37 |    +0.9% |   -0.029 |     -578.1 |       -0.0 |    849 | instr_addr_o[17]
     815* |       2 |     190 |       59 |      6 |    37 |    +0.9% |   -0.029 |     -578.1 |       -0.0 |    849 | instr_addr_o[17]
     816* |       2 |     190 |       59 |      6 |    37 |    +0.9% |   -0.029 |     -578.1 |       -0.0 |    849 | instr_addr_o[17]
     817* |       2 |     190 |       59 |      6 |    37 |    +0.9% |   -0.029 |     -578.1 |       -0.0 |    849 | instr_addr_o[17]
     818* |       2 |     190 |       59 |      6 |    37 |    +0.9% |   -0.029 |     -578.1 |       -0.0 |    849 | instr_addr_o[17]
     819* |       2 |     190 |       59 |      6 |    37 |    +0.9% |   -0.029 |     -578.1 |       -0.0 |    849 | instr_addr_o[17]
     820* |       2 |     190 |       59 |      6 |    37 |    +0.9% |   -0.029 |     -578.1 |       -0.0 |    849 | instr_addr_o[17]
     820* |       2 |     190 |       59 |      6 |    37 |    +0.9% |   -0.029 |     -578.1 |       -0.0 |    849 | instr_addr_o[17]
     821* |       2 |     190 |       59 |      6 |    37 |    +0.9% |   -0.029 |     -578.1 |       -0.0 |    849 | instr_addr_o[17]
     822* |       2 |     190 |       59 |      6 |    37 |    +0.9% |   -0.029 |     -578.1 |       -0.0 |    849 | instr_addr_o[17]
     823* |       2 |     190 |       59 |      6 |    37 |    +0.9% |   -0.029 |     -578.1 |       -0.0 |    849 | instr_addr_o[17]
     824* |       2 |     190 |       59 |      6 |    37 |    +0.9% |   -0.029 |     -578.1 |       -0.0 |    849 | instr_addr_o[17]
     825* |       2 |     190 |       59 |      6 |    37 |    +0.9% |   -0.029 |     -578.1 |       -0.0 |    849 | instr_addr_o[17]
     826* |       2 |     190 |       59 |      6 |    37 |    +0.9% |   -0.029 |     -578.1 |       -0.0 |    849 | instr_addr_o[17]
     827* |       2 |     190 |       59 |      6 |    37 |    +0.9% |   -0.029 |     -578.1 |       -0.0 |    849 | instr_addr_o[17]
     828* |       2 |     190 |       59 |      6 |    37 |    +0.9% |   -0.029 |     -578.1 |       -0.0 |    849 | instr_addr_o[17]
     829* |       2 |     190 |       59 |      6 |    37 |    +0.9% |   -0.029 |     -578.1 |       -0.0 |    849 | instr_addr_o[17]
     830* |       2 |     190 |       59 |      6 |    37 |    +0.9% |   -0.029 |     -578.1 |       -0.0 |    849 | instr_addr_o[17]
     830* |       2 |     190 |       59 |      6 |    37 |    +0.9% |   -0.029 |     -578.1 |       -0.0 |    849 | instr_addr_o[17]
     831* |       2 |     190 |       59 |      6 |    37 |    +0.9% |   -0.029 |     -578.1 |       -0.0 |    849 | instr_addr_o[17]
     832* |       2 |     190 |       59 |      6 |    37 |    +0.9% |   -0.029 |     -578.1 |       -0.0 |    849 | instr_addr_o[17]
     833* |       2 |     190 |       59 |      6 |    37 |    +0.9% |   -0.029 |     -578.1 |       -0.0 |    849 | instr_addr_o[17]
     834* |       2 |     190 |       59 |      6 |    37 |    +0.9% |   -0.029 |     -578.1 |       -0.0 |    849 | instr_addr_o[17]
     835* |       2 |     190 |       59 |      6 |    37 |    +0.9% |   -0.029 |     -578.1 |       -0.0 |    849 | instr_addr_o[17]
     836* |       2 |     190 |       59 |      6 |    37 |    +0.9% |   -0.029 |     -578.1 |       -0.0 |    849 | instr_addr_o[17]
     837* |       2 |     190 |       59 |      6 |    37 |    +0.9% |   -0.029 |     -578.1 |       -0.0 |    849 | instr_addr_o[17]
     838* |       2 |     190 |       59 |      6 |    37 |    +0.9% |   -0.029 |     -578.1 |       -0.0 |    849 | instr_addr_o[17]
     839* |       2 |     190 |       59 |      6 |    37 |    +0.9% |   -0.029 |     -578.1 |       -0.0 |    849 | instr_addr_o[17]
     840* |       2 |     190 |       59 |      6 |    37 |    +0.9% |   -0.029 |     -578.1 |       -0.0 |    849 | instr_addr_o[17]
     840* |       2 |     190 |       59 |      6 |    37 |    +0.9% |   -0.029 |     -578.1 |       -0.0 |    849 | instr_addr_o[17]
     841* |       2 |     190 |       59 |      6 |    37 |    +0.9% |   -0.029 |     -578.1 |       -0.0 |    849 | instr_addr_o[17]
     842* |       2 |     190 |       59 |      6 |    37 |    +0.9% |   -0.029 |     -578.1 |       -0.0 |    849 | instr_addr_o[17]
     843* |       2 |     190 |       59 |      6 |    37 |    +0.9% |   -0.029 |     -578.1 |       -0.0 |    849 | instr_addr_o[17]
     844* |       2 |     190 |       59 |      6 |    37 |    +0.9% |   -0.029 |     -578.1 |       -0.0 |    849 | instr_addr_o[17]
     845* |       2 |     190 |       59 |      6 |    37 |    +0.9% |   -0.029 |     -578.1 |       -0.0 |    849 | instr_addr_o[17]
     846* |       2 |     190 |       59 |      6 |    37 |    +0.9% |   -0.029 |     -578.1 |       -0.0 |    849 | instr_addr_o[17]
     847* |       2 |     190 |       59 |      6 |    37 |    +0.9% |   -0.029 |     -578.1 |       -0.0 |    849 | instr_addr_o[17]
     848* |       2 |     190 |       59 |      6 |    37 |    +0.9% |   -0.029 |     -578.1 |       -0.0 |    849 | instr_addr_o[17]
     849* |       2 |     190 |       59 |      6 |    37 |    +0.9% |   -0.029 |     -578.1 |       -0.0 |    849 | instr_addr_o[17]
     850* |       2 |     190 |       59 |      6 |    37 |    +0.9% |   -0.029 |     -578.1 |       -0.0 |    849 | instr_addr_o[17]
     850* |       2 |     190 |       59 |      6 |    37 |    +0.9% |   -0.029 |     -578.1 |       -0.0 |    849 | instr_addr_o[17]
     851* |       2 |     190 |       59 |      6 |    37 |    +0.9% |   -0.029 |     -578.1 |       -0.0 |    849 | instr_addr_o[17]
     852* |       2 |     190 |       59 |      6 |    37 |    +0.9% |   -0.029 |     -578.1 |       -0.0 |    849 | instr_addr_o[17]
     853* |       2 |     190 |       59 |      6 |    37 |    +0.9% |   -0.029 |     -578.1 |       -0.0 |    849 | instr_addr_o[17]
     854* |       2 |     190 |       59 |      6 |    37 |    +0.9% |   -0.029 |     -578.1 |       -0.0 |    849 | instr_addr_o[17]
     855* |       2 |     190 |       59 |      6 |    37 |    +0.9% |   -0.029 |     -578.1 |       -0.0 |    849 | instr_addr_o[17]
     856* |       2 |     190 |       59 |      6 |    37 |    +0.9% |   -0.029 |     -578.1 |       -0.0 |    849 | instr_addr_o[17]
     857* |       2 |     190 |       59 |      6 |    37 |    +0.9% |   -0.029 |     -578.1 |       -0.0 |    849 | instr_addr_o[17]
     858* |       2 |     190 |       59 |      6 |    37 |    +0.9% |   -0.029 |     -578.1 |       -0.0 |    849 | instr_addr_o[17]
     859* |       2 |     190 |       59 |      6 |    37 |    +0.9% |   -0.029 |     -578.1 |       -0.0 |    849 | instr_addr_o[17]
     860* |       2 |     190 |       59 |      6 |    37 |    +0.9% |   -0.029 |     -578.1 |       -0.0 |    849 | instr_addr_o[17]
     860* |       2 |     190 |       59 |      6 |    37 |    +0.9% |   -0.029 |     -578.1 |       -0.0 |    849 | instr_addr_o[17]
     861* |       2 |     190 |       59 |      6 |    37 |    +0.9% |   -0.029 |     -578.1 |       -0.0 |    849 | instr_addr_o[17]
     862* |       2 |     190 |       59 |      6 |    37 |    +0.9% |   -0.029 |     -578.1 |       -0.0 |    849 | instr_addr_o[17]
     863* |       2 |     190 |       59 |      6 |    37 |    +0.9% |   -0.029 |     -578.1 |       -0.0 |    849 | instr_addr_o[17]
     864* |       2 |     190 |       59 |      6 |    37 |    +0.9% |   -0.029 |     -578.1 |       -0.0 |    849 | instr_addr_o[17]
     865* |       2 |     190 |       59 |      6 |    37 |    +0.9% |   -0.029 |     -578.1 |       -0.0 |    849 | instr_addr_o[17]
     866* |       2 |     190 |       59 |      6 |    37 |    +0.9% |   -0.029 |     -578.1 |       -0.0 |    849 | instr_addr_o[17]
     869* |       2 |     191 |       59 |      6 |    38 |    +0.9% |    0.000 |     -578.0 |        0.0 |    849 | u.u_ibex.gen_regfile_ff.register_file_i.g_rf_flops\[9\].rf_reg_q\[28\]$_DFFE_PN0P_/D
     870* |       2 |     191 |       59 |      6 |    38 |    +0.9% |    0.000 |     -578.0 |        0.0 |    849 | u.u_ibex.gen_regfile_ff.register_file_i.g_rf_flops\[9\].rf_reg_q\[28\]$_DFFE_PN0P_/D
     870* |       2 |     191 |       59 |      6 |    38 |    +0.9% |    0.000 |     -578.0 |        0.0 |    849 | u.u_ibex.gen_regfile_ff.register_file_i.g_rf_flops\[9\].rf_reg_q\[28\]$_DFFE_PN0P_/D
     871* |       2 |     191 |       59 |      6 |    38 |    +0.9% |    0.000 |     -578.0 |        0.0 |    849 | u.u_ibex.gen_regfile_ff.register_file_i.g_rf_flops\[9\].rf_reg_q\[28\]$_DFFE_PN0P_/D
     872* |       2 |     191 |       59 |      6 |    38 |    +0.9% |    0.000 |     -578.0 |        0.0 |    849 | u.u_ibex.gen_regfile_ff.register_file_i.g_rf_flops\[9\].rf_reg_q\[28\]$_DFFE_PN0P_/D
     873* |       2 |     191 |       59 |      6 |    38 |    +0.9% |    0.000 |     -578.0 |        0.0 |    849 | u.u_ibex.gen_regfile_ff.register_file_i.g_rf_flops\[9\].rf_reg_q\[28\]$_DFFE_PN0P_/D
     874* |       2 |     191 |       59 |      6 |    38 |    +0.9% |    0.000 |     -578.0 |        0.0 |    849 | u.u_ibex.gen_regfile_ff.register_file_i.g_rf_flops\[9\].rf_reg_q\[28\]$_DFFE_PN0P_/D
     875* |       2 |     191 |       59 |      6 |    38 |    +0.9% |    0.000 |     -578.0 |        0.0 |    849 | u.u_ibex.gen_regfile_ff.register_file_i.g_rf_flops\[9\].rf_reg_q\[28\]$_DFFE_PN0P_/D
     876* |       2 |     191 |       59 |      6 |    38 |    +0.9% |    0.000 |     -578.0 |        0.0 |    849 | u.u_ibex.gen_regfile_ff.register_file_i.g_rf_flops\[9\].rf_reg_q\[28\]$_DFFE_PN0P_/D
     877* |       2 |     191 |       59 |      6 |    38 |    +0.9% |    0.000 |     -578.0 |        0.0 |    849 | u.u_ibex.gen_regfile_ff.register_file_i.g_rf_flops\[9\].rf_reg_q\[28\]$_DFFE_PN0P_/D
     878* |       2 |     191 |       59 |      6 |    38 |    +0.9% |    0.000 |     -578.0 |        0.0 |    849 | u.u_ibex.gen_regfile_ff.register_file_i.g_rf_flops\[9\].rf_reg_q\[28\]$_DFFE_PN0P_/D
     879* |       2 |     191 |       59 |      6 |    38 |    +0.9% |    0.000 |     -578.0 |        0.0 |    849 | u.u_ibex.gen_regfile_ff.register_file_i.g_rf_flops\[9\].rf_reg_q\[28\]$_DFFE_PN0P_/D
     880* |       2 |     191 |       59 |      6 |    38 |    +0.9% |    0.000 |     -578.0 |        0.0 |    849 | u.u_ibex.gen_regfile_ff.register_file_i.g_rf_flops\[9\].rf_reg_q\[28\]$_DFFE_PN0P_/D
     880* |       2 |     191 |       59 |      6 |    38 |    +0.9% |    0.000 |     -578.0 |        0.0 |    849 | u.u_ibex.gen_regfile_ff.register_file_i.g_rf_flops\[9\].rf_reg_q\[28\]$_DFFE_PN0P_/D
     881* |       2 |     191 |       59 |      6 |    38 |    +0.9% |    0.000 |     -578.0 |        0.0 |    849 | u.u_ibex.gen_regfile_ff.register_file_i.g_rf_flops\[9\].rf_reg_q\[28\]$_DFFE_PN0P_/D
     882* |       2 |     191 |       59 |      6 |    38 |    +0.9% |    0.000 |     -578.0 |        0.0 |    849 | u.u_ibex.gen_regfile_ff.register_file_i.g_rf_flops\[9\].rf_reg_q\[28\]$_DFFE_PN0P_/D
     883* |       2 |     191 |       59 |      6 |    38 |    +0.9% |    0.000 |     -578.0 |        0.0 |    849 | u.u_ibex.gen_regfile_ff.register_file_i.g_rf_flops\[9\].rf_reg_q\[28\]$_DFFE_PN0P_/D
     884* |       2 |     191 |       59 |      6 |    38 |    +0.9% |    0.000 |     -578.0 |        0.0 |    849 | u.u_ibex.gen_regfile_ff.register_file_i.g_rf_flops\[9\].rf_reg_q\[28\]$_DFFE_PN0P_/D
     885* |       2 |     191 |       59 |      6 |    38 |    +0.9% |    0.000 |     -578.0 |        0.0 |    849 | u.u_ibex.gen_regfile_ff.register_file_i.g_rf_flops\[9\].rf_reg_q\[28\]$_DFFE_PN0P_/D
     886* |       2 |     191 |       59 |      6 |    38 |    +0.9% |    0.000 |     -578.0 |        0.0 |    849 | u.u_ibex.gen_regfile_ff.register_file_i.g_rf_flops\[9\].rf_reg_q\[28\]$_DFFE_PN0P_/D
     887* |       2 |     191 |       59 |      6 |    38 |    +0.9% |    0.000 |     -578.0 |        0.0 |    849 | u.u_ibex.gen_regfile_ff.register_file_i.g_rf_flops\[9\].rf_reg_q\[28\]$_DFFE_PN0P_/D
     888* |       2 |     191 |       59 |      6 |    38 |    +0.9% |    0.000 |     -578.0 |        0.0 |    849 | u.u_ibex.gen_regfile_ff.register_file_i.g_rf_flops\[9\].rf_reg_q\[28\]$_DFFE_PN0P_/D
     889* |       2 |     191 |       59 |      6 |    38 |    +0.9% |    0.000 |     -578.0 |        0.0 |    849 | u.u_ibex.gen_regfile_ff.register_file_i.g_rf_flops\[9\].rf_reg_q\[28\]$_DFFE_PN0P_/D
     890* |       2 |     191 |       59 |      6 |    38 |    +0.9% |    0.000 |     -578.0 |        0.0 |    849 | u.u_ibex.gen_regfile_ff.register_file_i.g_rf_flops\[9\].rf_reg_q\[28\]$_DFFE_PN0P_/D
     890* |       2 |     191 |       59 |      6 |    38 |    +0.9% |    0.000 |     -578.0 |        0.0 |    849 | u.u_ibex.gen_regfile_ff.register_file_i.g_rf_flops\[9\].rf_reg_q\[28\]$_DFFE_PN0P_/D
     891* |       2 |     191 |       59 |      6 |    38 |    +0.9% |    0.000 |     -578.0 |        0.0 |    849 | u.u_ibex.gen_regfile_ff.register_file_i.g_rf_flops\[9\].rf_reg_q\[28\]$_DFFE_PN0P_/D
     892* |       2 |     191 |       59 |      6 |    38 |    +0.9% |    0.000 |     -578.0 |        0.0 |    849 | u.u_ibex.gen_regfile_ff.register_file_i.g_rf_flops\[9\].rf_reg_q\[28\]$_DFFE_PN0P_/D
     893* |       2 |     191 |       59 |      6 |    38 |    +0.9% |    0.000 |     -578.0 |        0.0 |    849 | u.u_ibex.gen_regfile_ff.register_file_i.g_rf_flops\[9\].rf_reg_q\[28\]$_DFFE_PN0P_/D
     894* |       2 |     191 |       59 |      6 |    38 |    +0.9% |    0.000 |     -578.0 |        0.0 |    849 | u.u_ibex.gen_regfile_ff.register_file_i.g_rf_flops\[9\].rf_reg_q\[28\]$_DFFE_PN0P_/D
     895* |       2 |     191 |       59 |      6 |    38 |    +0.9% |    0.000 |     -578.0 |        0.0 |    849 | u.u_ibex.gen_regfile_ff.register_file_i.g_rf_flops\[9\].rf_reg_q\[28\]$_DFFE_PN0P_/D
     896* |       2 |     191 |       59 |      6 |    38 |    +0.9% |    0.000 |     -578.0 |        0.0 |    849 | u.u_ibex.gen_regfile_ff.register_file_i.g_rf_flops\[9\].rf_reg_q\[28\]$_DFFE_PN0P_/D
     897* |       2 |     191 |       59 |      6 |    38 |    +0.9% |    0.000 |     -578.0 |        0.0 |    849 | u.u_ibex.gen_regfile_ff.register_file_i.g_rf_flops\[9\].rf_reg_q\[28\]$_DFFE_PN0P_/D
     898* |       2 |     191 |       59 |      6 |    38 |    +0.9% |    0.000 |     -578.0 |        0.0 |    849 | u.u_ibex.gen_regfile_ff.register_file_i.g_rf_flops\[9\].rf_reg_q\[28\]$_DFFE_PN0P_/D
     899* |       2 |     191 |       59 |      6 |    38 |    +0.9% |    0.000 |     -578.0 |        0.0 |    849 | u.u_ibex.gen_regfile_ff.register_file_i.g_rf_flops\[9\].rf_reg_q\[28\]$_DFFE_PN0P_/D
     900* |       2 |     191 |       59 |      6 |    38 |    +0.9% |    0.000 |     -578.0 |        0.0 |    849 | u.u_ibex.gen_regfile_ff.register_file_i.g_rf_flops\[9\].rf_reg_q\[28\]$_DFFE_PN0P_/D
     900* |       2 |     191 |       59 |      6 |    38 |    +0.9% |    0.000 |     -578.0 |        0.0 |    849 | u.u_ibex.gen_regfile_ff.register_file_i.g_rf_flops\[9\].rf_reg_q\[28\]$_DFFE_PN0P_/D
     901* |       2 |     191 |       59 |      6 |    38 |    +0.9% |    0.000 |     -578.0 |        0.0 |    849 | u.u_ibex.gen_regfile_ff.register_file_i.g_rf_flops\[9\].rf_reg_q\[28\]$_DFFE_PN0P_/D
     902* |       2 |     191 |       59 |      6 |    38 |    +0.9% |    0.000 |     -578.0 |        0.0 |    849 | u.u_ibex.gen_regfile_ff.register_file_i.g_rf_flops\[9\].rf_reg_q\[28\]$_DFFE_PN0P_/D
     903* |       2 |     191 |       59 |      6 |    38 |    +0.9% |    0.000 |     -578.0 |        0.0 |    849 | u.u_ibex.gen_regfile_ff.register_file_i.g_rf_flops\[9\].rf_reg_q\[28\]$_DFFE_PN0P_/D
     904* |       2 |     191 |       59 |      6 |    38 |    +0.9% |    0.000 |     -578.0 |        0.0 |    849 | u.u_ibex.gen_regfile_ff.register_file_i.g_rf_flops\[9\].rf_reg_q\[28\]$_DFFE_PN0P_/D
     905* |       2 |     191 |       59 |      6 |    38 |    +0.9% |    0.000 |     -578.0 |        0.0 |    849 | u.u_ibex.gen_regfile_ff.register_file_i.g_rf_flops\[9\].rf_reg_q\[28\]$_DFFE_PN0P_/D
     906* |       2 |     191 |       59 |      6 |    38 |    +0.9% |    0.000 |     -578.0 |        0.0 |    849 | u.u_ibex.gen_regfile_ff.register_file_i.g_rf_flops\[9\].rf_reg_q\[28\]$_DFFE_PN0P_/D
     907* |       2 |     191 |       59 |      6 |    38 |    +0.9% |    0.000 |     -578.0 |        0.0 |    849 | u.u_ibex.gen_regfile_ff.register_file_i.g_rf_flops\[9\].rf_reg_q\[28\]$_DFFE_PN0P_/D
     908* |       2 |     191 |       59 |      6 |    38 |    +0.9% |    0.000 |     -578.0 |        0.0 |    849 | u.u_ibex.gen_regfile_ff.register_file_i.g_rf_flops\[9\].rf_reg_q\[28\]$_DFFE_PN0P_/D
     909* |       2 |     191 |       59 |      6 |    38 |    +0.9% |    0.000 |     -578.0 |        0.0 |    849 | u.u_ibex.gen_regfile_ff.register_file_i.g_rf_flops\[9\].rf_reg_q\[28\]$_DFFE_PN0P_/D
     910* |       2 |     191 |       59 |      6 |    38 |    +0.9% |    0.000 |     -578.0 |        0.0 |    849 | u.u_ibex.gen_regfile_ff.register_file_i.g_rf_flops\[9\].rf_reg_q\[28\]$_DFFE_PN0P_/D
     910* |       2 |     191 |       59 |      6 |    38 |    +0.9% |    0.000 |     -578.0 |        0.0 |    849 | u.u_ibex.gen_regfile_ff.register_file_i.g_rf_flops\[9\].rf_reg_q\[28\]$_DFFE_PN0P_/D
     911* |       2 |     191 |       59 |      6 |    38 |    +0.9% |    0.000 |     -578.0 |        0.0 |    849 | u.u_ibex.gen_regfile_ff.register_file_i.g_rf_flops\[9\].rf_reg_q\[28\]$_DFFE_PN0P_/D
     912* |       2 |     191 |       59 |      6 |    38 |    +0.9% |    0.000 |     -578.0 |        0.0 |    849 | u.u_ibex.gen_regfile_ff.register_file_i.g_rf_flops\[9\].rf_reg_q\[28\]$_DFFE_PN0P_/D
     913* |       2 |     191 |       59 |      6 |    38 |    +0.9% |    0.000 |     -578.0 |        0.0 |    849 | u.u_ibex.gen_regfile_ff.register_file_i.g_rf_flops\[9\].rf_reg_q\[28\]$_DFFE_PN0P_/D
     914* |       2 |     191 |       59 |      6 |    38 |    +0.9% |    0.000 |     -578.0 |        0.0 |    849 | u.u_ibex.gen_regfile_ff.register_file_i.g_rf_flops\[9\].rf_reg_q\[28\]$_DFFE_PN0P_/D
     915* |       2 |     191 |       59 |      6 |    38 |    +0.9% |    0.000 |     -578.0 |        0.0 |    849 | u.u_ibex.gen_regfile_ff.register_file_i.g_rf_flops\[9\].rf_reg_q\[28\]$_DFFE_PN0P_/D
     916* |       2 |     191 |       59 |      6 |    38 |    +0.9% |    0.000 |     -578.0 |        0.0 |    849 | u.u_ibex.gen_regfile_ff.register_file_i.g_rf_flops\[9\].rf_reg_q\[28\]$_DFFE_PN0P_/D
     917* |       2 |     191 |       59 |      6 |    38 |    +0.9% |    0.000 |     -578.0 |        0.0 |    849 | u.u_ibex.gen_regfile_ff.register_file_i.g_rf_flops\[9\].rf_reg_q\[28\]$_DFFE_PN0P_/D
     918* |       2 |     191 |       59 |      6 |    38 |    +0.9% |    0.000 |     -578.0 |        0.0 |    849 | u.u_ibex.gen_regfile_ff.register_file_i.g_rf_flops\[9\].rf_reg_q\[28\]$_DFFE_PN0P_/D
     919* |       2 |     191 |       59 |      6 |    38 |    +0.9% |    0.000 |     -578.0 |        0.0 |    849 | u.u_ibex.gen_regfile_ff.register_file_i.g_rf_flops\[9\].rf_reg_q\[28\]$_DFFE_PN0P_/D
     920* |       2 |     191 |       59 |      6 |    38 |    +0.9% |    0.000 |     -578.0 |        0.0 |    849 | u.u_ibex.gen_regfile_ff.register_file_i.g_rf_flops\[9\].rf_reg_q\[28\]$_DFFE_PN0P_/D
     920* |       2 |     191 |       59 |      6 |    38 |    +0.9% |    0.000 |     -578.0 |        0.0 |    849 | u.u_ibex.gen_regfile_ff.register_file_i.g_rf_flops\[9\].rf_reg_q\[28\]$_DFFE_PN0P_/D
     921* |       2 |     191 |       59 |      6 |    38 |    +0.9% |    0.000 |     -578.0 |        0.0 |    849 | u.u_ibex.gen_regfile_ff.register_file_i.g_rf_flops\[9\].rf_reg_q\[28\]$_DFFE_PN0P_/D
     922* |       2 |     191 |       59 |      6 |    38 |    +0.9% |    0.000 |     -578.0 |        0.0 |    849 | u.u_ibex.gen_regfile_ff.register_file_i.g_rf_flops\[9\].rf_reg_q\[28\]$_DFFE_PN0P_/D
     923* |       2 |     191 |       59 |      6 |    38 |    +0.9% |    0.000 |     -578.0 |        0.0 |    849 | u.u_ibex.gen_regfile_ff.register_file_i.g_rf_flops\[9\].rf_reg_q\[28\]$_DFFE_PN0P_/D
     924* |       2 |     191 |       59 |      6 |    38 |    +0.9% |    0.000 |     -578.0 |        0.0 |    849 | u.u_ibex.gen_regfile_ff.register_file_i.g_rf_flops\[9\].rf_reg_q\[28\]$_DFFE_PN0P_/D
     925* |       2 |     191 |       59 |      6 |    38 |    +0.9% |    0.000 |     -578.0 |        0.0 |    849 | u.u_ibex.gen_regfile_ff.register_file_i.g_rf_flops\[9\].rf_reg_q\[28\]$_DFFE_PN0P_/D
     926* |       2 |     191 |       59 |      6 |    38 |    +0.9% |    0.000 |     -578.0 |        0.0 |    849 | u.u_ibex.gen_regfile_ff.register_file_i.g_rf_flops\[9\].rf_reg_q\[28\]$_DFFE_PN0P_/D
     927* |       2 |     191 |       59 |      6 |    38 |    +0.9% |    0.000 |     -578.0 |        0.0 |    849 | u.u_ibex.gen_regfile_ff.register_file_i.g_rf_flops\[9\].rf_reg_q\[28\]$_DFFE_PN0P_/D
     928* |       2 |     191 |       59 |      6 |    38 |    +0.9% |    0.000 |     -578.0 |        0.0 |    849 | u.u_ibex.gen_regfile_ff.register_file_i.g_rf_flops\[9\].rf_reg_q\[28\]$_DFFE_PN0P_/D
     929* |       2 |     191 |       59 |      6 |    38 |    +0.9% |    0.000 |     -578.0 |        0.0 |    849 | u.u_ibex.gen_regfile_ff.register_file_i.g_rf_flops\[9\].rf_reg_q\[28\]$_DFFE_PN0P_/D
     930* |       2 |     191 |       59 |      6 |    38 |    +0.9% |    0.000 |     -578.0 |        0.0 |    849 | u.u_ibex.gen_regfile_ff.register_file_i.g_rf_flops\[9\].rf_reg_q\[28\]$_DFFE_PN0P_/D
     930* |       2 |     191 |       59 |      6 |    38 |    +0.9% |    0.000 |     -578.0 |        0.0 |    849 | u.u_ibex.gen_regfile_ff.register_file_i.g_rf_flops\[9\].rf_reg_q\[28\]$_DFFE_PN0P_/D
     931* |       2 |     191 |       59 |      6 |    38 |    +0.9% |    0.000 |     -578.0 |        0.0 |    849 | u.u_ibex.gen_regfile_ff.register_file_i.g_rf_flops\[9\].rf_reg_q\[28\]$_DFFE_PN0P_/D
     932* |       2 |     191 |       59 |      6 |    38 |    +0.9% |    0.000 |     -578.0 |        0.0 |    849 | u.u_ibex.gen_regfile_ff.register_file_i.g_rf_flops\[9\].rf_reg_q\[28\]$_DFFE_PN0P_/D
     933* |       2 |     191 |       59 |      6 |    38 |    +0.9% |    0.000 |     -578.0 |        0.0 |    849 | u.u_ibex.gen_regfile_ff.register_file_i.g_rf_flops\[9\].rf_reg_q\[28\]$_DFFE_PN0P_/D
     934* |       2 |     191 |       59 |      6 |    38 |    +0.9% |    0.000 |     -578.0 |        0.0 |    849 | u.u_ibex.gen_regfile_ff.register_file_i.g_rf_flops\[9\].rf_reg_q\[28\]$_DFFE_PN0P_/D
     935* |       2 |     191 |       59 |      6 |    38 |    +0.9% |    0.000 |     -578.0 |        0.0 |    849 | u.u_ibex.gen_regfile_ff.register_file_i.g_rf_flops\[9\].rf_reg_q\[28\]$_DFFE_PN0P_/D
     936* |       2 |     191 |       59 |      6 |    38 |    +0.9% |    0.000 |     -578.0 |        0.0 |    849 | u.u_ibex.gen_regfile_ff.register_file_i.g_rf_flops\[9\].rf_reg_q\[28\]$_DFFE_PN0P_/D
     937* |       2 |     191 |       59 |      6 |    38 |    +0.9% |    0.000 |     -578.0 |        0.0 |    849 | u.u_ibex.gen_regfile_ff.register_file_i.g_rf_flops\[9\].rf_reg_q\[28\]$_DFFE_PN0P_/D
     938* |       2 |     191 |       59 |      6 |    38 |    +0.9% |    0.000 |     -578.0 |        0.0 |    849 | u.u_ibex.gen_regfile_ff.register_file_i.g_rf_flops\[9\].rf_reg_q\[28\]$_DFFE_PN0P_/D
     939* |       2 |     191 |       59 |      6 |    38 |    +0.9% |    0.000 |     -578.0 |        0.0 |    849 | u.u_ibex.gen_regfile_ff.register_file_i.g_rf_flops\[9\].rf_reg_q\[28\]$_DFFE_PN0P_/D
     940* |       2 |     191 |       59 |      6 |    38 |    +0.9% |    0.000 |     -578.0 |        0.0 |    849 | u.u_ibex.gen_regfile_ff.register_file_i.g_rf_flops\[9\].rf_reg_q\[28\]$_DFFE_PN0P_/D
     940* |       2 |     191 |       59 |      6 |    38 |    +0.9% |    0.000 |     -578.0 |        0.0 |    849 | u.u_ibex.gen_regfile_ff.register_file_i.g_rf_flops\[9\].rf_reg_q\[28\]$_DFFE_PN0P_/D
     941* |       2 |     191 |       59 |      6 |    38 |    +0.9% |    0.000 |     -578.0 |        0.0 |    849 | u.u_ibex.gen_regfile_ff.register_file_i.g_rf_flops\[9\].rf_reg_q\[28\]$_DFFE_PN0P_/D
     942* |       2 |     191 |       59 |      6 |    38 |    +0.9% |    0.000 |     -578.0 |        0.0 |    849 | u.u_ibex.gen_regfile_ff.register_file_i.g_rf_flops\[9\].rf_reg_q\[28\]$_DFFE_PN0P_/D
     943* |       2 |     191 |       59 |      6 |    38 |    +0.9% |    0.000 |     -578.0 |        0.0 |    849 | u.u_ibex.gen_regfile_ff.register_file_i.g_rf_flops\[9\].rf_reg_q\[28\]$_DFFE_PN0P_/D
     944* |       2 |     191 |       59 |      6 |    38 |    +0.9% |    0.000 |     -578.0 |        0.0 |    849 | u.u_ibex.gen_regfile_ff.register_file_i.g_rf_flops\[9\].rf_reg_q\[28\]$_DFFE_PN0P_/D
     945* |       2 |     191 |       59 |      6 |    38 |    +0.9% |    0.000 |     -578.0 |        0.0 |    849 | u.u_ibex.gen_regfile_ff.register_file_i.g_rf_flops\[9\].rf_reg_q\[28\]$_DFFE_PN0P_/D
     946* |       2 |     191 |       59 |      6 |    38 |    +0.9% |    0.000 |     -578.0 |        0.0 |    849 | u.u_ibex.gen_regfile_ff.register_file_i.g_rf_flops\[9\].rf_reg_q\[28\]$_DFFE_PN0P_/D
     947* |       2 |     191 |       59 |      6 |    38 |    +0.9% |    0.000 |     -578.0 |        0.0 |    849 | u.u_ibex.gen_regfile_ff.register_file_i.g_rf_flops\[9\].rf_reg_q\[28\]$_DFFE_PN0P_/D
     948* |       2 |     191 |       59 |      6 |    38 |    +0.9% |    0.000 |     -578.0 |        0.0 |    849 | u.u_ibex.gen_regfile_ff.register_file_i.g_rf_flops\[9\].rf_reg_q\[28\]$_DFFE_PN0P_/D
     949* |       2 |     191 |       59 |      6 |    38 |    +0.9% |    0.000 |     -578.0 |        0.0 |    849 | u.u_ibex.gen_regfile_ff.register_file_i.g_rf_flops\[9\].rf_reg_q\[28\]$_DFFE_PN0P_/D
     950* |       2 |     191 |       59 |      6 |    38 |    +0.9% |    0.000 |     -578.0 |        0.0 |    849 | u.u_ibex.gen_regfile_ff.register_file_i.g_rf_flops\[9\].rf_reg_q\[28\]$_DFFE_PN0P_/D
     950* |       2 |     191 |       59 |      6 |    38 |    +0.9% |    0.000 |     -578.0 |        0.0 |    849 | u.u_ibex.gen_regfile_ff.register_file_i.g_rf_flops\[9\].rf_reg_q\[28\]$_DFFE_PN0P_/D
     951* |       2 |     191 |       59 |      6 |    38 |    +0.9% |    0.000 |     -578.0 |        0.0 |    849 | u.u_ibex.gen_regfile_ff.register_file_i.g_rf_flops\[9\].rf_reg_q\[28\]$_DFFE_PN0P_/D
     952* |       2 |     191 |       59 |      6 |    38 |    +0.9% |    0.000 |     -578.0 |        0.0 |    849 | u.u_ibex.gen_regfile_ff.register_file_i.g_rf_flops\[9\].rf_reg_q\[28\]$_DFFE_PN0P_/D
     953* |       2 |     191 |       59 |      6 |    38 |    +0.9% |    0.000 |     -578.0 |        0.0 |    849 | u.u_ibex.gen_regfile_ff.register_file_i.g_rf_flops\[9\].rf_reg_q\[28\]$_DFFE_PN0P_/D
     954* |       2 |     191 |       59 |      6 |    38 |    +0.9% |    0.000 |     -578.0 |        0.0 |    849 | u.u_ibex.gen_regfile_ff.register_file_i.g_rf_flops\[9\].rf_reg_q\[28\]$_DFFE_PN0P_/D
     955* |       2 |     191 |       59 |      6 |    38 |    +0.9% |    0.000 |     -578.0 |        0.0 |    849 | u.u_ibex.gen_regfile_ff.register_file_i.g_rf_flops\[9\].rf_reg_q\[28\]$_DFFE_PN0P_/D
     956* |       2 |     191 |       59 |      6 |    38 |    +0.9% |    0.000 |     -578.0 |        0.0 |    849 | u.u_ibex.gen_regfile_ff.register_file_i.g_rf_flops\[9\].rf_reg_q\[28\]$_DFFE_PN0P_/D
     957* |       2 |     191 |       59 |      6 |    38 |    +0.9% |    0.000 |     -578.0 |        0.0 |    849 | u.u_ibex.gen_regfile_ff.register_file_i.g_rf_flops\[9\].rf_reg_q\[28\]$_DFFE_PN0P_/D
     958* |       2 |     191 |       59 |      6 |    38 |    +0.9% |    0.000 |     -578.0 |        0.0 |    849 | u.u_ibex.gen_regfile_ff.register_file_i.g_rf_flops\[9\].rf_reg_q\[28\]$_DFFE_PN0P_/D
     959* |       2 |     191 |       59 |      6 |    38 |    +0.9% |    0.000 |     -578.0 |        0.0 |    849 | u.u_ibex.gen_regfile_ff.register_file_i.g_rf_flops\[9\].rf_reg_q\[28\]$_DFFE_PN0P_/D
     960* |       2 |     191 |       59 |      6 |    38 |    +0.9% |    0.000 |     -578.0 |        0.0 |    849 | u.u_ibex.gen_regfile_ff.register_file_i.g_rf_flops\[9\].rf_reg_q\[28\]$_DFFE_PN0P_/D
     960* |       2 |     191 |       59 |      6 |    38 |    +0.9% |    0.000 |     -578.0 |        0.0 |    849 | u.u_ibex.gen_regfile_ff.register_file_i.g_rf_flops\[9\].rf_reg_q\[28\]$_DFFE_PN0P_/D
     961* |       2 |     191 |       59 |      6 |    38 |    +0.9% |    0.000 |     -578.0 |        0.0 |    849 | u.u_ibex.gen_regfile_ff.register_file_i.g_rf_flops\[9\].rf_reg_q\[28\]$_DFFE_PN0P_/D
     962* |       2 |     191 |       59 |      6 |    38 |    +0.9% |    0.000 |     -578.0 |        0.0 |    849 | u.u_ibex.gen_regfile_ff.register_file_i.g_rf_flops\[9\].rf_reg_q\[28\]$_DFFE_PN0P_/D
     963* |       2 |     191 |       59 |      6 |    38 |    +0.9% |    0.000 |     -578.0 |        0.0 |    849 | u.u_ibex.gen_regfile_ff.register_file_i.g_rf_flops\[9\].rf_reg_q\[28\]$_DFFE_PN0P_/D
     964* |       2 |     191 |       59 |      6 |    38 |    +0.9% |    0.000 |     -578.0 |        0.0 |    849 | u.u_ibex.gen_regfile_ff.register_file_i.g_rf_flops\[9\].rf_reg_q\[28\]$_DFFE_PN0P_/D
     965* |       2 |     191 |       59 |      6 |    38 |    +0.9% |    0.000 |     -578.0 |        0.0 |    849 | u.u_ibex.gen_regfile_ff.register_file_i.g_rf_flops\[9\].rf_reg_q\[28\]$_DFFE_PN0P_/D
     966* |       2 |     191 |       59 |      6 |    38 |    +0.9% |    0.000 |     -578.0 |        0.0 |    849 | u.u_ibex.gen_regfile_ff.register_file_i.g_rf_flops\[9\].rf_reg_q\[28\]$_DFFE_PN0P_/D
     967* |       2 |     191 |       59 |      6 |    38 |    +0.9% |    0.000 |     -578.0 |        0.0 |    849 | u.u_ibex.gen_regfile_ff.register_file_i.g_rf_flops\[9\].rf_reg_q\[28\]$_DFFE_PN0P_/D
     968* |       2 |     191 |       59 |      6 |    38 |    +0.9% |    0.000 |     -578.0 |        0.0 |    849 | u.u_ibex.gen_regfile_ff.register_file_i.g_rf_flops\[9\].rf_reg_q\[28\]$_DFFE_PN0P_/D
     969* |       2 |     191 |       59 |      6 |    38 |    +0.9% |    0.000 |     -578.0 |        0.0 |    849 | u.u_ibex.gen_regfile_ff.register_file_i.g_rf_flops\[9\].rf_reg_q\[28\]$_DFFE_PN0P_/D
     970* |       2 |     191 |       59 |      6 |    38 |    +0.9% |    0.000 |     -578.0 |        0.0 |    849 | u.u_ibex.gen_regfile_ff.register_file_i.g_rf_flops\[9\].rf_reg_q\[28\]$_DFFE_PN0P_/D
     970* |       2 |     191 |       59 |      6 |    38 |    +0.9% |    0.000 |     -578.0 |        0.0 |    849 | u.u_ibex.gen_regfile_ff.register_file_i.g_rf_flops\[9\].rf_reg_q\[28\]$_DFFE_PN0P_/D
     971* |       2 |     191 |       59 |      6 |    38 |    +0.9% |    0.000 |     -578.0 |        0.0 |    849 | u.u_ibex.gen_regfile_ff.register_file_i.g_rf_flops\[9\].rf_reg_q\[28\]$_DFFE_PN0P_/D
     972* |       2 |     191 |       59 |      6 |    38 |    +0.9% |    0.000 |     -578.0 |        0.0 |    849 | u.u_ibex.gen_regfile_ff.register_file_i.g_rf_flops\[9\].rf_reg_q\[28\]$_DFFE_PN0P_/D
     973* |       2 |     191 |       59 |      6 |    38 |    +0.9% |    0.000 |     -578.0 |        0.0 |    849 | u.u_ibex.gen_regfile_ff.register_file_i.g_rf_flops\[9\].rf_reg_q\[28\]$_DFFE_PN0P_/D
     974* |       2 |     191 |       59 |      6 |    38 |    +0.9% |    0.000 |     -578.0 |        0.0 |    849 | u.u_ibex.gen_regfile_ff.register_file_i.g_rf_flops\[9\].rf_reg_q\[28\]$_DFFE_PN0P_/D
     975* |       2 |     191 |       59 |      6 |    38 |    +0.9% |    0.000 |     -578.0 |        0.0 |    849 | u.u_ibex.gen_regfile_ff.register_file_i.g_rf_flops\[9\].rf_reg_q\[28\]$_DFFE_PN0P_/D
     976* |       2 |     191 |       59 |      6 |    38 |    +0.9% |    0.000 |     -578.0 |        0.0 |    849 | u.u_ibex.gen_regfile_ff.register_file_i.g_rf_flops\[9\].rf_reg_q\[28\]$_DFFE_PN0P_/D
     977* |       2 |     191 |       59 |      6 |    38 |    +0.9% |    0.000 |     -578.0 |        0.0 |    849 | u.u_ibex.gen_regfile_ff.register_file_i.g_rf_flops\[9\].rf_reg_q\[28\]$_DFFE_PN0P_/D
     978* |       2 |     191 |       59 |      6 |    38 |    +0.9% |    0.000 |     -578.0 |        0.0 |    849 | u.u_ibex.gen_regfile_ff.register_file_i.g_rf_flops\[9\].rf_reg_q\[28\]$_DFFE_PN0P_/D
     979* |       2 |     191 |       59 |      6 |    38 |    +0.9% |    0.000 |     -578.0 |        0.0 |    849 | u.u_ibex.gen_regfile_ff.register_file_i.g_rf_flops\[9\].rf_reg_q\[28\]$_DFFE_PN0P_/D
     980* |       2 |     191 |       59 |      6 |    38 |    +0.9% |    0.000 |     -578.0 |        0.0 |    849 | u.u_ibex.gen_regfile_ff.register_file_i.g_rf_flops\[9\].rf_reg_q\[28\]$_DFFE_PN0P_/D
     980* |       2 |     191 |       59 |      6 |    38 |    +0.9% |    0.000 |     -578.0 |        0.0 |    849 | u.u_ibex.gen_regfile_ff.register_file_i.g_rf_flops\[9\].rf_reg_q\[28\]$_DFFE_PN0P_/D
     981* |       2 |     191 |       59 |      6 |    38 |    +0.9% |    0.000 |     -578.0 |        0.0 |    849 | u.u_ibex.gen_regfile_ff.register_file_i.g_rf_flops\[9\].rf_reg_q\[28\]$_DFFE_PN0P_/D
     982* |       2 |     191 |       59 |      6 |    38 |    +0.9% |    0.000 |     -578.0 |        0.0 |    849 | u.u_ibex.gen_regfile_ff.register_file_i.g_rf_flops\[9\].rf_reg_q\[28\]$_DFFE_PN0P_/D
     983* |       2 |     191 |       59 |      6 |    38 |    +0.9% |    0.000 |     -578.0 |        0.0 |    849 | u.u_ibex.gen_regfile_ff.register_file_i.g_rf_flops\[9\].rf_reg_q\[28\]$_DFFE_PN0P_/D
     984* |       2 |     191 |       59 |      6 |    38 |    +0.9% |    0.000 |     -578.0 |        0.0 |    849 | u.u_ibex.gen_regfile_ff.register_file_i.g_rf_flops\[9\].rf_reg_q\[28\]$_DFFE_PN0P_/D
     985* |       2 |     191 |       59 |      6 |    38 |    +0.9% |    0.000 |     -578.0 |        0.0 |    849 | u.u_ibex.gen_regfile_ff.register_file_i.g_rf_flops\[9\].rf_reg_q\[28\]$_DFFE_PN0P_/D
     986* |       2 |     191 |       59 |      6 |    38 |    +0.9% |    0.000 |     -578.0 |        0.0 |    849 | u.u_ibex.gen_regfile_ff.register_file_i.g_rf_flops\[9\].rf_reg_q\[28\]$_DFFE_PN0P_/D
     987* |       2 |     191 |       59 |      6 |    38 |    +0.9% |    0.000 |     -578.0 |        0.0 |    849 | u.u_ibex.gen_regfile_ff.register_file_i.g_rf_flops\[9\].rf_reg_q\[28\]$_DFFE_PN0P_/D
     988* |       2 |     191 |       59 |      6 |    38 |    +0.9% |    0.000 |     -578.0 |        0.0 |    849 | u.u_ibex.gen_regfile_ff.register_file_i.g_rf_flops\[9\].rf_reg_q\[28\]$_DFFE_PN0P_/D
     989* |       2 |     191 |       59 |      6 |    38 |    +0.9% |    0.000 |     -578.0 |        0.0 |    849 | u.u_ibex.gen_regfile_ff.register_file_i.g_rf_flops\[9\].rf_reg_q\[28\]$_DFFE_PN0P_/D
     990* |       2 |     191 |       59 |      6 |    38 |    +0.9% |    0.000 |     -578.0 |        0.0 |    849 | u.u_ibex.gen_regfile_ff.register_file_i.g_rf_flops\[9\].rf_reg_q\[28\]$_DFFE_PN0P_/D
     990* |       2 |     191 |       59 |      6 |    38 |    +0.9% |    0.000 |     -578.0 |        0.0 |    849 | u.u_ibex.gen_regfile_ff.register_file_i.g_rf_flops\[9\].rf_reg_q\[28\]$_DFFE_PN0P_/D
     991* |       2 |     191 |       59 |      6 |    38 |    +0.9% |    0.000 |     -578.0 |        0.0 |    849 | u.u_ibex.gen_regfile_ff.register_file_i.g_rf_flops\[9\].rf_reg_q\[28\]$_DFFE_PN0P_/D
     992* |       2 |     191 |       59 |      6 |    38 |    +0.9% |    0.000 |     -578.0 |        0.0 |    849 | u.u_ibex.gen_regfile_ff.register_file_i.g_rf_flops\[9\].rf_reg_q\[28\]$_DFFE_PN0P_/D
     993* |       2 |     191 |       59 |      6 |    38 |    +0.9% |    0.000 |     -578.0 |        0.0 |    849 | u.u_ibex.gen_regfile_ff.register_file_i.g_rf_flops\[9\].rf_reg_q\[28\]$_DFFE_PN0P_/D
     994* |       2 |     191 |       59 |      6 |    38 |    +0.9% |    0.000 |     -578.0 |        0.0 |    849 | u.u_ibex.gen_regfile_ff.register_file_i.g_rf_flops\[9\].rf_reg_q\[28\]$_DFFE_PN0P_/D
     995* |       2 |     191 |       59 |      6 |    38 |    +0.9% |    0.000 |     -578.0 |        0.0 |    849 | u.u_ibex.gen_regfile_ff.register_file_i.g_rf_flops\[9\].rf_reg_q\[28\]$_DFFE_PN0P_/D
     996* |       2 |     191 |       59 |      6 |    38 |    +0.9% |    0.000 |     -578.0 |        0.0 |    849 | u.u_ibex.gen_regfile_ff.register_file_i.g_rf_flops\[9\].rf_reg_q\[28\]$_DFFE_PN0P_/D
     997* |       2 |     191 |       59 |      6 |    38 |    +0.9% |    0.000 |     -578.0 |        0.0 |    849 | u.u_ibex.gen_regfile_ff.register_file_i.g_rf_flops\[9\].rf_reg_q\[28\]$_DFFE_PN0P_/D
     998* |       2 |     191 |       59 |      6 |    38 |    +0.9% |    0.000 |     -578.0 |        0.0 |    849 | u.u_ibex.gen_regfile_ff.register_file_i.g_rf_flops\[9\].rf_reg_q\[28\]$_DFFE_PN0P_/D
     999* |       2 |     191 |       59 |      6 |    38 |    +0.9% |    0.000 |     -578.0 |        0.0 |    849 | u.u_ibex.gen_regfile_ff.register_file_i.g_rf_flops\[9\].rf_reg_q\[28\]$_DFFE_PN0P_/D
    1000* |       2 |     191 |       59 |      6 |    38 |    +0.9% |    0.000 |     -578.0 |        0.0 |    849 | u.u_ibex.gen_regfile_ff.register_file_i.g_rf_flops\[9\].rf_reg_q\[28\]$_DFFE_PN0P_/D
    1000* |       2 |     191 |       59 |      6 |    38 |    +0.9% |    0.000 |     -578.0 |        0.0 |    849 | u.u_ibex.gen_regfile_ff.register_file_i.g_rf_flops\[9\].rf_reg_q\[28\]$_DFFE_PN0P_/D
    1001* |       2 |     191 |       59 |      6 |    38 |    +0.9% |    0.000 |     -578.0 |        0.0 |    849 | u.u_ibex.gen_regfile_ff.register_file_i.g_rf_flops\[9\].rf_reg_q\[28\]$_DFFE_PN0P_/D
    1002* |       2 |     191 |       59 |      6 |    38 |    +0.9% |    0.000 |     -578.0 |        0.0 |    849 | u.u_ibex.gen_regfile_ff.register_file_i.g_rf_flops\[9\].rf_reg_q\[28\]$_DFFE_PN0P_/D
    1003* |       2 |     191 |       59 |      6 |    38 |    +0.9% |    0.000 |     -578.0 |        0.0 |    849 | u.u_ibex.gen_regfile_ff.register_file_i.g_rf_flops\[9\].rf_reg_q\[28\]$_DFFE_PN0P_/D
    1004* |       2 |     191 |       59 |      6 |    38 |    +0.9% |    0.000 |     -578.0 |        0.0 |    849 | u.u_ibex.gen_regfile_ff.register_file_i.g_rf_flops\[9\].rf_reg_q\[28\]$_DFFE_PN0P_/D
    1005* |       2 |     191 |       59 |      6 |    38 |    +0.9% |    0.000 |     -578.0 |        0.0 |    849 | u.u_ibex.gen_regfile_ff.register_file_i.g_rf_flops\[9\].rf_reg_q\[28\]$_DFFE_PN0P_/D
    1006* |       2 |     191 |       59 |      6 |    38 |    +0.9% |    0.000 |     -578.0 |        0.0 |    849 | u.u_ibex.gen_regfile_ff.register_file_i.g_rf_flops\[9\].rf_reg_q\[28\]$_DFFE_PN0P_/D
    1007* |       2 |     191 |       59 |      6 |    38 |    +0.9% |    0.000 |     -578.0 |        0.0 |    849 | u.u_ibex.gen_regfile_ff.register_file_i.g_rf_flops\[9\].rf_reg_q\[28\]$_DFFE_PN0P_/D
    1008* |       2 |     191 |       59 |      6 |    38 |    +0.9% |    0.000 |     -578.0 |        0.0 |    849 | u.u_ibex.gen_regfile_ff.register_file_i.g_rf_flops\[9\].rf_reg_q\[28\]$_DFFE_PN0P_/D
    1009* |       2 |     191 |       59 |      6 |    38 |    +0.9% |    0.000 |     -578.0 |        0.0 |    849 | u.u_ibex.gen_regfile_ff.register_file_i.g_rf_flops\[9\].rf_reg_q\[28\]$_DFFE_PN0P_/D
    1010* |       2 |     191 |       59 |      6 |    38 |    +0.9% |    0.000 |     -578.0 |        0.0 |    849 | u.u_ibex.gen_regfile_ff.register_file_i.g_rf_flops\[9\].rf_reg_q\[28\]$_DFFE_PN0P_/D
    1010* |       2 |     191 |       59 |      6 |    38 |    +0.9% |    0.000 |     -578.0 |        0.0 |    849 | u.u_ibex.gen_regfile_ff.register_file_i.g_rf_flops\[9\].rf_reg_q\[28\]$_DFFE_PN0P_/D
    1011* |       2 |     191 |       59 |      6 |    38 |    +0.9% |    0.000 |     -578.0 |        0.0 |    849 | u.u_ibex.gen_regfile_ff.register_file_i.g_rf_flops\[9\].rf_reg_q\[28\]$_DFFE_PN0P_/D
    1012* |       2 |     191 |       59 |      6 |    38 |    +0.9% |    0.000 |     -578.0 |        0.0 |    849 | u.u_ibex.gen_regfile_ff.register_file_i.g_rf_flops\[9\].rf_reg_q\[28\]$_DFFE_PN0P_/D
    1013* |       2 |     191 |       59 |      6 |    38 |    +0.9% |    0.000 |     -578.0 |        0.0 |    849 | u.u_ibex.gen_regfile_ff.register_file_i.g_rf_flops\[9\].rf_reg_q\[28\]$_DFFE_PN0P_/D
    1014* |       2 |     191 |       59 |      6 |    38 |    +0.9% |    0.000 |     -578.0 |        0.0 |    849 | u.u_ibex.gen_regfile_ff.register_file_i.g_rf_flops\[9\].rf_reg_q\[28\]$_DFFE_PN0P_/D
    1015* |       2 |     191 |       59 |      6 |    38 |    +0.9% |    0.000 |     -578.0 |        0.0 |    849 | u.u_ibex.gen_regfile_ff.register_file_i.g_rf_flops\[9\].rf_reg_q\[28\]$_DFFE_PN0P_/D
    1016* |       2 |     191 |       59 |      6 |    38 |    +0.9% |    0.000 |     -578.0 |        0.0 |    849 | u.u_ibex.gen_regfile_ff.register_file_i.g_rf_flops\[9\].rf_reg_q\[28\]$_DFFE_PN0P_/D
    1017* |       2 |     191 |       59 |      6 |    38 |    +0.9% |    0.000 |     -578.0 |        0.0 |    849 | u.u_ibex.gen_regfile_ff.register_file_i.g_rf_flops\[9\].rf_reg_q\[28\]$_DFFE_PN0P_/D
    1018* |       2 |     191 |       59 |      6 |    38 |    +0.9% |    0.000 |     -578.0 |        0.0 |    849 | u.u_ibex.gen_regfile_ff.register_file_i.g_rf_flops\[9\].rf_reg_q\[28\]$_DFFE_PN0P_/D
    1019* |       2 |     191 |       59 |      6 |    38 |    +0.9% |    0.000 |     -578.0 |        0.0 |    849 | u.u_ibex.gen_regfile_ff.register_file_i.g_rf_flops\[9\].rf_reg_q\[28\]$_DFFE_PN0P_/D
    1020* |       2 |     191 |       59 |      6 |    38 |    +0.9% |    0.000 |     -578.0 |        0.0 |    849 | u.u_ibex.gen_regfile_ff.register_file_i.g_rf_flops\[9\].rf_reg_q\[28\]$_DFFE_PN0P_/D
    1020* |       2 |     191 |       59 |      6 |    38 |    +0.9% |    0.000 |     -578.0 |        0.0 |    849 | u.u_ibex.gen_regfile_ff.register_file_i.g_rf_flops\[9\].rf_reg_q\[28\]$_DFFE_PN0P_/D
    1021* |       2 |     191 |       59 |      6 |    38 |    +0.9% |    0.000 |     -578.0 |        0.0 |    849 | u.u_ibex.gen_regfile_ff.register_file_i.g_rf_flops\[9\].rf_reg_q\[28\]$_DFFE_PN0P_/D
    1022* |       2 |     191 |       59 |      6 |    38 |    +0.9% |    0.000 |     -578.0 |        0.0 |    849 | u.u_ibex.gen_regfile_ff.register_file_i.g_rf_flops\[9\].rf_reg_q\[28\]$_DFFE_PN0P_/D
    1023* |       2 |     191 |       59 |      6 |    38 |    +0.9% |    0.000 |     -578.0 |        0.0 |    849 | u.u_ibex.gen_regfile_ff.register_file_i.g_rf_flops\[9\].rf_reg_q\[28\]$_DFFE_PN0P_/D
    1024* |       2 |     191 |       59 |      6 |    38 |    +0.9% |    0.000 |     -578.0 |        0.0 |    849 | u.u_ibex.gen_regfile_ff.register_file_i.g_rf_flops\[9\].rf_reg_q\[28\]$_DFFE_PN0P_/D
    1025* |       2 |     191 |       59 |      6 |    38 |    +0.9% |    0.000 |     -578.0 |        0.0 |    849 | u.u_ibex.gen_regfile_ff.register_file_i.g_rf_flops\[9\].rf_reg_q\[28\]$_DFFE_PN0P_/D
    1026* |       2 |     191 |       59 |      6 |    38 |    +0.9% |    0.000 |     -578.0 |        0.0 |    849 | u.u_ibex.gen_regfile_ff.register_file_i.g_rf_flops\[9\].rf_reg_q\[28\]$_DFFE_PN0P_/D
    1027* |       2 |     191 |       59 |      6 |    38 |    +0.9% |    0.000 |     -578.0 |        0.0 |    849 | u.u_ibex.gen_regfile_ff.register_file_i.g_rf_flops\[9\].rf_reg_q\[28\]$_DFFE_PN0P_/D
    1028* |       2 |     191 |       59 |      6 |    38 |    +0.9% |    0.000 |     -578.0 |        0.0 |    849 | u.u_ibex.gen_regfile_ff.register_file_i.g_rf_flops\[9\].rf_reg_q\[28\]$_DFFE_PN0P_/D
    1029* |       2 |     191 |       59 |      6 |    38 |    +0.9% |    0.000 |     -578.0 |        0.0 |    849 | u.u_ibex.gen_regfile_ff.register_file_i.g_rf_flops\[9\].rf_reg_q\[28\]$_DFFE_PN0P_/D
    1030* |       2 |     191 |       59 |      6 |    38 |    +0.9% |    0.000 |     -578.0 |        0.0 |    849 | u.u_ibex.gen_regfile_ff.register_file_i.g_rf_flops\[9\].rf_reg_q\[28\]$_DFFE_PN0P_/D
    1030* |       2 |     191 |       59 |      6 |    38 |    +0.9% |    0.000 |     -578.0 |        0.0 |    849 | u.u_ibex.gen_regfile_ff.register_file_i.g_rf_flops\[9\].rf_reg_q\[28\]$_DFFE_PN0P_/D
    1031* |       2 |     191 |       59 |      6 |    38 |    +0.9% |    0.000 |     -578.0 |        0.0 |    849 | u.u_ibex.gen_regfile_ff.register_file_i.g_rf_flops\[9\].rf_reg_q\[28\]$_DFFE_PN0P_/D
    1032* |       2 |     191 |       59 |      6 |    38 |    +0.9% |    0.000 |     -578.0 |        0.0 |    849 | u.u_ibex.gen_regfile_ff.register_file_i.g_rf_flops\[9\].rf_reg_q\[28\]$_DFFE_PN0P_/D
    1033* |       2 |     191 |       59 |      6 |    38 |    +0.9% |    0.000 |     -578.0 |        0.0 |    849 | u.u_ibex.gen_regfile_ff.register_file_i.g_rf_flops\[9\].rf_reg_q\[28\]$_DFFE_PN0P_/D
    1034* |       2 |     191 |       59 |      6 |    38 |    +0.9% |    0.000 |     -578.0 |        0.0 |    849 | u.u_ibex.gen_regfile_ff.register_file_i.g_rf_flops\[9\].rf_reg_q\[28\]$_DFFE_PN0P_/D
    1035* |       2 |     191 |       59 |      6 |    38 |    +0.9% |    0.000 |     -578.0 |        0.0 |    849 | u.u_ibex.gen_regfile_ff.register_file_i.g_rf_flops\[9\].rf_reg_q\[28\]$_DFFE_PN0P_/D
    1036* |       2 |     191 |       59 |      6 |    38 |    +0.9% |    0.000 |     -578.0 |        0.0 |    849 | u.u_ibex.gen_regfile_ff.register_file_i.g_rf_flops\[9\].rf_reg_q\[28\]$_DFFE_PN0P_/D
    1037* |       2 |     191 |       59 |      6 |    38 |    +0.9% |    0.000 |     -578.0 |        0.0 |    849 | u.u_ibex.gen_regfile_ff.register_file_i.g_rf_flops\[9\].rf_reg_q\[28\]$_DFFE_PN0P_/D
    1038* |       2 |     191 |       59 |      6 |    38 |    +0.9% |    0.000 |     -578.0 |        0.0 |    849 | u.u_ibex.gen_regfile_ff.register_file_i.g_rf_flops\[9\].rf_reg_q\[28\]$_DFFE_PN0P_/D
    1039* |       2 |     191 |       59 |      6 |    38 |    +0.9% |    0.000 |     -578.0 |        0.0 |    849 | u.u_ibex.gen_regfile_ff.register_file_i.g_rf_flops\[9\].rf_reg_q\[28\]$_DFFE_PN0P_/D
    1040* |       2 |     191 |       59 |      6 |    38 |    +0.9% |    0.000 |     -578.0 |        0.0 |    849 | u.u_ibex.gen_regfile_ff.register_file_i.g_rf_flops\[9\].rf_reg_q\[28\]$_DFFE_PN0P_/D
    1040* |       2 |     191 |       59 |      6 |    38 |    +0.9% |    0.000 |     -578.0 |        0.0 |    849 | u.u_ibex.gen_regfile_ff.register_file_i.g_rf_flops\[9\].rf_reg_q\[28\]$_DFFE_PN0P_/D
    1041* |       2 |     191 |       59 |      6 |    38 |    +0.9% |    0.000 |     -578.0 |        0.0 |    849 | u.u_ibex.gen_regfile_ff.register_file_i.g_rf_flops\[9\].rf_reg_q\[28\]$_DFFE_PN0P_/D
    1042* |       2 |     191 |       59 |      6 |    38 |    +0.9% |    0.000 |     -578.0 |        0.0 |    849 | u.u_ibex.gen_regfile_ff.register_file_i.g_rf_flops\[9\].rf_reg_q\[28\]$_DFFE_PN0P_/D
    1043* |       2 |     191 |       59 |      6 |    38 |    +0.9% |    0.000 |     -578.0 |        0.0 |    849 | u.u_ibex.gen_regfile_ff.register_file_i.g_rf_flops\[9\].rf_reg_q\[28\]$_DFFE_PN0P_/D
    1044* |       2 |     191 |       59 |      6 |    38 |    +0.9% |    0.000 |     -578.0 |        0.0 |    849 | u.u_ibex.gen_regfile_ff.register_file_i.g_rf_flops\[9\].rf_reg_q\[28\]$_DFFE_PN0P_/D
    1045* |       2 |     191 |       59 |      6 |    38 |    +0.9% |    0.000 |     -578.0 |        0.0 |    849 | u.u_ibex.gen_regfile_ff.register_file_i.g_rf_flops\[9\].rf_reg_q\[28\]$_DFFE_PN0P_/D
    1046* |       2 |     191 |       59 |      6 |    38 |    +0.9% |    0.000 |     -578.0 |        0.0 |    849 | u.u_ibex.gen_regfile_ff.register_file_i.g_rf_flops\[9\].rf_reg_q\[28\]$_DFFE_PN0P_/D
    1047* |       2 |     191 |       59 |      6 |    38 |    +0.9% |    0.000 |     -578.0 |        0.0 |    849 | u.u_ibex.gen_regfile_ff.register_file_i.g_rf_flops\[9\].rf_reg_q\[28\]$_DFFE_PN0P_/D
    1048* |       2 |     191 |       59 |      6 |    38 |    +0.9% |    0.000 |     -578.0 |        0.0 |    849 | u.u_ibex.gen_regfile_ff.register_file_i.g_rf_flops\[9\].rf_reg_q\[28\]$_DFFE_PN0P_/D
    1049* |       2 |     191 |       59 |      6 |    38 |    +0.9% |    0.000 |     -578.0 |        0.0 |    849 | u.u_ibex.gen_regfile_ff.register_file_i.g_rf_flops\[9\].rf_reg_q\[28\]$_DFFE_PN0P_/D
    1050* |       2 |     191 |       59 |      6 |    38 |    +0.9% |    0.000 |     -578.0 |        0.0 |    849 | u.u_ibex.gen_regfile_ff.register_file_i.g_rf_flops\[9\].rf_reg_q\[28\]$_DFFE_PN0P_/D
    1050* |       2 |     191 |       59 |      6 |    38 |    +0.9% |    0.000 |     -578.0 |        0.0 |    849 | u.u_ibex.gen_regfile_ff.register_file_i.g_rf_flops\[9\].rf_reg_q\[28\]$_DFFE_PN0P_/D
    1051* |       2 |     191 |       59 |      6 |    38 |    +0.9% |    0.000 |     -578.0 |        0.0 |    849 | u.u_ibex.gen_regfile_ff.register_file_i.g_rf_flops\[9\].rf_reg_q\[28\]$_DFFE_PN0P_/D
    1052* |       2 |     191 |       59 |      6 |    38 |    +0.9% |    0.000 |     -578.0 |        0.0 |    849 | u.u_ibex.gen_regfile_ff.register_file_i.g_rf_flops\[9\].rf_reg_q\[28\]$_DFFE_PN0P_/D
    1053* |       2 |     191 |       59 |      6 |    38 |    +0.9% |    0.000 |     -578.0 |        0.0 |    849 | u.u_ibex.gen_regfile_ff.register_file_i.g_rf_flops\[9\].rf_reg_q\[28\]$_DFFE_PN0P_/D
    1054* |       2 |     191 |       59 |      6 |    38 |    +0.9% |    0.000 |     -578.0 |        0.0 |    849 | u.u_ibex.gen_regfile_ff.register_file_i.g_rf_flops\[9\].rf_reg_q\[28\]$_DFFE_PN0P_/D
    1055* |       2 |     191 |       59 |      6 |    38 |    +0.9% |    0.000 |     -578.0 |        0.0 |    849 | u.u_ibex.gen_regfile_ff.register_file_i.g_rf_flops\[9\].rf_reg_q\[28\]$_DFFE_PN0P_/D
    1056* |       2 |     191 |       59 |      6 |    38 |    +0.9% |    0.000 |     -578.0 |        0.0 |    849 | u.u_ibex.gen_regfile_ff.register_file_i.g_rf_flops\[9\].rf_reg_q\[28\]$_DFFE_PN0P_/D
    1057* |       2 |     191 |       59 |      6 |    38 |    +0.9% |    0.000 |     -578.0 |        0.0 |    849 | u.u_ibex.gen_regfile_ff.register_file_i.g_rf_flops\[9\].rf_reg_q\[28\]$_DFFE_PN0P_/D
    1058* |       2 |     191 |       59 |      6 |    38 |    +0.9% |    0.000 |     -578.0 |        0.0 |    849 | u.u_ibex.gen_regfile_ff.register_file_i.g_rf_flops\[9\].rf_reg_q\[28\]$_DFFE_PN0P_/D
    1059* |       2 |     191 |       59 |      6 |    38 |    +0.9% |    0.000 |     -578.0 |        0.0 |    849 | u.u_ibex.gen_regfile_ff.register_file_i.g_rf_flops\[9\].rf_reg_q\[28\]$_DFFE_PN0P_/D
    1060* |       2 |     191 |       59 |      6 |    38 |    +0.9% |    0.000 |     -578.0 |        0.0 |    849 | u.u_ibex.gen_regfile_ff.register_file_i.g_rf_flops\[9\].rf_reg_q\[28\]$_DFFE_PN0P_/D
    1060* |       2 |     191 |       59 |      6 |    38 |    +0.9% |    0.000 |     -578.0 |        0.0 |    849 | u.u_ibex.gen_regfile_ff.register_file_i.g_rf_flops\[9\].rf_reg_q\[28\]$_DFFE_PN0P_/D
    1061* |       2 |     191 |       59 |      6 |    38 |    +0.9% |    0.000 |     -578.0 |        0.0 |    849 | u.u_ibex.gen_regfile_ff.register_file_i.g_rf_flops\[9\].rf_reg_q\[28\]$_DFFE_PN0P_/D
    1062* |       2 |     191 |       59 |      6 |    38 |    +0.9% |    0.000 |     -578.0 |        0.0 |    849 | u.u_ibex.gen_regfile_ff.register_file_i.g_rf_flops\[9\].rf_reg_q\[28\]$_DFFE_PN0P_/D
    1063* |       2 |     191 |       59 |      6 |    38 |    +0.9% |    0.000 |     -578.0 |        0.0 |    849 | u.u_ibex.gen_regfile_ff.register_file_i.g_rf_flops\[9\].rf_reg_q\[28\]$_DFFE_PN0P_/D
    1064* |       2 |     191 |       59 |      6 |    38 |    +0.9% |    0.000 |     -578.0 |        0.0 |    849 | u.u_ibex.gen_regfile_ff.register_file_i.g_rf_flops\[9\].rf_reg_q\[28\]$_DFFE_PN0P_/D
    1065* |       2 |     191 |       59 |      6 |    38 |    +0.9% |    0.000 |     -578.0 |        0.0 |    849 | u.u_ibex.gen_regfile_ff.register_file_i.g_rf_flops\[9\].rf_reg_q\[28\]$_DFFE_PN0P_/D
    1066* |       2 |     191 |       59 |      6 |    38 |    +0.9% |    0.000 |     -578.0 |        0.0 |    849 | u.u_ibex.gen_regfile_ff.register_file_i.g_rf_flops\[9\].rf_reg_q\[28\]$_DFFE_PN0P_/D
    1067* |       2 |     191 |       59 |      6 |    38 |    +0.9% |    0.000 |     -578.0 |        0.0 |    849 | u.u_ibex.gen_regfile_ff.register_file_i.g_rf_flops\[9\].rf_reg_q\[28\]$_DFFE_PN0P_/D
    1068* |       2 |     191 |       59 |      6 |    38 |    +0.9% |    0.000 |     -578.0 |        0.0 |    849 | u.u_ibex.gen_regfile_ff.register_file_i.g_rf_flops\[9\].rf_reg_q\[28\]$_DFFE_PN0P_/D
    1069* |       2 |     191 |       59 |      6 |    38 |    +0.9% |    0.000 |     -578.0 |        0.0 |    849 | u.u_ibex.gen_regfile_ff.register_file_i.g_rf_flops\[9\].rf_reg_q\[28\]$_DFFE_PN0P_/D
    1070* |       2 |     191 |       59 |      6 |    38 |    +0.9% |    0.000 |     -578.0 |        0.0 |    849 | u.u_ibex.gen_regfile_ff.register_file_i.g_rf_flops\[9\].rf_reg_q\[28\]$_DFFE_PN0P_/D
    1070* |       2 |     191 |       59 |      6 |    38 |    +0.9% |    0.000 |     -578.0 |        0.0 |    849 | u.u_ibex.gen_regfile_ff.register_file_i.g_rf_flops\[9\].rf_reg_q\[28\]$_DFFE_PN0P_/D
    1071* |       2 |     191 |       59 |      6 |    38 |    +0.9% |    0.000 |     -578.0 |        0.0 |    849 | u.u_ibex.gen_regfile_ff.register_file_i.g_rf_flops\[9\].rf_reg_q\[28\]$_DFFE_PN0P_/D
    1072* |       2 |     191 |       59 |      6 |    38 |    +0.9% |    0.000 |     -578.0 |        0.0 |    849 | u.u_ibex.gen_regfile_ff.register_file_i.g_rf_flops\[9\].rf_reg_q\[28\]$_DFFE_PN0P_/D
    1073* |       2 |     191 |       59 |      6 |    38 |    +0.9% |    0.000 |     -578.0 |        0.0 |    849 | u.u_ibex.gen_regfile_ff.register_file_i.g_rf_flops\[9\].rf_reg_q\[28\]$_DFFE_PN0P_/D
    1074* |       2 |     191 |       59 |      6 |    38 |    +0.9% |    0.000 |     -578.0 |        0.0 |    849 | u.u_ibex.gen_regfile_ff.register_file_i.g_rf_flops\[9\].rf_reg_q\[28\]$_DFFE_PN0P_/D
    1075* |       2 |     191 |       59 |      6 |    38 |    +0.9% |    0.000 |     -578.0 |        0.0 |    849 | u.u_ibex.gen_regfile_ff.register_file_i.g_rf_flops\[9\].rf_reg_q\[28\]$_DFFE_PN0P_/D
    1076* |       2 |     191 |       59 |      6 |    38 |    +0.9% |    0.000 |     -578.0 |        0.0 |    849 | u.u_ibex.gen_regfile_ff.register_file_i.g_rf_flops\[9\].rf_reg_q\[28\]$_DFFE_PN0P_/D
    1077* |       2 |     191 |       59 |      6 |    38 |    +0.9% |    0.000 |     -578.0 |        0.0 |    849 | u.u_ibex.gen_regfile_ff.register_file_i.g_rf_flops\[9\].rf_reg_q\[28\]$_DFFE_PN0P_/D
    1078* |       2 |     191 |       59 |      6 |    38 |    +0.9% |    0.000 |     -578.0 |        0.0 |    849 | u.u_ibex.gen_regfile_ff.register_file_i.g_rf_flops\[9\].rf_reg_q\[28\]$_DFFE_PN0P_/D
    1079* |       2 |     191 |       59 |      6 |    38 |    +0.9% |    0.000 |     -578.0 |        0.0 |    849 | u.u_ibex.gen_regfile_ff.register_file_i.g_rf_flops\[9\].rf_reg_q\[28\]$_DFFE_PN0P_/D
    1080* |       2 |     191 |       59 |      6 |    38 |    +0.9% |    0.000 |     -578.0 |        0.0 |    849 | u.u_ibex.gen_regfile_ff.register_file_i.g_rf_flops\[9\].rf_reg_q\[28\]$_DFFE_PN0P_/D
    1080* |       2 |     191 |       59 |      6 |    38 |    +0.9% |    0.000 |     -578.0 |        0.0 |    849 | u.u_ibex.gen_regfile_ff.register_file_i.g_rf_flops\[9\].rf_reg_q\[28\]$_DFFE_PN0P_/D
    1081* |       2 |     191 |       59 |      6 |    38 |    +0.9% |    0.000 |     -578.0 |        0.0 |    849 | u.u_ibex.gen_regfile_ff.register_file_i.g_rf_flops\[9\].rf_reg_q\[28\]$_DFFE_PN0P_/D
    1082* |       2 |     191 |       59 |      6 |    38 |    +0.9% |    0.000 |     -578.0 |        0.0 |    849 | u.u_ibex.gen_regfile_ff.register_file_i.g_rf_flops\[9\].rf_reg_q\[28\]$_DFFE_PN0P_/D
    1083* |       2 |     191 |       59 |      6 |    38 |    +0.9% |    0.000 |     -578.0 |        0.0 |    849 | u.u_ibex.gen_regfile_ff.register_file_i.g_rf_flops\[9\].rf_reg_q\[28\]$_DFFE_PN0P_/D
    1084* |       2 |     191 |       59 |      6 |    38 |    +0.9% |    0.000 |     -578.0 |        0.0 |    849 | u.u_ibex.gen_regfile_ff.register_file_i.g_rf_flops\[9\].rf_reg_q\[28\]$_DFFE_PN0P_/D
    1085* |       2 |     191 |       59 |      6 |    38 |    +0.9% |    0.000 |     -578.0 |        0.0 |    849 | u.u_ibex.gen_regfile_ff.register_file_i.g_rf_flops\[9\].rf_reg_q\[28\]$_DFFE_PN0P_/D
    1086* |       2 |     191 |       59 |      6 |    38 |    +0.9% |    0.000 |     -578.0 |        0.0 |    849 | u.u_ibex.gen_regfile_ff.register_file_i.g_rf_flops\[9\].rf_reg_q\[28\]$_DFFE_PN0P_/D
    1087* |       2 |     191 |       59 |      6 |    38 |    +0.9% |    0.000 |     -578.0 |        0.0 |    849 | u.u_ibex.gen_regfile_ff.register_file_i.g_rf_flops\[9\].rf_reg_q\[28\]$_DFFE_PN0P_/D
    1088* |       2 |     191 |       59 |      6 |    38 |    +0.9% |    0.000 |     -578.0 |        0.0 |    849 | u.u_ibex.gen_regfile_ff.register_file_i.g_rf_flops\[9\].rf_reg_q\[28\]$_DFFE_PN0P_/D
    1089* |       2 |     191 |       59 |      6 |    38 |    +0.9% |    0.000 |     -578.0 |        0.0 |    849 | u.u_ibex.gen_regfile_ff.register_file_i.g_rf_flops\[9\].rf_reg_q\[28\]$_DFFE_PN0P_/D
    1090* |       2 |     191 |       59 |      6 |    38 |    +0.9% |    0.000 |     -578.0 |        0.0 |    849 | u.u_ibex.gen_regfile_ff.register_file_i.g_rf_flops\[9\].rf_reg_q\[28\]$_DFFE_PN0P_/D
    1090* |       2 |     191 |       59 |      6 |    38 |    +0.9% |    0.000 |     -578.0 |        0.0 |    849 | u.u_ibex.gen_regfile_ff.register_file_i.g_rf_flops\[9\].rf_reg_q\[28\]$_DFFE_PN0P_/D
    1091* |       2 |     191 |       59 |      6 |    38 |    +0.9% |    0.000 |     -578.0 |        0.0 |    849 | u.u_ibex.gen_regfile_ff.register_file_i.g_rf_flops\[9\].rf_reg_q\[28\]$_DFFE_PN0P_/D
    1092* |       2 |     191 |       59 |      6 |    38 |    +0.9% |    0.000 |     -578.0 |        0.0 |    849 | u.u_ibex.gen_regfile_ff.register_file_i.g_rf_flops\[9\].rf_reg_q\[28\]$_DFFE_PN0P_/D
    1093* |       2 |     191 |       59 |      6 |    38 |    +0.9% |    0.000 |     -578.0 |        0.0 |    849 | u.u_ibex.gen_regfile_ff.register_file_i.g_rf_flops\[9\].rf_reg_q\[28\]$_DFFE_PN0P_/D
    1094* |       2 |     191 |       59 |      6 |    38 |    +0.9% |    0.000 |     -578.0 |        0.0 |    849 | u.u_ibex.gen_regfile_ff.register_file_i.g_rf_flops\[9\].rf_reg_q\[28\]$_DFFE_PN0P_/D
    1095* |       2 |     191 |       59 |      6 |    38 |    +0.9% |    0.000 |     -578.0 |        0.0 |    849 | u.u_ibex.gen_regfile_ff.register_file_i.g_rf_flops\[9\].rf_reg_q\[28\]$_DFFE_PN0P_/D
    1096* |       2 |     191 |       59 |      6 |    38 |    +0.9% |    0.000 |     -578.0 |        0.0 |    849 | u.u_ibex.gen_regfile_ff.register_file_i.g_rf_flops\[9\].rf_reg_q\[28\]$_DFFE_PN0P_/D
    1097* |       2 |     191 |       59 |      6 |    38 |    +0.9% |    0.000 |     -578.0 |        0.0 |    849 | u.u_ibex.gen_regfile_ff.register_file_i.g_rf_flops\[9\].rf_reg_q\[28\]$_DFFE_PN0P_/D
    1098* |       2 |     191 |       59 |      6 |    38 |    +0.9% |    0.000 |     -578.0 |        0.0 |    849 | u.u_ibex.gen_regfile_ff.register_file_i.g_rf_flops\[9\].rf_reg_q\[28\]$_DFFE_PN0P_/D
    1099* |       2 |     191 |       59 |      6 |    38 |    +0.9% |    0.000 |     -578.0 |        0.0 |    849 | u.u_ibex.gen_regfile_ff.register_file_i.g_rf_flops\[9\].rf_reg_q\[28\]$_DFFE_PN0P_/D
    1100* |       2 |     191 |       59 |      6 |    38 |    +0.9% |    0.000 |     -578.0 |        0.0 |    849 | u.u_ibex.gen_regfile_ff.register_file_i.g_rf_flops\[9\].rf_reg_q\[28\]$_DFFE_PN0P_/D
    1100* |       2 |     191 |       59 |      6 |    38 |    +0.9% |    0.000 |     -578.0 |        0.0 |    849 | u.u_ibex.gen_regfile_ff.register_file_i.g_rf_flops\[9\].rf_reg_q\[28\]$_DFFE_PN0P_/D
    1101* |       2 |     191 |       59 |      6 |    38 |    +0.9% |    0.000 |     -578.0 |        0.0 |    849 | u.u_ibex.gen_regfile_ff.register_file_i.g_rf_flops\[9\].rf_reg_q\[28\]$_DFFE_PN0P_/D
    1102* |       2 |     191 |       59 |      6 |    38 |    +0.9% |    0.000 |     -578.0 |        0.0 |    849 | u.u_ibex.gen_regfile_ff.register_file_i.g_rf_flops\[9\].rf_reg_q\[28\]$_DFFE_PN0P_/D
    1103* |       2 |     191 |       59 |      6 |    38 |    +0.9% |    0.000 |     -578.0 |        0.0 |    849 | u.u_ibex.gen_regfile_ff.register_file_i.g_rf_flops\[9\].rf_reg_q\[28\]$_DFFE_PN0P_/D
    1104* |       2 |     191 |       59 |      6 |    38 |    +0.9% |    0.000 |     -578.0 |        0.0 |    849 | u.u_ibex.gen_regfile_ff.register_file_i.g_rf_flops\[9\].rf_reg_q\[28\]$_DFFE_PN0P_/D
    1105* |       2 |     191 |       59 |      6 |    38 |    +0.9% |    0.000 |     -578.0 |        0.0 |    849 | u.u_ibex.gen_regfile_ff.register_file_i.g_rf_flops\[9\].rf_reg_q\[28\]$_DFFE_PN0P_/D
    1106* |       2 |     191 |       59 |      6 |    38 |    +0.9% |    0.000 |     -578.0 |        0.0 |    849 | u.u_ibex.gen_regfile_ff.register_file_i.g_rf_flops\[9\].rf_reg_q\[28\]$_DFFE_PN0P_/D
    1107* |       2 |     191 |       59 |      6 |    38 |    +0.9% |    0.000 |     -578.0 |        0.0 |    849 | u.u_ibex.gen_regfile_ff.register_file_i.g_rf_flops\[9\].rf_reg_q\[28\]$_DFFE_PN0P_/D
    1108* |       2 |     191 |       59 |      6 |    38 |    +0.9% |    0.000 |     -578.0 |        0.0 |    849 | u.u_ibex.gen_regfile_ff.register_file_i.g_rf_flops\[9\].rf_reg_q\[28\]$_DFFE_PN0P_/D
    1109* |       2 |     191 |       59 |      6 |    38 |    +0.9% |    0.000 |     -578.0 |        0.0 |    849 | u.u_ibex.gen_regfile_ff.register_file_i.g_rf_flops\[9\].rf_reg_q\[28\]$_DFFE_PN0P_/D
    1110* |       2 |     191 |       59 |      6 |    38 |    +0.9% |    0.000 |     -578.0 |        0.0 |    849 | u.u_ibex.gen_regfile_ff.register_file_i.g_rf_flops\[9\].rf_reg_q\[28\]$_DFFE_PN0P_/D
    1110* |       2 |     191 |       59 |      6 |    38 |    +0.9% |    0.000 |     -578.0 |        0.0 |    849 | u.u_ibex.gen_regfile_ff.register_file_i.g_rf_flops\[9\].rf_reg_q\[28\]$_DFFE_PN0P_/D
    1111* |       2 |     191 |       59 |      6 |    38 |    +0.9% |    0.000 |     -578.0 |        0.0 |    849 | u.u_ibex.gen_regfile_ff.register_file_i.g_rf_flops\[9\].rf_reg_q\[28\]$_DFFE_PN0P_/D
    1112* |       2 |     191 |       59 |      6 |    38 |    +0.9% |    0.000 |     -578.0 |        0.0 |    849 | u.u_ibex.gen_regfile_ff.register_file_i.g_rf_flops\[9\].rf_reg_q\[28\]$_DFFE_PN0P_/D
    1113* |       2 |     191 |       59 |      6 |    38 |    +0.9% |    0.000 |     -578.0 |        0.0 |    849 | u.u_ibex.gen_regfile_ff.register_file_i.g_rf_flops\[9\].rf_reg_q\[28\]$_DFFE_PN0P_/D
    1114* |       2 |     191 |       59 |      6 |    38 |    +0.9% |    0.000 |     -578.0 |        0.0 |    849 | u.u_ibex.gen_regfile_ff.register_file_i.g_rf_flops\[9\].rf_reg_q\[28\]$_DFFE_PN0P_/D
    1115* |       2 |     191 |       59 |      6 |    38 |    +0.9% |    0.000 |     -578.0 |        0.0 |    849 | u.u_ibex.gen_regfile_ff.register_file_i.g_rf_flops\[9\].rf_reg_q\[28\]$_DFFE_PN0P_/D
    1116* |       2 |     191 |       59 |      6 |    38 |    +0.9% |    0.000 |     -578.0 |        0.0 |    849 | u.u_ibex.gen_regfile_ff.register_file_i.g_rf_flops\[9\].rf_reg_q\[28\]$_DFFE_PN0P_/D
    1116* |       2 |     191 |       59 |      6 |    38 |    +0.9% |    0.000 |     -578.0 |        0.0 |    849 | u.u_ibex.gen_regfile_ff.register_file_i.g_rf_flops\[9\].rf_reg_q\[28\]$_DFFE_PN0P_/D
    final |       2 |     191 |       59 |      6 |    38 |    +0.9% |    0.000 |     -578.0 |        0.0 |      0 | u.u_ibex.gen_regfile_ff.register_file_i.g_rf_flops\[9\].rf_reg_q\[28\]$_DFFE_PN0P_/D
------------------------------------------------------------------------------------------------------------------------------
[INFO RSZ-0059] Removed 2 buffers.
[INFO RSZ-0040] Inserted 59 buffers.
[INFO RSZ-0051] Resized 191 instances: 191 up, 0 up match, 0 down, 0 VT
[INFO RSZ-0043] Swapped pins on 38 instances.
[INFO RSZ-0049] Cloned 6 instances.
[INFO RSZ-0505] Runtime: 27.44s
[INFO RSZ-0033] No hold violations found.
[INFO RSZ-0506] Runtime: 0.07s
Took 28 seconds: repair_timing -setup_margin 0 -hold_margin 0 -repair_tns 100 -verbose
global_route -start_incremental
detailed_placement
[INFO DPL-0006] Core area: 271002.41 um^2
[INFO DPL-0007] Movable instances area: 164341.37 um^2
[INFO DPL-0008] Fixed instances area within core: 4466.78 um^2
[INFO DPL-0009] Utilization: 62.3%
[INFO DPL-0005] Diamond search max displacement: +/- 500 sites horizontally, +/- 100 rows vertically.
[INFO DPL-1102] Legalizing using negotiation legalizer.
[INFO DPL-1103] Negotiation base search window: +/-20 sites horizontally, +/-5 rows vertically 
	Automatic search window extension enabled.
	Search window extendable up to the max displacement cap of +/-500 sites, +/-100 rows near walls.
[INFO DPL-1104] NegotiationLegalizer DRC penalty: 5.
[INFO DPL-0392] Negotiation cell height distribution (1 unique row-count(s)):
[INFO DPL-0393]   height 1 row(s): 21322 cells
          |      Total |  Illegal |  Illegal
Iteration | Violations |    Cells |    Sites
---------------------------------------------
        0 |        291 |        61 |       230
        1 |        197 |        23 |       174
        2 |         98 |        14 |        84
        3 |        127 |        13 |       114
        4 |        108 |        13 |        95
        5 |         90 |        14 |        76
        6 |         86 |        11 |        75
        7 |        116 |         8 |       108
        8 |         60 |        13 |        47
        9 |         60 |         4 |        56
       10 |         31 |         3 |        28
       19 |          0 |         0 |         0
Negotiation phase 1 converged at iteration 19.
[INFO DPL-0500] Runtime: 0.26s
Placement Analysis
---------------------------------
total displacement       1689.8 u
average displacement        0.1 u
max displacement           36.4 u
original HPWL          535481.0 u
legalized HPWL         537321.1 u
delta HPWL                    0 %

check_placement -verbose
global_route -end_incremental -congestion_report_file /work/reports/sky130hd/m7_j0/p9p5/congestion_post_repair_timing.rpt
estimate_parasitics -global_routing
global_route -start_incremental
global_route -end_incremental -congestion_report_file /work/reports/sky130hd/m7_j0/p9p5/congestion_post_recover_power.rpt
Repair antennas...
[INFO GRT-0012] Found 55 antenna violations.
[INFO GRT-0302] Inserted 75 jumpers for 54 nets.
[INFO GRT-0012] Found 5 antenna violations.
[INFO DPL-0006] Core area: 271002.41 um^2
[INFO DPL-0007] Movable instances area: 164283.81 um^2
[INFO DPL-0008] Fixed instances area within core: 4536.85 um^2
[INFO DPL-0009] Utilization: 62.3%
[INFO DPL-0005] Diamond search max displacement: +/- 500 sites horizontally, +/- 100 rows vertically.
[INFO DPL-1102] Legalizing using negotiation legalizer.
[INFO DPL-1103] Negotiation base search window: +/-20 sites horizontally, +/-5 rows vertically 
	Automatic search window extension enabled.
	Search window extendable up to the max displacement cap of +/-500 sites, +/-100 rows near walls.
[INFO DPL-1104] NegotiationLegalizer DRC penalty: 5.
[INFO DPL-0392] Negotiation cell height distribution (1 unique row-count(s)):
[INFO DPL-0393]   height 1 row(s): 21327 cells
          |      Total |  Illegal |  Illegal
Iteration | Violations |    Cells |    Sites
---------------------------------------------
        0 |          0 |         0 |         0
Negotiation phase 1 converged at iteration 0.
[INFO DPL-0500] Runtime: 0.07s
[INFO GRT-0015] Inserted 5 diodes.
[WARNING GRT-0297] Disabling NDR for 1 congested nets
[WARNING GRT-0273] Disabled NDR (to reduce congestion) for net: clknet_0__06078_
[INFO GRT-0012] Found 3 antenna violations.
[INFO GRT-0302] Inserted 4 jumpers for 3 nets.
[INFO GRT-0012] Found 0 antenna violations.
[INFO ANT-0002] Found 0 net violations.
[INFO ANT-0001] Found 0 pin violations.
Estimate parasitics...
estimate_parasitics -global_routing
Report metrics stage 5, global route...

==========================================================================
global route report_design_area
--------------------------------------------------------------------------
Design area 168821 um^2 62% utilization.
[INFO FLW-0007] clock core_clock period 9.500000
[WARNING FLW-0010] more than one clock found. Skipping sdc update.
[INFO FLW-0011] Path endpoint path count 4529
write_db /work/results/sky130hd/m7_j0/p9p5/5_1_grt.odb
write_sdc -no_timestamp /work/results/sky130hd/m7_j0/p9p5/5_1_grt.sdc
Elapsed time: 0:56.87[h:]min:sec. CPU time: user 718.35 sys 18.16 (1294%). Peak memory: 744376KB.
Log                       Ext     Elapsed/s Peak Memory/MB sha1sum result [0:20)
5_1_grt                   .odb           56            726 4a22057c369fe0050c80
5_1_grt                   .sdc                             0b4a5414fff78e3919d9
/OpenROAD-flow-scripts/flow/scripts/flow.sh 5_2_route detail_route
Running detail_route.tcl, stage 5_2_route
read_liberty /OpenROAD-flow-scripts/flow/platforms/sky130hd/lib/sky130_fd_sc_hd__tt_025C_1v80.lib
read_db -hier /work/results/sky130hd/m7_j0/p9p5/5_1_grt.odb
[WARNING ORD-0012] Hierarchical flow (-hier) is currently in development and may cause multiple issues. Do not use in production environments.
read_sdc /work/results/sky130hd/m7_j0/p9p5/5_1_grt.sdc
source /OpenROAD-flow-scripts/flow/platforms/sky130hd/setRC.tcl
[WARNING STA-0450] virtual clock vclk_core_clock can not be propagated.
detailed_route -output_drc /work/reports/sky130hd/m7_j0/p9p5/5_route_drc.rpt -output_maze /work/results/sky130hd/m7_j0/p9p5/maze.log -droute_end_iter 64 -verbose 1 -drc_report_iter_step 5
[INFO DRT-0149] Reading tech and libs.
[WARNING DRT-0349] LEF58_ENCLOSURE with no CUTCLASS is not supported. Skipping for layer mcon
[WARNING DRT-0349] LEF58_ENCLOSURE with no CUTCLASS is not supported. Skipping for layer mcon
[WARNING DRT-0349] LEF58_ENCLOSURE with no CUTCLASS is not supported. Skipping for layer via
[WARNING DRT-0349] LEF58_ENCLOSURE with no CUTCLASS is not supported. Skipping for layer via
[WARNING DRT-0349] LEF58_ENCLOSURE with no CUTCLASS is not supported. Skipping for layer via2
[WARNING DRT-0349] LEF58_ENCLOSURE with no CUTCLASS is not supported. Skipping for layer via2
[WARNING DRT-0349] LEF58_ENCLOSURE with no CUTCLASS is not supported. Skipping for layer via3
[WARNING DRT-0349] LEF58_ENCLOSURE with no CUTCLASS is not supported. Skipping for layer via3
[WARNING DRT-0349] LEF58_ENCLOSURE with no CUTCLASS is not supported. Skipping for layer via4
[WARNING DRT-0349] LEF58_ENCLOSURE with no CUTCLASS is not supported. Skipping for layer via4

Units:                1000
Number of layers:     13
Number of macros:     441
Number of vias:       29
Number of viarulegen: 25

[INFO DRT-0150] Reading design.
[WARNING DRT-0120] Large net net36 has 131 pins which may impact routing performance. Consider optimization.
[WARNING DRT-0120] Large net net4361 has 147 pins which may impact routing performance. Consider optimization.
[WARNING DRT-0120] Large net net4367 has 133 pins which may impact routing performance. Consider optimization.
[WARNING DRT-0120] Large net net4365 has 133 pins which may impact routing performance. Consider optimization.
[WARNING DRT-0120] Large net net4372 has 120 pins which may impact routing performance. Consider optimization.
[WARNING DRT-0120] Large net net4371 has 137 pins which may impact routing performance. Consider optimization.
[WARNING DRT-0120] Large net net4370 has 157 pins which may impact routing performance. Consider optimization.
[WARNING DRT-0120] Large net net4363 has 153 pins which may impact routing performance. Consider optimization.

Design:                   m7_ppa_j0_top
Die area:                 ( 0 0 ) ( 524280 524280 )
Number of track patterns: 12
Number of DEF vias:       0
Number of components:     21327
Number of terminals:      278
Number of snets:          2
Number of nets:           17752

[INFO DRT-0167] List of default vias:
  Layer via
    default via: M1M2_PR
  Layer via2
    default via: M2M3_PR
  Layer via3
    default via: M3M4_PR
  Layer via4
    default via: M4M5_PR
[INFO DRT-0162] Library cell analysis.
[INFO DRT-0163] Instance analysis.
[INFO DRT-0164] Number of unique instances = 282.
[INFO DRT-0168] Init region query.
[INFO DRT-0024]   Complete FR_MASTERSLICE.
[INFO DRT-0024]   Complete Fr_VIA.
[INFO DRT-0024]   Complete li1.
[INFO DRT-0024]   Complete mcon.
[INFO DRT-0024]   Complete met1.
[INFO DRT-0024]   Complete via.
[INFO DRT-0024]   Complete met2.
[INFO DRT-0024]   Complete via2.
[INFO DRT-0024]   Complete met3.
[INFO DRT-0024]   Complete via3.
[INFO DRT-0024]   Complete met4.
[INFO DRT-0024]   Complete via4.
[INFO DRT-0024]   Complete met5.
[INFO DRT-0033] FR_MASTERSLICE shape region query size = 0.
[INFO DRT-0033] FR_VIA shape region query size = 0.
[INFO DRT-0033] li1 shape region query size = 523022.
[INFO DRT-0033] mcon shape region query size = 292258.
[INFO DRT-0033] met1 shape region query size = 81518.
[INFO DRT-0033] via shape region query size = 18240.
[INFO DRT-0033] met2 shape region query size = 11184.
[INFO DRT-0033] via2 shape region query size = 14592.
[INFO DRT-0033] met3 shape region query size = 10980.
[INFO DRT-0033] via3 shape region query size = 14592.
[INFO DRT-0033] met4 shape region query size = 4408.
[INFO DRT-0033] via4 shape region query size = 722.
[INFO DRT-0033] met5 shape region query size = 798.
[INFO DRT-0165] Start pin access.
[INFO DRT-0076]   Complete 1000 pins.
[INFO DRT-0076]   Complete 2000 pins.
[INFO DRT-0078]   Complete 2285 pins.
[INFO DRT-0079]   Complete 100 unique inst patterns.
[INFO DRT-0079]   Complete 200 unique inst patterns.
[INFO DRT-0081]   Complete 282 unique inst patterns.
[INFO DRT-0082]   Complete 10000 groups.
[INFO DRT-0084]   Complete 11192 groups.
#scanned instances     = 21327
#unique  instances     = 282
#stdCellGenAp          = 9048
#stdCellValidPlanarAp  = 77
#stdCellValidViaAp     = 6710
#stdCellPinNoAp        = 0
#stdCellPinCnt         = 63585
#instTermValidViaApCnt = 0
#macroGenAp            = 0
#macroValidPlanarAp    = 0
#macroValidViaAp       = 0
#macroNoAp             = 0
[INFO DRT-0166] Complete pin access.
[INFO DRT-0267] cpu time = 00:05:09, elapsed time = 00:00:11, memory = 410.09 (MB), peak = 410.02 (MB)
[INFO DRT-0156] guideIn read 100000 guides.

[INFO DRT-0157] Number of guides:     151625

[INFO DRT-0169] Post process guides.
[INFO DRT-0176] GCELLGRID X 0 DO 75 STEP 6900 ;
[INFO DRT-0177] GCELLGRID Y 0 DO 75 STEP 6900 ;
[INFO DRT-0026]   Complete 100000 origin guides.
[INFO DRT-0028]   Complete FR_MASTERSLICE.
[INFO DRT-0028]   Complete Fr_VIA.
[INFO DRT-0028]   Complete li1.
[INFO DRT-0028]   Complete mcon.
[INFO DRT-0028]   Complete met1.
[INFO DRT-0028]   Complete via.
[INFO DRT-0028]   Complete met2.
[INFO DRT-0028]   Complete via2.
[INFO DRT-0028]   Complete met3.
[INFO DRT-0028]   Complete via3.
[INFO DRT-0028]   Complete met4.
[INFO DRT-0028]   Complete via4.
[INFO DRT-0028]   Complete met5.
[INFO DRT-0178] Init guide query.
[INFO DRT-0035]   Complete FR_MASTERSLICE (guide).
[INFO DRT-0035]   Complete Fr_VIA (guide).
[INFO DRT-0035]   Complete li1 (guide).
[INFO DRT-0035]   Complete mcon (guide).
[INFO DRT-0035]   Complete met1 (guide).
[INFO DRT-0035]   Complete via (guide).
[INFO DRT-0035]   Complete met2 (guide).
[INFO DRT-0035]   Complete via2 (guide).
[INFO DRT-0035]   Complete met3 (guide).
[INFO DRT-0035]   Complete via3 (guide).
[INFO DRT-0035]   Complete met4 (guide).
[INFO DRT-0035]   Complete via4 (guide).
[INFO DRT-0035]   Complete met5 (guide).
[INFO DRT-0036] FR_MASTERSLICE guide region query size = 0.
[INFO DRT-0036] FR_VIA guide region query size = 0.
[INFO DRT-0036] li1 guide region query size = 49514.
[INFO DRT-0036] mcon guide region query size = 0.
[INFO DRT-0036] met1 guide region query size = 44070.
[INFO DRT-0036] via guide region query size = 0.
[INFO DRT-0036] met2 guide region query size = 23921.
[INFO DRT-0036] via2 guide region query size = 0.
[INFO DRT-0036] met3 guide region query size = 3775.
[INFO DRT-0036] via3 guide region query size = 0.
[INFO DRT-0036] met4 guide region query size = 1434.
[INFO DRT-0036] via4 guide region query size = 0.
[INFO DRT-0036] met5 guide region query size = 69.
[INFO DRT-0179] Init gr pin query.
[INFO DRT-0267] cpu time = 00:00:00, elapsed time = 00:00:00, memory = 458.13 (MB), peak = 453.10 (MB)
[INFO DRT-0245] skipped writing guide updates to database.
[INFO DRT-0181] Start track assignment.
[INFO DRT-0184] Done with 74869 vertical wires in 2 frboxes and 47914 horizontal wires in 2 frboxes.
[INFO DRT-0186] Done with 11913 vertical wires in 2 frboxes and 15979 horizontal wires in 2 frboxes.
[INFO DRT-0182] Complete track assignment.
[INFO DRT-0267] cpu time = 00:00:04, elapsed time = 00:00:03, memory = 777.54 (MB), peak = 772.93 (MB)
[INFO DRT-0187] Start routing data preparation.
[INFO DRT-0267] cpu time = 00:00:00, elapsed time = 00:00:00, memory = 777.54 (MB), peak = 772.93 (MB)
[INFO DRT-0194] Start detail routing.
[INFO DRT-0195] Start 0th optimization iteration.
    Completing 10% with 0 violations.
    elapsed time = 00:00:04, memory = 2329.76 (MB).
    Completing 20% with 0 violations.
    elapsed time = 00:00:06, memory = 2022.89 (MB).
    Completing 30% with 3632 violations.
    elapsed time = 00:00:11, memory = 2745.58 (MB).
    Completing 40% with 3632 violations.
    elapsed time = 00:00:16, memory = 2666.30 (MB).
    Completing 50% with 3632 violations.
    elapsed time = 00:00:19, memory = 2268.53 (MB).
    Completing 60% with 7656 violations.
    elapsed time = 00:00:27, memory = 2837.99 (MB).
    Completing 70% with 7656 violations.
    elapsed time = 00:00:29, memory = 2587.10 (MB).
    Completing 80% with 11329 violations.
    elapsed time = 00:00:39, memory = 3271.39 (MB).
    Completing 90% with 11329 violations.
    elapsed time = 00:00:43, memory = 2919.44 (MB).
    Completing 100% with 15095 violations.
    elapsed time = 00:00:49, memory = 2331.41 (MB).
[INFO DRT-0199]   Number of violations = 17309.
Viol/Layer         li1   mcon   met1    via   met2   met3   met4   via4   met5
Cut Spacing          0     24      0      0      0      0      0      1      0
Metal Spacing        0      0   2324      0    931     76     20      0      4
Min Hole             0      0     14      0      1      0      0      0      0
NS Metal             0      0      1      0      0      0      0      0      0
Recheck             26      0   1373      0    664     88     61      0      2
Short                0      4   9926     34   1650     59     25      0      1
[INFO DRT-0267] cpu time = 00:12:26, elapsed time = 00:00:50, memory = 2623.67 (MB), peak = 3284.18 (MB)
Total wire length = 702540 um.
Total wire length on LAYER li1 = 0 um.
Total wire length on LAYER met1 = 262395 um.
Total wire length on LAYER met2 = 289143 um.
Total wire length on LAYER met3 = 87111 um.
Total wire length on LAYER met4 = 62437 um.
Total wire length on LAYER met5 = 1453 um.
Total number of vias = 141668.
Up-via summary (total 141668):

-------------------------
 FR_MASTERSLICE         0
            li1     62265
           met1     70507
           met2      6294
           met3      2503
           met4        99
-------------------------
               141668


[INFO DRT-0195] Start 1st optimization iteration.
    Completing 10% with 17309 violations.
    elapsed time = 00:00:04, memory = 3604.69 (MB).
    Completing 20% with 17309 violations.
    elapsed time = 00:00:06, memory = 3163.04 (MB).
    Completing 30% with 15886 violations.
    elapsed time = 00:00:14, memory = 3666.95 (MB).
    Completing 40% with 15886 violations.
    elapsed time = 00:00:18, memory = 3433.95 (MB).
    Completing 50% with 15886 violations.
    elapsed time = 00:00:20, memory = 2940.19 (MB).
    Completing 60% with 14538 violations.
    elapsed time = 00:00:29, memory = 3608.91 (MB).
    Completing 70% with 14538 violations.
    elapsed time = 00:00:31, memory = 3176.12 (MB).
    Completing 80% with 12700 violations.
    elapsed time = 00:00:43, memory = 3702.05 (MB).
    Completing 90% with 12700 violations.
    elapsed time = 00:00:47, memory = 3279.83 (MB).
    Completing 100% with 11403 violations.
    elapsed time = 00:00:52, memory = 2736.36 (MB).
[INFO DRT-0199]   Number of violations = 11403.
Viol/Layer        mcon   met1    via   met2   met3   met4
Cut Spacing         32      0      0      0      0      0
Metal Spacing        0   1854      0    494     30      1
Min Hole             0      1      0      0      0      0
NS Metal             0      1      0      0      0      0
Short                0   8196      1    779      6      8
[INFO DRT-0267] cpu time = 00:11:37, elapsed time = 00:00:52, memory = 2739.36 (MB), peak = 3702.58 (MB)
Total wire length = 696080 um.
Total wire length on LAYER li1 = 0 um.
Total wire length on LAYER met1 = 258782 um.
Total wire length on LAYER met2 = 286735 um.
Total wire length on LAYER met3 = 87256 um.
Total wire length on LAYER met4 = 61938 um.
Total wire length on LAYER met5 = 1367 um.
Total number of vias = 140038.
Up-via summary (total 140038):

-------------------------
 FR_MASTERSLICE         0
            li1     62233
           met1     69080
           met2      6237
           met3      2397
           met4        91
-------------------------
               140038


[INFO DRT-0195] Start 2nd optimization iteration.
    Completing 10% with 11403 violations.
    elapsed time = 00:00:03, memory = 3652.98 (MB).
    Completing 20% with 11403 violations.
    elapsed time = 00:00:06, memory = 3083.36 (MB).
    Completing 30% with 11183 violations.
    elapsed time = 00:00:12, memory = 3682.95 (MB).
    Completing 40% with 11183 violations.
    elapsed time = 00:00:17, memory = 3280.50 (MB).
    Completing 50% with 11183 violations.
    elapsed time = 00:00:20, memory = 2745.90 (MB).
    Completing 60% with 11121 violations.
    elapsed time = 00:00:25, memory = 3632.71 (MB).
    Completing 70% with 11121 violations.
    elapsed time = 00:00:28, memory = 3115.38 (MB).
    Completing 80% with 10891 violations.
    elapsed time = 00:00:36, memory = 3718.87 (MB).
    Completing 90% with 10891 violations.
    elapsed time = 00:00:40, memory = 3328.81 (MB).
    Completing 100% with 10511 violations.
    elapsed time = 00:00:43, memory = 2759.05 (MB).
[INFO DRT-0199]   Number of violations = 10511.
Viol/Layer        mcon   met1    via   met2   met3   met4
Cut Spacing         45      0      0      0      0      0
Metal Spacing        0   1607      0    435     34      1
Short                0   7703      1    674      4      7
[INFO DRT-0267] cpu time = 00:10:45, elapsed time = 00:00:43, memory = 2762.05 (MB), peak = 3751.39 (MB)
Total wire length = 694687 um.
Total wire length on LAYER li1 = 0 um.
Total wire length on LAYER met1 = 258070 um.
Total wire length on LAYER met2 = 286322 um.
Total wire length on LAYER met3 = 86990 um.
Total wire length on LAYER met4 = 61958 um.
Total wire length on LAYER met5 = 1344 um.
Total number of vias = 139453.
Up-via summary (total 139453):

-------------------------
 FR_MASTERSLICE         0
            li1     62244
           met1     68436
           met2      6269
           met3      2419
           met4        85
-------------------------
               139453


[INFO DRT-0195] Start 3rd optimization iteration.
    Completing 10% with 10511 violations.
    elapsed time = 00:00:04, memory = 3539.96 (MB).
    Completing 20% with 10511 violations.
    elapsed time = 00:00:07, memory = 3246.69 (MB).
    Completing 30% with 8204 violations.
    elapsed time = 00:00:23, memory = 3816.90 (MB).
    Completing 40% with 8204 violations.
    elapsed time = 00:00:27, memory = 3581.91 (MB).
    Completing 50% with 8204 violations.
    elapsed time = 00:00:33, memory = 3161.46 (MB).
    Completing 60% with 6280 violations.
    elapsed time = 00:00:40, memory = 3667.01 (MB).
    Completing 70% with 6280 violations.
    elapsed time = 00:00:44, memory = 3295.39 (MB).
    Completing 80% with 4304 violations.
    elapsed time = 00:00:51, memory = 3876.39 (MB).
    Completing 90% with 4304 violations.
    elapsed time = 00:00:57, memory = 3462.82 (MB).
    Completing 100% with 2551 violations.
    elapsed time = 00:01:08, memory = 2867.20 (MB).
[INFO DRT-0199]   Number of violations = 2551.
Viol/Layer        mcon   met1    via   met2   met3
Cut Spacing          7      0      1      0      0
Metal Spacing        0    720      0    110      7
Short                0   1532      0    174      0
[INFO DRT-0267] cpu time = 00:12:05, elapsed time = 00:01:08, memory = 2870.20 (MB), peak = 3888.47 (MB)
Total wire length = 693457 um.
Total wire length on LAYER li1 = 0 um.
Total wire length on LAYER met1 = 238115 um.
Total wire length on LAYER met2 = 284300 um.
Total wire length on LAYER met3 = 105444 um.
Total wire length on LAYER met4 = 64360 um.
Total wire length on LAYER met5 = 1236 um.
Total number of vias = 143705.
Up-via summary (total 143705):

-------------------------
 FR_MASTERSLICE         0
            li1     62218
           met1     69156
           met2      9563
           met3      2695
           met4        73
-------------------------
               143705


[INFO DRT-0195] Start 4th optimization iteration.
    Completing 10% with 2551 violations.
    elapsed time = 00:00:00, memory = 3639.45 (MB).
    Completing 20% with 2551 violations.
    elapsed time = 00:00:02, memory = 3240.20 (MB).
    Completing 30% with 2028 violations.
    elapsed time = 00:00:05, memory = 2878.68 (MB).
    Completing 40% with 2028 violations.
    elapsed time = 00:00:06, memory = 3569.50 (MB).
    Completing 50% with 2028 violations.
    elapsed time = 00:00:09, memory = 3077.40 (MB).
    Completing 60% with 1653 violations.
    elapsed time = 00:00:12, memory = 3569.25 (MB).
    Completing 70% with 1653 violations.
    elapsed time = 00:00:14, memory = 3248.34 (MB).
    Completing 80% with 911 violations.
    elapsed time = 00:00:18, memory = 2882.74 (MB).
    Completing 90% with 911 violations.
    elapsed time = 00:00:19, memory = 3390.23 (MB).
    Completing 100% with 369 violations.
    elapsed time = 00:00:22, memory = 2889.74 (MB).
[INFO DRT-0199]   Number of violations = 369.
Viol/Layer        mcon   met1   met2
Cut Spacing          4      0      0
Metal Spacing        0    131     11
Short                0    222      1
[INFO DRT-0267] cpu time = 00:03:27, elapsed time = 00:00:22, memory = 2859.00 (MB), peak = 3888.47 (MB)
Total wire length = 693541 um.
Total wire length on LAYER li1 = 0 um.
Total wire length on LAYER met1 = 236475 um.
Total wire length on LAYER met2 = 284068 um.
Total wire length on LAYER met3 = 106961 um.
Total wire length on LAYER met4 = 64819 um.
Total wire length on LAYER met5 = 1216 um.
Total number of vias = 143992.
Up-via summary (total 143992):

-------------------------
 FR_MASTERSLICE         0
            li1     62220
           met1     69143
           met2      9800
           met3      2758
           met4        71
-------------------------
               143992


[INFO DRT-0195] Start 5th optimization iteration.
    Completing 10% with 369 violations.
    elapsed time = 00:00:00, memory = 2859.00 (MB).
    Completing 20% with 369 violations.
    elapsed time = 00:00:00, memory = 3197.84 (MB).
    Completing 30% with 264 violations.
    elapsed time = 00:00:02, memory = 2861.84 (MB).
    Completing 40% with 264 violations.
    elapsed time = 00:00:02, memory = 2861.84 (MB).
    Completing 50% with 264 violations.
    elapsed time = 00:00:03, memory = 3060.44 (MB).
    Completing 60% with 224 violations.
    elapsed time = 00:00:09, memory = 2861.84 (MB).
    Completing 70% with 224 violations.
    elapsed time = 00:00:09, memory = 2861.84 (MB).
    Completing 80% with 113 violations.
    elapsed time = 00:00:10, memory = 2861.84 (MB).
    Completing 90% with 113 violations.
    elapsed time = 00:00:10, memory = 2861.84 (MB).
    Completing 100% with 92 violations.
    elapsed time = 00:00:12, memory = 2861.85 (MB).
[INFO DRT-0199]   Number of violations = 92.
Viol/Layer        mcon   met1   met2
Cut Spacing          1      0      0
Metal Spacing        0     39     13
Short                0     33      6
[INFO DRT-0267] cpu time = 00:00:52, elapsed time = 00:00:12, memory = 2861.98 (MB), peak = 3888.47 (MB)
Total wire length = 693501 um.
Total wire length on LAYER li1 = 0 um.
Total wire length on LAYER met1 = 236265 um.
Total wire length on LAYER met2 = 283929 um.
Total wire length on LAYER met3 = 107174 um.
Total wire length on LAYER met4 = 64916 um.
Total wire length on LAYER met5 = 1216 um.
Total number of vias = 143967.
Up-via summary (total 143967):

-------------------------
 FR_MASTERSLICE         0
            li1     62219
           met1     69122
           met2      9799
           met3      2756
           met4        71
-------------------------
               143967


[INFO DRT-0195] Start 6th guides tiles iteration.
    Completing 10% with 92 violations.
    elapsed time = 00:00:00, memory = 2861.98 (MB).
    Completing 20% with 92 violations.
    elapsed time = 00:00:00, memory = 2861.98 (MB).
    Completing 30% with 92 violations.
    elapsed time = 00:00:00, memory = 2861.98 (MB).
    Completing 40% with 92 violations.
    elapsed time = 00:00:00, memory = 2861.98 (MB).
    Completing 50% with 92 violations.
    elapsed time = 00:00:00, memory = 2861.99 (MB).
    Completing 60% with 38 violations.
    elapsed time = 00:00:00, memory = 2861.99 (MB).
    Completing 70% with 38 violations.
    elapsed time = 00:00:00, memory = 2861.99 (MB).
    Completing 80% with 38 violations.
    elapsed time = 00:00:00, memory = 2861.99 (MB).
    Completing 90% with 38 violations.
    elapsed time = 00:00:02, memory = 2861.99 (MB).
    Completing 100% with 19 violations.
    elapsed time = 00:00:02, memory = 2861.99 (MB).
[INFO DRT-0199]   Number of violations = 19.
Viol/Layer        met1
Metal Spacing       19
[INFO DRT-0267] cpu time = 00:00:06, elapsed time = 00:00:02, memory = 2861.99 (MB), peak = 3888.47 (MB)
Total wire length = 693472 um.
Total wire length on LAYER li1 = 0 um.
Total wire length on LAYER met1 = 236202 um.
Total wire length on LAYER met2 = 283922 um.
Total wire length on LAYER met3 = 107214 um.
Total wire length on LAYER met4 = 64916 um.
Total wire length on LAYER met5 = 1216 um.
Total number of vias = 143956.
Up-via summary (total 143956):

-------------------------
 FR_MASTERSLICE         0
            li1     62219
           met1     69105
           met2      9805
           met3      2756
           met4        71
-------------------------
               143956


[INFO DRT-0195] Start 7th guides tiles iteration.
    Completing 20% with 19 violations.
    elapsed time = 00:00:00, memory = 2861.99 (MB).
    Completing 40% with 19 violations.
    elapsed time = 00:00:00, memory = 2861.99 (MB).
    Completing 60% with 9 violations.
    elapsed time = 00:00:00, memory = 2861.99 (MB).
    Completing 80% with 9 violations.
    elapsed time = 00:00:01, memory = 2861.99 (MB).
    Completing 100% with 0 violations.
    elapsed time = 00:00:01, memory = 2861.99 (MB).
[INFO DRT-0199]   Number of violations = 0.
[INFO DRT-0267] cpu time = 00:00:03, elapsed time = 00:00:01, memory = 2861.99 (MB), peak = 3888.47 (MB)
Total wire length = 693469 um.
Total wire length on LAYER li1 = 0 um.
Total wire length on LAYER met1 = 236203 um.
Total wire length on LAYER met2 = 283925 um.
Total wire length on LAYER met3 = 107208 um.
Total wire length on LAYER met4 = 64916 um.
Total wire length on LAYER met5 = 1216 um.
Total number of vias = 143959.
Up-via summary (total 143959):

-------------------------
 FR_MASTERSLICE         0
            li1     62219
           met1     69110
           met2      9803
           met3      2756
           met4        71
-------------------------
               143959


[INFO DRT-0198] Complete detail routing.
Total wire length = 693469 um.
Total wire length on LAYER li1 = 0 um.
Total wire length on LAYER met1 = 236203 um.
Total wire length on LAYER met2 = 283925 um.
Total wire length on LAYER met3 = 107208 um.
Total wire length on LAYER met4 = 64916 um.
Total wire length on LAYER met5 = 1216 um.
Total number of vias = 143959.
Up-via summary (total 143959):

-------------------------
 FR_MASTERSLICE         0
            li1     62219
           met1     69110
           met2      9803
           met3      2756
           met4        71
-------------------------
               143959


[INFO DRT-0267] cpu time = 00:51:23, elapsed time = 00:04:15, memory = 2861.99 (MB), peak = 3888.47 (MB)

[INFO DRT-0180] Post processing.
[INFO DRT-0501] Runtime: 270.72s
Took 271 seconds: detailed_route -output_drc /work/reports/sky130hd/m7_j0/p9p5/5_route_drc.rpt -output_maze /work/results/sky130hd/m7_j0/p9p5/maze.log -droute_end_iter 64 -verbose 1 -drc_report_iter_step 5
[INFO GRT-0012] Found 35 antenna violations.
[INFO DPL-0006] Core area: 271002.41 um^2
[INFO DPL-0007] Movable instances area: 2.50 um^2
[INFO DPL-0008] Fixed instances area within core: 168943.28 um^2
[INFO DPL-0009] Utilization: 62.3%
[INFO DPL-0005] Diamond search max displacement: +/- 500 sites horizontally, +/- 100 rows vertically.
[INFO DPL-1102] Legalizing using negotiation legalizer.
[INFO DPL-1103] Negotiation base search window: +/-20 sites horizontally, +/-5 rows vertically 
	Automatic search window extension enabled.
	Search window extendable up to the max displacement cap of +/-500 sites, +/-100 rows near walls.
[INFO DPL-1104] NegotiationLegalizer DRC penalty: 5.
[INFO DPL-0392] Negotiation cell height distribution (1 unique row-count(s)):
[INFO DPL-0393]   height 1 row(s): 21377 cells
          |      Total |  Illegal |  Illegal
Iteration | Violations |    Cells |    Sites
---------------------------------------------
        0 |          0 |         0 |         0
Negotiation phase 1 converged at iteration 0.
[INFO DPL-0500] Runtime: 0.05s
[INFO GRT-0015] Inserted 50 diodes.
[WARNING DRT-0120] Large net net36 has 131 pins which may impact routing performance. Consider optimization.
[WARNING DRT-0120] Large net net4361 has 147 pins which may impact routing performance. Consider optimization.
[WARNING DRT-0120] Large net net4367 has 133 pins which may impact routing performance. Consider optimization.
[WARNING DRT-0120] Large net net4365 has 133 pins which may impact routing performance. Consider optimization.
[WARNING DRT-0120] Large net net4372 has 120 pins which may impact routing performance. Consider optimization.
[WARNING DRT-0120] Large net net4371 has 137 pins which may impact routing performance. Consider optimization.
[WARNING DRT-0120] Large net net4370 has 157 pins which may impact routing performance. Consider optimization.
[WARNING DRT-0120] Large net net4363 has 153 pins which may impact routing performance. Consider optimization.
[INFO DRT-0024]   Complete FR_MASTERSLICE.
[INFO DRT-0024]   Complete Fr_VIA.
[INFO DRT-0024]   Complete li1.
[INFO DRT-0024]   Complete mcon.
[INFO DRT-0024]   Complete met1.
[INFO DRT-0024]   Complete via.
[INFO DRT-0024]   Complete met2.
[INFO DRT-0024]   Complete via2.
[INFO DRT-0024]   Complete met3.
[INFO DRT-0024]   Complete via3.
[INFO DRT-0024]   Complete met4.
[INFO DRT-0024]   Complete via4.
[INFO DRT-0024]   Complete met5.
[INFO DRT-0165] Start pin access.
[INFO DRT-0076]   Complete 1000 pins.
[INFO DRT-0076]   Complete 2000 pins.
[INFO DRT-0078]   Complete 2285 pins.
[INFO DRT-0079]   Complete 100 unique inst patterns.
[INFO DRT-0079]   Complete 200 unique inst patterns.
[INFO DRT-0081]   Complete 282 unique inst patterns.
[INFO DRT-0082]   Complete 10000 groups.
[INFO DRT-0084]   Complete 11186 groups.
#scanned instances     = 21377
#unique  instances     = 282
#stdCellGenAp          = 9048
#stdCellValidPlanarAp  = 77
#stdCellValidViaAp     = 6710
#stdCellPinNoAp        = 0
#stdCellPinCnt         = 63585
#instTermValidViaApCnt = 0
#macroGenAp            = 0
#macroValidPlanarAp    = 0
#macroValidViaAp       = 0
#macroNoAp             = 0
[INFO DRT-0166] Complete pin access.
[INFO DRT-0267] cpu time = 00:05:20, elapsed time = 00:00:12, memory = 2719.88 (MB), peak = 3888.47 (MB)
[INFO DRT-0156] guideIn read 100000 guides.

[INFO DRT-0157] Number of guides:     151201

[INFO DRT-0169] Post process guides.
[INFO DRT-0176] GCELLGRID X 0 DO 75 STEP 6900 ;
[INFO DRT-0177] GCELLGRID Y 0 DO 75 STEP 6900 ;
[INFO DRT-0026]   Complete 100000 origin guides.
[INFO DRT-0028]   Complete FR_MASTERSLICE.
[INFO DRT-0028]   Complete Fr_VIA.
[INFO DRT-0028]   Complete li1.
[INFO DRT-0028]   Complete mcon.
[INFO DRT-0028]   Complete met1.
[INFO DRT-0028]   Complete via.
[INFO DRT-0028]   Complete met2.
[INFO DRT-0028]   Complete via2.
[INFO DRT-0028]   Complete met3.
[INFO DRT-0028]   Complete via3.
[INFO DRT-0028]   Complete met4.
[INFO DRT-0028]   Complete via4.
[INFO DRT-0028]   Complete met5.
[INFO DRT-0178] Init guide query.
[INFO DRT-0035]   Complete FR_MASTERSLICE (guide).
[INFO DRT-0035]   Complete Fr_VIA (guide).
[INFO DRT-0035]   Complete li1 (guide).
[INFO DRT-0035]   Complete mcon (guide).
[INFO DRT-0035]   Complete met1 (guide).
[INFO DRT-0035]   Complete via (guide).
[INFO DRT-0035]   Complete met2 (guide).
[INFO DRT-0035]   Complete via2 (guide).
[INFO DRT-0035]   Complete met3 (guide).
[INFO DRT-0035]   Complete via3 (guide).
[INFO DRT-0035]   Complete met4 (guide).
[INFO DRT-0035]   Complete via4 (guide).
[INFO DRT-0035]   Complete met5 (guide).
[INFO DRT-0036] FR_MASTERSLICE guide region query size = 0.
[INFO DRT-0036] FR_VIA guide region query size = 0.
[INFO DRT-0036] li1 guide region query size = 49533.
[INFO DRT-0036] mcon guide region query size = 0.
[INFO DRT-0036] met1 guide region query size = 44081.
[INFO DRT-0036] via guide region query size = 0.
[INFO DRT-0036] met2 guide region query size = 23878.
[INFO DRT-0036] via2 guide region query size = 0.
[INFO DRT-0036] met3 guide region query size = 3636.
[INFO DRT-0036] via3 guide region query size = 0.
[INFO DRT-0036] met4 guide region query size = 1316.
[INFO DRT-0036] via4 guide region query size = 0.
[INFO DRT-0036] met5 guide region query size = 37.
[INFO DRT-0179] Init gr pin query.
[INFO DRT-0267] cpu time = 00:00:00, elapsed time = 00:00:00, memory = 2719.88 (MB), peak = 3888.47 (MB)
[INFO DRT-0245] skipped writing guide updates to database.
[INFO DRT-0181] Start track assignment.
[INFO DRT-0184] Done with 74727 vertical wires in 2 frboxes and 47754 horizontal wires in 2 frboxes.
[INFO DRT-0186] Done with 11858 vertical wires in 2 frboxes and 15968 horizontal wires in 2 frboxes.
[INFO DRT-0182] Complete track assignment.
[INFO DRT-0267] cpu time = 00:00:04, elapsed time = 00:00:03, memory = 2721.33 (MB), peak = 3888.47 (MB)
[INFO DRT-0187] Start routing data preparation.
[INFO DRT-0267] cpu time = 00:00:00, elapsed time = 00:00:00, memory = 2721.33 (MB), peak = 3888.47 (MB)
[INFO DRT-0194] Start detail routing.
[INFO DRT-0195] Start 0th optimization iteration.
    Completing 10% with 0 violations.
    elapsed time = 00:00:01, memory = 3074.21 (MB).
    Completing 20% with 0 violations.
    elapsed time = 00:00:02, memory = 3009.39 (MB).
    Completing 30% with 1094 violations.
    elapsed time = 00:00:04, memory = 3758.38 (MB).
    Completing 40% with 1094 violations.
    elapsed time = 00:00:05, memory = 3473.38 (MB).
    Completing 50% with 1094 violations.
    elapsed time = 00:00:07, memory = 3010.40 (MB).
    Completing 60% with 2191 violations.
    elapsed time = 00:00:09, memory = 3530.77 (MB).
    Completing 70% with 2191 violations.
    elapsed time = 00:00:10, memory = 3166.90 (MB).
    Completing 80% with 2990 violations.
    elapsed time = 00:00:12, memory = 3757.28 (MB).
    Completing 90% with 2990 violations.
    elapsed time = 00:00:13, memory = 3283.22 (MB).
    Completing 100% with 3705 violations.
    elapsed time = 00:00:17, memory = 2787.96 (MB).
[INFO DRT-0199]   Number of violations = 4208.
Viol/Layer        mcon   met1    via   met2   met3   met4
Cut Spacing          2      0      1      0      0      0
Metal Spacing        0    250      0    241     18      7
Min Hole             0      1      0      0      0      0
Recheck              0    287      0    172     36      8
Short                1   2059      1   1013     87     24
[INFO DRT-0267] cpu time = 00:03:12, elapsed time = 00:00:17, memory = 2920.26 (MB), peak = 3888.47 (MB)
Total wire length = 695107 um.
Total wire length on LAYER li1 = 0 um.
Total wire length on LAYER met1 = 242493 um.
Total wire length on LAYER met2 = 286584 um.
Total wire length on LAYER met3 = 102209 um.
Total wire length on LAYER met4 = 62706 um.
Total wire length on LAYER met5 = 1113 um.
Total number of vias = 144008.
Up-via summary (total 144008):

-------------------------
 FR_MASTERSLICE         0
            li1     62293
           met1     69664
           met2      9374
           met3      2622
           met4        55
-------------------------
               144008


[INFO DRT-0195] Start 1st optimization iteration.
    Completing 10% with 4208 violations.
    elapsed time = 00:00:00, memory = 3796.71 (MB).
    Completing 20% with 4208 violations.
    elapsed time = 00:00:01, memory = 3430.74 (MB).
    Completing 30% with 3430 violations.
    elapsed time = 00:00:05, memory = 3900.19 (MB).
    Completing 40% with 3430 violations.
    elapsed time = 00:00:06, memory = 3552.07 (MB).
    Completing 50% with 3430 violations.
    elapsed time = 00:00:07, memory = 3142.27 (MB).
    Completing 60% with 2793 violations.
    elapsed time = 00:00:09, memory = 3834.07 (MB).
    Completing 70% with 2793 violations.
    elapsed time = 00:00:10, memory = 3393.17 (MB).
    Completing 80% with 2129 violations.
    elapsed time = 00:00:13, memory = 3810.70 (MB).
    Completing 90% with 2129 violations.
    elapsed time = 00:00:14, memory = 3377.54 (MB).
    Completing 100% with 1632 violations.
    elapsed time = 00:00:16, memory = 2924.47 (MB).
[INFO DRT-0199]   Number of violations = 1632.
Viol/Layer        mcon   met1   met2   met3   met4
Cut Spacing          1      0      0      0      0
Metal Spacing        0    141     71     10      0
Short                0   1071    316     21      1
[INFO DRT-0267] cpu time = 00:02:39, elapsed time = 00:00:16, memory = 2924.47 (MB), peak = 3910.94 (MB)
Total wire length = 694334 um.
Total wire length on LAYER li1 = 0 um.
Total wire length on LAYER met1 = 241893 um.
Total wire length on LAYER met2 = 286106 um.
Total wire length on LAYER met3 = 102398 um.
Total wire length on LAYER met4 = 62810 um.
Total wire length on LAYER met5 = 1126 um.
Total number of vias = 143885.
Up-via summary (total 143885):

-------------------------
 FR_MASTERSLICE         0
            li1     62284
           met1     69522
           met2      9401
           met3      2621
           met4        57
-------------------------
               143885


[INFO DRT-0195] Start 2nd optimization iteration.
    Completing 10% with 1632 violations.
    elapsed time = 00:00:00, memory = 2924.47 (MB).
    Completing 20% with 1632 violations.
    elapsed time = 00:00:01, memory = 3271.65 (MB).
    Completing 30% with 1576 violations.
    elapsed time = 00:00:05, memory = 2924.47 (MB).
    Completing 40% with 1576 violations.
    elapsed time = 00:00:05, memory = 3404.81 (MB).
    Completing 50% with 1576 violations.
    elapsed time = 00:00:07, memory = 2924.47 (MB).
    Completing 60% with 1543 violations.
    elapsed time = 00:00:07, memory = 2924.47 (MB).
    Completing 70% with 1543 violations.
    elapsed time = 00:00:09, memory = 3235.39 (MB).
    Completing 80% with 1496 violations.
    elapsed time = 00:00:12, memory = 2924.47 (MB).
    Completing 90% with 1496 violations.
    elapsed time = 00:00:12, memory = 3481.06 (MB).
    Completing 100% with 1423 violations.
    elapsed time = 00:00:15, memory = 2924.47 (MB).
[INFO DRT-0199]   Number of violations = 1423.
Viol/Layer        met1   met2   met3   met4
Metal Spacing      149     73     10      0
Short              894    275     20      2
[INFO DRT-0267] cpu time = 00:01:46, elapsed time = 00:00:15, memory = 2927.47 (MB), peak = 3910.94 (MB)
Total wire length = 694050 um.
Total wire length on LAYER li1 = 0 um.
Total wire length on LAYER met1 = 241767 um.
Total wire length on LAYER met2 = 285957 um.
Total wire length on LAYER met3 = 102365 um.
Total wire length on LAYER met4 = 62827 um.
Total wire length on LAYER met5 = 1132 um.
Total number of vias = 143753.
Up-via summary (total 143753):

-------------------------
 FR_MASTERSLICE         0
            li1     62293
           met1     69415
           met2      9373
           met3      2615
           met4        57
-------------------------
               143753


[INFO DRT-0195] Start 3rd optimization iteration.
    Completing 10% with 1423 violations.
    elapsed time = 00:00:00, memory = 3616.42 (MB).
    Completing 20% with 1423 violations.
    elapsed time = 00:00:01, memory = 3261.71 (MB).
    Completing 30% with 1116 violations.
    elapsed time = 00:00:07, memory = 2950.11 (MB).
    Completing 40% with 1116 violations.
    elapsed time = 00:00:07, memory = 3584.68 (MB).
    Completing 50% with 1116 violations.
    elapsed time = 00:00:10, memory = 3186.20 (MB).
    Completing 60% with 789 violations.
    elapsed time = 00:00:18, memory = 2950.11 (MB).
    Completing 70% with 789 violations.
    elapsed time = 00:00:19, memory = 3384.53 (MB).
    Completing 80% with 586 violations.
    elapsed time = 00:00:29, memory = 2950.11 (MB).
    Completing 90% with 586 violations.
    elapsed time = 00:00:29, memory = 3419.11 (MB).
    Completing 100% with 352 violations.
    elapsed time = 00:00:35, memory = 2952.00 (MB).
[INFO DRT-0199]   Number of violations = 352.
Viol/Layer        mcon   met1   met2   met3
Cut Spacing          1      0      0      0
Metal Spacing        0     55     33      6
Short                0    201     55      1
[INFO DRT-0267] cpu time = 00:02:51, elapsed time = 00:00:35, memory = 2952.00 (MB), peak = 3910.94 (MB)
Total wire length = 693952 um.
Total wire length on LAYER li1 = 0 um.
Total wire length on LAYER met1 = 238012 um.
Total wire length on LAYER met2 = 284671 um.
Total wire length on LAYER met3 = 105977 um.
Total wire length on LAYER met4 = 64170 um.
Total wire length on LAYER met5 = 1120 um.
Total number of vias = 144494.
Up-via summary (total 144494):

-------------------------
 FR_MASTERSLICE         0
            li1     62289
           met1     69496
           met2      9916
           met3      2738
           met4        55
-------------------------
               144494


[INFO DRT-0195] Start 4th optimization iteration.
    Completing 10% with 352 violations.
    elapsed time = 00:00:00, memory = 2952.00 (MB).
    Completing 20% with 352 violations.
    elapsed time = 00:00:00, memory = 2952.00 (MB).
    Completing 30% with 276 violations.
    elapsed time = 00:00:04, memory = 2952.00 (MB).
    Completing 40% with 276 violations.
    elapsed time = 00:00:04, memory = 2952.00 (MB).
    Completing 50% with 276 violations.
    elapsed time = 00:00:04, memory = 3111.78 (MB).
    Completing 60% with 251 violations.
    elapsed time = 00:00:05, memory = 2952.00 (MB).
    Completing 70% with 251 violations.
    elapsed time = 00:00:05, memory = 2952.00 (MB).
    Completing 80% with 161 violations.
    elapsed time = 00:00:09, memory = 2952.00 (MB).
    Completing 90% with 161 violations.
    elapsed time = 00:00:09, memory = 2952.00 (MB).
    Completing 100% with 112 violations.
    elapsed time = 00:00:14, memory = 2952.00 (MB).
[INFO DRT-0199]   Number of violations = 112.
Viol/Layer        met1   met2   met3
Metal Spacing       12      6      3
Short               60     31      0
[INFO DRT-0267] cpu time = 00:00:40, elapsed time = 00:00:14, memory = 2952.00 (MB), peak = 3910.94 (MB)
Total wire length = 693984 um.
Total wire length on LAYER li1 = 0 um.
Total wire length on LAYER met1 = 237635 um.
Total wire length on LAYER met2 = 284455 um.
Total wire length on LAYER met3 = 106383 um.
Total wire length on LAYER met4 = 64389 um.
Total wire length on LAYER met5 = 1120 um.
Total number of vias = 144530.
Up-via summary (total 144530):

-------------------------
 FR_MASTERSLICE         0
            li1     62290
           met1     69480
           met2      9954
           met3      2751
           met4        55
-------------------------
               144530


[INFO DRT-0195] Start 5th optimization iteration.
    Completing 10% with 112 violations.
    elapsed time = 00:00:00, memory = 2952.00 (MB).
    Completing 20% with 112 violations.
    elapsed time = 00:00:00, memory = 2952.00 (MB).
    Completing 30% with 112 violations.
    elapsed time = 00:00:02, memory = 2952.00 (MB).
    Completing 40% with 112 violations.
    elapsed time = 00:00:02, memory = 2952.00 (MB).
    Completing 50% with 112 violations.
    elapsed time = 00:00:02, memory = 2952.00 (MB).
    Completing 60% with 110 violations.
    elapsed time = 00:00:03, memory = 2952.00 (MB).
    Completing 70% with 110 violations.
    elapsed time = 00:00:03, memory = 2952.00 (MB).
    Completing 80% with 38 violations.
    elapsed time = 00:00:05, memory = 2952.00 (MB).
    Completing 90% with 38 violations.
    elapsed time = 00:00:05, memory = 2952.00 (MB).
    Completing 100% with 21 violations.
    elapsed time = 00:00:06, memory = 2952.00 (MB).
[INFO DRT-0199]   Number of violations = 21.
Viol/Layer        met1   met2
Metal Spacing        6      1
Short               13      1
[INFO DRT-0267] cpu time = 00:00:13, elapsed time = 00:00:06, memory = 2952.00 (MB), peak = 3910.94 (MB)
Total wire length = 693981 um.
Total wire length on LAYER li1 = 0 um.
Total wire length on LAYER met1 = 237513 um.
Total wire length on LAYER met2 = 284407 um.
Total wire length on LAYER met3 = 106494 um.
Total wire length on LAYER met4 = 64445 um.
Total wire length on LAYER met5 = 1120 um.
Total number of vias = 144528.
Up-via summary (total 144528):

-------------------------
 FR_MASTERSLICE         0
            li1     62290
           met1     69462
           met2      9969
           met3      2752
           met4        55
-------------------------
               144528


[INFO DRT-0195] Start 6th guides tiles iteration.
    Completing 10% with 21 violations.
    elapsed time = 00:00:00, memory = 2952.00 (MB).
    Completing 20% with 21 violations.
    elapsed time = 00:00:00, memory = 2952.00 (MB).
    Completing 30% with 21 violations.
    elapsed time = 00:00:00, memory = 2952.00 (MB).
    Completing 40% with 21 violations.
    elapsed time = 00:00:00, memory = 2952.00 (MB).
    Completing 50% with 21 violations.
    elapsed time = 00:00:00, memory = 2952.00 (MB).
    Completing 60% with 12 violations.
    elapsed time = 00:00:00, memory = 2952.00 (MB).
    Completing 70% with 12 violations.
    elapsed time = 00:00:00, memory = 2952.00 (MB).
    Completing 80% with 12 violations.
    elapsed time = 00:00:00, memory = 2952.00 (MB).
    Completing 100% with 1 violations.
    elapsed time = 00:00:00, memory = 2952.00 (MB).
[INFO DRT-0199]   Number of violations = 1.
Viol/Layer        met1
Short                1
[INFO DRT-0267] cpu time = 00:00:02, elapsed time = 00:00:00, memory = 2952.00 (MB), peak = 3910.94 (MB)
Total wire length = 693984 um.
Total wire length on LAYER li1 = 0 um.
Total wire length on LAYER met1 = 237499 um.
Total wire length on LAYER met2 = 284405 um.
Total wire length on LAYER met3 = 106514 um.
Total wire length on LAYER met4 = 64445 um.
Total wire length on LAYER met5 = 1120 um.
Total number of vias = 144532.
Up-via summary (total 144532):

-------------------------
 FR_MASTERSLICE         0
            li1     62290
           met1     69466
           met2      9969
           met3      2752
           met4        55
-------------------------
               144532


[INFO DRT-0195] Start 7th guides tiles iteration.
    Completing 100% with 1 violations.
    elapsed time = 00:00:00, memory = 2952.00 (MB).
[INFO DRT-0199]   Number of violations = 1.
Viol/Layer        met1
Short                1
[INFO DRT-0267] cpu time = 00:00:00, elapsed time = 00:00:00, memory = 2952.00 (MB), peak = 3910.94 (MB)
Total wire length = 693983 um.
Total wire length on LAYER li1 = 0 um.
Total wire length on LAYER met1 = 237498 um.
Total wire length on LAYER met2 = 284405 um.
Total wire length on LAYER met3 = 106514 um.
Total wire length on LAYER met4 = 64445 um.
Total wire length on LAYER met5 = 1120 um.
Total number of vias = 144532.
Up-via summary (total 144532):

-------------------------
 FR_MASTERSLICE         0
            li1     62290
           met1     69466
           met2      9969
           met3      2752
           met4        55
-------------------------
               144532


[INFO DRT-0195] Start 8th stubborn tiles iteration.
    Completing 10% with 1 violations.
    elapsed time = 00:00:00, memory = 4349.63 (MB).
    Completing 20% with 1 violations.
    elapsed time = 00:00:00, memory = 4305.20 (MB).
    Completing 30% with 1 violations.
    elapsed time = 00:00:00, memory = 4223.09 (MB).
    Completing 40% with 1 violations.
    elapsed time = 00:00:00, memory = 4165.71 (MB).
    Completing 50% with 1 violations.
    elapsed time = 00:00:00, memory = 3943.46 (MB).
    Completing 60% with 1 violations.
    elapsed time = 00:00:01, memory = 3753.81 (MB).
    Completing 70% with 1 violations.
    elapsed time = 00:00:01, memory = 3522.13 (MB).
    Completing 80% with 1 violations.
    elapsed time = 00:00:01, memory = 3338.23 (MB).
    Completing 90% with 1 violations.
    elapsed time = 00:00:04, memory = 3163.46 (MB).
    Completing 100% with 0 violations.
    elapsed time = 00:00:08, memory = 2952.00 (MB).
[INFO DRT-0199]   Number of violations = 0.
[INFO DRT-0267] cpu time = 00:00:55, elapsed time = 00:00:08, memory = 2952.00 (MB), peak = 4417.42 (MB)
Total wire length = 693982 um.
Total wire length on LAYER li1 = 0 um.
Total wire length on LAYER met1 = 237497 um.
Total wire length on LAYER met2 = 284405 um.
Total wire length on LAYER met3 = 106514 um.
Total wire length on LAYER met4 = 64445 um.
Total wire length on LAYER met5 = 1120 um.
Total number of vias = 144534.
Up-via summary (total 144534):

-------------------------
 FR_MASTERSLICE         0
            li1     62290
           met1     69468
           met2      9969
           met3      2752
           met4        55
-------------------------
               144534


[INFO DRT-0198] Complete detail routing.
Total wire length = 693982 um.
Total wire length on LAYER li1 = 0 um.
Total wire length on LAYER met1 = 237497 um.
Total wire length on LAYER met2 = 284405 um.
Total wire length on LAYER met3 = 106514 um.
Total wire length on LAYER met4 = 64445 um.
Total wire length on LAYER met5 = 1120 um.
Total number of vias = 144534.
Up-via summary (total 144534):

-------------------------
 FR_MASTERSLICE         0
            li1     62290
           met1     69468
           met2      9969
           met3      2752
           met4        55
-------------------------
               144534


[INFO DRT-0267] cpu time = 00:12:22, elapsed time = 00:01:55, memory = 2952.00 (MB), peak = 4417.42 (MB)

[INFO DRT-0180] Post processing.
[INFO DRT-0501] Runtime: 130.77s
[INFO ANT-0002] Found 6 net violations.
[INFO ANT-0001] Found 6 pin violations.
[INFO GRT-0012] Found 6 antenna violations.
[INFO DPL-0006] Core area: 271002.41 um^2
[INFO DPL-0007] Movable instances area: 0.00 um^2
[INFO DPL-0008] Fixed instances area within core: 168960.80 um^2
[INFO DPL-0009] Utilization: 62.3%
[INFO DPL-0005] Diamond search max displacement: +/- 500 sites horizontally, +/- 100 rows vertically.
[INFO DPL-1102] Legalizing using negotiation legalizer.
[INFO DPL-1103] Negotiation base search window: +/-20 sites horizontally, +/-5 rows vertically 
	Automatic search window extension enabled.
	Search window extendable up to the max displacement cap of +/-500 sites, +/-100 rows near walls.
[INFO DPL-1104] NegotiationLegalizer DRC penalty: 5.
[INFO DPL-0392] Negotiation cell height distribution (1 unique row-count(s)):
[INFO DPL-0393]   height 1 row(s): 21383 cells
[INFO DPL-0500] Runtime: 0.05s
[INFO GRT-0015] Inserted 6 diodes.
[WARNING DRT-0120] Large net net36 has 131 pins which may impact routing performance. Consider optimization.
[WARNING DRT-0120] Large net net4361 has 147 pins which may impact routing performance. Consider optimization.
[WARNING DRT-0120] Large net net4367 has 133 pins which may impact routing performance. Consider optimization.
[WARNING DRT-0120] Large net net4365 has 133 pins which may impact routing performance. Consider optimization.
[WARNING DRT-0120] Large net net4372 has 120 pins which may impact routing performance. Consider optimization.
[WARNING DRT-0120] Large net net4371 has 137 pins which may impact routing performance. Consider optimization.
[WARNING DRT-0120] Large net net4370 has 157 pins which may impact routing performance. Consider optimization.
[WARNING DRT-0120] Large net net4363 has 153 pins which may impact routing performance. Consider optimization.
[INFO DRT-0024]   Complete FR_MASTERSLICE.
[INFO DRT-0024]   Complete Fr_VIA.
[INFO DRT-0024]   Complete li1.
[INFO DRT-0024]   Complete mcon.
[INFO DRT-0024]   Complete met1.
[INFO DRT-0024]   Complete via.
[INFO DRT-0024]   Complete met2.
[INFO DRT-0024]   Complete via2.
[INFO DRT-0024]   Complete met3.
[INFO DRT-0024]   Complete via3.
[INFO DRT-0024]   Complete met4.
[INFO DRT-0024]   Complete via4.
[INFO DRT-0024]   Complete met5.
[INFO DRT-0165] Start pin access.
[INFO DRT-0076]   Complete 1000 pins.
[INFO DRT-0076]   Complete 2000 pins.
[INFO DRT-0078]   Complete 2285 pins.
[INFO DRT-0079]   Complete 100 unique inst patterns.
[INFO DRT-0079]   Complete 200 unique inst patterns.
[INFO DRT-0081]   Complete 282 unique inst patterns.
[INFO DRT-0082]   Complete 10000 groups.
[INFO DRT-0084]   Complete 11186 groups.
#scanned instances     = 21383
#unique  instances     = 282
#stdCellGenAp          = 9048
#stdCellValidPlanarAp  = 77
#stdCellValidViaAp     = 6710
#stdCellPinNoAp        = 0
#stdCellPinCnt         = 63585
#instTermValidViaApCnt = 0
#macroGenAp            = 0
#macroValidPlanarAp    = 0
#macroValidViaAp       = 0
#macroNoAp             = 0
[INFO DRT-0166] Complete pin access.
[INFO DRT-0267] cpu time = 00:05:21, elapsed time = 00:00:12, memory = 2952.02 (MB), peak = 4417.42 (MB)
[INFO DRT-0156] guideIn read 100000 guides.

[INFO DRT-0157] Number of guides:     151204

[INFO DRT-0169] Post process guides.
[INFO DRT-0176] GCELLGRID X 0 DO 75 STEP 6900 ;
[INFO DRT-0177] GCELLGRID Y 0 DO 75 STEP 6900 ;
[INFO DRT-0026]   Complete 100000 origin guides.
[INFO DRT-0028]   Complete FR_MASTERSLICE.
[INFO DRT-0028]   Complete Fr_VIA.
[INFO DRT-0028]   Complete li1.
[INFO DRT-0028]   Complete mcon.
[INFO DRT-0028]   Complete met1.
[INFO DRT-0028]   Complete via.
[INFO DRT-0028]   Complete met2.
[INFO DRT-0028]   Complete via2.
[INFO DRT-0028]   Complete met3.
[INFO DRT-0028]   Complete via3.
[INFO DRT-0028]   Complete met4.
[INFO DRT-0028]   Complete via4.
[INFO DRT-0028]   Complete met5.
[INFO DRT-0178] Init guide query.
[INFO DRT-0035]   Complete FR_MASTERSLICE (guide).
[INFO DRT-0035]   Complete Fr_VIA (guide).
[INFO DRT-0035]   Complete li1 (guide).
[INFO DRT-0035]   Complete mcon (guide).
[INFO DRT-0035]   Complete met1 (guide).
[INFO DRT-0035]   Complete via (guide).
[INFO DRT-0035]   Complete met2 (guide).
[INFO DRT-0035]   Complete via2 (guide).
[INFO DRT-0035]   Complete met3 (guide).
[INFO DRT-0035]   Complete via3 (guide).
[INFO DRT-0035]   Complete met4 (guide).
[INFO DRT-0035]   Complete via4 (guide).
[INFO DRT-0035]   Complete met5 (guide).
[INFO DRT-0036] FR_MASTERSLICE guide region query size = 0.
[INFO DRT-0036] FR_VIA guide region query size = 0.
[INFO DRT-0036] li1 guide region query size = 49535.
[INFO DRT-0036] mcon guide region query size = 0.
[INFO DRT-0036] met1 guide region query size = 44083.
[INFO DRT-0036] via guide region query size = 0.
[INFO DRT-0036] met2 guide region query size = 23883.
[INFO DRT-0036] via2 guide region query size = 0.
[INFO DRT-0036] met3 guide region query size = 3636.
[INFO DRT-0036] via3 guide region query size = 0.
[INFO DRT-0036] met4 guide region query size = 1314.
[INFO DRT-0036] via4 guide region query size = 0.
[INFO DRT-0036] met5 guide region query size = 37.
[INFO DRT-0179] Init gr pin query.
[INFO DRT-0267] cpu time = 00:00:00, elapsed time = 00:00:00, memory = 2952.02 (MB), peak = 4417.42 (MB)
[INFO DRT-0245] skipped writing guide updates to database.
[INFO DRT-0181] Start track assignment.
[INFO DRT-0184] Done with 74732 vertical wires in 2 frboxes and 47756 horizontal wires in 2 frboxes.
[INFO DRT-0186] Done with 11889 vertical wires in 2 frboxes and 16088 horizontal wires in 2 frboxes.
[INFO DRT-0182] Complete track assignment.
[INFO DRT-0267] cpu time = 00:00:04, elapsed time = 00:00:03, memory = 2997.56 (MB), peak = 4417.42 (MB)
[INFO DRT-0187] Start routing data preparation.
[INFO DRT-0267] cpu time = 00:00:00, elapsed time = 00:00:00, memory = 2997.56 (MB), peak = 4417.42 (MB)
[INFO DRT-0194] Start detail routing.
[INFO DRT-0195] Start 0th optimization iteration.
    Completing 10% with 0 violations.
    elapsed time = 00:00:00, memory = 3719.50 (MB).
    Completing 20% with 0 violations.
    elapsed time = 00:00:00, memory = 3401.11 (MB).
    Completing 30% with 106 violations.
    elapsed time = 00:00:01, memory = 3981.57 (MB).
    Completing 40% with 106 violations.
    elapsed time = 00:00:02, memory = 3713.59 (MB).
    Completing 50% with 106 violations.
    elapsed time = 00:00:02, memory = 3205.22 (MB).
    Completing 60% with 282 violations.
    elapsed time = 00:00:03, memory = 3802.16 (MB).
    Completing 70% with 282 violations.
    elapsed time = 00:00:04, memory = 3371.98 (MB).
    Completing 80% with 386 violations.
    elapsed time = 00:00:05, memory = 3969.40 (MB).
    Completing 90% with 386 violations.
    elapsed time = 00:00:05, memory = 3468.50 (MB).
    Completing 100% with 531 violations.
    elapsed time = 00:00:06, memory = 2998.21 (MB).
[INFO DRT-0199]   Number of violations = 581.
Viol/Layer        met1   met2   met3   met4
Metal Spacing       46     44      9      5
Min Hole             1      0      0      0
Recheck             18     25      3      4
Short              252    149     11     14
[INFO DRT-0267] cpu time = 00:01:45, elapsed time = 00:00:07, memory = 2998.21 (MB), peak = 4417.42 (MB)
Total wire length = 694236 um.
Total wire length on LAYER li1 = 0 um.
Total wire length on LAYER met1 = 238027 um.
Total wire length on LAYER met2 = 284847 um.
Total wire length on LAYER met3 = 106218 um.
Total wire length on LAYER met4 = 64022 um.
Total wire length on LAYER met5 = 1120 um.
Total number of vias = 144441.
Up-via summary (total 144441):

-------------------------
 FR_MASTERSLICE         0
            li1     62296
           met1     69467
           met2      9905
           met3      2718
           met4        55
-------------------------
               144441


[INFO DRT-0195] Start 1st optimization iteration.
    Completing 10% with 581 violations.
    elapsed time = 00:00:00, memory = 3872.55 (MB).
    Completing 20% with 581 violations.
    elapsed time = 00:00:00, memory = 3478.30 (MB).
    Completing 30% with 476 violations.
    elapsed time = 00:00:01, memory = 4076.23 (MB).
    Completing 40% with 476 violations.
    elapsed time = 00:00:02, memory = 3742.62 (MB).
    Completing 50% with 476 violations.
    elapsed time = 00:00:02, memory = 3234.12 (MB).
    Completing 60% with 395 violations.
    elapsed time = 00:00:03, memory = 3895.07 (MB).
    Completing 70% with 395 violations.
    elapsed time = 00:00:04, memory = 3473.39 (MB).
    Completing 80% with 303 violations.
    elapsed time = 00:00:05, memory = 3982.39 (MB).
    Completing 90% with 303 violations.
    elapsed time = 00:00:05, memory = 3548.80 (MB).
    Completing 100% with 212 violations.
    elapsed time = 00:00:06, memory = 3023.49 (MB).
[INFO DRT-0199]   Number of violations = 212.
Viol/Layer        met1   met2   met3   met4
Metal Spacing       18     23      9      2
Short               97     54      6      3
[INFO DRT-0267] cpu time = 00:01:40, elapsed time = 00:00:06, memory = 3023.49 (MB), peak = 4417.42 (MB)
Total wire length = 694057 um.
Total wire length on LAYER li1 = 0 um.
Total wire length on LAYER met1 = 237911 um.
Total wire length on LAYER met2 = 284773 um.
Total wire length on LAYER met3 = 106222 um.
Total wire length on LAYER met4 = 64029 um.
Total wire length on LAYER met5 = 1120 um.
Total number of vias = 144413.
Up-via summary (total 144413):

-------------------------
 FR_MASTERSLICE         0
            li1     62297
           met1     69438
           met2      9906
           met3      2717
           met4        55
-------------------------
               144413


[INFO DRT-0195] Start 2nd optimization iteration.
    Completing 10% with 212 violations.
    elapsed time = 00:00:00, memory = 3023.49 (MB).
    Completing 20% with 212 violations.
    elapsed time = 00:00:00, memory = 3322.68 (MB).
    Completing 30% with 202 violations.
    elapsed time = 00:00:00, memory = 3023.49 (MB).
    Completing 40% with 202 violations.
    elapsed time = 00:00:00, memory = 3023.49 (MB).
    Completing 50% with 202 violations.
    elapsed time = 00:00:01, memory = 3023.49 (MB).
    Completing 60% with 182 violations.
    elapsed time = 00:00:01, memory = 3023.49 (MB).
    Completing 70% with 182 violations.
    elapsed time = 00:00:02, memory = 3323.71 (MB).
    Completing 80% with 169 violations.
    elapsed time = 00:00:03, memory = 3023.49 (MB).
    Completing 90% with 169 violations.
    elapsed time = 00:00:03, memory = 3023.49 (MB).
    Completing 100% with 167 violations.
    elapsed time = 00:00:04, memory = 3023.49 (MB).
[INFO DRT-0199]   Number of violations = 167.
Viol/Layer        met1   met2   met3   met4
Metal Spacing       10     15      2      3
Short               91     35      8      3
[INFO DRT-0267] cpu time = 00:00:23, elapsed time = 00:00:04, memory = 3023.49 (MB), peak = 4417.42 (MB)
Total wire length = 694055 um.
Total wire length on LAYER li1 = 0 um.
Total wire length on LAYER met1 = 237921 um.
Total wire length on LAYER met2 = 284760 um.
Total wire length on LAYER met3 = 106215 um.
Total wire length on LAYER met4 = 64038 um.
Total wire length on LAYER met5 = 1120 um.
Total number of vias = 144430.
Up-via summary (total 144430):

-------------------------
 FR_MASTERSLICE         0
            li1     62297
           met1     69450
           met2      9907
           met3      2721
           met4        55
-------------------------
               144430


[INFO DRT-0195] Start 3rd optimization iteration.
    Completing 10% with 167 violations.
    elapsed time = 00:00:00, memory = 3023.49 (MB).
    Completing 20% with 167 violations.
    elapsed time = 00:00:00, memory = 3023.49 (MB).
    Completing 30% with 136 violations.
    elapsed time = 00:00:01, memory = 3023.49 (MB).
    Completing 40% with 136 violations.
    elapsed time = 00:00:01, memory = 3023.49 (MB).
    Completing 50% with 136 violations.
    elapsed time = 00:00:02, memory = 3229.73 (MB).
    Completing 60% with 76 violations.
    elapsed time = 00:00:03, memory = 3023.49 (MB).
    Completing 70% with 76 violations.
    elapsed time = 00:00:03, memory = 3023.49 (MB).
    Completing 80% with 55 violations.
    elapsed time = 00:00:07, memory = 3024.45 (MB).
    Completing 90% with 55 violations.
    elapsed time = 00:00:07, memory = 3024.45 (MB).
    Completing 100% with 18 violations.
    elapsed time = 00:00:09, memory = 3024.45 (MB).
[INFO DRT-0199]   Number of violations = 18.
Viol/Layer        met1
Short               18
[INFO DRT-0267] cpu time = 00:00:31, elapsed time = 00:00:09, memory = 3024.45 (MB), peak = 4417.42 (MB)
Total wire length = 693997 um.
Total wire length on LAYER li1 = 0 um.
Total wire length on LAYER met1 = 237737 um.
Total wire length on LAYER met2 = 284507 um.
Total wire length on LAYER met3 = 106326 um.
Total wire length on LAYER met4 = 64306 um.
Total wire length on LAYER met5 = 1120 um.
Total number of vias = 144522.
Up-via summary (total 144522):

-------------------------
 FR_MASTERSLICE         0
            li1     62297
           met1     69481
           met2      9951
           met3      2738
           met4        55
-------------------------
               144522


[INFO DRT-0195] Start 4th guides tiles iteration.
    Completing 10% with 18 violations.
    elapsed time = 00:00:00, memory = 3024.45 (MB).
    Completing 30% with 18 violations.
    elapsed time = 00:00:00, memory = 3024.45 (MB).
    Completing 50% with 18 violations.
    elapsed time = 00:00:00, memory = 3024.45 (MB).
    Completing 60% with 18 violations.
    elapsed time = 00:00:00, memory = 3024.45 (MB).
    Completing 80% with 0 violations.
    elapsed time = 00:00:00, memory = 3024.45 (MB).
    Completing 100% with 0 violations.
    elapsed time = 00:00:00, memory = 3024.45 (MB).
[INFO DRT-0199]   Number of violations = 0.
[INFO DRT-0267] cpu time = 00:00:01, elapsed time = 00:00:00, memory = 3024.45 (MB), peak = 4417.42 (MB)
Total wire length = 693993 um.
Total wire length on LAYER li1 = 0 um.
Total wire length on LAYER met1 = 237683 um.
Total wire length on LAYER met2 = 284504 um.
Total wire length on LAYER met3 = 106378 um.
Total wire length on LAYER met4 = 64306 um.
Total wire length on LAYER met5 = 1120 um.
Total number of vias = 144537.
Up-via summary (total 144537):

-------------------------
 FR_MASTERSLICE         0
            li1     62297
           met1     69487
           met2      9960
           met3      2738
           met4        55
-------------------------
               144537


[INFO DRT-0198] Complete detail routing.
Total wire length = 693993 um.
Total wire length on LAYER li1 = 0 um.
Total wire length on LAYER met1 = 237683 um.
Total wire length on LAYER met2 = 284504 um.
Total wire length on LAYER met3 = 106378 um.
Total wire length on LAYER met4 = 64306 um.
Total wire length on LAYER met5 = 1120 um.
Total number of vias = 144537.
Up-via summary (total 144537):

-------------------------
 FR_MASTERSLICE         0
            li1     62297
           met1     69487
           met2      9960
           met3      2738
           met4        55
-------------------------
               144537


[INFO DRT-0267] cpu time = 00:04:23, elapsed time = 00:00:28, memory = 3024.45 (MB), peak = 4417.42 (MB)

[INFO DRT-0180] Post processing.
[INFO DRT-0501] Runtime: 44.10s
[INFO ANT-0002] Found 0 net violations.
[INFO ANT-0001] Found 0 pin violations.
[INFO ANT-0002] Found 0 net violations.
[INFO ANT-0001] Found 0 pin violations.
Design area 168961 um^2 62% utilization.
write_db /work/results/sky130hd/m7_j0/p9p5/5_2_route.odb
Elapsed time: 7:33.88[h:]min:sec. CPU time: user 5150.27 sys 26.82 (1140%). Peak memory: 4523440KB.
Log                       Ext     Elapsed/s Peak Memory/MB sha1sum result [0:20)
5_2_route                 .odb          453           4417 d35c362f695ae508527d
/OpenROAD-flow-scripts/flow/scripts/flow.sh 5_3_fillcell fillcell
Running fillcell.tcl, stage 5_3_fillcell
read_liberty /OpenROAD-flow-scripts/flow/platforms/sky130hd/lib/sky130_fd_sc_hd__tt_025C_1v80.lib
read_db -hier /work/results/sky130hd/m7_j0/p9p5/5_2_route.odb
[WARNING ORD-0012] Hierarchical flow (-hier) is currently in development and may cause multiple issues. Do not use in production environments.
read_sdc /work/results/sky130hd/m7_j0/p9p5/5_1_grt.sdc
source /OpenROAD-flow-scripts/flow/platforms/sky130hd/setRC.tcl
[WARNING STA-0450] virtual clock vclk_core_clock can not be propagated.
filler_placement "sky130_fd_sc_hd__fill_1 sky130_fd_sc_hd__fill_2 sky130_fd_sc_hd__fill_4 sky130_fd_sc_hd__fill_8"
[INFO DPL-0001] Placed 23086 filler instances.
Design area 168961 um^2 62% utilization.
write_db /work/results/sky130hd/m7_j0/p9p5/5_3_fillcell.odb
Elapsed time: 0:00.56[h:]min:sec. CPU time: user 0.48 sys 0.08 (98%). Peak memory: 219344KB.
Log                       Ext     Elapsed/s Peak Memory/MB sha1sum result [0:20)
5_3_fillcell              .odb            0            214 d2cd35252e60bf71c4e4
cp /work/results/sky130hd/m7_j0/p9p5/5_3_fillcell.odb /work/results/sky130hd/m7_j0/p9p5/5_route.odb
cp /work/results/sky130hd/m7_j0/p9p5/5_1_grt.sdc /work/results/sky130hd/m7_j0/p9p5/5_route.sdc
/OpenROAD-flow-scripts/flow/scripts/flow.sh 6_1_fill density_fill
Running density_fill.tcl, stage 6_1_fill
read_liberty /OpenROAD-flow-scripts/flow/platforms/sky130hd/lib/sky130_fd_sc_hd__tt_025C_1v80.lib
read_db -hier /work/results/sky130hd/m7_j0/p9p5/5_route.odb
[WARNING ORD-0012] Hierarchical flow (-hier) is currently in development and may cause multiple issues. Do not use in production environments.
read_sdc /work/results/sky130hd/m7_j0/p9p5/5_route.sdc
source /OpenROAD-flow-scripts/flow/platforms/sky130hd/setRC.tcl
exec cp /work/results/sky130hd/m7_j0/p9p5/5_route.odb /work/results/sky130hd/m7_j0/p9p5/6_1_fill.odb
Elapsed time: 0:00.37[h:]min:sec. CPU time: user 0.30 sys 0.07 (100%). Peak memory: 185248KB.
Log                       Ext     Elapsed/s Peak Memory/MB sha1sum result [0:20)
6_1_fill                  .odb            0            180 d2cd35252e60bf71c4e4
cp /work/results/sky130hd/m7_j0/p9p5/5_route.sdc /work/results/sky130hd/m7_j0/p9p5/6_1_fill.sdc
/OpenROAD-flow-scripts/flow/scripts/flow.sh 6_report final_report
Running final_report.tcl, stage 6_report
read_liberty /OpenROAD-flow-scripts/flow/platforms/sky130hd/lib/sky130_fd_sc_hd__tt_025C_1v80.lib
read_db -hier /work/results/sky130hd/m7_j0/p9p5/6_1_fill.odb
[WARNING ORD-0012] Hierarchical flow (-hier) is currently in development and may cause multiple issues. Do not use in production environments.
read_sdc /work/results/sky130hd/m7_j0/p9p5/6_1_fill.sdc
source /OpenROAD-flow-scripts/flow/platforms/sky130hd/setRC.tcl
[WARNING STA-0450] virtual clock vclk_core_clock can not be propagated.
write_db /work/results/sky130hd/m7_j0/p9p5/6_final.odb
write_sdc -no_timestamp /work/results/sky130hd/m7_j0/p9p5/6_final.sdc
Deleted 0 routing obstructions
Warning: master sky130_ef_sc_hd__decap_12 has signal pins but no liberty cell
[INFO RCX-0431] Defined process_corner X with ext_model_index 0
[INFO RCX-0029] Defined extraction corner X
[WARNING RCX-0514] The ext_model_file option is deprecated. Use set_extraction_rules_file command instead.
[INFO RCX-0435] Reading extraction model file /OpenROAD-flow-scripts/flow/platforms/sky130hd/rcx_patterns.rules ...
[INFO RCX-0436] RC segment generation m7_ppa_j0_top (max_merge_res 50.0) ...
[INFO RCX-0040] Final 78772 rc segments
[INFO RCX-0439] Coupling Cap extraction m7_ppa_j0_top ...
[INFO RCX-0440] Coupling threshhold is 0.1000 fF, coupling capacitance less than 0.1000 fF will be grounded.
[INFO RCX-0442] 52% of 163620 wires extracted
[INFO RCX-0442] 100% of 163620 wires extracted
[INFO RCX-0045] Extract 17752 nets, 96300 rsegs, 96300 caps, 202433 ccs
[INFO RCX-0443] 17752 nets finished
[INFO PSM-0040] All shapes on net VDD are connected.
########## IR report #################
Net              : VDD
Corner           : default
Total power      : 6.09e-02 W
Supply voltage   : 1.80e+00 V
Worstcase voltage: 1.80e+00 V
Average voltage  : 1.80e+00 V
Average IR drop  : 4.73e-05 V
Worstcase IR drop: 6.89e-04 V
Percentage drop  : 0.04 %
######################################
[INFO PSM-0040] All shapes on net VSS are connected.
########## IR report #################
Net              : VSS
Corner           : default
Total power      : 6.09e-02 W
Supply voltage   : 0.00e+00 V
Worstcase voltage: 5.21e-04 V
Average voltage  : 4.37e-05 V
Average IR drop  : 4.37e-05 V
Worstcase IR drop: 5.21e-04 V
Percentage drop  : 0.03 %
######################################
Cell type report:                       Count       Area
  Fill cell                             23086  102041.62
  Tap cell                               3570    4466.78
  Antenna cell                             61     152.65
  Clock buffer                            268    6422.41
  Timing Repair Buffer                   1899   16706.02
  Inverter                                258     974.68
  Clock inverter                          170    2260.92
  Sequential cell                        2110   54189.47
  Multi-Input combinational cell        13047   83787.86
  Total                                 44469  271002.41
Report metrics stage 6, finish...

==========================================================================
finish report_design_area
--------------------------------------------------------------------------
Design area 168961 um^2 62% utilization.
[WARNING GUI-0076] QStandardPaths: XDG_RUNTIME_DIR not set, defaulting to '/tmp/runtime-'
Elapsed time: 0:10.66[h:]min:sec. CPU time: user 22.30 sys 6.57 (270%). Peak memory: 570484KB.
Log                       Ext     Elapsed/s Peak Memory/MB sha1sum result [0:20)
6_report                                 10            557                  N/A
cp /OpenROAD-flow-scripts/flow/platforms/sky130hd/lef/sky130_fd_sc_hd.tlef /work/objects/sky130hd/m7_j0/p9p5/klayout_tech.lef
/usr/bin/python3 /OpenROAD-flow-scripts/flow/util/generate_klayout_tech.py \
	--template /OpenROAD-flow-scripts/flow/platforms/sky130hd/sky130hd.lyt \
	--output /work/objects/sky130hd/m7_j0/p9p5/klayout.lyt \
	--lef-files /work/objects/sky130hd/m7_j0/p9p5/klayout_tech.lef /OpenROAD-flow-scripts/flow/platforms/sky130hd/lef/sky130_fd_sc_hd_merged.lef   \
	--map-files 
/usr/bin/python3 /OpenROAD-flow-scripts/flow/scripts/run_command.py --log /work/logs/sky130hd/m7_j0/p9p5/6_1_merge.log --tee -- \
        /OpenROAD-flow-scripts/flow/scripts/klayout.sh -zz -rd design_name=m7_ppa_j0_top \
        -rd in_def=/work/results/sky130hd/m7_j0/p9p5/6_final.def \
        -rd in_files="/OpenROAD-flow-scripts/flow/platforms/sky130hd/gds/sky130_fd_sc_hd.gds  " \
        -rd seal_file="" \
        -rd out_file=/work/results/sky130hd/m7_j0/p9p5/6_1_merged.gds \
        -rd tech_file=/work/objects/sky130hd/m7_j0/p9p5/klayout.lyt \
        -rd layer_map= \
        -r /OpenROAD-flow-scripts/flow/util/def2stream.py
KLayout 0.30.7
[INFO] Reporting cells prior to loading DEF ...
	/OpenROAD-flow-scripts/flow/platforms/sky130hd/gds/sky130_fd_sc_hd.gds
[INFO] All LEF cells have matching GDS/OAS cells
[INFO] No orphan cells in the final layout
Elapsed time: 0:01.66[h:]min:sec. CPU time: user 1.42 sys 0.15 (94%). Peak memory: 524932KB.
cp /work/results/sky130hd/m7_j0/p9p5/6_1_merged.gds /work/results/sky130hd/m7_j0/p9p5/6_final.gds
/work/logs/sky130hd/m7_j0/p9p5
Log                       Ext     Elapsed/s Peak Memory/MB sha1sum result [0:20)
1_1_yosys_canonicalize    .rtlil          0             67 d87f39cd98abab28321b
1_2_yosys                 .v             32            132 3ace1779ffe5f464cf32
1_2_yosys                 .sdc                             a56667f6ad0d463e0909
1_synth                   .odb            0            160 42d4db6978f0664ef167
1_synth                   .sdc                             c3d52ea0c88dcbaa6c46
2_1_floorplan             .odb            2            187 9f06c079c8d2503466f8
2_1_floorplan             .sdc                             c3d52ea0c88dcbaa6c46
2_2_floorplan_macro       .odb            0            148 9f06c079c8d2503466f8
2_3_floorplan_tapcell     .odb            0            142 2342af5cf8934a826ef4
2_4_floorplan_pdn         .odb            0            164 3c380875929b1369d9d6
3_1_place_gp_skip_io      .odb           17            178 ea62aa6b0c84f61622b5
3_2_place_iop             .odb            0            155 3dd72fb53d2322bb29e9
3_3_place_gp              .odb          118            494 1bc8a8eec631fe71f5b6
3_4_place_resized         .odb            5            219 1bc8a8eec631fe71f5b6
3_5_place_dp              .odb            6            238 4ac8b8c9dcb82508f278
4_1_cts                   .odb           11            384 3a052e52f1a941d0f4c2
5_1_grt                   .odb           56            726 4a22057c369fe0050c80
5_1_grt                   .sdc                             0b4a5414fff78e3919d9
5_2_route                 .odb          453           4417 d35c362f695ae508527d
5_3_fillcell              .odb            0            214 d2cd35252e60bf71c4e4
6_1_fill                  .odb            0            180 d2cd35252e60bf71c4e4
6_1_fill                  .sdc                             0b4a5414fff78e3919d9
6_1_merge                                 1            512                  N/A
6_report                                 10            557                  N/A
Total                                   711           4417                     
END_UTC=2026-08-13T11:10:25Z
ELAPSED_SEC=728
EXIT_CODE=0
