campaign_id,seed,configuration,git_commit,testbench_version,iopmp_in_path,operation,address,requester_id,policy_valid,reset_sequence,secure_ready,expected,observed,property,result,classification,dma_error,mem_after
m4_random_v2,0,C0,297df920dab05466b1fc3fc6711346364cd0c459,94408de554e6,True,write,0x20000000,2,False,global_pulse,False,no unauthorized protected effect,PASS,SP-08/SP-13,PASS,EXPECTED_BY_MODEL,1,0xdeadbeef
m4_random_v2,1,C0,297df920dab05466b1fc3fc6711346364cd0c459,94408de554e6,True,write,0x20000000,1,False,none,False,no unauthorized protected effect,PASS,SP-08/SP-13,PASS,EXPECTED_BY_MODEL,1,0xdeadbeef
m4_random_v2,2,C0,297df920dab05466b1fc3fc6711346364cd0c459,94408de554e6,True,write,0x20000000,1,False,global_pulse,False,no unauthorized protected effect,PASS,SP-08/SP-13,PASS,EXPECTED_BY_MODEL,1,0xdeadbeef
m4_random_v2,3,C0,297df920dab05466b1fc3fc6711346364cd0c459,94408de554e6,True,write,0x20000000,1,False,none,False,no unauthorized protected effect,PASS,SP-08/SP-13,PASS,EXPECTED_BY_MODEL,1,0xdeadbeef
m4_random_v2,4,C0,297df920dab05466b1fc3fc6711346364cd0c459,94408de554e6,True,write,0x20000000,1,True,none,True,no unauthorized protected effect,PASS,SP-08/SP-13,PASS,EXPECTED_BY_MODEL,0,0xcafebabe
m4_random_v2,5,C0,297df920dab05466b1fc3fc6711346364cd0c459,94408de554e6,True,write,0x20000000,2,True,none,True,no unauthorized protected effect,PASS,SP-08/SP-13,PASS,EXPECTED_BY_MODEL,1,0xdeadbeef
m4_random_v2,6,C0,297df920dab05466b1fc3fc6711346364cd0c459,94408de554e6,True,write,0x20000000,1,False,none,False,no unauthorized protected effect,PASS,SP-08/SP-13,PASS,EXPECTED_BY_MODEL,1,0xdeadbeef
m4_random_v2,7,C0,297df920dab05466b1fc3fc6711346364cd0c459,94408de554e6,True,write,0x20000000,1,False,global_pulse,False,no unauthorized protected effect,PASS,SP-08/SP-13,PASS,EXPECTED_BY_MODEL,1,0xdeadbeef
m4_random_v2,8,C0,297df920dab05466b1fc3fc6711346364cd0c459,94408de554e6,True,write,0x20000000,1,False,none,False,no unauthorized protected effect,PASS,SP-08/SP-13,PASS,EXPECTED_BY_MODEL,1,0xdeadbeef
m4_random_v2,9,C0,297df920dab05466b1fc3fc6711346364cd0c459,94408de554e6,True,write,0x20000000,2,False,global_pulse,False,no unauthorized protected effect,PASS,SP-08/SP-13,PASS,EXPECTED_BY_MODEL,1,0xdeadbeef
m4_random_v2,10,C0,297df920dab05466b1fc3fc6711346364cd0c459,94408de554e6,True,write,0x20000000,1,True,global_pulse,True,no unauthorized protected effect,PASS,SP-08/SP-13,PASS,EXPECTED_BY_MODEL,0,0xcafebabe
m4_random_v2,11,C0,297df920dab05466b1fc3fc6711346364cd0c459,94408de554e6,True,write,0x20000000,1,True,none,True,no unauthorized protected effect,PASS,SP-08/SP-13,PASS,EXPECTED_BY_MODEL,0,0xcafebabe
m4_random_v2,12,C0,297df920dab05466b1fc3fc6711346364cd0c459,94408de554e6,True,write,0x20000000,1,True,global_pulse,True,no unauthorized protected effect,PASS,SP-08/SP-13,PASS,EXPECTED_BY_MODEL,0,0xcafebabe
m4_random_v2,13,C0,297df920dab05466b1fc3fc6711346364cd0c459,94408de554e6,True,write,0x20000000,2,True,none,True,no unauthorized protected effect,PASS,SP-08/SP-13,PASS,EXPECTED_BY_MODEL,1,0xdeadbeef
m4_random_v2,14,C0,297df920dab05466b1fc3fc6711346364cd0c459,94408de554e6,True,write,0x20000000,1,True,none,True,no unauthorized protected effect,PASS,SP-08/SP-13,PASS,EXPECTED_BY_MODEL,0,0xcafebabe
m4_random_v2,15,C0,297df920dab05466b1fc3fc6711346364cd0c459,94408de554e6,True,write,0x20000000,1,False,none,False,no unauthorized protected effect,PASS,SP-08/SP-13,PASS,EXPECTED_BY_MODEL,1,0xdeadbeef
m4_random_v2,16,C0,297df920dab05466b1fc3fc6711346364cd0c459,94408de554e6,True,write,0x20000000,1,False,none,False,no unauthorized protected effect,PASS,SP-08/SP-13,PASS,EXPECTED_BY_MODEL,1,0xdeadbeef
m4_random_v2,17,C0,297df920dab05466b1fc3fc6711346364cd0c459,94408de554e6,True,write,0x20000000,2,True,none,True,no unauthorized protected effect,PASS,SP-08/SP-13,PASS,EXPECTED_BY_MODEL,1,0xdeadbeef
m4_random_v2,18,C0,297df920dab05466b1fc3fc6711346364cd0c459,94408de554e6,True,write,0x20000000,1,True,global_pulse,True,no unauthorized protected effect,PASS,SP-08/SP-13,PASS,EXPECTED_BY_MODEL,0,0xcafebabe
m4_random_v2,19,C0,297df920dab05466b1fc3fc6711346364cd0c459,94408de554e6,True,write,0x20000000,1,False,global_pulse,False,no unauthorized protected effect,PASS,SP-08/SP-13,PASS,EXPECTED_BY_MODEL,1,0xdeadbeef
m4_random_v2,20,C0,297df920dab05466b1fc3fc6711346364cd0c459,94408de554e6,True,write,0x20000000,2,False,none,False,no unauthorized protected effect,PASS,SP-08/SP-13,PASS,EXPECTED_BY_MODEL,1,0xdeadbeef
m4_random_v2,21,C0,297df920dab05466b1fc3fc6711346364cd0c459,94408de554e6,True,write,0x20000000,1,True,none,True,no unauthorized protected effect,PASS,SP-08/SP-13,PASS,EXPECTED_BY_MODEL,0,0xcafebabe
m4_random_v2,22,C0,297df920dab05466b1fc3fc6711346364cd0c459,94408de554e6,True,write,0x20000000,2,False,none,False,no unauthorized protected effect,PASS,SP-08/SP-13,PASS,EXPECTED_BY_MODEL,1,0xdeadbeef
m4_random_v2,23,C0,297df920dab05466b1fc3fc6711346364cd0c459,94408de554e6,True,write,0x20000000,1,False,none,False,no unauthorized protected effect,PASS,SP-08/SP-13,PASS,EXPECTED_BY_MODEL,1,0xdeadbeef
m4_random_v2,24,C0,297df920dab05466b1fc3fc6711346364cd0c459,94408de554e6,True,write,0x20000000,1,False,none,False,no unauthorized protected effect,PASS,SP-08/SP-13,PASS,EXPECTED_BY_MODEL,1,0xdeadbeef
m4_random_v2,25,C0,297df920dab05466b1fc3fc6711346364cd0c459,94408de554e6,True,write,0x20000000,2,False,none,False,no unauthorized protected effect,PASS,SP-08/SP-13,PASS,EXPECTED_BY_MODEL,1,0xdeadbeef
m4_random_v2,26,C0,297df920dab05466b1fc3fc6711346364cd0c459,94408de554e6,True,write,0x20000000,1,False,none,False,no unauthorized protected effect,PASS,SP-08/SP-13,PASS,EXPECTED_BY_MODEL,1,0xdeadbeef
m4_random_v2,27,C0,297df920dab05466b1fc3fc6711346364cd0c459,94408de554e6,True,write,0x20000000,2,True,global_pulse,True,no unauthorized protected effect,PASS,SP-08/SP-13,PASS,EXPECTED_BY_MODEL,1,0xdeadbeef
m4_random_v2,28,C0,297df920dab05466b1fc3fc6711346364cd0c459,94408de554e6,True,write,0x20000000,1,True,none,True,no unauthorized protected effect,PASS,SP-08/SP-13,PASS,EXPECTED_BY_MODEL,0,0xcafebabe
m4_random_v2,29,C0,297df920dab05466b1fc3fc6711346364cd0c459,94408de554e6,True,write,0x20000000,1,True,none,True,no unauthorized protected effect,PASS,SP-08/SP-13,PASS,EXPECTED_BY_MODEL,0,0xcafebabe
m4_random_v2,30,C0,297df920dab05466b1fc3fc6711346364cd0c459,94408de554e6,True,write,0x20000000,2,True,none,True,no unauthorized protected effect,PASS,SP-08/SP-13,PASS,EXPECTED_BY_MODEL,1,0xdeadbeef
m4_random_v2,31,C0,297df920dab05466b1fc3fc6711346364cd0c459,94408de554e6,True,write,0x20000000,2,True,global_pulse,True,no unauthorized protected effect,PASS,SP-08/SP-13,PASS,EXPECTED_BY_MODEL,1,0xdeadbeef
m4_random_v2,32,C0,297df920dab05466b1fc3fc6711346364cd0c459,94408de554e6,True,write,0x20000000,1,False,none,False,no unauthorized protected effect,PASS,SP-08/SP-13,PASS,EXPECTED_BY_MODEL,1,0xdeadbeef
m4_random_v2,33,C0,297df920dab05466b1fc3fc6711346364cd0c459,94408de554e6,True,write,0x20000000,2,True,none,True,no unauthorized protected effect,PASS,SP-08/SP-13,PASS,EXPECTED_BY_MODEL,1,0xdeadbeef
m4_random_v2,34,C0,297df920dab05466b1fc3fc6711346364cd0c459,94408de554e6,True,write,0x20000000,2,True,none,True,no unauthorized protected effect,PASS,SP-08/SP-13,PASS,EXPECTED_BY_MODEL,1,0xdeadbeef
m4_random_v2,35,C0,297df920dab05466b1fc3fc6711346364cd0c459,94408de554e6,True,write,0x20000000,1,True,none,True,no unauthorized protected effect,PASS,SP-08/SP-13,PASS,EXPECTED_BY_MODEL,0,0xcafebabe
m4_random_v2,36,C0,297df920dab05466b1fc3fc6711346364cd0c459,94408de554e6,True,write,0x20000000,2,True,none,True,no unauthorized protected effect,PASS,SP-08/SP-13,PASS,EXPECTED_BY_MODEL,1,0xdeadbeef
m4_random_v2,37,C0,297df920dab05466b1fc3fc6711346364cd0c459,94408de554e6,True,write,0x20000000,2,True,none,True,no unauthorized protected effect,PASS,SP-08/SP-13,PASS,EXPECTED_BY_MODEL,1,0xdeadbeef
m4_random_v2,38,C0,297df920dab05466b1fc3fc6711346364cd0c459,94408de554e6,True,write,0x20000000,1,True,global_pulse,True,no unauthorized protected effect,PASS,SP-08/SP-13,PASS,EXPECTED_BY_MODEL,0,0xcafebabe
m4_random_v2,39,C0,297df920dab05466b1fc3fc6711346364cd0c459,94408de554e6,True,write,0x20000000,2,False,none,False,no unauthorized protected effect,PASS,SP-08/SP-13,PASS,EXPECTED_BY_MODEL,1,0xdeadbeef
m4_random_v2,40,C0,297df920dab05466b1fc3fc6711346364cd0c459,94408de554e6,True,write,0x20000000,2,False,none,False,no unauthorized protected effect,PASS,SP-08/SP-13,PASS,EXPECTED_BY_MODEL,1,0xdeadbeef
m4_random_v2,41,C0,297df920dab05466b1fc3fc6711346364cd0c459,94408de554e6,True,write,0x20000000,1,True,none,True,no unauthorized protected effect,PASS,SP-08/SP-13,PASS,EXPECTED_BY_MODEL,0,0xcafebabe
m4_random_v2,42,C0,297df920dab05466b1fc3fc6711346364cd0c459,94408de554e6,True,write,0x20000000,1,True,none,True,no unauthorized protected effect,PASS,SP-08/SP-13,PASS,EXPECTED_BY_MODEL,0,0xcafebabe
m4_random_v2,43,C0,297df920dab05466b1fc3fc6711346364cd0c459,94408de554e6,True,write,0x20000000,2,True,none,True,no unauthorized protected effect,PASS,SP-08/SP-13,PASS,EXPECTED_BY_MODEL,1,0xdeadbeef
m4_random_v2,44,C0,297df920dab05466b1fc3fc6711346364cd0c459,94408de554e6,True,write,0x20000000,1,True,global_pulse,True,no unauthorized protected effect,PASS,SP-08/SP-13,PASS,EXPECTED_BY_MODEL,0,0xcafebabe
m4_random_v2,45,C0,297df920dab05466b1fc3fc6711346364cd0c459,94408de554e6,True,write,0x20000000,1,False,none,False,no unauthorized protected effect,PASS,SP-08/SP-13,PASS,EXPECTED_BY_MODEL,1,0xdeadbeef
m4_random_v2,46,C0,297df920dab05466b1fc3fc6711346364cd0c459,94408de554e6,True,write,0x20000000,1,False,global_pulse,False,no unauthorized protected effect,PASS,SP-08/SP-13,PASS,EXPECTED_BY_MODEL,1,0xdeadbeef
m4_random_v2,47,C0,297df920dab05466b1fc3fc6711346364cd0c459,94408de554e6,True,write,0x20000000,1,True,none,True,no unauthorized protected effect,PASS,SP-08/SP-13,PASS,EXPECTED_BY_MODEL,0,0xcafebabe
m4_random_v2,48,C0,297df920dab05466b1fc3fc6711346364cd0c459,94408de554e6,True,write,0x20000000,2,True,none,True,no unauthorized protected effect,PASS,SP-08/SP-13,PASS,EXPECTED_BY_MODEL,1,0xdeadbeef
m4_random_v2,49,C0,297df920dab05466b1fc3fc6711346364cd0c459,94408de554e6,True,write,0x20000000,1,True,none,True,no unauthorized protected effect,PASS,SP-08/SP-13,PASS,EXPECTED_BY_MODEL,0,0xcafebabe
m4_random_v2,50,C0,297df920dab05466b1fc3fc6711346364cd0c459,94408de554e6,True,write,0x20000000,2,True,none,True,no unauthorized protected effect,PASS,SP-08/SP-13,PASS,EXPECTED_BY_MODEL,1,0xdeadbeef
m4_random_v2,51,C0,297df920dab05466b1fc3fc6711346364cd0c459,94408de554e6,True,write,0x20000000,2,True,none,True,no unauthorized protected effect,PASS,SP-08/SP-13,PASS,EXPECTED_BY_MODEL,1,0xdeadbeef
m4_random_v2,52,C0,297df920dab05466b1fc3fc6711346364cd0c459,94408de554e6,True,write,0x20000000,1,False,none,False,no unauthorized protected effect,PASS,SP-08/SP-13,PASS,EXPECTED_BY_MODEL,1,0xdeadbeef
m4_random_v2,53,C0,297df920dab05466b1fc3fc6711346364cd0c459,94408de554e6,True,write,0x20000000,2,True,none,True,no unauthorized protected effect,PASS,SP-08/SP-13,PASS,EXPECTED_BY_MODEL,1,0xdeadbeef
m4_random_v2,54,C0,297df920dab05466b1fc3fc6711346364cd0c459,94408de554e6,True,write,0x20000000,1,False,none,False,no unauthorized protected effect,PASS,SP-08/SP-13,PASS,EXPECTED_BY_MODEL,1,0xdeadbeef
m4_random_v2,55,C0,297df920dab05466b1fc3fc6711346364cd0c459,94408de554e6,True,write,0x20000000,2,False,none,False,no unauthorized protected effect,PASS,SP-08/SP-13,PASS,EXPECTED_BY_MODEL,1,0xdeadbeef
m4_random_v2,56,C0,297df920dab05466b1fc3fc6711346364cd0c459,94408de554e6,True,write,0x20000000,2,False,global_pulse,False,no unauthorized protected effect,PASS,SP-08/SP-13,PASS,EXPECTED_BY_MODEL,1,0xdeadbeef
m4_random_v2,57,C0,297df920dab05466b1fc3fc6711346364cd0c459,94408de554e6,True,write,0x20000000,1,False,none,False,no unauthorized protected effect,PASS,SP-08/SP-13,PASS,EXPECTED_BY_MODEL,1,0xdeadbeef
m4_random_v2,58,C0,297df920dab05466b1fc3fc6711346364cd0c459,94408de554e6,True,write,0x20000000,1,True,none,True,no unauthorized protected effect,PASS,SP-08/SP-13,PASS,EXPECTED_BY_MODEL,0,0xcafebabe
m4_random_v2,59,C0,297df920dab05466b1fc3fc6711346364cd0c459,94408de554e6,True,write,0x20000000,2,False,none,False,no unauthorized protected effect,PASS,SP-08/SP-13,PASS,EXPECTED_BY_MODEL,1,0xdeadbeef
m4_random_v2,60,C0,297df920dab05466b1fc3fc6711346364cd0c459,94408de554e6,True,write,0x20000000,1,False,none,False,no unauthorized protected effect,PASS,SP-08/SP-13,PASS,EXPECTED_BY_MODEL,1,0xdeadbeef
m4_random_v2,61,C0,297df920dab05466b1fc3fc6711346364cd0c459,94408de554e6,True,write,0x20000000,1,False,none,False,no unauthorized protected effect,PASS,SP-08/SP-13,PASS,EXPECTED_BY_MODEL,1,0xdeadbeef
m4_random_v2,62,C0,297df920dab05466b1fc3fc6711346364cd0c459,94408de554e6,True,write,0x20000000,2,False,global_pulse,False,no unauthorized protected effect,PASS,SP-08/SP-13,PASS,EXPECTED_BY_MODEL,1,0xdeadbeef
m4_random_v2,63,C0,297df920dab05466b1fc3fc6711346364cd0c459,94408de554e6,True,write,0x20000000,2,True,none,True,no unauthorized protected effect,PASS,SP-08/SP-13,PASS,EXPECTED_BY_MODEL,1,0xdeadbeef
m4_random_v2,64,C0,297df920dab05466b1fc3fc6711346364cd0c459,94408de554e6,True,write,0x20000000,1,True,none,True,no unauthorized protected effect,PASS,SP-08/SP-13,PASS,EXPECTED_BY_MODEL,0,0xcafebabe
m4_random_v2,65,C0,297df920dab05466b1fc3fc6711346364cd0c459,94408de554e6,True,write,0x20000000,1,True,none,True,no unauthorized protected effect,PASS,SP-08/SP-13,PASS,EXPECTED_BY_MODEL,0,0xcafebabe
m4_random_v2,66,C0,297df920dab05466b1fc3fc6711346364cd0c459,94408de554e6,True,write,0x20000000,1,True,none,True,no unauthorized protected effect,PASS,SP-08/SP-13,PASS,EXPECTED_BY_MODEL,0,0xcafebabe
m4_random_v2,67,C0,297df920dab05466b1fc3fc6711346364cd0c459,94408de554e6,True,write,0x20000000,2,True,none,True,no unauthorized protected effect,PASS,SP-08/SP-13,PASS,EXPECTED_BY_MODEL,1,0xdeadbeef
m4_random_v2,68,C0,297df920dab05466b1fc3fc6711346364cd0c459,94408de554e6,True,write,0x20000000,1,False,global_pulse,False,no unauthorized protected effect,PASS,SP-08/SP-13,PASS,EXPECTED_BY_MODEL,1,0xdeadbeef
m4_random_v2,69,C0,297df920dab05466b1fc3fc6711346364cd0c459,94408de554e6,True,write,0x20000000,2,True,global_pulse,True,no unauthorized protected effect,PASS,SP-08/SP-13,PASS,EXPECTED_BY_MODEL,1,0xdeadbeef
m4_random_v2,70,C0,297df920dab05466b1fc3fc6711346364cd0c459,94408de554e6,True,write,0x20000000,1,False,none,False,no unauthorized protected effect,PASS,SP-08/SP-13,PASS,EXPECTED_BY_MODEL,1,0xdeadbeef
m4_random_v2,71,C0,297df920dab05466b1fc3fc6711346364cd0c459,94408de554e6,True,write,0x20000000,2,False,global_pulse,False,no unauthorized protected effect,PASS,SP-08/SP-13,PASS,EXPECTED_BY_MODEL,1,0xdeadbeef
m4_random_v2,72,C0,297df920dab05466b1fc3fc6711346364cd0c459,94408de554e6,True,write,0x20000000,1,True,none,True,no unauthorized protected effect,PASS,SP-08/SP-13,PASS,EXPECTED_BY_MODEL,0,0xcafebabe
m4_random_v2,73,C0,297df920dab05466b1fc3fc6711346364cd0c459,94408de554e6,True,write,0x20000000,1,True,global_pulse,True,no unauthorized protected effect,PASS,SP-08/SP-13,PASS,EXPECTED_BY_MODEL,0,0xcafebabe
m4_random_v2,74,C0,297df920dab05466b1fc3fc6711346364cd0c459,94408de554e6,True,write,0x20000000,1,False,none,False,no unauthorized protected effect,PASS,SP-08/SP-13,PASS,EXPECTED_BY_MODEL,1,0xdeadbeef
m4_random_v2,75,C0,297df920dab05466b1fc3fc6711346364cd0c459,94408de554e6,True,write,0x20000000,1,True,none,True,no unauthorized protected effect,PASS,SP-08/SP-13,PASS,EXPECTED_BY_MODEL,0,0xcafebabe
m4_random_v2,76,C0,297df920dab05466b1fc3fc6711346364cd0c459,94408de554e6,True,write,0x20000000,1,False,none,False,no unauthorized protected effect,PASS,SP-08/SP-13,PASS,EXPECTED_BY_MODEL,1,0xdeadbeef
m4_random_v2,77,C0,297df920dab05466b1fc3fc6711346364cd0c459,94408de554e6,True,write,0x20000000,1,False,global_pulse,False,no unauthorized protected effect,PASS,SP-08/SP-13,PASS,EXPECTED_BY_MODEL,1,0xdeadbeef
m4_random_v2,78,C0,297df920dab05466b1fc3fc6711346364cd0c459,94408de554e6,True,write,0x20000000,2,False,none,False,no unauthorized protected effect,PASS,SP-08/SP-13,PASS,EXPECTED_BY_MODEL,1,0xdeadbeef
m4_random_v2,79,C0,297df920dab05466b1fc3fc6711346364cd0c459,94408de554e6,True,write,0x20000000,2,True,none,True,no unauthorized protected effect,PASS,SP-08/SP-13,PASS,EXPECTED_BY_MODEL,1,0xdeadbeef
m4_random_v2,80,C0,297df920dab05466b1fc3fc6711346364cd0c459,94408de554e6,True,write,0x20000000,1,True,none,True,no unauthorized protected effect,PASS,SP-08/SP-13,PASS,EXPECTED_BY_MODEL,0,0xcafebabe
m4_random_v2,81,C0,297df920dab05466b1fc3fc6711346364cd0c459,94408de554e6,True,write,0x20000000,1,True,none,True,no unauthorized protected effect,PASS,SP-08/SP-13,PASS,EXPECTED_BY_MODEL,0,0xcafebabe
m4_random_v2,82,C0,297df920dab05466b1fc3fc6711346364cd0c459,94408de554e6,True,write,0x20000000,2,True,none,True,no unauthorized protected effect,PASS,SP-08/SP-13,PASS,EXPECTED_BY_MODEL,1,0xdeadbeef
m4_random_v2,83,C0,297df920dab05466b1fc3fc6711346364cd0c459,94408de554e6,True,write,0x20000000,1,False,none,False,no unauthorized protected effect,PASS,SP-08/SP-13,PASS,EXPECTED_BY_MODEL,1,0xdeadbeef
m4_random_v2,84,C0,297df920dab05466b1fc3fc6711346364cd0c459,94408de554e6,True,write,0x20000000,1,False,none,False,no unauthorized protected effect,PASS,SP-08/SP-13,PASS,EXPECTED_BY_MODEL,1,0xdeadbeef
m4_random_v2,85,C0,297df920dab05466b1fc3fc6711346364cd0c459,94408de554e6,True,write,0x20000000,1,True,none,True,no unauthorized protected effect,PASS,SP-08/SP-13,PASS,EXPECTED_BY_MODEL,0,0xcafebabe
m4_random_v2,86,C0,297df920dab05466b1fc3fc6711346364cd0c459,94408de554e6,True,write,0x20000000,2,False,none,False,no unauthorized protected effect,PASS,SP-08/SP-13,PASS,EXPECTED_BY_MODEL,1,0xdeadbeef
m4_random_v2,87,C0,297df920dab05466b1fc3fc6711346364cd0c459,94408de554e6,True,write,0x20000000,1,True,none,True,no unauthorized protected effect,PASS,SP-08/SP-13,PASS,EXPECTED_BY_MODEL,0,0xcafebabe
m4_random_v2,88,C0,297df920dab05466b1fc3fc6711346364cd0c459,94408de554e6,True,write,0x20000000,2,True,global_pulse,True,no unauthorized protected effect,PASS,SP-08/SP-13,PASS,EXPECTED_BY_MODEL,1,0xdeadbeef
m4_random_v2,89,C0,297df920dab05466b1fc3fc6711346364cd0c459,94408de554e6,True,write,0x20000000,1,False,none,False,no unauthorized protected effect,PASS,SP-08/SP-13,PASS,EXPECTED_BY_MODEL,1,0xdeadbeef
m4_random_v2,90,C0,297df920dab05466b1fc3fc6711346364cd0c459,94408de554e6,True,write,0x20000000,1,True,none,True,no unauthorized protected effect,PASS,SP-08/SP-13,PASS,EXPECTED_BY_MODEL,0,0xcafebabe
m4_random_v2,91,C0,297df920dab05466b1fc3fc6711346364cd0c459,94408de554e6,True,write,0x20000000,1,True,none,True,no unauthorized protected effect,PASS,SP-08/SP-13,PASS,EXPECTED_BY_MODEL,0,0xcafebabe
m4_random_v2,92,C0,297df920dab05466b1fc3fc6711346364cd0c459,94408de554e6,True,write,0x20000000,2,True,none,True,no unauthorized protected effect,PASS,SP-08/SP-13,PASS,EXPECTED_BY_MODEL,1,0xdeadbeef
m4_random_v2,93,C0,297df920dab05466b1fc3fc6711346364cd0c459,94408de554e6,True,write,0x20000000,2,False,none,False,no unauthorized protected effect,PASS,SP-08/SP-13,PASS,EXPECTED_BY_MODEL,1,0xdeadbeef
m4_random_v2,94,C0,297df920dab05466b1fc3fc6711346364cd0c459,94408de554e6,True,write,0x20000000,2,True,none,True,no unauthorized protected effect,PASS,SP-08/SP-13,PASS,EXPECTED_BY_MODEL,1,0xdeadbeef
m4_random_v2,95,C0,297df920dab05466b1fc3fc6711346364cd0c459,94408de554e6,True,write,0x20000000,2,False,none,False,no unauthorized protected effect,PASS,SP-08/SP-13,PASS,EXPECTED_BY_MODEL,1,0xdeadbeef
m4_random_v2,96,C0,297df920dab05466b1fc3fc6711346364cd0c459,94408de554e6,True,write,0x20000000,1,True,global_pulse,True,no unauthorized protected effect,PASS,SP-08/SP-13,PASS,EXPECTED_BY_MODEL,0,0xcafebabe
m4_random_v2,97,C0,297df920dab05466b1fc3fc6711346364cd0c459,94408de554e6,True,write,0x20000000,1,True,none,True,no unauthorized protected effect,PASS,SP-08/SP-13,PASS,EXPECTED_BY_MODEL,0,0xcafebabe
m4_random_v2,98,C0,297df920dab05466b1fc3fc6711346364cd0c459,94408de554e6,True,write,0x20000000,2,True,global_pulse,True,no unauthorized protected effect,PASS,SP-08/SP-13,PASS,EXPECTED_BY_MODEL,1,0xdeadbeef
m4_random_v2,99,C0,297df920dab05466b1fc3fc6711346364cd0c459,94408de554e6,True,write,0x20000000,1,True,none,True,no unauthorized protected effect,PASS,SP-08/SP-13,PASS,EXPECTED_BY_MODEL,0,0xcafebabe
m4_random_v2,100,C0,297df920dab05466b1fc3fc6711346364cd0c459,94408de554e6,True,write,0x20000000,1,True,global_pulse,True,no unauthorized protected effect,PASS,SP-08/SP-13,PASS,EXPECTED_BY_MODEL,0,0xcafebabe
m4_random_v2,101,C0,297df920dab05466b1fc3fc6711346364cd0c459,94408de554e6,True,write,0x20000000,1,True,none,True,no unauthorized protected effect,PASS,SP-08/SP-13,PASS,EXPECTED_BY_MODEL,0,0xcafebabe
m4_random_v2,102,C0,297df920dab05466b1fc3fc6711346364cd0c459,94408de554e6,True,write,0x20000000,2,False,none,False,no unauthorized protected effect,PASS,SP-08/SP-13,PASS,EXPECTED_BY_MODEL,1,0xdeadbeef
m4_random_v2,103,C0,297df920dab05466b1fc3fc6711346364cd0c459,94408de554e6,True,write,0x20000000,2,False,none,False,no unauthorized protected effect,PASS,SP-08/SP-13,PASS,EXPECTED_BY_MODEL,1,0xdeadbeef
m4_random_v2,104,C0,297df920dab05466b1fc3fc6711346364cd0c459,94408de554e6,True,write,0x20000000,1,False,none,False,no unauthorized protected effect,PASS,SP-08/SP-13,PASS,EXPECTED_BY_MODEL,1,0xdeadbeef
m4_random_v2,105,C0,297df920dab05466b1fc3fc6711346364cd0c459,94408de554e6,True,write,0x20000000,1,False,none,False,no unauthorized protected effect,PASS,SP-08/SP-13,PASS,EXPECTED_BY_MODEL,1,0xdeadbeef
m4_random_v2,106,C0,297df920dab05466b1fc3fc6711346364cd0c459,94408de554e6,True,write,0x20000000,2,False,global_pulse,False,no unauthorized protected effect,PASS,SP-08/SP-13,PASS,EXPECTED_BY_MODEL,1,0xdeadbeef
m4_random_v2,107,C0,297df920dab05466b1fc3fc6711346364cd0c459,94408de554e6,True,write,0x20000000,1,True,none,True,no unauthorized protected effect,PASS,SP-08/SP-13,PASS,EXPECTED_BY_MODEL,0,0xcafebabe
m4_random_v2,108,C0,297df920dab05466b1fc3fc6711346364cd0c459,94408de554e6,True,write,0x20000000,1,True,none,True,no unauthorized protected effect,PASS,SP-08/SP-13,PASS,EXPECTED_BY_MODEL,0,0xcafebabe
m4_random_v2,109,C0,297df920dab05466b1fc3fc6711346364cd0c459,94408de554e6,True,write,0x20000000,1,True,global_pulse,True,no unauthorized protected effect,PASS,SP-08/SP-13,PASS,EXPECTED_BY_MODEL,0,0xcafebabe
m4_random_v2,110,C0,297df920dab05466b1fc3fc6711346364cd0c459,94408de554e6,True,write,0x20000000,2,False,none,False,no unauthorized protected effect,PASS,SP-08/SP-13,PASS,EXPECTED_BY_MODEL,1,0xdeadbeef
m4_random_v2,111,C0,297df920dab05466b1fc3fc6711346364cd0c459,94408de554e6,True,write,0x20000000,1,False,none,False,no unauthorized protected effect,PASS,SP-08/SP-13,PASS,EXPECTED_BY_MODEL,1,0xdeadbeef
m4_random_v2,112,C0,297df920dab05466b1fc3fc6711346364cd0c459,94408de554e6,True,write,0x20000000,2,True,none,True,no unauthorized protected effect,PASS,SP-08/SP-13,PASS,EXPECTED_BY_MODEL,1,0xdeadbeef
m4_random_v2,113,C0,297df920dab05466b1fc3fc6711346364cd0c459,94408de554e6,True,write,0x20000000,1,False,none,False,no unauthorized protected effect,PASS,SP-08/SP-13,PASS,EXPECTED_BY_MODEL,1,0xdeadbeef
m4_random_v2,114,C0,297df920dab05466b1fc3fc6711346364cd0c459,94408de554e6,True,write,0x20000000,2,True,none,True,no unauthorized protected effect,PASS,SP-08/SP-13,PASS,EXPECTED_BY_MODEL,1,0xdeadbeef
m4_random_v2,115,C0,297df920dab05466b1fc3fc6711346364cd0c459,94408de554e6,True,write,0x20000000,1,False,none,False,no unauthorized protected effect,PASS,SP-08/SP-13,PASS,EXPECTED_BY_MODEL,1,0xdeadbeef
m4_random_v2,116,C0,297df920dab05466b1fc3fc6711346364cd0c459,94408de554e6,True,write,0x20000000,1,False,none,False,no unauthorized protected effect,PASS,SP-08/SP-13,PASS,EXPECTED_BY_MODEL,1,0xdeadbeef
m4_random_v2,117,C0,297df920dab05466b1fc3fc6711346364cd0c459,94408de554e6,True,write,0x20000000,1,False,none,False,no unauthorized protected effect,PASS,SP-08/SP-13,PASS,EXPECTED_BY_MODEL,1,0xdeadbeef
m4_random_v2,118,C0,297df920dab05466b1fc3fc6711346364cd0c459,94408de554e6,True,write,0x20000000,2,False,none,False,no unauthorized protected effect,PASS,SP-08/SP-13,PASS,EXPECTED_BY_MODEL,1,0xdeadbeef
m4_random_v2,119,C0,297df920dab05466b1fc3fc6711346364cd0c459,94408de554e6,True,write,0x20000000,2,False,none,False,no unauthorized protected effect,PASS,SP-08/SP-13,PASS,EXPECTED_BY_MODEL,1,0xdeadbeef
m4_random_v2,120,C0,297df920dab05466b1fc3fc6711346364cd0c459,94408de554e6,True,write,0x20000000,2,True,none,True,no unauthorized protected effect,PASS,SP-08/SP-13,PASS,EXPECTED_BY_MODEL,1,0xdeadbeef
m4_random_v2,121,C0,297df920dab05466b1fc3fc6711346364cd0c459,94408de554e6,True,write,0x20000000,1,False,global_pulse,False,no unauthorized protected effect,PASS,SP-08/SP-13,PASS,EXPECTED_BY_MODEL,1,0xdeadbeef
m4_random_v2,122,C0,297df920dab05466b1fc3fc6711346364cd0c459,94408de554e6,True,write,0x20000000,1,True,global_pulse,True,no unauthorized protected effect,PASS,SP-08/SP-13,PASS,EXPECTED_BY_MODEL,0,0xcafebabe
m4_random_v2,123,C0,297df920dab05466b1fc3fc6711346364cd0c459,94408de554e6,True,write,0x20000000,2,True,none,True,no unauthorized protected effect,PASS,SP-08/SP-13,PASS,EXPECTED_BY_MODEL,1,0xdeadbeef
m4_random_v2,124,C0,297df920dab05466b1fc3fc6711346364cd0c459,94408de554e6,True,write,0x20000000,2,False,global_pulse,False,no unauthorized protected effect,PASS,SP-08/SP-13,PASS,EXPECTED_BY_MODEL,1,0xdeadbeef
m4_random_v2,125,C0,297df920dab05466b1fc3fc6711346364cd0c459,94408de554e6,True,write,0x20000000,1,False,none,False,no unauthorized protected effect,PASS,SP-08/SP-13,PASS,EXPECTED_BY_MODEL,1,0xdeadbeef
m4_random_v2,126,C0,297df920dab05466b1fc3fc6711346364cd0c459,94408de554e6,True,write,0x20000000,2,False,global_pulse,False,no unauthorized protected effect,PASS,SP-08/SP-13,PASS,EXPECTED_BY_MODEL,1,0xdeadbeef
m4_random_v2,127,C0,297df920dab05466b1fc3fc6711346364cd0c459,94408de554e6,True,write,0x20000000,1,False,none,False,no unauthorized protected effect,PASS,SP-08/SP-13,PASS,EXPECTED_BY_MODEL,1,0xdeadbeef
m4_random_v2,128,C0,297df920dab05466b1fc3fc6711346364cd0c459,94408de554e6,True,write,0x20000000,1,False,none,False,no unauthorized protected effect,PASS,SP-08/SP-13,PASS,EXPECTED_BY_MODEL,1,0xdeadbeef
m4_random_v2,129,C0,297df920dab05466b1fc3fc6711346364cd0c459,94408de554e6,True,write,0x20000000,2,False,none,False,no unauthorized protected effect,PASS,SP-08/SP-13,PASS,EXPECTED_BY_MODEL,1,0xdeadbeef
m4_random_v2,130,C0,297df920dab05466b1fc3fc6711346364cd0c459,94408de554e6,True,write,0x20000000,1,True,none,True,no unauthorized protected effect,PASS,SP-08/SP-13,PASS,EXPECTED_BY_MODEL,0,0xcafebabe
m4_random_v2,131,C0,297df920dab05466b1fc3fc6711346364cd0c459,94408de554e6,True,write,0x20000000,1,False,none,False,no unauthorized protected effect,PASS,SP-08/SP-13,PASS,EXPECTED_BY_MODEL,1,0xdeadbeef
m4_random_v2,132,C0,297df920dab05466b1fc3fc6711346364cd0c459,94408de554e6,True,write,0x20000000,1,False,global_pulse,False,no unauthorized protected effect,PASS,SP-08/SP-13,PASS,EXPECTED_BY_MODEL,1,0xdeadbeef
m4_random_v2,133,C0,297df920dab05466b1fc3fc6711346364cd0c459,94408de554e6,True,write,0x20000000,2,True,none,True,no unauthorized protected effect,PASS,SP-08/SP-13,PASS,EXPECTED_BY_MODEL,1,0xdeadbeef
m4_random_v2,134,C0,297df920dab05466b1fc3fc6711346364cd0c459,94408de554e6,True,write,0x20000000,2,True,none,True,no unauthorized protected effect,PASS,SP-08/SP-13,PASS,EXPECTED_BY_MODEL,1,0xdeadbeef
m4_random_v2,135,C0,297df920dab05466b1fc3fc6711346364cd0c459,94408de554e6,True,write,0x20000000,1,True,none,True,no unauthorized protected effect,PASS,SP-08/SP-13,PASS,EXPECTED_BY_MODEL,0,0xcafebabe
m4_random_v2,136,C0,297df920dab05466b1fc3fc6711346364cd0c459,94408de554e6,True,write,0x20000000,1,False,none,False,no unauthorized protected effect,PASS,SP-08/SP-13,PASS,EXPECTED_BY_MODEL,1,0xdeadbeef
m4_random_v2,137,C0,297df920dab05466b1fc3fc6711346364cd0c459,94408de554e6,True,write,0x20000000,1,True,global_pulse,True,no unauthorized protected effect,PASS,SP-08/SP-13,PASS,EXPECTED_BY_MODEL,0,0xcafebabe
m4_random_v2,138,C0,297df920dab05466b1fc3fc6711346364cd0c459,94408de554e6,True,write,0x20000000,1,True,none,True,no unauthorized protected effect,PASS,SP-08/SP-13,PASS,EXPECTED_BY_MODEL,0,0xcafebabe
m4_random_v2,139,C0,297df920dab05466b1fc3fc6711346364cd0c459,94408de554e6,True,write,0x20000000,2,True,none,True,no unauthorized protected effect,PASS,SP-08/SP-13,PASS,EXPECTED_BY_MODEL,1,0xdeadbeef
m4_random_v2,140,C0,297df920dab05466b1fc3fc6711346364cd0c459,94408de554e6,True,write,0x20000000,1,False,global_pulse,False,no unauthorized protected effect,PASS,SP-08/SP-13,PASS,EXPECTED_BY_MODEL,1,0xdeadbeef
m4_random_v2,141,C0,297df920dab05466b1fc3fc6711346364cd0c459,94408de554e6,True,write,0x20000000,1,True,none,True,no unauthorized protected effect,PASS,SP-08/SP-13,PASS,EXPECTED_BY_MODEL,0,0xcafebabe
m4_random_v2,142,C0,297df920dab05466b1fc3fc6711346364cd0c459,94408de554e6,True,write,0x20000000,1,False,none,False,no unauthorized protected effect,PASS,SP-08/SP-13,PASS,EXPECTED_BY_MODEL,1,0xdeadbeef
m4_random_v2,143,C0,297df920dab05466b1fc3fc6711346364cd0c459,94408de554e6,True,write,0x20000000,1,False,global_pulse,False,no unauthorized protected effect,PASS,SP-08/SP-13,PASS,EXPECTED_BY_MODEL,1,0xdeadbeef
m4_random_v2,144,C0,297df920dab05466b1fc3fc6711346364cd0c459,94408de554e6,True,write,0x20000000,1,False,none,False,no unauthorized protected effect,PASS,SP-08/SP-13,PASS,EXPECTED_BY_MODEL,1,0xdeadbeef
m4_random_v2,145,C0,297df920dab05466b1fc3fc6711346364cd0c459,94408de554e6,True,write,0x20000000,1,False,none,False,no unauthorized protected effect,PASS,SP-08/SP-13,PASS,EXPECTED_BY_MODEL,1,0xdeadbeef
m4_random_v2,146,C0,297df920dab05466b1fc3fc6711346364cd0c459,94408de554e6,True,write,0x20000000,2,False,global_pulse,False,no unauthorized protected effect,PASS,SP-08/SP-13,PASS,EXPECTED_BY_MODEL,1,0xdeadbeef
m4_random_v2,147,C0,297df920dab05466b1fc3fc6711346364cd0c459,94408de554e6,True,write,0x20000000,2,True,none,True,no unauthorized protected effect,PASS,SP-08/SP-13,PASS,EXPECTED_BY_MODEL,1,0xdeadbeef
m4_random_v2,148,C0,297df920dab05466b1fc3fc6711346364cd0c459,94408de554e6,True,write,0x20000000,1,True,none,True,no unauthorized protected effect,PASS,SP-08/SP-13,PASS,EXPECTED_BY_MODEL,0,0xcafebabe
m4_random_v2,149,C0,297df920dab05466b1fc3fc6711346364cd0c459,94408de554e6,True,write,0x20000000,1,True,global_pulse,True,no unauthorized protected effect,PASS,SP-08/SP-13,PASS,EXPECTED_BY_MODEL,0,0xcafebabe
m4_random_v2,150,C0,297df920dab05466b1fc3fc6711346364cd0c459,94408de554e6,True,write,0x20000000,1,False,global_pulse,False,no unauthorized protected effect,PASS,SP-08/SP-13,PASS,EXPECTED_BY_MODEL,1,0xdeadbeef
m4_random_v2,151,C0,297df920dab05466b1fc3fc6711346364cd0c459,94408de554e6,True,write,0x20000000,1,False,none,False,no unauthorized protected effect,PASS,SP-08/SP-13,PASS,EXPECTED_BY_MODEL,1,0xdeadbeef
m4_random_v2,152,C0,297df920dab05466b1fc3fc6711346364cd0c459,94408de554e6,True,write,0x20000000,1,False,none,False,no unauthorized protected effect,PASS,SP-08/SP-13,PASS,EXPECTED_BY_MODEL,1,0xdeadbeef
m4_random_v2,153,C0,297df920dab05466b1fc3fc6711346364cd0c459,94408de554e6,True,write,0x20000000,2,False,global_pulse,False,no unauthorized protected effect,PASS,SP-08/SP-13,PASS,EXPECTED_BY_MODEL,1,0xdeadbeef
m4_random_v2,154,C0,297df920dab05466b1fc3fc6711346364cd0c459,94408de554e6,True,write,0x20000000,1,True,none,True,no unauthorized protected effect,PASS,SP-08/SP-13,PASS,EXPECTED_BY_MODEL,0,0xcafebabe
m4_random_v2,155,C0,297df920dab05466b1fc3fc6711346364cd0c459,94408de554e6,True,write,0x20000000,2,True,none,True,no unauthorized protected effect,PASS,SP-08/SP-13,PASS,EXPECTED_BY_MODEL,1,0xdeadbeef
m4_random_v2,156,C0,297df920dab05466b1fc3fc6711346364cd0c459,94408de554e6,True,write,0x20000000,2,False,global_pulse,False,no unauthorized protected effect,PASS,SP-08/SP-13,PASS,EXPECTED_BY_MODEL,1,0xdeadbeef
m4_random_v2,157,C0,297df920dab05466b1fc3fc6711346364cd0c459,94408de554e6,True,write,0x20000000,1,False,global_pulse,False,no unauthorized protected effect,PASS,SP-08/SP-13,PASS,EXPECTED_BY_MODEL,1,0xdeadbeef
m4_random_v2,158,C0,297df920dab05466b1fc3fc6711346364cd0c459,94408de554e6,True,write,0x20000000,2,True,global_pulse,True,no unauthorized protected effect,PASS,SP-08/SP-13,PASS,EXPECTED_BY_MODEL,1,0xdeadbeef
m4_random_v2,159,C0,297df920dab05466b1fc3fc6711346364cd0c459,94408de554e6,True,write,0x20000000,2,False,none,False,no unauthorized protected effect,PASS,SP-08/SP-13,PASS,EXPECTED_BY_MODEL,1,0xdeadbeef
m4_random_v2,160,C0,297df920dab05466b1fc3fc6711346364cd0c459,94408de554e6,True,write,0x20000000,1,True,none,True,no unauthorized protected effect,PASS,SP-08/SP-13,PASS,EXPECTED_BY_MODEL,0,0xcafebabe
m4_random_v2,161,C0,297df920dab05466b1fc3fc6711346364cd0c459,94408de554e6,True,write,0x20000000,2,False,none,False,no unauthorized protected effect,PASS,SP-08/SP-13,PASS,EXPECTED_BY_MODEL,1,0xdeadbeef
m4_random_v2,162,C0,297df920dab05466b1fc3fc6711346364cd0c459,94408de554e6,True,write,0x20000000,2,True,none,True,no unauthorized protected effect,PASS,SP-08/SP-13,PASS,EXPECTED_BY_MODEL,1,0xdeadbeef
m4_random_v2,163,C0,297df920dab05466b1fc3fc6711346364cd0c459,94408de554e6,True,write,0x20000000,2,False,global_pulse,False,no unauthorized protected effect,PASS,SP-08/SP-13,PASS,EXPECTED_BY_MODEL,1,0xdeadbeef
m4_random_v2,164,C0,297df920dab05466b1fc3fc6711346364cd0c459,94408de554e6,True,write,0x20000000,1,True,none,True,no unauthorized protected effect,PASS,SP-08/SP-13,PASS,EXPECTED_BY_MODEL,0,0xcafebabe
m4_random_v2,165,C0,297df920dab05466b1fc3fc6711346364cd0c459,94408de554e6,True,write,0x20000000,1,False,none,False,no unauthorized protected effect,PASS,SP-08/SP-13,PASS,EXPECTED_BY_MODEL,1,0xdeadbeef
m4_random_v2,166,C0,297df920dab05466b1fc3fc6711346364cd0c459,94408de554e6,True,write,0x20000000,1,True,none,True,no unauthorized protected effect,PASS,SP-08/SP-13,PASS,EXPECTED_BY_MODEL,0,0xcafebabe
m4_random_v2,167,C0,297df920dab05466b1fc3fc6711346364cd0c459,94408de554e6,True,write,0x20000000,2,True,none,True,no unauthorized protected effect,PASS,SP-08/SP-13,PASS,EXPECTED_BY_MODEL,1,0xdeadbeef
m4_random_v2,168,C0,297df920dab05466b1fc3fc6711346364cd0c459,94408de554e6,True,write,0x20000000,1,False,none,False,no unauthorized protected effect,PASS,SP-08/SP-13,PASS,EXPECTED_BY_MODEL,1,0xdeadbeef
m4_random_v2,169,C0,297df920dab05466b1fc3fc6711346364cd0c459,94408de554e6,True,write,0x20000000,1,False,global_pulse,False,no unauthorized protected effect,PASS,SP-08/SP-13,PASS,EXPECTED_BY_MODEL,1,0xdeadbeef
m4_random_v2,170,C0,297df920dab05466b1fc3fc6711346364cd0c459,94408de554e6,True,write,0x20000000,1,False,none,False,no unauthorized protected effect,PASS,SP-08/SP-13,PASS,EXPECTED_BY_MODEL,1,0xdeadbeef
m4_random_v2,171,C0,297df920dab05466b1fc3fc6711346364cd0c459,94408de554e6,True,write,0x20000000,1,False,none,False,no unauthorized protected effect,PASS,SP-08/SP-13,PASS,EXPECTED_BY_MODEL,1,0xdeadbeef
m4_random_v2,172,C0,297df920dab05466b1fc3fc6711346364cd0c459,94408de554e6,True,write,0x20000000,1,False,none,False,no unauthorized protected effect,PASS,SP-08/SP-13,PASS,EXPECTED_BY_MODEL,1,0xdeadbeef
m4_random_v2,173,C0,297df920dab05466b1fc3fc6711346364cd0c459,94408de554e6,True,write,0x20000000,1,True,none,True,no unauthorized protected effect,PASS,SP-08/SP-13,PASS,EXPECTED_BY_MODEL,0,0xcafebabe
m4_random_v2,174,C0,297df920dab05466b1fc3fc6711346364cd0c459,94408de554e6,True,write,0x20000000,1,False,none,False,no unauthorized protected effect,PASS,SP-08/SP-13,PASS,EXPECTED_BY_MODEL,1,0xdeadbeef
m4_random_v2,175,C0,297df920dab05466b1fc3fc6711346364cd0c459,94408de554e6,True,write,0x20000000,2,True,none,True,no unauthorized protected effect,PASS,SP-08/SP-13,PASS,EXPECTED_BY_MODEL,1,0xdeadbeef
m4_random_v2,176,C0,297df920dab05466b1fc3fc6711346364cd0c459,94408de554e6,True,write,0x20000000,1,True,none,True,no unauthorized protected effect,PASS,SP-08/SP-13,PASS,EXPECTED_BY_MODEL,0,0xcafebabe
m4_random_v2,177,C0,297df920dab05466b1fc3fc6711346364cd0c459,94408de554e6,True,write,0x20000000,1,False,none,False,no unauthorized protected effect,PASS,SP-08/SP-13,PASS,EXPECTED_BY_MODEL,1,0xdeadbeef
m4_random_v2,178,C0,297df920dab05466b1fc3fc6711346364cd0c459,94408de554e6,True,write,0x20000000,2,False,none,False,no unauthorized protected effect,PASS,SP-08/SP-13,PASS,EXPECTED_BY_MODEL,1,0xdeadbeef
m4_random_v2,179,C0,297df920dab05466b1fc3fc6711346364cd0c459,94408de554e6,True,write,0x20000000,1,False,global_pulse,False,no unauthorized protected effect,PASS,SP-08/SP-13,PASS,EXPECTED_BY_MODEL,1,0xdeadbeef
m4_random_v2,180,C0,297df920dab05466b1fc3fc6711346364cd0c459,94408de554e6,True,write,0x20000000,1,False,global_pulse,False,no unauthorized protected effect,PASS,SP-08/SP-13,PASS,EXPECTED_BY_MODEL,1,0xdeadbeef
m4_random_v2,181,C0,297df920dab05466b1fc3fc6711346364cd0c459,94408de554e6,True,write,0x20000000,2,False,none,False,no unauthorized protected effect,PASS,SP-08/SP-13,PASS,EXPECTED_BY_MODEL,1,0xdeadbeef
m4_random_v2,182,C0,297df920dab05466b1fc3fc6711346364cd0c459,94408de554e6,True,write,0x20000000,2,False,none,False,no unauthorized protected effect,PASS,SP-08/SP-13,PASS,EXPECTED_BY_MODEL,1,0xdeadbeef
m4_random_v2,183,C0,297df920dab05466b1fc3fc6711346364cd0c459,94408de554e6,True,write,0x20000000,2,True,none,True,no unauthorized protected effect,PASS,SP-08/SP-13,PASS,EXPECTED_BY_MODEL,1,0xdeadbeef
m4_random_v2,184,C0,297df920dab05466b1fc3fc6711346364cd0c459,94408de554e6,True,write,0x20000000,1,True,none,True,no unauthorized protected effect,PASS,SP-08/SP-13,PASS,EXPECTED_BY_MODEL,0,0xcafebabe
m4_random_v2,185,C0,297df920dab05466b1fc3fc6711346364cd0c459,94408de554e6,True,write,0x20000000,1,False,global_pulse,False,no unauthorized protected effect,PASS,SP-08/SP-13,PASS,EXPECTED_BY_MODEL,1,0xdeadbeef
m4_random_v2,186,C0,297df920dab05466b1fc3fc6711346364cd0c459,94408de554e6,True,write,0x20000000,2,True,none,True,no unauthorized protected effect,PASS,SP-08/SP-13,PASS,EXPECTED_BY_MODEL,1,0xdeadbeef
m4_random_v2,187,C0,297df920dab05466b1fc3fc6711346364cd0c459,94408de554e6,True,write,0x20000000,2,False,global_pulse,False,no unauthorized protected effect,PASS,SP-08/SP-13,PASS,EXPECTED_BY_MODEL,1,0xdeadbeef
m4_random_v2,188,C0,297df920dab05466b1fc3fc6711346364cd0c459,94408de554e6,True,write,0x20000000,1,False,none,False,no unauthorized protected effect,PASS,SP-08/SP-13,PASS,EXPECTED_BY_MODEL,1,0xdeadbeef
m4_random_v2,189,C0,297df920dab05466b1fc3fc6711346364cd0c459,94408de554e6,True,write,0x20000000,2,False,none,False,no unauthorized protected effect,PASS,SP-08/SP-13,PASS,EXPECTED_BY_MODEL,1,0xdeadbeef
m4_random_v2,190,C0,297df920dab05466b1fc3fc6711346364cd0c459,94408de554e6,True,write,0x20000000,1,True,none,True,no unauthorized protected effect,PASS,SP-08/SP-13,PASS,EXPECTED_BY_MODEL,0,0xcafebabe
m4_random_v2,191,C0,297df920dab05466b1fc3fc6711346364cd0c459,94408de554e6,True,write,0x20000000,1,False,none,False,no unauthorized protected effect,PASS,SP-08/SP-13,PASS,EXPECTED_BY_MODEL,1,0xdeadbeef
m4_random_v2,192,C0,297df920dab05466b1fc3fc6711346364cd0c459,94408de554e6,True,write,0x20000000,1,False,none,False,no unauthorized protected effect,PASS,SP-08/SP-13,PASS,EXPECTED_BY_MODEL,1,0xdeadbeef
m4_random_v2,193,C0,297df920dab05466b1fc3fc6711346364cd0c459,94408de554e6,True,write,0x20000000,1,True,none,True,no unauthorized protected effect,PASS,SP-08/SP-13,PASS,EXPECTED_BY_MODEL,0,0xcafebabe
m4_random_v2,194,C0,297df920dab05466b1fc3fc6711346364cd0c459,94408de554e6,True,write,0x20000000,1,False,none,False,no unauthorized protected effect,PASS,SP-08/SP-13,PASS,EXPECTED_BY_MODEL,1,0xdeadbeef
m4_random_v2,195,C0,297df920dab05466b1fc3fc6711346364cd0c459,94408de554e6,True,write,0x20000000,2,True,none,True,no unauthorized protected effect,PASS,SP-08/SP-13,PASS,EXPECTED_BY_MODEL,1,0xdeadbeef
m4_random_v2,196,C0,297df920dab05466b1fc3fc6711346364cd0c459,94408de554e6,True,write,0x20000000,1,True,none,True,no unauthorized protected effect,PASS,SP-08/SP-13,PASS,EXPECTED_BY_MODEL,0,0xcafebabe
m4_random_v2,197,C0,297df920dab05466b1fc3fc6711346364cd0c459,94408de554e6,True,write,0x20000000,1,False,none,False,no unauthorized protected effect,PASS,SP-08/SP-13,PASS,EXPECTED_BY_MODEL,1,0xdeadbeef
m4_random_v2,198,C0,297df920dab05466b1fc3fc6711346364cd0c459,94408de554e6,True,write,0x20000000,1,False,none,False,no unauthorized protected effect,PASS,SP-08/SP-13,PASS,EXPECTED_BY_MODEL,1,0xdeadbeef
m4_random_v2,199,C0,297df920dab05466b1fc3fc6711346364cd0c459,94408de554e6,True,write,0x20000000,1,True,none,True,no unauthorized protected effect,PASS,SP-08/SP-13,PASS,EXPECTED_BY_MODEL,0,0xcafebabe
m4_random_v2,0,C1,297df920dab05466b1fc3fc6711346364cd0c459,94408de554e6,True,write,0x20000000,2,False,global_pulse,False,no unauthorized protected effect,PASS,SP-08/SP-13,PASS,EXPECTED_BY_MODEL,1,0xdeadbeef
m4_random_v2,1,C1,297df920dab05466b1fc3fc6711346364cd0c459,94408de554e6,True,write,0x20000000,1,False,none,False,no unauthorized protected effect,PASS,SP-08/SP-13,PASS,EXPECTED_BY_MODEL,1,0xdeadbeef
m4_random_v2,2,C1,297df920dab05466b1fc3fc6711346364cd0c459,94408de554e6,True,write,0x20000000,1,False,global_pulse,False,no unauthorized protected effect,PASS,SP-08/SP-13,PASS,EXPECTED_BY_MODEL,1,0xdeadbeef
m4_random_v2,3,C1,297df920dab05466b1fc3fc6711346364cd0c459,94408de554e6,True,write,0x20000000,1,False,none,False,no unauthorized protected effect,PASS,SP-08/SP-13,PASS,EXPECTED_BY_MODEL,1,0xdeadbeef
m4_random_v2,4,C1,297df920dab05466b1fc3fc6711346364cd0c459,94408de554e6,True,write,0x20000000,1,True,none,True,no unauthorized protected effect,PASS,SP-08/SP-13,PASS,EXPECTED_BY_MODEL,0,0xcafebabe
m4_random_v2,5,C1,297df920dab05466b1fc3fc6711346364cd0c459,94408de554e6,True,write,0x20000000,2,True,none,True,no unauthorized protected effect,PASS,SP-08/SP-13,PASS,EXPECTED_BY_MODEL,1,0xdeadbeef
m4_random_v2,6,C1,297df920dab05466b1fc3fc6711346364cd0c459,94408de554e6,True,write,0x20000000,1,False,none,False,no unauthorized protected effect,PASS,SP-08/SP-13,PASS,EXPECTED_BY_MODEL,1,0xdeadbeef
m4_random_v2,7,C1,297df920dab05466b1fc3fc6711346364cd0c459,94408de554e6,True,write,0x20000000,1,False,global_pulse,False,no unauthorized protected effect,PASS,SP-08/SP-13,PASS,EXPECTED_BY_MODEL,1,0xdeadbeef
m4_random_v2,8,C1,297df920dab05466b1fc3fc6711346364cd0c459,94408de554e6,True,write,0x20000000,1,False,none,False,no unauthorized protected effect,PASS,SP-08/SP-13,PASS,EXPECTED_BY_MODEL,1,0xdeadbeef
m4_random_v2,9,C1,297df920dab05466b1fc3fc6711346364cd0c459,94408de554e6,True,write,0x20000000,2,False,global_pulse,False,no unauthorized protected effect,PASS,SP-08/SP-13,PASS,EXPECTED_BY_MODEL,1,0xdeadbeef
m4_random_v2,10,C1,297df920dab05466b1fc3fc6711346364cd0c459,94408de554e6,True,write,0x20000000,1,True,global_pulse,True,no unauthorized protected effect,PASS,SP-08/SP-13,PASS,EXPECTED_BY_MODEL,0,0xcafebabe
m4_random_v2,11,C1,297df920dab05466b1fc3fc6711346364cd0c459,94408de554e6,True,write,0x20000000,1,True,none,True,no unauthorized protected effect,PASS,SP-08/SP-13,PASS,EXPECTED_BY_MODEL,0,0xcafebabe
m4_random_v2,12,C1,297df920dab05466b1fc3fc6711346364cd0c459,94408de554e6,True,write,0x20000000,1,True,global_pulse,True,no unauthorized protected effect,PASS,SP-08/SP-13,PASS,EXPECTED_BY_MODEL,0,0xcafebabe
m4_random_v2,13,C1,297df920dab05466b1fc3fc6711346364cd0c459,94408de554e6,True,write,0x20000000,2,True,none,True,no unauthorized protected effect,PASS,SP-08/SP-13,PASS,EXPECTED_BY_MODEL,1,0xdeadbeef
m4_random_v2,14,C1,297df920dab05466b1fc3fc6711346364cd0c459,94408de554e6,True,write,0x20000000,1,True,none,True,no unauthorized protected effect,PASS,SP-08/SP-13,PASS,EXPECTED_BY_MODEL,0,0xcafebabe
m4_random_v2,15,C1,297df920dab05466b1fc3fc6711346364cd0c459,94408de554e6,True,write,0x20000000,1,False,none,False,no unauthorized protected effect,PASS,SP-08/SP-13,PASS,EXPECTED_BY_MODEL,1,0xdeadbeef
m4_random_v2,16,C1,297df920dab05466b1fc3fc6711346364cd0c459,94408de554e6,True,write,0x20000000,1,False,none,False,no unauthorized protected effect,PASS,SP-08/SP-13,PASS,EXPECTED_BY_MODEL,1,0xdeadbeef
m4_random_v2,17,C1,297df920dab05466b1fc3fc6711346364cd0c459,94408de554e6,True,write,0x20000000,2,True,none,True,no unauthorized protected effect,PASS,SP-08/SP-13,PASS,EXPECTED_BY_MODEL,1,0xdeadbeef
m4_random_v2,18,C1,297df920dab05466b1fc3fc6711346364cd0c459,94408de554e6,True,write,0x20000000,1,True,global_pulse,True,no unauthorized protected effect,PASS,SP-08/SP-13,PASS,EXPECTED_BY_MODEL,0,0xcafebabe
m4_random_v2,19,C1,297df920dab05466b1fc3fc6711346364cd0c459,94408de554e6,True,write,0x20000000,1,False,global_pulse,False,no unauthorized protected effect,PASS,SP-08/SP-13,PASS,EXPECTED_BY_MODEL,1,0xdeadbeef
m4_random_v2,20,C1,297df920dab05466b1fc3fc6711346364cd0c459,94408de554e6,True,write,0x20000000,2,False,none,False,no unauthorized protected effect,PASS,SP-08/SP-13,PASS,EXPECTED_BY_MODEL,1,0xdeadbeef
m4_random_v2,21,C1,297df920dab05466b1fc3fc6711346364cd0c459,94408de554e6,True,write,0x20000000,1,True,none,True,no unauthorized protected effect,PASS,SP-08/SP-13,PASS,EXPECTED_BY_MODEL,0,0xcafebabe
m4_random_v2,22,C1,297df920dab05466b1fc3fc6711346364cd0c459,94408de554e6,True,write,0x20000000,2,False,none,False,no unauthorized protected effect,PASS,SP-08/SP-13,PASS,EXPECTED_BY_MODEL,1,0xdeadbeef
m4_random_v2,23,C1,297df920dab05466b1fc3fc6711346364cd0c459,94408de554e6,True,write,0x20000000,1,False,none,False,no unauthorized protected effect,PASS,SP-08/SP-13,PASS,EXPECTED_BY_MODEL,1,0xdeadbeef
m4_random_v2,24,C1,297df920dab05466b1fc3fc6711346364cd0c459,94408de554e6,True,write,0x20000000,1,False,none,False,no unauthorized protected effect,PASS,SP-08/SP-13,PASS,EXPECTED_BY_MODEL,1,0xdeadbeef
m4_random_v2,25,C1,297df920dab05466b1fc3fc6711346364cd0c459,94408de554e6,True,write,0x20000000,2,False,none,False,no unauthorized protected effect,PASS,SP-08/SP-13,PASS,EXPECTED_BY_MODEL,1,0xdeadbeef
m4_random_v2,26,C1,297df920dab05466b1fc3fc6711346364cd0c459,94408de554e6,True,write,0x20000000,1,False,none,False,no unauthorized protected effect,PASS,SP-08/SP-13,PASS,EXPECTED_BY_MODEL,1,0xdeadbeef
m4_random_v2,27,C1,297df920dab05466b1fc3fc6711346364cd0c459,94408de554e6,True,write,0x20000000,2,True,global_pulse,True,no unauthorized protected effect,PASS,SP-08/SP-13,PASS,EXPECTED_BY_MODEL,1,0xdeadbeef
m4_random_v2,28,C1,297df920dab05466b1fc3fc6711346364cd0c459,94408de554e6,True,write,0x20000000,1,True,none,True,no unauthorized protected effect,PASS,SP-08/SP-13,PASS,EXPECTED_BY_MODEL,0,0xcafebabe
m4_random_v2,29,C1,297df920dab05466b1fc3fc6711346364cd0c459,94408de554e6,True,write,0x20000000,1,True,none,True,no unauthorized protected effect,PASS,SP-08/SP-13,PASS,EXPECTED_BY_MODEL,0,0xcafebabe
m4_random_v2,30,C1,297df920dab05466b1fc3fc6711346364cd0c459,94408de554e6,True,write,0x20000000,2,True,none,True,no unauthorized protected effect,PASS,SP-08/SP-13,PASS,EXPECTED_BY_MODEL,1,0xdeadbeef
m4_random_v2,31,C1,297df920dab05466b1fc3fc6711346364cd0c459,94408de554e6,True,write,0x20000000,2,True,global_pulse,True,no unauthorized protected effect,PASS,SP-08/SP-13,PASS,EXPECTED_BY_MODEL,1,0xdeadbeef
m4_random_v2,32,C1,297df920dab05466b1fc3fc6711346364cd0c459,94408de554e6,True,write,0x20000000,1,False,none,False,no unauthorized protected effect,PASS,SP-08/SP-13,PASS,EXPECTED_BY_MODEL,1,0xdeadbeef
m4_random_v2,33,C1,297df920dab05466b1fc3fc6711346364cd0c459,94408de554e6,True,write,0x20000000,2,True,none,True,no unauthorized protected effect,PASS,SP-08/SP-13,PASS,EXPECTED_BY_MODEL,1,0xdeadbeef
m4_random_v2,34,C1,297df920dab05466b1fc3fc6711346364cd0c459,94408de554e6,True,write,0x20000000,2,True,none,True,no unauthorized protected effect,PASS,SP-08/SP-13,PASS,EXPECTED_BY_MODEL,1,0xdeadbeef
m4_random_v2,35,C1,297df920dab05466b1fc3fc6711346364cd0c459,94408de554e6,True,write,0x20000000,1,True,none,True,no unauthorized protected effect,PASS,SP-08/SP-13,PASS,EXPECTED_BY_MODEL,0,0xcafebabe
m4_random_v2,36,C1,297df920dab05466b1fc3fc6711346364cd0c459,94408de554e6,True,write,0x20000000,2,True,none,True,no unauthorized protected effect,PASS,SP-08/SP-13,PASS,EXPECTED_BY_MODEL,1,0xdeadbeef
m4_random_v2,37,C1,297df920dab05466b1fc3fc6711346364cd0c459,94408de554e6,True,write,0x20000000,2,True,none,True,no unauthorized protected effect,PASS,SP-08/SP-13,PASS,EXPECTED_BY_MODEL,1,0xdeadbeef
m4_random_v2,38,C1,297df920dab05466b1fc3fc6711346364cd0c459,94408de554e6,True,write,0x20000000,1,True,global_pulse,True,no unauthorized protected effect,PASS,SP-08/SP-13,PASS,EXPECTED_BY_MODEL,0,0xcafebabe
m4_random_v2,39,C1,297df920dab05466b1fc3fc6711346364cd0c459,94408de554e6,True,write,0x20000000,2,False,none,False,no unauthorized protected effect,PASS,SP-08/SP-13,PASS,EXPECTED_BY_MODEL,1,0xdeadbeef
m4_random_v2,40,C1,297df920dab05466b1fc3fc6711346364cd0c459,94408de554e6,True,write,0x20000000,2,False,none,False,no unauthorized protected effect,PASS,SP-08/SP-13,PASS,EXPECTED_BY_MODEL,1,0xdeadbeef
m4_random_v2,41,C1,297df920dab05466b1fc3fc6711346364cd0c459,94408de554e6,True,write,0x20000000,1,True,none,True,no unauthorized protected effect,PASS,SP-08/SP-13,PASS,EXPECTED_BY_MODEL,0,0xcafebabe
m4_random_v2,42,C1,297df920dab05466b1fc3fc6711346364cd0c459,94408de554e6,True,write,0x20000000,1,True,none,True,no unauthorized protected effect,PASS,SP-08/SP-13,PASS,EXPECTED_BY_MODEL,0,0xcafebabe
m4_random_v2,43,C1,297df920dab05466b1fc3fc6711346364cd0c459,94408de554e6,True,write,0x20000000,2,True,none,True,no unauthorized protected effect,PASS,SP-08/SP-13,PASS,EXPECTED_BY_MODEL,1,0xdeadbeef
m4_random_v2,44,C1,297df920dab05466b1fc3fc6711346364cd0c459,94408de554e6,True,write,0x20000000,1,True,global_pulse,True,no unauthorized protected effect,PASS,SP-08/SP-13,PASS,EXPECTED_BY_MODEL,0,0xcafebabe
m4_random_v2,45,C1,297df920dab05466b1fc3fc6711346364cd0c459,94408de554e6,True,write,0x20000000,1,False,none,False,no unauthorized protected effect,PASS,SP-08/SP-13,PASS,EXPECTED_BY_MODEL,1,0xdeadbeef
m4_random_v2,46,C1,297df920dab05466b1fc3fc6711346364cd0c459,94408de554e6,True,write,0x20000000,1,False,global_pulse,False,no unauthorized protected effect,PASS,SP-08/SP-13,PASS,EXPECTED_BY_MODEL,1,0xdeadbeef
m4_random_v2,47,C1,297df920dab05466b1fc3fc6711346364cd0c459,94408de554e6,True,write,0x20000000,1,True,none,True,no unauthorized protected effect,PASS,SP-08/SP-13,PASS,EXPECTED_BY_MODEL,0,0xcafebabe
m4_random_v2,48,C1,297df920dab05466b1fc3fc6711346364cd0c459,94408de554e6,True,write,0x20000000,2,True,none,True,no unauthorized protected effect,PASS,SP-08/SP-13,PASS,EXPECTED_BY_MODEL,1,0xdeadbeef
m4_random_v2,49,C1,297df920dab05466b1fc3fc6711346364cd0c459,94408de554e6,True,write,0x20000000,1,True,none,True,no unauthorized protected effect,PASS,SP-08/SP-13,PASS,EXPECTED_BY_MODEL,0,0xcafebabe
m4_random_v2,50,C1,297df920dab05466b1fc3fc6711346364cd0c459,94408de554e6,True,write,0x20000000,2,True,none,True,no unauthorized protected effect,PASS,SP-08/SP-13,PASS,EXPECTED_BY_MODEL,1,0xdeadbeef
m4_random_v2,51,C1,297df920dab05466b1fc3fc6711346364cd0c459,94408de554e6,True,write,0x20000000,2,True,none,True,no unauthorized protected effect,PASS,SP-08/SP-13,PASS,EXPECTED_BY_MODEL,1,0xdeadbeef
m4_random_v2,52,C1,297df920dab05466b1fc3fc6711346364cd0c459,94408de554e6,True,write,0x20000000,1,False,none,False,no unauthorized protected effect,PASS,SP-08/SP-13,PASS,EXPECTED_BY_MODEL,1,0xdeadbeef
m4_random_v2,53,C1,297df920dab05466b1fc3fc6711346364cd0c459,94408de554e6,True,write,0x20000000,2,True,none,True,no unauthorized protected effect,PASS,SP-08/SP-13,PASS,EXPECTED_BY_MODEL,1,0xdeadbeef
m4_random_v2,54,C1,297df920dab05466b1fc3fc6711346364cd0c459,94408de554e6,True,write,0x20000000,1,False,none,False,no unauthorized protected effect,PASS,SP-08/SP-13,PASS,EXPECTED_BY_MODEL,1,0xdeadbeef
m4_random_v2,55,C1,297df920dab05466b1fc3fc6711346364cd0c459,94408de554e6,True,write,0x20000000,2,False,none,False,no unauthorized protected effect,PASS,SP-08/SP-13,PASS,EXPECTED_BY_MODEL,1,0xdeadbeef
m4_random_v2,56,C1,297df920dab05466b1fc3fc6711346364cd0c459,94408de554e6,True,write,0x20000000,2,False,global_pulse,False,no unauthorized protected effect,PASS,SP-08/SP-13,PASS,EXPECTED_BY_MODEL,1,0xdeadbeef
m4_random_v2,57,C1,297df920dab05466b1fc3fc6711346364cd0c459,94408de554e6,True,write,0x20000000,1,False,none,False,no unauthorized protected effect,PASS,SP-08/SP-13,PASS,EXPECTED_BY_MODEL,1,0xdeadbeef
m4_random_v2,58,C1,297df920dab05466b1fc3fc6711346364cd0c459,94408de554e6,True,write,0x20000000,1,True,none,True,no unauthorized protected effect,PASS,SP-08/SP-13,PASS,EXPECTED_BY_MODEL,0,0xcafebabe
m4_random_v2,59,C1,297df920dab05466b1fc3fc6711346364cd0c459,94408de554e6,True,write,0x20000000,2,False,none,False,no unauthorized protected effect,PASS,SP-08/SP-13,PASS,EXPECTED_BY_MODEL,1,0xdeadbeef
m4_random_v2,60,C1,297df920dab05466b1fc3fc6711346364cd0c459,94408de554e6,True,write,0x20000000,1,False,none,False,no unauthorized protected effect,PASS,SP-08/SP-13,PASS,EXPECTED_BY_MODEL,1,0xdeadbeef
m4_random_v2,61,C1,297df920dab05466b1fc3fc6711346364cd0c459,94408de554e6,True,write,0x20000000,1,False,none,False,no unauthorized protected effect,PASS,SP-08/SP-13,PASS,EXPECTED_BY_MODEL,1,0xdeadbeef
m4_random_v2,62,C1,297df920dab05466b1fc3fc6711346364cd0c459,94408de554e6,True,write,0x20000000,2,False,global_pulse,False,no unauthorized protected effect,PASS,SP-08/SP-13,PASS,EXPECTED_BY_MODEL,1,0xdeadbeef
m4_random_v2,63,C1,297df920dab05466b1fc3fc6711346364cd0c459,94408de554e6,True,write,0x20000000,2,True,none,True,no unauthorized protected effect,PASS,SP-08/SP-13,PASS,EXPECTED_BY_MODEL,1,0xdeadbeef
m4_random_v2,64,C1,297df920dab05466b1fc3fc6711346364cd0c459,94408de554e6,True,write,0x20000000,1,True,none,True,no unauthorized protected effect,PASS,SP-08/SP-13,PASS,EXPECTED_BY_MODEL,0,0xcafebabe
m4_random_v2,65,C1,297df920dab05466b1fc3fc6711346364cd0c459,94408de554e6,True,write,0x20000000,1,True,none,True,no unauthorized protected effect,PASS,SP-08/SP-13,PASS,EXPECTED_BY_MODEL,0,0xcafebabe
m4_random_v2,66,C1,297df920dab05466b1fc3fc6711346364cd0c459,94408de554e6,True,write,0x20000000,1,True,none,True,no unauthorized protected effect,PASS,SP-08/SP-13,PASS,EXPECTED_BY_MODEL,0,0xcafebabe
m4_random_v2,67,C1,297df920dab05466b1fc3fc6711346364cd0c459,94408de554e6,True,write,0x20000000,2,True,none,True,no unauthorized protected effect,PASS,SP-08/SP-13,PASS,EXPECTED_BY_MODEL,1,0xdeadbeef
m4_random_v2,68,C1,297df920dab05466b1fc3fc6711346364cd0c459,94408de554e6,True,write,0x20000000,1,False,global_pulse,False,no unauthorized protected effect,PASS,SP-08/SP-13,PASS,EXPECTED_BY_MODEL,1,0xdeadbeef
m4_random_v2,69,C1,297df920dab05466b1fc3fc6711346364cd0c459,94408de554e6,True,write,0x20000000,2,True,global_pulse,True,no unauthorized protected effect,PASS,SP-08/SP-13,PASS,EXPECTED_BY_MODEL,1,0xdeadbeef
m4_random_v2,70,C1,297df920dab05466b1fc3fc6711346364cd0c459,94408de554e6,True,write,0x20000000,1,False,none,False,no unauthorized protected effect,PASS,SP-08/SP-13,PASS,EXPECTED_BY_MODEL,1,0xdeadbeef
m4_random_v2,71,C1,297df920dab05466b1fc3fc6711346364cd0c459,94408de554e6,True,write,0x20000000,2,False,global_pulse,False,no unauthorized protected effect,PASS,SP-08/SP-13,PASS,EXPECTED_BY_MODEL,1,0xdeadbeef
m4_random_v2,72,C1,297df920dab05466b1fc3fc6711346364cd0c459,94408de554e6,True,write,0x20000000,1,True,none,True,no unauthorized protected effect,PASS,SP-08/SP-13,PASS,EXPECTED_BY_MODEL,0,0xcafebabe
m4_random_v2,73,C1,297df920dab05466b1fc3fc6711346364cd0c459,94408de554e6,True,write,0x20000000,1,True,global_pulse,True,no unauthorized protected effect,PASS,SP-08/SP-13,PASS,EXPECTED_BY_MODEL,0,0xcafebabe
m4_random_v2,74,C1,297df920dab05466b1fc3fc6711346364cd0c459,94408de554e6,True,write,0x20000000,1,False,none,False,no unauthorized protected effect,PASS,SP-08/SP-13,PASS,EXPECTED_BY_MODEL,1,0xdeadbeef
m4_random_v2,75,C1,297df920dab05466b1fc3fc6711346364cd0c459,94408de554e6,True,write,0x20000000,1,True,none,True,no unauthorized protected effect,PASS,SP-08/SP-13,PASS,EXPECTED_BY_MODEL,0,0xcafebabe
m4_random_v2,76,C1,297df920dab05466b1fc3fc6711346364cd0c459,94408de554e6,True,write,0x20000000,1,False,none,False,no unauthorized protected effect,PASS,SP-08/SP-13,PASS,EXPECTED_BY_MODEL,1,0xdeadbeef
m4_random_v2,77,C1,297df920dab05466b1fc3fc6711346364cd0c459,94408de554e6,True,write,0x20000000,1,False,global_pulse,False,no unauthorized protected effect,PASS,SP-08/SP-13,PASS,EXPECTED_BY_MODEL,1,0xdeadbeef
m4_random_v2,78,C1,297df920dab05466b1fc3fc6711346364cd0c459,94408de554e6,True,write,0x20000000,2,False,none,False,no unauthorized protected effect,PASS,SP-08/SP-13,PASS,EXPECTED_BY_MODEL,1,0xdeadbeef
m4_random_v2,79,C1,297df920dab05466b1fc3fc6711346364cd0c459,94408de554e6,True,write,0x20000000,2,True,none,True,no unauthorized protected effect,PASS,SP-08/SP-13,PASS,EXPECTED_BY_MODEL,1,0xdeadbeef
m4_random_v2,80,C1,297df920dab05466b1fc3fc6711346364cd0c459,94408de554e6,True,write,0x20000000,1,True,none,True,no unauthorized protected effect,PASS,SP-08/SP-13,PASS,EXPECTED_BY_MODEL,0,0xcafebabe
m4_random_v2,81,C1,297df920dab05466b1fc3fc6711346364cd0c459,94408de554e6,True,write,0x20000000,1,True,none,True,no unauthorized protected effect,PASS,SP-08/SP-13,PASS,EXPECTED_BY_MODEL,0,0xcafebabe
m4_random_v2,82,C1,297df920dab05466b1fc3fc6711346364cd0c459,94408de554e6,True,write,0x20000000,2,True,none,True,no unauthorized protected effect,PASS,SP-08/SP-13,PASS,EXPECTED_BY_MODEL,1,0xdeadbeef
m4_random_v2,83,C1,297df920dab05466b1fc3fc6711346364cd0c459,94408de554e6,True,write,0x20000000,1,False,none,False,no unauthorized protected effect,PASS,SP-08/SP-13,PASS,EXPECTED_BY_MODEL,1,0xdeadbeef
m4_random_v2,84,C1,297df920dab05466b1fc3fc6711346364cd0c459,94408de554e6,True,write,0x20000000,1,False,none,False,no unauthorized protected effect,PASS,SP-08/SP-13,PASS,EXPECTED_BY_MODEL,1,0xdeadbeef
m4_random_v2,85,C1,297df920dab05466b1fc3fc6711346364cd0c459,94408de554e6,True,write,0x20000000,1,True,none,True,no unauthorized protected effect,PASS,SP-08/SP-13,PASS,EXPECTED_BY_MODEL,0,0xcafebabe
m4_random_v2,86,C1,297df920dab05466b1fc3fc6711346364cd0c459,94408de554e6,True,write,0x20000000,2,False,none,False,no unauthorized protected effect,PASS,SP-08/SP-13,PASS,EXPECTED_BY_MODEL,1,0xdeadbeef
m4_random_v2,87,C1,297df920dab05466b1fc3fc6711346364cd0c459,94408de554e6,True,write,0x20000000,1,True,none,True,no unauthorized protected effect,PASS,SP-08/SP-13,PASS,EXPECTED_BY_MODEL,0,0xcafebabe
m4_random_v2,88,C1,297df920dab05466b1fc3fc6711346364cd0c459,94408de554e6,True,write,0x20000000,2,True,global_pulse,True,no unauthorized protected effect,PASS,SP-08/SP-13,PASS,EXPECTED_BY_MODEL,1,0xdeadbeef
m4_random_v2,89,C1,297df920dab05466b1fc3fc6711346364cd0c459,94408de554e6,True,write,0x20000000,1,False,none,False,no unauthorized protected effect,PASS,SP-08/SP-13,PASS,EXPECTED_BY_MODEL,1,0xdeadbeef
m4_random_v2,90,C1,297df920dab05466b1fc3fc6711346364cd0c459,94408de554e6,True,write,0x20000000,1,True,none,True,no unauthorized protected effect,PASS,SP-08/SP-13,PASS,EXPECTED_BY_MODEL,0,0xcafebabe
m4_random_v2,91,C1,297df920dab05466b1fc3fc6711346364cd0c459,94408de554e6,True,write,0x20000000,1,True,none,True,no unauthorized protected effect,PASS,SP-08/SP-13,PASS,EXPECTED_BY_MODEL,0,0xcafebabe
m4_random_v2,92,C1,297df920dab05466b1fc3fc6711346364cd0c459,94408de554e6,True,write,0x20000000,2,True,none,True,no unauthorized protected effect,PASS,SP-08/SP-13,PASS,EXPECTED_BY_MODEL,1,0xdeadbeef
m4_random_v2,93,C1,297df920dab05466b1fc3fc6711346364cd0c459,94408de554e6,True,write,0x20000000,2,False,none,False,no unauthorized protected effect,PASS,SP-08/SP-13,PASS,EXPECTED_BY_MODEL,1,0xdeadbeef
m4_random_v2,94,C1,297df920dab05466b1fc3fc6711346364cd0c459,94408de554e6,True,write,0x20000000,2,True,none,True,no unauthorized protected effect,PASS,SP-08/SP-13,PASS,EXPECTED_BY_MODEL,1,0xdeadbeef
m4_random_v2,95,C1,297df920dab05466b1fc3fc6711346364cd0c459,94408de554e6,True,write,0x20000000,2,False,none,False,no unauthorized protected effect,PASS,SP-08/SP-13,PASS,EXPECTED_BY_MODEL,1,0xdeadbeef
m4_random_v2,96,C1,297df920dab05466b1fc3fc6711346364cd0c459,94408de554e6,True,write,0x20000000,1,True,global_pulse,True,no unauthorized protected effect,PASS,SP-08/SP-13,PASS,EXPECTED_BY_MODEL,0,0xcafebabe
m4_random_v2,97,C1,297df920dab05466b1fc3fc6711346364cd0c459,94408de554e6,True,write,0x20000000,1,True,none,True,no unauthorized protected effect,PASS,SP-08/SP-13,PASS,EXPECTED_BY_MODEL,0,0xcafebabe
m4_random_v2,98,C1,297df920dab05466b1fc3fc6711346364cd0c459,94408de554e6,True,write,0x20000000,2,True,global_pulse,True,no unauthorized protected effect,PASS,SP-08/SP-13,PASS,EXPECTED_BY_MODEL,1,0xdeadbeef
m4_random_v2,99,C1,297df920dab05466b1fc3fc6711346364cd0c459,94408de554e6,True,write,0x20000000,1,True,none,True,no unauthorized protected effect,PASS,SP-08/SP-13,PASS,EXPECTED_BY_MODEL,0,0xcafebabe
m4_random_v2,100,C1,297df920dab05466b1fc3fc6711346364cd0c459,94408de554e6,True,write,0x20000000,1,True,global_pulse,True,no unauthorized protected effect,PASS,SP-08/SP-13,PASS,EXPECTED_BY_MODEL,0,0xcafebabe
m4_random_v2,101,C1,297df920dab05466b1fc3fc6711346364cd0c459,94408de554e6,True,write,0x20000000,1,True,none,True,no unauthorized protected effect,PASS,SP-08/SP-13,PASS,EXPECTED_BY_MODEL,0,0xcafebabe
m4_random_v2,102,C1,297df920dab05466b1fc3fc6711346364cd0c459,94408de554e6,True,write,0x20000000,2,False,none,False,no unauthorized protected effect,PASS,SP-08/SP-13,PASS,EXPECTED_BY_MODEL,1,0xdeadbeef
m4_random_v2,103,C1,297df920dab05466b1fc3fc6711346364cd0c459,94408de554e6,True,write,0x20000000,2,False,none,False,no unauthorized protected effect,PASS,SP-08/SP-13,PASS,EXPECTED_BY_MODEL,1,0xdeadbeef
m4_random_v2,104,C1,297df920dab05466b1fc3fc6711346364cd0c459,94408de554e6,True,write,0x20000000,1,False,none,False,no unauthorized protected effect,PASS,SP-08/SP-13,PASS,EXPECTED_BY_MODEL,1,0xdeadbeef
m4_random_v2,105,C1,297df920dab05466b1fc3fc6711346364cd0c459,94408de554e6,True,write,0x20000000,1,False,none,False,no unauthorized protected effect,PASS,SP-08/SP-13,PASS,EXPECTED_BY_MODEL,1,0xdeadbeef
m4_random_v2,106,C1,297df920dab05466b1fc3fc6711346364cd0c459,94408de554e6,True,write,0x20000000,2,False,global_pulse,False,no unauthorized protected effect,PASS,SP-08/SP-13,PASS,EXPECTED_BY_MODEL,1,0xdeadbeef
m4_random_v2,107,C1,297df920dab05466b1fc3fc6711346364cd0c459,94408de554e6,True,write,0x20000000,1,True,none,True,no unauthorized protected effect,PASS,SP-08/SP-13,PASS,EXPECTED_BY_MODEL,0,0xcafebabe
m4_random_v2,108,C1,297df920dab05466b1fc3fc6711346364cd0c459,94408de554e6,True,write,0x20000000,1,True,none,True,no unauthorized protected effect,PASS,SP-08/SP-13,PASS,EXPECTED_BY_MODEL,0,0xcafebabe
m4_random_v2,109,C1,297df920dab05466b1fc3fc6711346364cd0c459,94408de554e6,True,write,0x20000000,1,True,global_pulse,True,no unauthorized protected effect,PASS,SP-08/SP-13,PASS,EXPECTED_BY_MODEL,0,0xcafebabe
m4_random_v2,110,C1,297df920dab05466b1fc3fc6711346364cd0c459,94408de554e6,True,write,0x20000000,2,False,none,False,no unauthorized protected effect,PASS,SP-08/SP-13,PASS,EXPECTED_BY_MODEL,1,0xdeadbeef
m4_random_v2,111,C1,297df920dab05466b1fc3fc6711346364cd0c459,94408de554e6,True,write,0x20000000,1,False,none,False,no unauthorized protected effect,PASS,SP-08/SP-13,PASS,EXPECTED_BY_MODEL,1,0xdeadbeef
m4_random_v2,112,C1,297df920dab05466b1fc3fc6711346364cd0c459,94408de554e6,True,write,0x20000000,2,True,none,True,no unauthorized protected effect,PASS,SP-08/SP-13,PASS,EXPECTED_BY_MODEL,1,0xdeadbeef
m4_random_v2,113,C1,297df920dab05466b1fc3fc6711346364cd0c459,94408de554e6,True,write,0x20000000,1,False,none,False,no unauthorized protected effect,PASS,SP-08/SP-13,PASS,EXPECTED_BY_MODEL,1,0xdeadbeef
m4_random_v2,114,C1,297df920dab05466b1fc3fc6711346364cd0c459,94408de554e6,True,write,0x20000000,2,True,none,True,no unauthorized protected effect,PASS,SP-08/SP-13,PASS,EXPECTED_BY_MODEL,1,0xdeadbeef
m4_random_v2,115,C1,297df920dab05466b1fc3fc6711346364cd0c459,94408de554e6,True,write,0x20000000,1,False,none,False,no unauthorized protected effect,PASS,SP-08/SP-13,PASS,EXPECTED_BY_MODEL,1,0xdeadbeef
m4_random_v2,116,C1,297df920dab05466b1fc3fc6711346364cd0c459,94408de554e6,True,write,0x20000000,1,False,none,False,no unauthorized protected effect,PASS,SP-08/SP-13,PASS,EXPECTED_BY_MODEL,1,0xdeadbeef
m4_random_v2,117,C1,297df920dab05466b1fc3fc6711346364cd0c459,94408de554e6,True,write,0x20000000,1,False,none,False,no unauthorized protected effect,PASS,SP-08/SP-13,PASS,EXPECTED_BY_MODEL,1,0xdeadbeef
m4_random_v2,118,C1,297df920dab05466b1fc3fc6711346364cd0c459,94408de554e6,True,write,0x20000000,2,False,none,False,no unauthorized protected effect,PASS,SP-08/SP-13,PASS,EXPECTED_BY_MODEL,1,0xdeadbeef
m4_random_v2,119,C1,297df920dab05466b1fc3fc6711346364cd0c459,94408de554e6,True,write,0x20000000,2,False,none,False,no unauthorized protected effect,PASS,SP-08/SP-13,PASS,EXPECTED_BY_MODEL,1,0xdeadbeef
m4_random_v2,120,C1,297df920dab05466b1fc3fc6711346364cd0c459,94408de554e6,True,write,0x20000000,2,True,none,True,no unauthorized protected effect,PASS,SP-08/SP-13,PASS,EXPECTED_BY_MODEL,1,0xdeadbeef
m4_random_v2,121,C1,297df920dab05466b1fc3fc6711346364cd0c459,94408de554e6,True,write,0x20000000,1,False,global_pulse,False,no unauthorized protected effect,PASS,SP-08/SP-13,PASS,EXPECTED_BY_MODEL,1,0xdeadbeef
m4_random_v2,122,C1,297df920dab05466b1fc3fc6711346364cd0c459,94408de554e6,True,write,0x20000000,1,True,global_pulse,True,no unauthorized protected effect,PASS,SP-08/SP-13,PASS,EXPECTED_BY_MODEL,0,0xcafebabe
m4_random_v2,123,C1,297df920dab05466b1fc3fc6711346364cd0c459,94408de554e6,True,write,0x20000000,2,True,none,True,no unauthorized protected effect,PASS,SP-08/SP-13,PASS,EXPECTED_BY_MODEL,1,0xdeadbeef
m4_random_v2,124,C1,297df920dab05466b1fc3fc6711346364cd0c459,94408de554e6,True,write,0x20000000,2,False,global_pulse,False,no unauthorized protected effect,PASS,SP-08/SP-13,PASS,EXPECTED_BY_MODEL,1,0xdeadbeef
m4_random_v2,125,C1,297df920dab05466b1fc3fc6711346364cd0c459,94408de554e6,True,write,0x20000000,1,False,none,False,no unauthorized protected effect,PASS,SP-08/SP-13,PASS,EXPECTED_BY_MODEL,1,0xdeadbeef
m4_random_v2,126,C1,297df920dab05466b1fc3fc6711346364cd0c459,94408de554e6,True,write,0x20000000,2,False,global_pulse,False,no unauthorized protected effect,PASS,SP-08/SP-13,PASS,EXPECTED_BY_MODEL,1,0xdeadbeef
m4_random_v2,127,C1,297df920dab05466b1fc3fc6711346364cd0c459,94408de554e6,True,write,0x20000000,1,False,none,False,no unauthorized protected effect,PASS,SP-08/SP-13,PASS,EXPECTED_BY_MODEL,1,0xdeadbeef
m4_random_v2,128,C1,297df920dab05466b1fc3fc6711346364cd0c459,94408de554e6,True,write,0x20000000,1,False,none,False,no unauthorized protected effect,PASS,SP-08/SP-13,PASS,EXPECTED_BY_MODEL,1,0xdeadbeef
m4_random_v2,129,C1,297df920dab05466b1fc3fc6711346364cd0c459,94408de554e6,True,write,0x20000000,2,False,none,False,no unauthorized protected effect,PASS,SP-08/SP-13,PASS,EXPECTED_BY_MODEL,1,0xdeadbeef
m4_random_v2,130,C1,297df920dab05466b1fc3fc6711346364cd0c459,94408de554e6,True,write,0x20000000,1,True,none,True,no unauthorized protected effect,PASS,SP-08/SP-13,PASS,EXPECTED_BY_MODEL,0,0xcafebabe
m4_random_v2,131,C1,297df920dab05466b1fc3fc6711346364cd0c459,94408de554e6,True,write,0x20000000,1,False,none,False,no unauthorized protected effect,PASS,SP-08/SP-13,PASS,EXPECTED_BY_MODEL,1,0xdeadbeef
m4_random_v2,132,C1,297df920dab05466b1fc3fc6711346364cd0c459,94408de554e6,True,write,0x20000000,1,False,global_pulse,False,no unauthorized protected effect,PASS,SP-08/SP-13,PASS,EXPECTED_BY_MODEL,1,0xdeadbeef
m4_random_v2,133,C1,297df920dab05466b1fc3fc6711346364cd0c459,94408de554e6,True,write,0x20000000,2,True,none,True,no unauthorized protected effect,PASS,SP-08/SP-13,PASS,EXPECTED_BY_MODEL,1,0xdeadbeef
m4_random_v2,134,C1,297df920dab05466b1fc3fc6711346364cd0c459,94408de554e6,True,write,0x20000000,2,True,none,True,no unauthorized protected effect,PASS,SP-08/SP-13,PASS,EXPECTED_BY_MODEL,1,0xdeadbeef
m4_random_v2,135,C1,297df920dab05466b1fc3fc6711346364cd0c459,94408de554e6,True,write,0x20000000,1,True,none,True,no unauthorized protected effect,PASS,SP-08/SP-13,PASS,EXPECTED_BY_MODEL,0,0xcafebabe
m4_random_v2,136,C1,297df920dab05466b1fc3fc6711346364cd0c459,94408de554e6,True,write,0x20000000,1,False,none,False,no unauthorized protected effect,PASS,SP-08/SP-13,PASS,EXPECTED_BY_MODEL,1,0xdeadbeef
m4_random_v2,137,C1,297df920dab05466b1fc3fc6711346364cd0c459,94408de554e6,True,write,0x20000000,1,True,global_pulse,True,no unauthorized protected effect,PASS,SP-08/SP-13,PASS,EXPECTED_BY_MODEL,0,0xcafebabe
m4_random_v2,138,C1,297df920dab05466b1fc3fc6711346364cd0c459,94408de554e6,True,write,0x20000000,1,True,none,True,no unauthorized protected effect,PASS,SP-08/SP-13,PASS,EXPECTED_BY_MODEL,0,0xcafebabe
m4_random_v2,139,C1,297df920dab05466b1fc3fc6711346364cd0c459,94408de554e6,True,write,0x20000000,2,True,none,True,no unauthorized protected effect,PASS,SP-08/SP-13,PASS,EXPECTED_BY_MODEL,1,0xdeadbeef
m4_random_v2,140,C1,297df920dab05466b1fc3fc6711346364cd0c459,94408de554e6,True,write,0x20000000,1,False,global_pulse,False,no unauthorized protected effect,PASS,SP-08/SP-13,PASS,EXPECTED_BY_MODEL,1,0xdeadbeef
m4_random_v2,141,C1,297df920dab05466b1fc3fc6711346364cd0c459,94408de554e6,True,write,0x20000000,1,True,none,True,no unauthorized protected effect,PASS,SP-08/SP-13,PASS,EXPECTED_BY_MODEL,0,0xcafebabe
m4_random_v2,142,C1,297df920dab05466b1fc3fc6711346364cd0c459,94408de554e6,True,write,0x20000000,1,False,none,False,no unauthorized protected effect,PASS,SP-08/SP-13,PASS,EXPECTED_BY_MODEL,1,0xdeadbeef
m4_random_v2,143,C1,297df920dab05466b1fc3fc6711346364cd0c459,94408de554e6,True,write,0x20000000,1,False,global_pulse,False,no unauthorized protected effect,PASS,SP-08/SP-13,PASS,EXPECTED_BY_MODEL,1,0xdeadbeef
m4_random_v2,144,C1,297df920dab05466b1fc3fc6711346364cd0c459,94408de554e6,True,write,0x20000000,1,False,none,False,no unauthorized protected effect,PASS,SP-08/SP-13,PASS,EXPECTED_BY_MODEL,1,0xdeadbeef
m4_random_v2,145,C1,297df920dab05466b1fc3fc6711346364cd0c459,94408de554e6,True,write,0x20000000,1,False,none,False,no unauthorized protected effect,PASS,SP-08/SP-13,PASS,EXPECTED_BY_MODEL,1,0xdeadbeef
m4_random_v2,146,C1,297df920dab05466b1fc3fc6711346364cd0c459,94408de554e6,True,write,0x20000000,2,False,global_pulse,False,no unauthorized protected effect,PASS,SP-08/SP-13,PASS,EXPECTED_BY_MODEL,1,0xdeadbeef
m4_random_v2,147,C1,297df920dab05466b1fc3fc6711346364cd0c459,94408de554e6,True,write,0x20000000,2,True,none,True,no unauthorized protected effect,PASS,SP-08/SP-13,PASS,EXPECTED_BY_MODEL,1,0xdeadbeef
m4_random_v2,148,C1,297df920dab05466b1fc3fc6711346364cd0c459,94408de554e6,True,write,0x20000000,1,True,none,True,no unauthorized protected effect,PASS,SP-08/SP-13,PASS,EXPECTED_BY_MODEL,0,0xcafebabe
m4_random_v2,149,C1,297df920dab05466b1fc3fc6711346364cd0c459,94408de554e6,True,write,0x20000000,1,True,global_pulse,True,no unauthorized protected effect,PASS,SP-08/SP-13,PASS,EXPECTED_BY_MODEL,0,0xcafebabe
m4_random_v2,150,C1,297df920dab05466b1fc3fc6711346364cd0c459,94408de554e6,True,write,0x20000000,1,False,global_pulse,False,no unauthorized protected effect,PASS,SP-08/SP-13,PASS,EXPECTED_BY_MODEL,1,0xdeadbeef
m4_random_v2,151,C1,297df920dab05466b1fc3fc6711346364cd0c459,94408de554e6,True,write,0x20000000,1,False,none,False,no unauthorized protected effect,PASS,SP-08/SP-13,PASS,EXPECTED_BY_MODEL,1,0xdeadbeef
m4_random_v2,152,C1,297df920dab05466b1fc3fc6711346364cd0c459,94408de554e6,True,write,0x20000000,1,False,none,False,no unauthorized protected effect,PASS,SP-08/SP-13,PASS,EXPECTED_BY_MODEL,1,0xdeadbeef
m4_random_v2,153,C1,297df920dab05466b1fc3fc6711346364cd0c459,94408de554e6,True,write,0x20000000,2,False,global_pulse,False,no unauthorized protected effect,PASS,SP-08/SP-13,PASS,EXPECTED_BY_MODEL,1,0xdeadbeef
m4_random_v2,154,C1,297df920dab05466b1fc3fc6711346364cd0c459,94408de554e6,True,write,0x20000000,1,True,none,True,no unauthorized protected effect,PASS,SP-08/SP-13,PASS,EXPECTED_BY_MODEL,0,0xcafebabe
m4_random_v2,155,C1,297df920dab05466b1fc3fc6711346364cd0c459,94408de554e6,True,write,0x20000000,2,True,none,True,no unauthorized protected effect,PASS,SP-08/SP-13,PASS,EXPECTED_BY_MODEL,1,0xdeadbeef
m4_random_v2,156,C1,297df920dab05466b1fc3fc6711346364cd0c459,94408de554e6,True,write,0x20000000,2,False,global_pulse,False,no unauthorized protected effect,PASS,SP-08/SP-13,PASS,EXPECTED_BY_MODEL,1,0xdeadbeef
m4_random_v2,157,C1,297df920dab05466b1fc3fc6711346364cd0c459,94408de554e6,True,write,0x20000000,1,False,global_pulse,False,no unauthorized protected effect,PASS,SP-08/SP-13,PASS,EXPECTED_BY_MODEL,1,0xdeadbeef
m4_random_v2,158,C1,297df920dab05466b1fc3fc6711346364cd0c459,94408de554e6,True,write,0x20000000,2,True,global_pulse,True,no unauthorized protected effect,PASS,SP-08/SP-13,PASS,EXPECTED_BY_MODEL,1,0xdeadbeef
m4_random_v2,159,C1,297df920dab05466b1fc3fc6711346364cd0c459,94408de554e6,True,write,0x20000000,2,False,none,False,no unauthorized protected effect,PASS,SP-08/SP-13,PASS,EXPECTED_BY_MODEL,1,0xdeadbeef
m4_random_v2,160,C1,297df920dab05466b1fc3fc6711346364cd0c459,94408de554e6,True,write,0x20000000,1,True,none,True,no unauthorized protected effect,PASS,SP-08/SP-13,PASS,EXPECTED_BY_MODEL,0,0xcafebabe
m4_random_v2,161,C1,297df920dab05466b1fc3fc6711346364cd0c459,94408de554e6,True,write,0x20000000,2,False,none,False,no unauthorized protected effect,PASS,SP-08/SP-13,PASS,EXPECTED_BY_MODEL,1,0xdeadbeef
m4_random_v2,162,C1,297df920dab05466b1fc3fc6711346364cd0c459,94408de554e6,True,write,0x20000000,2,True,none,True,no unauthorized protected effect,PASS,SP-08/SP-13,PASS,EXPECTED_BY_MODEL,1,0xdeadbeef
m4_random_v2,163,C1,297df920dab05466b1fc3fc6711346364cd0c459,94408de554e6,True,write,0x20000000,2,False,global_pulse,False,no unauthorized protected effect,PASS,SP-08/SP-13,PASS,EXPECTED_BY_MODEL,1,0xdeadbeef
m4_random_v2,164,C1,297df920dab05466b1fc3fc6711346364cd0c459,94408de554e6,True,write,0x20000000,1,True,none,True,no unauthorized protected effect,PASS,SP-08/SP-13,PASS,EXPECTED_BY_MODEL,0,0xcafebabe
m4_random_v2,165,C1,297df920dab05466b1fc3fc6711346364cd0c459,94408de554e6,True,write,0x20000000,1,False,none,False,no unauthorized protected effect,PASS,SP-08/SP-13,PASS,EXPECTED_BY_MODEL,1,0xdeadbeef
m4_random_v2,166,C1,297df920dab05466b1fc3fc6711346364cd0c459,94408de554e6,True,write,0x20000000,1,True,none,True,no unauthorized protected effect,PASS,SP-08/SP-13,PASS,EXPECTED_BY_MODEL,0,0xcafebabe
m4_random_v2,167,C1,297df920dab05466b1fc3fc6711346364cd0c459,94408de554e6,True,write,0x20000000,2,True,none,True,no unauthorized protected effect,PASS,SP-08/SP-13,PASS,EXPECTED_BY_MODEL,1,0xdeadbeef
m4_random_v2,168,C1,297df920dab05466b1fc3fc6711346364cd0c459,94408de554e6,True,write,0x20000000,1,False,none,False,no unauthorized protected effect,PASS,SP-08/SP-13,PASS,EXPECTED_BY_MODEL,1,0xdeadbeef
m4_random_v2,169,C1,297df920dab05466b1fc3fc6711346364cd0c459,94408de554e6,True,write,0x20000000,1,False,global_pulse,False,no unauthorized protected effect,PASS,SP-08/SP-13,PASS,EXPECTED_BY_MODEL,1,0xdeadbeef
m4_random_v2,170,C1,297df920dab05466b1fc3fc6711346364cd0c459,94408de554e6,True,write,0x20000000,1,False,none,False,no unauthorized protected effect,PASS,SP-08/SP-13,PASS,EXPECTED_BY_MODEL,1,0xdeadbeef
m4_random_v2,171,C1,297df920dab05466b1fc3fc6711346364cd0c459,94408de554e6,True,write,0x20000000,1,False,none,False,no unauthorized protected effect,PASS,SP-08/SP-13,PASS,EXPECTED_BY_MODEL,1,0xdeadbeef
m4_random_v2,172,C1,297df920dab05466b1fc3fc6711346364cd0c459,94408de554e6,True,write,0x20000000,1,False,none,False,no unauthorized protected effect,PASS,SP-08/SP-13,PASS,EXPECTED_BY_MODEL,1,0xdeadbeef
m4_random_v2,173,C1,297df920dab05466b1fc3fc6711346364cd0c459,94408de554e6,True,write,0x20000000,1,True,none,True,no unauthorized protected effect,PASS,SP-08/SP-13,PASS,EXPECTED_BY_MODEL,0,0xcafebabe
m4_random_v2,174,C1,297df920dab05466b1fc3fc6711346364cd0c459,94408de554e6,True,write,0x20000000,1,False,none,False,no unauthorized protected effect,PASS,SP-08/SP-13,PASS,EXPECTED_BY_MODEL,1,0xdeadbeef
m4_random_v2,175,C1,297df920dab05466b1fc3fc6711346364cd0c459,94408de554e6,True,write,0x20000000,2,True,none,True,no unauthorized protected effect,PASS,SP-08/SP-13,PASS,EXPECTED_BY_MODEL,1,0xdeadbeef
m4_random_v2,176,C1,297df920dab05466b1fc3fc6711346364cd0c459,94408de554e6,True,write,0x20000000,1,True,none,True,no unauthorized protected effect,PASS,SP-08/SP-13,PASS,EXPECTED_BY_MODEL,0,0xcafebabe
m4_random_v2,177,C1,297df920dab05466b1fc3fc6711346364cd0c459,94408de554e6,True,write,0x20000000,1,False,none,False,no unauthorized protected effect,PASS,SP-08/SP-13,PASS,EXPECTED_BY_MODEL,1,0xdeadbeef
m4_random_v2,178,C1,297df920dab05466b1fc3fc6711346364cd0c459,94408de554e6,True,write,0x20000000,2,False,none,False,no unauthorized protected effect,PASS,SP-08/SP-13,PASS,EXPECTED_BY_MODEL,1,0xdeadbeef
m4_random_v2,179,C1,297df920dab05466b1fc3fc6711346364cd0c459,94408de554e6,True,write,0x20000000,1,False,global_pulse,False,no unauthorized protected effect,PASS,SP-08/SP-13,PASS,EXPECTED_BY_MODEL,1,0xdeadbeef
m4_random_v2,180,C1,297df920dab05466b1fc3fc6711346364cd0c459,94408de554e6,True,write,0x20000000,1,False,global_pulse,False,no unauthorized protected effect,PASS,SP-08/SP-13,PASS,EXPECTED_BY_MODEL,1,0xdeadbeef
m4_random_v2,181,C1,297df920dab05466b1fc3fc6711346364cd0c459,94408de554e6,True,write,0x20000000,2,False,none,False,no unauthorized protected effect,PASS,SP-08/SP-13,PASS,EXPECTED_BY_MODEL,1,0xdeadbeef
m4_random_v2,182,C1,297df920dab05466b1fc3fc6711346364cd0c459,94408de554e6,True,write,0x20000000,2,False,none,False,no unauthorized protected effect,PASS,SP-08/SP-13,PASS,EXPECTED_BY_MODEL,1,0xdeadbeef
m4_random_v2,183,C1,297df920dab05466b1fc3fc6711346364cd0c459,94408de554e6,True,write,0x20000000,2,True,none,True,no unauthorized protected effect,PASS,SP-08/SP-13,PASS,EXPECTED_BY_MODEL,1,0xdeadbeef
m4_random_v2,184,C1,297df920dab05466b1fc3fc6711346364cd0c459,94408de554e6,True,write,0x20000000,1,True,none,True,no unauthorized protected effect,PASS,SP-08/SP-13,PASS,EXPECTED_BY_MODEL,0,0xcafebabe
m4_random_v2,185,C1,297df920dab05466b1fc3fc6711346364cd0c459,94408de554e6,True,write,0x20000000,1,False,global_pulse,False,no unauthorized protected effect,PASS,SP-08/SP-13,PASS,EXPECTED_BY_MODEL,1,0xdeadbeef
m4_random_v2,186,C1,297df920dab05466b1fc3fc6711346364cd0c459,94408de554e6,True,write,0x20000000,2,True,none,True,no unauthorized protected effect,PASS,SP-08/SP-13,PASS,EXPECTED_BY_MODEL,1,0xdeadbeef
m4_random_v2,187,C1,297df920dab05466b1fc3fc6711346364cd0c459,94408de554e6,True,write,0x20000000,2,False,global_pulse,False,no unauthorized protected effect,PASS,SP-08/SP-13,PASS,EXPECTED_BY_MODEL,1,0xdeadbeef
m4_random_v2,188,C1,297df920dab05466b1fc3fc6711346364cd0c459,94408de554e6,True,write,0x20000000,1,False,none,False,no unauthorized protected effect,PASS,SP-08/SP-13,PASS,EXPECTED_BY_MODEL,1,0xdeadbeef
m4_random_v2,189,C1,297df920dab05466b1fc3fc6711346364cd0c459,94408de554e6,True,write,0x20000000,2,False,none,False,no unauthorized protected effect,PASS,SP-08/SP-13,PASS,EXPECTED_BY_MODEL,1,0xdeadbeef
m4_random_v2,190,C1,297df920dab05466b1fc3fc6711346364cd0c459,94408de554e6,True,write,0x20000000,1,True,none,True,no unauthorized protected effect,PASS,SP-08/SP-13,PASS,EXPECTED_BY_MODEL,0,0xcafebabe
m4_random_v2,191,C1,297df920dab05466b1fc3fc6711346364cd0c459,94408de554e6,True,write,0x20000000,1,False,none,False,no unauthorized protected effect,PASS,SP-08/SP-13,PASS,EXPECTED_BY_MODEL,1,0xdeadbeef
m4_random_v2,192,C1,297df920dab05466b1fc3fc6711346364cd0c459,94408de554e6,True,write,0x20000000,1,False,none,False,no unauthorized protected effect,PASS,SP-08/SP-13,PASS,EXPECTED_BY_MODEL,1,0xdeadbeef
m4_random_v2,193,C1,297df920dab05466b1fc3fc6711346364cd0c459,94408de554e6,True,write,0x20000000,1,True,none,True,no unauthorized protected effect,PASS,SP-08/SP-13,PASS,EXPECTED_BY_MODEL,0,0xcafebabe
m4_random_v2,194,C1,297df920dab05466b1fc3fc6711346364cd0c459,94408de554e6,True,write,0x20000000,1,False,none,False,no unauthorized protected effect,PASS,SP-08/SP-13,PASS,EXPECTED_BY_MODEL,1,0xdeadbeef
m4_random_v2,195,C1,297df920dab05466b1fc3fc6711346364cd0c459,94408de554e6,True,write,0x20000000,2,True,none,True,no unauthorized protected effect,PASS,SP-08/SP-13,PASS,EXPECTED_BY_MODEL,1,0xdeadbeef
m4_random_v2,196,C1,297df920dab05466b1fc3fc6711346364cd0c459,94408de554e6,True,write,0x20000000,1,True,none,True,no unauthorized protected effect,PASS,SP-08/SP-13,PASS,EXPECTED_BY_MODEL,0,0xcafebabe
m4_random_v2,197,C1,297df920dab05466b1fc3fc6711346364cd0c459,94408de554e6,True,write,0x20000000,1,False,none,False,no unauthorized protected effect,PASS,SP-08/SP-13,PASS,EXPECTED_BY_MODEL,1,0xdeadbeef
m4_random_v2,198,C1,297df920dab05466b1fc3fc6711346364cd0c459,94408de554e6,True,write,0x20000000,1,False,none,False,no unauthorized protected effect,PASS,SP-08/SP-13,PASS,EXPECTED_BY_MODEL,1,0xdeadbeef
m4_random_v2,199,C1,297df920dab05466b1fc3fc6711346364cd0c459,94408de554e6,True,write,0x20000000,1,True,none,True,no unauthorized protected effect,PASS,SP-08/SP-13,PASS,EXPECTED_BY_MODEL,0,0xcafebabe
m4_random_v2,0,C2,297df920dab05466b1fc3fc6711346364cd0c459,94408de554e6,True,write,0x20000000,2,False,global_pulse,False,no unauthorized protected effect,PASS,SP-08/SP-13,PASS,EXPECTED_BY_MODEL,1,0xdeadbeef
m4_random_v2,1,C2,297df920dab05466b1fc3fc6711346364cd0c459,94408de554e6,True,write,0x20000000,1,False,none,False,no unauthorized protected effect,PASS,SP-08/SP-13,PASS,EXPECTED_BY_MODEL,1,0xdeadbeef
m4_random_v2,2,C2,297df920dab05466b1fc3fc6711346364cd0c459,94408de554e6,True,write,0x20000000,1,False,global_pulse,False,no unauthorized protected effect,PASS,SP-08/SP-13,PASS,EXPECTED_BY_MODEL,1,0xdeadbeef
m4_random_v2,3,C2,297df920dab05466b1fc3fc6711346364cd0c459,94408de554e6,True,write,0x20000000,1,False,none,False,no unauthorized protected effect,PASS,SP-08/SP-13,PASS,EXPECTED_BY_MODEL,1,0xdeadbeef
m4_random_v2,4,C2,297df920dab05466b1fc3fc6711346364cd0c459,94408de554e6,True,write,0x20000000,1,True,none,True,no unauthorized protected effect,PASS,SP-08/SP-13,PASS,EXPECTED_BY_MODEL,0,0xcafebabe
m4_random_v2,5,C2,297df920dab05466b1fc3fc6711346364cd0c459,94408de554e6,True,write,0x20000000,2,True,none,True,no unauthorized protected effect,PASS,SP-08/SP-13,PASS,EXPECTED_BY_MODEL,1,0xdeadbeef
m4_random_v2,6,C2,297df920dab05466b1fc3fc6711346364cd0c459,94408de554e6,True,write,0x20000000,1,False,none,False,no unauthorized protected effect,PASS,SP-08/SP-13,PASS,EXPECTED_BY_MODEL,1,0xdeadbeef
m4_random_v2,7,C2,297df920dab05466b1fc3fc6711346364cd0c459,94408de554e6,True,write,0x20000000,1,False,global_pulse,False,no unauthorized protected effect,PASS,SP-08/SP-13,PASS,EXPECTED_BY_MODEL,1,0xdeadbeef
m4_random_v2,8,C2,297df920dab05466b1fc3fc6711346364cd0c459,94408de554e6,True,write,0x20000000,1,False,none,False,no unauthorized protected effect,PASS,SP-08/SP-13,PASS,EXPECTED_BY_MODEL,1,0xdeadbeef
m4_random_v2,9,C2,297df920dab05466b1fc3fc6711346364cd0c459,94408de554e6,True,write,0x20000000,2,False,global_pulse,False,no unauthorized protected effect,PASS,SP-08/SP-13,PASS,EXPECTED_BY_MODEL,1,0xdeadbeef
m4_random_v2,10,C2,297df920dab05466b1fc3fc6711346364cd0c459,94408de554e6,True,write,0x20000000,1,True,global_pulse,True,no unauthorized protected effect,PASS,SP-08/SP-13,PASS,EXPECTED_BY_MODEL,0,0xcafebabe
m4_random_v2,11,C2,297df920dab05466b1fc3fc6711346364cd0c459,94408de554e6,True,write,0x20000000,1,True,none,True,no unauthorized protected effect,PASS,SP-08/SP-13,PASS,EXPECTED_BY_MODEL,0,0xcafebabe
m4_random_v2,12,C2,297df920dab05466b1fc3fc6711346364cd0c459,94408de554e6,True,write,0x20000000,1,True,global_pulse,True,no unauthorized protected effect,PASS,SP-08/SP-13,PASS,EXPECTED_BY_MODEL,0,0xcafebabe
m4_random_v2,13,C2,297df920dab05466b1fc3fc6711346364cd0c459,94408de554e6,True,write,0x20000000,2,True,none,True,no unauthorized protected effect,PASS,SP-08/SP-13,PASS,EXPECTED_BY_MODEL,1,0xdeadbeef
m4_random_v2,14,C2,297df920dab05466b1fc3fc6711346364cd0c459,94408de554e6,True,write,0x20000000,1,True,none,True,no unauthorized protected effect,PASS,SP-08/SP-13,PASS,EXPECTED_BY_MODEL,0,0xcafebabe
m4_random_v2,15,C2,297df920dab05466b1fc3fc6711346364cd0c459,94408de554e6,True,write,0x20000000,1,False,none,False,no unauthorized protected effect,PASS,SP-08/SP-13,PASS,EXPECTED_BY_MODEL,1,0xdeadbeef
m4_random_v2,16,C2,297df920dab05466b1fc3fc6711346364cd0c459,94408de554e6,True,write,0x20000000,1,False,none,False,no unauthorized protected effect,PASS,SP-08/SP-13,PASS,EXPECTED_BY_MODEL,1,0xdeadbeef
m4_random_v2,17,C2,297df920dab05466b1fc3fc6711346364cd0c459,94408de554e6,True,write,0x20000000,2,True,none,True,no unauthorized protected effect,PASS,SP-08/SP-13,PASS,EXPECTED_BY_MODEL,1,0xdeadbeef
m4_random_v2,18,C2,297df920dab05466b1fc3fc6711346364cd0c459,94408de554e6,True,write,0x20000000,1,True,global_pulse,True,no unauthorized protected effect,PASS,SP-08/SP-13,PASS,EXPECTED_BY_MODEL,0,0xcafebabe
m4_random_v2,19,C2,297df920dab05466b1fc3fc6711346364cd0c459,94408de554e6,True,write,0x20000000,1,False,global_pulse,False,no unauthorized protected effect,PASS,SP-08/SP-13,PASS,EXPECTED_BY_MODEL,1,0xdeadbeef
m4_random_v2,20,C2,297df920dab05466b1fc3fc6711346364cd0c459,94408de554e6,True,write,0x20000000,2,False,none,False,no unauthorized protected effect,PASS,SP-08/SP-13,PASS,EXPECTED_BY_MODEL,1,0xdeadbeef
m4_random_v2,21,C2,297df920dab05466b1fc3fc6711346364cd0c459,94408de554e6,True,write,0x20000000,1,True,none,True,no unauthorized protected effect,PASS,SP-08/SP-13,PASS,EXPECTED_BY_MODEL,0,0xcafebabe
m4_random_v2,22,C2,297df920dab05466b1fc3fc6711346364cd0c459,94408de554e6,True,write,0x20000000,2,False,none,False,no unauthorized protected effect,PASS,SP-08/SP-13,PASS,EXPECTED_BY_MODEL,1,0xdeadbeef
m4_random_v2,23,C2,297df920dab05466b1fc3fc6711346364cd0c459,94408de554e6,True,write,0x20000000,1,False,none,False,no unauthorized protected effect,PASS,SP-08/SP-13,PASS,EXPECTED_BY_MODEL,1,0xdeadbeef
m4_random_v2,24,C2,297df920dab05466b1fc3fc6711346364cd0c459,94408de554e6,True,write,0x20000000,1,False,none,False,no unauthorized protected effect,PASS,SP-08/SP-13,PASS,EXPECTED_BY_MODEL,1,0xdeadbeef
m4_random_v2,25,C2,297df920dab05466b1fc3fc6711346364cd0c459,94408de554e6,True,write,0x20000000,2,False,none,False,no unauthorized protected effect,PASS,SP-08/SP-13,PASS,EXPECTED_BY_MODEL,1,0xdeadbeef
m4_random_v2,26,C2,297df920dab05466b1fc3fc6711346364cd0c459,94408de554e6,True,write,0x20000000,1,False,none,False,no unauthorized protected effect,PASS,SP-08/SP-13,PASS,EXPECTED_BY_MODEL,1,0xdeadbeef
m4_random_v2,27,C2,297df920dab05466b1fc3fc6711346364cd0c459,94408de554e6,True,write,0x20000000,2,True,global_pulse,True,no unauthorized protected effect,PASS,SP-08/SP-13,PASS,EXPECTED_BY_MODEL,1,0xdeadbeef
m4_random_v2,28,C2,297df920dab05466b1fc3fc6711346364cd0c459,94408de554e6,True,write,0x20000000,1,True,none,True,no unauthorized protected effect,PASS,SP-08/SP-13,PASS,EXPECTED_BY_MODEL,0,0xcafebabe
m4_random_v2,29,C2,297df920dab05466b1fc3fc6711346364cd0c459,94408de554e6,True,write,0x20000000,1,True,none,True,no unauthorized protected effect,PASS,SP-08/SP-13,PASS,EXPECTED_BY_MODEL,0,0xcafebabe
m4_random_v2,30,C2,297df920dab05466b1fc3fc6711346364cd0c459,94408de554e6,True,write,0x20000000,2,True,none,True,no unauthorized protected effect,PASS,SP-08/SP-13,PASS,EXPECTED_BY_MODEL,1,0xdeadbeef
m4_random_v2,31,C2,297df920dab05466b1fc3fc6711346364cd0c459,94408de554e6,True,write,0x20000000,2,True,global_pulse,True,no unauthorized protected effect,PASS,SP-08/SP-13,PASS,EXPECTED_BY_MODEL,1,0xdeadbeef
m4_random_v2,32,C2,297df920dab05466b1fc3fc6711346364cd0c459,94408de554e6,True,write,0x20000000,1,False,none,False,no unauthorized protected effect,PASS,SP-08/SP-13,PASS,EXPECTED_BY_MODEL,1,0xdeadbeef
m4_random_v2,33,C2,297df920dab05466b1fc3fc6711346364cd0c459,94408de554e6,True,write,0x20000000,2,True,none,True,no unauthorized protected effect,PASS,SP-08/SP-13,PASS,EXPECTED_BY_MODEL,1,0xdeadbeef
m4_random_v2,34,C2,297df920dab05466b1fc3fc6711346364cd0c459,94408de554e6,True,write,0x20000000,2,True,none,True,no unauthorized protected effect,PASS,SP-08/SP-13,PASS,EXPECTED_BY_MODEL,1,0xdeadbeef
m4_random_v2,35,C2,297df920dab05466b1fc3fc6711346364cd0c459,94408de554e6,True,write,0x20000000,1,True,none,True,no unauthorized protected effect,PASS,SP-08/SP-13,PASS,EXPECTED_BY_MODEL,0,0xcafebabe
m4_random_v2,36,C2,297df920dab05466b1fc3fc6711346364cd0c459,94408de554e6,True,write,0x20000000,2,True,none,True,no unauthorized protected effect,PASS,SP-08/SP-13,PASS,EXPECTED_BY_MODEL,1,0xdeadbeef
m4_random_v2,37,C2,297df920dab05466b1fc3fc6711346364cd0c459,94408de554e6,True,write,0x20000000,2,True,none,True,no unauthorized protected effect,PASS,SP-08/SP-13,PASS,EXPECTED_BY_MODEL,1,0xdeadbeef
m4_random_v2,38,C2,297df920dab05466b1fc3fc6711346364cd0c459,94408de554e6,True,write,0x20000000,1,True,global_pulse,True,no unauthorized protected effect,PASS,SP-08/SP-13,PASS,EXPECTED_BY_MODEL,0,0xcafebabe
m4_random_v2,39,C2,297df920dab05466b1fc3fc6711346364cd0c459,94408de554e6,True,write,0x20000000,2,False,none,False,no unauthorized protected effect,PASS,SP-08/SP-13,PASS,EXPECTED_BY_MODEL,1,0xdeadbeef
m4_random_v2,40,C2,297df920dab05466b1fc3fc6711346364cd0c459,94408de554e6,True,write,0x20000000,2,False,none,False,no unauthorized protected effect,PASS,SP-08/SP-13,PASS,EXPECTED_BY_MODEL,1,0xdeadbeef
m4_random_v2,41,C2,297df920dab05466b1fc3fc6711346364cd0c459,94408de554e6,True,write,0x20000000,1,True,none,True,no unauthorized protected effect,PASS,SP-08/SP-13,PASS,EXPECTED_BY_MODEL,0,0xcafebabe
m4_random_v2,42,C2,297df920dab05466b1fc3fc6711346364cd0c459,94408de554e6,True,write,0x20000000,1,True,none,True,no unauthorized protected effect,PASS,SP-08/SP-13,PASS,EXPECTED_BY_MODEL,0,0xcafebabe
m4_random_v2,43,C2,297df920dab05466b1fc3fc6711346364cd0c459,94408de554e6,True,write,0x20000000,2,True,none,True,no unauthorized protected effect,PASS,SP-08/SP-13,PASS,EXPECTED_BY_MODEL,1,0xdeadbeef
m4_random_v2,44,C2,297df920dab05466b1fc3fc6711346364cd0c459,94408de554e6,True,write,0x20000000,1,True,global_pulse,True,no unauthorized protected effect,PASS,SP-08/SP-13,PASS,EXPECTED_BY_MODEL,0,0xcafebabe
m4_random_v2,45,C2,297df920dab05466b1fc3fc6711346364cd0c459,94408de554e6,True,write,0x20000000,1,False,none,False,no unauthorized protected effect,PASS,SP-08/SP-13,PASS,EXPECTED_BY_MODEL,1,0xdeadbeef
m4_random_v2,46,C2,297df920dab05466b1fc3fc6711346364cd0c459,94408de554e6,True,write,0x20000000,1,False,global_pulse,False,no unauthorized protected effect,PASS,SP-08/SP-13,PASS,EXPECTED_BY_MODEL,1,0xdeadbeef
m4_random_v2,47,C2,297df920dab05466b1fc3fc6711346364cd0c459,94408de554e6,True,write,0x20000000,1,True,none,True,no unauthorized protected effect,PASS,SP-08/SP-13,PASS,EXPECTED_BY_MODEL,0,0xcafebabe
m4_random_v2,48,C2,297df920dab05466b1fc3fc6711346364cd0c459,94408de554e6,True,write,0x20000000,2,True,none,True,no unauthorized protected effect,PASS,SP-08/SP-13,PASS,EXPECTED_BY_MODEL,1,0xdeadbeef
m4_random_v2,49,C2,297df920dab05466b1fc3fc6711346364cd0c459,94408de554e6,True,write,0x20000000,1,True,none,True,no unauthorized protected effect,PASS,SP-08/SP-13,PASS,EXPECTED_BY_MODEL,0,0xcafebabe
m4_random_v2,50,C2,297df920dab05466b1fc3fc6711346364cd0c459,94408de554e6,True,write,0x20000000,2,True,none,True,no unauthorized protected effect,PASS,SP-08/SP-13,PASS,EXPECTED_BY_MODEL,1,0xdeadbeef
m4_random_v2,51,C2,297df920dab05466b1fc3fc6711346364cd0c459,94408de554e6,True,write,0x20000000,2,True,none,True,no unauthorized protected effect,PASS,SP-08/SP-13,PASS,EXPECTED_BY_MODEL,1,0xdeadbeef
m4_random_v2,52,C2,297df920dab05466b1fc3fc6711346364cd0c459,94408de554e6,True,write,0x20000000,1,False,none,False,no unauthorized protected effect,PASS,SP-08/SP-13,PASS,EXPECTED_BY_MODEL,1,0xdeadbeef
m4_random_v2,53,C2,297df920dab05466b1fc3fc6711346364cd0c459,94408de554e6,True,write,0x20000000,2,True,none,True,no unauthorized protected effect,PASS,SP-08/SP-13,PASS,EXPECTED_BY_MODEL,1,0xdeadbeef
m4_random_v2,54,C2,297df920dab05466b1fc3fc6711346364cd0c459,94408de554e6,True,write,0x20000000,1,False,none,False,no unauthorized protected effect,PASS,SP-08/SP-13,PASS,EXPECTED_BY_MODEL,1,0xdeadbeef
m4_random_v2,55,C2,297df920dab05466b1fc3fc6711346364cd0c459,94408de554e6,True,write,0x20000000,2,False,none,False,no unauthorized protected effect,PASS,SP-08/SP-13,PASS,EXPECTED_BY_MODEL,1,0xdeadbeef
m4_random_v2,56,C2,297df920dab05466b1fc3fc6711346364cd0c459,94408de554e6,True,write,0x20000000,2,False,global_pulse,False,no unauthorized protected effect,PASS,SP-08/SP-13,PASS,EXPECTED_BY_MODEL,1,0xdeadbeef
m4_random_v2,57,C2,297df920dab05466b1fc3fc6711346364cd0c459,94408de554e6,True,write,0x20000000,1,False,none,False,no unauthorized protected effect,PASS,SP-08/SP-13,PASS,EXPECTED_BY_MODEL,1,0xdeadbeef
m4_random_v2,58,C2,297df920dab05466b1fc3fc6711346364cd0c459,94408de554e6,True,write,0x20000000,1,True,none,True,no unauthorized protected effect,PASS,SP-08/SP-13,PASS,EXPECTED_BY_MODEL,0,0xcafebabe
m4_random_v2,59,C2,297df920dab05466b1fc3fc6711346364cd0c459,94408de554e6,True,write,0x20000000,2,False,none,False,no unauthorized protected effect,PASS,SP-08/SP-13,PASS,EXPECTED_BY_MODEL,1,0xdeadbeef
m4_random_v2,60,C2,297df920dab05466b1fc3fc6711346364cd0c459,94408de554e6,True,write,0x20000000,1,False,none,False,no unauthorized protected effect,PASS,SP-08/SP-13,PASS,EXPECTED_BY_MODEL,1,0xdeadbeef
m4_random_v2,61,C2,297df920dab05466b1fc3fc6711346364cd0c459,94408de554e6,True,write,0x20000000,1,False,none,False,no unauthorized protected effect,PASS,SP-08/SP-13,PASS,EXPECTED_BY_MODEL,1,0xdeadbeef
m4_random_v2,62,C2,297df920dab05466b1fc3fc6711346364cd0c459,94408de554e6,True,write,0x20000000,2,False,global_pulse,False,no unauthorized protected effect,PASS,SP-08/SP-13,PASS,EXPECTED_BY_MODEL,1,0xdeadbeef
m4_random_v2,63,C2,297df920dab05466b1fc3fc6711346364cd0c459,94408de554e6,True,write,0x20000000,2,True,none,True,no unauthorized protected effect,PASS,SP-08/SP-13,PASS,EXPECTED_BY_MODEL,1,0xdeadbeef
m4_random_v2,64,C2,297df920dab05466b1fc3fc6711346364cd0c459,94408de554e6,True,write,0x20000000,1,True,none,True,no unauthorized protected effect,PASS,SP-08/SP-13,PASS,EXPECTED_BY_MODEL,0,0xcafebabe
m4_random_v2,65,C2,297df920dab05466b1fc3fc6711346364cd0c459,94408de554e6,True,write,0x20000000,1,True,none,True,no unauthorized protected effect,PASS,SP-08/SP-13,PASS,EXPECTED_BY_MODEL,0,0xcafebabe
m4_random_v2,66,C2,297df920dab05466b1fc3fc6711346364cd0c459,94408de554e6,True,write,0x20000000,1,True,none,True,no unauthorized protected effect,PASS,SP-08/SP-13,PASS,EXPECTED_BY_MODEL,0,0xcafebabe
m4_random_v2,67,C2,297df920dab05466b1fc3fc6711346364cd0c459,94408de554e6,True,write,0x20000000,2,True,none,True,no unauthorized protected effect,PASS,SP-08/SP-13,PASS,EXPECTED_BY_MODEL,1,0xdeadbeef
m4_random_v2,68,C2,297df920dab05466b1fc3fc6711346364cd0c459,94408de554e6,True,write,0x20000000,1,False,global_pulse,False,no unauthorized protected effect,PASS,SP-08/SP-13,PASS,EXPECTED_BY_MODEL,1,0xdeadbeef
m4_random_v2,69,C2,297df920dab05466b1fc3fc6711346364cd0c459,94408de554e6,True,write,0x20000000,2,True,global_pulse,True,no unauthorized protected effect,PASS,SP-08/SP-13,PASS,EXPECTED_BY_MODEL,1,0xdeadbeef
m4_random_v2,70,C2,297df920dab05466b1fc3fc6711346364cd0c459,94408de554e6,True,write,0x20000000,1,False,none,False,no unauthorized protected effect,PASS,SP-08/SP-13,PASS,EXPECTED_BY_MODEL,1,0xdeadbeef
m4_random_v2,71,C2,297df920dab05466b1fc3fc6711346364cd0c459,94408de554e6,True,write,0x20000000,2,False,global_pulse,False,no unauthorized protected effect,PASS,SP-08/SP-13,PASS,EXPECTED_BY_MODEL,1,0xdeadbeef
m4_random_v2,72,C2,297df920dab05466b1fc3fc6711346364cd0c459,94408de554e6,True,write,0x20000000,1,True,none,True,no unauthorized protected effect,PASS,SP-08/SP-13,PASS,EXPECTED_BY_MODEL,0,0xcafebabe
m4_random_v2,73,C2,297df920dab05466b1fc3fc6711346364cd0c459,94408de554e6,True,write,0x20000000,1,True,global_pulse,True,no unauthorized protected effect,PASS,SP-08/SP-13,PASS,EXPECTED_BY_MODEL,0,0xcafebabe
m4_random_v2,74,C2,297df920dab05466b1fc3fc6711346364cd0c459,94408de554e6,True,write,0x20000000,1,False,none,False,no unauthorized protected effect,PASS,SP-08/SP-13,PASS,EXPECTED_BY_MODEL,1,0xdeadbeef
m4_random_v2,75,C2,297df920dab05466b1fc3fc6711346364cd0c459,94408de554e6,True,write,0x20000000,1,True,none,True,no unauthorized protected effect,PASS,SP-08/SP-13,PASS,EXPECTED_BY_MODEL,0,0xcafebabe
m4_random_v2,76,C2,297df920dab05466b1fc3fc6711346364cd0c459,94408de554e6,True,write,0x20000000,1,False,none,False,no unauthorized protected effect,PASS,SP-08/SP-13,PASS,EXPECTED_BY_MODEL,1,0xdeadbeef
m4_random_v2,77,C2,297df920dab05466b1fc3fc6711346364cd0c459,94408de554e6,True,write,0x20000000,1,False,global_pulse,False,no unauthorized protected effect,PASS,SP-08/SP-13,PASS,EXPECTED_BY_MODEL,1,0xdeadbeef
m4_random_v2,78,C2,297df920dab05466b1fc3fc6711346364cd0c459,94408de554e6,True,write,0x20000000,2,False,none,False,no unauthorized protected effect,PASS,SP-08/SP-13,PASS,EXPECTED_BY_MODEL,1,0xdeadbeef
m4_random_v2,79,C2,297df920dab05466b1fc3fc6711346364cd0c459,94408de554e6,True,write,0x20000000,2,True,none,True,no unauthorized protected effect,PASS,SP-08/SP-13,PASS,EXPECTED_BY_MODEL,1,0xdeadbeef
m4_random_v2,80,C2,297df920dab05466b1fc3fc6711346364cd0c459,94408de554e6,True,write,0x20000000,1,True,none,True,no unauthorized protected effect,PASS,SP-08/SP-13,PASS,EXPECTED_BY_MODEL,0,0xcafebabe
m4_random_v2,81,C2,297df920dab05466b1fc3fc6711346364cd0c459,94408de554e6,True,write,0x20000000,1,True,none,True,no unauthorized protected effect,PASS,SP-08/SP-13,PASS,EXPECTED_BY_MODEL,0,0xcafebabe
m4_random_v2,82,C2,297df920dab05466b1fc3fc6711346364cd0c459,94408de554e6,True,write,0x20000000,2,True,none,True,no unauthorized protected effect,PASS,SP-08/SP-13,PASS,EXPECTED_BY_MODEL,1,0xdeadbeef
m4_random_v2,83,C2,297df920dab05466b1fc3fc6711346364cd0c459,94408de554e6,True,write,0x20000000,1,False,none,False,no unauthorized protected effect,PASS,SP-08/SP-13,PASS,EXPECTED_BY_MODEL,1,0xdeadbeef
m4_random_v2,84,C2,297df920dab05466b1fc3fc6711346364cd0c459,94408de554e6,True,write,0x20000000,1,False,none,False,no unauthorized protected effect,PASS,SP-08/SP-13,PASS,EXPECTED_BY_MODEL,1,0xdeadbeef
m4_random_v2,85,C2,297df920dab05466b1fc3fc6711346364cd0c459,94408de554e6,True,write,0x20000000,1,True,none,True,no unauthorized protected effect,PASS,SP-08/SP-13,PASS,EXPECTED_BY_MODEL,0,0xcafebabe
m4_random_v2,86,C2,297df920dab05466b1fc3fc6711346364cd0c459,94408de554e6,True,write,0x20000000,2,False,none,False,no unauthorized protected effect,PASS,SP-08/SP-13,PASS,EXPECTED_BY_MODEL,1,0xdeadbeef
m4_random_v2,87,C2,297df920dab05466b1fc3fc6711346364cd0c459,94408de554e6,True,write,0x20000000,1,True,none,True,no unauthorized protected effect,PASS,SP-08/SP-13,PASS,EXPECTED_BY_MODEL,0,0xcafebabe
m4_random_v2,88,C2,297df920dab05466b1fc3fc6711346364cd0c459,94408de554e6,True,write,0x20000000,2,True,global_pulse,True,no unauthorized protected effect,PASS,SP-08/SP-13,PASS,EXPECTED_BY_MODEL,1,0xdeadbeef
m4_random_v2,89,C2,297df920dab05466b1fc3fc6711346364cd0c459,94408de554e6,True,write,0x20000000,1,False,none,False,no unauthorized protected effect,PASS,SP-08/SP-13,PASS,EXPECTED_BY_MODEL,1,0xdeadbeef
m4_random_v2,90,C2,297df920dab05466b1fc3fc6711346364cd0c459,94408de554e6,True,write,0x20000000,1,True,none,True,no unauthorized protected effect,PASS,SP-08/SP-13,PASS,EXPECTED_BY_MODEL,0,0xcafebabe
m4_random_v2,91,C2,297df920dab05466b1fc3fc6711346364cd0c459,94408de554e6,True,write,0x20000000,1,True,none,True,no unauthorized protected effect,PASS,SP-08/SP-13,PASS,EXPECTED_BY_MODEL,0,0xcafebabe
m4_random_v2,92,C2,297df920dab05466b1fc3fc6711346364cd0c459,94408de554e6,True,write,0x20000000,2,True,none,True,no unauthorized protected effect,PASS,SP-08/SP-13,PASS,EXPECTED_BY_MODEL,1,0xdeadbeef
m4_random_v2,93,C2,297df920dab05466b1fc3fc6711346364cd0c459,94408de554e6,True,write,0x20000000,2,False,none,False,no unauthorized protected effect,PASS,SP-08/SP-13,PASS,EXPECTED_BY_MODEL,1,0xdeadbeef
m4_random_v2,94,C2,297df920dab05466b1fc3fc6711346364cd0c459,94408de554e6,True,write,0x20000000,2,True,none,True,no unauthorized protected effect,PASS,SP-08/SP-13,PASS,EXPECTED_BY_MODEL,1,0xdeadbeef
m4_random_v2,95,C2,297df920dab05466b1fc3fc6711346364cd0c459,94408de554e6,True,write,0x20000000,2,False,none,False,no unauthorized protected effect,PASS,SP-08/SP-13,PASS,EXPECTED_BY_MODEL,1,0xdeadbeef
m4_random_v2,96,C2,297df920dab05466b1fc3fc6711346364cd0c459,94408de554e6,True,write,0x20000000,1,True,global_pulse,True,no unauthorized protected effect,PASS,SP-08/SP-13,PASS,EXPECTED_BY_MODEL,0,0xcafebabe
m4_random_v2,97,C2,297df920dab05466b1fc3fc6711346364cd0c459,94408de554e6,True,write,0x20000000,1,True,none,True,no unauthorized protected effect,PASS,SP-08/SP-13,PASS,EXPECTED_BY_MODEL,0,0xcafebabe
m4_random_v2,98,C2,297df920dab05466b1fc3fc6711346364cd0c459,94408de554e6,True,write,0x20000000,2,True,global_pulse,True,no unauthorized protected effect,PASS,SP-08/SP-13,PASS,EXPECTED_BY_MODEL,1,0xdeadbeef
m4_random_v2,99,C2,297df920dab05466b1fc3fc6711346364cd0c459,94408de554e6,True,write,0x20000000,1,True,none,True,no unauthorized protected effect,PASS,SP-08/SP-13,PASS,EXPECTED_BY_MODEL,0,0xcafebabe
m4_random_v2,100,C2,297df920dab05466b1fc3fc6711346364cd0c459,94408de554e6,True,write,0x20000000,1,True,global_pulse,True,no unauthorized protected effect,PASS,SP-08/SP-13,PASS,EXPECTED_BY_MODEL,0,0xcafebabe
m4_random_v2,101,C2,297df920dab05466b1fc3fc6711346364cd0c459,94408de554e6,True,write,0x20000000,1,True,none,True,no unauthorized protected effect,PASS,SP-08/SP-13,PASS,EXPECTED_BY_MODEL,0,0xcafebabe
m4_random_v2,102,C2,297df920dab05466b1fc3fc6711346364cd0c459,94408de554e6,True,write,0x20000000,2,False,none,False,no unauthorized protected effect,PASS,SP-08/SP-13,PASS,EXPECTED_BY_MODEL,1,0xdeadbeef
m4_random_v2,103,C2,297df920dab05466b1fc3fc6711346364cd0c459,94408de554e6,True,write,0x20000000,2,False,none,False,no unauthorized protected effect,PASS,SP-08/SP-13,PASS,EXPECTED_BY_MODEL,1,0xdeadbeef
m4_random_v2,104,C2,297df920dab05466b1fc3fc6711346364cd0c459,94408de554e6,True,write,0x20000000,1,False,none,False,no unauthorized protected effect,PASS,SP-08/SP-13,PASS,EXPECTED_BY_MODEL,1,0xdeadbeef
m4_random_v2,105,C2,297df920dab05466b1fc3fc6711346364cd0c459,94408de554e6,True,write,0x20000000,1,False,none,False,no unauthorized protected effect,PASS,SP-08/SP-13,PASS,EXPECTED_BY_MODEL,1,0xdeadbeef
m4_random_v2,106,C2,297df920dab05466b1fc3fc6711346364cd0c459,94408de554e6,True,write,0x20000000,2,False,global_pulse,False,no unauthorized protected effect,PASS,SP-08/SP-13,PASS,EXPECTED_BY_MODEL,1,0xdeadbeef
m4_random_v2,107,C2,297df920dab05466b1fc3fc6711346364cd0c459,94408de554e6,True,write,0x20000000,1,True,none,True,no unauthorized protected effect,PASS,SP-08/SP-13,PASS,EXPECTED_BY_MODEL,0,0xcafebabe
m4_random_v2,108,C2,297df920dab05466b1fc3fc6711346364cd0c459,94408de554e6,True,write,0x20000000,1,True,none,True,no unauthorized protected effect,PASS,SP-08/SP-13,PASS,EXPECTED_BY_MODEL,0,0xcafebabe
m4_random_v2,109,C2,297df920dab05466b1fc3fc6711346364cd0c459,94408de554e6,True,write,0x20000000,1,True,global_pulse,True,no unauthorized protected effect,PASS,SP-08/SP-13,PASS,EXPECTED_BY_MODEL,0,0xcafebabe
m4_random_v2,110,C2,297df920dab05466b1fc3fc6711346364cd0c459,94408de554e6,True,write,0x20000000,2,False,none,False,no unauthorized protected effect,PASS,SP-08/SP-13,PASS,EXPECTED_BY_MODEL,1,0xdeadbeef
m4_random_v2,111,C2,297df920dab05466b1fc3fc6711346364cd0c459,94408de554e6,True,write,0x20000000,1,False,none,False,no unauthorized protected effect,PASS,SP-08/SP-13,PASS,EXPECTED_BY_MODEL,1,0xdeadbeef
m4_random_v2,112,C2,297df920dab05466b1fc3fc6711346364cd0c459,94408de554e6,True,write,0x20000000,2,True,none,True,no unauthorized protected effect,PASS,SP-08/SP-13,PASS,EXPECTED_BY_MODEL,1,0xdeadbeef
m4_random_v2,113,C2,297df920dab05466b1fc3fc6711346364cd0c459,94408de554e6,True,write,0x20000000,1,False,none,False,no unauthorized protected effect,PASS,SP-08/SP-13,PASS,EXPECTED_BY_MODEL,1,0xdeadbeef
m4_random_v2,114,C2,297df920dab05466b1fc3fc6711346364cd0c459,94408de554e6,True,write,0x20000000,2,True,none,True,no unauthorized protected effect,PASS,SP-08/SP-13,PASS,EXPECTED_BY_MODEL,1,0xdeadbeef
m4_random_v2,115,C2,297df920dab05466b1fc3fc6711346364cd0c459,94408de554e6,True,write,0x20000000,1,False,none,False,no unauthorized protected effect,PASS,SP-08/SP-13,PASS,EXPECTED_BY_MODEL,1,0xdeadbeef
m4_random_v2,116,C2,297df920dab05466b1fc3fc6711346364cd0c459,94408de554e6,True,write,0x20000000,1,False,none,False,no unauthorized protected effect,PASS,SP-08/SP-13,PASS,EXPECTED_BY_MODEL,1,0xdeadbeef
m4_random_v2,117,C2,297df920dab05466b1fc3fc6711346364cd0c459,94408de554e6,True,write,0x20000000,1,False,none,False,no unauthorized protected effect,PASS,SP-08/SP-13,PASS,EXPECTED_BY_MODEL,1,0xdeadbeef
m4_random_v2,118,C2,297df920dab05466b1fc3fc6711346364cd0c459,94408de554e6,True,write,0x20000000,2,False,none,False,no unauthorized protected effect,PASS,SP-08/SP-13,PASS,EXPECTED_BY_MODEL,1,0xdeadbeef
m4_random_v2,119,C2,297df920dab05466b1fc3fc6711346364cd0c459,94408de554e6,True,write,0x20000000,2,False,none,False,no unauthorized protected effect,PASS,SP-08/SP-13,PASS,EXPECTED_BY_MODEL,1,0xdeadbeef
m4_random_v2,120,C2,297df920dab05466b1fc3fc6711346364cd0c459,94408de554e6,True,write,0x20000000,2,True,none,True,no unauthorized protected effect,PASS,SP-08/SP-13,PASS,EXPECTED_BY_MODEL,1,0xdeadbeef
m4_random_v2,121,C2,297df920dab05466b1fc3fc6711346364cd0c459,94408de554e6,True,write,0x20000000,1,False,global_pulse,False,no unauthorized protected effect,PASS,SP-08/SP-13,PASS,EXPECTED_BY_MODEL,1,0xdeadbeef
m4_random_v2,122,C2,297df920dab05466b1fc3fc6711346364cd0c459,94408de554e6,True,write,0x20000000,1,True,global_pulse,True,no unauthorized protected effect,PASS,SP-08/SP-13,PASS,EXPECTED_BY_MODEL,0,0xcafebabe
m4_random_v2,123,C2,297df920dab05466b1fc3fc6711346364cd0c459,94408de554e6,True,write,0x20000000,2,True,none,True,no unauthorized protected effect,PASS,SP-08/SP-13,PASS,EXPECTED_BY_MODEL,1,0xdeadbeef
m4_random_v2,124,C2,297df920dab05466b1fc3fc6711346364cd0c459,94408de554e6,True,write,0x20000000,2,False,global_pulse,False,no unauthorized protected effect,PASS,SP-08/SP-13,PASS,EXPECTED_BY_MODEL,1,0xdeadbeef
m4_random_v2,125,C2,297df920dab05466b1fc3fc6711346364cd0c459,94408de554e6,True,write,0x20000000,1,False,none,False,no unauthorized protected effect,PASS,SP-08/SP-13,PASS,EXPECTED_BY_MODEL,1,0xdeadbeef
m4_random_v2,126,C2,297df920dab05466b1fc3fc6711346364cd0c459,94408de554e6,True,write,0x20000000,2,False,global_pulse,False,no unauthorized protected effect,PASS,SP-08/SP-13,PASS,EXPECTED_BY_MODEL,1,0xdeadbeef
m4_random_v2,127,C2,297df920dab05466b1fc3fc6711346364cd0c459,94408de554e6,True,write,0x20000000,1,False,none,False,no unauthorized protected effect,PASS,SP-08/SP-13,PASS,EXPECTED_BY_MODEL,1,0xdeadbeef
m4_random_v2,128,C2,297df920dab05466b1fc3fc6711346364cd0c459,94408de554e6,True,write,0x20000000,1,False,none,False,no unauthorized protected effect,PASS,SP-08/SP-13,PASS,EXPECTED_BY_MODEL,1,0xdeadbeef
m4_random_v2,129,C2,297df920dab05466b1fc3fc6711346364cd0c459,94408de554e6,True,write,0x20000000,2,False,none,False,no unauthorized protected effect,PASS,SP-08/SP-13,PASS,EXPECTED_BY_MODEL,1,0xdeadbeef
m4_random_v2,130,C2,297df920dab05466b1fc3fc6711346364cd0c459,94408de554e6,True,write,0x20000000,1,True,none,True,no unauthorized protected effect,PASS,SP-08/SP-13,PASS,EXPECTED_BY_MODEL,0,0xcafebabe
m4_random_v2,131,C2,297df920dab05466b1fc3fc6711346364cd0c459,94408de554e6,True,write,0x20000000,1,False,none,False,no unauthorized protected effect,PASS,SP-08/SP-13,PASS,EXPECTED_BY_MODEL,1,0xdeadbeef
m4_random_v2,132,C2,297df920dab05466b1fc3fc6711346364cd0c459,94408de554e6,True,write,0x20000000,1,False,global_pulse,False,no unauthorized protected effect,PASS,SP-08/SP-13,PASS,EXPECTED_BY_MODEL,1,0xdeadbeef
m4_random_v2,133,C2,297df920dab05466b1fc3fc6711346364cd0c459,94408de554e6,True,write,0x20000000,2,True,none,True,no unauthorized protected effect,PASS,SP-08/SP-13,PASS,EXPECTED_BY_MODEL,1,0xdeadbeef
m4_random_v2,134,C2,297df920dab05466b1fc3fc6711346364cd0c459,94408de554e6,True,write,0x20000000,2,True,none,True,no unauthorized protected effect,PASS,SP-08/SP-13,PASS,EXPECTED_BY_MODEL,1,0xdeadbeef
m4_random_v2,135,C2,297df920dab05466b1fc3fc6711346364cd0c459,94408de554e6,True,write,0x20000000,1,True,none,True,no unauthorized protected effect,PASS,SP-08/SP-13,PASS,EXPECTED_BY_MODEL,0,0xcafebabe
m4_random_v2,136,C2,297df920dab05466b1fc3fc6711346364cd0c459,94408de554e6,True,write,0x20000000,1,False,none,False,no unauthorized protected effect,PASS,SP-08/SP-13,PASS,EXPECTED_BY_MODEL,1,0xdeadbeef
m4_random_v2,137,C2,297df920dab05466b1fc3fc6711346364cd0c459,94408de554e6,True,write,0x20000000,1,True,global_pulse,True,no unauthorized protected effect,PASS,SP-08/SP-13,PASS,EXPECTED_BY_MODEL,0,0xcafebabe
m4_random_v2,138,C2,297df920dab05466b1fc3fc6711346364cd0c459,94408de554e6,True,write,0x20000000,1,True,none,True,no unauthorized protected effect,PASS,SP-08/SP-13,PASS,EXPECTED_BY_MODEL,0,0xcafebabe
m4_random_v2,139,C2,297df920dab05466b1fc3fc6711346364cd0c459,94408de554e6,True,write,0x20000000,2,True,none,True,no unauthorized protected effect,PASS,SP-08/SP-13,PASS,EXPECTED_BY_MODEL,1,0xdeadbeef
m4_random_v2,140,C2,297df920dab05466b1fc3fc6711346364cd0c459,94408de554e6,True,write,0x20000000,1,False,global_pulse,False,no unauthorized protected effect,PASS,SP-08/SP-13,PASS,EXPECTED_BY_MODEL,1,0xdeadbeef
m4_random_v2,141,C2,297df920dab05466b1fc3fc6711346364cd0c459,94408de554e6,True,write,0x20000000,1,True,none,True,no unauthorized protected effect,PASS,SP-08/SP-13,PASS,EXPECTED_BY_MODEL,0,0xcafebabe
m4_random_v2,142,C2,297df920dab05466b1fc3fc6711346364cd0c459,94408de554e6,True,write,0x20000000,1,False,none,False,no unauthorized protected effect,PASS,SP-08/SP-13,PASS,EXPECTED_BY_MODEL,1,0xdeadbeef
m4_random_v2,143,C2,297df920dab05466b1fc3fc6711346364cd0c459,94408de554e6,True,write,0x20000000,1,False,global_pulse,False,no unauthorized protected effect,PASS,SP-08/SP-13,PASS,EXPECTED_BY_MODEL,1,0xdeadbeef
m4_random_v2,144,C2,297df920dab05466b1fc3fc6711346364cd0c459,94408de554e6,True,write,0x20000000,1,False,none,False,no unauthorized protected effect,PASS,SP-08/SP-13,PASS,EXPECTED_BY_MODEL,1,0xdeadbeef
m4_random_v2,145,C2,297df920dab05466b1fc3fc6711346364cd0c459,94408de554e6,True,write,0x20000000,1,False,none,False,no unauthorized protected effect,PASS,SP-08/SP-13,PASS,EXPECTED_BY_MODEL,1,0xdeadbeef
m4_random_v2,146,C2,297df920dab05466b1fc3fc6711346364cd0c459,94408de554e6,True,write,0x20000000,2,False,global_pulse,False,no unauthorized protected effect,PASS,SP-08/SP-13,PASS,EXPECTED_BY_MODEL,1,0xdeadbeef
m4_random_v2,147,C2,297df920dab05466b1fc3fc6711346364cd0c459,94408de554e6,True,write,0x20000000,2,True,none,True,no unauthorized protected effect,PASS,SP-08/SP-13,PASS,EXPECTED_BY_MODEL,1,0xdeadbeef
m4_random_v2,148,C2,297df920dab05466b1fc3fc6711346364cd0c459,94408de554e6,True,write,0x20000000,1,True,none,True,no unauthorized protected effect,PASS,SP-08/SP-13,PASS,EXPECTED_BY_MODEL,0,0xcafebabe
m4_random_v2,149,C2,297df920dab05466b1fc3fc6711346364cd0c459,94408de554e6,True,write,0x20000000,1,True,global_pulse,True,no unauthorized protected effect,PASS,SP-08/SP-13,PASS,EXPECTED_BY_MODEL,0,0xcafebabe
m4_random_v2,150,C2,297df920dab05466b1fc3fc6711346364cd0c459,94408de554e6,True,write,0x20000000,1,False,global_pulse,False,no unauthorized protected effect,PASS,SP-08/SP-13,PASS,EXPECTED_BY_MODEL,1,0xdeadbeef
m4_random_v2,151,C2,297df920dab05466b1fc3fc6711346364cd0c459,94408de554e6,True,write,0x20000000,1,False,none,False,no unauthorized protected effect,PASS,SP-08/SP-13,PASS,EXPECTED_BY_MODEL,1,0xdeadbeef
m4_random_v2,152,C2,297df920dab05466b1fc3fc6711346364cd0c459,94408de554e6,True,write,0x20000000,1,False,none,False,no unauthorized protected effect,PASS,SP-08/SP-13,PASS,EXPECTED_BY_MODEL,1,0xdeadbeef
m4_random_v2,153,C2,297df920dab05466b1fc3fc6711346364cd0c459,94408de554e6,True,write,0x20000000,2,False,global_pulse,False,no unauthorized protected effect,PASS,SP-08/SP-13,PASS,EXPECTED_BY_MODEL,1,0xdeadbeef
m4_random_v2,154,C2,297df920dab05466b1fc3fc6711346364cd0c459,94408de554e6,True,write,0x20000000,1,True,none,True,no unauthorized protected effect,PASS,SP-08/SP-13,PASS,EXPECTED_BY_MODEL,0,0xcafebabe
m4_random_v2,155,C2,297df920dab05466b1fc3fc6711346364cd0c459,94408de554e6,True,write,0x20000000,2,True,none,True,no unauthorized protected effect,PASS,SP-08/SP-13,PASS,EXPECTED_BY_MODEL,1,0xdeadbeef
m4_random_v2,156,C2,297df920dab05466b1fc3fc6711346364cd0c459,94408de554e6,True,write,0x20000000,2,False,global_pulse,False,no unauthorized protected effect,PASS,SP-08/SP-13,PASS,EXPECTED_BY_MODEL,1,0xdeadbeef
m4_random_v2,157,C2,297df920dab05466b1fc3fc6711346364cd0c459,94408de554e6,True,write,0x20000000,1,False,global_pulse,False,no unauthorized protected effect,PASS,SP-08/SP-13,PASS,EXPECTED_BY_MODEL,1,0xdeadbeef
m4_random_v2,158,C2,297df920dab05466b1fc3fc6711346364cd0c459,94408de554e6,True,write,0x20000000,2,True,global_pulse,True,no unauthorized protected effect,PASS,SP-08/SP-13,PASS,EXPECTED_BY_MODEL,1,0xdeadbeef
m4_random_v2,159,C2,297df920dab05466b1fc3fc6711346364cd0c459,94408de554e6,True,write,0x20000000,2,False,none,False,no unauthorized protected effect,PASS,SP-08/SP-13,PASS,EXPECTED_BY_MODEL,1,0xdeadbeef
m4_random_v2,160,C2,297df920dab05466b1fc3fc6711346364cd0c459,94408de554e6,True,write,0x20000000,1,True,none,True,no unauthorized protected effect,PASS,SP-08/SP-13,PASS,EXPECTED_BY_MODEL,0,0xcafebabe
m4_random_v2,161,C2,297df920dab05466b1fc3fc6711346364cd0c459,94408de554e6,True,write,0x20000000,2,False,none,False,no unauthorized protected effect,PASS,SP-08/SP-13,PASS,EXPECTED_BY_MODEL,1,0xdeadbeef
m4_random_v2,162,C2,297df920dab05466b1fc3fc6711346364cd0c459,94408de554e6,True,write,0x20000000,2,True,none,True,no unauthorized protected effect,PASS,SP-08/SP-13,PASS,EXPECTED_BY_MODEL,1,0xdeadbeef
m4_random_v2,163,C2,297df920dab05466b1fc3fc6711346364cd0c459,94408de554e6,True,write,0x20000000,2,False,global_pulse,False,no unauthorized protected effect,PASS,SP-08/SP-13,PASS,EXPECTED_BY_MODEL,1,0xdeadbeef
m4_random_v2,164,C2,297df920dab05466b1fc3fc6711346364cd0c459,94408de554e6,True,write,0x20000000,1,True,none,True,no unauthorized protected effect,PASS,SP-08/SP-13,PASS,EXPECTED_BY_MODEL,0,0xcafebabe
m4_random_v2,165,C2,297df920dab05466b1fc3fc6711346364cd0c459,94408de554e6,True,write,0x20000000,1,False,none,False,no unauthorized protected effect,PASS,SP-08/SP-13,PASS,EXPECTED_BY_MODEL,1,0xdeadbeef
m4_random_v2,166,C2,297df920dab05466b1fc3fc6711346364cd0c459,94408de554e6,True,write,0x20000000,1,True,none,True,no unauthorized protected effect,PASS,SP-08/SP-13,PASS,EXPECTED_BY_MODEL,0,0xcafebabe
m4_random_v2,167,C2,297df920dab05466b1fc3fc6711346364cd0c459,94408de554e6,True,write,0x20000000,2,True,none,True,no unauthorized protected effect,PASS,SP-08/SP-13,PASS,EXPECTED_BY_MODEL,1,0xdeadbeef
m4_random_v2,168,C2,297df920dab05466b1fc3fc6711346364cd0c459,94408de554e6,True,write,0x20000000,1,False,none,False,no unauthorized protected effect,PASS,SP-08/SP-13,PASS,EXPECTED_BY_MODEL,1,0xdeadbeef
m4_random_v2,169,C2,297df920dab05466b1fc3fc6711346364cd0c459,94408de554e6,True,write,0x20000000,1,False,global_pulse,False,no unauthorized protected effect,PASS,SP-08/SP-13,PASS,EXPECTED_BY_MODEL,1,0xdeadbeef
m4_random_v2,170,C2,297df920dab05466b1fc3fc6711346364cd0c459,94408de554e6,True,write,0x20000000,1,False,none,False,no unauthorized protected effect,PASS,SP-08/SP-13,PASS,EXPECTED_BY_MODEL,1,0xdeadbeef
m4_random_v2,171,C2,297df920dab05466b1fc3fc6711346364cd0c459,94408de554e6,True,write,0x20000000,1,False,none,False,no unauthorized protected effect,PASS,SP-08/SP-13,PASS,EXPECTED_BY_MODEL,1,0xdeadbeef
m4_random_v2,172,C2,297df920dab05466b1fc3fc6711346364cd0c459,94408de554e6,True,write,0x20000000,1,False,none,False,no unauthorized protected effect,PASS,SP-08/SP-13,PASS,EXPECTED_BY_MODEL,1,0xdeadbeef
m4_random_v2,173,C2,297df920dab05466b1fc3fc6711346364cd0c459,94408de554e6,True,write,0x20000000,1,True,none,True,no unauthorized protected effect,PASS,SP-08/SP-13,PASS,EXPECTED_BY_MODEL,0,0xcafebabe
m4_random_v2,174,C2,297df920dab05466b1fc3fc6711346364cd0c459,94408de554e6,True,write,0x20000000,1,False,none,False,no unauthorized protected effect,PASS,SP-08/SP-13,PASS,EXPECTED_BY_MODEL,1,0xdeadbeef
m4_random_v2,175,C2,297df920dab05466b1fc3fc6711346364cd0c459,94408de554e6,True,write,0x20000000,2,True,none,True,no unauthorized protected effect,PASS,SP-08/SP-13,PASS,EXPECTED_BY_MODEL,1,0xdeadbeef
m4_random_v2,176,C2,297df920dab05466b1fc3fc6711346364cd0c459,94408de554e6,True,write,0x20000000,1,True,none,True,no unauthorized protected effect,PASS,SP-08/SP-13,PASS,EXPECTED_BY_MODEL,0,0xcafebabe
m4_random_v2,177,C2,297df920dab05466b1fc3fc6711346364cd0c459,94408de554e6,True,write,0x20000000,1,False,none,False,no unauthorized protected effect,PASS,SP-08/SP-13,PASS,EXPECTED_BY_MODEL,1,0xdeadbeef
m4_random_v2,178,C2,297df920dab05466b1fc3fc6711346364cd0c459,94408de554e6,True,write,0x20000000,2,False,none,False,no unauthorized protected effect,PASS,SP-08/SP-13,PASS,EXPECTED_BY_MODEL,1,0xdeadbeef
m4_random_v2,179,C2,297df920dab05466b1fc3fc6711346364cd0c459,94408de554e6,True,write,0x20000000,1,False,global_pulse,False,no unauthorized protected effect,PASS,SP-08/SP-13,PASS,EXPECTED_BY_MODEL,1,0xdeadbeef
m4_random_v2,180,C2,297df920dab05466b1fc3fc6711346364cd0c459,94408de554e6,True,write,0x20000000,1,False,global_pulse,False,no unauthorized protected effect,PASS,SP-08/SP-13,PASS,EXPECTED_BY_MODEL,1,0xdeadbeef
m4_random_v2,181,C2,297df920dab05466b1fc3fc6711346364cd0c459,94408de554e6,True,write,0x20000000,2,False,none,False,no unauthorized protected effect,PASS,SP-08/SP-13,PASS,EXPECTED_BY_MODEL,1,0xdeadbeef
m4_random_v2,182,C2,297df920dab05466b1fc3fc6711346364cd0c459,94408de554e6,True,write,0x20000000,2,False,none,False,no unauthorized protected effect,PASS,SP-08/SP-13,PASS,EXPECTED_BY_MODEL,1,0xdeadbeef
m4_random_v2,183,C2,297df920dab05466b1fc3fc6711346364cd0c459,94408de554e6,True,write,0x20000000,2,True,none,True,no unauthorized protected effect,PASS,SP-08/SP-13,PASS,EXPECTED_BY_MODEL,1,0xdeadbeef
m4_random_v2,184,C2,297df920dab05466b1fc3fc6711346364cd0c459,94408de554e6,True,write,0x20000000,1,True,none,True,no unauthorized protected effect,PASS,SP-08/SP-13,PASS,EXPECTED_BY_MODEL,0,0xcafebabe
m4_random_v2,185,C2,297df920dab05466b1fc3fc6711346364cd0c459,94408de554e6,True,write,0x20000000,1,False,global_pulse,False,no unauthorized protected effect,PASS,SP-08/SP-13,PASS,EXPECTED_BY_MODEL,1,0xdeadbeef
m4_random_v2,186,C2,297df920dab05466b1fc3fc6711346364cd0c459,94408de554e6,True,write,0x20000000,2,True,none,True,no unauthorized protected effect,PASS,SP-08/SP-13,PASS,EXPECTED_BY_MODEL,1,0xdeadbeef
m4_random_v2,187,C2,297df920dab05466b1fc3fc6711346364cd0c459,94408de554e6,True,write,0x20000000,2,False,global_pulse,False,no unauthorized protected effect,PASS,SP-08/SP-13,PASS,EXPECTED_BY_MODEL,1,0xdeadbeef
m4_random_v2,188,C2,297df920dab05466b1fc3fc6711346364cd0c459,94408de554e6,True,write,0x20000000,1,False,none,False,no unauthorized protected effect,PASS,SP-08/SP-13,PASS,EXPECTED_BY_MODEL,1,0xdeadbeef
m4_random_v2,189,C2,297df920dab05466b1fc3fc6711346364cd0c459,94408de554e6,True,write,0x20000000,2,False,none,False,no unauthorized protected effect,PASS,SP-08/SP-13,PASS,EXPECTED_BY_MODEL,1,0xdeadbeef
m4_random_v2,190,C2,297df920dab05466b1fc3fc6711346364cd0c459,94408de554e6,True,write,0x20000000,1,True,none,True,no unauthorized protected effect,PASS,SP-08/SP-13,PASS,EXPECTED_BY_MODEL,0,0xcafebabe
m4_random_v2,191,C2,297df920dab05466b1fc3fc6711346364cd0c459,94408de554e6,True,write,0x20000000,1,False,none,False,no unauthorized protected effect,PASS,SP-08/SP-13,PASS,EXPECTED_BY_MODEL,1,0xdeadbeef
m4_random_v2,192,C2,297df920dab05466b1fc3fc6711346364cd0c459,94408de554e6,True,write,0x20000000,1,False,none,False,no unauthorized protected effect,PASS,SP-08/SP-13,PASS,EXPECTED_BY_MODEL,1,0xdeadbeef
m4_random_v2,193,C2,297df920dab05466b1fc3fc6711346364cd0c459,94408de554e6,True,write,0x20000000,1,True,none,True,no unauthorized protected effect,PASS,SP-08/SP-13,PASS,EXPECTED_BY_MODEL,0,0xcafebabe
m4_random_v2,194,C2,297df920dab05466b1fc3fc6711346364cd0c459,94408de554e6,True,write,0x20000000,1,False,none,False,no unauthorized protected effect,PASS,SP-08/SP-13,PASS,EXPECTED_BY_MODEL,1,0xdeadbeef
m4_random_v2,195,C2,297df920dab05466b1fc3fc6711346364cd0c459,94408de554e6,True,write,0x20000000,2,True,none,True,no unauthorized protected effect,PASS,SP-08/SP-13,PASS,EXPECTED_BY_MODEL,1,0xdeadbeef
m4_random_v2,196,C2,297df920dab05466b1fc3fc6711346364cd0c459,94408de554e6,True,write,0x20000000,1,True,none,True,no unauthorized protected effect,PASS,SP-08/SP-13,PASS,EXPECTED_BY_MODEL,0,0xcafebabe
m4_random_v2,197,C2,297df920dab05466b1fc3fc6711346364cd0c459,94408de554e6,True,write,0x20000000,1,False,none,False,no unauthorized protected effect,PASS,SP-08/SP-13,PASS,EXPECTED_BY_MODEL,1,0xdeadbeef
m4_random_v2,198,C2,297df920dab05466b1fc3fc6711346364cd0c459,94408de554e6,True,write,0x20000000,1,False,none,False,no unauthorized protected effect,PASS,SP-08/SP-13,PASS,EXPECTED_BY_MODEL,1,0xdeadbeef
m4_random_v2,199,C2,297df920dab05466b1fc3fc6711346364cd0c459,94408de554e6,True,write,0x20000000,1,True,none,True,no unauthorized protected effect,PASS,SP-08/SP-13,PASS,EXPECTED_BY_MODEL,0,0xcafebabe
m4_random_v2,0,C3,297df920dab05466b1fc3fc6711346364cd0c459,94408de554e6,True,write,0x20000000,2,False,global_pulse,False,no unauthorized protected effect,PASS,SP-08/SP-13,PASS,EXPECTED_BY_MODEL,1,0xdeadbeef
m4_random_v2,1,C3,297df920dab05466b1fc3fc6711346364cd0c459,94408de554e6,True,write,0x20000000,1,False,none,False,no unauthorized protected effect,PASS,SP-08/SP-13,PASS,EXPECTED_BY_MODEL,1,0xdeadbeef
m4_random_v2,2,C3,297df920dab05466b1fc3fc6711346364cd0c459,94408de554e6,True,write,0x20000000,1,False,global_pulse,False,no unauthorized protected effect,PASS,SP-08/SP-13,PASS,EXPECTED_BY_MODEL,1,0xdeadbeef
m4_random_v2,3,C3,297df920dab05466b1fc3fc6711346364cd0c459,94408de554e6,True,write,0x20000000,1,False,none,False,no unauthorized protected effect,PASS,SP-08/SP-13,PASS,EXPECTED_BY_MODEL,1,0xdeadbeef
m4_random_v2,4,C3,297df920dab05466b1fc3fc6711346364cd0c459,94408de554e6,True,write,0x20000000,1,True,none,True,no unauthorized protected effect,PASS,SP-08/SP-13,PASS,EXPECTED_BY_MODEL,0,0xcafebabe
m4_random_v2,5,C3,297df920dab05466b1fc3fc6711346364cd0c459,94408de554e6,True,write,0x20000000,2,True,none,True,no unauthorized protected effect,PASS,SP-08/SP-13,PASS,EXPECTED_BY_MODEL,1,0xdeadbeef
m4_random_v2,6,C3,297df920dab05466b1fc3fc6711346364cd0c459,94408de554e6,True,write,0x20000000,1,False,none,False,no unauthorized protected effect,PASS,SP-08/SP-13,PASS,EXPECTED_BY_MODEL,1,0xdeadbeef
m4_random_v2,7,C3,297df920dab05466b1fc3fc6711346364cd0c459,94408de554e6,True,write,0x20000000,1,False,global_pulse,False,no unauthorized protected effect,PASS,SP-08/SP-13,PASS,EXPECTED_BY_MODEL,1,0xdeadbeef
m4_random_v2,8,C3,297df920dab05466b1fc3fc6711346364cd0c459,94408de554e6,True,write,0x20000000,1,False,none,False,no unauthorized protected effect,PASS,SP-08/SP-13,PASS,EXPECTED_BY_MODEL,1,0xdeadbeef
m4_random_v2,9,C3,297df920dab05466b1fc3fc6711346364cd0c459,94408de554e6,True,write,0x20000000,2,False,global_pulse,False,no unauthorized protected effect,PASS,SP-08/SP-13,PASS,EXPECTED_BY_MODEL,1,0xdeadbeef
m4_random_v2,10,C3,297df920dab05466b1fc3fc6711346364cd0c459,94408de554e6,True,write,0x20000000,1,True,global_pulse,True,no unauthorized protected effect,PASS,SP-08/SP-13,PASS,EXPECTED_BY_MODEL,0,0xcafebabe
m4_random_v2,11,C3,297df920dab05466b1fc3fc6711346364cd0c459,94408de554e6,True,write,0x20000000,1,True,none,True,no unauthorized protected effect,PASS,SP-08/SP-13,PASS,EXPECTED_BY_MODEL,0,0xcafebabe
m4_random_v2,12,C3,297df920dab05466b1fc3fc6711346364cd0c459,94408de554e6,True,write,0x20000000,1,True,global_pulse,True,no unauthorized protected effect,PASS,SP-08/SP-13,PASS,EXPECTED_BY_MODEL,0,0xcafebabe
m4_random_v2,13,C3,297df920dab05466b1fc3fc6711346364cd0c459,94408de554e6,True,write,0x20000000,2,True,none,True,no unauthorized protected effect,PASS,SP-08/SP-13,PASS,EXPECTED_BY_MODEL,1,0xdeadbeef
m4_random_v2,14,C3,297df920dab05466b1fc3fc6711346364cd0c459,94408de554e6,True,write,0x20000000,1,True,none,True,no unauthorized protected effect,PASS,SP-08/SP-13,PASS,EXPECTED_BY_MODEL,0,0xcafebabe
m4_random_v2,15,C3,297df920dab05466b1fc3fc6711346364cd0c459,94408de554e6,True,write,0x20000000,1,False,none,False,no unauthorized protected effect,PASS,SP-08/SP-13,PASS,EXPECTED_BY_MODEL,1,0xdeadbeef
m4_random_v2,16,C3,297df920dab05466b1fc3fc6711346364cd0c459,94408de554e6,True,write,0x20000000,1,False,none,False,no unauthorized protected effect,PASS,SP-08/SP-13,PASS,EXPECTED_BY_MODEL,1,0xdeadbeef
m4_random_v2,17,C3,297df920dab05466b1fc3fc6711346364cd0c459,94408de554e6,True,write,0x20000000,2,True,none,True,no unauthorized protected effect,PASS,SP-08/SP-13,PASS,EXPECTED_BY_MODEL,1,0xdeadbeef
m4_random_v2,18,C3,297df920dab05466b1fc3fc6711346364cd0c459,94408de554e6,True,write,0x20000000,1,True,global_pulse,True,no unauthorized protected effect,PASS,SP-08/SP-13,PASS,EXPECTED_BY_MODEL,0,0xcafebabe
m4_random_v2,19,C3,297df920dab05466b1fc3fc6711346364cd0c459,94408de554e6,True,write,0x20000000,1,False,global_pulse,False,no unauthorized protected effect,PASS,SP-08/SP-13,PASS,EXPECTED_BY_MODEL,1,0xdeadbeef
m4_random_v2,20,C3,297df920dab05466b1fc3fc6711346364cd0c459,94408de554e6,True,write,0x20000000,2,False,none,False,no unauthorized protected effect,PASS,SP-08/SP-13,PASS,EXPECTED_BY_MODEL,1,0xdeadbeef
m4_random_v2,21,C3,297df920dab05466b1fc3fc6711346364cd0c459,94408de554e6,True,write,0x20000000,1,True,none,True,no unauthorized protected effect,PASS,SP-08/SP-13,PASS,EXPECTED_BY_MODEL,0,0xcafebabe
m4_random_v2,22,C3,297df920dab05466b1fc3fc6711346364cd0c459,94408de554e6,True,write,0x20000000,2,False,none,False,no unauthorized protected effect,PASS,SP-08/SP-13,PASS,EXPECTED_BY_MODEL,1,0xdeadbeef
m4_random_v2,23,C3,297df920dab05466b1fc3fc6711346364cd0c459,94408de554e6,True,write,0x20000000,1,False,none,False,no unauthorized protected effect,PASS,SP-08/SP-13,PASS,EXPECTED_BY_MODEL,1,0xdeadbeef
m4_random_v2,24,C3,297df920dab05466b1fc3fc6711346364cd0c459,94408de554e6,True,write,0x20000000,1,False,none,False,no unauthorized protected effect,PASS,SP-08/SP-13,PASS,EXPECTED_BY_MODEL,1,0xdeadbeef
m4_random_v2,25,C3,297df920dab05466b1fc3fc6711346364cd0c459,94408de554e6,True,write,0x20000000,2,False,none,False,no unauthorized protected effect,PASS,SP-08/SP-13,PASS,EXPECTED_BY_MODEL,1,0xdeadbeef
m4_random_v2,26,C3,297df920dab05466b1fc3fc6711346364cd0c459,94408de554e6,True,write,0x20000000,1,False,none,False,no unauthorized protected effect,PASS,SP-08/SP-13,PASS,EXPECTED_BY_MODEL,1,0xdeadbeef
m4_random_v2,27,C3,297df920dab05466b1fc3fc6711346364cd0c459,94408de554e6,True,write,0x20000000,2,True,global_pulse,True,no unauthorized protected effect,PASS,SP-08/SP-13,PASS,EXPECTED_BY_MODEL,1,0xdeadbeef
m4_random_v2,28,C3,297df920dab05466b1fc3fc6711346364cd0c459,94408de554e6,True,write,0x20000000,1,True,none,True,no unauthorized protected effect,PASS,SP-08/SP-13,PASS,EXPECTED_BY_MODEL,0,0xcafebabe
m4_random_v2,29,C3,297df920dab05466b1fc3fc6711346364cd0c459,94408de554e6,True,write,0x20000000,1,True,none,True,no unauthorized protected effect,PASS,SP-08/SP-13,PASS,EXPECTED_BY_MODEL,0,0xcafebabe
m4_random_v2,30,C3,297df920dab05466b1fc3fc6711346364cd0c459,94408de554e6,True,write,0x20000000,2,True,none,True,no unauthorized protected effect,PASS,SP-08/SP-13,PASS,EXPECTED_BY_MODEL,1,0xdeadbeef
m4_random_v2,31,C3,297df920dab05466b1fc3fc6711346364cd0c459,94408de554e6,True,write,0x20000000,2,True,global_pulse,True,no unauthorized protected effect,PASS,SP-08/SP-13,PASS,EXPECTED_BY_MODEL,1,0xdeadbeef
m4_random_v2,32,C3,297df920dab05466b1fc3fc6711346364cd0c459,94408de554e6,True,write,0x20000000,1,False,none,False,no unauthorized protected effect,PASS,SP-08/SP-13,PASS,EXPECTED_BY_MODEL,1,0xdeadbeef
m4_random_v2,33,C3,297df920dab05466b1fc3fc6711346364cd0c459,94408de554e6,True,write,0x20000000,2,True,none,True,no unauthorized protected effect,PASS,SP-08/SP-13,PASS,EXPECTED_BY_MODEL,1,0xdeadbeef
m4_random_v2,34,C3,297df920dab05466b1fc3fc6711346364cd0c459,94408de554e6,True,write,0x20000000,2,True,none,True,no unauthorized protected effect,PASS,SP-08/SP-13,PASS,EXPECTED_BY_MODEL,1,0xdeadbeef
m4_random_v2,35,C3,297df920dab05466b1fc3fc6711346364cd0c459,94408de554e6,True,write,0x20000000,1,True,none,True,no unauthorized protected effect,PASS,SP-08/SP-13,PASS,EXPECTED_BY_MODEL,0,0xcafebabe
m4_random_v2,36,C3,297df920dab05466b1fc3fc6711346364cd0c459,94408de554e6,True,write,0x20000000,2,True,none,True,no unauthorized protected effect,PASS,SP-08/SP-13,PASS,EXPECTED_BY_MODEL,1,0xdeadbeef
m4_random_v2,37,C3,297df920dab05466b1fc3fc6711346364cd0c459,94408de554e6,True,write,0x20000000,2,True,none,True,no unauthorized protected effect,PASS,SP-08/SP-13,PASS,EXPECTED_BY_MODEL,1,0xdeadbeef
m4_random_v2,38,C3,297df920dab05466b1fc3fc6711346364cd0c459,94408de554e6,True,write,0x20000000,1,True,global_pulse,True,no unauthorized protected effect,PASS,SP-08/SP-13,PASS,EXPECTED_BY_MODEL,0,0xcafebabe
m4_random_v2,39,C3,297df920dab05466b1fc3fc6711346364cd0c459,94408de554e6,True,write,0x20000000,2,False,none,False,no unauthorized protected effect,PASS,SP-08/SP-13,PASS,EXPECTED_BY_MODEL,1,0xdeadbeef
m4_random_v2,40,C3,297df920dab05466b1fc3fc6711346364cd0c459,94408de554e6,True,write,0x20000000,2,False,none,False,no unauthorized protected effect,PASS,SP-08/SP-13,PASS,EXPECTED_BY_MODEL,1,0xdeadbeef
m4_random_v2,41,C3,297df920dab05466b1fc3fc6711346364cd0c459,94408de554e6,True,write,0x20000000,1,True,none,True,no unauthorized protected effect,PASS,SP-08/SP-13,PASS,EXPECTED_BY_MODEL,0,0xcafebabe
m4_random_v2,42,C3,297df920dab05466b1fc3fc6711346364cd0c459,94408de554e6,True,write,0x20000000,1,True,none,True,no unauthorized protected effect,PASS,SP-08/SP-13,PASS,EXPECTED_BY_MODEL,0,0xcafebabe
m4_random_v2,43,C3,297df920dab05466b1fc3fc6711346364cd0c459,94408de554e6,True,write,0x20000000,2,True,none,True,no unauthorized protected effect,PASS,SP-08/SP-13,PASS,EXPECTED_BY_MODEL,1,0xdeadbeef
m4_random_v2,44,C3,297df920dab05466b1fc3fc6711346364cd0c459,94408de554e6,True,write,0x20000000,1,True,global_pulse,True,no unauthorized protected effect,PASS,SP-08/SP-13,PASS,EXPECTED_BY_MODEL,0,0xcafebabe
m4_random_v2,45,C3,297df920dab05466b1fc3fc6711346364cd0c459,94408de554e6,True,write,0x20000000,1,False,none,False,no unauthorized protected effect,PASS,SP-08/SP-13,PASS,EXPECTED_BY_MODEL,1,0xdeadbeef
m4_random_v2,46,C3,297df920dab05466b1fc3fc6711346364cd0c459,94408de554e6,True,write,0x20000000,1,False,global_pulse,False,no unauthorized protected effect,PASS,SP-08/SP-13,PASS,EXPECTED_BY_MODEL,1,0xdeadbeef
m4_random_v2,47,C3,297df920dab05466b1fc3fc6711346364cd0c459,94408de554e6,True,write,0x20000000,1,True,none,True,no unauthorized protected effect,PASS,SP-08/SP-13,PASS,EXPECTED_BY_MODEL,0,0xcafebabe
m4_random_v2,48,C3,297df920dab05466b1fc3fc6711346364cd0c459,94408de554e6,True,write,0x20000000,2,True,none,True,no unauthorized protected effect,PASS,SP-08/SP-13,PASS,EXPECTED_BY_MODEL,1,0xdeadbeef
m4_random_v2,49,C3,297df920dab05466b1fc3fc6711346364cd0c459,94408de554e6,True,write,0x20000000,1,True,none,True,no unauthorized protected effect,PASS,SP-08/SP-13,PASS,EXPECTED_BY_MODEL,0,0xcafebabe
m4_random_v2,50,C3,297df920dab05466b1fc3fc6711346364cd0c459,94408de554e6,True,write,0x20000000,2,True,none,True,no unauthorized protected effect,PASS,SP-08/SP-13,PASS,EXPECTED_BY_MODEL,1,0xdeadbeef
m4_random_v2,51,C3,297df920dab05466b1fc3fc6711346364cd0c459,94408de554e6,True,write,0x20000000,2,True,none,True,no unauthorized protected effect,PASS,SP-08/SP-13,PASS,EXPECTED_BY_MODEL,1,0xdeadbeef
m4_random_v2,52,C3,297df920dab05466b1fc3fc6711346364cd0c459,94408de554e6,True,write,0x20000000,1,False,none,False,no unauthorized protected effect,PASS,SP-08/SP-13,PASS,EXPECTED_BY_MODEL,1,0xdeadbeef
m4_random_v2,53,C3,297df920dab05466b1fc3fc6711346364cd0c459,94408de554e6,True,write,0x20000000,2,True,none,True,no unauthorized protected effect,PASS,SP-08/SP-13,PASS,EXPECTED_BY_MODEL,1,0xdeadbeef
m4_random_v2,54,C3,297df920dab05466b1fc3fc6711346364cd0c459,94408de554e6,True,write,0x20000000,1,False,none,False,no unauthorized protected effect,PASS,SP-08/SP-13,PASS,EXPECTED_BY_MODEL,1,0xdeadbeef
m4_random_v2,55,C3,297df920dab05466b1fc3fc6711346364cd0c459,94408de554e6,True,write,0x20000000,2,False,none,False,no unauthorized protected effect,PASS,SP-08/SP-13,PASS,EXPECTED_BY_MODEL,1,0xdeadbeef
m4_random_v2,56,C3,297df920dab05466b1fc3fc6711346364cd0c459,94408de554e6,True,write,0x20000000,2,False,global_pulse,False,no unauthorized protected effect,PASS,SP-08/SP-13,PASS,EXPECTED_BY_MODEL,1,0xdeadbeef
m4_random_v2,57,C3,297df920dab05466b1fc3fc6711346364cd0c459,94408de554e6,True,write,0x20000000,1,False,none,False,no unauthorized protected effect,PASS,SP-08/SP-13,PASS,EXPECTED_BY_MODEL,1,0xdeadbeef
m4_random_v2,58,C3,297df920dab05466b1fc3fc6711346364cd0c459,94408de554e6,True,write,0x20000000,1,True,none,True,no unauthorized protected effect,PASS,SP-08/SP-13,PASS,EXPECTED_BY_MODEL,0,0xcafebabe
m4_random_v2,59,C3,297df920dab05466b1fc3fc6711346364cd0c459,94408de554e6,True,write,0x20000000,2,False,none,False,no unauthorized protected effect,PASS,SP-08/SP-13,PASS,EXPECTED_BY_MODEL,1,0xdeadbeef
m4_random_v2,60,C3,297df920dab05466b1fc3fc6711346364cd0c459,94408de554e6,True,write,0x20000000,1,False,none,False,no unauthorized protected effect,PASS,SP-08/SP-13,PASS,EXPECTED_BY_MODEL,1,0xdeadbeef
m4_random_v2,61,C3,297df920dab05466b1fc3fc6711346364cd0c459,94408de554e6,True,write,0x20000000,1,False,none,False,no unauthorized protected effect,PASS,SP-08/SP-13,PASS,EXPECTED_BY_MODEL,1,0xdeadbeef
m4_random_v2,62,C3,297df920dab05466b1fc3fc6711346364cd0c459,94408de554e6,True,write,0x20000000,2,False,global_pulse,False,no unauthorized protected effect,PASS,SP-08/SP-13,PASS,EXPECTED_BY_MODEL,1,0xdeadbeef
m4_random_v2,63,C3,297df920dab05466b1fc3fc6711346364cd0c459,94408de554e6,True,write,0x20000000,2,True,none,True,no unauthorized protected effect,PASS,SP-08/SP-13,PASS,EXPECTED_BY_MODEL,1,0xdeadbeef
m4_random_v2,64,C3,297df920dab05466b1fc3fc6711346364cd0c459,94408de554e6,True,write,0x20000000,1,True,none,True,no unauthorized protected effect,PASS,SP-08/SP-13,PASS,EXPECTED_BY_MODEL,0,0xcafebabe
m4_random_v2,65,C3,297df920dab05466b1fc3fc6711346364cd0c459,94408de554e6,True,write,0x20000000,1,True,none,True,no unauthorized protected effect,PASS,SP-08/SP-13,PASS,EXPECTED_BY_MODEL,0,0xcafebabe
m4_random_v2,66,C3,297df920dab05466b1fc3fc6711346364cd0c459,94408de554e6,True,write,0x20000000,1,True,none,True,no unauthorized protected effect,PASS,SP-08/SP-13,PASS,EXPECTED_BY_MODEL,0,0xcafebabe
m4_random_v2,67,C3,297df920dab05466b1fc3fc6711346364cd0c459,94408de554e6,True,write,0x20000000,2,True,none,True,no unauthorized protected effect,PASS,SP-08/SP-13,PASS,EXPECTED_BY_MODEL,1,0xdeadbeef
m4_random_v2,68,C3,297df920dab05466b1fc3fc6711346364cd0c459,94408de554e6,True,write,0x20000000,1,False,global_pulse,False,no unauthorized protected effect,PASS,SP-08/SP-13,PASS,EXPECTED_BY_MODEL,1,0xdeadbeef
m4_random_v2,69,C3,297df920dab05466b1fc3fc6711346364cd0c459,94408de554e6,True,write,0x20000000,2,True,global_pulse,True,no unauthorized protected effect,PASS,SP-08/SP-13,PASS,EXPECTED_BY_MODEL,1,0xdeadbeef
m4_random_v2,70,C3,297df920dab05466b1fc3fc6711346364cd0c459,94408de554e6,True,write,0x20000000,1,False,none,False,no unauthorized protected effect,PASS,SP-08/SP-13,PASS,EXPECTED_BY_MODEL,1,0xdeadbeef
m4_random_v2,71,C3,297df920dab05466b1fc3fc6711346364cd0c459,94408de554e6,True,write,0x20000000,2,False,global_pulse,False,no unauthorized protected effect,PASS,SP-08/SP-13,PASS,EXPECTED_BY_MODEL,1,0xdeadbeef
m4_random_v2,72,C3,297df920dab05466b1fc3fc6711346364cd0c459,94408de554e6,True,write,0x20000000,1,True,none,True,no unauthorized protected effect,PASS,SP-08/SP-13,PASS,EXPECTED_BY_MODEL,0,0xcafebabe
m4_random_v2,73,C3,297df920dab05466b1fc3fc6711346364cd0c459,94408de554e6,True,write,0x20000000,1,True,global_pulse,True,no unauthorized protected effect,PASS,SP-08/SP-13,PASS,EXPECTED_BY_MODEL,0,0xcafebabe
m4_random_v2,74,C3,297df920dab05466b1fc3fc6711346364cd0c459,94408de554e6,True,write,0x20000000,1,False,none,False,no unauthorized protected effect,PASS,SP-08/SP-13,PASS,EXPECTED_BY_MODEL,1,0xdeadbeef
m4_random_v2,75,C3,297df920dab05466b1fc3fc6711346364cd0c459,94408de554e6,True,write,0x20000000,1,True,none,True,no unauthorized protected effect,PASS,SP-08/SP-13,PASS,EXPECTED_BY_MODEL,0,0xcafebabe
m4_random_v2,76,C3,297df920dab05466b1fc3fc6711346364cd0c459,94408de554e6,True,write,0x20000000,1,False,none,False,no unauthorized protected effect,PASS,SP-08/SP-13,PASS,EXPECTED_BY_MODEL,1,0xdeadbeef
m4_random_v2,77,C3,297df920dab05466b1fc3fc6711346364cd0c459,94408de554e6,True,write,0x20000000,1,False,global_pulse,False,no unauthorized protected effect,PASS,SP-08/SP-13,PASS,EXPECTED_BY_MODEL,1,0xdeadbeef
m4_random_v2,78,C3,297df920dab05466b1fc3fc6711346364cd0c459,94408de554e6,True,write,0x20000000,2,False,none,False,no unauthorized protected effect,PASS,SP-08/SP-13,PASS,EXPECTED_BY_MODEL,1,0xdeadbeef
m4_random_v2,79,C3,297df920dab05466b1fc3fc6711346364cd0c459,94408de554e6,True,write,0x20000000,2,True,none,True,no unauthorized protected effect,PASS,SP-08/SP-13,PASS,EXPECTED_BY_MODEL,1,0xdeadbeef
m4_random_v2,80,C3,297df920dab05466b1fc3fc6711346364cd0c459,94408de554e6,True,write,0x20000000,1,True,none,True,no unauthorized protected effect,PASS,SP-08/SP-13,PASS,EXPECTED_BY_MODEL,0,0xcafebabe
m4_random_v2,81,C3,297df920dab05466b1fc3fc6711346364cd0c459,94408de554e6,True,write,0x20000000,1,True,none,True,no unauthorized protected effect,PASS,SP-08/SP-13,PASS,EXPECTED_BY_MODEL,0,0xcafebabe
m4_random_v2,82,C3,297df920dab05466b1fc3fc6711346364cd0c459,94408de554e6,True,write,0x20000000,2,True,none,True,no unauthorized protected effect,PASS,SP-08/SP-13,PASS,EXPECTED_BY_MODEL,1,0xdeadbeef
m4_random_v2,83,C3,297df920dab05466b1fc3fc6711346364cd0c459,94408de554e6,True,write,0x20000000,1,False,none,False,no unauthorized protected effect,PASS,SP-08/SP-13,PASS,EXPECTED_BY_MODEL,1,0xdeadbeef
m4_random_v2,84,C3,297df920dab05466b1fc3fc6711346364cd0c459,94408de554e6,True,write,0x20000000,1,False,none,False,no unauthorized protected effect,PASS,SP-08/SP-13,PASS,EXPECTED_BY_MODEL,1,0xdeadbeef
m4_random_v2,85,C3,297df920dab05466b1fc3fc6711346364cd0c459,94408de554e6,True,write,0x20000000,1,True,none,True,no unauthorized protected effect,PASS,SP-08/SP-13,PASS,EXPECTED_BY_MODEL,0,0xcafebabe
m4_random_v2,86,C3,297df920dab05466b1fc3fc6711346364cd0c459,94408de554e6,True,write,0x20000000,2,False,none,False,no unauthorized protected effect,PASS,SP-08/SP-13,PASS,EXPECTED_BY_MODEL,1,0xdeadbeef
m4_random_v2,87,C3,297df920dab05466b1fc3fc6711346364cd0c459,94408de554e6,True,write,0x20000000,1,True,none,True,no unauthorized protected effect,PASS,SP-08/SP-13,PASS,EXPECTED_BY_MODEL,0,0xcafebabe
m4_random_v2,88,C3,297df920dab05466b1fc3fc6711346364cd0c459,94408de554e6,True,write,0x20000000,2,True,global_pulse,True,no unauthorized protected effect,PASS,SP-08/SP-13,PASS,EXPECTED_BY_MODEL,1,0xdeadbeef
m4_random_v2,89,C3,297df920dab05466b1fc3fc6711346364cd0c459,94408de554e6,True,write,0x20000000,1,False,none,False,no unauthorized protected effect,PASS,SP-08/SP-13,PASS,EXPECTED_BY_MODEL,1,0xdeadbeef
m4_random_v2,90,C3,297df920dab05466b1fc3fc6711346364cd0c459,94408de554e6,True,write,0x20000000,1,True,none,True,no unauthorized protected effect,PASS,SP-08/SP-13,PASS,EXPECTED_BY_MODEL,0,0xcafebabe
m4_random_v2,91,C3,297df920dab05466b1fc3fc6711346364cd0c459,94408de554e6,True,write,0x20000000,1,True,none,True,no unauthorized protected effect,PASS,SP-08/SP-13,PASS,EXPECTED_BY_MODEL,0,0xcafebabe
m4_random_v2,92,C3,297df920dab05466b1fc3fc6711346364cd0c459,94408de554e6,True,write,0x20000000,2,True,none,True,no unauthorized protected effect,PASS,SP-08/SP-13,PASS,EXPECTED_BY_MODEL,1,0xdeadbeef
m4_random_v2,93,C3,297df920dab05466b1fc3fc6711346364cd0c459,94408de554e6,True,write,0x20000000,2,False,none,False,no unauthorized protected effect,PASS,SP-08/SP-13,PASS,EXPECTED_BY_MODEL,1,0xdeadbeef
m4_random_v2,94,C3,297df920dab05466b1fc3fc6711346364cd0c459,94408de554e6,True,write,0x20000000,2,True,none,True,no unauthorized protected effect,PASS,SP-08/SP-13,PASS,EXPECTED_BY_MODEL,1,0xdeadbeef
m4_random_v2,95,C3,297df920dab05466b1fc3fc6711346364cd0c459,94408de554e6,True,write,0x20000000,2,False,none,False,no unauthorized protected effect,PASS,SP-08/SP-13,PASS,EXPECTED_BY_MODEL,1,0xdeadbeef
m4_random_v2,96,C3,297df920dab05466b1fc3fc6711346364cd0c459,94408de554e6,True,write,0x20000000,1,True,global_pulse,True,no unauthorized protected effect,PASS,SP-08/SP-13,PASS,EXPECTED_BY_MODEL,0,0xcafebabe
m4_random_v2,97,C3,297df920dab05466b1fc3fc6711346364cd0c459,94408de554e6,True,write,0x20000000,1,True,none,True,no unauthorized protected effect,PASS,SP-08/SP-13,PASS,EXPECTED_BY_MODEL,0,0xcafebabe
m4_random_v2,98,C3,297df920dab05466b1fc3fc6711346364cd0c459,94408de554e6,True,write,0x20000000,2,True,global_pulse,True,no unauthorized protected effect,PASS,SP-08/SP-13,PASS,EXPECTED_BY_MODEL,1,0xdeadbeef
m4_random_v2,99,C3,297df920dab05466b1fc3fc6711346364cd0c459,94408de554e6,True,write,0x20000000,1,True,none,True,no unauthorized protected effect,PASS,SP-08/SP-13,PASS,EXPECTED_BY_MODEL,0,0xcafebabe
m4_random_v2,100,C3,297df920dab05466b1fc3fc6711346364cd0c459,94408de554e6,True,write,0x20000000,1,True,global_pulse,True,no unauthorized protected effect,PASS,SP-08/SP-13,PASS,EXPECTED_BY_MODEL,0,0xcafebabe
m4_random_v2,101,C3,297df920dab05466b1fc3fc6711346364cd0c459,94408de554e6,True,write,0x20000000,1,True,none,True,no unauthorized protected effect,PASS,SP-08/SP-13,PASS,EXPECTED_BY_MODEL,0,0xcafebabe
m4_random_v2,102,C3,297df920dab05466b1fc3fc6711346364cd0c459,94408de554e6,True,write,0x20000000,2,False,none,False,no unauthorized protected effect,PASS,SP-08/SP-13,PASS,EXPECTED_BY_MODEL,1,0xdeadbeef
m4_random_v2,103,C3,297df920dab05466b1fc3fc6711346364cd0c459,94408de554e6,True,write,0x20000000,2,False,none,False,no unauthorized protected effect,PASS,SP-08/SP-13,PASS,EXPECTED_BY_MODEL,1,0xdeadbeef
m4_random_v2,104,C3,297df920dab05466b1fc3fc6711346364cd0c459,94408de554e6,True,write,0x20000000,1,False,none,False,no unauthorized protected effect,PASS,SP-08/SP-13,PASS,EXPECTED_BY_MODEL,1,0xdeadbeef
m4_random_v2,105,C3,297df920dab05466b1fc3fc6711346364cd0c459,94408de554e6,True,write,0x20000000,1,False,none,False,no unauthorized protected effect,PASS,SP-08/SP-13,PASS,EXPECTED_BY_MODEL,1,0xdeadbeef
m4_random_v2,106,C3,297df920dab05466b1fc3fc6711346364cd0c459,94408de554e6,True,write,0x20000000,2,False,global_pulse,False,no unauthorized protected effect,PASS,SP-08/SP-13,PASS,EXPECTED_BY_MODEL,1,0xdeadbeef
m4_random_v2,107,C3,297df920dab05466b1fc3fc6711346364cd0c459,94408de554e6,True,write,0x20000000,1,True,none,True,no unauthorized protected effect,PASS,SP-08/SP-13,PASS,EXPECTED_BY_MODEL,0,0xcafebabe
m4_random_v2,108,C3,297df920dab05466b1fc3fc6711346364cd0c459,94408de554e6,True,write,0x20000000,1,True,none,True,no unauthorized protected effect,PASS,SP-08/SP-13,PASS,EXPECTED_BY_MODEL,0,0xcafebabe
m4_random_v2,109,C3,297df920dab05466b1fc3fc6711346364cd0c459,94408de554e6,True,write,0x20000000,1,True,global_pulse,True,no unauthorized protected effect,PASS,SP-08/SP-13,PASS,EXPECTED_BY_MODEL,0,0xcafebabe
m4_random_v2,110,C3,297df920dab05466b1fc3fc6711346364cd0c459,94408de554e6,True,write,0x20000000,2,False,none,False,no unauthorized protected effect,PASS,SP-08/SP-13,PASS,EXPECTED_BY_MODEL,1,0xdeadbeef
m4_random_v2,111,C3,297df920dab05466b1fc3fc6711346364cd0c459,94408de554e6,True,write,0x20000000,1,False,none,False,no unauthorized protected effect,PASS,SP-08/SP-13,PASS,EXPECTED_BY_MODEL,1,0xdeadbeef
m4_random_v2,112,C3,297df920dab05466b1fc3fc6711346364cd0c459,94408de554e6,True,write,0x20000000,2,True,none,True,no unauthorized protected effect,PASS,SP-08/SP-13,PASS,EXPECTED_BY_MODEL,1,0xdeadbeef
m4_random_v2,113,C3,297df920dab05466b1fc3fc6711346364cd0c459,94408de554e6,True,write,0x20000000,1,False,none,False,no unauthorized protected effect,PASS,SP-08/SP-13,PASS,EXPECTED_BY_MODEL,1,0xdeadbeef
m4_random_v2,114,C3,297df920dab05466b1fc3fc6711346364cd0c459,94408de554e6,True,write,0x20000000,2,True,none,True,no unauthorized protected effect,PASS,SP-08/SP-13,PASS,EXPECTED_BY_MODEL,1,0xdeadbeef
m4_random_v2,115,C3,297df920dab05466b1fc3fc6711346364cd0c459,94408de554e6,True,write,0x20000000,1,False,none,False,no unauthorized protected effect,PASS,SP-08/SP-13,PASS,EXPECTED_BY_MODEL,1,0xdeadbeef
m4_random_v2,116,C3,297df920dab05466b1fc3fc6711346364cd0c459,94408de554e6,True,write,0x20000000,1,False,none,False,no unauthorized protected effect,PASS,SP-08/SP-13,PASS,EXPECTED_BY_MODEL,1,0xdeadbeef
m4_random_v2,117,C3,297df920dab05466b1fc3fc6711346364cd0c459,94408de554e6,True,write,0x20000000,1,False,none,False,no unauthorized protected effect,PASS,SP-08/SP-13,PASS,EXPECTED_BY_MODEL,1,0xdeadbeef
m4_random_v2,118,C3,297df920dab05466b1fc3fc6711346364cd0c459,94408de554e6,True,write,0x20000000,2,False,none,False,no unauthorized protected effect,PASS,SP-08/SP-13,PASS,EXPECTED_BY_MODEL,1,0xdeadbeef
m4_random_v2,119,C3,297df920dab05466b1fc3fc6711346364cd0c459,94408de554e6,True,write,0x20000000,2,False,none,False,no unauthorized protected effect,PASS,SP-08/SP-13,PASS,EXPECTED_BY_MODEL,1,0xdeadbeef
m4_random_v2,120,C3,297df920dab05466b1fc3fc6711346364cd0c459,94408de554e6,True,write,0x20000000,2,True,none,True,no unauthorized protected effect,PASS,SP-08/SP-13,PASS,EXPECTED_BY_MODEL,1,0xdeadbeef
m4_random_v2,121,C3,297df920dab05466b1fc3fc6711346364cd0c459,94408de554e6,True,write,0x20000000,1,False,global_pulse,False,no unauthorized protected effect,PASS,SP-08/SP-13,PASS,EXPECTED_BY_MODEL,1,0xdeadbeef
m4_random_v2,122,C3,297df920dab05466b1fc3fc6711346364cd0c459,94408de554e6,True,write,0x20000000,1,True,global_pulse,True,no unauthorized protected effect,PASS,SP-08/SP-13,PASS,EXPECTED_BY_MODEL,0,0xcafebabe
m4_random_v2,123,C3,297df920dab05466b1fc3fc6711346364cd0c459,94408de554e6,True,write,0x20000000,2,True,none,True,no unauthorized protected effect,PASS,SP-08/SP-13,PASS,EXPECTED_BY_MODEL,1,0xdeadbeef
m4_random_v2,124,C3,297df920dab05466b1fc3fc6711346364cd0c459,94408de554e6,True,write,0x20000000,2,False,global_pulse,False,no unauthorized protected effect,PASS,SP-08/SP-13,PASS,EXPECTED_BY_MODEL,1,0xdeadbeef
m4_random_v2,125,C3,297df920dab05466b1fc3fc6711346364cd0c459,94408de554e6,True,write,0x20000000,1,False,none,False,no unauthorized protected effect,PASS,SP-08/SP-13,PASS,EXPECTED_BY_MODEL,1,0xdeadbeef
m4_random_v2,126,C3,297df920dab05466b1fc3fc6711346364cd0c459,94408de554e6,True,write,0x20000000,2,False,global_pulse,False,no unauthorized protected effect,PASS,SP-08/SP-13,PASS,EXPECTED_BY_MODEL,1,0xdeadbeef
m4_random_v2,127,C3,297df920dab05466b1fc3fc6711346364cd0c459,94408de554e6,True,write,0x20000000,1,False,none,False,no unauthorized protected effect,PASS,SP-08/SP-13,PASS,EXPECTED_BY_MODEL,1,0xdeadbeef
m4_random_v2,128,C3,297df920dab05466b1fc3fc6711346364cd0c459,94408de554e6,True,write,0x20000000,1,False,none,False,no unauthorized protected effect,PASS,SP-08/SP-13,PASS,EXPECTED_BY_MODEL,1,0xdeadbeef
m4_random_v2,129,C3,297df920dab05466b1fc3fc6711346364cd0c459,94408de554e6,True,write,0x20000000,2,False,none,False,no unauthorized protected effect,PASS,SP-08/SP-13,PASS,EXPECTED_BY_MODEL,1,0xdeadbeef
m4_random_v2,130,C3,297df920dab05466b1fc3fc6711346364cd0c459,94408de554e6,True,write,0x20000000,1,True,none,True,no unauthorized protected effect,PASS,SP-08/SP-13,PASS,EXPECTED_BY_MODEL,0,0xcafebabe
m4_random_v2,131,C3,297df920dab05466b1fc3fc6711346364cd0c459,94408de554e6,True,write,0x20000000,1,False,none,False,no unauthorized protected effect,PASS,SP-08/SP-13,PASS,EXPECTED_BY_MODEL,1,0xdeadbeef
m4_random_v2,132,C3,297df920dab05466b1fc3fc6711346364cd0c459,94408de554e6,True,write,0x20000000,1,False,global_pulse,False,no unauthorized protected effect,PASS,SP-08/SP-13,PASS,EXPECTED_BY_MODEL,1,0xdeadbeef
m4_random_v2,133,C3,297df920dab05466b1fc3fc6711346364cd0c459,94408de554e6,True,write,0x20000000,2,True,none,True,no unauthorized protected effect,PASS,SP-08/SP-13,PASS,EXPECTED_BY_MODEL,1,0xdeadbeef
m4_random_v2,134,C3,297df920dab05466b1fc3fc6711346364cd0c459,94408de554e6,True,write,0x20000000,2,True,none,True,no unauthorized protected effect,PASS,SP-08/SP-13,PASS,EXPECTED_BY_MODEL,1,0xdeadbeef
m4_random_v2,135,C3,297df920dab05466b1fc3fc6711346364cd0c459,94408de554e6,True,write,0x20000000,1,True,none,True,no unauthorized protected effect,PASS,SP-08/SP-13,PASS,EXPECTED_BY_MODEL,0,0xcafebabe
m4_random_v2,136,C3,297df920dab05466b1fc3fc6711346364cd0c459,94408de554e6,True,write,0x20000000,1,False,none,False,no unauthorized protected effect,PASS,SP-08/SP-13,PASS,EXPECTED_BY_MODEL,1,0xdeadbeef
m4_random_v2,137,C3,297df920dab05466b1fc3fc6711346364cd0c459,94408de554e6,True,write,0x20000000,1,True,global_pulse,True,no unauthorized protected effect,PASS,SP-08/SP-13,PASS,EXPECTED_BY_MODEL,0,0xcafebabe
m4_random_v2,138,C3,297df920dab05466b1fc3fc6711346364cd0c459,94408de554e6,True,write,0x20000000,1,True,none,True,no unauthorized protected effect,PASS,SP-08/SP-13,PASS,EXPECTED_BY_MODEL,0,0xcafebabe
m4_random_v2,139,C3,297df920dab05466b1fc3fc6711346364cd0c459,94408de554e6,True,write,0x20000000,2,True,none,True,no unauthorized protected effect,PASS,SP-08/SP-13,PASS,EXPECTED_BY_MODEL,1,0xdeadbeef
m4_random_v2,140,C3,297df920dab05466b1fc3fc6711346364cd0c459,94408de554e6,True,write,0x20000000,1,False,global_pulse,False,no unauthorized protected effect,PASS,SP-08/SP-13,PASS,EXPECTED_BY_MODEL,1,0xdeadbeef
m4_random_v2,141,C3,297df920dab05466b1fc3fc6711346364cd0c459,94408de554e6,True,write,0x20000000,1,True,none,True,no unauthorized protected effect,PASS,SP-08/SP-13,PASS,EXPECTED_BY_MODEL,0,0xcafebabe
m4_random_v2,142,C3,297df920dab05466b1fc3fc6711346364cd0c459,94408de554e6,True,write,0x20000000,1,False,none,False,no unauthorized protected effect,PASS,SP-08/SP-13,PASS,EXPECTED_BY_MODEL,1,0xdeadbeef
m4_random_v2,143,C3,297df920dab05466b1fc3fc6711346364cd0c459,94408de554e6,True,write,0x20000000,1,False,global_pulse,False,no unauthorized protected effect,PASS,SP-08/SP-13,PASS,EXPECTED_BY_MODEL,1,0xdeadbeef
m4_random_v2,144,C3,297df920dab05466b1fc3fc6711346364cd0c459,94408de554e6,True,write,0x20000000,1,False,none,False,no unauthorized protected effect,PASS,SP-08/SP-13,PASS,EXPECTED_BY_MODEL,1,0xdeadbeef
m4_random_v2,145,C3,297df920dab05466b1fc3fc6711346364cd0c459,94408de554e6,True,write,0x20000000,1,False,none,False,no unauthorized protected effect,PASS,SP-08/SP-13,PASS,EXPECTED_BY_MODEL,1,0xdeadbeef
m4_random_v2,146,C3,297df920dab05466b1fc3fc6711346364cd0c459,94408de554e6,True,write,0x20000000,2,False,global_pulse,False,no unauthorized protected effect,PASS,SP-08/SP-13,PASS,EXPECTED_BY_MODEL,1,0xdeadbeef
m4_random_v2,147,C3,297df920dab05466b1fc3fc6711346364cd0c459,94408de554e6,True,write,0x20000000,2,True,none,True,no unauthorized protected effect,PASS,SP-08/SP-13,PASS,EXPECTED_BY_MODEL,1,0xdeadbeef
m4_random_v2,148,C3,297df920dab05466b1fc3fc6711346364cd0c459,94408de554e6,True,write,0x20000000,1,True,none,True,no unauthorized protected effect,PASS,SP-08/SP-13,PASS,EXPECTED_BY_MODEL,0,0xcafebabe
m4_random_v2,149,C3,297df920dab05466b1fc3fc6711346364cd0c459,94408de554e6,True,write,0x20000000,1,True,global_pulse,True,no unauthorized protected effect,PASS,SP-08/SP-13,PASS,EXPECTED_BY_MODEL,0,0xcafebabe
m4_random_v2,150,C3,297df920dab05466b1fc3fc6711346364cd0c459,94408de554e6,True,write,0x20000000,1,False,global_pulse,False,no unauthorized protected effect,PASS,SP-08/SP-13,PASS,EXPECTED_BY_MODEL,1,0xdeadbeef
m4_random_v2,151,C3,297df920dab05466b1fc3fc6711346364cd0c459,94408de554e6,True,write,0x20000000,1,False,none,False,no unauthorized protected effect,PASS,SP-08/SP-13,PASS,EXPECTED_BY_MODEL,1,0xdeadbeef
m4_random_v2,152,C3,297df920dab05466b1fc3fc6711346364cd0c459,94408de554e6,True,write,0x20000000,1,False,none,False,no unauthorized protected effect,PASS,SP-08/SP-13,PASS,EXPECTED_BY_MODEL,1,0xdeadbeef
m4_random_v2,153,C3,297df920dab05466b1fc3fc6711346364cd0c459,94408de554e6,True,write,0x20000000,2,False,global_pulse,False,no unauthorized protected effect,PASS,SP-08/SP-13,PASS,EXPECTED_BY_MODEL,1,0xdeadbeef
m4_random_v2,154,C3,297df920dab05466b1fc3fc6711346364cd0c459,94408de554e6,True,write,0x20000000,1,True,none,True,no unauthorized protected effect,PASS,SP-08/SP-13,PASS,EXPECTED_BY_MODEL,0,0xcafebabe
m4_random_v2,155,C3,297df920dab05466b1fc3fc6711346364cd0c459,94408de554e6,True,write,0x20000000,2,True,none,True,no unauthorized protected effect,PASS,SP-08/SP-13,PASS,EXPECTED_BY_MODEL,1,0xdeadbeef
m4_random_v2,156,C3,297df920dab05466b1fc3fc6711346364cd0c459,94408de554e6,True,write,0x20000000,2,False,global_pulse,False,no unauthorized protected effect,PASS,SP-08/SP-13,PASS,EXPECTED_BY_MODEL,1,0xdeadbeef
m4_random_v2,157,C3,297df920dab05466b1fc3fc6711346364cd0c459,94408de554e6,True,write,0x20000000,1,False,global_pulse,False,no unauthorized protected effect,PASS,SP-08/SP-13,PASS,EXPECTED_BY_MODEL,1,0xdeadbeef
m4_random_v2,158,C3,297df920dab05466b1fc3fc6711346364cd0c459,94408de554e6,True,write,0x20000000,2,True,global_pulse,True,no unauthorized protected effect,PASS,SP-08/SP-13,PASS,EXPECTED_BY_MODEL,1,0xdeadbeef
m4_random_v2,159,C3,297df920dab05466b1fc3fc6711346364cd0c459,94408de554e6,True,write,0x20000000,2,False,none,False,no unauthorized protected effect,PASS,SP-08/SP-13,PASS,EXPECTED_BY_MODEL,1,0xdeadbeef
m4_random_v2,160,C3,297df920dab05466b1fc3fc6711346364cd0c459,94408de554e6,True,write,0x20000000,1,True,none,True,no unauthorized protected effect,PASS,SP-08/SP-13,PASS,EXPECTED_BY_MODEL,0,0xcafebabe
m4_random_v2,161,C3,297df920dab05466b1fc3fc6711346364cd0c459,94408de554e6,True,write,0x20000000,2,False,none,False,no unauthorized protected effect,PASS,SP-08/SP-13,PASS,EXPECTED_BY_MODEL,1,0xdeadbeef
m4_random_v2,162,C3,297df920dab05466b1fc3fc6711346364cd0c459,94408de554e6,True,write,0x20000000,2,True,none,True,no unauthorized protected effect,PASS,SP-08/SP-13,PASS,EXPECTED_BY_MODEL,1,0xdeadbeef
m4_random_v2,163,C3,297df920dab05466b1fc3fc6711346364cd0c459,94408de554e6,True,write,0x20000000,2,False,global_pulse,False,no unauthorized protected effect,PASS,SP-08/SP-13,PASS,EXPECTED_BY_MODEL,1,0xdeadbeef
m4_random_v2,164,C3,297df920dab05466b1fc3fc6711346364cd0c459,94408de554e6,True,write,0x20000000,1,True,none,True,no unauthorized protected effect,PASS,SP-08/SP-13,PASS,EXPECTED_BY_MODEL,0,0xcafebabe
m4_random_v2,165,C3,297df920dab05466b1fc3fc6711346364cd0c459,94408de554e6,True,write,0x20000000,1,False,none,False,no unauthorized protected effect,PASS,SP-08/SP-13,PASS,EXPECTED_BY_MODEL,1,0xdeadbeef
m4_random_v2,166,C3,297df920dab05466b1fc3fc6711346364cd0c459,94408de554e6,True,write,0x20000000,1,True,none,True,no unauthorized protected effect,PASS,SP-08/SP-13,PASS,EXPECTED_BY_MODEL,0,0xcafebabe
m4_random_v2,167,C3,297df920dab05466b1fc3fc6711346364cd0c459,94408de554e6,True,write,0x20000000,2,True,none,True,no unauthorized protected effect,PASS,SP-08/SP-13,PASS,EXPECTED_BY_MODEL,1,0xdeadbeef
m4_random_v2,168,C3,297df920dab05466b1fc3fc6711346364cd0c459,94408de554e6,True,write,0x20000000,1,False,none,False,no unauthorized protected effect,PASS,SP-08/SP-13,PASS,EXPECTED_BY_MODEL,1,0xdeadbeef
m4_random_v2,169,C3,297df920dab05466b1fc3fc6711346364cd0c459,94408de554e6,True,write,0x20000000,1,False,global_pulse,False,no unauthorized protected effect,PASS,SP-08/SP-13,PASS,EXPECTED_BY_MODEL,1,0xdeadbeef
m4_random_v2,170,C3,297df920dab05466b1fc3fc6711346364cd0c459,94408de554e6,True,write,0x20000000,1,False,none,False,no unauthorized protected effect,PASS,SP-08/SP-13,PASS,EXPECTED_BY_MODEL,1,0xdeadbeef
m4_random_v2,171,C3,297df920dab05466b1fc3fc6711346364cd0c459,94408de554e6,True,write,0x20000000,1,False,none,False,no unauthorized protected effect,PASS,SP-08/SP-13,PASS,EXPECTED_BY_MODEL,1,0xdeadbeef
m4_random_v2,172,C3,297df920dab05466b1fc3fc6711346364cd0c459,94408de554e6,True,write,0x20000000,1,False,none,False,no unauthorized protected effect,PASS,SP-08/SP-13,PASS,EXPECTED_BY_MODEL,1,0xdeadbeef
m4_random_v2,173,C3,297df920dab05466b1fc3fc6711346364cd0c459,94408de554e6,True,write,0x20000000,1,True,none,True,no unauthorized protected effect,PASS,SP-08/SP-13,PASS,EXPECTED_BY_MODEL,0,0xcafebabe
m4_random_v2,174,C3,297df920dab05466b1fc3fc6711346364cd0c459,94408de554e6,True,write,0x20000000,1,False,none,False,no unauthorized protected effect,PASS,SP-08/SP-13,PASS,EXPECTED_BY_MODEL,1,0xdeadbeef
m4_random_v2,175,C3,297df920dab05466b1fc3fc6711346364cd0c459,94408de554e6,True,write,0x20000000,2,True,none,True,no unauthorized protected effect,PASS,SP-08/SP-13,PASS,EXPECTED_BY_MODEL,1,0xdeadbeef
m4_random_v2,176,C3,297df920dab05466b1fc3fc6711346364cd0c459,94408de554e6,True,write,0x20000000,1,True,none,True,no unauthorized protected effect,PASS,SP-08/SP-13,PASS,EXPECTED_BY_MODEL,0,0xcafebabe
m4_random_v2,177,C3,297df920dab05466b1fc3fc6711346364cd0c459,94408de554e6,True,write,0x20000000,1,False,none,False,no unauthorized protected effect,PASS,SP-08/SP-13,PASS,EXPECTED_BY_MODEL,1,0xdeadbeef
m4_random_v2,178,C3,297df920dab05466b1fc3fc6711346364cd0c459,94408de554e6,True,write,0x20000000,2,False,none,False,no unauthorized protected effect,PASS,SP-08/SP-13,PASS,EXPECTED_BY_MODEL,1,0xdeadbeef
m4_random_v2,179,C3,297df920dab05466b1fc3fc6711346364cd0c459,94408de554e6,True,write,0x20000000,1,False,global_pulse,False,no unauthorized protected effect,PASS,SP-08/SP-13,PASS,EXPECTED_BY_MODEL,1,0xdeadbeef
m4_random_v2,180,C3,297df920dab05466b1fc3fc6711346364cd0c459,94408de554e6,True,write,0x20000000,1,False,global_pulse,False,no unauthorized protected effect,PASS,SP-08/SP-13,PASS,EXPECTED_BY_MODEL,1,0xdeadbeef
m4_random_v2,181,C3,297df920dab05466b1fc3fc6711346364cd0c459,94408de554e6,True,write,0x20000000,2,False,none,False,no unauthorized protected effect,PASS,SP-08/SP-13,PASS,EXPECTED_BY_MODEL,1,0xdeadbeef
m4_random_v2,182,C3,297df920dab05466b1fc3fc6711346364cd0c459,94408de554e6,True,write,0x20000000,2,False,none,False,no unauthorized protected effect,PASS,SP-08/SP-13,PASS,EXPECTED_BY_MODEL,1,0xdeadbeef
m4_random_v2,183,C3,297df920dab05466b1fc3fc6711346364cd0c459,94408de554e6,True,write,0x20000000,2,True,none,True,no unauthorized protected effect,PASS,SP-08/SP-13,PASS,EXPECTED_BY_MODEL,1,0xdeadbeef
m4_random_v2,184,C3,297df920dab05466b1fc3fc6711346364cd0c459,94408de554e6,True,write,0x20000000,1,True,none,True,no unauthorized protected effect,PASS,SP-08/SP-13,PASS,EXPECTED_BY_MODEL,0,0xcafebabe
m4_random_v2,185,C3,297df920dab05466b1fc3fc6711346364cd0c459,94408de554e6,True,write,0x20000000,1,False,global_pulse,False,no unauthorized protected effect,PASS,SP-08/SP-13,PASS,EXPECTED_BY_MODEL,1,0xdeadbeef
m4_random_v2,186,C3,297df920dab05466b1fc3fc6711346364cd0c459,94408de554e6,True,write,0x20000000,2,True,none,True,no unauthorized protected effect,PASS,SP-08/SP-13,PASS,EXPECTED_BY_MODEL,1,0xdeadbeef
m4_random_v2,187,C3,297df920dab05466b1fc3fc6711346364cd0c459,94408de554e6,True,write,0x20000000,2,False,global_pulse,False,no unauthorized protected effect,PASS,SP-08/SP-13,PASS,EXPECTED_BY_MODEL,1,0xdeadbeef
m4_random_v2,188,C3,297df920dab05466b1fc3fc6711346364cd0c459,94408de554e6,True,write,0x20000000,1,False,none,False,no unauthorized protected effect,PASS,SP-08/SP-13,PASS,EXPECTED_BY_MODEL,1,0xdeadbeef
m4_random_v2,189,C3,297df920dab05466b1fc3fc6711346364cd0c459,94408de554e6,True,write,0x20000000,2,False,none,False,no unauthorized protected effect,PASS,SP-08/SP-13,PASS,EXPECTED_BY_MODEL,1,0xdeadbeef
m4_random_v2,190,C3,297df920dab05466b1fc3fc6711346364cd0c459,94408de554e6,True,write,0x20000000,1,True,none,True,no unauthorized protected effect,PASS,SP-08/SP-13,PASS,EXPECTED_BY_MODEL,0,0xcafebabe
m4_random_v2,191,C3,297df920dab05466b1fc3fc6711346364cd0c459,94408de554e6,True,write,0x20000000,1,False,none,False,no unauthorized protected effect,PASS,SP-08/SP-13,PASS,EXPECTED_BY_MODEL,1,0xdeadbeef
m4_random_v2,192,C3,297df920dab05466b1fc3fc6711346364cd0c459,94408de554e6,True,write,0x20000000,1,False,none,False,no unauthorized protected effect,PASS,SP-08/SP-13,PASS,EXPECTED_BY_MODEL,1,0xdeadbeef
m4_random_v2,193,C3,297df920dab05466b1fc3fc6711346364cd0c459,94408de554e6,True,write,0x20000000,1,True,none,True,no unauthorized protected effect,PASS,SP-08/SP-13,PASS,EXPECTED_BY_MODEL,0,0xcafebabe
m4_random_v2,194,C3,297df920dab05466b1fc3fc6711346364cd0c459,94408de554e6,True,write,0x20000000,1,False,none,False,no unauthorized protected effect,PASS,SP-08/SP-13,PASS,EXPECTED_BY_MODEL,1,0xdeadbeef
m4_random_v2,195,C3,297df920dab05466b1fc3fc6711346364cd0c459,94408de554e6,True,write,0x20000000,2,True,none,True,no unauthorized protected effect,PASS,SP-08/SP-13,PASS,EXPECTED_BY_MODEL,1,0xdeadbeef
m4_random_v2,196,C3,297df920dab05466b1fc3fc6711346364cd0c459,94408de554e6,True,write,0x20000000,1,True,none,True,no unauthorized protected effect,PASS,SP-08/SP-13,PASS,EXPECTED_BY_MODEL,0,0xcafebabe
m4_random_v2,197,C3,297df920dab05466b1fc3fc6711346364cd0c459,94408de554e6,True,write,0x20000000,1,False,none,False,no unauthorized protected effect,PASS,SP-08/SP-13,PASS,EXPECTED_BY_MODEL,1,0xdeadbeef
m4_random_v2,198,C3,297df920dab05466b1fc3fc6711346364cd0c459,94408de554e6,True,write,0x20000000,1,False,none,False,no unauthorized protected effect,PASS,SP-08/SP-13,PASS,EXPECTED_BY_MODEL,1,0xdeadbeef
m4_random_v2,199,C3,297df920dab05466b1fc3fc6711346364cd0c459,94408de554e6,True,write,0x20000000,1,True,none,True,no unauthorized protected effect,PASS,SP-08/SP-13,PASS,EXPECTED_BY_MODEL,0,0xcafebabe
m4_random_v2,0,C4,297df920dab05466b1fc3fc6711346364cd0c459,94408de554e6,True,write,0x20000000,2,False,global_pulse,False,no unauthorized protected effect,PASS,SP-08/SP-13,PASS,EXPECTED_BY_MODEL,1,0xdeadbeef
m4_random_v2,1,C4,297df920dab05466b1fc3fc6711346364cd0c459,94408de554e6,True,write,0x20000000,1,False,none,False,no unauthorized protected effect,PASS,SP-08/SP-13,PASS,EXPECTED_BY_MODEL,1,0xdeadbeef
m4_random_v2,2,C4,297df920dab05466b1fc3fc6711346364cd0c459,94408de554e6,True,write,0x20000000,1,False,global_pulse,False,no unauthorized protected effect,PASS,SP-08/SP-13,PASS,EXPECTED_BY_MODEL,1,0xdeadbeef
m4_random_v2,3,C4,297df920dab05466b1fc3fc6711346364cd0c459,94408de554e6,True,write,0x20000000,1,False,none,False,no unauthorized protected effect,PASS,SP-08/SP-13,PASS,EXPECTED_BY_MODEL,1,0xdeadbeef
m4_random_v2,4,C4,297df920dab05466b1fc3fc6711346364cd0c459,94408de554e6,True,write,0x20000000,1,True,none,True,no unauthorized protected effect,PASS,SP-08/SP-13,PASS,EXPECTED_BY_MODEL,0,0xcafebabe
m4_random_v2,5,C4,297df920dab05466b1fc3fc6711346364cd0c459,94408de554e6,True,write,0x20000000,2,True,none,True,no unauthorized protected effect,PASS,SP-08/SP-13,PASS,EXPECTED_BY_MODEL,1,0xdeadbeef
m4_random_v2,6,C4,297df920dab05466b1fc3fc6711346364cd0c459,94408de554e6,True,write,0x20000000,1,False,none,False,no unauthorized protected effect,PASS,SP-08/SP-13,PASS,EXPECTED_BY_MODEL,1,0xdeadbeef
m4_random_v2,7,C4,297df920dab05466b1fc3fc6711346364cd0c459,94408de554e6,True,write,0x20000000,1,False,global_pulse,False,no unauthorized protected effect,PASS,SP-08/SP-13,PASS,EXPECTED_BY_MODEL,1,0xdeadbeef
m4_random_v2,8,C4,297df920dab05466b1fc3fc6711346364cd0c459,94408de554e6,True,write,0x20000000,1,False,none,False,no unauthorized protected effect,PASS,SP-08/SP-13,PASS,EXPECTED_BY_MODEL,1,0xdeadbeef
m4_random_v2,9,C4,297df920dab05466b1fc3fc6711346364cd0c459,94408de554e6,True,write,0x20000000,2,False,global_pulse,False,no unauthorized protected effect,PASS,SP-08/SP-13,PASS,EXPECTED_BY_MODEL,1,0xdeadbeef
m4_random_v2,10,C4,297df920dab05466b1fc3fc6711346364cd0c459,94408de554e6,True,write,0x20000000,1,True,global_pulse,True,no unauthorized protected effect,PASS,SP-08/SP-13,PASS,EXPECTED_BY_MODEL,0,0xcafebabe
m4_random_v2,11,C4,297df920dab05466b1fc3fc6711346364cd0c459,94408de554e6,True,write,0x20000000,1,True,none,True,no unauthorized protected effect,PASS,SP-08/SP-13,PASS,EXPECTED_BY_MODEL,0,0xcafebabe
m4_random_v2,12,C4,297df920dab05466b1fc3fc6711346364cd0c459,94408de554e6,True,write,0x20000000,1,True,global_pulse,True,no unauthorized protected effect,PASS,SP-08/SP-13,PASS,EXPECTED_BY_MODEL,0,0xcafebabe
m4_random_v2,13,C4,297df920dab05466b1fc3fc6711346364cd0c459,94408de554e6,True,write,0x20000000,2,True,none,True,no unauthorized protected effect,PASS,SP-08/SP-13,PASS,EXPECTED_BY_MODEL,1,0xdeadbeef
m4_random_v2,14,C4,297df920dab05466b1fc3fc6711346364cd0c459,94408de554e6,True,write,0x20000000,1,True,none,True,no unauthorized protected effect,PASS,SP-08/SP-13,PASS,EXPECTED_BY_MODEL,0,0xcafebabe
m4_random_v2,15,C4,297df920dab05466b1fc3fc6711346364cd0c459,94408de554e6,True,write,0x20000000,1,False,none,False,no unauthorized protected effect,PASS,SP-08/SP-13,PASS,EXPECTED_BY_MODEL,1,0xdeadbeef
m4_random_v2,16,C4,297df920dab05466b1fc3fc6711346364cd0c459,94408de554e6,True,write,0x20000000,1,False,none,False,no unauthorized protected effect,PASS,SP-08/SP-13,PASS,EXPECTED_BY_MODEL,1,0xdeadbeef
m4_random_v2,17,C4,297df920dab05466b1fc3fc6711346364cd0c459,94408de554e6,True,write,0x20000000,2,True,none,True,no unauthorized protected effect,PASS,SP-08/SP-13,PASS,EXPECTED_BY_MODEL,1,0xdeadbeef
m4_random_v2,18,C4,297df920dab05466b1fc3fc6711346364cd0c459,94408de554e6,True,write,0x20000000,1,True,global_pulse,True,no unauthorized protected effect,PASS,SP-08/SP-13,PASS,EXPECTED_BY_MODEL,0,0xcafebabe
m4_random_v2,19,C4,297df920dab05466b1fc3fc6711346364cd0c459,94408de554e6,True,write,0x20000000,1,False,global_pulse,False,no unauthorized protected effect,PASS,SP-08/SP-13,PASS,EXPECTED_BY_MODEL,1,0xdeadbeef
m4_random_v2,20,C4,297df920dab05466b1fc3fc6711346364cd0c459,94408de554e6,True,write,0x20000000,2,False,none,False,no unauthorized protected effect,PASS,SP-08/SP-13,PASS,EXPECTED_BY_MODEL,1,0xdeadbeef
m4_random_v2,21,C4,297df920dab05466b1fc3fc6711346364cd0c459,94408de554e6,True,write,0x20000000,1,True,none,True,no unauthorized protected effect,PASS,SP-08/SP-13,PASS,EXPECTED_BY_MODEL,0,0xcafebabe
m4_random_v2,22,C4,297df920dab05466b1fc3fc6711346364cd0c459,94408de554e6,True,write,0x20000000,2,False,none,False,no unauthorized protected effect,PASS,SP-08/SP-13,PASS,EXPECTED_BY_MODEL,1,0xdeadbeef
m4_random_v2,23,C4,297df920dab05466b1fc3fc6711346364cd0c459,94408de554e6,True,write,0x20000000,1,False,none,False,no unauthorized protected effect,PASS,SP-08/SP-13,PASS,EXPECTED_BY_MODEL,1,0xdeadbeef
m4_random_v2,24,C4,297df920dab05466b1fc3fc6711346364cd0c459,94408de554e6,True,write,0x20000000,1,False,none,False,no unauthorized protected effect,PASS,SP-08/SP-13,PASS,EXPECTED_BY_MODEL,1,0xdeadbeef
m4_random_v2,25,C4,297df920dab05466b1fc3fc6711346364cd0c459,94408de554e6,True,write,0x20000000,2,False,none,False,no unauthorized protected effect,PASS,SP-08/SP-13,PASS,EXPECTED_BY_MODEL,1,0xdeadbeef
m4_random_v2,26,C4,297df920dab05466b1fc3fc6711346364cd0c459,94408de554e6,True,write,0x20000000,1,False,none,False,no unauthorized protected effect,PASS,SP-08/SP-13,PASS,EXPECTED_BY_MODEL,1,0xdeadbeef
m4_random_v2,27,C4,297df920dab05466b1fc3fc6711346364cd0c459,94408de554e6,True,write,0x20000000,2,True,global_pulse,True,no unauthorized protected effect,PASS,SP-08/SP-13,PASS,EXPECTED_BY_MODEL,1,0xdeadbeef
m4_random_v2,28,C4,297df920dab05466b1fc3fc6711346364cd0c459,94408de554e6,True,write,0x20000000,1,True,none,True,no unauthorized protected effect,PASS,SP-08/SP-13,PASS,EXPECTED_BY_MODEL,0,0xcafebabe
m4_random_v2,29,C4,297df920dab05466b1fc3fc6711346364cd0c459,94408de554e6,True,write,0x20000000,1,True,none,True,no unauthorized protected effect,PASS,SP-08/SP-13,PASS,EXPECTED_BY_MODEL,0,0xcafebabe
m4_random_v2,30,C4,297df920dab05466b1fc3fc6711346364cd0c459,94408de554e6,True,write,0x20000000,2,True,none,True,no unauthorized protected effect,PASS,SP-08/SP-13,PASS,EXPECTED_BY_MODEL,1,0xdeadbeef
m4_random_v2,31,C4,297df920dab05466b1fc3fc6711346364cd0c459,94408de554e6,True,write,0x20000000,2,True,global_pulse,True,no unauthorized protected effect,PASS,SP-08/SP-13,PASS,EXPECTED_BY_MODEL,1,0xdeadbeef
m4_random_v2,32,C4,297df920dab05466b1fc3fc6711346364cd0c459,94408de554e6,True,write,0x20000000,1,False,none,False,no unauthorized protected effect,PASS,SP-08/SP-13,PASS,EXPECTED_BY_MODEL,1,0xdeadbeef
m4_random_v2,33,C4,297df920dab05466b1fc3fc6711346364cd0c459,94408de554e6,True,write,0x20000000,2,True,none,True,no unauthorized protected effect,PASS,SP-08/SP-13,PASS,EXPECTED_BY_MODEL,1,0xdeadbeef
m4_random_v2,34,C4,297df920dab05466b1fc3fc6711346364cd0c459,94408de554e6,True,write,0x20000000,2,True,none,True,no unauthorized protected effect,PASS,SP-08/SP-13,PASS,EXPECTED_BY_MODEL,1,0xdeadbeef
m4_random_v2,35,C4,297df920dab05466b1fc3fc6711346364cd0c459,94408de554e6,True,write,0x20000000,1,True,none,True,no unauthorized protected effect,PASS,SP-08/SP-13,PASS,EXPECTED_BY_MODEL,0,0xcafebabe
m4_random_v2,36,C4,297df920dab05466b1fc3fc6711346364cd0c459,94408de554e6,True,write,0x20000000,2,True,none,True,no unauthorized protected effect,PASS,SP-08/SP-13,PASS,EXPECTED_BY_MODEL,1,0xdeadbeef
m4_random_v2,37,C4,297df920dab05466b1fc3fc6711346364cd0c459,94408de554e6,True,write,0x20000000,2,True,none,True,no unauthorized protected effect,PASS,SP-08/SP-13,PASS,EXPECTED_BY_MODEL,1,0xdeadbeef
m4_random_v2,38,C4,297df920dab05466b1fc3fc6711346364cd0c459,94408de554e6,True,write,0x20000000,1,True,global_pulse,True,no unauthorized protected effect,PASS,SP-08/SP-13,PASS,EXPECTED_BY_MODEL,0,0xcafebabe
m4_random_v2,39,C4,297df920dab05466b1fc3fc6711346364cd0c459,94408de554e6,True,write,0x20000000,2,False,none,False,no unauthorized protected effect,PASS,SP-08/SP-13,PASS,EXPECTED_BY_MODEL,1,0xdeadbeef
m4_random_v2,40,C4,297df920dab05466b1fc3fc6711346364cd0c459,94408de554e6,True,write,0x20000000,2,False,none,False,no unauthorized protected effect,PASS,SP-08/SP-13,PASS,EXPECTED_BY_MODEL,1,0xdeadbeef
m4_random_v2,41,C4,297df920dab05466b1fc3fc6711346364cd0c459,94408de554e6,True,write,0x20000000,1,True,none,True,no unauthorized protected effect,PASS,SP-08/SP-13,PASS,EXPECTED_BY_MODEL,0,0xcafebabe
m4_random_v2,42,C4,297df920dab05466b1fc3fc6711346364cd0c459,94408de554e6,True,write,0x20000000,1,True,none,True,no unauthorized protected effect,PASS,SP-08/SP-13,PASS,EXPECTED_BY_MODEL,0,0xcafebabe
m4_random_v2,43,C4,297df920dab05466b1fc3fc6711346364cd0c459,94408de554e6,True,write,0x20000000,2,True,none,True,no unauthorized protected effect,PASS,SP-08/SP-13,PASS,EXPECTED_BY_MODEL,1,0xdeadbeef
m4_random_v2,44,C4,297df920dab05466b1fc3fc6711346364cd0c459,94408de554e6,True,write,0x20000000,1,True,global_pulse,True,no unauthorized protected effect,PASS,SP-08/SP-13,PASS,EXPECTED_BY_MODEL,0,0xcafebabe
m4_random_v2,45,C4,297df920dab05466b1fc3fc6711346364cd0c459,94408de554e6,True,write,0x20000000,1,False,none,False,no unauthorized protected effect,PASS,SP-08/SP-13,PASS,EXPECTED_BY_MODEL,1,0xdeadbeef
m4_random_v2,46,C4,297df920dab05466b1fc3fc6711346364cd0c459,94408de554e6,True,write,0x20000000,1,False,global_pulse,False,no unauthorized protected effect,PASS,SP-08/SP-13,PASS,EXPECTED_BY_MODEL,1,0xdeadbeef
m4_random_v2,47,C4,297df920dab05466b1fc3fc6711346364cd0c459,94408de554e6,True,write,0x20000000,1,True,none,True,no unauthorized protected effect,PASS,SP-08/SP-13,PASS,EXPECTED_BY_MODEL,0,0xcafebabe
m4_random_v2,48,C4,297df920dab05466b1fc3fc6711346364cd0c459,94408de554e6,True,write,0x20000000,2,True,none,True,no unauthorized protected effect,PASS,SP-08/SP-13,PASS,EXPECTED_BY_MODEL,1,0xdeadbeef
m4_random_v2,49,C4,297df920dab05466b1fc3fc6711346364cd0c459,94408de554e6,True,write,0x20000000,1,True,none,True,no unauthorized protected effect,PASS,SP-08/SP-13,PASS,EXPECTED_BY_MODEL,0,0xcafebabe
m4_random_v2,50,C4,297df920dab05466b1fc3fc6711346364cd0c459,94408de554e6,True,write,0x20000000,2,True,none,True,no unauthorized protected effect,PASS,SP-08/SP-13,PASS,EXPECTED_BY_MODEL,1,0xdeadbeef
m4_random_v2,51,C4,297df920dab05466b1fc3fc6711346364cd0c459,94408de554e6,True,write,0x20000000,2,True,none,True,no unauthorized protected effect,PASS,SP-08/SP-13,PASS,EXPECTED_BY_MODEL,1,0xdeadbeef
m4_random_v2,52,C4,297df920dab05466b1fc3fc6711346364cd0c459,94408de554e6,True,write,0x20000000,1,False,none,False,no unauthorized protected effect,PASS,SP-08/SP-13,PASS,EXPECTED_BY_MODEL,1,0xdeadbeef
m4_random_v2,53,C4,297df920dab05466b1fc3fc6711346364cd0c459,94408de554e6,True,write,0x20000000,2,True,none,True,no unauthorized protected effect,PASS,SP-08/SP-13,PASS,EXPECTED_BY_MODEL,1,0xdeadbeef
m4_random_v2,54,C4,297df920dab05466b1fc3fc6711346364cd0c459,94408de554e6,True,write,0x20000000,1,False,none,False,no unauthorized protected effect,PASS,SP-08/SP-13,PASS,EXPECTED_BY_MODEL,1,0xdeadbeef
m4_random_v2,55,C4,297df920dab05466b1fc3fc6711346364cd0c459,94408de554e6,True,write,0x20000000,2,False,none,False,no unauthorized protected effect,PASS,SP-08/SP-13,PASS,EXPECTED_BY_MODEL,1,0xdeadbeef
m4_random_v2,56,C4,297df920dab05466b1fc3fc6711346364cd0c459,94408de554e6,True,write,0x20000000,2,False,global_pulse,False,no unauthorized protected effect,PASS,SP-08/SP-13,PASS,EXPECTED_BY_MODEL,1,0xdeadbeef
m4_random_v2,57,C4,297df920dab05466b1fc3fc6711346364cd0c459,94408de554e6,True,write,0x20000000,1,False,none,False,no unauthorized protected effect,PASS,SP-08/SP-13,PASS,EXPECTED_BY_MODEL,1,0xdeadbeef
m4_random_v2,58,C4,297df920dab05466b1fc3fc6711346364cd0c459,94408de554e6,True,write,0x20000000,1,True,none,True,no unauthorized protected effect,PASS,SP-08/SP-13,PASS,EXPECTED_BY_MODEL,0,0xcafebabe
m4_random_v2,59,C4,297df920dab05466b1fc3fc6711346364cd0c459,94408de554e6,True,write,0x20000000,2,False,none,False,no unauthorized protected effect,PASS,SP-08/SP-13,PASS,EXPECTED_BY_MODEL,1,0xdeadbeef
m4_random_v2,60,C4,297df920dab05466b1fc3fc6711346364cd0c459,94408de554e6,True,write,0x20000000,1,False,none,False,no unauthorized protected effect,PASS,SP-08/SP-13,PASS,EXPECTED_BY_MODEL,1,0xdeadbeef
m4_random_v2,61,C4,297df920dab05466b1fc3fc6711346364cd0c459,94408de554e6,True,write,0x20000000,1,False,none,False,no unauthorized protected effect,PASS,SP-08/SP-13,PASS,EXPECTED_BY_MODEL,1,0xdeadbeef
m4_random_v2,62,C4,297df920dab05466b1fc3fc6711346364cd0c459,94408de554e6,True,write,0x20000000,2,False,global_pulse,False,no unauthorized protected effect,PASS,SP-08/SP-13,PASS,EXPECTED_BY_MODEL,1,0xdeadbeef
m4_random_v2,63,C4,297df920dab05466b1fc3fc6711346364cd0c459,94408de554e6,True,write,0x20000000,2,True,none,True,no unauthorized protected effect,PASS,SP-08/SP-13,PASS,EXPECTED_BY_MODEL,1,0xdeadbeef
m4_random_v2,64,C4,297df920dab05466b1fc3fc6711346364cd0c459,94408de554e6,True,write,0x20000000,1,True,none,True,no unauthorized protected effect,PASS,SP-08/SP-13,PASS,EXPECTED_BY_MODEL,0,0xcafebabe
m4_random_v2,65,C4,297df920dab05466b1fc3fc6711346364cd0c459,94408de554e6,True,write,0x20000000,1,True,none,True,no unauthorized protected effect,PASS,SP-08/SP-13,PASS,EXPECTED_BY_MODEL,0,0xcafebabe
m4_random_v2,66,C4,297df920dab05466b1fc3fc6711346364cd0c459,94408de554e6,True,write,0x20000000,1,True,none,True,no unauthorized protected effect,PASS,SP-08/SP-13,PASS,EXPECTED_BY_MODEL,0,0xcafebabe
m4_random_v2,67,C4,297df920dab05466b1fc3fc6711346364cd0c459,94408de554e6,True,write,0x20000000,2,True,none,True,no unauthorized protected effect,PASS,SP-08/SP-13,PASS,EXPECTED_BY_MODEL,1,0xdeadbeef
m4_random_v2,68,C4,297df920dab05466b1fc3fc6711346364cd0c459,94408de554e6,True,write,0x20000000,1,False,global_pulse,False,no unauthorized protected effect,PASS,SP-08/SP-13,PASS,EXPECTED_BY_MODEL,1,0xdeadbeef
m4_random_v2,69,C4,297df920dab05466b1fc3fc6711346364cd0c459,94408de554e6,True,write,0x20000000,2,True,global_pulse,True,no unauthorized protected effect,PASS,SP-08/SP-13,PASS,EXPECTED_BY_MODEL,1,0xdeadbeef
m4_random_v2,70,C4,297df920dab05466b1fc3fc6711346364cd0c459,94408de554e6,True,write,0x20000000,1,False,none,False,no unauthorized protected effect,PASS,SP-08/SP-13,PASS,EXPECTED_BY_MODEL,1,0xdeadbeef
m4_random_v2,71,C4,297df920dab05466b1fc3fc6711346364cd0c459,94408de554e6,True,write,0x20000000,2,False,global_pulse,False,no unauthorized protected effect,PASS,SP-08/SP-13,PASS,EXPECTED_BY_MODEL,1,0xdeadbeef
m4_random_v2,72,C4,297df920dab05466b1fc3fc6711346364cd0c459,94408de554e6,True,write,0x20000000,1,True,none,True,no unauthorized protected effect,PASS,SP-08/SP-13,PASS,EXPECTED_BY_MODEL,0,0xcafebabe
m4_random_v2,73,C4,297df920dab05466b1fc3fc6711346364cd0c459,94408de554e6,True,write,0x20000000,1,True,global_pulse,True,no unauthorized protected effect,PASS,SP-08/SP-13,PASS,EXPECTED_BY_MODEL,0,0xcafebabe
m4_random_v2,74,C4,297df920dab05466b1fc3fc6711346364cd0c459,94408de554e6,True,write,0x20000000,1,False,none,False,no unauthorized protected effect,PASS,SP-08/SP-13,PASS,EXPECTED_BY_MODEL,1,0xdeadbeef
m4_random_v2,75,C4,297df920dab05466b1fc3fc6711346364cd0c459,94408de554e6,True,write,0x20000000,1,True,none,True,no unauthorized protected effect,PASS,SP-08/SP-13,PASS,EXPECTED_BY_MODEL,0,0xcafebabe
m4_random_v2,76,C4,297df920dab05466b1fc3fc6711346364cd0c459,94408de554e6,True,write,0x20000000,1,False,none,False,no unauthorized protected effect,PASS,SP-08/SP-13,PASS,EXPECTED_BY_MODEL,1,0xdeadbeef
m4_random_v2,77,C4,297df920dab05466b1fc3fc6711346364cd0c459,94408de554e6,True,write,0x20000000,1,False,global_pulse,False,no unauthorized protected effect,PASS,SP-08/SP-13,PASS,EXPECTED_BY_MODEL,1,0xdeadbeef
m4_random_v2,78,C4,297df920dab05466b1fc3fc6711346364cd0c459,94408de554e6,True,write,0x20000000,2,False,none,False,no unauthorized protected effect,PASS,SP-08/SP-13,PASS,EXPECTED_BY_MODEL,1,0xdeadbeef
m4_random_v2,79,C4,297df920dab05466b1fc3fc6711346364cd0c459,94408de554e6,True,write,0x20000000,2,True,none,True,no unauthorized protected effect,PASS,SP-08/SP-13,PASS,EXPECTED_BY_MODEL,1,0xdeadbeef
m4_random_v2,80,C4,297df920dab05466b1fc3fc6711346364cd0c459,94408de554e6,True,write,0x20000000,1,True,none,True,no unauthorized protected effect,PASS,SP-08/SP-13,PASS,EXPECTED_BY_MODEL,0,0xcafebabe
m4_random_v2,81,C4,297df920dab05466b1fc3fc6711346364cd0c459,94408de554e6,True,write,0x20000000,1,True,none,True,no unauthorized protected effect,PASS,SP-08/SP-13,PASS,EXPECTED_BY_MODEL,0,0xcafebabe
m4_random_v2,82,C4,297df920dab05466b1fc3fc6711346364cd0c459,94408de554e6,True,write,0x20000000,2,True,none,True,no unauthorized protected effect,PASS,SP-08/SP-13,PASS,EXPECTED_BY_MODEL,1,0xdeadbeef
m4_random_v2,83,C4,297df920dab05466b1fc3fc6711346364cd0c459,94408de554e6,True,write,0x20000000,1,False,none,False,no unauthorized protected effect,PASS,SP-08/SP-13,PASS,EXPECTED_BY_MODEL,1,0xdeadbeef
m4_random_v2,84,C4,297df920dab05466b1fc3fc6711346364cd0c459,94408de554e6,True,write,0x20000000,1,False,none,False,no unauthorized protected effect,PASS,SP-08/SP-13,PASS,EXPECTED_BY_MODEL,1,0xdeadbeef
m4_random_v2,85,C4,297df920dab05466b1fc3fc6711346364cd0c459,94408de554e6,True,write,0x20000000,1,True,none,True,no unauthorized protected effect,PASS,SP-08/SP-13,PASS,EXPECTED_BY_MODEL,0,0xcafebabe
m4_random_v2,86,C4,297df920dab05466b1fc3fc6711346364cd0c459,94408de554e6,True,write,0x20000000,2,False,none,False,no unauthorized protected effect,PASS,SP-08/SP-13,PASS,EXPECTED_BY_MODEL,1,0xdeadbeef
m4_random_v2,87,C4,297df920dab05466b1fc3fc6711346364cd0c459,94408de554e6,True,write,0x20000000,1,True,none,True,no unauthorized protected effect,PASS,SP-08/SP-13,PASS,EXPECTED_BY_MODEL,0,0xcafebabe
m4_random_v2,88,C4,297df920dab05466b1fc3fc6711346364cd0c459,94408de554e6,True,write,0x20000000,2,True,global_pulse,True,no unauthorized protected effect,PASS,SP-08/SP-13,PASS,EXPECTED_BY_MODEL,1,0xdeadbeef
m4_random_v2,89,C4,297df920dab05466b1fc3fc6711346364cd0c459,94408de554e6,True,write,0x20000000,1,False,none,False,no unauthorized protected effect,PASS,SP-08/SP-13,PASS,EXPECTED_BY_MODEL,1,0xdeadbeef
m4_random_v2,90,C4,297df920dab05466b1fc3fc6711346364cd0c459,94408de554e6,True,write,0x20000000,1,True,none,True,no unauthorized protected effect,PASS,SP-08/SP-13,PASS,EXPECTED_BY_MODEL,0,0xcafebabe
m4_random_v2,91,C4,297df920dab05466b1fc3fc6711346364cd0c459,94408de554e6,True,write,0x20000000,1,True,none,True,no unauthorized protected effect,PASS,SP-08/SP-13,PASS,EXPECTED_BY_MODEL,0,0xcafebabe
m4_random_v2,92,C4,297df920dab05466b1fc3fc6711346364cd0c459,94408de554e6,True,write,0x20000000,2,True,none,True,no unauthorized protected effect,PASS,SP-08/SP-13,PASS,EXPECTED_BY_MODEL,1,0xdeadbeef
m4_random_v2,93,C4,297df920dab05466b1fc3fc6711346364cd0c459,94408de554e6,True,write,0x20000000,2,False,none,False,no unauthorized protected effect,PASS,SP-08/SP-13,PASS,EXPECTED_BY_MODEL,1,0xdeadbeef
m4_random_v2,94,C4,297df920dab05466b1fc3fc6711346364cd0c459,94408de554e6,True,write,0x20000000,2,True,none,True,no unauthorized protected effect,PASS,SP-08/SP-13,PASS,EXPECTED_BY_MODEL,1,0xdeadbeef
m4_random_v2,95,C4,297df920dab05466b1fc3fc6711346364cd0c459,94408de554e6,True,write,0x20000000,2,False,none,False,no unauthorized protected effect,PASS,SP-08/SP-13,PASS,EXPECTED_BY_MODEL,1,0xdeadbeef
m4_random_v2,96,C4,297df920dab05466b1fc3fc6711346364cd0c459,94408de554e6,True,write,0x20000000,1,True,global_pulse,True,no unauthorized protected effect,PASS,SP-08/SP-13,PASS,EXPECTED_BY_MODEL,0,0xcafebabe
m4_random_v2,97,C4,297df920dab05466b1fc3fc6711346364cd0c459,94408de554e6,True,write,0x20000000,1,True,none,True,no unauthorized protected effect,PASS,SP-08/SP-13,PASS,EXPECTED_BY_MODEL,0,0xcafebabe
m4_random_v2,98,C4,297df920dab05466b1fc3fc6711346364cd0c459,94408de554e6,True,write,0x20000000,2,True,global_pulse,True,no unauthorized protected effect,PASS,SP-08/SP-13,PASS,EXPECTED_BY_MODEL,1,0xdeadbeef
m4_random_v2,99,C4,297df920dab05466b1fc3fc6711346364cd0c459,94408de554e6,True,write,0x20000000,1,True,none,True,no unauthorized protected effect,PASS,SP-08/SP-13,PASS,EXPECTED_BY_MODEL,0,0xcafebabe
m4_random_v2,100,C4,297df920dab05466b1fc3fc6711346364cd0c459,94408de554e6,True,write,0x20000000,1,True,global_pulse,True,no unauthorized protected effect,PASS,SP-08/SP-13,PASS,EXPECTED_BY_MODEL,0,0xcafebabe
m4_random_v2,101,C4,297df920dab05466b1fc3fc6711346364cd0c459,94408de554e6,True,write,0x20000000,1,True,none,True,no unauthorized protected effect,PASS,SP-08/SP-13,PASS,EXPECTED_BY_MODEL,0,0xcafebabe
m4_random_v2,102,C4,297df920dab05466b1fc3fc6711346364cd0c459,94408de554e6,True,write,0x20000000,2,False,none,False,no unauthorized protected effect,PASS,SP-08/SP-13,PASS,EXPECTED_BY_MODEL,1,0xdeadbeef
m4_random_v2,103,C4,297df920dab05466b1fc3fc6711346364cd0c459,94408de554e6,True,write,0x20000000,2,False,none,False,no unauthorized protected effect,PASS,SP-08/SP-13,PASS,EXPECTED_BY_MODEL,1,0xdeadbeef
m4_random_v2,104,C4,297df920dab05466b1fc3fc6711346364cd0c459,94408de554e6,True,write,0x20000000,1,False,none,False,no unauthorized protected effect,PASS,SP-08/SP-13,PASS,EXPECTED_BY_MODEL,1,0xdeadbeef
m4_random_v2,105,C4,297df920dab05466b1fc3fc6711346364cd0c459,94408de554e6,True,write,0x20000000,1,False,none,False,no unauthorized protected effect,PASS,SP-08/SP-13,PASS,EXPECTED_BY_MODEL,1,0xdeadbeef
m4_random_v2,106,C4,297df920dab05466b1fc3fc6711346364cd0c459,94408de554e6,True,write,0x20000000,2,False,global_pulse,False,no unauthorized protected effect,PASS,SP-08/SP-13,PASS,EXPECTED_BY_MODEL,1,0xdeadbeef
m4_random_v2,107,C4,297df920dab05466b1fc3fc6711346364cd0c459,94408de554e6,True,write,0x20000000,1,True,none,True,no unauthorized protected effect,PASS,SP-08/SP-13,PASS,EXPECTED_BY_MODEL,0,0xcafebabe
m4_random_v2,108,C4,297df920dab05466b1fc3fc6711346364cd0c459,94408de554e6,True,write,0x20000000,1,True,none,True,no unauthorized protected effect,PASS,SP-08/SP-13,PASS,EXPECTED_BY_MODEL,0,0xcafebabe
m4_random_v2,109,C4,297df920dab05466b1fc3fc6711346364cd0c459,94408de554e6,True,write,0x20000000,1,True,global_pulse,True,no unauthorized protected effect,PASS,SP-08/SP-13,PASS,EXPECTED_BY_MODEL,0,0xcafebabe
m4_random_v2,110,C4,297df920dab05466b1fc3fc6711346364cd0c459,94408de554e6,True,write,0x20000000,2,False,none,False,no unauthorized protected effect,PASS,SP-08/SP-13,PASS,EXPECTED_BY_MODEL,1,0xdeadbeef
m4_random_v2,111,C4,297df920dab05466b1fc3fc6711346364cd0c459,94408de554e6,True,write,0x20000000,1,False,none,False,no unauthorized protected effect,PASS,SP-08/SP-13,PASS,EXPECTED_BY_MODEL,1,0xdeadbeef
m4_random_v2,112,C4,297df920dab05466b1fc3fc6711346364cd0c459,94408de554e6,True,write,0x20000000,2,True,none,True,no unauthorized protected effect,PASS,SP-08/SP-13,PASS,EXPECTED_BY_MODEL,1,0xdeadbeef
m4_random_v2,113,C4,297df920dab05466b1fc3fc6711346364cd0c459,94408de554e6,True,write,0x20000000,1,False,none,False,no unauthorized protected effect,PASS,SP-08/SP-13,PASS,EXPECTED_BY_MODEL,1,0xdeadbeef
m4_random_v2,114,C4,297df920dab05466b1fc3fc6711346364cd0c459,94408de554e6,True,write,0x20000000,2,True,none,True,no unauthorized protected effect,PASS,SP-08/SP-13,PASS,EXPECTED_BY_MODEL,1,0xdeadbeef
m4_random_v2,115,C4,297df920dab05466b1fc3fc6711346364cd0c459,94408de554e6,True,write,0x20000000,1,False,none,False,no unauthorized protected effect,PASS,SP-08/SP-13,PASS,EXPECTED_BY_MODEL,1,0xdeadbeef
m4_random_v2,116,C4,297df920dab05466b1fc3fc6711346364cd0c459,94408de554e6,True,write,0x20000000,1,False,none,False,no unauthorized protected effect,PASS,SP-08/SP-13,PASS,EXPECTED_BY_MODEL,1,0xdeadbeef
m4_random_v2,117,C4,297df920dab05466b1fc3fc6711346364cd0c459,94408de554e6,True,write,0x20000000,1,False,none,False,no unauthorized protected effect,PASS,SP-08/SP-13,PASS,EXPECTED_BY_MODEL,1,0xdeadbeef
m4_random_v2,118,C4,297df920dab05466b1fc3fc6711346364cd0c459,94408de554e6,True,write,0x20000000,2,False,none,False,no unauthorized protected effect,PASS,SP-08/SP-13,PASS,EXPECTED_BY_MODEL,1,0xdeadbeef
m4_random_v2,119,C4,297df920dab05466b1fc3fc6711346364cd0c459,94408de554e6,True,write,0x20000000,2,False,none,False,no unauthorized protected effect,PASS,SP-08/SP-13,PASS,EXPECTED_BY_MODEL,1,0xdeadbeef
m4_random_v2,120,C4,297df920dab05466b1fc3fc6711346364cd0c459,94408de554e6,True,write,0x20000000,2,True,none,True,no unauthorized protected effect,PASS,SP-08/SP-13,PASS,EXPECTED_BY_MODEL,1,0xdeadbeef
m4_random_v2,121,C4,297df920dab05466b1fc3fc6711346364cd0c459,94408de554e6,True,write,0x20000000,1,False,global_pulse,False,no unauthorized protected effect,PASS,SP-08/SP-13,PASS,EXPECTED_BY_MODEL,1,0xdeadbeef
m4_random_v2,122,C4,297df920dab05466b1fc3fc6711346364cd0c459,94408de554e6,True,write,0x20000000,1,True,global_pulse,True,no unauthorized protected effect,PASS,SP-08/SP-13,PASS,EXPECTED_BY_MODEL,0,0xcafebabe
m4_random_v2,123,C4,297df920dab05466b1fc3fc6711346364cd0c459,94408de554e6,True,write,0x20000000,2,True,none,True,no unauthorized protected effect,PASS,SP-08/SP-13,PASS,EXPECTED_BY_MODEL,1,0xdeadbeef
m4_random_v2,124,C4,297df920dab05466b1fc3fc6711346364cd0c459,94408de554e6,True,write,0x20000000,2,False,global_pulse,False,no unauthorized protected effect,PASS,SP-08/SP-13,PASS,EXPECTED_BY_MODEL,1,0xdeadbeef
m4_random_v2,125,C4,297df920dab05466b1fc3fc6711346364cd0c459,94408de554e6,True,write,0x20000000,1,False,none,False,no unauthorized protected effect,PASS,SP-08/SP-13,PASS,EXPECTED_BY_MODEL,1,0xdeadbeef
m4_random_v2,126,C4,297df920dab05466b1fc3fc6711346364cd0c459,94408de554e6,True,write,0x20000000,2,False,global_pulse,False,no unauthorized protected effect,PASS,SP-08/SP-13,PASS,EXPECTED_BY_MODEL,1,0xdeadbeef
m4_random_v2,127,C4,297df920dab05466b1fc3fc6711346364cd0c459,94408de554e6,True,write,0x20000000,1,False,none,False,no unauthorized protected effect,PASS,SP-08/SP-13,PASS,EXPECTED_BY_MODEL,1,0xdeadbeef
m4_random_v2,128,C4,297df920dab05466b1fc3fc6711346364cd0c459,94408de554e6,True,write,0x20000000,1,False,none,False,no unauthorized protected effect,PASS,SP-08/SP-13,PASS,EXPECTED_BY_MODEL,1,0xdeadbeef
m4_random_v2,129,C4,297df920dab05466b1fc3fc6711346364cd0c459,94408de554e6,True,write,0x20000000,2,False,none,False,no unauthorized protected effect,PASS,SP-08/SP-13,PASS,EXPECTED_BY_MODEL,1,0xdeadbeef
m4_random_v2,130,C4,297df920dab05466b1fc3fc6711346364cd0c459,94408de554e6,True,write,0x20000000,1,True,none,True,no unauthorized protected effect,PASS,SP-08/SP-13,PASS,EXPECTED_BY_MODEL,0,0xcafebabe
m4_random_v2,131,C4,297df920dab05466b1fc3fc6711346364cd0c459,94408de554e6,True,write,0x20000000,1,False,none,False,no unauthorized protected effect,PASS,SP-08/SP-13,PASS,EXPECTED_BY_MODEL,1,0xdeadbeef
m4_random_v2,132,C4,297df920dab05466b1fc3fc6711346364cd0c459,94408de554e6,True,write,0x20000000,1,False,global_pulse,False,no unauthorized protected effect,PASS,SP-08/SP-13,PASS,EXPECTED_BY_MODEL,1,0xdeadbeef
m4_random_v2,133,C4,297df920dab05466b1fc3fc6711346364cd0c459,94408de554e6,True,write,0x20000000,2,True,none,True,no unauthorized protected effect,PASS,SP-08/SP-13,PASS,EXPECTED_BY_MODEL,1,0xdeadbeef
m4_random_v2,134,C4,297df920dab05466b1fc3fc6711346364cd0c459,94408de554e6,True,write,0x20000000,2,True,none,True,no unauthorized protected effect,PASS,SP-08/SP-13,PASS,EXPECTED_BY_MODEL,1,0xdeadbeef
m4_random_v2,135,C4,297df920dab05466b1fc3fc6711346364cd0c459,94408de554e6,True,write,0x20000000,1,True,none,True,no unauthorized protected effect,PASS,SP-08/SP-13,PASS,EXPECTED_BY_MODEL,0,0xcafebabe
m4_random_v2,136,C4,297df920dab05466b1fc3fc6711346364cd0c459,94408de554e6,True,write,0x20000000,1,False,none,False,no unauthorized protected effect,PASS,SP-08/SP-13,PASS,EXPECTED_BY_MODEL,1,0xdeadbeef
m4_random_v2,137,C4,297df920dab05466b1fc3fc6711346364cd0c459,94408de554e6,True,write,0x20000000,1,True,global_pulse,True,no unauthorized protected effect,PASS,SP-08/SP-13,PASS,EXPECTED_BY_MODEL,0,0xcafebabe
m4_random_v2,138,C4,297df920dab05466b1fc3fc6711346364cd0c459,94408de554e6,True,write,0x20000000,1,True,none,True,no unauthorized protected effect,PASS,SP-08/SP-13,PASS,EXPECTED_BY_MODEL,0,0xcafebabe
m4_random_v2,139,C4,297df920dab05466b1fc3fc6711346364cd0c459,94408de554e6,True,write,0x20000000,2,True,none,True,no unauthorized protected effect,PASS,SP-08/SP-13,PASS,EXPECTED_BY_MODEL,1,0xdeadbeef
m4_random_v2,140,C4,297df920dab05466b1fc3fc6711346364cd0c459,94408de554e6,True,write,0x20000000,1,False,global_pulse,False,no unauthorized protected effect,PASS,SP-08/SP-13,PASS,EXPECTED_BY_MODEL,1,0xdeadbeef
m4_random_v2,141,C4,297df920dab05466b1fc3fc6711346364cd0c459,94408de554e6,True,write,0x20000000,1,True,none,True,no unauthorized protected effect,PASS,SP-08/SP-13,PASS,EXPECTED_BY_MODEL,0,0xcafebabe
m4_random_v2,142,C4,297df920dab05466b1fc3fc6711346364cd0c459,94408de554e6,True,write,0x20000000,1,False,none,False,no unauthorized protected effect,PASS,SP-08/SP-13,PASS,EXPECTED_BY_MODEL,1,0xdeadbeef
m4_random_v2,143,C4,297df920dab05466b1fc3fc6711346364cd0c459,94408de554e6,True,write,0x20000000,1,False,global_pulse,False,no unauthorized protected effect,PASS,SP-08/SP-13,PASS,EXPECTED_BY_MODEL,1,0xdeadbeef
m4_random_v2,144,C4,297df920dab05466b1fc3fc6711346364cd0c459,94408de554e6,True,write,0x20000000,1,False,none,False,no unauthorized protected effect,PASS,SP-08/SP-13,PASS,EXPECTED_BY_MODEL,1,0xdeadbeef
m4_random_v2,145,C4,297df920dab05466b1fc3fc6711346364cd0c459,94408de554e6,True,write,0x20000000,1,False,none,False,no unauthorized protected effect,PASS,SP-08/SP-13,PASS,EXPECTED_BY_MODEL,1,0xdeadbeef
m4_random_v2,146,C4,297df920dab05466b1fc3fc6711346364cd0c459,94408de554e6,True,write,0x20000000,2,False,global_pulse,False,no unauthorized protected effect,PASS,SP-08/SP-13,PASS,EXPECTED_BY_MODEL,1,0xdeadbeef
m4_random_v2,147,C4,297df920dab05466b1fc3fc6711346364cd0c459,94408de554e6,True,write,0x20000000,2,True,none,True,no unauthorized protected effect,PASS,SP-08/SP-13,PASS,EXPECTED_BY_MODEL,1,0xdeadbeef
m4_random_v2,148,C4,297df920dab05466b1fc3fc6711346364cd0c459,94408de554e6,True,write,0x20000000,1,True,none,True,no unauthorized protected effect,PASS,SP-08/SP-13,PASS,EXPECTED_BY_MODEL,0,0xcafebabe
m4_random_v2,149,C4,297df920dab05466b1fc3fc6711346364cd0c459,94408de554e6,True,write,0x20000000,1,True,global_pulse,True,no unauthorized protected effect,PASS,SP-08/SP-13,PASS,EXPECTED_BY_MODEL,0,0xcafebabe
m4_random_v2,150,C4,297df920dab05466b1fc3fc6711346364cd0c459,94408de554e6,True,write,0x20000000,1,False,global_pulse,False,no unauthorized protected effect,PASS,SP-08/SP-13,PASS,EXPECTED_BY_MODEL,1,0xdeadbeef
m4_random_v2,151,C4,297df920dab05466b1fc3fc6711346364cd0c459,94408de554e6,True,write,0x20000000,1,False,none,False,no unauthorized protected effect,PASS,SP-08/SP-13,PASS,EXPECTED_BY_MODEL,1,0xdeadbeef
m4_random_v2,152,C4,297df920dab05466b1fc3fc6711346364cd0c459,94408de554e6,True,write,0x20000000,1,False,none,False,no unauthorized protected effect,PASS,SP-08/SP-13,PASS,EXPECTED_BY_MODEL,1,0xdeadbeef
m4_random_v2,153,C4,297df920dab05466b1fc3fc6711346364cd0c459,94408de554e6,True,write,0x20000000,2,False,global_pulse,False,no unauthorized protected effect,PASS,SP-08/SP-13,PASS,EXPECTED_BY_MODEL,1,0xdeadbeef
m4_random_v2,154,C4,297df920dab05466b1fc3fc6711346364cd0c459,94408de554e6,True,write,0x20000000,1,True,none,True,no unauthorized protected effect,PASS,SP-08/SP-13,PASS,EXPECTED_BY_MODEL,0,0xcafebabe
m4_random_v2,155,C4,297df920dab05466b1fc3fc6711346364cd0c459,94408de554e6,True,write,0x20000000,2,True,none,True,no unauthorized protected effect,PASS,SP-08/SP-13,PASS,EXPECTED_BY_MODEL,1,0xdeadbeef
m4_random_v2,156,C4,297df920dab05466b1fc3fc6711346364cd0c459,94408de554e6,True,write,0x20000000,2,False,global_pulse,False,no unauthorized protected effect,PASS,SP-08/SP-13,PASS,EXPECTED_BY_MODEL,1,0xdeadbeef
m4_random_v2,157,C4,297df920dab05466b1fc3fc6711346364cd0c459,94408de554e6,True,write,0x20000000,1,False,global_pulse,False,no unauthorized protected effect,PASS,SP-08/SP-13,PASS,EXPECTED_BY_MODEL,1,0xdeadbeef
m4_random_v2,158,C4,297df920dab05466b1fc3fc6711346364cd0c459,94408de554e6,True,write,0x20000000,2,True,global_pulse,True,no unauthorized protected effect,PASS,SP-08/SP-13,PASS,EXPECTED_BY_MODEL,1,0xdeadbeef
m4_random_v2,159,C4,297df920dab05466b1fc3fc6711346364cd0c459,94408de554e6,True,write,0x20000000,2,False,none,False,no unauthorized protected effect,PASS,SP-08/SP-13,PASS,EXPECTED_BY_MODEL,1,0xdeadbeef
m4_random_v2,160,C4,297df920dab05466b1fc3fc6711346364cd0c459,94408de554e6,True,write,0x20000000,1,True,none,True,no unauthorized protected effect,PASS,SP-08/SP-13,PASS,EXPECTED_BY_MODEL,0,0xcafebabe
m4_random_v2,161,C4,297df920dab05466b1fc3fc6711346364cd0c459,94408de554e6,True,write,0x20000000,2,False,none,False,no unauthorized protected effect,PASS,SP-08/SP-13,PASS,EXPECTED_BY_MODEL,1,0xdeadbeef
m4_random_v2,162,C4,297df920dab05466b1fc3fc6711346364cd0c459,94408de554e6,True,write,0x20000000,2,True,none,True,no unauthorized protected effect,PASS,SP-08/SP-13,PASS,EXPECTED_BY_MODEL,1,0xdeadbeef
m4_random_v2,163,C4,297df920dab05466b1fc3fc6711346364cd0c459,94408de554e6,True,write,0x20000000,2,False,global_pulse,False,no unauthorized protected effect,PASS,SP-08/SP-13,PASS,EXPECTED_BY_MODEL,1,0xdeadbeef
m4_random_v2,164,C4,297df920dab05466b1fc3fc6711346364cd0c459,94408de554e6,True,write,0x20000000,1,True,none,True,no unauthorized protected effect,PASS,SP-08/SP-13,PASS,EXPECTED_BY_MODEL,0,0xcafebabe
m4_random_v2,165,C4,297df920dab05466b1fc3fc6711346364cd0c459,94408de554e6,True,write,0x20000000,1,False,none,False,no unauthorized protected effect,PASS,SP-08/SP-13,PASS,EXPECTED_BY_MODEL,1,0xdeadbeef
m4_random_v2,166,C4,297df920dab05466b1fc3fc6711346364cd0c459,94408de554e6,True,write,0x20000000,1,True,none,True,no unauthorized protected effect,PASS,SP-08/SP-13,PASS,EXPECTED_BY_MODEL,0,0xcafebabe
m4_random_v2,167,C4,297df920dab05466b1fc3fc6711346364cd0c459,94408de554e6,True,write,0x20000000,2,True,none,True,no unauthorized protected effect,PASS,SP-08/SP-13,PASS,EXPECTED_BY_MODEL,1,0xdeadbeef
m4_random_v2,168,C4,297df920dab05466b1fc3fc6711346364cd0c459,94408de554e6,True,write,0x20000000,1,False,none,False,no unauthorized protected effect,PASS,SP-08/SP-13,PASS,EXPECTED_BY_MODEL,1,0xdeadbeef
m4_random_v2,169,C4,297df920dab05466b1fc3fc6711346364cd0c459,94408de554e6,True,write,0x20000000,1,False,global_pulse,False,no unauthorized protected effect,PASS,SP-08/SP-13,PASS,EXPECTED_BY_MODEL,1,0xdeadbeef
m4_random_v2,170,C4,297df920dab05466b1fc3fc6711346364cd0c459,94408de554e6,True,write,0x20000000,1,False,none,False,no unauthorized protected effect,PASS,SP-08/SP-13,PASS,EXPECTED_BY_MODEL,1,0xdeadbeef
m4_random_v2,171,C4,297df920dab05466b1fc3fc6711346364cd0c459,94408de554e6,True,write,0x20000000,1,False,none,False,no unauthorized protected effect,PASS,SP-08/SP-13,PASS,EXPECTED_BY_MODEL,1,0xdeadbeef
m4_random_v2,172,C4,297df920dab05466b1fc3fc6711346364cd0c459,94408de554e6,True,write,0x20000000,1,False,none,False,no unauthorized protected effect,PASS,SP-08/SP-13,PASS,EXPECTED_BY_MODEL,1,0xdeadbeef
m4_random_v2,173,C4,297df920dab05466b1fc3fc6711346364cd0c459,94408de554e6,True,write,0x20000000,1,True,none,True,no unauthorized protected effect,PASS,SP-08/SP-13,PASS,EXPECTED_BY_MODEL,0,0xcafebabe
m4_random_v2,174,C4,297df920dab05466b1fc3fc6711346364cd0c459,94408de554e6,True,write,0x20000000,1,False,none,False,no unauthorized protected effect,PASS,SP-08/SP-13,PASS,EXPECTED_BY_MODEL,1,0xdeadbeef
m4_random_v2,175,C4,297df920dab05466b1fc3fc6711346364cd0c459,94408de554e6,True,write,0x20000000,2,True,none,True,no unauthorized protected effect,PASS,SP-08/SP-13,PASS,EXPECTED_BY_MODEL,1,0xdeadbeef
m4_random_v2,176,C4,297df920dab05466b1fc3fc6711346364cd0c459,94408de554e6,True,write,0x20000000,1,True,none,True,no unauthorized protected effect,PASS,SP-08/SP-13,PASS,EXPECTED_BY_MODEL,0,0xcafebabe
m4_random_v2,177,C4,297df920dab05466b1fc3fc6711346364cd0c459,94408de554e6,True,write,0x20000000,1,False,none,False,no unauthorized protected effect,PASS,SP-08/SP-13,PASS,EXPECTED_BY_MODEL,1,0xdeadbeef
m4_random_v2,178,C4,297df920dab05466b1fc3fc6711346364cd0c459,94408de554e6,True,write,0x20000000,2,False,none,False,no unauthorized protected effect,PASS,SP-08/SP-13,PASS,EXPECTED_BY_MODEL,1,0xdeadbeef
m4_random_v2,179,C4,297df920dab05466b1fc3fc6711346364cd0c459,94408de554e6,True,write,0x20000000,1,False,global_pulse,False,no unauthorized protected effect,PASS,SP-08/SP-13,PASS,EXPECTED_BY_MODEL,1,0xdeadbeef
m4_random_v2,180,C4,297df920dab05466b1fc3fc6711346364cd0c459,94408de554e6,True,write,0x20000000,1,False,global_pulse,False,no unauthorized protected effect,PASS,SP-08/SP-13,PASS,EXPECTED_BY_MODEL,1,0xdeadbeef
m4_random_v2,181,C4,297df920dab05466b1fc3fc6711346364cd0c459,94408de554e6,True,write,0x20000000,2,False,none,False,no unauthorized protected effect,PASS,SP-08/SP-13,PASS,EXPECTED_BY_MODEL,1,0xdeadbeef
m4_random_v2,182,C4,297df920dab05466b1fc3fc6711346364cd0c459,94408de554e6,True,write,0x20000000,2,False,none,False,no unauthorized protected effect,PASS,SP-08/SP-13,PASS,EXPECTED_BY_MODEL,1,0xdeadbeef
m4_random_v2,183,C4,297df920dab05466b1fc3fc6711346364cd0c459,94408de554e6,True,write,0x20000000,2,True,none,True,no unauthorized protected effect,PASS,SP-08/SP-13,PASS,EXPECTED_BY_MODEL,1,0xdeadbeef
m4_random_v2,184,C4,297df920dab05466b1fc3fc6711346364cd0c459,94408de554e6,True,write,0x20000000,1,True,none,True,no unauthorized protected effect,PASS,SP-08/SP-13,PASS,EXPECTED_BY_MODEL,0,0xcafebabe
m4_random_v2,185,C4,297df920dab05466b1fc3fc6711346364cd0c459,94408de554e6,True,write,0x20000000,1,False,global_pulse,False,no unauthorized protected effect,PASS,SP-08/SP-13,PASS,EXPECTED_BY_MODEL,1,0xdeadbeef
m4_random_v2,186,C4,297df920dab05466b1fc3fc6711346364cd0c459,94408de554e6,True,write,0x20000000,2,True,none,True,no unauthorized protected effect,PASS,SP-08/SP-13,PASS,EXPECTED_BY_MODEL,1,0xdeadbeef
m4_random_v2,187,C4,297df920dab05466b1fc3fc6711346364cd0c459,94408de554e6,True,write,0x20000000,2,False,global_pulse,False,no unauthorized protected effect,PASS,SP-08/SP-13,PASS,EXPECTED_BY_MODEL,1,0xdeadbeef
m4_random_v2,188,C4,297df920dab05466b1fc3fc6711346364cd0c459,94408de554e6,True,write,0x20000000,1,False,none,False,no unauthorized protected effect,PASS,SP-08/SP-13,PASS,EXPECTED_BY_MODEL,1,0xdeadbeef
m4_random_v2,189,C4,297df920dab05466b1fc3fc6711346364cd0c459,94408de554e6,True,write,0x20000000,2,False,none,False,no unauthorized protected effect,PASS,SP-08/SP-13,PASS,EXPECTED_BY_MODEL,1,0xdeadbeef
m4_random_v2,190,C4,297df920dab05466b1fc3fc6711346364cd0c459,94408de554e6,True,write,0x20000000,1,True,none,True,no unauthorized protected effect,PASS,SP-08/SP-13,PASS,EXPECTED_BY_MODEL,0,0xcafebabe
m4_random_v2,191,C4,297df920dab05466b1fc3fc6711346364cd0c459,94408de554e6,True,write,0x20000000,1,False,none,False,no unauthorized protected effect,PASS,SP-08/SP-13,PASS,EXPECTED_BY_MODEL,1,0xdeadbeef
m4_random_v2,192,C4,297df920dab05466b1fc3fc6711346364cd0c459,94408de554e6,True,write,0x20000000,1,False,none,False,no unauthorized protected effect,PASS,SP-08/SP-13,PASS,EXPECTED_BY_MODEL,1,0xdeadbeef
m4_random_v2,193,C4,297df920dab05466b1fc3fc6711346364cd0c459,94408de554e6,True,write,0x20000000,1,True,none,True,no unauthorized protected effect,PASS,SP-08/SP-13,PASS,EXPECTED_BY_MODEL,0,0xcafebabe
m4_random_v2,194,C4,297df920dab05466b1fc3fc6711346364cd0c459,94408de554e6,True,write,0x20000000,1,False,none,False,no unauthorized protected effect,PASS,SP-08/SP-13,PASS,EXPECTED_BY_MODEL,1,0xdeadbeef
m4_random_v2,195,C4,297df920dab05466b1fc3fc6711346364cd0c459,94408de554e6,True,write,0x20000000,2,True,none,True,no unauthorized protected effect,PASS,SP-08/SP-13,PASS,EXPECTED_BY_MODEL,1,0xdeadbeef
m4_random_v2,196,C4,297df920dab05466b1fc3fc6711346364cd0c459,94408de554e6,True,write,0x20000000,1,True,none,True,no unauthorized protected effect,PASS,SP-08/SP-13,PASS,EXPECTED_BY_MODEL,0,0xcafebabe
m4_random_v2,197,C4,297df920dab05466b1fc3fc6711346364cd0c459,94408de554e6,True,write,0x20000000,1,False,none,False,no unauthorized protected effect,PASS,SP-08/SP-13,PASS,EXPECTED_BY_MODEL,1,0xdeadbeef
m4_random_v2,198,C4,297df920dab05466b1fc3fc6711346364cd0c459,94408de554e6,True,write,0x20000000,1,False,none,False,no unauthorized protected effect,PASS,SP-08/SP-13,PASS,EXPECTED_BY_MODEL,1,0xdeadbeef
m4_random_v2,199,C4,297df920dab05466b1fc3fc6711346364cd0c459,94408de554e6,True,write,0x20000000,1,True,none,True,no unauthorized protected effect,PASS,SP-08/SP-13,PASS,EXPECTED_BY_MODEL,0,0xcafebabe
