START_UTC=2026-08-13T11:34:01Z
VARIANT=J3
DESIGN_CONFIG=/repo/m7/ppa/orfs/sky130hd/m7_j3/config.mk
LEC_CHECK=0
CLOCK_PERIOD=13.0
FLOW_VARIANT=p13p0
ORFS_IMAGE=openroad/orfs@sha256:817b608c69a71fafc7b61baec11b4dc073fb8efb9d2714f9bd3316db4beba277
FLOW=/home/mmr/ricv_paper/third_party/OpenROAD-flow-scripts/flow
OPENROAD: /OpenROAD-flow-scripts/tools/OpenROAD
mkdir -p /work/results/sky130hd/m7_j3/p13p0/
echo 13.0 > /work/results/sky130hd/m7_j3/p13p0/clock_period.txt
/OpenROAD-flow-scripts/flow/scripts/synth.sh /OpenROAD-flow-scripts/flow/scripts/synth_canonicalize.tcl /work/logs/sky130hd/m7_j3/p13p0/1_1_yosys_canonicalize.log
Using ABC speed script.
Extracting clock period from SDC file: /work/results/sky130hd/m7_j3/p13p0/clock_period.txt
Setting clock period to 13.0
1. Executing Liberty frontend: /OpenROAD-flow-scripts/flow/platforms/sky130hd/lib/sky130_fd_sc_hd__tt_025C_1v80.lib
2. Executing Liberty frontend: /OpenROAD-flow-scripts/flow/platforms/sky130hd/lib/sky130_fd_sc_hd__tt_025C_1v80.lib
3. Executing SLANG frontend.
3.1. Executing PROC_CLEAN pass (remove empty switches from decision trees).
3.2. Executing TRIBUF pass.
3.3. Executing PROC_RMDEAD pass (remove dead branches from decision trees).
3.4. Executing PROC_PRUNE pass (remove redundant assignments in processes).
3.5. Executing PROC_INIT pass (extract init attributes).
3.6. Executing PROC_ROM pass (convert switches to ROMs).
3.7. Executing PROC_MUX pass (convert decision trees to multiplexers).
3.8. Executing PROC_CLEAN pass (remove empty switches from decision trees).
3.9. Executing OPT_EXPR pass (perform const folding).
4. Executing HIERARCHY pass (managing design hierarchy).
4.1. Analyzing design hierarchy..
4.2. Analyzing design hierarchy..
5. Executing OPT_CLEAN pass (remove unused cells and wires).
6. Executing RTLIL backend.
End of script. Logfile hash: f0dc425df5, time: 0.34s, user: 0.31s, system: 0.06s, MEM: 76.89 MB peak
Yosys 0.68+post (git sha1 UNKNOWN, Release, GNU /usr/local/bin/wrapped-cc/g++ 11.4.0)
Time spent: 31% 2x read_slang (0 sec), 19% 4x read_liberty (0 sec), ...
Elapsed time: 0:00.35[h:]min:sec. CPU time: user 0.33 sys 0.07 (114%). Peak memory: 79732KB.
Log                       Ext     Elapsed/s Peak Memory/MB sha1sum result [0:20)
1_1_yosys_canonicalize    .rtlil          0             77 f0ba75c1481b29c8b62a
/OpenROAD-flow-scripts/flow/scripts/synth.sh /OpenROAD-flow-scripts/flow/scripts/synth.tcl /work/logs/sky130hd/m7_j3/p13p0/1_2_yosys.log
Using ABC speed script.
Extracting clock period from SDC file: /work/results/sky130hd/m7_j3/p13p0/clock_period.txt
Setting clock period to 13.0
1. Executing RTLIL frontend.
2. Executing HIERARCHY pass (managing design hierarchy).
2.1. Analyzing design hierarchy..
2.2. Analyzing design hierarchy..
3. Executing SYNTH pass.
3.1. Executing HIERARCHY pass (managing design hierarchy).
3.1.1. Analyzing design hierarchy..
3.1.2. Analyzing design hierarchy..
3.2. Executing PROC pass (convert processes to netlists).
3.2.1. Executing PROC_CLEAN pass (remove empty switches from decision trees).
3.2.2. Executing PROC_RMDEAD pass (remove dead branches from decision trees).
3.2.3. Executing PROC_PRUNE pass (remove redundant assignments in processes).
3.2.4. Executing PROC_INIT pass (extract init attributes).
3.2.5. Executing PROC_ARST pass (detect async resets in processes).
3.2.6. Executing PROC_ROM pass (convert switches to ROMs).
3.2.7. Executing PROC_MUX pass (convert decision trees to multiplexers).
3.2.8. Executing PROC_DLATCH pass (convert process syncs to latches).
3.2.9. Executing PROC_DFF pass (convert process syncs to FFs).
3.2.10. Executing PROC_MEMWR pass (convert process memory writes to cells).
3.2.11. Executing PROC_CLEAN pass (remove empty switches from decision trees).
3.2.12. Executing OPT_EXPR pass (perform const folding).
3.3. Executing CHECK pass (checking for obvious problems).
3.4. Executing FLATTEN pass (flatten design).
3.5. Executing OPT_EXPR pass (perform const folding).
3.6. Executing OPT_CLEAN pass (remove unused cells and wires).
3.7. Executing CHECK pass (checking for obvious problems).
3.8. Executing OPT pass (performing simple optimizations).
3.8.1. Executing OPT_EXPR pass (perform const folding).
3.8.2. Executing OPT_MERGE pass (detect identical cells).
3.8.3. Executing OPT_MUXTREE pass (detect dead branches in mux trees).
3.8.4. Executing OPT_REDUCE pass (consolidate $*mux and $reduce_* inputs).
3.8.5. Executing OPT_MERGE pass (detect identical cells).
3.8.6. Executing OPT_DFF pass (perform DFF optimizations).
3.8.7. Executing OPT_CLEAN pass (remove unused cells and wires).
3.8.8. Executing OPT_EXPR pass (perform const folding).
3.8.9. Rerunning OPT passes. (Maybe there is more to do..)
3.8.10. Executing OPT_MUXTREE pass (detect dead branches in mux trees).
3.8.11. Executing OPT_REDUCE pass (consolidate $*mux and $reduce_* inputs).
3.8.12. Executing OPT_MERGE pass (detect identical cells).
3.8.13. Executing OPT_DFF pass (perform DFF optimizations).
3.8.14. Executing OPT_CLEAN pass (remove unused cells and wires).
3.8.15. Executing OPT_EXPR pass (perform const folding).
3.8.16. Rerunning OPT passes. (Maybe there is more to do..)
3.8.17. Executing OPT_MUXTREE pass (detect dead branches in mux trees).
3.8.18. Executing OPT_REDUCE pass (consolidate $*mux and $reduce_* inputs).
3.8.19. Executing OPT_MERGE pass (detect identical cells).
3.8.20. Executing OPT_DFF pass (perform DFF optimizations).
3.8.21. Executing OPT_CLEAN pass (remove unused cells and wires).
3.8.22. Executing OPT_EXPR pass (perform const folding).
3.8.23. Finished fast OPT passes. (There is nothing left to do.)
3.9. Executing FSM pass (extract and optimize FSM).
3.9.1. Executing FSM_DETECT pass (finding FSMs in design).
3.9.2. Executing FSM_EXTRACT pass (extracting FSM from design).
3.9.3. Executing FSM_OPT pass (simple optimizations of FSMs).
3.9.4. Executing OPT_CLEAN pass (remove unused cells and wires).
3.9.5. Executing FSM_OPT pass (simple optimizations of FSMs).
3.9.6. Executing FSM_RECODE pass (re-assigning FSM state encoding).
3.9.7. Executing FSM_INFO pass (dumping all available information on FSM cells).
3.9.8. Executing FSM_MAP pass (mapping FSMs to basic logic).
3.10. Executing OPT pass (performing simple optimizations).
3.10.1. Executing OPT_EXPR pass (perform const folding).
3.10.2. Executing OPT_MERGE pass (detect identical cells).
3.10.3. Executing OPT_MUXTREE pass (detect dead branches in mux trees).
3.10.4. Executing OPT_REDUCE pass (consolidate $*mux and $reduce_* inputs).
3.10.5. Executing OPT_MERGE pass (detect identical cells).
3.10.6. Executing OPT_DFF pass (perform DFF optimizations).
3.10.7. Executing OPT_CLEAN pass (remove unused cells and wires).
3.10.8. Executing OPT_EXPR pass (perform const folding).
3.10.9. Rerunning OPT passes. (Maybe there is more to do..)
3.10.10. Executing OPT_MUXTREE pass (detect dead branches in mux trees).
3.10.11. Executing OPT_REDUCE pass (consolidate $*mux and $reduce_* inputs).
3.10.12. Executing OPT_MERGE pass (detect identical cells).
3.10.13. Executing OPT_DFF pass (perform DFF optimizations).
3.10.14. Executing OPT_CLEAN pass (remove unused cells and wires).
3.10.15. Executing OPT_EXPR pass (perform const folding).
3.10.16. Rerunning OPT passes. (Maybe there is more to do..)
3.10.17. Executing OPT_MUXTREE pass (detect dead branches in mux trees).
3.10.18. Executing OPT_REDUCE pass (consolidate $*mux and $reduce_* inputs).
3.10.19. Executing OPT_MERGE pass (detect identical cells).
3.10.20. Executing OPT_DFF pass (perform DFF optimizations).
3.10.21. Executing OPT_CLEAN pass (remove unused cells and wires).
3.10.22. Executing OPT_EXPR pass (perform const folding).
3.10.23. Rerunning OPT passes. (Maybe there is more to do..)
3.10.24. Executing OPT_MUXTREE pass (detect dead branches in mux trees).
3.10.25. Executing OPT_REDUCE pass (consolidate $*mux and $reduce_* inputs).
3.10.26. Executing OPT_MERGE pass (detect identical cells).
3.10.27. Executing OPT_DFF pass (perform DFF optimizations).
3.10.28. Executing OPT_CLEAN pass (remove unused cells and wires).
3.10.29. Executing OPT_EXPR pass (perform const folding).
3.10.30. Rerunning OPT passes. (Maybe there is more to do..)
3.10.31. Executing OPT_MUXTREE pass (detect dead branches in mux trees).
3.10.32. Executing OPT_REDUCE pass (consolidate $*mux and $reduce_* inputs).
3.10.33. Executing OPT_MERGE pass (detect identical cells).
3.10.34. Executing OPT_DFF pass (perform DFF optimizations).
3.10.35. Executing OPT_CLEAN pass (remove unused cells and wires).
3.10.36. Executing OPT_EXPR pass (perform const folding).
3.10.37. Finished fast OPT passes. (There is nothing left to do.)
3.11. Executing WREDUCE pass (reducing word size of cells).
3.12. Executing PEEPOPT pass (run peephole optimizers).
3.13. Executing OPT_CLEAN pass (remove unused cells and wires).
3.14. Executing ALUMACC pass (create $alu and $macc cells).
3.15. Executing SHARE pass (SAT-based resource sharing).
3.16. Executing OPT pass (performing simple optimizations).
3.16.1. Executing OPT_EXPR pass (perform const folding).
3.16.2. Executing OPT_MERGE pass (detect identical cells).
3.16.3. Executing OPT_MUXTREE pass (detect dead branches in mux trees).
3.16.4. Executing OPT_REDUCE pass (consolidate $*mux and $reduce_* inputs).
3.16.5. Executing OPT_MERGE pass (detect identical cells).
3.16.6. Executing OPT_DFF pass (perform DFF optimizations).
3.16.7. Executing OPT_CLEAN pass (remove unused cells and wires).
3.16.8. Executing OPT_EXPR pass (perform const folding).
3.16.9. Rerunning OPT passes. (Maybe there is more to do..)
3.16.10. Executing OPT_MUXTREE pass (detect dead branches in mux trees).
3.16.11. Executing OPT_REDUCE pass (consolidate $*mux and $reduce_* inputs).
3.16.12. Executing OPT_MERGE pass (detect identical cells).
3.16.13. Executing OPT_DFF pass (perform DFF optimizations).
3.16.14. Executing OPT_CLEAN pass (remove unused cells and wires).
3.16.15. Executing OPT_EXPR pass (perform const folding).
3.16.16. Finished fast OPT passes. (There is nothing left to do.)
3.17. Executing MEMORY pass.
3.17.1. Executing OPT_MEM pass (optimize memories).
3.17.2. Executing OPT_MEM_PRIORITY pass (removing unnecessary memory write priority relations).
3.17.3. Executing OPT_MEM_FEEDBACK pass (finding memory read-to-write feedback paths).
3.17.4. Executing MEMORY_BMUX2ROM pass (converting muxes to ROMs).
3.17.5. Executing MEMORY_DFF pass (merging $dff cells to $memrd).
3.17.6. Executing OPT_CLEAN pass (remove unused cells and wires).
3.17.7. Executing MEMORY_SHARE pass (consolidating $memrd/$memwr cells).
3.17.8. Executing OPT_MEM_WIDEN pass (optimize memories where all ports are wide).
3.17.9. Executing OPT_CLEAN pass (remove unused cells and wires).
3.17.10. Executing MEMORY_COLLECT pass (generating $mem cells).
3.18. Executing OPT_CLEAN pass (remove unused cells and wires).
4. Executing TECHMAP pass (map to technology primitives).
4.1. Executing Verilog-2005 frontend: /OpenROAD-flow-scripts/tools/install/yosys/bin/../share/yosys/techmap.v
4.2. Continuing TECHMAP pass.
5. Generating architectural options for $alu
5.1. Executing WRAPCELL pass. (wrap selected cells)
5.2. Executing TECHMAP pass (map to technology primitives).
5.2.1. Executing Verilog-2005 frontend: /OpenROAD-flow-scripts/tools/install/yosys/bin/../share/yosys/techmap.v
5.2.2. Executing Verilog-2005 frontend: /OpenROAD-flow-scripts/tools/install/yosys/bin/../share/yosys/choices/han-carlson.v
5.2.3. Continuing TECHMAP pass.
Warning: Latch inferred for signal `$paramod\_80_lcu_han_carlson\WIDTH=32'00000000000000000000000000100001.\j [4:0]' from process `$paramod\_80_lcu_han_carlson\WIDTH=32'00000000000000000000000000100001.$proc$/OpenROAD-flow-scripts/tools/install/yosys/bin/../share/yosys/choices/han-carlson.v:18$86447': $auto$proc_dlatch.cc:545:proc_dlatch$87707
Warning: Latch inferred for signal `$paramod\_80_lcu_han_carlson\WIDTH=32'00000000000000000000000000100001.\j [31:5]' from process `$paramod\_80_lcu_han_carlson\WIDTH=32'00000000000000000000000000100001.$proc$/OpenROAD-flow-scripts/tools/install/yosys/bin/../share/yosys/choices/han-carlson.v:18$86447': $auto$proc_dlatch.cc:547:proc_dlatch$87710
Warning: Latch inferred for signal `$paramod\_80_lcu_han_carlson\WIDTH=32'00000000000000000000000000100010.\j [4:0]' from process `$paramod\_80_lcu_han_carlson\WIDTH=32'00000000000000000000000000100010.$proc$/OpenROAD-flow-scripts/tools/install/yosys/bin/../share/yosys/choices/han-carlson.v:18$88235': $auto$proc_dlatch.cc:545:proc_dlatch$89555
Warning: Latch inferred for signal `$paramod\_80_lcu_han_carlson\WIDTH=32'00000000000000000000000000100010.\j [31:5]' from process `$paramod\_80_lcu_han_carlson\WIDTH=32'00000000000000000000000000100010.$proc$/OpenROAD-flow-scripts/tools/install/yosys/bin/../share/yosys/choices/han-carlson.v:18$88235': $auto$proc_dlatch.cc:547:proc_dlatch$89558
Warning: Latch inferred for signal `$paramod\_80_lcu_han_carlson\WIDTH=32'00000000000000000000000000100000.\j [3:0]' from process `$paramod\_80_lcu_han_carlson\WIDTH=32'00000000000000000000000000100000.$proc$/OpenROAD-flow-scripts/tools/install/yosys/bin/../share/yosys/choices/han-carlson.v:18$90065': $auto$proc_dlatch.cc:545:proc_dlatch$91292
Warning: Latch inferred for signal `$paramod\_80_lcu_han_carlson\WIDTH=32'00000000000000000000000000100000.\j [31:4]' from process `$paramod\_80_lcu_han_carlson\WIDTH=32'00000000000000000000000000100000.$proc$/OpenROAD-flow-scripts/tools/install/yosys/bin/../share/yosys/choices/han-carlson.v:18$90065': $auto$proc_dlatch.cc:547:proc_dlatch$91295
5.3. Executing TECHMAP pass (map to technology primitives).
5.3.1. Executing Verilog-2005 frontend: /OpenROAD-flow-scripts/tools/install/yosys/bin/../share/yosys/techmap.v
5.3.2. Executing Verilog-2005 frontend: /OpenROAD-flow-scripts/tools/install/yosys/bin/../share/yosys/choices/kogge-stone.v
5.3.3. Continuing TECHMAP pass.
5.4. Executing TECHMAP pass (map to technology primitives).
5.4.1. Executing Verilog-2005 frontend: /OpenROAD-flow-scripts/tools/install/yosys/bin/../share/yosys/techmap.v
5.4.2. Executing Verilog-2005 frontend: /OpenROAD-flow-scripts/tools/install/yosys/bin/../share/yosys/choices/sklansky.v
5.4.3. Continuing TECHMAP pass.
5.5. Executing TECHMAP pass (map to technology primitives).
5.5.1. Executing Verilog-2005 frontend: /OpenROAD-flow-scripts/tools/install/yosys/bin/../share/yosys/techmap.v
5.5.2. Continuing TECHMAP pass.
6. Generating architectural options for $macc
6.1. Executing WRAPCELL pass. (wrap selected cells)
6.2. Executing TECHMAP pass (map to technology primitives).
6.2.1. Executing Verilog-2005 frontend: /OpenROAD-flow-scripts/tools/install/yosys/bin/../share/yosys/techmap.v
6.2.2. Executing Verilog-2005 frontend: /OpenROAD-flow-scripts/flow/scripts/synth_wrap_operators-booth.v
6.2.3. Continuing TECHMAP pass.
6.3. Executing TECHMAP pass (map to technology primitives).
6.3.1. Executing Verilog-2005 frontend: /OpenROAD-flow-scripts/tools/install/yosys/bin/../share/yosys/techmap.v
6.3.2. Executing Verilog-2005 frontend: /OpenROAD-flow-scripts/tools/install/yosys/bin/../share/yosys/choices/han-carlson.v
6.3.3. Continuing TECHMAP pass.
7. Executing OPT pass (performing simple optimizations).
7.1. Executing OPT_EXPR pass (perform const folding).
7.2. Executing OPT_MERGE pass (detect identical cells).
7.3. Executing OPT_DFF pass (perform DFF optimizations).
7.4. Executing OPT_CLEAN pass (remove unused cells and wires).
7.5. Rerunning OPT passes. (Removed registers in this run.)
7.6. Executing OPT_EXPR pass (perform const folding).
7.7. Executing OPT_MERGE pass (detect identical cells).
7.8. Executing OPT_DFF pass (perform DFF optimizations).
7.9. Executing OPT_CLEAN pass (remove unused cells and wires).
7.10. Rerunning OPT passes. (Removed registers in this run.)
7.11. Executing OPT_EXPR pass (perform const folding).
7.12. Executing OPT_MERGE pass (detect identical cells).
7.13. Executing OPT_DFF pass (perform DFF optimizations).
7.14. Executing OPT_CLEAN pass (remove unused cells and wires).
7.15. Finished fast OPT passes.
8. Executing MEMORY_MAP pass (converting memories to logic and flip-flops).
9. Executing OPT pass (performing simple optimizations).
9.1. Executing OPT_EXPR pass (perform const folding).
9.2. Executing OPT_MERGE pass (detect identical cells).
9.3. Executing OPT_MUXTREE pass (detect dead branches in mux trees).
9.4. Executing OPT_REDUCE pass (consolidate $*mux and $reduce_* inputs).
9.5. Executing OPT_MERGE pass (detect identical cells).
9.6. Executing OPT_SHARE pass.
9.7. Executing OPT_DFF pass (perform DFF optimizations).
9.8. Executing OPT_CLEAN pass (remove unused cells and wires).
9.9. Executing OPT_EXPR pass (perform const folding).
9.10. Rerunning OPT passes. (Maybe there is more to do..)
9.11. Executing OPT_MUXTREE pass (detect dead branches in mux trees).
9.12. Executing OPT_REDUCE pass (consolidate $*mux and $reduce_* inputs).
9.13. Executing OPT_MERGE pass (detect identical cells).
9.14. Executing OPT_SHARE pass.
9.15. Executing OPT_DFF pass (perform DFF optimizations).
9.16. Executing OPT_CLEAN pass (remove unused cells and wires).
9.17. Executing OPT_EXPR pass (perform const folding).
9.18. Rerunning OPT passes. (Maybe there is more to do..)
9.19. Executing OPT_MUXTREE pass (detect dead branches in mux trees).
9.20. Executing OPT_REDUCE pass (consolidate $*mux and $reduce_* inputs).
9.21. Executing OPT_MERGE pass (detect identical cells).
9.22. Executing OPT_SHARE pass.
9.23. Executing OPT_DFF pass (perform DFF optimizations).
9.24. Executing OPT_CLEAN pass (remove unused cells and wires).
9.25. Executing OPT_EXPR pass (perform const folding).
9.26. Finished fast OPT passes. (There is nothing left to do.)
10. Executing TECHMAP pass (map to technology primitives).
10.1. Executing Verilog-2005 frontend: /OpenROAD-flow-scripts/tools/install/yosys/bin/../share/yosys/techmap.v
10.2. Executing Verilog-2005 frontend: /OpenROAD-flow-scripts/tools/install/yosys/bin/../share/yosys/choices/han-carlson.v
10.3. Continuing TECHMAP pass.
Warning: Latch inferred for signal `$paramod\_80_lcu_han_carlson\WIDTH=32'00000000000000000000000000000001.\j' from process `$paramod\_80_lcu_han_carlson\WIDTH=32'00000000000000000000000000000001.$proc$/OpenROAD-flow-scripts/tools/install/yosys/bin/../share/yosys/choices/han-carlson.v:18$113728': $auto$proc_dlatch.cc:545:proc_dlatch$113766
Warning: Latch inferred for signal `$paramod\_80_lcu_han_carlson\WIDTH=32'00000000000000000000000000000101.\j [1:0]' from process `$paramod\_80_lcu_han_carlson\WIDTH=32'00000000000000000000000000000101.$proc$/OpenROAD-flow-scripts/tools/install/yosys/bin/../share/yosys/choices/han-carlson.v:18$113784': $auto$proc_dlatch.cc:545:proc_dlatch$113940
Warning: Latch inferred for signal `$paramod\_80_lcu_han_carlson\WIDTH=32'00000000000000000000000000000101.\j [31:2]' from process `$paramod\_80_lcu_han_carlson\WIDTH=32'00000000000000000000000000000101.$proc$/OpenROAD-flow-scripts/tools/install/yosys/bin/../share/yosys/choices/han-carlson.v:18$113784': $auto$proc_dlatch.cc:547:proc_dlatch$113943
Warning: Latch inferred for signal `$paramod\_80_lcu_han_carlson\WIDTH=32'00000000000000000000000000000010.\j' from process `$paramod\_80_lcu_han_carlson\WIDTH=32'00000000000000000000000000000010.$proc$/OpenROAD-flow-scripts/tools/install/yosys/bin/../share/yosys/choices/han-carlson.v:18$113960': $auto$proc_dlatch.cc:545:proc_dlatch$114013
Warning: Latch inferred for signal `$paramod\_80_lcu_han_carlson\WIDTH=32'00000000000000000000000000011110.\j [3:0]' from process `$paramod\_80_lcu_han_carlson\WIDTH=32'00000000000000000000000000011110.$proc$/OpenROAD-flow-scripts/tools/install/yosys/bin/../share/yosys/choices/han-carlson.v:18$114083': $auto$proc_dlatch.cc:545:proc_dlatch$115226
Warning: Latch inferred for signal `$paramod\_80_lcu_han_carlson\WIDTH=32'00000000000000000000000000011110.\j [31:4]' from process `$paramod\_80_lcu_han_carlson\WIDTH=32'00000000000000000000000000011110.$proc$/OpenROAD-flow-scripts/tools/install/yosys/bin/../share/yosys/choices/han-carlson.v:18$114083': $auto$proc_dlatch.cc:547:proc_dlatch$115229
Warning: Latch inferred for signal `$paramod\_80_lcu_han_carlson\WIDTH=32'00000000000000000000000000011111.\j [3:0]' from process `$paramod\_80_lcu_han_carlson\WIDTH=32'00000000000000000000000000011111.$proc$/OpenROAD-flow-scripts/tools/install/yosys/bin/../share/yosys/choices/han-carlson.v:18$115329': $auto$proc_dlatch.cc:545:proc_dlatch$116505
Warning: Latch inferred for signal `$paramod\_80_lcu_han_carlson\WIDTH=32'00000000000000000000000000011111.\j [31:4]' from process `$paramod\_80_lcu_han_carlson\WIDTH=32'00000000000000000000000000011111.$proc$/OpenROAD-flow-scripts/tools/install/yosys/bin/../share/yosys/choices/han-carlson.v:18$115329': $auto$proc_dlatch.cc:547:proc_dlatch$116508
Warning: Latch inferred for signal `$paramod\_80_lcu_han_carlson\WIDTH=32'00000000000000000000000000001100.\j [2:0]' from process `$paramod\_80_lcu_han_carlson\WIDTH=32'00000000000000000000000000001100.$proc$/OpenROAD-flow-scripts/tools/install/yosys/bin/../share/yosys/choices/han-carlson.v:18$116713': $auto$proc_dlatch.cc:545:proc_dlatch$117118
Warning: Latch inferred for signal `$paramod\_80_lcu_han_carlson\WIDTH=32'00000000000000000000000000001100.\j [31:3]' from process `$paramod\_80_lcu_han_carlson\WIDTH=32'00000000000000000000000000001100.$proc$/OpenROAD-flow-scripts/tools/install/yosys/bin/../share/yosys/choices/han-carlson.v:18$116713': $auto$proc_dlatch.cc:547:proc_dlatch$117121
Warning: Latch inferred for signal `$paramod\_80_lcu_han_carlson\WIDTH=32'00000000000000000000000001000000.\j [4:0]' from process `$paramod\_80_lcu_han_carlson\WIDTH=32'00000000000000000000000001000000.$proc$/OpenROAD-flow-scripts/tools/install/yosys/bin/../share/yosys/choices/han-carlson.v:18$117496': $auto$proc_dlatch.cc:545:proc_dlatch$120211
Warning: Latch inferred for signal `$paramod\_80_lcu_han_carlson\WIDTH=32'00000000000000000000000001000000.\j [31:5]' from process `$paramod\_80_lcu_han_carlson\WIDTH=32'00000000000000000000000001000000.$proc$/OpenROAD-flow-scripts/tools/install/yosys/bin/../share/yosys/choices/han-carlson.v:18$117496': $auto$proc_dlatch.cc:547:proc_dlatch$120214
Warning: Latch inferred for signal `$paramod\_80_lcu_han_carlson\WIDTH=32'00000000000000000000000000001000.\j [1:0]' from process `$paramod\_80_lcu_han_carlson\WIDTH=32'00000000000000000000000000001000.$proc$/OpenROAD-flow-scripts/tools/install/yosys/bin/../share/yosys/choices/han-carlson.v:18$120495': $auto$proc_dlatch.cc:545:proc_dlatch$120750
Warning: Latch inferred for signal `$paramod\_80_lcu_han_carlson\WIDTH=32'00000000000000000000000000001000.\j [31:2]' from process `$paramod\_80_lcu_han_carlson\WIDTH=32'00000000000000000000000000001000.$proc$/OpenROAD-flow-scripts/tools/install/yosys/bin/../share/yosys/choices/han-carlson.v:18$120495': $auto$proc_dlatch.cc:547:proc_dlatch$120753
Warning: Latch inferred for signal `$paramod\_80_lcu_han_carlson\WIDTH=32'00000000000000000000000000000011.\j [0]' from process `$paramod\_80_lcu_han_carlson\WIDTH=32'00000000000000000000000000000011.$proc$/OpenROAD-flow-scripts/tools/install/yosys/bin/../share/yosys/choices/han-carlson.v:18$120984': $auto$proc_dlatch.cc:545:proc_dlatch$121083
Warning: Latch inferred for signal `$paramod\_80_lcu_han_carlson\WIDTH=32'00000000000000000000000000000011.\j [31:1]' from process `$paramod\_80_lcu_han_carlson\WIDTH=32'00000000000000000000000000000011.$proc$/OpenROAD-flow-scripts/tools/install/yosys/bin/../share/yosys/choices/han-carlson.v:18$120984': $auto$proc_dlatch.cc:547:proc_dlatch$121086
11. Executing OPT pass (performing simple optimizations).
11.1. Executing OPT_EXPR pass (perform const folding).
11.2. Executing OPT_MERGE pass (detect identical cells).
11.3. Executing OPT_MUXTREE pass (detect dead branches in mux trees).
11.4. Executing OPT_REDUCE pass (consolidate $*mux and $reduce_* inputs).
11.5. Executing OPT_MERGE pass (detect identical cells).
11.6. Executing OPT_DFF pass (perform DFF optimizations).
11.7. Executing OPT_CLEAN pass (remove unused cells and wires).
11.8. Executing OPT_EXPR pass (perform const folding).
11.9. Rerunning OPT passes. (Maybe there is more to do..)
11.10. Executing OPT_MUXTREE pass (detect dead branches in mux trees).
11.11. Executing OPT_REDUCE pass (consolidate $*mux and $reduce_* inputs).
11.12. Executing OPT_MERGE pass (detect identical cells).
11.13. Executing OPT_DFF pass (perform DFF optimizations).
11.14. Executing OPT_CLEAN pass (remove unused cells and wires).
11.15. Executing OPT_EXPR pass (perform const folding).
11.16. Finished fast OPT passes. (There is nothing left to do.)
12. Executing DFFLEGALIZE pass (convert FFs to types supported by the target).
13. Executing TECHMAP pass (map to technology primitives).
13.1. Executing Verilog-2005 frontend: /OpenROAD-flow-scripts/flow/platforms/sky130hd/cells_latch_hd.v
13.2. Continuing TECHMAP pass.
14. Executing DFFLIBMAP pass (mapping DFF cells to sequential cells from liberty file).
14.1. Executing DFFLEGALIZE pass (convert FFs to types supported by the target).
15. Executing OPT pass (performing simple optimizations).
15.1. Executing OPT_EXPR pass (perform const folding).
15.2. Executing OPT_MERGE pass (detect identical cells).
15.3. Executing OPT_MUXTREE pass (detect dead branches in mux trees).
15.4. Executing OPT_REDUCE pass (consolidate $*mux and $reduce_* inputs).
15.5. Executing OPT_MERGE pass (detect identical cells).
15.6. Executing OPT_DFF pass (perform DFF optimizations).
15.7. Executing OPT_CLEAN pass (remove unused cells and wires).
15.8. Executing OPT_EXPR pass (perform const folding).
15.9. Rerunning OPT passes. (Maybe there is more to do..)
15.10. Executing OPT_MUXTREE pass (detect dead branches in mux trees).
15.11. Executing OPT_REDUCE pass (consolidate $*mux and $reduce_* inputs).
15.12. Executing OPT_MERGE pass (detect identical cells).
15.13. Executing OPT_DFF pass (perform DFF optimizations).
15.14. Executing OPT_CLEAN pass (remove unused cells and wires).
15.15. Executing OPT_EXPR pass (perform const folding).
15.16. Finished fast OPT passes. (There is nothing left to do.)
16. Executing SETUNDEF pass (replace undef values with defined constants).
abc_new -liberty /OpenROAD-flow-scripts/flow/platforms/sky130hd/lib/sky130_fd_sc_hd__tt_025C_1v80.lib -dont_use sky130_fd_sc_hd__probe_p_8 -dont_use sky130_fd_sc_hd__probec_p_8 -dont_use sky130_fd_sc_hd__lpflow_bleeder_1 -dont_use sky130_fd_sc_hd__lpflow_clkbufkapwr_1 -dont_use sky130_fd_sc_hd__lpflow_clkbufkapwr_16 -dont_use sky130_fd_sc_hd__lpflow_clkbufkapwr_2 -dont_use sky130_fd_sc_hd__lpflow_clkbufkapwr_4 -dont_use sky130_fd_sc_hd__lpflow_clkbufkapwr_8 -dont_use sky130_fd_sc_hd__lpflow_clkinvkapwr_1 -dont_use sky130_fd_sc_hd__lpflow_clkinvkapwr_16 -dont_use sky130_fd_sc_hd__lpflow_clkinvkapwr_2 -dont_use sky130_fd_sc_hd__lpflow_clkinvkapwr_4 -dont_use sky130_fd_sc_hd__lpflow_clkinvkapwr_8 -dont_use sky130_fd_sc_hd__lpflow_decapkapwr_12 -dont_use sky130_fd_sc_hd__lpflow_decapkapwr_3 -dont_use sky130_fd_sc_hd__lpflow_decapkapwr_4 -dont_use sky130_fd_sc_hd__lpflow_decapkapwr_6 -dont_use sky130_fd_sc_hd__lpflow_decapkapwr_8 -dont_use sky130_fd_sc_hd__lpflow_inputiso0n_1 -dont_use sky130_fd_sc_hd__lpflow_inputiso0p_1 -dont_use sky130_fd_sc_hd__lpflow_inputiso1n_1 -dont_use sky130_fd_sc_hd__lpflow_inputiso1p_1 -dont_use sky130_fd_sc_hd__lpflow_inputisolatch_1 -dont_use sky130_fd_sc_hd__lpflow_isobufsrc_1 -dont_use sky130_fd_sc_hd__lpflow_isobufsrc_16 -dont_use sky130_fd_sc_hd__lpflow_isobufsrc_2 -dont_use sky130_fd_sc_hd__lpflow_isobufsrc_4 -dont_use sky130_fd_sc_hd__lpflow_isobufsrc_8 -dont_use sky130_fd_sc_hd__lpflow_isobufsrckapwr_16 -dont_use sky130_fd_sc_hd__lpflow_lsbuf_lh_hl_isowell_tap_1 -dont_use sky130_fd_sc_hd__lpflow_lsbuf_lh_hl_isowell_tap_2 -dont_use sky130_fd_sc_hd__lpflow_lsbuf_lh_hl_isowell_tap_4 -dont_use sky130_fd_sc_hd__lpflow_lsbuf_lh_isowell_4 -dont_use sky130_fd_sc_hd__lpflow_lsbuf_lh_isowell_tap_1 -dont_use sky130_fd_sc_hd__lpflow_lsbuf_lh_isowell_tap_2 -dont_use sky130_fd_sc_hd__lpflow_lsbuf_lh_isowell_tap_4 -constr /work/objects/sky130hd/m7_j3/p13p0/abc.constr -D 13.0
Warning: Feature 'abc_new' is experimental.
17. Executing ABC_NEW pass.
17.1. Executing ABC9_OPS pass (helper functions for ABC9).
17.2. Executing BOX_DERIVE pass. (derive modules for boxes)
17.3. Executing ABC9_OPS pass (helper functions for ABC9).
17.4. Executing ABC9_OPS pass (helper functions for ABC9).
17.5. Mapping module 'ALU_33_0_33_0_33_unused_CO_X_Y[0]_HAN_CARLSON'.
17.5.1. Executing ABC9_OPS pass (helper functions for ABC9).
Warning: Feature 'write_xaiger2' is experimental.
17.5.2. Executing XAIGER2 backend.
17.5.3. Executing ABC9_EXE pass (technology mapping using ABC9).
17.5.4. Executing ABC9.
Warning: Feature 'read_xaiger2' is experimental.
17.5.5. Executing XAIGER2 frontend.
17.6. Executing PORTARCS pass. (derive propagation arcs)
17.7. Executing ABC9_OPS pass (helper functions for ABC9).
17.8. Mapping module 'ALU_32_0_32_0_32_unused_CO[30:0]_Y_HAN_CARLSON'.
17.8.1. Executing ABC9_OPS pass (helper functions for ABC9).
17.8.2. Executing XAIGER2 backend.
17.8.3. Executing ABC9_EXE pass (technology mapping using ABC9).
17.8.4. Executing ABC9.
17.8.5. Executing XAIGER2 frontend.
17.9. Executing PORTARCS pass. (derive propagation arcs)
17.10. Executing ABC9_OPS pass (helper functions for ABC9).
17.11. Mapping module 'ALU_30_0_32_0_32_unused_CO[30:0]_Y_HAN_CARLSON'.
17.11.1. Executing ABC9_OPS pass (helper functions for ABC9).
17.11.2. Executing XAIGER2 backend.
17.11.3. Executing ABC9_EXE pass (technology mapping using ABC9).
17.11.4. Executing ABC9.
17.11.5. Executing XAIGER2 frontend.
17.12. Executing PORTARCS pass. (derive propagation arcs)
17.13. Executing ABC9_OPS pass (helper functions for ABC9).
17.14. Mapping module 'ALU_30_0_32_0_32_unused_CO[30:0]_X_Y_HAN_CARLSON'.
17.14.1. Executing ABC9_OPS pass (helper functions for ABC9).
17.14.2. Executing XAIGER2 backend.
17.14.3. Executing ABC9_EXE pass (technology mapping using ABC9).
17.14.4. Executing ABC9.
17.14.5. Executing XAIGER2 frontend.
17.15. Executing PORTARCS pass. (derive propagation arcs)
17.16. Executing ABC9_OPS pass (helper functions for ABC9).
17.17. Mapping module 'ALU_32_0_30_0_32_unused_CO[30:0]_Y_HAN_CARLSON'.
17.17.1. Executing ABC9_OPS pass (helper functions for ABC9).
17.17.2. Executing XAIGER2 backend.
17.17.3. Executing ABC9_EXE pass (technology mapping using ABC9).
17.17.4. Executing ABC9.
17.17.5. Executing XAIGER2 frontend.
17.18. Executing PORTARCS pass. (derive propagation arcs)
17.19. Executing ABC9_OPS pass (helper functions for ABC9).
17.20. Mapping module 'ALU_32_0_29_0_32_unused_CO[30:0]_Y_HAN_CARLSON'.
17.20.1. Executing ABC9_OPS pass (helper functions for ABC9).
17.20.2. Executing XAIGER2 backend.
17.20.3. Executing ABC9_EXE pass (technology mapping using ABC9).
17.20.4. Executing ABC9.
17.20.5. Executing XAIGER2 frontend.
17.21. Executing PORTARCS pass. (derive propagation arcs)
17.22. Executing ABC9_OPS pass (helper functions for ABC9).
17.23. Mapping module 'ALU_34_0_34_0_34_HAN_CARLSON'.
17.23.1. Executing ABC9_OPS pass (helper functions for ABC9).
17.23.2. Executing XAIGER2 backend.
17.23.3. Executing ABC9_EXE pass (technology mapping using ABC9).
17.23.4. Executing ABC9.
17.23.5. Executing XAIGER2 frontend.
17.24. Executing PORTARCS pass. (derive propagation arcs)
17.25. Executing ABC9_OPS pass (helper functions for ABC9).
17.26. Mapping module 'ALU_33_0_33_0_33_HAN_CARLSON'.
17.26.1. Executing ABC9_OPS pass (helper functions for ABC9).
17.26.2. Executing XAIGER2 backend.
17.26.3. Executing ABC9_EXE pass (technology mapping using ABC9).
17.26.4. Executing ABC9.
17.26.5. Executing XAIGER2 frontend.
17.27. Executing PORTARCS pass. (derive propagation arcs)
17.28. Executing ABC9_OPS pass (helper functions for ABC9).
17.29. Mapping module 'm7_ppa_j3_top'.
17.29.1. Executing ABC9_OPS pass (helper functions for ABC9).
17.29.2. Executing XAIGER2 backend.
17.29.3. Executing ABC9_EXE pass (technology mapping using ABC9).
17.29.4. Executing ABC9.
Warning: ABC: execution of command ""/OpenROAD-flow-scripts/tools/install/yosys/bin/yosys-abc" -s -f /tmp/yosys-abc-zNe8Ts/abc.script 2>&1" failed: return code 134.
17.29.5. Executing XAIGER2 frontend.
17.30. Mapping module 'ALU_33_0_33_0_33_BRENT_KUNG'.
17.30.1. Executing ABC9_OPS pass (helper functions for ABC9).
17.30.2. Executing XAIGER2 backend.
17.30.3. Executing ABC9_EXE pass (technology mapping using ABC9).
17.30.4. Executing ABC9.
17.30.5. Executing XAIGER2 frontend.
17.31. Executing PORTARCS pass. (derive propagation arcs)
17.32. Executing ABC9_OPS pass (helper functions for ABC9).
17.33. Mapping module 'ALU_33_0_33_0_33_SKLANSKY'.
17.33.1. Executing ABC9_OPS pass (helper functions for ABC9).
17.33.2. Executing XAIGER2 backend.
17.33.3. Executing ABC9_EXE pass (technology mapping using ABC9).
17.33.4. Executing ABC9.
17.33.5. Executing XAIGER2 frontend.
17.34. Executing PORTARCS pass. (derive propagation arcs)
17.35. Executing ABC9_OPS pass (helper functions for ABC9).
17.36. Mapping module 'ALU_33_0_33_0_33_KOGGE_STONE'.
17.36.1. Executing ABC9_OPS pass (helper functions for ABC9).
17.36.2. Executing XAIGER2 backend.
17.36.3. Executing ABC9_EXE pass (technology mapping using ABC9).
17.36.4. Executing ABC9.
17.36.5. Executing XAIGER2 frontend.
17.37. Executing PORTARCS pass. (derive propagation arcs)
17.38. Executing ABC9_OPS pass (helper functions for ABC9).
17.39. Mapping module 'ALU_34_0_34_0_34_BRENT_KUNG'.
17.39.1. Executing ABC9_OPS pass (helper functions for ABC9).
17.39.2. Executing XAIGER2 backend.
17.39.3. Executing ABC9_EXE pass (technology mapping using ABC9).
17.39.4. Executing ABC9.
17.39.5. Executing XAIGER2 frontend.
17.40. Executing PORTARCS pass. (derive propagation arcs)
17.41. Executing ABC9_OPS pass (helper functions for ABC9).
17.42. Mapping module 'ALU_34_0_34_0_34_SKLANSKY'.
17.42.1. Executing ABC9_OPS pass (helper functions for ABC9).
17.42.2. Executing XAIGER2 backend.
17.42.3. Executing ABC9_EXE pass (technology mapping using ABC9).
17.42.4. Executing ABC9.
17.42.5. Executing XAIGER2 frontend.
17.43. Executing PORTARCS pass. (derive propagation arcs)
17.44. Executing ABC9_OPS pass (helper functions for ABC9).
17.45. Mapping module 'ALU_34_0_34_0_34_KOGGE_STONE'.
17.45.1. Executing ABC9_OPS pass (helper functions for ABC9).
17.45.2. Executing XAIGER2 backend.
17.45.3. Executing ABC9_EXE pass (technology mapping using ABC9).
17.45.4. Executing ABC9.
17.45.5. Executing XAIGER2 frontend.
17.46. Executing PORTARCS pass. (derive propagation arcs)
17.47. Executing ABC9_OPS pass (helper functions for ABC9).
17.48. Mapping module 'ALU_32_0_29_0_32_unused_CO[30:0]_Y_BRENT_KUNG'.
17.48.1. Executing ABC9_OPS pass (helper functions for ABC9).
17.48.2. Executing XAIGER2 backend.
17.48.3. Executing ABC9_EXE pass (technology mapping using ABC9).
17.48.4. Executing ABC9.
17.48.5. Executing XAIGER2 frontend.
17.49. Executing PORTARCS pass. (derive propagation arcs)
17.50. Executing ABC9_OPS pass (helper functions for ABC9).
17.51. Mapping module 'ALU_32_0_29_0_32_unused_CO[30:0]_Y_SKLANSKY'.
17.51.1. Executing ABC9_OPS pass (helper functions for ABC9).
17.51.2. Executing XAIGER2 backend.
17.51.3. Executing ABC9_EXE pass (technology mapping using ABC9).
17.51.4. Executing ABC9.
17.51.5. Executing XAIGER2 frontend.
17.52. Executing PORTARCS pass. (derive propagation arcs)
17.53. Executing ABC9_OPS pass (helper functions for ABC9).
17.54. Mapping module 'ALU_32_0_29_0_32_unused_CO[30:0]_Y_KOGGE_STONE'.
17.54.1. Executing ABC9_OPS pass (helper functions for ABC9).
17.54.2. Executing XAIGER2 backend.
17.54.3. Executing ABC9_EXE pass (technology mapping using ABC9).
17.54.4. Executing ABC9.
17.54.5. Executing XAIGER2 frontend.
17.55. Executing PORTARCS pass. (derive propagation arcs)
17.56. Executing ABC9_OPS pass (helper functions for ABC9).
17.57. Mapping module 'ALU_32_0_30_0_32_unused_CO[30:0]_Y_BRENT_KUNG'.
17.57.1. Executing ABC9_OPS pass (helper functions for ABC9).
17.57.2. Executing XAIGER2 backend.
17.57.3. Executing ABC9_EXE pass (technology mapping using ABC9).
17.57.4. Executing ABC9.
17.57.5. Executing XAIGER2 frontend.
17.58. Executing PORTARCS pass. (derive propagation arcs)
17.59. Executing ABC9_OPS pass (helper functions for ABC9).
17.60. Mapping module 'ALU_32_0_30_0_32_unused_CO[30:0]_Y_SKLANSKY'.
17.60.1. Executing ABC9_OPS pass (helper functions for ABC9).
17.60.2. Executing XAIGER2 backend.
17.60.3. Executing ABC9_EXE pass (technology mapping using ABC9).
17.60.4. Executing ABC9.
17.60.5. Executing XAIGER2 frontend.
17.61. Executing PORTARCS pass. (derive propagation arcs)
17.62. Executing ABC9_OPS pass (helper functions for ABC9).
17.63. Mapping module 'ALU_32_0_30_0_32_unused_CO[30:0]_Y_KOGGE_STONE'.
17.63.1. Executing ABC9_OPS pass (helper functions for ABC9).
17.63.2. Executing XAIGER2 backend.
17.63.3. Executing ABC9_EXE pass (technology mapping using ABC9).
17.63.4. Executing ABC9.
17.63.5. Executing XAIGER2 frontend.
17.64. Executing PORTARCS pass. (derive propagation arcs)
17.65. Executing ABC9_OPS pass (helper functions for ABC9).
17.66. Mapping module 'ALU_30_0_32_0_32_unused_CO[30:0]_X_Y_BRENT_KUNG'.
17.66.1. Executing ABC9_OPS pass (helper functions for ABC9).
17.66.2. Executing XAIGER2 backend.
17.66.3. Executing ABC9_EXE pass (technology mapping using ABC9).
17.66.4. Executing ABC9.
17.66.5. Executing XAIGER2 frontend.
17.67. Executing PORTARCS pass. (derive propagation arcs)
17.68. Executing ABC9_OPS pass (helper functions for ABC9).
17.69. Mapping module 'ALU_30_0_32_0_32_unused_CO[30:0]_X_Y_SKLANSKY'.
17.69.1. Executing ABC9_OPS pass (helper functions for ABC9).
17.69.2. Executing XAIGER2 backend.
17.69.3. Executing ABC9_EXE pass (technology mapping using ABC9).
17.69.4. Executing ABC9.
17.69.5. Executing XAIGER2 frontend.
17.70. Executing PORTARCS pass. (derive propagation arcs)
17.71. Executing ABC9_OPS pass (helper functions for ABC9).
17.72. Mapping module 'ALU_30_0_32_0_32_unused_CO[30:0]_X_Y_KOGGE_STONE'.
17.72.1. Executing ABC9_OPS pass (helper functions for ABC9).
17.72.2. Executing XAIGER2 backend.
17.72.3. Executing ABC9_EXE pass (technology mapping using ABC9).
17.72.4. Executing ABC9.
17.72.5. Executing XAIGER2 frontend.
17.73. Executing PORTARCS pass. (derive propagation arcs)
17.74. Executing ABC9_OPS pass (helper functions for ABC9).
17.75. Mapping module 'ALU_30_0_32_0_32_unused_CO[30:0]_Y_BRENT_KUNG'.
17.75.1. Executing ABC9_OPS pass (helper functions for ABC9).
17.75.2. Executing XAIGER2 backend.
17.75.3. Executing ABC9_EXE pass (technology mapping using ABC9).
17.75.4. Executing ABC9.
17.75.5. Executing XAIGER2 frontend.
17.76. Executing PORTARCS pass. (derive propagation arcs)
17.77. Executing ABC9_OPS pass (helper functions for ABC9).
17.78. Mapping module 'ALU_30_0_32_0_32_unused_CO[30:0]_Y_SKLANSKY'.
17.78.1. Executing ABC9_OPS pass (helper functions for ABC9).
17.78.2. Executing XAIGER2 backend.
17.78.3. Executing ABC9_EXE pass (technology mapping using ABC9).
17.78.4. Executing ABC9.
17.78.5. Executing XAIGER2 frontend.
17.79. Executing PORTARCS pass. (derive propagation arcs)
17.80. Executing ABC9_OPS pass (helper functions for ABC9).
17.81. Mapping module 'ALU_30_0_32_0_32_unused_CO[30:0]_Y_KOGGE_STONE'.
17.81.1. Executing ABC9_OPS pass (helper functions for ABC9).
17.81.2. Executing XAIGER2 backend.
17.81.3. Executing ABC9_EXE pass (technology mapping using ABC9).
17.81.4. Executing ABC9.
17.81.5. Executing XAIGER2 frontend.
17.82. Executing PORTARCS pass. (derive propagation arcs)
17.83. Executing ABC9_OPS pass (helper functions for ABC9).
17.84. Mapping module 'ALU_32_0_32_0_32_unused_CO[30:0]_Y_BRENT_KUNG'.
17.84.1. Executing ABC9_OPS pass (helper functions for ABC9).
17.84.2. Executing XAIGER2 backend.
17.84.3. Executing ABC9_EXE pass (technology mapping using ABC9).
17.84.4. Executing ABC9.
17.84.5. Executing XAIGER2 frontend.
17.85. Executing PORTARCS pass. (derive propagation arcs)
17.86. Executing ABC9_OPS pass (helper functions for ABC9).
17.87. Mapping module 'ALU_32_0_32_0_32_unused_CO[30:0]_Y_SKLANSKY'.
17.87.1. Executing ABC9_OPS pass (helper functions for ABC9).
17.87.2. Executing XAIGER2 backend.
17.87.3. Executing ABC9_EXE pass (technology mapping using ABC9).
17.87.4. Executing ABC9.
17.87.5. Executing XAIGER2 frontend.
17.88. Executing PORTARCS pass. (derive propagation arcs)
17.89. Executing ABC9_OPS pass (helper functions for ABC9).
17.90. Mapping module 'ALU_32_0_32_0_32_unused_CO[30:0]_Y_KOGGE_STONE'.
17.90.1. Executing ABC9_OPS pass (helper functions for ABC9).
17.90.2. Executing XAIGER2 backend.
17.90.3. Executing ABC9_EXE pass (technology mapping using ABC9).
17.90.4. Executing ABC9.
17.90.5. Executing XAIGER2 frontend.
17.91. Executing PORTARCS pass. (derive propagation arcs)
17.92. Executing ABC9_OPS pass (helper functions for ABC9).
17.93. Mapping module 'ALU_33_0_33_0_33_unused_CO_X_Y[0]_BRENT_KUNG'.
17.93.1. Executing ABC9_OPS pass (helper functions for ABC9).
17.93.2. Executing XAIGER2 backend.
17.93.3. Executing ABC9_EXE pass (technology mapping using ABC9).
17.93.4. Executing ABC9.
17.93.5. Executing XAIGER2 frontend.
17.94. Executing PORTARCS pass. (derive propagation arcs)
17.95. Executing ABC9_OPS pass (helper functions for ABC9).
17.96. Mapping module 'ALU_33_0_33_0_33_unused_CO_X_Y[0]_SKLANSKY'.
17.96.1. Executing ABC9_OPS pass (helper functions for ABC9).
17.96.2. Executing XAIGER2 backend.
17.96.3. Executing ABC9_EXE pass (technology mapping using ABC9).
17.96.4. Executing ABC9.
17.96.5. Executing XAIGER2 frontend.
17.97. Executing PORTARCS pass. (derive propagation arcs)
17.98. Executing ABC9_OPS pass (helper functions for ABC9).
17.99. Mapping module 'ALU_33_0_33_0_33_unused_CO_X_Y[0]_KOGGE_STONE'.
17.99.1. Executing ABC9_OPS pass (helper functions for ABC9).
17.99.2. Executing XAIGER2 backend.
17.99.3. Executing ABC9_EXE pass (technology mapping using ABC9).
17.99.4. Executing ABC9.
17.99.5. Executing XAIGER2 frontend.
17.100. Executing PORTARCS pass. (derive propagation arcs)
17.101. Executing ABC9_OPS pass (helper functions for ABC9).
17.102. Executing ABC9_OPS pass (helper functions for ABC9).
Took 45 seconds: abc_new -liberty /OpenROAD-flow-scripts/flow/platforms/sky130hd/lib/sky130_fd_sc_hd__tt_025C_1v80.lib -dont_use sky130_fd_sc_hd__probe_p_8 -dont_use sky130_fd_sc_hd__probec_p_8 -dont_use sky130_fd_sc_hd__lpflow_bleeder_1 -dont_use sky130_fd_sc_hd__lpflow_clkbufkapwr_1 -dont_use sky130_fd_sc_hd__lpflow_clkbufkapwr_16 -dont_use sky130_fd_sc_hd__lpflow_clkbufkapwr_2 -dont_use sky130_fd_sc_hd__lpflow_clkbufkapwr_4 -dont_use sky130_fd_sc_hd__lpflow_clkbufkapwr_8 -dont_use sky130_fd_sc_hd__lpflow_clkinvkapwr_1 -dont_use sky130_fd_sc_hd__lpflow_clkinvkapwr_16 -dont_use sky130_fd_sc_hd__lpflow_clkinvkapwr_2 -dont_use sky130_fd_sc_hd__lpflow_clkinvkapwr_4 -dont_use sky130_fd_sc_hd__lpflow_clkinvkapwr_8 -dont_use sky130_fd_sc_hd__lpflow_decapkapwr_12 -dont_use sky130_fd_sc_hd__lpflow_decapkapwr_3 -dont_use sky130_fd_sc_hd__lpflow_decapkapwr_4 -dont_use sky130_fd_sc_hd__lpflow_decapkapwr_6 -dont_use sky130_fd_sc_hd__lpflow_decapkapwr_8 -dont_use sky130_fd_sc_hd__lpflow_inputiso0n_1 -dont_use sky130_fd_sc_hd__lpflow_inputiso0p_1 -dont_use sky130_fd_sc_hd__lpflow_inputiso1n_1 -dont_use sky130_fd_sc_hd__lpflow_inputiso1p_1 -dont_use sky130_fd_sc_hd__lpflow_inputisolatch_1 -dont_use sky130_fd_sc_hd__lpflow_isobufsrc_1 -dont_use sky130_fd_sc_hd__lpflow_isobufsrc_16 -dont_use sky130_fd_sc_hd__lpflow_isobufsrc_2 -dont_use sky130_fd_sc_hd__lpflow_isobufsrc_4 -dont_use sky130_fd_sc_hd__lpflow_isobufsrc_8 -dont_use sky130_fd_sc_hd__lpflow_isobufsrckapwr_16 -dont_use sky130_fd_sc_hd__lpflow_lsbuf_lh_hl_isowell_tap_1 -dont_use sky130_fd_sc_hd__lpflow_lsbuf_lh_hl_isowell_tap_2 -dont_use sky130_fd_sc_hd__lpflow_lsbuf_lh_hl_isowell_tap_4 -dont_use sky130_fd_sc_hd__lpflow_lsbuf_lh_isowell_4 -dont_use sky130_fd_sc_hd__lpflow_lsbuf_lh_isowell_tap_1 -dont_use sky130_fd_sc_hd__lpflow_lsbuf_lh_isowell_tap_2 -dont_use sky130_fd_sc_hd__lpflow_lsbuf_lh_isowell_tap_4 -constr /work/objects/sky130hd/m7_j3/p13p0/abc.constr -D 13.0
18. Executing SPLITNETS pass (splitting up multi-bit signals).
19. Executing OPT_CLEAN pass (remove unused cells and wires).
20. Executing HILOMAP pass (mapping to constant drivers).
21. Executing INSBUF pass (insert buffer cells for connected wires).
22. Executing CHECK pass (checking for obvious problems).
23. Printing statistics.
24. Executing CHECK pass (checking for obvious problems).
25. Executing Verilog backend.
25.1. Executing BMUXMAP pass.
25.2. Executing DEMUXMAP pass.
Warnings: 26 unique messages, 26 total
Warnings: 3 experimental features used (not excluded with -x).
End of script. Logfile hash: c1d6ad599a, time: 52.94s, user: 17.55s, system: 1.26s, MEM: 269.24 MB peak
Yosys 0.68+post (git sha1 UNKNOWN, Release, GNU /usr/local/bin/wrapped-cc/g++ 11.4.0)
Time spent: 67% 33x abc9_exe (38 sec), 11% 1x abc_new (6 sec), ...
Elapsed time: 0:53.01[h:]min:sec. CPU time: user 55.67 sys 1.60 (108%). Peak memory: 275700KB.
Log                       Ext     Elapsed/s Peak Memory/MB sha1sum result [0:20)
1_2_yosys                 .v             53            269 5b29a3a4ec5cd127beaa
cp /repo/m7/ppa/orfs/sky130hd/constraint.sdc /work/results/sky130hd/m7_j3/p13p0/1_2_yosys.sdc
touch -r /repo/m7/ppa/orfs/sky130hd/constraint.sdc /work/results/sky130hd/m7_j3/p13p0/1_2_yosys.sdc
OpenROAD 26Q3-1080-gab6fd26351 
Features included (+) or not (-): +GPU +GUI +Python
This program is licensed under the BSD-3 license. See the LICENSE file for details.
Components of this program may be licensed under more restrictive licenses which must be honored.
[INFO ORD-0030] Using 32 thread(s).
mkdir -p /work/objects/sky130hd/m7_j3/p13p0
/OpenROAD-flow-scripts/flow/scripts/flow.sh 1_synth synth_odb
Running synth_odb.tcl, stage 1_synth
read_liberty /OpenROAD-flow-scripts/flow/platforms/sky130hd/lib/sky130_fd_sc_hd__tt_025C_1v80.lib
[INFO ODB-0227] LEF file: /OpenROAD-flow-scripts/flow/platforms/sky130hd/lef/sky130_fd_sc_hd.tlef, created 13 layers, 25 vias
[INFO ODB-0227] LEF file: /OpenROAD-flow-scripts/flow/platforms/sky130hd/lef/sky130_fd_sc_hd_merged.lef, created 441 library cells
link_design -hier m7_ppa_j3_top
[WARNING ORD-0011] Hierarchical flow (-hier) is currently in development and may cause multiple issues. Do not use in production environments.
read_sdc /work/results/sky130hd/m7_j3/p13p0/1_2_yosys.sdc
source /OpenROAD-flow-scripts/flow/platforms/sky130hd/setRC.tcl
eliminate_dead_logic
Removed 39 unused instances and 39 unused nets.
Design area 242501 um^2 100% utilization.
write_db /work/results/sky130hd/m7_j3/p13p0/1_synth.odb
write_sdc -no_timestamp /work/results/sky130hd/m7_j3/p13p0/1_synth.sdc
Elapsed time: 0:00.90[h:]min:sec. CPU time: user 0.84 sys 0.06 (100%). Peak memory: 213216KB.
Log                       Ext     Elapsed/s Peak Memory/MB sha1sum result [0:20)
1_synth                   .odb            0            208 48ad10bf1382f66e9a61
1_synth                   .sdc                             62aa4a20a378dd0a30ac
/OpenROAD-flow-scripts/flow/scripts/flow.sh 2_1_floorplan floorplan
Running floorplan.tcl, stage 2_1_floorplan
read_liberty /OpenROAD-flow-scripts/flow/platforms/sky130hd/lib/sky130_fd_sc_hd__tt_025C_1v80.lib
read_db -hier /work/results/sky130hd/m7_j3/p13p0/1_synth.odb
[WARNING ORD-0012] Hierarchical flow (-hier) is currently in development and may cause multiple issues. Do not use in production environments.
read_sdc /work/results/sky130hd/m7_j3/p13p0/1_synth.sdc
source /OpenROAD-flow-scripts/flow/platforms/sky130hd/setRC.tcl
Master sky130_ef_sc_hd__decap_12 is loaded but not used in the design

==========================================================================
Floorplan check_setup
--------------------------------------------------------------------------
number instances in verilog is 28156
[INFO IFP-0107] Defining die area using utilization: 50.00% and aspect ratio: 1.
[WARNING IFP-0028] Core area lower left (1.000, 1.000) snapped to (1.380, 2.720).
[INFO IFP-0001] Added 255 rows of 1513 site unithd.
[INFO IFP-0100] Die BBox:  (  0.000  0.000 ) ( 698.420 698.420 ) um
[INFO IFP-0101] Core BBox: (  1.380  2.720 ) ( 697.360 696.320 ) um
[INFO IFP-0102] Core area:                       482731.728 um^2
[INFO IFP-0103] Total instances area:            242501.328 um^2
[INFO IFP-0104] Effective utilization:                0.502
[INFO IFP-0105] Number of instances:                  28091
source /OpenROAD-flow-scripts/flow/platforms/sky130hd/make_tracks.tcl
source /repo/m7/ppa/orfs/sky130hd/fastroute.tcl
Repair tie lo fanout...
[INFO RSZ-0042] Inserted 272 tie sky130_fd_sc_hd__conb_1 instances.
Repair tie hi fanout...
[INFO RSZ-0042] Inserted 234 tie sky130_fd_sc_hd__conb_1 instances.
replace_arith_modules -path_count 1000 -target setup -slack_threshold 0.0
[INFO RSZ-0151] Starting arithmetic module replacement to optimize 'setup' target
[INFO RSZ-0152] Analyzing 1000 critical paths with slack < 0.00
[INFO RSZ-0153] Identified 4525 violating endpoints
[INFO RSZ-0154] Identified 0 critical arithmetic instances
[INFO RSZ-0026] Removed 4 buffers.
Default units for flow
 time 1ns
 capacitance 1pF
 resistance 1kohm
 voltage 1v
 current 1mA
 power 1nW
 distance 1um
   Layer   | Unit Resistance | Unit Capacitance 
           |       (kohm/um) |          (pF/um)
------------------------------------------------
       li1 |        7.18e-02 |         1.50e-04
      met1 |        1.21e-03 |         1.72e-04
      met2 |        1.22e-03 |         1.36e-04
      met3 |        1.66e-04 |         2.15e-04
      met4 |        1.68e-04 |         1.48e-04
      met5 |        1.84e-05 |         1.54e-04
------------------------------------------------

   Layer   | Via Resistance 
           |         (kohm) 
----------------------------
      mcon |       9.25e-03 
       via |       4.50e-03 
      via2 |       3.37e-03 
      via3 |       3.77e-04 
      via4 |       5.80e-06 
----------------------------
Report metrics stage 2, floorplan final...

==========================================================================
floorplan final report_design_area
--------------------------------------------------------------------------
Design area 244363 um^2 51% utilization.
write_db /work/results/sky130hd/m7_j3/p13p0/2_1_floorplan.odb
write_sdc -no_timestamp /work/results/sky130hd/m7_j3/p13p0/2_1_floorplan.sdc
Elapsed time: 0:04.60[h:]min:sec. CPU time: user 5.73 sys 2.92 (188%). Peak memory: 259116KB.
Log                       Ext     Elapsed/s Peak Memory/MB sha1sum result [0:20)
2_1_floorplan             .odb            4            253 0b1948c3030c6773d804
2_1_floorplan             .sdc                             62aa4a20a378dd0a30ac
/OpenROAD-flow-scripts/flow/scripts/flow.sh 2_2_floorplan_macro macro_place
Running macro_place.tcl, stage 2_2_floorplan_macro
read_liberty /OpenROAD-flow-scripts/flow/platforms/sky130hd/lib/sky130_fd_sc_hd__tt_025C_1v80.lib
read_db -hier /work/results/sky130hd/m7_j3/p13p0/2_1_floorplan.odb
[WARNING ORD-0012] Hierarchical flow (-hier) is currently in development and may cause multiple issues. Do not use in production environments.
read_sdc /work/results/sky130hd/m7_j3/p13p0/2_1_floorplan.sdc
source /OpenROAD-flow-scripts/flow/platforms/sky130hd/setRC.tcl
No macros found: Skipping macro_placement
Design area 244363 um^2 51% utilization.
write_db /work/results/sky130hd/m7_j3/p13p0/2_2_floorplan_macro.odb
Elapsed time: 0:00.41[h:]min:sec. CPU time: user 0.34 sys 0.07 (100%). Peak memory: 189876KB.
Log                       Ext     Elapsed/s Peak Memory/MB sha1sum result [0:20)
2_2_floorplan_macro       .odb            0            185 0b1948c3030c6773d804
/OpenROAD-flow-scripts/flow/scripts/flow.sh 2_3_floorplan_tapcell tapcell
Running tapcell.tcl, stage 2_3_floorplan_tapcell
read_liberty /OpenROAD-flow-scripts/flow/platforms/sky130hd/lib/sky130_fd_sc_hd__tt_025C_1v80.lib
read_db -hier /work/results/sky130hd/m7_j3/p13p0/2_2_floorplan_macro.odb
[WARNING ORD-0012] Hierarchical flow (-hier) is currently in development and may cause multiple issues. Do not use in production environments.
read_sdc /work/results/sky130hd/m7_j3/p13p0/2_1_floorplan.sdc
source /OpenROAD-flow-scripts/flow/platforms/sky130hd/setRC.tcl
[INFO TAP-0005] Inserted 6425 tapcells.
Design area 252402 um^2 52% utilization.
write_db /work/results/sky130hd/m7_j3/p13p0/2_3_floorplan_tapcell.odb
Elapsed time: 0:00.38[h:]min:sec. CPU time: user 0.31 sys 0.07 (100%). Peak memory: 176660KB.
Log                       Ext     Elapsed/s Peak Memory/MB sha1sum result [0:20)
2_3_floorplan_tapcell     .odb            0            172 6234bcc41afcab5c80b9
/OpenROAD-flow-scripts/flow/scripts/flow.sh 2_4_floorplan_pdn pdn
Running pdn.tcl, stage 2_4_floorplan_pdn
read_liberty /OpenROAD-flow-scripts/flow/platforms/sky130hd/lib/sky130_fd_sc_hd__tt_025C_1v80.lib
read_db -hier /work/results/sky130hd/m7_j3/p13p0/2_3_floorplan_tapcell.odb
[WARNING ORD-0012] Hierarchical flow (-hier) is currently in development and may cause multiple issues. Do not use in production environments.
read_sdc /work/results/sky130hd/m7_j3/p13p0/2_1_floorplan.sdc
source /OpenROAD-flow-scripts/flow/platforms/sky130hd/setRC.tcl
[WARNING PDN-1051] No instances found for grid (CORE_macro_grid_1).
[WARNING PDN-1051] No instances found for grid (CORE_macro_grid_2).
[INFO PDN-0001] Inserting grid: grid
[INFO PDN-0500] Runtime: 0.13s
Design area 252402 um^2 52% utilization.
write_db /work/results/sky130hd/m7_j3/p13p0/2_4_floorplan_pdn.odb
Elapsed time: 0:00.79[h:]min:sec. CPU time: user 0.72 sys 0.07 (100%). Peak memory: 216364KB.
Log                       Ext     Elapsed/s Peak Memory/MB sha1sum result [0:20)
2_4_floorplan_pdn         .odb            0            211 e6b589591fe3378af0e2
cp /work/results/sky130hd/m7_j3/p13p0/2_4_floorplan_pdn.odb /work/results/sky130hd/m7_j3/p13p0/2_floorplan.odb
cp /work/results/sky130hd/m7_j3/p13p0/2_1_floorplan.sdc /work/results/sky130hd/m7_j3/p13p0/2_floorplan.sdc
/OpenROAD-flow-scripts/flow/scripts/flow.sh 3_1_place_gp_skip_io global_place_skip_io
Running global_place_skip_io.tcl, stage 3_1_place_gp_skip_io
read_liberty /OpenROAD-flow-scripts/flow/platforms/sky130hd/lib/sky130_fd_sc_hd__tt_025C_1v80.lib
read_db -hier /work/results/sky130hd/m7_j3/p13p0/2_floorplan.odb
[WARNING ORD-0012] Hierarchical flow (-hier) is currently in development and may cause multiple issues. Do not use in production environments.
read_sdc /work/results/sky130hd/m7_j3/p13p0/2_floorplan.sdc
source /OpenROAD-flow-scripts/flow/platforms/sky130hd/setRC.tcl
[INFO GPL-0022] Initialize gpl and calculate uniform density.
Placement density is 0.687499994635582, computed from PLACE_DENSITY_LB_ADDON  0.25 and lower bound 0.5699999928474426
global_placement -skip_io -density 0.687499994635582 -pad_left 0 -pad_right 0
[INFO GPL-0001] ---- Initialize GPL Main Data Structures
[INFO GPL-0002] DBU: 1000
[INFO GPL-0003] SiteSize: (  0.460  2.720 ) um
[INFO GPL-0004] CoreBBox: (  1.380  2.720 ) ( 697.360 696.320 ) um
[INFO GPL-0016] Core area:                  482731.728 um^2
[INFO GPL-0036] Movable instances area:     244363.114 um^2
[INFO GPL-0037] Total instances area:       252402.074 um^2
[INFO GPL-0035] Pin density area adjust:     24092.990 um^2
[INFO GPL-0032] ---- Initialize Region: Top-level
[INFO GPL-0006] Number of instances:             35016
[INFO GPL-0007] Movable instances:               28591
[INFO GPL-0008] Fixed instances:                  6425
[INFO GPL-0009] Dummy instances:                     0
[INFO GPL-0010] Number of nets:                  28786
[INFO GPL-0011] Number of pins:                 106843
[INFO GPL-0012] Die BBox:       (  0.000  0.000 ) ( 698.420 698.420 ) um
[INFO GPL-0013] Placement BBox: (  1.380  2.720 ) ( 697.360 696.320 ) um
[INFO GPL-0014] Region name: top-level.
[INFO GPL-0015] Region area:                482731.728 um^2
[INFO GPL-0017] Fixed instances area:         8038.960 um^2
[INFO GPL-0018] Movable instances area:     268456.104 um^2
[INFO GPL-0019] Utilization:                    56.554 %
[INFO GPL-0020] Standard cells area:        268456.104 um^2
[INFO GPL-0021] Large instances area:            0.000 um^2
[INFO GPL-0005] ---- Execute Conjugate Gradient Initial Placement.
[INFO GPL-0051] Source of initial instance position counters:
	Odb location = 0	Core center = 28591	Region center = 0
[INFO GPL-0033] ---- Initialize Nesterov Region: Top-level
[INFO GPL-0023] Placement target density:       0.6875
[INFO GPL-0024] Movable insts average area:      9.390 um^2
[INFO GPL-0025] Ideal bin area:                 13.658 um^2
[INFO GPL-0026] Ideal bin count:                 35345
[INFO GPL-0027] Total bin area:             482731.728 um^2
[INFO GPL-0028] Bin count (X, Y):         128 ,    128
[INFO GPL-0029] Bin size (W * H):       5.437 *  5.419 um
[INFO GPL-0030] Number of bins:                  16384
[INFO GPL-0084] ---- Execute Nesterov Global Placement.
[INFO GPL-0031] HPWL: Half-Perimeter Wirelength
Iteration | Overflow |     HPWL (um) |  HPWL(%) |   Penalty | Group
---------------------------------------------------------------
        0 |   0.9992 |  5.461929e+04 |   +0.00% |  8.85e-16 |      
       10 |   0.9990 |  4.221793e+04 |  -22.71% |  1.44e-15 |      
       20 |   0.9990 |  4.158394e+04 |   -1.50% |  2.35e-15 |      
       30 |   0.9989 |  4.140365e+04 |   -0.43% |  3.83e-15 |      
       40 |   0.9988 |  4.133562e+04 |   -0.16% |  6.23e-15 |      
       50 |   0.9988 |  4.129132e+04 |   -0.11% |  1.02e-14 |      
       60 |   0.9988 |  4.126855e+04 |   -0.06% |  1.65e-14 |      
       70 |   0.9988 |  4.129233e+04 |   +0.06% |  2.69e-14 |      
       80 |   0.9986 |  4.144619e+04 |   +0.37% |  4.39e-14 |      
       90 |   0.9985 |  4.195862e+04 |   +1.24% |  7.15e-14 |      
      100 |   0.9978 |  4.328840e+04 |   +3.17% |  1.16e-13 |      
      110 |   0.9973 |  4.630100e+04 |   +6.96% |  1.90e-13 |      
      120 |   0.9960 |  5.224351e+04 |  +12.83% |  3.09e-13 |      
      130 |   0.9939 |  6.246482e+04 |  +19.56% |  5.02e-13 |      
      140 |   0.9909 |  7.717151e+04 |  +23.54% |  8.17e-13 |      
      150 |   0.9863 |  9.603221e+04 |  +24.44% |  1.33e-12 |      
      160 |   0.9791 |  1.198502e+05 |  +24.80% |  2.16e-12 |      
      170 |   0.9704 |  1.454977e+05 |  +21.40% |  3.50e-12 |      
      180 |   0.9602 |  1.729552e+05 |  +18.87% |  5.69e-12 |      
      190 |   0.9459 |  2.070982e+05 |  +19.74% |  9.23e-12 |      
      200 |   0.9269 |  2.468142e+05 |  +19.18% |  1.50e-11 |      
      210 |   0.9038 |  2.879819e+05 |  +16.68% |  2.43e-11 |      
      220 |   0.8797 |  3.298657e+05 |  +14.54% |  3.94e-11 |      
      230 |   0.8494 |  3.742599e+05 |  +13.46% |  6.38e-11 |      
      240 |   0.8156 |  4.168866e+05 |  +11.39% |  1.03e-10 |      
      250 |   0.7774 |  4.524907e+05 |   +8.54% |  1.68e-10 |      
      260 |   0.7378 |  4.855298e+05 |   +7.30% |  2.73e-10 |      
      270 |   0.6974 |  5.186000e+05 |   +6.81% |  4.42e-10 |      
      280 |   0.6525 |  5.574501e+05 |   +7.49% |  7.17e-10 |      
      290 |   0.6059 |  5.953070e+05 |   +6.79% |  1.16e-09 |      
      300 |   0.5587 |  6.150108e+05 |   +3.31% |  1.89e-09 |      
      310 |   0.5139 |  6.226689e+05 |   +1.25% |  3.08e-09 |      
      320 |   0.4699 |  6.255100e+05 |   +0.46% |  5.01e-09 |      
      330 |   0.4262 |  6.289560e+05 |   +0.55% |  8.16e-09 |      
      340 |   0.3819 |  6.334748e+05 |   +0.72% |  1.33e-08 |      
      350 |   0.3414 |  6.373704e+05 |   +0.61% |  2.14e-08 |      
      360 |   0.3116 |  6.371140e+05 |   -0.04% |  3.15e-08 |      
      370 |   0.2799 |  6.386368e+05 |   +0.24% |  4.65e-08 |      
      380 |   0.2502 |  6.392727e+05 |   +0.10% |  6.84e-08 |      
      390 |   0.2214 |  6.404775e+05 |   +0.19% |  1.01e-07 |      
      400 |   0.1949 |  6.416426e+05 |   +0.18% |  1.48e-07 |      
      410 |   0.1693 |  6.425906e+05 |   +0.15% |  2.19e-07 |      
      420 |   0.1455 |  6.443797e+05 |   +0.28% |  3.22e-07 |      
      430 |   0.1255 |  6.458550e+05 |   +0.23% |  4.74e-07 |      
      440 |   0.1057 |  6.473790e+05 |   +0.24% |  6.99e-07 |      
      444 |   0.0991 |  6.480304e+05 |          |  8.48e-07 |      
---------------------------------------------------------------
[INFO GPL-1001] Global placement finished at iteration 444
[INFO GPL-1002] Placed Cell Area            268456.1038
[INFO GPL-1003] Available Free Area         474692.7680
[INFO GPL-1004] Minimum Feasible Density        0.5700 (cell_area / free_area)
[INFO GPL-1006]   Suggested Target Densities:
[INFO GPL-1007]     - For 90% usage of free space: 0.6284
[INFO GPL-1008]     - For 80% usage of free space: 0.7069
[INFO GPL-1014] Final placement area: 268456.10 (+0.00%)
Took 24 seconds: global_placement -skip_io -density 0.687499994635582 -pad_left 0 -pad_right 0
Design area 252402 um^2 52% utilization.
write_db /work/results/sky130hd/m7_j3/p13p0/3_1_place_gp_skip_io.odb
Elapsed time: 0:25.13[h:]min:sec. CPU time: user 705.12 sys 0.90 (2809%). Peak memory: 238024KB.
Log                       Ext     Elapsed/s Peak Memory/MB sha1sum result [0:20)
3_1_place_gp_skip_io      .odb           25            232 babdf16479a785f35113
/OpenROAD-flow-scripts/flow/scripts/flow.sh 3_2_place_iop io_placement
Running io_placement.tcl, stage 3_2_place_iop
read_liberty /OpenROAD-flow-scripts/flow/platforms/sky130hd/lib/sky130_fd_sc_hd__tt_025C_1v80.lib
read_db -hier /work/results/sky130hd/m7_j3/p13p0/3_1_place_gp_skip_io.odb
[WARNING ORD-0012] Hierarchical flow (-hier) is currently in development and may cause multiple issues. Do not use in production environments.
read_sdc /work/results/sky130hd/m7_j3/p13p0/2_floorplan.sdc
source /OpenROAD-flow-scripts/flow/platforms/sky130hd/setRC.tcl
place_pins -hor_layers met3 -ver_layers met2
Found 0 macro blocks.
Using 2 tracks default min distance between IO pins.
[INFO PPL-0001] Number of available slots 2534
[INFO PPL-0002] Number of I/O             276
[INFO PPL-0003] Number of I/O w/sink      244
[INFO PPL-0004] Number of I/O w/o sink    32
[INFO PPL-0005] Slots per section         200
[INFO PPL-0008] Successfully assigned pins to sections.
[INFO PPL-0012] I/O nets HPWL: 47993.19 um.
Design area 252402 um^2 52% utilization.
write_db /work/results/sky130hd/m7_j3/p13p0/3_2_place_iop.odb
Elapsed time: 0:00.41[h:]min:sec. CPU time: user 0.35 sys 0.06 (100%). Peak memory: 200012KB.
Log                       Ext     Elapsed/s Peak Memory/MB sha1sum result [0:20)
3_2_place_iop             .odb            0            195 a5a0b902ad64228fabac
/OpenROAD-flow-scripts/flow/scripts/flow.sh 3_3_place_gp global_place
Running global_place.tcl, stage 3_3_place_gp
read_liberty /OpenROAD-flow-scripts/flow/platforms/sky130hd/lib/sky130_fd_sc_hd__tt_025C_1v80.lib
read_db -hier /work/results/sky130hd/m7_j3/p13p0/3_2_place_iop.odb
[WARNING ORD-0012] Hierarchical flow (-hier) is currently in development and may cause multiple issues. Do not use in production environments.
read_sdc /work/results/sky130hd/m7_j3/p13p0/2_floorplan.sdc
source /OpenROAD-flow-scripts/flow/platforms/sky130hd/setRC.tcl
[INFO RSZ-0026] Removed 0 buffers.
Perform port buffering...
[INFO RSZ-0027] Inserted 162 sky130_fd_sc_hd__clkdlybuf4s50_1 input buffers.
[INFO RSZ-0028] Inserted 77 sky130_fd_sc_hd__clkdlybuf4s50_1 output buffers.
[INFO GPL-0022] Initialize gpl and calculate uniform density.
Placement density is 0.6949999874830246, computed from PLACE_DENSITY_LB_ADDON  0.25 and lower bound 0.5799999833106995
global_placement -density 0.6949999874830246 -pad_left 0 -pad_right 0 -routability_driven -timing_driven -force_center_initial_place -min_phi_coef 0.95 -max_phi_coef 1.05
[INFO GPL-0001] ---- Initialize GPL Main Data Structures
[INFO GPL-0002] DBU: 1000
[INFO GPL-0003] SiteSize: (  0.460  2.720 ) um
[INFO GPL-0004] CoreBBox: (  1.380  2.720 ) ( 697.360 696.320 ) um
[INFO GPL-0016] Core area:                  482731.728 um^2
[INFO GPL-0036] Movable instances area:     246755.408 um^2
[INFO GPL-0037] Total instances area:       254794.368 um^2
[INFO GPL-0035] Pin density area adjust:     24236.426 um^2
[INFO GPL-0032] ---- Initialize Region: Top-level
[INFO GPL-0006] Number of instances:             35255
[INFO GPL-0007] Movable instances:               28830
[INFO GPL-0008] Fixed instances:                  6425
[INFO GPL-0009] Dummy instances:                     0
[INFO GPL-0010] Number of nets:                  29025
[INFO GPL-0011] Number of pins:                 107597
[INFO GPL-0012] Die BBox:       (  0.000  0.000 ) ( 698.420 698.420 ) um
[INFO GPL-0013] Placement BBox: (  1.380  2.720 ) ( 697.360 696.320 ) um
[INFO GPL-0014] Region name: top-level.
[INFO GPL-0015] Region area:                482731.728 um^2
[INFO GPL-0017] Fixed instances area:         8038.960 um^2
[INFO GPL-0018] Movable instances area:     270991.834 um^2
[INFO GPL-0019] Utilization:                    57.088 %
[INFO GPL-0020] Standard cells area:        270991.834 um^2
[INFO GPL-0021] Large instances area:            0.000 um^2
[INFO GPL-0005] ---- Execute Conjugate Gradient Initial Placement.
[INFO GPL-0051] Source of initial instance position counters:
	Odb location = 0	Core center = 28830	Region center = 0
[InitialPlace]  Iter: 1 conjugate gradient residual: 0.00798241 HPWL: 849353727
[InitialPlace]  Iter: 2 conjugate gradient residual: 0.00041299 HPWL: 319036822
[InitialPlace]  Iter: 3 conjugate gradient residual: 0.00039969 HPWL: 302117422
[InitialPlace]  Iter: 4 conjugate gradient residual: 0.00023279 HPWL: 291154799
[InitialPlace]  Iter: 5 conjugate gradient residual: 0.00007780 HPWL: 282895539
[InitialPlace]  Iter: 6 conjugate gradient residual: 0.00006297 HPWL: 279101952
[InitialPlace]  Iter: 7 conjugate gradient residual: 0.00004499 HPWL: 277095725
[InitialPlace]  Iter: 8 conjugate gradient residual: 0.00003786 HPWL: 276741799
[InitialPlace]  Iter: 9 conjugate gradient residual: 0.00004577 HPWL: 276028953
[InitialPlace]  Iter: 10 conjugate gradient residual: 0.00003428 HPWL: 276150410
[InitialPlace]  Iter: 11 conjugate gradient residual: 0.00004261 HPWL: 275570624
[InitialPlace]  Iter: 12 conjugate gradient residual: 0.00003973 HPWL: 275721884
[InitialPlace]  Iter: 13 conjugate gradient residual: 0.00002759 HPWL: 275203320
[InitialPlace]  Iter: 14 conjugate gradient residual: 0.00003734 HPWL: 275357895
[InitialPlace]  Iter: 15 conjugate gradient residual: 0.00002886 HPWL: 274905344
[InitialPlace]  Iter: 16 conjugate gradient residual: 0.00003082 HPWL: 275051787
[InitialPlace]  Iter: 17 conjugate gradient residual: 0.00002620 HPWL: 274522304
[InitialPlace]  Iter: 18 conjugate gradient residual: 0.00003157 HPWL: 274727989
[InitialPlace]  Iter: 19 conjugate gradient residual: 0.00002209 HPWL: 274231991
[InitialPlace]  Iter: 20 conjugate gradient residual: 0.00002368 HPWL: 274426442
[INFO GPL-0033] ---- Initialize Nesterov Region: Top-level
[INFO GPL-0023] Placement target density:       0.6950
[INFO GPL-0024] Movable insts average area:      9.400 um^2
[INFO GPL-0025] Ideal bin area:                 13.525 um^2
[INFO GPL-0026] Ideal bin count:                 35692
[INFO GPL-0027] Total bin area:             482731.728 um^2
[INFO GPL-0028] Bin count (X, Y):         128 ,    128
[INFO GPL-0029] Bin size (W * H):       5.437 *  5.419 um
[INFO GPL-0030] Number of bins:                  16384
[INFO GPL-0084] ---- Execute Nesterov Global Placement.
[INFO GPL-0031] HPWL: Half-Perimeter Wirelength
Iteration | Overflow |     HPWL (um) |  HPWL(%) |   Penalty | Group
---------------------------------------------------------------
        0 |   0.9858 |  9.914161e+04 |   +0.00% |  1.62e-16 |      
       10 |   0.9747 |  1.125745e+05 |  +13.55% |  2.64e-16 |      
       20 |   0.9692 |  1.210511e+05 |   +7.53% |  4.29e-16 |      
       30 |   0.9674 |  1.261790e+05 |   +4.24% |  6.98e-16 |      
       40 |   0.9663 |  1.286046e+05 |   +1.92% |  1.14e-15 |      
       50 |   0.9663 |  1.300895e+05 |   +1.15% |  1.85e-15 |      
       60 |   0.9654 |  1.314888e+05 |   +1.08% |  3.02e-15 |      
       70 |   0.9645 |  1.330792e+05 |   +1.21% |  4.91e-15 |      
       80 |   0.9641 |  1.345649e+05 |   +1.12% |  8.00e-15 |      
       90 |   0.9640 |  1.356775e+05 |   +0.83% |  1.30e-14 |      
      100 |   0.9635 |  1.363041e+05 |   +0.46% |  2.12e-14 |      
      110 |   0.9637 |  1.365011e+05 |   +0.14% |  3.46e-14 |      
      120 |   0.9636 |  1.365578e+05 |   +0.04% |  5.63e-14 |      
      130 |   0.9638 |  1.367800e+05 |   +0.16% |  9.17e-14 |      
      140 |   0.9638 |  1.375107e+05 |   +0.53% |  1.49e-13 |      
      150 |   0.9634 |  1.391957e+05 |   +1.23% |  2.43e-13 |      
      160 |   0.9622 |  1.422929e+05 |   +2.23% |  3.96e-13 |      
      170 |   0.9605 |  1.477600e+05 |   +3.84% |  6.45e-13 |      
      180 |   0.9582 |  1.565465e+05 |   +5.95% |  1.05e-12 |      
      190 |   0.9540 |  1.693832e+05 |   +8.20% |  1.71e-12 |      
      200 |   0.9476 |  1.853281e+05 |   +9.41% |  2.78e-12 |      
      210 |   0.9400 |  2.038117e+05 |   +9.97% |  4.51e-12 |      
      220 |   0.9304 |  2.263985e+05 |  +11.08% |  7.33e-12 |      
      230 |   0.9177 |  2.544180e+05 |  +12.38% |  1.19e-11 |      
      240 |   0.8990 |  2.873731e+05 |  +12.95% |  1.93e-11 |      
      250 |   0.8750 |  3.242808e+05 |  +12.84% |  3.14e-11 |      
      260 |   0.8480 |  3.649984e+05 |  +12.56% |  5.08e-11 |      
      270 |   0.8159 |  4.060812e+05 |  +11.26% |  8.25e-11 |      
      280 |   0.7816 |  4.457287e+05 |   +9.76% |  1.34e-10 |      
      290 |   0.7445 |  4.806892e+05 |   +7.84% |  2.17e-10 |      
      300 |   0.7058 |  5.148579e+05 |   +7.11% |  3.52e-10 |      
      310 |   0.6634 |  5.466088e+05 |   +6.17% |  5.72e-10 |      
[INFO GPL-0100] Timing-driven iteration 1/2, virtual: false.
[INFO GPL-0101]    Iter: 318, overflow: 0.634, keep resizer changes at: 1, HPWL: 565612618
Iteration |   Area    | Resized | Buffers | Nets repaired | Remaining
---------------------------------------------------------------------
        0 |     +0.0% |       0 |       0 |             0 |     29531
    final |     +7.0% |     319 |     783 |           364 |         0
---------------------------------------------------------------------
[INFO RSZ-0034] Found 368 slew violations.
[INFO RSZ-0036] Found 169 capacitance violations.
[INFO RSZ-0039] Resized 319 instances.
[INFO RSZ-0038] Inserted 783 buffers in 364 nets.
   Iter   |    Area   | Removed | Inserted |   Pins
          |           | Buffers | Buffers  | Remaining
-------------------------------------------------------
        0 |     +0.0% |       0 |        0 |     27681
     2700 |     +0.3% |      35 |      169 |     24981
     5400 |     +0.6% |      99 |      398 |     22281
     8100 |     +0.4% |     249 |      652 |     19581
    10800 |     +0.2% |     326 |      738 |     16881
    13500 |     +0.1% |     393 |      851 |     14181
    16200 |     +0.2% |     431 |      954 |     11481
    18900 |     +0.3% |     506 |     1133 |      8781
    21600 |     +0.3% |     545 |     1205 |      6081
    24300 |     -1.0% |     748 |     1427 |      3381
    27000 |     -1.0% |     749 |     1435 |       681
    final |     -1.2% |     783 |     1453 |         0
-------------------------------------------------------
[INFO GPL-0106] Timing-driven: worst slack -3.6949999e-09
[INFO GPL-0107] Timing-driven: repair_design delta area: 14054.308 um^2 (+5.19%)
[INFO GPL-0108] Timing-driven: repair_design, gpl delta gcells: 1453 (+5.04%)
[INFO GPL-0109] Timing-driven: repair_design, gcells created: 2236, deleted: 783
[INFO GPL-0110] Timing-driven: new target density: 0.7246071
Iteration | Overflow |     HPWL (um) |  HPWL(%) |   Penalty | Group
---------------------------------------------------------------
      320 |   0.6031 |  6.650830e+05 |  +21.67% |  9.21e-10 |      
[INFO GPL-0038] Routability snapshot saved at iter = 322
      321 |   0.5961 |  6.834725e+05 |          |           |      
      330 |   0.5735 |  6.833077e+05 |   +2.74% |  1.49e-09 |      
      340 |   0.5199 |  6.941605e+05 |   +1.59% |  2.43e-09 |      
      350 |   0.4794 |  7.075097e+05 |   +1.92% |  3.95e-09 |      
      360 |   0.4316 |  7.150748e+05 |   +1.07% |  6.43e-09 |      
      370 |   0.3923 |  7.186080e+05 |   +0.49% |  1.05e-08 |      
      380 |   0.3487 |  7.255853e+05 |   +0.97% |  1.70e-08 |      
      390 |   0.3154 |  7.285061e+05 |   +0.40% |  2.53e-08 |      
[INFO GPL-0040] Routability iteration: 1
[WARNING GRT-0281] Net _14199_ has a large fanout of 2191 terminals.
[INFO GPL-0041] Total routing overflow: 168.1921
[INFO GPL-0042] Number of overflowed tiles: 1307 (12.81%)
[INFO GPL-0043] Average top 0.5% routing congestion: 1.3932
[INFO GPL-0044] Average top 1.0% routing congestion: 1.3508
[INFO GPL-0045] Average top 2.0% routing congestion: 1.3067
[INFO GPL-0046] Average top 5.0% routing congestion: 1.2354
[INFO GPL-0047] Routability iteration weighted routing congestion: 1.3720
[INFO GPL-0048] Routing congestion (1.3720) lower than previous minimum (1e+30). Updating minimum.
[INFO GPL-0086] Inflated area:               22982.471 um^2 (+8.06%)
[INFO GPL-0052] Placement target density:       0.7246
[INFO GPL-0076] Removing fillers, count: Before: 6460, After: 3940 (-39.01%)
[INFO GPL-0077] Filler area (um^2)     : Before: 58919.634, After: 35931.914 (-39.02%)
[INFO GPL-0078] Removed fillers count: 2520, area removed: 22981.833 um^2. Remaining area to be compensated by modifying density: 0.638 um^2
[INFO GPL-0058] White space area:           474692.768 um^2 (+0.00%)
[INFO GPL-0059] Movable instances area:     343965.762 um^2 (+0.00%)
[INFO GPL-0060] Total filler area:           35931.914 um^2 (-39.02%)
[INFO GPL-0061] Total non-inflated area:    343960.527 um^2 (-0.00%)
[INFO GPL-0062] Total inflated area:        366942.998 um^2 (-0.00%)
[INFO GPL-0063] New Target Density:             0.7246
[INFO GPL-0087] Routability end iteration: increase inflation and revert back to snapshot.
Iteration | Overflow |     HPWL (um) |  HPWL(%) |   Penalty | Group
---------------------------------------------------------------
      400 |   0.5990 |  7.144819e+05 |   -1.93% |  1.13e-09 |      
      410 |   0.5441 |  7.634138e+05 |   +6.85% |  1.66e-09 |      
      420 |   0.5184 |  7.603764e+05 |   -0.40% |  2.45e-09 |      
      430 |   0.4844 |  7.587673e+05 |   -0.21% |  3.60e-09 |      
      440 |   0.4503 |  7.504463e+05 |   -1.10% |  5.31e-09 |      
      450 |   0.4141 |  7.748372e+05 |   +3.25% |  7.80e-09 |      
      460 |   0.3806 |  7.746687e+05 |   -0.02% |  1.15e-08 |      
      470 |   0.3478 |  7.745506e+05 |   -0.02% |  1.69e-08 |      
      480 |   0.3138 |  7.823115e+05 |   +1.00% |  2.49e-08 |      
[INFO GPL-0040] Routability iteration: 2
[INFO GPL-0041] Total routing overflow: 101.6377
[INFO GPL-0042] Number of overflowed tiles: 1134 (11.12%)
[INFO GPL-0043] Average top 0.5% routing congestion: 1.2962
[INFO GPL-0044] Average top 1.0% routing congestion: 1.2582
[INFO GPL-0045] Average top 2.0% routing congestion: 1.2173
[INFO GPL-0046] Average top 5.0% routing congestion: 1.1553
[INFO GPL-0047] Routability iteration weighted routing congestion: 1.2772
[INFO GPL-0048] Routing congestion (1.2772) lower than previous minimum (1.372). Updating minimum.
[INFO GPL-0086] Inflated area:               10733.733 um^2 (+3.48%)
[INFO GPL-0052] Placement target density:       0.7246
[INFO GPL-0076] Removing fillers, count: Before: 3940, After: 2764 (-29.85%)
[INFO GPL-0077] Filler area (um^2)     : Before: 35931.914, After: 25207.058 (-29.85%)
[INFO GPL-0078] Removed fillers count: 1176, area removed: 10724.855 um^2. Remaining area to be compensated by modifying density: 8.878 um^2
[INFO GPL-0058] White space area:           474692.768 um^2 (+0.00%)
[INFO GPL-0059] Movable instances area:     343965.762 um^2 (+0.00%)
[INFO GPL-0060] Total filler area:           25207.058 um^2 (-29.85%)
[INFO GPL-0061] Total non-inflated area:    343969.405 um^2 (+0.00%)
[INFO GPL-0062] Total inflated area:        354703.139 um^2 (+0.00%)
[INFO GPL-0063] New Target Density:             0.7246
[INFO GPL-0087] Routability end iteration: increase inflation and revert back to snapshot.
Iteration | Overflow |     HPWL (um) |  HPWL(%) |   Penalty | Group
---------------------------------------------------------------
      490 |   0.6004 |  7.330646e+05 |   -6.30% |  1.13e-09 |      
      500 |   0.5373 |  8.100757e+05 |  +10.51% |  1.65e-09 |      
      510 |   0.5153 |  8.004521e+05 |   -1.19% |  2.44e-09 |      
      520 |   0.4811 |  7.995227e+05 |   -0.12% |  3.59e-09 |      
      530 |   0.4497 |  7.781307e+05 |   -2.68% |  5.28e-09 |      
      540 |   0.4113 |  8.173209e+05 |   +5.04% |  7.76e-09 |      
      550 |   0.3785 |  8.098456e+05 |   -0.91% |  1.14e-08 |      
      560 |   0.3484 |  8.045054e+05 |   -0.66% |  1.68e-08 |      
      570 |   0.3137 |  8.138810e+05 |   +1.17% |  2.48e-08 |      
[INFO GPL-0040] Routability iteration: 3
[INFO GPL-0041] Total routing overflow: 85.9528
[INFO GPL-0042] Number of overflowed tiles: 1066 (10.45%)
[INFO GPL-0043] Average top 0.5% routing congestion: 1.2653
[INFO GPL-0044] Average top 1.0% routing congestion: 1.2317
[INFO GPL-0045] Average top 2.0% routing congestion: 1.1932
[INFO GPL-0046] Average top 5.0% routing congestion: 1.1357
[INFO GPL-0047] Routability iteration weighted routing congestion: 1.2485
[INFO GPL-0048] Routing congestion (1.2485) lower than previous minimum (1.277). Updating minimum.
[INFO GPL-0086] Inflated area:                9572.850 um^2 (+3.00%)
[INFO GPL-0052] Placement target density:       0.7246
[INFO GPL-0076] Removing fillers, count: Before: 2764, After: 1715 (-37.95%)
[INFO GPL-0077] Filler area (um^2)     : Before: 25207.058, After: 15640.414 (-37.95%)
[INFO GPL-0078] Removed fillers count: 1049, area removed: 9566.644 um^2. Remaining area to be compensated by modifying density: 6.206 um^2
[INFO GPL-0058] White space area:           474692.768 um^2 (+0.00%)
[INFO GPL-0059] Movable instances area:     343965.762 um^2 (+0.00%)
[INFO GPL-0060] Total filler area:           15640.414 um^2 (-37.95%)
[INFO GPL-0061] Total non-inflated area:    343975.611 um^2 (+0.00%)
[INFO GPL-0062] Total inflated area:        353548.461 um^2 (+0.00%)
[INFO GPL-0063] New Target Density:             0.7246
[INFO GPL-0087] Routability end iteration: increase inflation and revert back to snapshot.
Iteration | Overflow |     HPWL (um) |  HPWL(%) |   Penalty | Group
---------------------------------------------------------------
      580 |   0.5877 |  7.701943e+05 |   -5.37% |  1.17e-09 |      
      590 |   0.5342 |  8.548226e+05 |  +10.99% |  1.71e-09 |      
      600 |   0.5110 |  8.331165e+05 |   -2.54% |  2.52e-09 |      
      610 |   0.4749 |  8.418053e+05 |   +1.04% |  3.71e-09 |      
      620 |   0.4442 |  8.114714e+05 |   -3.60% |  5.46e-09 |      
      630 |   0.4056 |  8.578023e+05 |   +5.71% |  8.01e-09 |      
      640 |   0.3756 |  8.437784e+05 |   -1.63% |  1.18e-08 |      
      650 |   0.3446 |  8.338507e+05 |   -1.18% |  1.74e-08 |      
      660 |   0.3137 |  8.403306e+05 |   +0.78% |  2.56e-08 |      
[INFO GPL-0040] Routability iteration: 4
[INFO GPL-0041] Total routing overflow: 74.0416
[INFO GPL-0042] Number of overflowed tiles: 976 (9.57%)
[INFO GPL-0043] Average top 0.5% routing congestion: 1.2372
[INFO GPL-0044] Average top 1.0% routing congestion: 1.2080
[INFO GPL-0045] Average top 2.0% routing congestion: 1.1740
[INFO GPL-0046] Average top 5.0% routing congestion: 1.1219
[INFO GPL-0047] Routability iteration weighted routing congestion: 1.2226
[INFO GPL-0048] Routing congestion (1.2226) lower than previous minimum (1.248). Updating minimum.
[INFO GPL-0086] Inflated area:                8657.839 um^2 (+2.64%)
[INFO GPL-0052] Placement target density:       0.7246
[INFO GPL-0076] Removing fillers, count: Before: 1715, After: 766 (-55.34%)
[INFO GPL-0077] Filler area (um^2)     : Before: 15640.414, After: 6985.748 (-55.34%)
[INFO GPL-0078] Removed fillers count: 949, area removed: 8654.666 um^2. Remaining area to be compensated by modifying density: 3.172 um^2
[INFO GPL-0058] White space area:           474692.768 um^2 (+0.00%)
[INFO GPL-0059] Movable instances area:     343965.762 um^2 (+0.00%)
[INFO GPL-0060] Total filler area:            6985.748 um^2 (-55.34%)
[INFO GPL-0061] Total non-inflated area:    343978.783 um^2 (+0.00%)
[INFO GPL-0062] Total inflated area:        352636.622 um^2 (+0.00%)
[INFO GPL-0063] New Target Density:             0.7246
[INFO GPL-0087] Routability end iteration: increase inflation and revert back to snapshot.
Iteration | Overflow |     HPWL (um) |  HPWL(%) |   Penalty | Group
---------------------------------------------------------------
      670 |   0.5711 |  8.060628e+05 |   -4.08% |  1.22e-09 |      
      680 |   0.5291 |  9.019078e+05 |  +11.89% |  1.77e-09 |      
      690 |   0.5059 |  8.666738e+05 |   -3.91% |  2.61e-09 |      
      700 |   0.4713 |  8.729762e+05 |   +0.73% |  3.84e-09 |      
      710 |   0.4376 |  8.432992e+05 |   -3.40% |  5.65e-09 |      
      720 |   0.4015 |  8.901749e+05 |   +5.56% |  8.29e-09 |      
      730 |   0.3703 |  8.743834e+05 |   -1.77% |  1.22e-08 |      
      740 |   0.3395 |  8.587765e+05 |   -1.78% |  1.80e-08 |      
      750 |   0.3095 |  8.625466e+05 |   +0.44% |  2.65e-08 |      
[INFO GPL-0040] Routability iteration: 5
[INFO GPL-0041] Total routing overflow: 62.4519
[INFO GPL-0042] Number of overflowed tiles: 876 (8.59%)
[INFO GPL-0043] Average top 0.5% routing congestion: 1.2389
[INFO GPL-0044] Average top 1.0% routing congestion: 1.2024
[INFO GPL-0045] Average top 2.0% routing congestion: 1.1639
[INFO GPL-0046] Average top 5.0% routing congestion: 1.1068
[INFO GPL-0047] Routability iteration weighted routing congestion: 1.2206
[INFO GPL-0048] Routing congestion (1.2206) lower than previous minimum (1.223). Updating minimum.
[INFO GPL-0086] Inflated area:                7870.889 um^2 (+2.34%)
[INFO GPL-0052] Placement target density:       0.7246
[INFO GPL-0076] Removing fillers, count: Before: 766, After: 0 (-100.00%)
[INFO GPL-0077] Filler area (um^2)     : Before: 6985.748, After: 0.000 (-100.00%)
[INFO GPL-0078] Removed fillers count: 766, area removed: 6985.748 um^2. Remaining area to be compensated by modifying density: 885.141 um^2
[INFO GPL-0079] New target density: 0.7264992
[INFO GPL-0058] White space area:           474692.768 um^2 (+0.00%)
[INFO GPL-0059] Movable instances area:     344863.932 um^2 (+0.26%)
[INFO GPL-0060] Total filler area:               0.000 um^2 (-100.00%)
[INFO GPL-0061] Total non-inflated area:    344863.924 um^2 (+0.26%)
[INFO GPL-0062] Total inflated area:        352734.813 um^2 (+0.25%)
[INFO GPL-0063] New Target Density:             0.7265
[INFO GPL-0087] Routability end iteration: increase inflation and revert back to snapshot.
Iteration | Overflow |     HPWL (um) |  HPWL(%) |   Penalty | Group
---------------------------------------------------------------
      760 |   0.5537 |  8.444260e+05 |   -2.10% |  1.26e-09 |      
      770 |   0.5287 |  9.398600e+05 |  +11.30% |  1.84e-09 |      
      780 |   0.5016 |  8.982027e+05 |   -4.43% |  2.70e-09 |      
      790 |   0.4695 |  8.923577e+05 |   -0.65% |  3.98e-09 |      
      800 |   0.4347 |  8.732407e+05 |   -2.14% |  5.86e-09 |      
      810 |   0.3958 |  9.146922e+05 |   +4.75% |  8.58e-09 |      
      820 |   0.3672 |  9.006816e+05 |   -1.53% |  1.26e-08 |      
      830 |   0.3377 |  8.822894e+05 |   -2.04% |  1.86e-08 |      
      840 |   0.3060 |  8.855351e+05 |   +0.37% |  2.74e-08 |      
[INFO GPL-0040] Routability iteration: 6
[INFO GPL-0041] Total routing overflow: 52.4043
[INFO GPL-0042] Number of overflowed tiles: 839 (8.22%)
[INFO GPL-0043] Average top 0.5% routing congestion: 1.1972
[INFO GPL-0044] Average top 1.0% routing congestion: 1.1694
[INFO GPL-0045] Average top 2.0% routing congestion: 1.1386
[INFO GPL-0046] Average top 5.0% routing congestion: 1.0912
[INFO GPL-0047] Routability iteration weighted routing congestion: 1.1833
[INFO GPL-0048] Routing congestion (1.1833) lower than previous minimum (1.221). Updating minimum.
[INFO GPL-0086] Inflated area:                6124.462 um^2 (+1.78%)
[INFO GPL-0052] Placement target density:       0.7265
[INFO GPL-0076] Removing fillers, count: Before: 0, After: 0 (+0.00%)
[INFO GPL-0077] Filler area (um^2)     : Before: 0.000, After: 0.000 (+0.00%)
[INFO GPL-0078] Removed fillers count: 0, area removed: 0.000 um^2. Remaining area to be compensated by modifying density: 6124.462 um^2
[INFO GPL-0079] New target density: 0.7394011
[INFO GPL-0058] White space area:           474692.768 um^2 (+0.00%)
[INFO GPL-0059] Movable instances area:     350988.370 um^2 (+1.78%)
[INFO GPL-0060] Total filler area:               0.000 um^2 (+0.00%)
[INFO GPL-0061] Total non-inflated area:    350988.386 um^2 (+1.78%)
[INFO GPL-0062] Total inflated area:        357112.848 um^2 (+1.74%)
[INFO GPL-0063] New Target Density:             0.7394
[INFO GPL-0087] Routability end iteration: increase inflation and revert back to snapshot.
Iteration | Overflow |     HPWL (um) |  HPWL(%) |   Penalty | Group
---------------------------------------------------------------
      850 |   0.5499 |  8.553476e+05 |   -3.41% |  1.26e-09 |      
      860 |   0.5275 |  9.508324e+05 |  +11.16% |  1.83e-09 |      
      870 |   0.5004 |  9.090074e+05 |   -4.40% |  2.70e-09 |      
      880 |   0.4692 |  8.985250e+05 |   -1.15% |  3.98e-09 |      
      890 |   0.4328 |  8.817305e+05 |   -1.87% |  5.85e-09 |      
      900 |   0.3976 |  9.184586e+05 |   +4.17% |  8.58e-09 |      
      910 |   0.3651 |  9.063456e+05 |   -1.32% |  1.26e-08 |      
      920 |   0.3372 |  8.881832e+05 |   -2.00% |  1.86e-08 |      
      930 |   0.3084 |  8.883682e+05 |   +0.02% |  2.74e-08 |      
[INFO GPL-0040] Routability iteration: 7
[INFO GPL-0041] Total routing overflow: 48.8744
[INFO GPL-0042] Number of overflowed tiles: 810 (7.94%)
[INFO GPL-0043] Average top 0.5% routing congestion: 1.1866
[INFO GPL-0044] Average top 1.0% routing congestion: 1.1605
[INFO GPL-0045] Average top 2.0% routing congestion: 1.1304
[INFO GPL-0046] Average top 5.0% routing congestion: 1.0862
[INFO GPL-0047] Routability iteration weighted routing congestion: 1.1736
[INFO GPL-0048] Routing congestion (1.1736) lower than previous minimum (1.183). Updating minimum.
[INFO GPL-0086] Inflated area:                5919.785 um^2 (+1.69%)
[INFO GPL-0052] Placement target density:       0.7394
[INFO GPL-0076] Removing fillers, count: Before: 0, After: 0 (+0.00%)
[INFO GPL-0077] Filler area (um^2)     : Before: 0.000, After: 0.000 (+0.00%)
[INFO GPL-0078] Removed fillers count: 0, area removed: 0.000 um^2. Remaining area to be compensated by modifying density: 5919.785 um^2
[INFO GPL-0079] New target density: 0.75187194
[INFO GPL-0058] White space area:           474692.768 um^2 (+0.00%)
[INFO GPL-0059] Movable instances area:     356908.171 um^2 (+1.69%)
[INFO GPL-0060] Total filler area:               0.000 um^2 (+0.00%)
[INFO GPL-0061] Total non-inflated area:    356908.171 um^2 (+1.69%)
[INFO GPL-0062] Total inflated area:        362827.956 um^2 (+1.66%)
[INFO GPL-0063] New Target Density:             0.7519
[INFO GPL-0087] Routability end iteration: increase inflation and revert back to snapshot.
Iteration | Overflow |     HPWL (um) |  HPWL(%) |   Penalty | Group
---------------------------------------------------------------
      940 |   0.5461 |  8.656038e+05 |   -2.56% |  1.26e-09 |      
      950 |   0.5244 |  9.598079e+05 |  +10.88% |  1.83e-09 |      
      960 |   0.4970 |  9.179441e+05 |   -4.36% |  2.70e-09 |      
      970 |   0.4670 |  9.047496e+05 |   -1.44% |  3.97e-09 |      
      980 |   0.4289 |  8.902628e+05 |   -1.60% |  5.84e-09 |      
      990 |   0.3973 |  9.235894e+05 |   +3.74% |  8.57e-09 |      
     1000 |   0.3661 |  9.107786e+05 |   -1.39% |  1.26e-08 |      
     1010 |   0.3345 |  8.925346e+05 |   -2.00% |  1.86e-08 |      
     1020 |   0.3048 |  8.940546e+05 |   +0.17% |  2.74e-08 |      
[INFO GPL-0040] Routability iteration: 8
[INFO GPL-0041] Total routing overflow: 47.7264
[INFO GPL-0042] Number of overflowed tiles: 813 (7.97%)
[INFO GPL-0043] Average top 0.5% routing congestion: 1.1773
[INFO GPL-0044] Average top 1.0% routing congestion: 1.1542
[INFO GPL-0045] Average top 2.0% routing congestion: 1.1273
[INFO GPL-0046] Average top 5.0% routing congestion: 1.0843
[INFO GPL-0047] Routability iteration weighted routing congestion: 1.1658
[INFO GPL-0048] Routing congestion (1.1658) lower than previous minimum (1.174). Updating minimum.
[INFO GPL-0086] Inflated area:                5821.426 um^2 (+1.63%)
[INFO GPL-0052] Placement target density:       0.7519
[INFO GPL-0076] Removing fillers, count: Before: 0, After: 0 (+0.00%)
[INFO GPL-0077] Filler area (um^2)     : Before: 0.000, After: 0.000 (+0.00%)
[INFO GPL-0078] Removed fillers count: 0, area removed: 0.000 um^2. Remaining area to be compensated by modifying density: 5821.426 um^2
[INFO GPL-0079] New target density: 0.7641355
[INFO GPL-0058] White space area:           474692.768 um^2 (+0.00%)
[INFO GPL-0059] Movable instances area:     362729.603 um^2 (+1.63%)
[INFO GPL-0060] Total filler area:               0.000 um^2 (+0.00%)
[INFO GPL-0061] Total non-inflated area:    362729.597 um^2 (+1.63%)
[INFO GPL-0062] Total inflated area:        368551.023 um^2 (+1.60%)
[INFO GPL-0063] New Target Density:             0.7641
[INFO GPL-0087] Routability end iteration: increase inflation and revert back to snapshot.
Iteration | Overflow |     HPWL (um) |  HPWL(%) |   Penalty | Group
---------------------------------------------------------------
     1030 |   0.5316 |  8.921779e+05 |   -0.21% |  1.30e-09 |      
     1040 |   0.5212 |  9.666614e+05 |   +8.35% |  1.90e-09 |      
     1050 |   0.4917 |  9.295512e+05 |   -3.84% |  2.80e-09 |      
     1060 |   0.4636 |  8.997320e+05 |   -3.21% |  4.13e-09 |      
     1070 |   0.4234 |  9.091722e+05 |   +1.05% |  6.06e-09 |      
     1080 |   0.3941 |  9.242436e+05 |   +1.66% |  8.90e-09 |      
     1090 |   0.3610 |  9.130063e+05 |   -1.22% |  1.31e-08 |      
     1100 |   0.3279 |  9.006591e+05 |   -1.35% |  1.93e-08 |      
     1110 |   0.3014 |  8.964506e+05 |   -0.47% |  2.84e-08 |      
[INFO GPL-0040] Routability iteration: 9
[INFO GPL-0041] Total routing overflow: 48.2942
[INFO GPL-0042] Number of overflowed tiles: 823 (8.07%)
[INFO GPL-0043] Average top 0.5% routing congestion: 1.1835
[INFO GPL-0044] Average top 1.0% routing congestion: 1.1584
[INFO GPL-0045] Average top 2.0% routing congestion: 1.1284
[INFO GPL-0046] Average top 5.0% routing congestion: 1.0856
[INFO GPL-0047] Routability iteration weighted routing congestion: 1.1710
[INFO GPL-0049] Routing congestion (1.1710) higher than minimum (1.1658). Consecutive non-improvement count: 1.
[INFO GPL-0086] Inflated area:                5857.796 um^2 (+1.61%)
[INFO GPL-0052] Placement target density:       0.7641
[INFO GPL-0076] Removing fillers, count: Before: 0, After: 0 (+0.00%)
[INFO GPL-0077] Filler area (um^2)     : Before: 0.000, After: 0.000 (+0.00%)
[INFO GPL-0078] Removed fillers count: 0, area removed: 0.000 um^2. Remaining area to be compensated by modifying density: 5857.796 um^2
[INFO GPL-0079] New target density: 0.77647567
[INFO GPL-0058] White space area:           474692.768 um^2 (+0.00%)
[INFO GPL-0059] Movable instances area:     368587.407 um^2 (+1.61%)
[INFO GPL-0060] Total filler area:               0.000 um^2 (+0.00%)
[INFO GPL-0061] Total non-inflated area:    368587.393 um^2 (+1.61%)
[INFO GPL-0062] Total inflated area:        374445.189 um^2 (+1.59%)
[INFO GPL-0063] New Target Density:             0.7765
[INFO GPL-0087] Routability end iteration: increase inflation and revert back to snapshot.
Iteration | Overflow |     HPWL (um) |  HPWL(%) |   Penalty | Group
---------------------------------------------------------------
     1120 |   0.5212 |  9.188952e+05 |   +2.50% |  1.35e-09 |      
     1130 |   0.5160 |  9.707306e+05 |   +5.64% |  1.98e-09 |      
     1140 |   0.4856 |  9.425571e+05 |   -2.90% |  2.91e-09 |      
     1150 |   0.4622 |  8.954255e+05 |   -5.00% |  4.28e-09 |      
     1160 |   0.4161 |  9.270988e+05 |   +3.54% |  6.29e-09 |      
     1170 |   0.3881 |  9.247865e+05 |   -0.25% |  9.24e-09 |      
     1180 |   0.3577 |  9.121328e+05 |   -1.37% |  1.36e-08 |      
     1190 |   0.3255 |  9.084973e+05 |   -0.40% |  2.00e-08 |      
     1200 |   0.2973 |  9.011170e+05 |   -0.81% |  2.95e-08 |      
[INFO GPL-0040] Routability iteration: 10
[INFO GPL-0041] Total routing overflow: 48.6532
[INFO GPL-0042] Number of overflowed tiles: 829 (8.13%)
[INFO GPL-0043] Average top 0.5% routing congestion: 1.1879
[INFO GPL-0044] Average top 1.0% routing congestion: 1.1564
[INFO GPL-0045] Average top 2.0% routing congestion: 1.1254
[INFO GPL-0046] Average top 5.0% routing congestion: 1.0844
[INFO GPL-0047] Routability iteration weighted routing congestion: 1.1722
[INFO GPL-0049] Routing congestion (1.1722) higher than minimum (1.1658). Consecutive non-improvement count: 2.
[INFO GPL-0086] Inflated area:                6231.106 um^2 (+1.69%)
[INFO GPL-0052] Placement target density:       0.7765
[INFO GPL-0076] Removing fillers, count: Before: 0, After: 0 (+0.00%)
[INFO GPL-0077] Filler area (um^2)     : Before: 0.000, After: 0.000 (+0.00%)
[INFO GPL-0078] Removed fillers count: 0, area removed: 0.000 um^2. Remaining area to be compensated by modifying density: 6231.106 um^2
[INFO GPL-0079] New target density: 0.7896023
[INFO GPL-0058] White space area:           474692.768 um^2 (+0.00%)
[INFO GPL-0059] Movable instances area:     374818.505 um^2 (+1.69%)
[INFO GPL-0060] Total filler area:               0.000 um^2 (+0.00%)
[INFO GPL-0061] Total non-inflated area:    374818.499 um^2 (+1.69%)
[INFO GPL-0062] Total inflated area:        381049.605 um^2 (+1.66%)
[INFO GPL-0063] New Target Density:             0.7896
[INFO GPL-0087] Routability end iteration: increase inflation and revert back to snapshot.
Iteration | Overflow |     HPWL (um) |  HPWL(%) |   Penalty | Group
---------------------------------------------------------------
     1210 |   0.5137 |  9.470185e+05 |   +5.09% |  1.40e-09 |      
     1220 |   0.5123 |  9.734808e+05 |   +2.79% |  2.05e-09 |      
     1230 |   0.4792 |  9.565329e+05 |   -1.74% |  3.02e-09 |      
     1240 |   0.4576 |  8.946476e+05 |   -6.47% |  4.45e-09 |      
     1250 |   0.4089 |  9.410390e+05 |   +5.19% |  6.53e-09 |      
     1260 |   0.3853 |  9.265685e+05 |   -1.54% |  9.60e-09 |      
     1270 |   0.3572 |  9.115496e+05 |   -1.62% |  1.41e-08 |      
     1280 |   0.3233 |  9.120875e+05 |   +0.06% |  2.08e-08 |      
[INFO GPL-0040] Routability iteration: 11
[INFO GPL-0041] Total routing overflow: 46.3829
[INFO GPL-0042] Number of overflowed tiles: 779 (7.64%)
[INFO GPL-0043] Average top 0.5% routing congestion: 1.1884
[INFO GPL-0044] Average top 1.0% routing congestion: 1.1592
[INFO GPL-0045] Average top 2.0% routing congestion: 1.1276
[INFO GPL-0046] Average top 5.0% routing congestion: 1.0828
[INFO GPL-0047] Routability iteration weighted routing congestion: 1.1738
[INFO GPL-0049] Routing congestion (1.1738) higher than minimum (1.1658). Consecutive non-improvement count: 3.
[INFO GPL-0086] Inflated area:                6162.491 um^2 (+1.64%)
[INFO GPL-0052] Placement target density:       0.7896
[INFO GPL-0076] Removing fillers, count: Before: 0, After: 0 (+0.00%)
[INFO GPL-0077] Filler area (um^2)     : Before: 0.000, After: 0.000 (+0.00%)
[INFO GPL-0078] Removed fillers count: 0, area removed: 0.000 um^2. Remaining area to be compensated by modifying density: 6162.491 um^2
[INFO GPL-0079] New target density: 0.80258435
[INFO GPL-0054] No improvement in routing congestion for 3 consecutive iterations (limit is 3).
[INFO GPL-0055] Reverting inflation values and target density from the iteration with minimum observed routing congestion.
[INFO GPL-0056] Minimum observed routing congestion: 1.1658
[INFO GPL-0057] Target density at minimum routing congestion: 0.7519
[INFO GPL-0080] Restoring 0 previously removed fillers.
[INFO GPL-0089] Routability finished. Reverting to minimal observed routing congestion, could not reach target.
Iteration | Overflow |     HPWL (um) |  HPWL(%) |   Penalty | Group
---------------------------------------------------------------
     1290 |   0.6138 |  7.069403e+05 |  -22.49% |  1.05e-09 |      
     1300 |   0.5070 |  9.405064e+05 |  +33.04% |  1.52e-09 |      
     1310 |   0.4971 |  9.306694e+05 |   -1.05% |  2.23e-09 |      
     1320 |   0.4645 |  9.223912e+05 |   -0.89% |  3.28e-09 |      
     1330 |   0.4399 |  8.676929e+05 |   -5.93% |  4.83e-09 |      
     1340 |   0.3971 |  9.143765e+05 |   +5.38% |  7.08e-09 |      
     1350 |   0.3725 |  9.074301e+05 |   -0.76% |  1.04e-08 |      
     1360 |   0.3385 |  8.950651e+05 |   -1.36% |  1.53e-08 |      
     1370 |   0.3073 |  8.960853e+05 |   +0.11% |  2.26e-08 |      
     1380 |   0.2808 |  8.898083e+05 |   -0.70% |  3.33e-08 |      
     1390 |   0.2519 |  8.854473e+05 |   -0.49% |  4.90e-08 |      
     1400 |   0.2260 |  8.838992e+05 |   -0.17% |  7.22e-08 |      
     1410 |   0.2004 |  8.841800e+05 |   +0.03% |  1.06e-07 |      
[INFO GPL-0100] Timing-driven iteration 2/2, virtual: false.
[INFO GPL-0101]    Iter: 1414, overflow: 0.192, keep resizer changes at: 1, HPWL: 884600253
Iteration |   Area    | Resized | Buffers | Nets repaired | Remaining
---------------------------------------------------------------------
        0 |     +0.0% |       0 |       0 |             0 |     30984
    final |     +0.2% |      29 |      29 |            36 |         0
---------------------------------------------------------------------
[INFO RSZ-0034] Found 35 slew violations.
[INFO RSZ-0036] Found 5 capacitance violations.
[INFO RSZ-0039] Resized 29 instances.
[INFO RSZ-0038] Inserted 29 buffers in 36 nets.
   Iter   |    Area   | Removed | Inserted |   Pins
          |           | Buffers | Buffers  | Remaining
-------------------------------------------------------
        0 |     +0.0% |       0 |        0 |     27681
     2700 |     -0.0% |     169 |      158 |     24981
     5400 |     +0.1% |     400 |      436 |     22281
     8100 |     +0.1% |     656 |      668 |     19581
    10800 |     +0.1% |     746 |      767 |     16881
    13500 |     +0.1% |     866 |      901 |     14181
    16200 |     +0.2% |     975 |     1027 |     11481
    18900 |     +0.3% |    1159 |     1253 |      8781
    21600 |     +0.4% |    1234 |     1366 |      6081
    24300 |     +0.8% |    1456 |     1703 |      3381
    27000 |     +1.4% |    1464 |     1933 |       681
    final |     +1.5% |    1482 |     2001 |         0
-------------------------------------------------------
[INFO GPL-0106] Timing-driven: worst slack -3.6949999e-09
[INFO GPL-0107] Timing-driven: repair_design delta area: 1542.839 um^2 (+0.41%)
[INFO GPL-0108] Timing-driven: repair_design, gpl delta gcells: 548 (+1.81%)
[INFO GPL-0109] Timing-driven: repair_design, gcells created: 2030, deleted: 1482
[INFO GPL-0110] Timing-driven: new target density: 0.7928525
Iteration | Overflow |     HPWL (um) |  HPWL(%) |   Penalty | Group
---------------------------------------------------------------
     1420 |   0.1695 |  9.547627e+05 |   +7.98% |  1.55e-07 |      
     1430 |   0.1457 |  9.423928e+05 |   -1.30% |  2.29e-07 |      
     1440 |   0.1243 |  9.356218e+05 |   -0.72% |  3.37e-07 |      
     1450 |   0.1016 |  9.322719e+05 |   -0.36% |  4.97e-07 |      
     1451 |   0.0992 |  9.320783e+05 |          |  5.37e-07 |      
---------------------------------------------------------------
[INFO GPL-1001] Global placement finished at iteration 1451
[INFO GPL-1017] Routability mode iteration count: 1041
[INFO GPL-1005] Routability final weighted congestion: 1.1523
[INFO GPL-1002] Placed Cell Area            358451.0108
[INFO GPL-1003] Available Free Area         474692.7680
[INFO GPL-1004] Minimum Feasible Density        0.5800 (cell_area / free_area)
[INFO GPL-1006]   Suggested Target Densities:
[INFO GPL-1007]     - For 90% usage of free space: 0.8390
[INFO GPL-1008]     - For 80% usage of free space: 0.9439
[INFO GPL-1011] Original area (um^2): 270991.83
[INFO GPL-1012] Total routability artificial inflation: 71862.03 (+26.52%)
[INFO GPL-1013] Total timing-driven delta area: 15597.15 (+5.76%)
[INFO GPL-1014] Final placement area: 358451.01 (+32.27%)
Took 107 seconds: global_placement -density 0.6949999874830246 -pad_left 0 -pad_right 0 -routability_driven -timing_driven -force_center_initial_place -min_phi_coef 0.95 -max_phi_coef 1.05
estimate_parasitics -placement
Report metrics stage 3, global place...

==========================================================================
global place report_design_area
--------------------------------------------------------------------------
Design area 273908 um^2 57% utilization.
write_db /work/results/sky130hd/m7_j3/p13p0/3_3_place_gp.odb
Elapsed time: 1:53.29[h:]min:sec. CPU time: user 2596.16 sys 22.90 (2311%). Peak memory: 650224KB.
Log                       Ext     Elapsed/s Peak Memory/MB sha1sum result [0:20)
3_3_place_gp              .odb          113            634 a5875461394818b44809
/OpenROAD-flow-scripts/flow/scripts/flow.sh 3_4_place_resized resize
Running resize.tcl, stage 3_4_place_resized
read_liberty /OpenROAD-flow-scripts/flow/platforms/sky130hd/lib/sky130_fd_sc_hd__tt_025C_1v80.lib
read_db -hier /work/results/sky130hd/m7_j3/p13p0/3_3_place_gp.odb
[WARNING ORD-0012] Hierarchical flow (-hier) is currently in development and may cause multiple issues. Do not use in production environments.
read_sdc /work/results/sky130hd/m7_j3/p13p0/2_floorplan.sdc
source /OpenROAD-flow-scripts/flow/platforms/sky130hd/setRC.tcl
estimate_parasitics -placement
replace_arith_modules -path_count 1000 -target setup -slack_threshold 0.0
[INFO RSZ-0151] Starting arithmetic module replacement to optimize 'setup' target
[INFO RSZ-0152] Analyzing 1000 critical paths with slack < 0.00
[INFO RSZ-0153] Identified 1 violating endpoints
[INFO RSZ-0154] Identified 2 critical arithmetic instances
[WARNING ODB-0453] The modules cannot be swapped because module ALU_30_0_32_0_32_unused_CO\[30:0\]_Y_HAN_CARLSON__21155_ has 112 ports but module ALU_30_0_32_0_32_unused_CO\[30:0\]_Y_KOGGE_STONE has 100 ports.
[WARNING ODB-0453] The modules cannot be swapped because module ALU_33_0_33_0_33_unused_CO_X_Y\[0\]_HAN_CARLSON has 104 ports but module ALU_33_0_33_0_33_unused_CO_X_Y\[0\]_KOGGE_STONE has 103 ports.
[INFO RSZ-0160] 0 arithmetic instances have swapped to improve 'setup' target
[INFO GPL-0083] Execute incremental mode global placement.
[INFO GPL-0001] ---- Initialize GPL Main Data Structures
[INFO GPL-0002] DBU: 1000
[INFO GPL-0003] SiteSize: (  0.460  2.720 ) um
[INFO GPL-0004] CoreBBox: (  1.380  2.720 ) ( 697.360 696.320 ) um
[INFO GPL-0016] Core area:                  482731.728 um^2
[INFO GPL-0036] Movable instances area:     265868.739 um^2
[INFO GPL-0037] Total instances area:       273907.699 um^2
[INFO GPL-0035] Pin density area adjust:     24668.870 um^2
[INFO GPL-0032] ---- Initialize Region: Top-level
[INFO GPL-0006] Number of instances:             37256
[INFO GPL-0007] Movable instances:               30831
[INFO GPL-0008] Fixed instances:                  6425
[INFO GPL-0009] Dummy instances:                     0
[INFO GPL-0010] Number of nets:                  31026
[INFO GPL-0011] Number of pins:                 111599
[INFO GPL-0012] Die BBox:       (  0.000  0.000 ) ( 698.420 698.420 ) um
[INFO GPL-0013] Placement BBox: (  1.380  2.720 ) ( 697.360 696.320 ) um
[INFO GPL-0014] Region name: top-level.
[INFO GPL-0015] Region area:                482731.728 um^2
[INFO GPL-0017] Fixed instances area:         8038.960 um^2
[INFO GPL-0018] Movable instances area:     290537.609 um^2
[INFO GPL-0019] Utilization:                    61.205 %
[INFO GPL-0020] Standard cells area:        290537.609 um^2
[INFO GPL-0021] Large instances area:            0.000 um^2
[INFO GPL-0154] Identified 30831 placed instances
[INFO GPL-0155] Identified 0 not placed instances
[INFO GPL-0156] Identified all instances as placed. Skipping incremental mode
Perform buffer insertion and gate resizing...
repair_design -verbose -match_cell_footprint
Iteration |   Area    | Resized | Buffers | Nets repaired | Remaining
---------------------------------------------------------------------
        0 |     +0.0% |       0 |       0 |             0 |     31532
     1000 |     +0.0% |       0 |       0 |             0 |     30532
     2000 |     +0.0% |       0 |       0 |             0 |     29532
     3000 |     +0.0% |       0 |       0 |             0 |     28532
     4000 |     +0.0% |       0 |       0 |             0 |     27532
     5000 |     +0.0% |       0 |       0 |             0 |     26532
     6000 |     +0.0% |       0 |       0 |             0 |     25532
     7000 |     +0.0% |       0 |       0 |             0 |     24532
     8000 |     +0.0% |       0 |       0 |             0 |     23532
     9000 |     +0.0% |       0 |       0 |             0 |     22532
    10000 |     +0.0% |       0 |       0 |             0 |     21532
    11000 |     +0.0% |       0 |       0 |             0 |     20532
    12000 |     +0.0% |       0 |       0 |             0 |     19532
    13000 |     +0.0% |       0 |       0 |             0 |     18532
    14000 |     +0.0% |       0 |       0 |             0 |     17532
    15000 |     +0.0% |       0 |       0 |             0 |     16532
    16000 |     +0.0% |       0 |       0 |             0 |     15532
    17000 |     +0.0% |       0 |       0 |             0 |     14532
    18000 |     +0.0% |       0 |       0 |             0 |     13532
    19000 |     +0.0% |       0 |       0 |             0 |     12532
    20000 |     +0.0% |       0 |       0 |             0 |     11532
    21000 |     +0.0% |       0 |       0 |             0 |     10532
    22000 |     +0.0% |       0 |       0 |             0 |      9532
    23000 |     +0.0% |       0 |       0 |             0 |      8532
    24000 |     +0.0% |       0 |       0 |             0 |      7532
    25000 |     +0.0% |       0 |       0 |             0 |      6532
    26000 |     +0.0% |       0 |       0 |             0 |      5532
    27000 |     +0.0% |       0 |       0 |             0 |      4532
    28000 |     +0.0% |       0 |       0 |             0 |      3532
    29000 |     +0.0% |       0 |       0 |             0 |      2532
    30000 |     +0.0% |       0 |       0 |             0 |      1532
    31000 |     +0.0% |       0 |       0 |             0 |       532
    final |     +0.0% |       0 |       0 |             0 |         0
---------------------------------------------------------------------
[INFO RSZ-0504] Runtime: 1.92s
Floating nets: 
Report metrics stage 3, resizer...

==========================================================================
resizer report_design_area
--------------------------------------------------------------------------
Design area 273908 um^2 57% utilization.
Instance count before 37256, after 37256
Pin count before 111829, after 111829
write_db /work/results/sky130hd/m7_j3/p13p0/3_4_place_resized.odb
Elapsed time: 0:10.88[h:]min:sec. CPU time: user 16.76 sys 8.19 (229%). Peak memory: 307508KB.
Log                       Ext     Elapsed/s Peak Memory/MB sha1sum result [0:20)
3_4_place_resized         .odb           10            300 94c7ef07dddab66e954d
/OpenROAD-flow-scripts/flow/scripts/flow.sh 3_5_place_dp detail_place
Running detail_place.tcl, stage 3_5_place_dp
read_liberty /OpenROAD-flow-scripts/flow/platforms/sky130hd/lib/sky130_fd_sc_hd__tt_025C_1v80.lib
read_db -hier /work/results/sky130hd/m7_j3/p13p0/3_4_place_resized.odb
[WARNING ORD-0012] Hierarchical flow (-hier) is currently in development and may cause multiple issues. Do not use in production environments.
read_sdc /work/results/sky130hd/m7_j3/p13p0/2_floorplan.sdc
source /OpenROAD-flow-scripts/flow/platforms/sky130hd/setRC.tcl
detailed_placement
[INFO DPL-0006] Core area: 482731.73 um^2
[INFO DPL-0007] Movable instances area: 265868.74 um^2
[INFO DPL-0008] Fixed instances area within core: 8038.96 um^2
[INFO DPL-0009] Utilization: 56.7%
[INFO DPL-0005] Diamond search max displacement: +/- 500 sites horizontally, +/- 100 rows vertically.
[INFO DPL-1102] Legalizing using negotiation legalizer.
[INFO DPL-1103] Negotiation base search window: +/-20 sites horizontally, +/-5 rows vertically 
	Automatic search window extension enabled.
	Search window extendable up to the max displacement cap of +/-500 sites, +/-100 rows near walls.
[INFO DPL-1104] NegotiationLegalizer DRC penalty: 5.
[INFO DPL-0392] Negotiation cell height distribution (1 unique row-count(s)):
[INFO DPL-0393]   height 1 row(s): 37256 cells
          |      Total |  Illegal |  Illegal
Iteration | Violations |    Cells |    Sites
---------------------------------------------
        0 |       2474 |       560 |      1911
        1 |        697 |        91 |       606
        2 |        540 |        56 |       484
        3 |        330 |        26 |       304
        4 |        160 |        18 |       142
        5 |         64 |         8 |        56
        6 |          8 |         2 |         6
        7 |          0 |         0 |         0
Negotiation phase 1 converged at iteration 7.
[INFO DPL-0500] Runtime: 0.47s
Placement Analysis
---------------------------------
total displacement     105545.5 u
average displacement        2.8 u
max displacement           33.5 u
original HPWL          933229.0 u
legalized HPWL        1031274.0 u
delta HPWL                   11 %

improve_placement -max_displacement "5 1"
Detailed placement improvement.
[INFO DPL-0401] Setting random seed to 1.
[INFO DPL-0402] Setting maximum displacement 5 1 to 13600 2720 units.
[INFO DPL-0320] Collected 6701 fixed cells.
[INFO DPL-0318] Collected 30831 single height cells.
[INFO DPL-0321] Collected 0 wide cells.
[INFO DPL-0322] Image (1380, 2720) - (697360, 696320)
[INFO DPL-0310] Assigned 30831 cells into segments.  Movement in X-direction is 0.000000, movement in Y-direction is 0.000000.
[INFO DPL-0313] Found 0 cells in wrong regions.
[INFO DPL-0315] Found 0 row alignment problems.
[INFO DPL-0314] Found 0 site alignment problems.
[INFO DPL-0311] Found 0 overlaps between adjacent cells.
[INFO DPL-0312] Found 0 edge spacing violations and 0 padding violations.
[INFO DPL-0303] Running algorithm for independent set matching.
[INFO DPL-0300] Set matching objective is wirelength.
[INFO DPL-0301] Pass   1 of matching; objective is 1.031223e+09.
[INFO DPL-0302] End of matching; objective is 1.030520e+09, improvement is 0.07 percent.
[INFO DPL-0303] Running algorithm for global swaps.
[INFO DPL-0306] Pass   1 of global swaps; hpwl is 1.015440e+09.
[INFO DPL-0306] Pass   2 of global swaps; hpwl is 1.012570e+09.
[INFO DPL-0307] End of global swaps; objective is 1.012570e+09, improvement is 1.74 percent.
[INFO DPL-0303] Running algorithm for vertical swaps.
[INFO DPL-0308] Pass   1 of vertical swaps; hpwl is 1.008402e+09.
[INFO DPL-0309] End of vertical swaps; objective is 1.008402e+09, improvement is 0.41 percent.
[INFO DPL-0303] Running algorithm for reordering.
[INFO DPL-0304] Pass   1 of reordering; objective is 1.007595e+09.
[INFO DPL-0305] End of reordering; objective is 1.007595e+09, improvement is 0.08 percent.
[INFO DPL-0303] Running algorithm for random improvement.
[INFO DPL-0324] Random improver is using random generator.
[INFO DPL-0325] Random improver is using hpwl objective.
[INFO DPL-0326] Random improver cost string is (a).
[INFO DPL-0332] End of pass, Generator random called 616620 times.
[INFO DPL-0335] Generator random, Cumulative attempts 616620, swaps 88500, moves 162332 since last reset.
[INFO DPL-0333] End of pass, Objective hpwl, Initial cost 1.002926e+09, Scratch cost 9.918578e+08, Incremental cost 9.918578e+08, Mismatch? N
[INFO DPL-0338] End of pass, Total cost is 9.918578e+08.
[INFO DPL-0327] Pass   1 of random improver; improvement in cost is 1.10 percent.
[INFO DPL-0332] End of pass, Generator random called 616620 times.
[INFO DPL-0335] Generator random, Cumulative attempts 1233240, swaps 173543, moves 324144 since last reset.
[INFO DPL-0333] End of pass, Objective hpwl, Initial cost 9.918578e+08, Scratch cost 9.877198e+08, Incremental cost 9.877198e+08, Mismatch? N
[INFO DPL-0338] End of pass, Total cost is 9.877198e+08.
[INFO DPL-0327] Pass   2 of random improver; improvement in cost is 0.42 percent.
[INFO DPL-0328] End of random improver; improvement is 1.516197 percent.
[INFO DPL-0380] Cell flipping.
[INFO DPL-0382] Changed 0 cell orientations for row compatibility.
[INFO DPL-0383] Performed 8731 cell flips.
[INFO DPL-0384] End of flipping; objective is 9.802575e+08, improvement is 1.22 percent.
[INFO DPL-0313] Found 0 cells in wrong regions.
[INFO DPL-0315] Found 0 row alignment problems.
[INFO DPL-0314] Found 0 site alignment problems.
[INFO DPL-0311] Found 0 overlaps between adjacent cells.
[INFO DPL-0312] Found 0 edge spacing violations and 0 padding violations.
Detailed Improvement Results
------------------------------------------
Original HPWL          1031274.0 u (  449922.5,   581351.5)
Final HPWL              980134.8 u (  437677.0,   542457.8)
Delta HPWL                  -5.0 % (      -2.7,       -6.7)

Took 5 seconds: improve_placement -max_displacement "5 1"
optimize_mirroring
[INFO DPL-0020] Mirrored 1546 instances
[INFO DPL-0021] HPWL before          980134.8 u
[INFO DPL-0022] HPWL after           979703.3 u
[INFO DPL-0023] HPWL delta               -0.0 %
[INFO FLW-0012] Placement violations .
estimate_parasitics -placement
Report metrics stage 3, detailed place...

==========================================================================
detailed place report_design_area
--------------------------------------------------------------------------
Design area 273908 um^2 57% utilization.
write_db /work/results/sky130hd/m7_j3/p13p0/3_5_place_dp.odb
write_sdc -no_timestamp /work/results/sky130hd/m7_j3/p13p0/3_place.sdc
Elapsed time: 0:14.17[h:]min:sec. CPU time: user 19.51 sys 7.38 (189%). Peak memory: 349696KB.
Log                       Ext     Elapsed/s Peak Memory/MB sha1sum result [0:20)
3_5_place_dp              .odb           14            341 dc08c264d90e7b702d01
cp /work/results/sky130hd/m7_j3/p13p0/3_5_place_dp.odb /work/results/sky130hd/m7_j3/p13p0/3_place.odb
/OpenROAD-flow-scripts/flow/scripts/flow.sh 4_1_cts cts
Running cts.tcl, stage 4_1_cts
read_liberty /OpenROAD-flow-scripts/flow/platforms/sky130hd/lib/sky130_fd_sc_hd__tt_025C_1v80.lib
read_db -hier /work/results/sky130hd/m7_j3/p13p0/3_place.odb
[WARNING ORD-0012] Hierarchical flow (-hier) is currently in development and may cause multiple issues. Do not use in production environments.
read_sdc /work/results/sky130hd/m7_j3/p13p0/3_place.sdc
source /OpenROAD-flow-scripts/flow/platforms/sky130hd/setRC.tcl
clock_tree_synthesis -sink_clustering_enable -repair_clock_nets -sink_clustering_size 20 -sink_clustering_max_diameter 50
[INFO CTS-0050] Root buffer is sky130_fd_sc_hd__clkbuf_16.
[INFO CTS-0051] Sink buffer is sky130_fd_sc_hd__clkbuf_16.
[INFO CTS-0052] The following clock buffers will be used for CTS:
                    sky130_fd_sc_hd__clkbuf_16
[INFO CTS-0049] Characterization buffer is sky130_fd_sc_hd__clkbuf_16.
[INFO CTS-0007] Net "clk" found for clock "core_clock".
[INFO CTS-0011]  Clock net "clk" for macros has 1 sinks.
[INFO CTS-0011]  Clock net "clk_regs" for registers has 697 sinks.
[INFO CTS-0010]  Clock net "_14199_" has 2190 sinks.
[INFO CTS-0008] TritonCTS found 3 clock nets.
[INFO CTS-0097] Characterization used 1 buffer(s) types.
[INFO CTS-0201] 0 blockages from hard placement blockages and placed macros will be used.
[INFO CTS-0027] Generating H-Tree topology for net clk.
[INFO CTS-0028]  Total number of sinks: 1.
[INFO CTS-0060]  Macro  sinks will be clustered in groups of up to 4 and based on buffer max cap.
[INFO CTS-0030]  Number of static layers: 0.
[INFO CTS-0020]  Wire segment unit: 13600  dbu (13 um).
[INFO CTS-0023]  Original sink region: [(302917, 311650), (302917, 311650)].
[INFO CTS-0024]  Normalized sink region: [(22.2733, 22.9154), (22.2733, 22.9154)].
[INFO CTS-0025]     Width:  0.0000.
[INFO CTS-0026]     Height: 0.0000.
 Level 1
    Direction: Vertical
    Sinks per sub-region: 1
    Sub-region size: 0.0000 X 0.0000
[INFO CTS-0034]     Segment length (rounded): 1.
[INFO CTS-0038]  Stop criterion found. Sink region hpwl is smaller than max wirelength (1911.535 um) and max number of sinks is 15.
[INFO CTS-0035]  Number of sinks covered: 1.
[INFO CTS-0201] 0 blockages from hard placement blockages and placed macros will be used.
[INFO CTS-0027] Generating H-Tree topology for net clk_regs.
[INFO CTS-0028]  Total number of sinks: 697.
[INFO CTS-0029]  Register sinks will be clustered in groups of up to 20 and with maximum cluster diameter of 50.0 um.
[INFO CTS-0030]  Number of static layers: 0.
[INFO CTS-0020]  Wire segment unit: 13600  dbu (13 um).
[INFO CTS-0204] A clustering solution was found from clustering size of 20 and clustering diameter of 50.
[INFO CTS-0205] Better solution may be possible if either -sink_clustering_size, -sink_clustering_max_diameter, or both options are omitted to enable automatic clustering.
[INFO CTS-0019]  Total number of sinks after clustering: 51.
[INFO CTS-0024]  Normalized sink region: [(0.808701, 1.29779), (32.8931, 50.4667)].
[INFO CTS-0025]     Width:  32.0844.
[INFO CTS-0026]     Height: 49.1689.
 Level 1
    Direction: Vertical
    Sinks per sub-region: 26
    Sub-region size: 32.0844 X 24.5844
[INFO CTS-0034]     Segment length (rounded): 12.
 Level 2
    Direction: Horizontal
    Sinks per sub-region: 13
    Sub-region size: 16.0422 X 24.5844
[INFO CTS-0034]     Segment length (rounded): 8.
[INFO CTS-0038]  Stop criterion found. Sink region hpwl is smaller than max wirelength (1911.535 um) and max number of sinks is 15.
[INFO CTS-0035]  Number of sinks covered: 51.
[INFO CTS-0201] 0 blockages from hard placement blockages and placed macros will be used.
[INFO CTS-0027] Generating H-Tree topology for net _14199_.
[INFO CTS-0028]  Total number of sinks: 2190.
[INFO CTS-0029]  Register sinks will be clustered in groups of up to 20 and with maximum cluster diameter of 50.0 um.
[INFO CTS-0030]  Number of static layers: 0.
[INFO CTS-0020]  Wire segment unit: 13600  dbu (13 um).
[INFO CTS-0204] A clustering solution was found from clustering size of 20 and clustering diameter of 50.
[INFO CTS-0205] Better solution may be possible if either -sink_clustering_size, -sink_clustering_max_diameter, or both options are omitted to enable automatic clustering.
[INFO CTS-0019]  Total number of sinks after clustering: 261.
[INFO CTS-0024]  Normalized sink region: [(0.360322, 0.832843), (43.2009, 44.9267)].
[INFO CTS-0025]     Width:  42.8405.
[INFO CTS-0026]     Height: 44.0938.
 Level 1
    Direction: Vertical
    Sinks per sub-region: 131
    Sub-region size: 42.8405 X 22.0469
[INFO CTS-0034]     Segment length (rounded): 12.
 Level 2
    Direction: Horizontal
    Sinks per sub-region: 66
    Sub-region size: 21.4203 X 22.0469
[INFO CTS-0034]     Segment length (rounded): 10.
 Level 3
    Direction: Vertical
    Sinks per sub-region: 33
    Sub-region size: 21.4203 X 11.0235
[INFO CTS-0034]     Segment length (rounded): 6.
 Level 4
    Direction: Horizontal
    Sinks per sub-region: 17
    Sub-region size: 10.7101 X 11.0235
[INFO CTS-0034]     Segment length (rounded): 6.
 Level 5
    Direction: Vertical
    Sinks per sub-region: 9
    Sub-region size: 10.7101 X 5.5117
[INFO CTS-0034]     Segment length (rounded): 2.
[INFO CTS-0038]  Stop criterion found. Sink region hpwl is smaller than max wirelength (1911.535 um) and max number of sinks is 15.
[INFO CTS-0035]  Number of sinks covered: 261.
[INFO CTS-0018]     Created 2 clock buffers.
[INFO CTS-0012]     Minimum number of buffers in the clock path: 2.
[INFO CTS-0013]     Maximum number of buffers in the clock path: 2.
[INFO CTS-0015]     Created 2 clock nets.
[INFO CTS-0016]     Fanout distribution for the current clock = 1:1..
[INFO CTS-0017]     Max level of the clock tree: 1.
[INFO CTS-0018]     Created 56 clock buffers.
[INFO CTS-0012]     Minimum number of buffers in the clock path: 3.
[INFO CTS-0013]     Maximum number of buffers in the clock path: 3.
[INFO CTS-0015]     Created 56 clock nets.
[INFO CTS-0016]     Fanout distribution for the current clock = 2:1, 3:2, 6:3, 7:3, 8:3, 9:1, 10:2, 11:3, 12:3, 13:1, 14:6, 15:9, 16:1, 17:1, 18:2, 19:2, 20:12..
[INFO CTS-0017]     Max level of the clock tree: 2.
[INFO CTS-0018]     Created 298 clock buffers.
[INFO CTS-0012]     Minimum number of buffers in the clock path: 4.
[INFO CTS-0013]     Maximum number of buffers in the clock path: 4.
[INFO CTS-0015]     Created 298 clock nets.
[INFO CTS-0016]     Fanout distribution for the current clock = 1:1, 2:9, 3:16, 4:17, 5:25, 6:32, 7:27, 8:30, 9:30, 10:23, 11:23, 12:16, 13:22, 14:8, 15:7, 16:1, 17:4, 18:1, 20:1..
[INFO CTS-0017]     Max level of the clock tree: 5.
[INFO CTS-0124] Clock net "clk"
[INFO CTS-0125]  Sinks 1
[INFO CTS-0098] Clock net "clk_regs"
[INFO CTS-0099]  Sinks 746
[INFO CTS-0100]  Leaf buffers 51
[INFO CTS-0101]  Average sink wire length 445.56 um
[INFO CTS-0102]  Path depth 2 - 3
[INFO CTS-0207]  Dummy loads inserted 49
[INFO CTS-0098] Clock net "_14199_"
[INFO CTS-0099]  Sinks 2439
[INFO CTS-0100]  Leaf buffers 261
[INFO CTS-0101]  Average sink wire length 477.97 um
[INFO CTS-0102]  Path depth 3 - 4
[INFO CTS-0207]  Dummy loads inserted 249
[INFO CTS-0033] Balancing latency for clock core_clock
[INFO CTS-0036]  inserted 3 delay buffers
[INFO CTS-0037] Total number of delay buffers: 3
[INFO CTS-0500] Runtime: 1.48s
estimate_parasitics -placement
detailed_placement
[INFO DPL-0006] Core area: 482731.73 um^2
[INFO DPL-0007] Movable instances area: 278806.15 um^2
[INFO DPL-0008] Fixed instances area within core: 8038.96 um^2
[INFO DPL-0009] Utilization: 59.4%
[INFO DPL-0005] Diamond search max displacement: +/- 500 sites horizontally, +/- 100 rows vertically.
[INFO DPL-1102] Legalizing using negotiation legalizer.
[INFO DPL-1103] Negotiation base search window: +/-20 sites horizontally, +/-5 rows vertically 
	Automatic search window extension enabled.
	Search window extendable up to the max displacement cap of +/-500 sites, +/-100 rows near walls.
[INFO DPL-1104] NegotiationLegalizer DRC penalty: 5.
[INFO DPL-0392] Negotiation cell height distribution (1 unique row-count(s)):
[INFO DPL-0393]   height 1 row(s): 37914 cells
          |      Total |  Illegal |  Illegal
Iteration | Violations |    Cells |    Sites
---------------------------------------------
        0 |       1751 |       265 |      1486
        1 |        780 |       107 |       673
        2 |        541 |        57 |       484
        3 |        368 |        34 |       334
        4 |        196 |        26 |       170
        5 |        156 |        14 |       142
        6 |         77 |        10 |        67
        7 |        100 |         6 |        94
        8 |         61 |         7 |        54
        9 |         56 |         4 |        52
       10 |          0 |         0 |         0
Negotiation phase 1 converged at iteration 10.
[INFO DPL-0500] Runtime: 0.36s
Placement Analysis
---------------------------------
total displacement      34952.9 u
average displacement        0.9 u
max displacement           31.0 u
original HPWL         1005428.4 u
legalized HPWL        1024745.9 u
delta HPWL                    2 %

estimate_parasitics -placement
repair_timing -setup_margin 0 -hold_margin 0 -repair_tns 100 -match_cell_footprint -verbose
[INFO RSZ-0100] Repair move sequence: UnbufferMove SizeUpMove SwapPinsMove BufferMove CloneMove SplitLoadMove 
[INFO RSZ-0094] Found 1 endpoints with setup violations.
[INFO RSZ-0099] Repairing 1 out of 1 (100.00%) violating endpoints...
   Iter   | Removed | Resized | Inserted | Cloned |  Pin  |   Area   |    WNS   |   StTNS    |   EnTNS    |  Viol  |  Worst  
          | Buffers |  Gates  | Buffers  |  Gates | Swaps |          |          |            |            | Endpts | St/EnPt 
------------------------------------------------------------------------------------------------------------------------------
       0* |       0 |       0 |        0 |      0 |     0 |    +0.0% |   -0.784 |     -137.4 |       -0.8 |      1 | data_req_o
      10* |       0 |       6 |        2 |      0 |     2 |    +0.0% |   -0.387 |     -124.4 |       -0.4 |      1 | data_req_o
      20* |       0 |      12 |       10 |      0 |     3 |    +0.1% |   -0.011 |     -118.3 |       -0.0 |      1 | data_req_o
      21* |       0 |      13 |       10 |      0 |     3 |    +0.1% |    0.007 |     -118.2 |        0.0 |      1 | data_req_o
      21* |       0 |      13 |       10 |      0 |     3 |    +0.1% |    0.007 |     -118.2 |        0.0 |      1 | data_req_o
    final |       0 |      13 |       10 |      0 |     3 |    +0.1% |    0.007 |     -118.2 |        0.0 |      0 | data_req_o
------------------------------------------------------------------------------------------------------------------------------
[INFO RSZ-0040] Inserted 10 buffers.
[INFO RSZ-0051] Resized 13 instances: 13 up, 0 up match, 0 down, 0 VT
[INFO RSZ-0043] Swapped pins on 3 instances.
[INFO RSZ-0505] Runtime: 1.35s
[INFO RSZ-0033] No hold violations found.
[INFO RSZ-0506] Runtime: 0.02s
detailed_placement
[INFO DPL-0006] Core area: 482731.73 um^2
[INFO DPL-0007] Movable instances area: 279017.60 um^2
[INFO DPL-0008] Fixed instances area within core: 8038.96 um^2
[INFO DPL-0009] Utilization: 59.5%
[INFO DPL-0005] Diamond search max displacement: +/- 500 sites horizontally, +/- 100 rows vertically.
[INFO DPL-1102] Legalizing using negotiation legalizer.
[INFO DPL-1103] Negotiation base search window: +/-20 sites horizontally, +/-5 rows vertically 
	Automatic search window extension enabled.
	Search window extendable up to the max displacement cap of +/-500 sites, +/-100 rows near walls.
[INFO DPL-1104] NegotiationLegalizer DRC penalty: 5.
[INFO DPL-0392] Negotiation cell height distribution (1 unique row-count(s)):
[INFO DPL-0393]   height 1 row(s): 37924 cells
          |      Total |  Illegal |  Illegal
Iteration | Violations |    Cells |    Sites
---------------------------------------------
        0 |          0 |         0 |         0
Negotiation phase 1 converged at iteration 0.
[INFO DPL-0500] Runtime: 0.13s
Placement Analysis
---------------------------------
total displacement         91.9 u
average displacement        0.0 u
max displacement           12.6 u
original HPWL         1025089.6 u
legalized HPWL        1025135.6 u
delta HPWL                    0 %

Report metrics stage 4, cts final...

==========================================================================
cts final report_design_area
--------------------------------------------------------------------------
Design area 287057 um^2 59% utilization.
write_db /work/results/sky130hd/m7_j3/p13p0/4_1_cts.odb
write_sdc -no_timestamp /work/results/sky130hd/m7_j3/p13p0/4_cts.sdc
Elapsed time: 0:12.35[h:]min:sec. CPU time: user 32.99 sys 12.02 (364%). Peak memory: 401076KB.
Log                       Ext     Elapsed/s Peak Memory/MB sha1sum result [0:20)
4_1_cts                   .odb           12            391 f6fb731c1f9c8916b6fd
cp /work/results/sky130hd/m7_j3/p13p0/4_1_cts.odb /work/results/sky130hd/m7_j3/p13p0/4_cts.odb
/OpenROAD-flow-scripts/flow/scripts/flow.sh 5_1_grt global_route
Running global_route.tcl, stage 5_1_grt
read_liberty /OpenROAD-flow-scripts/flow/platforms/sky130hd/lib/sky130_fd_sc_hd__tt_025C_1v80.lib
read_db -hier /work/results/sky130hd/m7_j3/p13p0/4_cts.odb
[WARNING ORD-0012] Hierarchical flow (-hier) is currently in development and may cause multiple issues. Do not use in production environments.
read_sdc /work/results/sky130hd/m7_j3/p13p0/4_cts.sdc
source /OpenROAD-flow-scripts/flow/platforms/sky130hd/setRC.tcl
pin_access
[INFO DRT-0149] Reading tech and libs.
[WARNING DRT-0349] LEF58_ENCLOSURE with no CUTCLASS is not supported. Skipping for layer mcon
[WARNING DRT-0349] LEF58_ENCLOSURE with no CUTCLASS is not supported. Skipping for layer mcon
[WARNING DRT-0349] LEF58_ENCLOSURE with no CUTCLASS is not supported. Skipping for layer via
[WARNING DRT-0349] LEF58_ENCLOSURE with no CUTCLASS is not supported. Skipping for layer via
[WARNING DRT-0349] LEF58_ENCLOSURE with no CUTCLASS is not supported. Skipping for layer via2
[WARNING DRT-0349] LEF58_ENCLOSURE with no CUTCLASS is not supported. Skipping for layer via2
[WARNING DRT-0349] LEF58_ENCLOSURE with no CUTCLASS is not supported. Skipping for layer via3
[WARNING DRT-0349] LEF58_ENCLOSURE with no CUTCLASS is not supported. Skipping for layer via3
[WARNING DRT-0349] LEF58_ENCLOSURE with no CUTCLASS is not supported. Skipping for layer via4
[WARNING DRT-0349] LEF58_ENCLOSURE with no CUTCLASS is not supported. Skipping for layer via4

Units:                1000
Number of layers:     13
Number of macros:     441
Number of vias:       29
Number of viarulegen: 25

[INFO DRT-0150] Reading design.
[WARNING DRT-0120] Large net net5219 has 175 pins which may impact routing performance. Consider optimization.
[WARNING DRT-0120] Large net net5220 has 159 pins which may impact routing performance. Consider optimization.
[WARNING DRT-0120] Large net net5223 has 130 pins which may impact routing performance. Consider optimization.
[WARNING DRT-0120] Large net net5233 has 122 pins which may impact routing performance. Consider optimization.
[WARNING DRT-0120] Large net net5269 has 114 pins which may impact routing performance. Consider optimization.

Design:                   m7_ppa_j3_top
Die area:                 ( 0 0 ) ( 698420 698420 )
Number of track patterns: 12
Number of DEF vias:       0
Number of components:     37924
Number of terminals:      278
Number of snets:          2
Number of nets:           31396

[INFO DRT-0167] List of default vias:
  Layer via
    default via: M1M2_PR
  Layer via2
    default via: M2M3_PR
  Layer via3
    default via: M3M4_PR
  Layer via4
    default via: M4M5_PR
[INFO DRT-0162] Library cell analysis.
[INFO DRT-0163] Instance analysis.
[INFO DRT-0164] Number of unique instances = 268.
[INFO DRT-0168] Init region query.
[INFO DRT-0024]   Complete FR_MASTERSLICE.
[INFO DRT-0024]   Complete Fr_VIA.
[INFO DRT-0024]   Complete li1.
[INFO DRT-0024]   Complete mcon.
[INFO DRT-0024]   Complete met1.
[INFO DRT-0024]   Complete via.
[INFO DRT-0024]   Complete met2.
[INFO DRT-0024]   Complete via2.
[INFO DRT-0024]   Complete met3.
[INFO DRT-0024]   Complete via3.
[INFO DRT-0024]   Complete met4.
[INFO DRT-0024]   Complete via4.
[INFO DRT-0024]   Complete met5.
[INFO DRT-0033] FR_MASTERSLICE shape region query size = 0.
[INFO DRT-0033] FR_VIA shape region query size = 0.
[INFO DRT-0033] li1 shape region query size = 914640.
[INFO DRT-0033] mcon shape region query size = 489762.
[INFO DRT-0033] met1 shape region query size = 130969.
[INFO DRT-0033] via shape region query size = 32640.
[INFO DRT-0033] met2 shape region query size = 19840.
[INFO DRT-0033] via2 shape region query size = 26112.
[INFO DRT-0033] met3 shape region query size = 19604.
[INFO DRT-0033] via3 shape region query size = 26112.
[INFO DRT-0033] met4 shape region query size = 7880.
[INFO DRT-0033] via4 shape region query size = 1301.
[INFO DRT-0033] met5 shape region query size = 1403.
[INFO DRT-0165] Start pin access.
[INFO DRT-0076]   Complete 1000 pins.
[INFO DRT-0076]   Complete 2000 pins.
[INFO DRT-0078]   Complete 2164 pins.
[INFO DRT-0079]   Complete 100 unique inst patterns.
[INFO DRT-0079]   Complete 200 unique inst patterns.
[INFO DRT-0081]   Complete 268 unique inst patterns.
[INFO DRT-0082]   Complete 10000 groups.
[INFO DRT-0084]   Complete 19855 groups.
#scanned instances     = 37924
#unique  instances     = 268
#stdCellGenAp          = 8829
#stdCellValidPlanarAp  = 125
#stdCellValidViaAp     = 6396
#stdCellPinNoAp        = 0
#stdCellPinCnt         = 112361
#instTermValidViaApCnt = 0
#macroGenAp            = 0
#macroValidPlanarAp    = 0
#macroValidViaAp       = 0
#macroNoAp             = 0
[INFO DRT-0166] Complete pin access.
[INFO DRT-0267] cpu time = 00:07:53, elapsed time = 00:00:17, memory = 360.64 (MB), peak = 360.53 (MB)
Took 18 seconds: pin_access
global_route -congestion_report_file /work/reports/sky130hd/m7_j3/p13p0/congestion.rpt -congestion_iterations 30 -congestion_report_iter_step 5 -verbose
[INFO GRT-0020] Min routing layer: met1
[INFO GRT-0021] Max routing layer: met5
[INFO GRT-0022] Global adjustment: 0%
[INFO GRT-0023] Grid origin: (0, 0)
[INFO GRT-0088] Layer li1     Track-Pitch = 0.4600  line-2-Via Pitch: 0.3400
[INFO GRT-0088] Layer met1    Track-Pitch = 0.3400  line-2-Via Pitch: 0.3400
[INFO GRT-0088] Layer met2    Track-Pitch = 0.4600  line-2-Via Pitch: 0.3500
[INFO GRT-0088] Layer met3    Track-Pitch = 0.6800  line-2-Via Pitch: 0.6150
[INFO GRT-0088] Layer met4    Track-Pitch = 0.9200  line-2-Via Pitch: 1.0400
[INFO GRT-0088] Layer met5    Track-Pitch = 3.4000  line-2-Via Pitch: 3.1100
[INFO GRT-0003] Macros: 0
[INFO GRT-0004] Blockages: 51769
[INFO GRT-0019] Found 362 clock nets.
[INFO GRT-0001] Minimum degree: 2
[INFO GRT-0002] Maximum degree: 175

[INFO GRT-0053] Routing resources analysis:
          Routing      Original      Derated      Resource
Layer     Direction    Resources     Resources    Reduction (%)
---------------------------------------------------------------
li1        Vertical            0             0          0.00%
met1       Horizontal     130867        101010          22.81%
met2       Vertical       130600        100300          23.20%
met3       Horizontal      96000         74975          21.90%
met4       Vertical        64500         46200          28.37%
met5       Horizontal      14000         10200          27.14%
---------------------------------------------------------------

[INFO GRT-0101] Running extra iterations to remove congestion.
[INFO GRT-0102] Start extra iteration 1/30
[INFO GRT-0102] Start extra iteration 2/30
[INFO GRT-0102] Start extra iteration 3/30
[INFO GRT-0102] Start extra iteration 4/30
[INFO GRT-0197] Via related to pin nodes: 192090
[INFO GRT-0198] Via related Steiner nodes: 5505
[INFO GRT-0199] Via filling finished.
[INFO GRT-0111] Final number of vias: 250709
[INFO GRT-0112] Final usage 3D: 942103

[INFO GRT-0096] Final congestion report:
Layer         Resource        Demand        Usage (%)    Max H / Max V / Total Congestion
---------------------------------------------------------------------------------------
li1                  0             0            0.00%             0 /  0 /  0
met1            101010         67805           67.13%             0 /  0 /  0
met2            100300         74312           74.09%             0 /  0 /  0
met3             74975         25781           34.39%             0 /  0 /  0
met4             46200         21623           46.80%             0 /  0 /  0
met5             10200           455            4.46%             0 /  0 /  0
---------------------------------------------------------------------------------------
Total           332685        189976           57.10%             0 /  0 /  0

[INFO GRT-0018] Total wirelength: 1889544 um
[INFO GRT-0014] Routed nets: 31364
[INFO GRT-0303] Global routing runtime = 00:00:03
[WARNING STA-0450] virtual clock vclk_core_clock can not be propagated.
estimate_parasitics -global_routing
Perform buffer insertion and gate resizing...
repair_design -verbose
Iteration |   Area    | Resized | Buffers | Nets repaired | Remaining
---------------------------------------------------------------------
        0 |     +0.0% |       0 |       0 |             0 |     32200
     1000 |     +0.0% |       0 |       0 |             0 |     31200
     2000 |     +0.0% |       0 |       0 |             0 |     30200
     3000 |     +0.0% |       0 |       0 |             0 |     29200
     4000 |     +0.0% |       0 |       0 |             0 |     28200
     5000 |     +0.0% |       0 |       0 |             0 |     27200
     6000 |     +0.0% |       1 |       1 |             1 |     26200
     7000 |     +0.0% |       1 |       1 |             1 |     25200
     8000 |     +0.0% |       1 |       1 |             1 |     24200
     9000 |     +0.0% |       1 |       1 |             1 |     23200
    10000 |     +0.0% |       2 |       2 |             2 |     22200
    11000 |     +0.0% |       2 |       2 |             2 |     21200
    12000 |     +0.0% |       3 |       3 |             3 |     20200
    13000 |     +0.0% |       3 |       3 |             3 |     19200
    14000 |     +0.0% |       3 |       3 |             3 |     18200
    15000 |     +0.0% |       3 |       3 |             3 |     17200
    16000 |     +0.0% |       3 |       3 |             3 |     16200
    17000 |     +0.0% |       3 |       3 |             3 |     15200
    18000 |     +0.0% |       3 |       4 |             4 |     14200
    19000 |     +0.0% |       4 |       4 |             5 |     13200
    20000 |     +0.0% |       4 |       4 |             5 |     12200
    21000 |     +0.0% |       4 |       4 |             5 |     11200
    22000 |     +0.0% |       5 |       4 |             6 |     10200
    23000 |     +0.0% |       5 |       4 |             6 |      9200
    24000 |     +0.0% |       5 |       4 |             6 |      8200
    25000 |     +0.0% |       6 |       5 |             7 |      7200
    26000 |     +0.0% |       6 |       5 |             7 |      6200
    27000 |     +0.0% |       6 |       5 |             7 |      5200
    28000 |     +0.0% |       6 |       5 |             7 |      4200
    29000 |     +0.0% |       6 |       5 |             7 |      3200
    30000 |     +0.0% |       6 |       5 |             7 |      2200
    31000 |     +0.0% |       6 |       5 |             7 |      1200
    32000 |     +0.0% |       6 |       5 |             7 |       200
[WARNING RSZ-0104] Net dma_wdata_i[9] only has one pin. Check if it is intended to be dangling.
[WARNING RSZ-0104] Net dma_wdata_i[8] only has one pin. Check if it is intended to be dangling.
[WARNING RSZ-0104] Net dma_wdata_i[7] only has one pin. Check if it is intended to be dangling.
[WARNING RSZ-0104] Net dma_wdata_i[6] only has one pin. Check if it is intended to be dangling.
[WARNING RSZ-0104] Net dma_wdata_i[5] only has one pin. Check if it is intended to be dangling.
[WARNING RSZ-0104] Net dma_wdata_i[4] only has one pin. Check if it is intended to be dangling.
[WARNING RSZ-0104] Net dma_wdata_i[3] only has one pin. Check if it is intended to be dangling.
[WARNING RSZ-0104] Net dma_wdata_i[31] only has one pin. Check if it is intended to be dangling.
[WARNING RSZ-0104] Net dma_wdata_i[30] only has one pin. Check if it is intended to be dangling.
[WARNING RSZ-0104] Net dma_wdata_i[2] only has one pin. Check if it is intended to be dangling.
[WARNING RSZ-0104] Net dma_wdata_i[29] only has one pin. Check if it is intended to be dangling.
[WARNING RSZ-0104] Net dma_wdata_i[28] only has one pin. Check if it is intended to be dangling.
[WARNING RSZ-0104] Net dma_wdata_i[27] only has one pin. Check if it is intended to be dangling.
[WARNING RSZ-0104] Net dma_wdata_i[26] only has one pin. Check if it is intended to be dangling.
[WARNING RSZ-0104] Net dma_wdata_i[25] only has one pin. Check if it is intended to be dangling.
[WARNING RSZ-0104] Net dma_wdata_i[24] only has one pin. Check if it is intended to be dangling.
[WARNING RSZ-0104] Net dma_wdata_i[23] only has one pin. Check if it is intended to be dangling.
[WARNING RSZ-0104] Net dma_wdata_i[22] only has one pin. Check if it is intended to be dangling.
[WARNING RSZ-0104] Net dma_wdata_i[21] only has one pin. Check if it is intended to be dangling.
[WARNING RSZ-0104] Net dma_wdata_i[20] only has one pin. Check if it is intended to be dangling.
[WARNING RSZ-0104] Net dma_wdata_i[1] only has one pin. Check if it is intended to be dangling.
[WARNING RSZ-0104] Net dma_wdata_i[19] only has one pin. Check if it is intended to be dangling.
[WARNING RSZ-0104] Net dma_wdata_i[18] only has one pin. Check if it is intended to be dangling.
[WARNING RSZ-0104] Net dma_wdata_i[17] only has one pin. Check if it is intended to be dangling.
[WARNING RSZ-0104] Net dma_wdata_i[16] only has one pin. Check if it is intended to be dangling.
[WARNING RSZ-0104] Net dma_wdata_i[15] only has one pin. Check if it is intended to be dangling.
[WARNING RSZ-0104] Net dma_wdata_i[14] only has one pin. Check if it is intended to be dangling.
[WARNING RSZ-0104] Net dma_wdata_i[13] only has one pin. Check if it is intended to be dangling.
[WARNING RSZ-0104] Net dma_wdata_i[12] only has one pin. Check if it is intended to be dangling.
[WARNING RSZ-0104] Net dma_wdata_i[11] only has one pin. Check if it is intended to be dangling.
[WARNING RSZ-0104] Net dma_wdata_i[10] only has one pin. Check if it is intended to be dangling.
[WARNING RSZ-0104] Net dma_wdata_i[0] only has one pin. Check if it is intended to be dangling.
    final |     +0.0% |       6 |       5 |             7 |         0
---------------------------------------------------------------------
[INFO RSZ-0034] Found 6 slew violations.
[INFO RSZ-0036] Found 1 capacitance violations.
[INFO RSZ-0039] Resized 6 instances.
[INFO RSZ-0038] Inserted 5 buffers in 7 nets.
[INFO RSZ-0504] Runtime: 3.03s
global_route -start_incremental
detailed_placement
[INFO DPL-0006] Core area: 482731.73 um^2
[INFO DPL-0007] Movable instances area: 279115.19 um^2
[INFO DPL-0008] Fixed instances area within core: 8038.96 um^2
[INFO DPL-0009] Utilization: 59.5%
[INFO DPL-0005] Diamond search max displacement: +/- 500 sites horizontally, +/- 100 rows vertically.
[INFO DPL-1102] Legalizing using negotiation legalizer.
[INFO DPL-1103] Negotiation base search window: +/-20 sites horizontally, +/-5 rows vertically 
	Automatic search window extension enabled.
	Search window extendable up to the max displacement cap of +/-500 sites, +/-100 rows near walls.
[INFO DPL-1104] NegotiationLegalizer DRC penalty: 5.
[INFO DPL-0392] Negotiation cell height distribution (1 unique row-count(s)):
[INFO DPL-0393]   height 1 row(s): 37929 cells
          |      Total |  Illegal |  Illegal
Iteration | Violations |    Cells |    Sites
---------------------------------------------
        0 |          0 |         0 |         0
Negotiation phase 1 converged at iteration 0.
[INFO DPL-0500] Runtime: 0.14s
Placement Analysis
---------------------------------
total displacement         48.5 u
average displacement        0.0 u
max displacement           10.9 u
original HPWL         1025395.6 u
legalized HPWL        1025456.1 u
delta HPWL                    0 %

global_route -end_incremental -congestion_report_file /work/reports/sky130hd/m7_j3/p13p0/congestion_post_repair_design.rpt
Repair setup and hold violations...
estimate_parasitics -global_routing
repair_timing -setup_margin 0 -hold_margin 0 -repair_tns 100 -verbose
[INFO RSZ-0100] Repair move sequence: UnbufferMove SizeUpMove SwapPinsMove BufferMove CloneMove SplitLoadMove 
[INFO RSZ-0094] Found 1 endpoints with setup violations.
[INFO RSZ-0099] Repairing 1 out of 1 (100.00%) violating endpoints...
   Iter   | Removed | Resized | Inserted | Cloned |  Pin  |   Area   |    WNS   |   StTNS    |   EnTNS    |  Viol  |  Worst  
          | Buffers |  Gates  | Buffers  |  Gates | Swaps |          |          |            |            | Endpts | St/EnPt 
------------------------------------------------------------------------------------------------------------------------------
       0* |       0 |       0 |        0 |      0 |     0 |    +0.0% |   -0.690 |     -131.8 |       -0.7 |      1 | data_req_o
      10* |       0 |       7 |        1 |      0 |     1 |    +0.0% |   -0.501 |     -127.9 |       -0.5 |      1 | data_req_o
      20* |       0 |      16 |        5 |      0 |     1 |    +0.0% |   -0.403 |     -125.1 |       -0.4 |      1 | data_req_o
      30* |       0 |      23 |        7 |      1 |     1 |    +0.1% |   -0.329 |     -123.0 |       -0.3 |      1 | data_req_o
      40* |       0 |      29 |       14 |      2 |     1 |    +0.1% |   -0.267 |     -122.3 |       -0.3 |      1 | data_req_o
      50* |       0 |      35 |       16 |      3 |     2 |    +0.1% |   -0.229 |     -121.7 |       -0.2 |      1 | data_req_o
      60* |       0 |      42 |       22 |      3 |     3 |    +0.1% |   -0.220 |     -120.7 |       -0.2 |      1 | data_req_o
      70* |       0 |      48 |       27 |      3 |     5 |    +0.2% |   -0.140 |     -119.7 |       -0.1 |      1 | data_req_o
      80* |       0 |      55 |       30 |      4 |     6 |    +0.2% |   -0.402 |     -123.6 |       -0.4 |      1 | data_req_o
      90* |       0 |      61 |       32 |      5 |     7 |    +0.2% |   -0.055 |     -118.6 |       -0.1 |      1 | data_req_o
     100* |       0 |      68 |       33 |      7 |     7 |    +0.2% |   -0.020 |     -118.3 |       -0.0 |      1 | data_req_o
     103* |       0 |      70 |       39 |      7 |     7 |    +0.3% |    0.001 |     -118.2 |        0.0 |      1 | data_req_o
     103* |       0 |      70 |       39 |      7 |     7 |    +0.3% |    0.001 |     -118.2 |        0.0 |      1 | data_req_o
    final |       0 |      70 |       39 |      7 |     7 |    +0.3% |    0.001 |     -118.2 |        0.0 |      0 | data_req_o
------------------------------------------------------------------------------------------------------------------------------
[INFO RSZ-0040] Inserted 39 buffers.
[INFO RSZ-0051] Resized 70 instances: 70 up, 0 up match, 0 down, 0 VT
[INFO RSZ-0043] Swapped pins on 7 instances.
[INFO RSZ-0049] Cloned 7 instances.
[INFO RSZ-0505] Runtime: 11.65s
[INFO RSZ-0033] No hold violations found.
[INFO RSZ-0506] Runtime: 0.13s
Took 11 seconds: repair_timing -setup_margin 0 -hold_margin 0 -repair_tns 100 -verbose
global_route -start_incremental
detailed_placement
[INFO DPL-0006] Core area: 482731.73 um^2
[INFO DPL-0007] Movable instances area: 279864.66 um^2
[INFO DPL-0008] Fixed instances area within core: 8038.96 um^2
[INFO DPL-0009] Utilization: 59.6%
[INFO DPL-0005] Diamond search max displacement: +/- 500 sites horizontally, +/- 100 rows vertically.
[INFO DPL-1102] Legalizing using negotiation legalizer.
[INFO DPL-1103] Negotiation base search window: +/-20 sites horizontally, +/-5 rows vertically 
	Automatic search window extension enabled.
	Search window extendable up to the max displacement cap of +/-500 sites, +/-100 rows near walls.
[INFO DPL-1104] NegotiationLegalizer DRC penalty: 5.
[INFO DPL-0392] Negotiation cell height distribution (1 unique row-count(s)):
[INFO DPL-0393]   height 1 row(s): 37975 cells
          |      Total |  Illegal |  Illegal
Iteration | Violations |    Cells |    Sites
---------------------------------------------
        0 |        125 |        23 |       102
        1 |         40 |         6 |        34
        2 |          8 |         2 |         6
        3 |         22 |         2 |        20
        4 |         26 |         2 |        24
        5 |          8 |         2 |         6
        6 |         21 |         3 |        18
        7 |          0 |         0 |         0
Negotiation phase 1 converged at iteration 7.
[INFO DPL-0500] Runtime: 0.26s
Placement Analysis
---------------------------------
total displacement        571.0 u
average displacement        0.0 u
max displacement           16.8 u
original HPWL         1028865.0 u
legalized HPWL        1029339.5 u
delta HPWL                    0 %

check_placement -verbose
global_route -end_incremental -congestion_report_file /work/reports/sky130hd/m7_j3/p13p0/congestion_post_repair_timing.rpt
estimate_parasitics -global_routing
global_route -start_incremental
global_route -end_incremental -congestion_report_file /work/reports/sky130hd/m7_j3/p13p0/congestion_post_recover_power.rpt
Repair antennas...
[INFO GRT-0012] Found 180 antenna violations.
[INFO GRT-0302] Inserted 217 jumpers for 163 nets.
[INFO GRT-0012] Found 40 antenna violations.
[WARNING GRT-0243] Unable to repair antennas on net with diodes.
[INFO DPL-0006] Core area: 482731.73 um^2
[INFO DPL-0007] Movable instances area: 279480.54 um^2
[INFO DPL-0008] Fixed instances area within core: 8565.72 um^2
[INFO DPL-0009] Utilization: 59.7%
[INFO DPL-0005] Diamond search max displacement: +/- 500 sites horizontally, +/- 100 rows vertically.
[INFO DPL-1102] Legalizing using negotiation legalizer.
[INFO DPL-1103] Negotiation base search window: +/-20 sites horizontally, +/-5 rows vertically 
	Automatic search window extension enabled.
	Search window extendable up to the max displacement cap of +/-500 sites, +/-100 rows near walls.
[INFO DPL-1104] NegotiationLegalizer DRC penalty: 5.
[INFO DPL-0392] Negotiation cell height distribution (1 unique row-count(s)):
[INFO DPL-0393]   height 1 row(s): 38032 cells
          |      Total |  Illegal |  Illegal
Iteration | Violations |    Cells |    Sites
---------------------------------------------
        0 |         32 |         4 |        28
        1 |         61 |         5 |        56
        2 |         47 |         3 |        44
        3 |         23 |         3 |        20
        4 |          3 |         2 |         1
        5 |         27 |         3 |        24
        6 |          6 |         2 |         4
        7 |         28 |         2 |        26
        8 |         30 |         2 |        28
        9 |         27 |         3 |        24
       10 |         18 |         2 |        16
       12 |          0 |         0 |         0
Negotiation phase 1 converged at iteration 12.
[INFO DPL-0500] Runtime: 0.29s
[INFO GRT-0015] Inserted 57 diodes.
[WARNING GRT-0297] Disabling NDR for 2 congested nets
[WARNING GRT-0273] Disabled NDR (to reduce congestion) for net: _14199_
[WARNING GRT-0273] Disabled NDR (to reduce congestion) for net: clknet_0__14199_
[INFO GRT-0012] Found 5 antenna violations.
[INFO GRT-0302] Inserted 6 jumpers for 5 nets.
[INFO GRT-0012] Found 1 antenna violations.
[INFO DPL-0006] Core area: 482731.73 um^2
[INFO DPL-0007] Movable instances area: 279997.29 um^2
[INFO DPL-0008] Fixed instances area within core: 8051.47 um^2
[INFO DPL-0009] Utilization: 59.7%
[INFO DPL-0005] Diamond search max displacement: +/- 500 sites horizontally, +/- 100 rows vertically.
[INFO DPL-1102] Legalizing using negotiation legalizer.
[INFO DPL-1103] Negotiation base search window: +/-20 sites horizontally, +/-5 rows vertically 
	Automatic search window extension enabled.
	Search window extendable up to the max displacement cap of +/-500 sites, +/-100 rows near walls.
[INFO DPL-1104] NegotiationLegalizer DRC penalty: 5.
[INFO DPL-0392] Negotiation cell height distribution (1 unique row-count(s)):
[INFO DPL-0393]   height 1 row(s): 38033 cells
[INFO DPL-0500] Runtime: 0.14s
[INFO GRT-0015] Inserted 1 diodes.
[INFO GRT-0012] Found 0 antenna violations.
[INFO ANT-0002] Found 0 net violations.
[INFO ANT-0001] Found 0 pin violations.
Estimate parasitics...
estimate_parasitics -global_routing
Report metrics stage 5, global route...

==========================================================================
global route report_design_area
--------------------------------------------------------------------------
Design area 288049 um^2 60% utilization.
[INFO FLW-0007] clock core_clock period 13.000000
[WARNING FLW-0010] more than one clock found. Skipping sdc update.
[INFO FLW-0011] Path endpoint path count 6613
write_db /work/results/sky130hd/m7_j3/p13p0/5_1_grt.odb
write_sdc -no_timestamp /work/results/sky130hd/m7_j3/p13p0/5_1_grt.sdc
Elapsed time: 0:57.22[h:]min:sec. CPU time: user 774.55 sys 22.61 (1393%). Peak memory: 1097644KB.
Log                       Ext     Elapsed/s Peak Memory/MB sha1sum result [0:20)
5_1_grt                   .odb           57           1071 411500840caf62e7c978
5_1_grt                   .sdc                             40d52bd43cb4f741e50e
/OpenROAD-flow-scripts/flow/scripts/flow.sh 5_2_route detail_route
Running detail_route.tcl, stage 5_2_route
read_liberty /OpenROAD-flow-scripts/flow/platforms/sky130hd/lib/sky130_fd_sc_hd__tt_025C_1v80.lib
read_db -hier /work/results/sky130hd/m7_j3/p13p0/5_1_grt.odb
[WARNING ORD-0012] Hierarchical flow (-hier) is currently in development and may cause multiple issues. Do not use in production environments.
read_sdc /work/results/sky130hd/m7_j3/p13p0/5_1_grt.sdc
source /OpenROAD-flow-scripts/flow/platforms/sky130hd/setRC.tcl
[WARNING STA-0450] virtual clock vclk_core_clock can not be propagated.
detailed_route -output_drc /work/reports/sky130hd/m7_j3/p13p0/5_route_drc.rpt -output_maze /work/results/sky130hd/m7_j3/p13p0/maze.log -droute_end_iter 64 -verbose 1 -drc_report_iter_step 5
[INFO DRT-0149] Reading tech and libs.
[WARNING DRT-0349] LEF58_ENCLOSURE with no CUTCLASS is not supported. Skipping for layer mcon
[WARNING DRT-0349] LEF58_ENCLOSURE with no CUTCLASS is not supported. Skipping for layer mcon
[WARNING DRT-0349] LEF58_ENCLOSURE with no CUTCLASS is not supported. Skipping for layer via
[WARNING DRT-0349] LEF58_ENCLOSURE with no CUTCLASS is not supported. Skipping for layer via
[WARNING DRT-0349] LEF58_ENCLOSURE with no CUTCLASS is not supported. Skipping for layer via2
[WARNING DRT-0349] LEF58_ENCLOSURE with no CUTCLASS is not supported. Skipping for layer via2
[WARNING DRT-0349] LEF58_ENCLOSURE with no CUTCLASS is not supported. Skipping for layer via3
[WARNING DRT-0349] LEF58_ENCLOSURE with no CUTCLASS is not supported. Skipping for layer via3
[WARNING DRT-0349] LEF58_ENCLOSURE with no CUTCLASS is not supported. Skipping for layer via4
[WARNING DRT-0349] LEF58_ENCLOSURE with no CUTCLASS is not supported. Skipping for layer via4

Units:                1000
Number of layers:     13
Number of macros:     441
Number of vias:       29
Number of viarulegen: 25

[INFO DRT-0150] Reading design.
[WARNING DRT-0120] Large net net5219 has 175 pins which may impact routing performance. Consider optimization.
[WARNING DRT-0120] Large net net5220 has 159 pins which may impact routing performance. Consider optimization.
[WARNING DRT-0120] Large net net5223 has 130 pins which may impact routing performance. Consider optimization.
[WARNING DRT-0120] Large net net5233 has 122 pins which may impact routing performance. Consider optimization.
[WARNING DRT-0120] Large net net5269 has 114 pins which may impact routing performance. Consider optimization.

Design:                   m7_ppa_j3_top
Die area:                 ( 0 0 ) ( 698420 698420 )
Number of track patterns: 12
Number of DEF vias:       0
Number of components:     38033
Number of terminals:      278
Number of snets:          2
Number of nets:           31447

[INFO DRT-0167] List of default vias:
  Layer via
    default via: M1M2_PR
  Layer via2
    default via: M2M3_PR
  Layer via3
    default via: M3M4_PR
  Layer via4
    default via: M4M5_PR
[INFO DRT-0162] Library cell analysis.
[INFO DRT-0163] Instance analysis.
[INFO DRT-0164] Number of unique instances = 287.
[INFO DRT-0168] Init region query.
[INFO DRT-0024]   Complete FR_MASTERSLICE.
[INFO DRT-0024]   Complete Fr_VIA.
[INFO DRT-0024]   Complete li1.
[INFO DRT-0024]   Complete mcon.
[INFO DRT-0024]   Complete met1.
[INFO DRT-0024]   Complete via.
[INFO DRT-0024]   Complete met2.
[INFO DRT-0024]   Complete via2.
[INFO DRT-0024]   Complete met3.
[INFO DRT-0024]   Complete via3.
[INFO DRT-0024]   Complete met4.
[INFO DRT-0024]   Complete via4.
[INFO DRT-0024]   Complete met5.
[INFO DRT-0033] FR_MASTERSLICE shape region query size = 0.
[INFO DRT-0033] FR_VIA shape region query size = 0.
[INFO DRT-0033] li1 shape region query size = 916802.
[INFO DRT-0033] mcon shape region query size = 491354.
[INFO DRT-0033] met1 shape region query size = 131194.
[INFO DRT-0033] via shape region query size = 32640.
[INFO DRT-0033] met2 shape region query size = 19840.
[INFO DRT-0033] via2 shape region query size = 26112.
[INFO DRT-0033] met3 shape region query size = 19604.
[INFO DRT-0033] via3 shape region query size = 26112.
[INFO DRT-0033] met4 shape region query size = 7880.
[INFO DRT-0033] via4 shape region query size = 1301.
[INFO DRT-0033] met5 shape region query size = 1403.
[INFO DRT-0165] Start pin access.
[INFO DRT-0076]   Complete 1000 pins.
[INFO DRT-0076]   Complete 2000 pins.
[INFO DRT-0078]   Complete 2322 pins.
[INFO DRT-0079]   Complete 100 unique inst patterns.
[INFO DRT-0079]   Complete 200 unique inst patterns.
[INFO DRT-0081]   Complete 287 unique inst patterns.
[INFO DRT-0082]   Complete 10000 groups.
[INFO DRT-0084]   Complete 19888 groups.
#scanned instances     = 38033
#unique  instances     = 287
#stdCellGenAp          = 9542
#stdCellValidPlanarAp  = 125
#stdCellValidViaAp     = 6909
#stdCellPinNoAp        = 0
#stdCellPinCnt         = 112463
#instTermValidViaApCnt = 0
#macroGenAp            = 0
#macroValidPlanarAp    = 0
#macroValidViaAp       = 0
#macroNoAp             = 0
[INFO DRT-0166] Complete pin access.
[INFO DRT-0267] cpu time = 00:07:55, elapsed time = 00:00:17, memory = 564.46 (MB), peak = 564.82 (MB)
[INFO DRT-0156] guideIn read 100000 guides.
[INFO DRT-0156] guideIn read 200000 guides.

[INFO DRT-0157] Number of guides:     271760

[INFO DRT-0169] Post process guides.
[INFO DRT-0176] GCELLGRID X 0 DO 101 STEP 6900 ;
[INFO DRT-0177] GCELLGRID Y 0 DO 101 STEP 6900 ;
[INFO DRT-0026]   Complete 100000 origin guides.
[INFO DRT-0026]   Complete 200000 origin guides.
[INFO DRT-0028]   Complete FR_MASTERSLICE.
[INFO DRT-0028]   Complete Fr_VIA.
[INFO DRT-0028]   Complete li1.
[INFO DRT-0028]   Complete mcon.
[INFO DRT-0028]   Complete met1.
[INFO DRT-0028]   Complete via.
[INFO DRT-0028]   Complete met2.
[INFO DRT-0028]   Complete via2.
[INFO DRT-0028]   Complete met3.
[INFO DRT-0028]   Complete via3.
[INFO DRT-0028]   Complete met4.
[INFO DRT-0028]   Complete via4.
[INFO DRT-0028]   Complete met5.
[INFO DRT-0178] Init guide query.
[INFO DRT-0035]   Complete FR_MASTERSLICE (guide).
[INFO DRT-0035]   Complete Fr_VIA (guide).
[INFO DRT-0035]   Complete li1 (guide).
[INFO DRT-0035]   Complete mcon (guide).
[INFO DRT-0035]   Complete met1 (guide).
[INFO DRT-0035]   Complete via (guide).
[INFO DRT-0035]   Complete met2 (guide).
[INFO DRT-0035]   Complete via2 (guide).
[INFO DRT-0035]   Complete met3 (guide).
[INFO DRT-0035]   Complete via3 (guide).
[INFO DRT-0035]   Complete met4 (guide).
[INFO DRT-0035]   Complete via4 (guide).
[INFO DRT-0035]   Complete met5 (guide).
[INFO DRT-0036] FR_MASTERSLICE guide region query size = 0.
[INFO DRT-0036] FR_VIA guide region query size = 0.
[INFO DRT-0036] li1 guide region query size = 87479.
[INFO DRT-0036] mcon guide region query size = 0.
[INFO DRT-0036] met1 guide region query size = 77961.
[INFO DRT-0036] via guide region query size = 0.
[INFO DRT-0036] met2 guide region query size = 42768.
[INFO DRT-0036] via2 guide region query size = 0.
[INFO DRT-0036] met3 guide region query size = 7229.
[INFO DRT-0036] via3 guide region query size = 0.
[INFO DRT-0036] met4 guide region query size = 3191.
[INFO DRT-0036] via4 guide region query size = 0.
[INFO DRT-0036] met5 guide region query size = 159.
[INFO DRT-0179] Init gr pin query.
[INFO DRT-0267] cpu time = 00:00:01, elapsed time = 00:00:00, memory = 643.68 (MB), peak = 639.34 (MB)
[INFO DRT-0245] skipped writing guide updates to database.
[INFO DRT-0181] Start track assignment.
[INFO DRT-0184] Done with 133438 vertical wires in 3 frboxes and 85349 horizontal wires in 3 frboxes.
[INFO DRT-0186] Done with 21744 vertical wires in 3 frboxes and 28473 horizontal wires in 3 frboxes.
[INFO DRT-0182] Complete track assignment.
[INFO DRT-0267] cpu time = 00:00:09, elapsed time = 00:00:04, memory = 1100.61 (MB), peak = 1095.93 (MB)
[INFO DRT-0187] Start routing data preparation.
[INFO DRT-0267] cpu time = 00:00:00, elapsed time = 00:00:00, memory = 1100.61 (MB), peak = 1095.93 (MB)
[INFO DRT-0194] Start detail routing.
[INFO DRT-0195] Start 0th optimization iteration.
    Completing 10% with 0 violations.
    elapsed time = 00:00:06, memory = 2908.52 (MB).
    Completing 20% with 0 violations.
    elapsed time = 00:00:09, memory = 2985.52 (MB).
    Completing 30% with 7431 violations.
    elapsed time = 00:00:19, memory = 3702.05 (MB).
    Completing 40% with 7431 violations.
    elapsed time = 00:00:24, memory = 3768.95 (MB).
    Completing 50% with 7431 violations.
    elapsed time = 00:00:28, memory = 3256.46 (MB).
    Completing 60% with 14820 violations.
    elapsed time = 00:00:39, memory = 3837.67 (MB).
    Completing 70% with 14820 violations.
    elapsed time = 00:00:44, memory = 3805.57 (MB).
    Completing 80% with 23686 violations.
    elapsed time = 00:00:59, memory = 4417.13 (MB).
    Completing 90% with 23686 violations.
    elapsed time = 00:01:07, memory = 4099.83 (MB).
    Completing 100% with 32163 violations.
    elapsed time = 00:01:14, memory = 3212.96 (MB).
[INFO DRT-0199]   Number of violations = 35827.
Viol/Layer         li1   mcon   met1    via   met2   met3   via3   met4   via4   met5
Cut Spacing          0     91      0      1      0      0      0      0      2      0
Metal Spacing        0      0   4691      0   1642    263      0     62      0      8
Min Hole             0      0     25      0      0      0      0      0      0      0
NS Metal             0      0      1      0      0      0      0      0      0      0
Recheck             35      0   2224      0   1095    136      0    164      0     10
Short                0      7  21111     34   3791    229      2    192      1     10
[INFO DRT-0267] cpu time = 00:25:08, elapsed time = 00:01:14, memory = 3391.56 (MB), peak = 4484.42 (MB)
Total wire length = 1380681 um.
Total wire length on LAYER li1 = 0 um.
Total wire length on LAYER met1 = 506627 um.
Total wire length on LAYER met2 = 540196 um.
Total wire length on LAYER met3 = 185288 um.
Total wire length on LAYER met4 = 145034 um.
Total wire length on LAYER met5 = 3536 um.
Total number of vias = 256695.
Up-via summary (total 256695):

-------------------------
 FR_MASTERSLICE         0
            li1    110942
           met1    127319
           met2     12487
           met3      5739
           met4       208
-------------------------
               256695


[INFO DRT-0195] Start 1st optimization iteration.
    Completing 10% with 35827 violations.
    elapsed time = 00:00:07, memory = 4409.62 (MB).
    Completing 20% with 35827 violations.
    elapsed time = 00:00:10, memory = 4043.93 (MB).
    Completing 30% with 33401 violations.
    elapsed time = 00:00:19, memory = 4383.96 (MB).
    Completing 40% with 33401 violations.
    elapsed time = 00:00:27, memory = 4378.54 (MB).
    Completing 50% with 33401 violations.
    elapsed time = 00:00:31, memory = 3788.03 (MB).
    Completing 60% with 30646 violations.
    elapsed time = 00:00:39, memory = 4466.59 (MB).
    Completing 70% with 30646 violations.
    elapsed time = 00:00:44, memory = 4116.96 (MB).
    Completing 80% with 27366 violations.
    elapsed time = 00:00:55, memory = 4714.08 (MB).
    Completing 90% with 27366 violations.
    elapsed time = 00:01:00, memory = 4427.47 (MB).
    Completing 100% with 24231 violations.
    elapsed time = 00:01:09, memory = 3500.34 (MB).
[INFO DRT-0199]   Number of violations = 24231.
Viol/Layer        mcon   met1    via   met2   met3   met4
Cut Spacing        110      0      0      0      0      0
Metal Spacing        0   3542      0    935    123      6
Min Hole             0      2      0      0      0      0
Short                0  17541      1   1850     80     41
[INFO DRT-0267] cpu time = 00:23:37, elapsed time = 00:01:10, memory = 3500.34 (MB), peak = 4805.74 (MB)
Total wire length = 1369498 um.
Total wire length on LAYER li1 = 0 um.
Total wire length on LAYER met1 = 499187 um.
Total wire length on LAYER met2 = 536501 um.
Total wire length on LAYER met3 = 186572 um.
Total wire length on LAYER met4 = 143889 um.
Total wire length on LAYER met5 = 3348 um.
Total number of vias = 253893.
Up-via summary (total 253893):

-------------------------
 FR_MASTERSLICE         0
            li1    110920
           met1    124826
           met2     12393
           met3      5592
           met4       162
-------------------------
               253893


[INFO DRT-0195] Start 2nd optimization iteration.
    Completing 10% with 24231 violations.
    elapsed time = 00:00:05, memory = 4769.63 (MB).
    Completing 20% with 24231 violations.
    elapsed time = 00:00:12, memory = 4007.26 (MB).
    Completing 30% with 24187 violations.
    elapsed time = 00:00:22, memory = 4699.70 (MB).
    Completing 40% with 24187 violations.
    elapsed time = 00:00:27, memory = 4503.62 (MB).
    Completing 50% with 24187 violations.
    elapsed time = 00:00:36, memory = 3528.09 (MB).
    Completing 60% with 23454 violations.
    elapsed time = 00:00:44, memory = 4643.70 (MB).
    Completing 70% with 23454 violations.
    elapsed time = 00:00:48, memory = 4097.71 (MB).
    Completing 80% with 23203 violations.
    elapsed time = 00:00:57, memory = 4602.84 (MB).
    Completing 90% with 23203 violations.
    elapsed time = 00:01:00, memory = 4458.34 (MB).
    Completing 100% with 22879 violations.
    elapsed time = 00:01:09, memory = 3535.46 (MB).
[INFO DRT-0199]   Number of violations = 22879.
Viol/Layer        mcon   met1    via   met2   met3   met4
Cut Spacing        120      0      0      0      0      0
Metal Spacing        0   3391      0    792     96     15
Min Hole             0      2      0      0      0      0
Short                0  16650      5   1704     57     47
[INFO DRT-0267] cpu time = 00:23:00, elapsed time = 00:01:09, memory = 3538.73 (MB), peak = 4805.74 (MB)
Total wire length = 1366067 um.
Total wire length on LAYER li1 = 0 um.
Total wire length on LAYER met1 = 497124 um.
Total wire length on LAYER met2 = 535490 um.
Total wire length on LAYER met3 = 186055 um.
Total wire length on LAYER met4 = 144087 um.
Total wire length on LAYER met5 = 3309 um.
Total number of vias = 253053.
Up-via summary (total 253053):

-------------------------
 FR_MASTERSLICE         0
            li1    110916
           met1    124209
           met2     12194
           met3      5556
           met4       178
-------------------------
               253053


[INFO DRT-0195] Start 3rd optimization iteration.
    Completing 10% with 22879 violations.
    elapsed time = 00:00:06, memory = 4650.88 (MB).
    Completing 20% with 22879 violations.
    elapsed time = 00:00:09, memory = 4295.14 (MB).
    Completing 30% with 18455 violations.
    elapsed time = 00:00:28, memory = 4613.64 (MB).
    Completing 40% with 18455 violations.
    elapsed time = 00:00:34, memory = 4571.95 (MB).
    Completing 50% with 18455 violations.
    elapsed time = 00:00:41, memory = 3914.84 (MB).
    Completing 60% with 14076 violations.
    elapsed time = 00:00:59, memory = 4746.34 (MB).
    Completing 70% with 14076 violations.
    elapsed time = 00:01:08, memory = 4462.87 (MB).
    Completing 80% with 9627 violations.
    elapsed time = 00:01:21, memory = 4823.06 (MB).
    Completing 90% with 9627 violations.
    elapsed time = 00:01:31, memory = 4604.11 (MB).
    Completing 100% with 5454 violations.
    elapsed time = 00:01:44, memory = 3684.09 (MB).
[INFO DRT-0199]   Number of violations = 5454.
Viol/Layer        mcon   met1    via   met2   met3   met4
Cut Spacing         20      0      2      0      0      0
Metal Spacing        0   1696      0    275     22      1
Min Hole             0      4      0      0      0      0
NS Metal             0      1      0      0      0      0
Short                0   3144      2    284      1      2
[INFO DRT-0267] cpu time = 00:26:00, elapsed time = 00:01:45, memory = 3698.97 (MB), peak = 5001.52 (MB)
Total wire length = 1364946 um.
Total wire length on LAYER li1 = 0 um.
Total wire length on LAYER met1 = 454433 um.
Total wire length on LAYER met2 = 530521 um.
Total wire length on LAYER met3 = 225819 um.
Total wire length on LAYER met4 = 151031 um.
Total wire length on LAYER met5 = 3140 um.
Total number of vias = 261877.
Up-via summary (total 261877):

-------------------------
 FR_MASTERSLICE         0
            li1    110908
           met1    125860
           met2     18712
           met3      6243
           met4       154
-------------------------
               261877


[INFO DRT-0195] Start 4th optimization iteration.
    Completing 10% with 5454 violations.
    elapsed time = 00:00:00, memory = 4630.61 (MB).
    Completing 20% with 5454 violations.
    elapsed time = 00:00:02, memory = 4230.61 (MB).
    Completing 30% with 4497 violations.
    elapsed time = 00:00:16, memory = 3716.89 (MB).
    Completing 40% with 4497 violations.
    elapsed time = 00:00:18, memory = 4708.48 (MB).
    Completing 50% with 4497 violations.
    elapsed time = 00:00:22, memory = 3976.05 (MB).
    Completing 60% with 3703 violations.
    elapsed time = 00:00:32, memory = 4599.93 (MB).
    Completing 70% with 3703 violations.
    elapsed time = 00:00:34, memory = 4217.86 (MB).
    Completing 80% with 2385 violations.
    elapsed time = 00:00:45, memory = 4772.85 (MB).
    Completing 90% with 2385 violations.
    elapsed time = 00:00:47, memory = 4565.16 (MB).
    Completing 100% with 1195 violations.
    elapsed time = 00:00:53, memory = 3699.41 (MB).
[INFO DRT-0199]   Number of violations = 1195.
Viol/Layer        mcon   met1   met2   met3   met4
Cut Spacing          9      0      0      0      0
Metal Spacing        0    436     73      9      1
Min Hole             0      1      0      0      0
NS Metal             0      1      0      0      0
Short                0    589     71      0      5
[INFO DRT-0267] cpu time = 00:07:43, elapsed time = 00:00:54, memory = 3699.41 (MB), peak = 5001.52 (MB)
Total wire length = 1365321 um.
Total wire length on LAYER li1 = 0 um.
Total wire length on LAYER met1 = 451112 um.
Total wire length on LAYER met2 = 530035 um.
Total wire length on LAYER met3 = 228982 um.
Total wire length on LAYER met4 = 152066 um.
Total wire length on LAYER met5 = 3123 um.
Total number of vias = 262510.
Up-via summary (total 262510):

-------------------------
 FR_MASTERSLICE         0
            li1    110906
           met1    125942
           met2     19174
           met3      6336
           met4       152
-------------------------
               262510


[INFO DRT-0195] Start 5th optimization iteration.
    Completing 10% with 1195 violations.
    elapsed time = 00:00:00, memory = 3699.41 (MB).
    Completing 20% with 1195 violations.
    elapsed time = 00:00:00, memory = 4221.34 (MB).
    Completing 30% with 974 violations.
    elapsed time = 00:00:06, memory = 3724.61 (MB).
    Completing 40% with 974 violations.
    elapsed time = 00:00:06, memory = 3724.61 (MB).
    Completing 50% with 974 violations.
    elapsed time = 00:00:07, memory = 4021.30 (MB).
    Completing 60% with 705 violations.
    elapsed time = 00:00:13, memory = 3724.61 (MB).
    Completing 70% with 705 violations.
    elapsed time = 00:00:13, memory = 3765.30 (MB).
    Completing 80% with 599 violations.
    elapsed time = 00:00:17, memory = 3724.97 (MB).
    Completing 90% with 599 violations.
    elapsed time = 00:00:17, memory = 4442.77 (MB).
    Completing 100% with 345 violations.
    elapsed time = 00:00:25, memory = 3726.98 (MB).
[INFO DRT-0199]   Number of violations = 345.
Viol/Layer        mcon   met1    via   met2
Cut Spacing          5      0      1      0
Metal Spacing        0    165      0     12
Min Hole             0      1      0      0
NS Metal             0      1      0      0
Short                0    147      0     13
[INFO DRT-0267] cpu time = 00:02:35, elapsed time = 00:00:25, memory = 3695.97 (MB), peak = 5001.52 (MB)
Total wire length = 1365405 um.
Total wire length on LAYER li1 = 0 um.
Total wire length on LAYER met1 = 450585 um.
Total wire length on LAYER met2 = 529831 um.
Total wire length on LAYER met3 = 229493 um.
Total wire length on LAYER met4 = 152371 um.
Total wire length on LAYER met5 = 3123 um.
Total number of vias = 262649.
Up-via summary (total 262649):

-------------------------
 FR_MASTERSLICE         0
            li1    110908
           met1    125996
           met2     19218
           met3      6375
           met4       152
-------------------------
               262649


[INFO DRT-0195] Start 6th optimization iteration.
    Completing 10% with 345 violations.
    elapsed time = 00:00:00, memory = 3695.97 (MB).
    Completing 20% with 345 violations.
    elapsed time = 00:00:00, memory = 3695.97 (MB).
    Completing 30% with 292 violations.
    elapsed time = 00:00:03, memory = 3718.03 (MB).
    Completing 40% with 292 violations.
    elapsed time = 00:00:03, memory = 3718.03 (MB).
    Completing 50% with 292 violations.
    elapsed time = 00:00:04, memory = 3850.79 (MB).
    Completing 60% with 233 violations.
    elapsed time = 00:00:09, memory = 3723.00 (MB).
    Completing 70% with 233 violations.
    elapsed time = 00:00:09, memory = 3723.00 (MB).
    Completing 80% with 185 violations.
    elapsed time = 00:00:14, memory = 3724.48 (MB).
    Completing 90% with 185 violations.
    elapsed time = 00:00:14, memory = 3724.48 (MB).
    Completing 100% with 142 violations.
    elapsed time = 00:00:19, memory = 3724.48 (MB).
[INFO DRT-0199]   Number of violations = 142.
Viol/Layer        mcon   met1   met2
Cut Spacing          2      0      0
Metal Spacing        0     62      6
Short                0     72      0
[INFO DRT-0267] cpu time = 00:01:07, elapsed time = 00:00:19, memory = 3679.21 (MB), peak = 5001.52 (MB)
Total wire length = 1365453 um.
Total wire length on LAYER li1 = 0 um.
Total wire length on LAYER met1 = 450403 um.
Total wire length on LAYER met2 = 529789 um.
Total wire length on LAYER met3 = 229682 um.
Total wire length on LAYER met4 = 152426 um.
Total wire length on LAYER met5 = 3151 um.
Total number of vias = 262690.
Up-via summary (total 262690):

-------------------------
 FR_MASTERSLICE         0
            li1    110905
           met1    126001
           met2     19248
           met3      6382
           met4       154
-------------------------
               262690


[INFO DRT-0195] Start 7th optimization iteration.
    Completing 10% with 142 violations.
    elapsed time = 00:00:00, memory = 3679.21 (MB).
    Completing 20% with 142 violations.
    elapsed time = 00:00:00, memory = 3679.21 (MB).
    Completing 30% with 124 violations.
    elapsed time = 00:00:07, memory = 3679.21 (MB).
    Completing 40% with 124 violations.
    elapsed time = 00:00:07, memory = 3679.21 (MB).
    Completing 50% with 124 violations.
    elapsed time = 00:00:08, memory = 3999.51 (MB).
    Completing 60% with 95 violations.
    elapsed time = 00:00:13, memory = 3695.45 (MB).
    Completing 70% with 95 violations.
    elapsed time = 00:00:13, memory = 3695.45 (MB).
    Completing 80% with 87 violations.
    elapsed time = 00:00:15, memory = 3695.45 (MB).
    Completing 90% with 87 violations.
    elapsed time = 00:00:15, memory = 3695.45 (MB).
    Completing 100% with 80 violations.
    elapsed time = 00:00:20, memory = 3695.45 (MB).
[INFO DRT-0199]   Number of violations = 80.
Viol/Layer        mcon   met1   met2
Cut Spacing          1      0      0
Metal Spacing        0     45      3
Short                0     31      0
[INFO DRT-0267] cpu time = 00:00:49, elapsed time = 00:00:20, memory = 3695.45 (MB), peak = 5001.52 (MB)
Total wire length = 1365423 um.
Total wire length on LAYER li1 = 0 um.
Total wire length on LAYER met1 = 450318 um.
Total wire length on LAYER met2 = 529694 um.
Total wire length on LAYER met3 = 229754 um.
Total wire length on LAYER met4 = 152503 um.
Total wire length on LAYER met5 = 3151 um.
Total number of vias = 262714.
Up-via summary (total 262714):

-------------------------
 FR_MASTERSLICE         0
            li1    110906
           met1    126010
           met2     19252
           met3      6392
           met4       154
-------------------------
               262714


[INFO DRT-0195] Start 8th guides tiles iteration.
    Completing 10% with 80 violations.
    elapsed time = 00:00:00, memory = 3737.82 (MB).
    Completing 20% with 80 violations.
    elapsed time = 00:00:00, memory = 3737.82 (MB).
    Completing 30% with 80 violations.
    elapsed time = 00:00:00, memory = 3737.82 (MB).
    Completing 40% with 80 violations.
    elapsed time = 00:00:01, memory = 3737.82 (MB).
    Completing 50% with 80 violations.
    elapsed time = 00:00:27, memory = 3695.45 (MB).
    Completing 60% with 76 violations.
    elapsed time = 00:00:27, memory = 3695.45 (MB).
    Completing 70% with 76 violations.
    elapsed time = 00:00:27, memory = 3695.45 (MB).
    Completing 80% with 76 violations.
    elapsed time = 00:00:27, memory = 3695.45 (MB).
    Completing 90% with 76 violations.
    elapsed time = 00:00:28, memory = 3695.45 (MB).
    Completing 100% with 36 violations.
    elapsed time = 00:00:29, memory = 3695.45 (MB).
[INFO DRT-0199]   Number of violations = 36.
Viol/Layer        met1   met2
Metal Spacing       22      1
Short               13      0
[INFO DRT-0267] cpu time = 00:00:37, elapsed time = 00:00:29, memory = 3695.45 (MB), peak = 5001.52 (MB)
Total wire length = 1365434 um.
Total wire length on LAYER li1 = 0 um.
Total wire length on LAYER met1 = 450299 um.
Total wire length on LAYER met2 = 529705 um.
Total wire length on LAYER met3 = 229775 um.
Total wire length on LAYER met4 = 152503 um.
Total wire length on LAYER met5 = 3151 um.
Total number of vias = 262734.
Up-via summary (total 262734):

-------------------------
 FR_MASTERSLICE         0
            li1    110904
           met1    126017
           met2     19265
           met3      6394
           met4       154
-------------------------
               262734


[INFO DRT-0195] Start 9th guides tiles iteration.
    Completing 10% with 36 violations.
    elapsed time = 00:00:00, memory = 3695.45 (MB).
    Completing 20% with 36 violations.
    elapsed time = 00:00:00, memory = 3695.45 (MB).
    Completing 30% with 36 violations.
    elapsed time = 00:00:00, memory = 3695.45 (MB).
    Completing 40% with 36 violations.
    elapsed time = 00:00:00, memory = 3695.45 (MB).
    Completing 50% with 36 violations.
    elapsed time = 00:00:01, memory = 3695.45 (MB).
    Completing 60% with 26 violations.
    elapsed time = 00:00:01, memory = 3695.45 (MB).
    Completing 70% with 26 violations.
    elapsed time = 00:00:01, memory = 3730.86 (MB).
    Completing 80% with 26 violations.
    elapsed time = 00:00:01, memory = 3730.86 (MB).
    Completing 90% with 26 violations.
    elapsed time = 00:00:03, memory = 3695.45 (MB).
    Completing 100% with 20 violations.
    elapsed time = 00:00:03, memory = 3695.45 (MB).
[INFO DRT-0199]   Number of violations = 20.
Viol/Layer        met1
Metal Spacing       16
Short                4
[INFO DRT-0267] cpu time = 00:00:08, elapsed time = 00:00:03, memory = 3695.45 (MB), peak = 5001.52 (MB)
Total wire length = 1365434 um.
Total wire length on LAYER li1 = 0 um.
Total wire length on LAYER met1 = 450266 um.
Total wire length on LAYER met2 = 529664 um.
Total wire length on LAYER met3 = 229802 um.
Total wire length on LAYER met4 = 152549 um.
Total wire length on LAYER met5 = 3151 um.
Total number of vias = 262742.
Up-via summary (total 262742):

-------------------------
 FR_MASTERSLICE         0
            li1    110905
           met1    126015
           met2     19270
           met3      6398
           met4       154
-------------------------
               262742


[INFO DRT-0195] Start 10th guides tiles iteration.
    Completing 10% with 20 violations.
    elapsed time = 00:00:00, memory = 3695.45 (MB).
    Completing 20% with 20 violations.
    elapsed time = 00:00:00, memory = 3695.45 (MB).
    Completing 30% with 20 violations.
    elapsed time = 00:00:00, memory = 3695.45 (MB).
    Completing 40% with 20 violations.
    elapsed time = 00:00:00, memory = 3695.45 (MB).
    Completing 50% with 20 violations.
    elapsed time = 00:00:00, memory = 3695.45 (MB).
    Completing 60% with 20 violations.
    elapsed time = 00:00:01, memory = 3695.45 (MB).
    Completing 70% with 8 violations.
    elapsed time = 00:00:01, memory = 3695.45 (MB).
    Completing 80% with 8 violations.
    elapsed time = 00:00:01, memory = 3695.45 (MB).
    Completing 90% with 8 violations.
    elapsed time = 00:00:01, memory = 3695.45 (MB).
    Completing 100% with 8 violations.
    elapsed time = 00:00:01, memory = 3695.45 (MB).
[INFO DRT-0199]   Number of violations = 8.
Viol/Layer        met1
Metal Spacing        6
Short                2
[INFO DRT-0267] cpu time = 00:00:03, elapsed time = 00:00:01, memory = 3695.45 (MB), peak = 5001.52 (MB)
Total wire length = 1365458 um.
Total wire length on LAYER li1 = 0 um.
Total wire length on LAYER met1 = 450280 um.
Total wire length on LAYER met2 = 529688 um.
Total wire length on LAYER met3 = 229788 um.
Total wire length on LAYER met4 = 152549 um.
Total wire length on LAYER met5 = 3151 um.
Total number of vias = 262754.
Up-via summary (total 262754):

-------------------------
 FR_MASTERSLICE         0
            li1    110905
           met1    126024
           met2     19273
           met3      6398
           met4       154
-------------------------
               262754


[INFO DRT-0195] Start 11th guides tiles iteration.
    Completing 20% with 8 violations.
    elapsed time = 00:00:00, memory = 3695.45 (MB).
    Completing 50% with 8 violations.
    elapsed time = 00:00:00, memory = 3695.45 (MB).
    Completing 70% with 8 violations.
    elapsed time = 00:00:00, memory = 3695.45 (MB).
    Completing 100% with 6 violations.
    elapsed time = 00:00:00, memory = 3695.45 (MB).
[INFO DRT-0199]   Number of violations = 6.
Viol/Layer        met1
Metal Spacing        4
Short                2
[INFO DRT-0267] cpu time = 00:00:01, elapsed time = 00:00:00, memory = 3695.45 (MB), peak = 5001.52 (MB)
Total wire length = 1365452 um.
Total wire length on LAYER li1 = 0 um.
Total wire length on LAYER met1 = 450273 um.
Total wire length on LAYER met2 = 529689 um.
Total wire length on LAYER met3 = 229788 um.
Total wire length on LAYER met4 = 152549 um.
Total wire length on LAYER met5 = 3151 um.
Total number of vias = 262760.
Up-via summary (total 262760):

-------------------------
 FR_MASTERSLICE         0
            li1    110905
           met1    126030
           met2     19273
           met3      6398
           met4       154
-------------------------
               262760


[INFO DRT-0195] Start 12th guides tiles iteration.
    Completing 30% with 6 violations.
    elapsed time = 00:00:00, memory = 3695.45 (MB).
    Completing 60% with 6 violations.
    elapsed time = 00:00:00, memory = 3695.45 (MB).
    Completing 100% with 6 violations.
    elapsed time = 00:00:00, memory = 3695.45 (MB).
[INFO DRT-0199]   Number of violations = 6.
Viol/Layer        met1
Metal Spacing        4
Short                2
[INFO DRT-0267] cpu time = 00:00:00, elapsed time = 00:00:00, memory = 3695.45 (MB), peak = 5001.52 (MB)
Total wire length = 1365452 um.
Total wire length on LAYER li1 = 0 um.
Total wire length on LAYER met1 = 450273 um.
Total wire length on LAYER met2 = 529689 um.
Total wire length on LAYER met3 = 229788 um.
Total wire length on LAYER met4 = 152549 um.
Total wire length on LAYER met5 = 3151 um.
Total number of vias = 262760.
Up-via summary (total 262760):

-------------------------
 FR_MASTERSLICE         0
            li1    110905
           met1    126030
           met2     19273
           met3      6398
           met4       154
-------------------------
               262760


[INFO DRT-0195] Start 13th stubborn tiles iteration.
    Completing 10% with 6 violations.
    elapsed time = 00:00:01, memory = 4174.07 (MB).
    Completing 20% with 6 violations.
    elapsed time = 00:00:02, memory = 4451.33 (MB).
    Completing 30% with 6 violations.
    elapsed time = 00:00:03, memory = 4603.98 (MB).
    Completing 40% with 6 violations.
    elapsed time = 00:00:04, memory = 4781.20 (MB).
    Completing 50% with 6 violations.
    elapsed time = 00:00:04, memory = 5068.56 (MB).
    Completing 60% with 6 violations.
    elapsed time = 00:00:05, memory = 5294.23 (MB).
    Completing 70% with 6 violations.
    elapsed time = 00:00:08, memory = 5543.86 (MB).
    Completing 80% with 6 violations.
    elapsed time = 00:00:10, memory = 5401.12 (MB).
    Completing 90% with 6 violations.
    elapsed time = 00:00:12, memory = 4881.25 (MB).
    Completing 100% with 0 violations.
    elapsed time = 00:00:15, memory = 4362.77 (MB).
[INFO DRT-0199]   Number of violations = 0.
[INFO DRT-0267] cpu time = 00:06:01, elapsed time = 00:00:15, memory = 4377.64 (MB), peak = 5745.46 (MB)
Total wire length = 1365470 um.
Total wire length on LAYER li1 = 0 um.
Total wire length on LAYER met1 = 450258 um.
Total wire length on LAYER met2 = 529700 um.
Total wire length on LAYER met3 = 229811 um.
Total wire length on LAYER met4 = 152549 um.
Total wire length on LAYER met5 = 3151 um.
Total number of vias = 262767.
Up-via summary (total 262767):

-------------------------
 FR_MASTERSLICE         0
            li1    110905
           met1    126037
           met2     19273
           met3      6398
           met4       154
-------------------------
               262767


[INFO DRT-0198] Complete detail routing.
Total wire length = 1365470 um.
Total wire length on LAYER li1 = 0 um.
Total wire length on LAYER met1 = 450258 um.
Total wire length on LAYER met2 = 529700 um.
Total wire length on LAYER met3 = 229811 um.
Total wire length on LAYER met4 = 152549 um.
Total wire length on LAYER met5 = 3151 um.
Total number of vias = 262767.
Up-via summary (total 262767):

-------------------------
 FR_MASTERSLICE         0
            li1    110905
           met1    126037
           met2     19273
           met3      6398
           met4       154
-------------------------
               262767


[INFO DRT-0267] cpu time = 01:56:58, elapsed time = 00:08:10, memory = 4377.64 (MB), peak = 5745.46 (MB)

[INFO DRT-0180] Post processing.
[INFO DRT-0501] Runtime: 514.15s
Took 514 seconds: detailed_route -output_drc /work/reports/sky130hd/m7_j3/p13p0/5_route_drc.rpt -output_maze /work/results/sky130hd/m7_j3/p13p0/maze.log -droute_end_iter 64 -verbose 1 -drc_report_iter_step 5
[INFO GRT-0012] Found 83 antenna violations.
[INFO DPL-0006] Core area: 482731.73 um^2
[INFO DPL-0007] Movable instances area: 0.00 um^2
[INFO DPL-0008] Fixed instances area within core: 288319.02 um^2
[INFO DPL-0009] Utilization: 59.7%
[INFO DPL-0005] Diamond search max displacement: +/- 500 sites horizontally, +/- 100 rows vertically.
[INFO DPL-1102] Legalizing using negotiation legalizer.
[INFO DPL-1103] Negotiation base search window: +/-20 sites horizontally, +/-5 rows vertically 
	Automatic search window extension enabled.
	Search window extendable up to the max displacement cap of +/-500 sites, +/-100 rows near walls.
[INFO DPL-1104] NegotiationLegalizer DRC penalty: 5.
[INFO DPL-0392] Negotiation cell height distribution (1 unique row-count(s)):
[INFO DPL-0393]   height 1 row(s): 38141 cells
[INFO DPL-0500] Runtime: 0.09s
[INFO GRT-0015] Inserted 108 diodes.
[WARNING DRT-0120] Large net net5219 has 175 pins which may impact routing performance. Consider optimization.
[WARNING DRT-0120] Large net net5220 has 159 pins which may impact routing performance. Consider optimization.
[WARNING DRT-0120] Large net net5223 has 130 pins which may impact routing performance. Consider optimization.
[WARNING DRT-0120] Large net net5233 has 122 pins which may impact routing performance. Consider optimization.
[WARNING DRT-0120] Large net net5269 has 114 pins which may impact routing performance. Consider optimization.
[INFO DRT-0024]   Complete FR_MASTERSLICE.
[INFO DRT-0024]   Complete Fr_VIA.
[INFO DRT-0024]   Complete li1.
[INFO DRT-0024]   Complete mcon.
[INFO DRT-0024]   Complete met1.
[INFO DRT-0024]   Complete via.
[INFO DRT-0024]   Complete met2.
[INFO DRT-0024]   Complete via2.
[INFO DRT-0024]   Complete met3.
[INFO DRT-0024]   Complete via3.
[INFO DRT-0024]   Complete met4.
[INFO DRT-0024]   Complete via4.
[INFO DRT-0024]   Complete met5.
[INFO DRT-0165] Start pin access.
[INFO DRT-0076]   Complete 1000 pins.
[INFO DRT-0076]   Complete 2000 pins.
[INFO DRT-0078]   Complete 2322 pins.
[INFO DRT-0079]   Complete 100 unique inst patterns.
[INFO DRT-0079]   Complete 200 unique inst patterns.
[INFO DRT-0081]   Complete 287 unique inst patterns.
[INFO DRT-0082]   Complete 10000 groups.
[INFO DRT-0084]   Complete 19894 groups.
#scanned instances     = 38141
#unique  instances     = 287
#stdCellGenAp          = 9542
#stdCellValidPlanarAp  = 125
#stdCellValidViaAp     = 6909
#stdCellPinNoAp        = 0
#stdCellPinCnt         = 112463
#instTermValidViaApCnt = 0
#macroGenAp            = 0
#macroValidPlanarAp    = 0
#macroValidViaAp       = 0
#macroNoAp             = 0
[INFO DRT-0166] Complete pin access.
[INFO DRT-0267] cpu time = 00:08:04, elapsed time = 00:00:17, memory = 3311.57 (MB), peak = 5745.46 (MB)
[INFO DRT-0156] guideIn read 100000 guides.
[INFO DRT-0156] guideIn read 200000 guides.

[INFO DRT-0157] Number of guides:     270446

[INFO DRT-0169] Post process guides.
[INFO DRT-0176] GCELLGRID X 0 DO 101 STEP 6900 ;
[INFO DRT-0177] GCELLGRID Y 0 DO 101 STEP 6900 ;
[INFO DRT-0026]   Complete 100000 origin guides.
[INFO DRT-0026]   Complete 200000 origin guides.
[INFO DRT-0028]   Complete FR_MASTERSLICE.
[INFO DRT-0028]   Complete Fr_VIA.
[INFO DRT-0028]   Complete li1.
[INFO DRT-0028]   Complete mcon.
[INFO DRT-0028]   Complete met1.
[INFO DRT-0028]   Complete via.
[INFO DRT-0028]   Complete met2.
[INFO DRT-0028]   Complete via2.
[INFO DRT-0028]   Complete met3.
[INFO DRT-0028]   Complete via3.
[INFO DRT-0028]   Complete met4.
[INFO DRT-0028]   Complete via4.
[INFO DRT-0028]   Complete met5.
[INFO DRT-0178] Init guide query.
[INFO DRT-0035]   Complete FR_MASTERSLICE (guide).
[INFO DRT-0035]   Complete Fr_VIA (guide).
[INFO DRT-0035]   Complete li1 (guide).
[INFO DRT-0035]   Complete mcon (guide).
[INFO DRT-0035]   Complete met1 (guide).
[INFO DRT-0035]   Complete via (guide).
[INFO DRT-0035]   Complete met2 (guide).
[INFO DRT-0035]   Complete via2 (guide).
[INFO DRT-0035]   Complete met3 (guide).
[INFO DRT-0035]   Complete via3 (guide).
[INFO DRT-0035]   Complete met4 (guide).
[INFO DRT-0035]   Complete via4 (guide).
[INFO DRT-0035]   Complete met5 (guide).
[INFO DRT-0036] FR_MASTERSLICE guide region query size = 0.
[INFO DRT-0036] FR_VIA guide region query size = 0.
[INFO DRT-0036] li1 guide region query size = 87510.
[INFO DRT-0036] mcon guide region query size = 0.
[INFO DRT-0036] met1 guide region query size = 77970.
[INFO DRT-0036] via guide region query size = 0.
[INFO DRT-0036] met2 guide region query size = 42602.
[INFO DRT-0036] via2 guide region query size = 0.
[INFO DRT-0036] met3 guide region query size = 6833.
[INFO DRT-0036] via3 guide region query size = 0.
[INFO DRT-0036] met4 guide region query size = 2908.
[INFO DRT-0036] via4 guide region query size = 0.
[INFO DRT-0036] met5 guide region query size = 103.
[INFO DRT-0179] Init gr pin query.
[INFO DRT-0267] cpu time = 00:00:01, elapsed time = 00:00:00, memory = 3311.57 (MB), peak = 5745.46 (MB)
[INFO DRT-0245] skipped writing guide updates to database.
[INFO DRT-0181] Start track assignment.
[INFO DRT-0184] Done with 133020 vertical wires in 3 frboxes and 84906 horizontal wires in 3 frboxes.
[INFO DRT-0186] Done with 21840 vertical wires in 3 frboxes and 28824 horizontal wires in 3 frboxes.
[INFO DRT-0182] Complete track assignment.
[INFO DRT-0267] cpu time = 00:00:09, elapsed time = 00:00:04, memory = 3554.44 (MB), peak = 5745.46 (MB)
[INFO DRT-0187] Start routing data preparation.
[INFO DRT-0267] cpu time = 00:00:00, elapsed time = 00:00:00, memory = 3554.44 (MB), peak = 5745.46 (MB)
[INFO DRT-0194] Start detail routing.
[INFO DRT-0195] Start 0th optimization iteration.
    Completing 10% with 0 violations.
    elapsed time = 00:00:01, memory = 4377.40 (MB).
    Completing 20% with 0 violations.
    elapsed time = 00:00:03, memory = 4325.12 (MB).
    Completing 30% with 3094 violations.
    elapsed time = 00:00:08, memory = 4653.45 (MB).
    Completing 40% with 3094 violations.
    elapsed time = 00:00:09, memory = 4514.02 (MB).
    Completing 50% with 3094 violations.
    elapsed time = 00:00:12, memory = 4015.12 (MB).
    Completing 60% with 5421 violations.
    elapsed time = 00:00:17, memory = 4656.69 (MB).
    Completing 70% with 5421 violations.
    elapsed time = 00:00:18, memory = 4283.70 (MB).
    Completing 80% with 8376 violations.
    elapsed time = 00:00:25, memory = 4894.21 (MB).
    Completing 90% with 8376 violations.
    elapsed time = 00:00:27, memory = 4639.22 (MB).
    Completing 100% with 10448 violations.
    elapsed time = 00:00:32, memory = 3780.30 (MB).
[INFO DRT-0199]   Number of violations = 11430.
Viol/Layer         li1   mcon   met1    via   met2   met3   met4   via4   met5
Cut Spacing          0      5      0      0      0      0      0      0      0
Metal Spacing        0      0    689      0    611     55     31      0      0
Min Hole             0      0      8      0      2      0      0      0      0
NS Metal             0      0      1      0      0      0      0      0      0
Recheck              2      0    471      0    376     55     78      0      0
Short                0      0   5032      5   3538    239    230      1      1
[INFO DRT-0267] cpu time = 00:07:39, elapsed time = 00:00:32, memory = 3949.59 (MB), peak = 5745.46 (MB)
Total wire length = 1366990 um.
Total wire length on LAYER li1 = 0 um.
Total wire length on LAYER met1 = 464376 um.
Total wire length on LAYER met2 = 538732 um.
Total wire length on LAYER met3 = 214939 um.
Total wire length on LAYER met4 = 146115 um.
Total wire length on LAYER met5 = 2827 um.
Total number of vias = 262969.
Up-via summary (total 262969):

-------------------------
 FR_MASTERSLICE         0
            li1    111059
           met1    127242
           met2     18469
           met3      6059
           met4       140
-------------------------
               262969


[INFO DRT-0195] Start 1st optimization iteration.
    Completing 10% with 11430 violations.
    elapsed time = 00:00:01, memory = 4833.88 (MB).
    Completing 20% with 11430 violations.
    elapsed time = 00:00:02, memory = 4596.39 (MB).
    Completing 30% with 10055 violations.
    elapsed time = 00:00:06, memory = 4803.53 (MB).
    Completing 40% with 10055 violations.
    elapsed time = 00:00:07, memory = 4798.95 (MB).
    Completing 50% with 10055 violations.
    elapsed time = 00:00:09, memory = 4322.05 (MB).
    Completing 60% with 8673 violations.
    elapsed time = 00:00:12, memory = 4775.46 (MB).
    Completing 70% with 8673 violations.
    elapsed time = 00:00:14, memory = 4657.15 (MB).
    Completing 80% with 7288 violations.
    elapsed time = 00:00:18, memory = 4963.35 (MB).
    Completing 90% with 7288 violations.
    elapsed time = 00:00:20, memory = 4805.99 (MB).
    Completing 100% with 5718 violations.
    elapsed time = 00:00:26, memory = 3920.23 (MB).
[INFO DRT-0199]   Number of violations = 5720.
Viol/Layer        mcon   met1    via   met2   met3   met4
Cut Spacing          3      0      0      0      0      0
Metal Spacing        0    441      0    420     33      8
Min Hole             0      1      0      0      0      0
Recheck              0      2      0      0      0      0
Short                0   3104      1   1548     59    100
[INFO DRT-0267] cpu time = 00:05:43, elapsed time = 00:00:27, memory = 3920.23 (MB), peak = 5745.46 (MB)
Total wire length = 1365070 um.
Total wire length on LAYER li1 = 0 um.
Total wire length on LAYER met1 = 463087 um.
Total wire length on LAYER met2 = 537358 um.
Total wire length on LAYER met3 = 215302 um.
Total wire length on LAYER met4 = 146507 um.
Total wire length on LAYER met5 = 2813 um.
Total number of vias = 262604.
Up-via summary (total 262604):

-------------------------
 FR_MASTERSLICE         0
            li1    111053
           met1    126877
           met2     18458
           met3      6078
           met4       138
-------------------------
               262604


[INFO DRT-0195] Start 2nd optimization iteration.
    Completing 10% with 5720 violations.
    elapsed time = 00:00:00, memory = 4994.65 (MB).
    Completing 20% with 5720 violations.
    elapsed time = 00:00:02, memory = 4361.31 (MB).
    Completing 30% with 5609 violations.
    elapsed time = 00:00:04, memory = 3920.23 (MB).
    Completing 40% with 5609 violations.
    elapsed time = 00:00:06, memory = 4784.90 (MB).
    Completing 50% with 5609 violations.
    elapsed time = 00:00:09, memory = 3920.24 (MB).
    Completing 60% with 5397 violations.
    elapsed time = 00:00:11, memory = 4994.06 (MB).
    Completing 70% with 5397 violations.
    elapsed time = 00:00:12, memory = 4346.09 (MB).
    Completing 80% with 5249 violations.
    elapsed time = 00:00:15, memory = 3920.24 (MB).
    Completing 90% with 5249 violations.
    elapsed time = 00:00:16, memory = 4845.90 (MB).
    Completing 100% with 5086 violations.
    elapsed time = 00:00:21, memory = 3920.24 (MB).
[INFO DRT-0199]   Number of violations = 5086.
Viol/Layer        mcon   met1   met2   met3   met4
Cut Spacing          4      0      0      0      0
Metal Spacing        0    353    411     27      9
Min Hole             0      1      0      0      0
Short                0   2645   1510     48     78
[INFO DRT-0267] cpu time = 00:04:42, elapsed time = 00:00:21, memory = 3920.36 (MB), peak = 5745.46 (MB)
Total wire length = 1364433 um.
Total wire length on LAYER li1 = 0 um.
Total wire length on LAYER met1 = 462544 um.
Total wire length on LAYER met2 = 537211 um.
Total wire length on LAYER met3 = 215386 um.
Total wire length on LAYER met4 = 146488 um.
Total wire length on LAYER met5 = 2802 um.
Total number of vias = 262435.
Up-via summary (total 262435):

-------------------------
 FR_MASTERSLICE         0
            li1    111056
           met1    126711
           met2     18461
           met3      6068
           met4       139
-------------------------
               262435


[INFO DRT-0195] Start 3rd optimization iteration.
    Completing 10% with 5086 violations.
    elapsed time = 00:00:00, memory = 4931.00 (MB).
    Completing 20% with 5086 violations.
    elapsed time = 00:00:02, memory = 4580.07 (MB).
    Completing 30% with 4107 violations.
    elapsed time = 00:00:11, memory = 3920.36 (MB).
    Completing 40% with 4107 violations.
    elapsed time = 00:00:12, memory = 4881.26 (MB).
    Completing 50% with 4107 violations.
    elapsed time = 00:00:15, memory = 4175.79 (MB).
    Completing 60% with 3255 violations.
    elapsed time = 00:00:21, memory = 3920.36 (MB).
    Completing 70% with 3255 violations.
    elapsed time = 00:00:23, memory = 4474.42 (MB).
    Completing 80% with 2084 violations.
    elapsed time = 00:00:35, memory = 3922.96 (MB).
    Completing 90% with 2084 violations.
    elapsed time = 00:00:37, memory = 4715.74 (MB).
    Completing 100% with 1323 violations.
    elapsed time = 00:00:47, memory = 3923.90 (MB).
[INFO DRT-0199]   Number of violations = 1323.
Viol/Layer        mcon   met1   met2   met3   met4
Cut Spacing          3      0      0      0      0
Metal Spacing        0    307    107      5      0
Min Hole             0      1      0      0      0
Short                0    699    197      3      1
[INFO DRT-0267] cpu time = 00:07:27, elapsed time = 00:00:47, memory = 3902.83 (MB), peak = 5745.46 (MB)
Total wire length = 1364930 um.
Total wire length on LAYER li1 = 0 um.
Total wire length on LAYER met1 = 454319 um.
Total wire length on LAYER met2 = 533038 um.
Total wire length on LAYER met3 = 223931 um.
Total wire length on LAYER met4 = 150841 um.
Total wire length on LAYER met5 = 2798 um.
Total number of vias = 264320.
Up-via summary (total 264320):

-------------------------
 FR_MASTERSLICE         0
            li1    111049
           met1    126884
           met2     19789
           met3      6467
           met4       131
-------------------------
               264320


[INFO DRT-0195] Start 4th optimization iteration.
    Completing 10% with 1323 violations.
    elapsed time = 00:00:00, memory = 3902.83 (MB).
    Completing 20% with 1323 violations.
    elapsed time = 00:00:00, memory = 3902.83 (MB).
    Completing 30% with 977 violations.
    elapsed time = 00:00:09, memory = 3904.19 (MB).
    Completing 40% with 977 violations.
    elapsed time = 00:00:09, memory = 3904.19 (MB).
    Completing 50% with 977 violations.
    elapsed time = 00:00:09, memory = 4168.86 (MB).
    Completing 60% with 674 violations.
    elapsed time = 00:00:13, memory = 3904.19 (MB).
    Completing 70% with 674 violations.
    elapsed time = 00:00:13, memory = 3904.19 (MB).
    Completing 80% with 556 violations.
    elapsed time = 00:00:19, memory = 3904.19 (MB).
    Completing 90% with 556 violations.
    elapsed time = 00:00:19, memory = 3904.19 (MB).
    Completing 100% with 304 violations.
    elapsed time = 00:00:25, memory = 3904.19 (MB).
[INFO DRT-0199]   Number of violations = 304.
Viol/Layer        mcon   met1   met2   met3
Cut Spacing          1      0      0      0
Metal Spacing        0     89     37      0
Short                0    133     40      4
[INFO DRT-0267] cpu time = 00:01:44, elapsed time = 00:00:25, memory = 3904.19 (MB), peak = 5745.46 (MB)
Total wire length = 1364804 um.
Total wire length on LAYER li1 = 0 um.
Total wire length on LAYER met1 = 453295 um.
Total wire length on LAYER met2 = 532301 um.
Total wire length on LAYER met3 = 224922 um.
Total wire length on LAYER met4 = 151497 um.
Total wire length on LAYER met5 = 2788 um.
Total number of vias = 264474.
Up-via summary (total 264474):

-------------------------
 FR_MASTERSLICE         0
            li1    111050
           met1    126884
           met2     19907
           met3      6504
           met4       129
-------------------------
               264474


[INFO DRT-0195] Start 5th optimization iteration.
    Completing 10% with 304 violations.
    elapsed time = 00:00:00, memory = 3904.19 (MB).
    Completing 20% with 304 violations.
    elapsed time = 00:00:00, memory = 3904.19 (MB).
    Completing 30% with 261 violations.
    elapsed time = 00:00:04, memory = 3904.19 (MB).
    Completing 40% with 261 violations.
    elapsed time = 00:00:04, memory = 3904.19 (MB).
    Completing 50% with 261 violations.
    elapsed time = 00:00:04, memory = 3904.19 (MB).
    Completing 60% with 243 violations.
    elapsed time = 00:00:06, memory = 3904.19 (MB).
    Completing 70% with 243 violations.
    elapsed time = 00:00:06, memory = 3904.19 (MB).
    Completing 80% with 210 violations.
    elapsed time = 00:00:08, memory = 3904.19 (MB).
    Completing 90% with 210 violations.
    elapsed time = 00:00:08, memory = 3904.19 (MB).
    Completing 100% with 64 violations.
    elapsed time = 00:00:14, memory = 3904.19 (MB).
[INFO DRT-0199]   Number of violations = 64.
Viol/Layer        met1   met2
Metal Spacing       20      9
Short               34      1
[INFO DRT-0267] cpu time = 00:00:38, elapsed time = 00:00:14, memory = 3904.19 (MB), peak = 5745.46 (MB)
Total wire length = 1364654 um.
Total wire length on LAYER li1 = 0 um.
Total wire length on LAYER met1 = 453171 um.
Total wire length on LAYER met2 = 532199 um.
Total wire length on LAYER met3 = 224933 um.
Total wire length on LAYER met4 = 151561 um.
Total wire length on LAYER met5 = 2788 um.
Total number of vias = 264465.
Up-via summary (total 264465):

-------------------------
 FR_MASTERSLICE         0
            li1    111051
           met1    126867
           met2     19909
           met3      6509
           met4       129
-------------------------
               264465


[INFO DRT-0195] Start 6th guides tiles iteration.
    Completing 10% with 64 violations.
    elapsed time = 00:00:00, memory = 3904.19 (MB).
    Completing 20% with 64 violations.
    elapsed time = 00:00:00, memory = 3904.19 (MB).
    Completing 30% with 64 violations.
    elapsed time = 00:00:00, memory = 3904.19 (MB).
    Completing 40% with 64 violations.
    elapsed time = 00:00:01, memory = 3904.19 (MB).
    Completing 50% with 36 violations.
    elapsed time = 00:00:02, memory = 3904.19 (MB).
    Completing 60% with 36 violations.
    elapsed time = 00:00:02, memory = 3963.21 (MB).
    Completing 70% with 36 violations.
    elapsed time = 00:00:02, memory = 3963.21 (MB).
    Completing 80% with 36 violations.
    elapsed time = 00:00:03, memory = 3904.19 (MB).
    Completing 90% with 26 violations.
    elapsed time = 00:00:03, memory = 3997.43 (MB).
    Completing 100% with 20 violations.
    elapsed time = 00:00:08, memory = 3904.19 (MB).
[INFO DRT-0199]   Number of violations = 20.
Viol/Layer        met1   met2
Metal Spacing        3      5
Short               11      1
[INFO DRT-0267] cpu time = 00:00:13, elapsed time = 00:00:08, memory = 3904.19 (MB), peak = 5745.46 (MB)
Total wire length = 1364640 um.
Total wire length on LAYER li1 = 0 um.
Total wire length on LAYER met1 = 453098 um.
Total wire length on LAYER met2 = 532189 um.
Total wire length on LAYER met3 = 225003 um.
Total wire length on LAYER met4 = 151560 um.
Total wire length on LAYER met5 = 2788 um.
Total number of vias = 264472.
Up-via summary (total 264472):

-------------------------
 FR_MASTERSLICE         0
            li1    111052
           met1    126867
           met2     19915
           met3      6509
           met4       129
-------------------------
               264472


[INFO DRT-0195] Start 7th guides tiles iteration.
    Completing 10% with 20 violations.
    elapsed time = 00:00:00, memory = 3945.41 (MB).
    Completing 20% with 20 violations.
    elapsed time = 00:00:00, memory = 3955.00 (MB).
    Completing 40% with 20 violations.
    elapsed time = 00:00:00, memory = 3955.00 (MB).
    Completing 50% with 20 violations.
    elapsed time = 00:00:00, memory = 3955.00 (MB).
    Completing 70% with 20 violations.
    elapsed time = 00:00:02, memory = 3904.19 (MB).
    Completing 80% with 17 violations.
    elapsed time = 00:00:02, memory = 3904.19 (MB).
    Completing 100% with 17 violations.
    elapsed time = 00:00:03, memory = 3904.19 (MB).
[INFO DRT-0199]   Number of violations = 17.
Viol/Layer        met1   met2
Metal Spacing        3      2
Short               11      1
[INFO DRT-0267] cpu time = 00:00:06, elapsed time = 00:00:03, memory = 3904.19 (MB), peak = 5745.46 (MB)
Total wire length = 1364656 um.
Total wire length on LAYER li1 = 0 um.
Total wire length on LAYER met1 = 453091 um.
Total wire length on LAYER met2 = 532137 um.
Total wire length on LAYER met3 = 225020 um.
Total wire length on LAYER met4 = 151618 um.
Total wire length on LAYER met5 = 2788 um.
Total number of vias = 264474.
Up-via summary (total 264474):

-------------------------
 FR_MASTERSLICE         0
            li1    111052
           met1    126865
           met2     19917
           met3      6511
           met4       129
-------------------------
               264474


[INFO DRT-0195] Start 8th guides tiles iteration.
    Completing 10% with 17 violations.
    elapsed time = 00:00:00, memory = 3904.19 (MB).
    Completing 20% with 17 violations.
    elapsed time = 00:00:00, memory = 3904.19 (MB).
    Completing 30% with 17 violations.
    elapsed time = 00:00:00, memory = 3904.19 (MB).
    Completing 50% with 17 violations.
    elapsed time = 00:00:01, memory = 3904.19 (MB).
    Completing 60% with 17 violations.
    elapsed time = 00:00:01, memory = 3954.95 (MB).
    Completing 70% with 17 violations.
    elapsed time = 00:00:01, memory = 3954.95 (MB).
    Completing 80% with 17 violations.
    elapsed time = 00:00:01, memory = 3954.95 (MB).
    Completing 100% with 17 violations.
    elapsed time = 00:00:03, memory = 3904.19 (MB).
[INFO DRT-0199]   Number of violations = 17.
Viol/Layer        met1   met2
Metal Spacing        3      2
Short               11      1
[INFO DRT-0267] cpu time = 00:00:06, elapsed time = 00:00:03, memory = 3904.19 (MB), peak = 5745.46 (MB)
Total wire length = 1364656 um.
Total wire length on LAYER li1 = 0 um.
Total wire length on LAYER met1 = 453091 um.
Total wire length on LAYER met2 = 532137 um.
Total wire length on LAYER met3 = 225020 um.
Total wire length on LAYER met4 = 151618 um.
Total wire length on LAYER met5 = 2788 um.
Total number of vias = 264474.
Up-via summary (total 264474):

-------------------------
 FR_MASTERSLICE         0
            li1    111052
           met1    126865
           met2     19917
           met3      6511
           met4       129
-------------------------
               264474


[INFO DRT-0195] Start 9th stubborn tiles iteration.
    Completing 10% with 17 violations.
    elapsed time = 00:00:06, memory = 5341.01 (MB).
    Completing 20% with 17 violations.
    elapsed time = 00:00:10, memory = 5496.06 (MB).
    Completing 30% with 17 violations.
    elapsed time = 00:00:14, memory = 5846.82 (MB).
    Completing 40% with 17 violations.
    elapsed time = 00:00:15, memory = 6022.81 (MB).
    Completing 50% with 17 violations.
    elapsed time = 00:00:16, memory = 5916.44 (MB).
    Completing 60% with 17 violations.
    elapsed time = 00:00:23, memory = 4942.91 (MB).
    Completing 70% with 5 violations.
    elapsed time = 00:00:27, memory = 6412.86 (MB).
    Completing 80% with 5 violations.
    elapsed time = 00:00:30, memory = 6492.23 (MB).
    Completing 90% with 5 violations.
    elapsed time = 00:00:32, memory = 6136.74 (MB).
    Completing 100% with 0 violations.
    elapsed time = 00:00:45, memory = 5260.79 (MB).
[INFO DRT-0199]   Number of violations = 0.
[INFO DRT-0267] cpu time = 00:14:17, elapsed time = 00:00:45, memory = 5260.79 (MB), peak = 6544.02 (MB)
Total wire length = 1364679 um.
Total wire length on LAYER li1 = 0 um.
Total wire length on LAYER met1 = 453034 um.
Total wire length on LAYER met2 = 532127 um.
Total wire length on LAYER met3 = 225071 um.
Total wire length on LAYER met4 = 151657 um.
Total wire length on LAYER met5 = 2788 um.
Total number of vias = 264480.
Up-via summary (total 264480):

-------------------------
 FR_MASTERSLICE         0
            li1    111051
           met1    126866
           met2     19921
           met3      6513
           met4       129
-------------------------
               264480


[INFO DRT-0198] Complete detail routing.
Total wire length = 1364679 um.
Total wire length on LAYER li1 = 0 um.
Total wire length on LAYER met1 = 453034 um.
Total wire length on LAYER met2 = 532127 um.
Total wire length on LAYER met3 = 225071 um.
Total wire length on LAYER met4 = 151657 um.
Total wire length on LAYER met5 = 2788 um.
Total number of vias = 264480.
Up-via summary (total 264480):

-------------------------
 FR_MASTERSLICE         0
            li1    111051
           met1    126866
           met2     19921
           met3      6513
           met4       129
-------------------------
               264480


[INFO DRT-0267] cpu time = 00:42:41, elapsed time = 00:03:49, memory = 5260.79 (MB), peak = 6544.02 (MB)

[INFO DRT-0180] Post processing.
[INFO DRT-0501] Runtime: 253.35s
[INFO ANT-0002] Found 17 net violations.
[INFO ANT-0001] Found 20 pin violations.
[INFO GRT-0012] Found 17 antenna violations.
[INFO DPL-0006] Core area: 482731.73 um^2
[INFO DPL-0007] Movable instances area: 0.00 um^2
[INFO DPL-0008] Fixed instances area within core: 288369.07 um^2
[INFO DPL-0009] Utilization: 59.7%
[INFO DPL-0005] Diamond search max displacement: +/- 500 sites horizontally, +/- 100 rows vertically.
[INFO DPL-1102] Legalizing using negotiation legalizer.
[INFO DPL-1103] Negotiation base search window: +/-20 sites horizontally, +/-5 rows vertically 
	Automatic search window extension enabled.
	Search window extendable up to the max displacement cap of +/-500 sites, +/-100 rows near walls.
[INFO DPL-1104] NegotiationLegalizer DRC penalty: 5.
[INFO DPL-0392] Negotiation cell height distribution (1 unique row-count(s)):
[INFO DPL-0393]   height 1 row(s): 38161 cells
[INFO DPL-0500] Runtime: 0.11s
[INFO GRT-0015] Inserted 20 diodes.
[WARNING DRT-0120] Large net net5219 has 175 pins which may impact routing performance. Consider optimization.
[WARNING DRT-0120] Large net net5220 has 159 pins which may impact routing performance. Consider optimization.
[WARNING DRT-0120] Large net net5223 has 130 pins which may impact routing performance. Consider optimization.
[WARNING DRT-0120] Large net net5233 has 122 pins which may impact routing performance. Consider optimization.
[WARNING DRT-0120] Large net net5269 has 114 pins which may impact routing performance. Consider optimization.
[INFO DRT-0024]   Complete FR_MASTERSLICE.
[INFO DRT-0024]   Complete Fr_VIA.
[INFO DRT-0024]   Complete li1.
[INFO DRT-0024]   Complete mcon.
[INFO DRT-0024]   Complete met1.
[INFO DRT-0024]   Complete via.
[INFO DRT-0024]   Complete met2.
[INFO DRT-0024]   Complete via2.
[INFO DRT-0024]   Complete met3.
[INFO DRT-0024]   Complete via3.
[INFO DRT-0024]   Complete met4.
[INFO DRT-0024]   Complete via4.
[INFO DRT-0024]   Complete met5.
[INFO DRT-0165] Start pin access.
[INFO DRT-0076]   Complete 1000 pins.
[INFO DRT-0076]   Complete 2000 pins.
[INFO DRT-0078]   Complete 2322 pins.
[INFO DRT-0079]   Complete 100 unique inst patterns.
[INFO DRT-0079]   Complete 200 unique inst patterns.
[INFO DRT-0081]   Complete 287 unique inst patterns.
[INFO DRT-0082]   Complete 10000 groups.
[INFO DRT-0084]   Complete 19898 groups.
#scanned instances     = 38161
#unique  instances     = 287
#stdCellGenAp          = 9542
#stdCellValidPlanarAp  = 125
#stdCellValidViaAp     = 6909
#stdCellPinNoAp        = 0
#stdCellPinCnt         = 112463
#instTermValidViaApCnt = 0
#macroGenAp            = 0
#macroValidPlanarAp    = 0
#macroValidViaAp       = 0
#macroNoAp             = 0
[INFO DRT-0166] Complete pin access.
[INFO DRT-0267] cpu time = 00:08:17, elapsed time = 00:00:18, memory = 5214.45 (MB), peak = 6544.02 (MB)
[INFO DRT-0156] guideIn read 100000 guides.
[INFO DRT-0156] guideIn read 200000 guides.

[INFO DRT-0157] Number of guides:     270405

[INFO DRT-0169] Post process guides.
[INFO DRT-0176] GCELLGRID X 0 DO 101 STEP 6900 ;
[INFO DRT-0177] GCELLGRID Y 0 DO 101 STEP 6900 ;
[INFO DRT-0026]   Complete 100000 origin guides.
[INFO DRT-0026]   Complete 200000 origin guides.
[INFO DRT-0028]   Complete FR_MASTERSLICE.
[INFO DRT-0028]   Complete Fr_VIA.
[INFO DRT-0028]   Complete li1.
[INFO DRT-0028]   Complete mcon.
[INFO DRT-0028]   Complete met1.
[INFO DRT-0028]   Complete via.
[INFO DRT-0028]   Complete met2.
[INFO DRT-0028]   Complete via2.
[INFO DRT-0028]   Complete met3.
[INFO DRT-0028]   Complete via3.
[INFO DRT-0028]   Complete met4.
[INFO DRT-0028]   Complete via4.
[INFO DRT-0028]   Complete met5.
[INFO DRT-0178] Init guide query.
[INFO DRT-0035]   Complete FR_MASTERSLICE (guide).
[INFO DRT-0035]   Complete Fr_VIA (guide).
[INFO DRT-0035]   Complete li1 (guide).
[INFO DRT-0035]   Complete mcon (guide).
[INFO DRT-0035]   Complete met1 (guide).
[INFO DRT-0035]   Complete via (guide).
[INFO DRT-0035]   Complete met2 (guide).
[INFO DRT-0035]   Complete via2 (guide).
[INFO DRT-0035]   Complete met3 (guide).
[INFO DRT-0035]   Complete via3 (guide).
[INFO DRT-0035]   Complete met4 (guide).
[INFO DRT-0035]   Complete via4 (guide).
[INFO DRT-0035]   Complete met5 (guide).
[INFO DRT-0036] FR_MASTERSLICE guide region query size = 0.
[INFO DRT-0036] FR_VIA guide region query size = 0.
[INFO DRT-0036] li1 guide region query size = 87518.
[INFO DRT-0036] mcon guide region query size = 0.
[INFO DRT-0036] met1 guide region query size = 77975.
[INFO DRT-0036] via guide region query size = 0.
[INFO DRT-0036] met2 guide region query size = 42602.
[INFO DRT-0036] via2 guide region query size = 0.
[INFO DRT-0036] met3 guide region query size = 6819.
[INFO DRT-0036] via3 guide region query size = 0.
[INFO DRT-0036] met4 guide region query size = 2889.
[INFO DRT-0036] via4 guide region query size = 0.
[INFO DRT-0036] met5 guide region query size = 97.
[INFO DRT-0179] Init gr pin query.
[INFO DRT-0267] cpu time = 00:00:01, elapsed time = 00:00:00, memory = 5214.45 (MB), peak = 6544.02 (MB)
[INFO DRT-0245] skipped writing guide updates to database.
[INFO DRT-0181] Start track assignment.
[INFO DRT-0184] Done with 133009 vertical wires in 3 frboxes and 84891 horizontal wires in 3 frboxes.
[INFO DRT-0186] Done with 22064 vertical wires in 3 frboxes and 28708 horizontal wires in 3 frboxes.
[INFO DRT-0182] Complete track assignment.
[INFO DRT-0267] cpu time = 00:00:09, elapsed time = 00:00:04, memory = 5351.86 (MB), peak = 6544.02 (MB)
[INFO DRT-0187] Start routing data preparation.
[INFO DRT-0267] cpu time = 00:00:00, elapsed time = 00:00:00, memory = 5351.86 (MB), peak = 6544.02 (MB)
[INFO DRT-0194] Start detail routing.
[INFO DRT-0195] Start 0th optimization iteration.
    Completing 10% with 0 violations.
    elapsed time = 00:00:01, memory = 6101.18 (MB).
    Completing 20% with 0 violations.
    elapsed time = 00:00:01, memory = 5834.76 (MB).
    Completing 30% with 722 violations.
    elapsed time = 00:00:03, memory = 6153.82 (MB).
    Completing 40% with 722 violations.
    elapsed time = 00:00:04, memory = 6061.02 (MB).
    Completing 50% with 722 violations.
    elapsed time = 00:00:04, memory = 5645.09 (MB).
    Completing 60% with 1172 violations.
    elapsed time = 00:00:06, memory = 6151.44 (MB).
    Completing 70% with 1172 violations.
    elapsed time = 00:00:07, memory = 5925.07 (MB).
    Completing 80% with 1794 violations.
    elapsed time = 00:00:11, memory = 6377.21 (MB).
    Completing 90% with 1794 violations.
    elapsed time = 00:00:11, memory = 6118.18 (MB).
    Completing 100% with 2229 violations.
    elapsed time = 00:00:13, memory = 5373.10 (MB).
[INFO DRT-0199]   Number of violations = 2512.
Viol/Layer         li1   met1    via   met2   met3   met4
Metal Spacing        0    148      0    133     31      6
Min Hole             0      2      0      0      0      0
Recheck              1    129      0    116     26     11
Short                0   1022      1    732    108     46
[INFO DRT-0267] cpu time = 00:03:36, elapsed time = 00:00:13, memory = 5373.10 (MB), peak = 6544.02 (MB)
Total wire length = 1365483 um.
Total wire length on LAYER li1 = 0 um.
Total wire length on LAYER met1 = 455110 um.
Total wire length on LAYER met2 = 532983 um.
Total wire length on LAYER met3 = 223433 um.
Total wire length on LAYER met4 = 151202 um.
Total wire length on LAYER met5 = 2754 um.
Total number of vias = 264500.
Up-via summary (total 264500):

-------------------------
 FR_MASTERSLICE         0
            li1    111082
           met1    127122
           met2     19709
           met3      6462
           met4       125
-------------------------
               264500


[INFO DRT-0195] Start 1st optimization iteration.
    Completing 10% with 2512 violations.
    elapsed time = 00:00:00, memory = 6113.29 (MB).
    Completing 20% with 2512 violations.
    elapsed time = 00:00:01, memory = 5775.39 (MB).
    Completing 30% with 2109 violations.
    elapsed time = 00:00:03, memory = 6186.71 (MB).
    Completing 40% with 2109 violations.
    elapsed time = 00:00:04, memory = 6142.09 (MB).
    Completing 50% with 2109 violations.
    elapsed time = 00:00:04, memory = 5565.47 (MB).
    Completing 60% with 1535 violations.
    elapsed time = 00:00:07, memory = 6218.27 (MB).
    Completing 70% with 1535 violations.
    elapsed time = 00:00:08, memory = 6002.18 (MB).
    Completing 80% with 1162 violations.
    elapsed time = 00:00:10, memory = 6289.72 (MB).
    Completing 90% with 1162 violations.
    elapsed time = 00:00:10, memory = 6051.20 (MB).
    Completing 100% with 790 violations.
    elapsed time = 00:00:12, memory = 5389.29 (MB).
[INFO DRT-0199]   Number of violations = 790.
Viol/Layer        met1   met2   met3   met4
Metal Spacing       61     78     11      0
Short              415    176     38     11
[INFO DRT-0267] cpu time = 00:03:17, elapsed time = 00:00:12, memory = 5389.29 (MB), peak = 6544.02 (MB)
Total wire length = 1364751 um.
Total wire length on LAYER li1 = 0 um.
Total wire length on LAYER met1 = 454590 um.
Total wire length on LAYER met2 = 532547 um.
Total wire length on LAYER met3 = 223474 um.
Total wire length on LAYER met4 = 151385 um.
Total wire length on LAYER met5 = 2754 um.
Total number of vias = 264323.
Up-via summary (total 264323):

-------------------------
 FR_MASTERSLICE         0
            li1    111079
           met1    126938
           met2     19709
           met3      6472
           met4       125
-------------------------
               264323


[INFO DRT-0195] Start 2nd optimization iteration.
    Completing 10% with 790 violations.
    elapsed time = 00:00:00, memory = 5389.29 (MB).
    Completing 20% with 790 violations.
    elapsed time = 00:00:00, memory = 5864.82 (MB).
    Completing 30% with 734 violations.
    elapsed time = 00:00:02, memory = 5389.29 (MB).
    Completing 40% with 734 violations.
    elapsed time = 00:00:02, memory = 6195.41 (MB).
    Completing 50% with 734 violations.
    elapsed time = 00:00:04, memory = 5389.29 (MB).
    Completing 60% with 714 violations.
    elapsed time = 00:00:05, memory = 5389.29 (MB).
    Completing 70% with 714 violations.
    elapsed time = 00:00:05, memory = 5733.88 (MB).
    Completing 80% with 669 violations.
    elapsed time = 00:00:06, memory = 5389.29 (MB).
    Completing 90% with 669 violations.
    elapsed time = 00:00:06, memory = 5389.29 (MB).
    Completing 100% with 659 violations.
    elapsed time = 00:00:09, memory = 5389.29 (MB).
[INFO DRT-0199]   Number of violations = 659.
Viol/Layer        mcon   met1   met2   met3   met4
Cut Spacing          1      0      0      0      0
Metal Spacing        0     54     75      6      0
Short                0    341    136     39      7
[INFO DRT-0267] cpu time = 00:01:29, elapsed time = 00:00:09, memory = 5389.29 (MB), peak = 6544.02 (MB)
Total wire length = 1364616 um.
Total wire length on LAYER li1 = 0 um.
Total wire length on LAYER met1 = 454477 um.
Total wire length on LAYER met2 = 532535 um.
Total wire length on LAYER met3 = 223505 um.
Total wire length on LAYER met4 = 151343 um.
Total wire length on LAYER met5 = 2754 um.
Total number of vias = 264245.
Up-via summary (total 264245):

-------------------------
 FR_MASTERSLICE         0
            li1    111084
           met1    126872
           met2     19703
           met3      6461
           met4       125
-------------------------
               264245


[INFO DRT-0195] Start 3rd optimization iteration.
    Completing 10% with 659 violations.
    elapsed time = 00:00:00, memory = 5389.29 (MB).
    Completing 20% with 659 violations.
    elapsed time = 00:00:00, memory = 5389.29 (MB).
    Completing 30% with 518 violations.
    elapsed time = 00:00:07, memory = 5395.10 (MB).
    Completing 40% with 518 violations.
    elapsed time = 00:00:07, memory = 5395.10 (MB).
    Completing 50% with 518 violations.
    elapsed time = 00:00:08, memory = 5599.04 (MB).
    Completing 60% with 419 violations.
    elapsed time = 00:00:11, memory = 5395.10 (MB).
    Completing 70% with 419 violations.
    elapsed time = 00:00:11, memory = 5947.35 (MB).
    Completing 80% with 296 violations.
    elapsed time = 00:00:15, memory = 5395.10 (MB).
    Completing 90% with 296 violations.
    elapsed time = 00:00:15, memory = 5395.10 (MB).
    Completing 100% with 163 violations.
    elapsed time = 00:00:19, memory = 5395.10 (MB).
[INFO DRT-0199]   Number of violations = 163.
Viol/Layer        met1   met2   met3   met4
Metal Spacing       34     19      0      0
Short               80     26      2      2
[INFO DRT-0267] cpu time = 00:01:38, elapsed time = 00:00:19, memory = 5395.10 (MB), peak = 6544.02 (MB)
Total wire length = 1364763 um.
Total wire length on LAYER li1 = 0 um.
Total wire length on LAYER met1 = 453470 um.
Total wire length on LAYER met2 = 532006 um.
Total wire length on LAYER met3 = 224561 um.
Total wire length on LAYER met4 = 151998 um.
Total wire length on LAYER met5 = 2726 um.
Total number of vias = 264585.
Up-via summary (total 264585):

-------------------------
 FR_MASTERSLICE         0
            li1    111079
           met1    126961
           met2     19913
           met3      6511
           met4       121
-------------------------
               264585


[INFO DRT-0195] Start 4th optimization iteration.
    Completing 10% with 163 violations.
    elapsed time = 00:00:00, memory = 5395.10 (MB).
    Completing 20% with 163 violations.
    elapsed time = 00:00:00, memory = 5395.10 (MB).
    Completing 30% with 108 violations.
    elapsed time = 00:00:01, memory = 5395.10 (MB).
    Completing 40% with 108 violations.
    elapsed time = 00:00:01, memory = 5395.10 (MB).
    Completing 50% with 108 violations.
    elapsed time = 00:00:01, memory = 5395.10 (MB).
    Completing 60% with 90 violations.
    elapsed time = 00:00:04, memory = 5395.28 (MB).
    Completing 70% with 90 violations.
    elapsed time = 00:00:04, memory = 5395.28 (MB).
    Completing 80% with 14 violations.
    elapsed time = 00:00:06, memory = 5395.28 (MB).
    Completing 90% with 14 violations.
    elapsed time = 00:00:06, memory = 5395.28 (MB).
    Completing 100% with 8 violations.
    elapsed time = 00:00:06, memory = 5395.28 (MB).
[INFO DRT-0199]   Number of violations = 8.
Viol/Layer        met1
Metal Spacing        8
[INFO DRT-0267] cpu time = 00:00:16, elapsed time = 00:00:06, memory = 5395.28 (MB), peak = 6544.02 (MB)
Total wire length = 1364817 um.
Total wire length on LAYER li1 = 0 um.
Total wire length on LAYER met1 = 453167 um.
Total wire length on LAYER met2 = 531913 um.
Total wire length on LAYER met3 = 224883 um.
Total wire length on LAYER met4 = 152126 um.
Total wire length on LAYER met5 = 2726 um.
Total number of vias = 264664.
Up-via summary (total 264664):

-------------------------
 FR_MASTERSLICE         0
            li1    111081
           met1    126981
           met2     19961
           met3      6520
           met4       121
-------------------------
               264664


[INFO DRT-0195] Start 5th guides tiles iteration.
    Completing 50% with 8 violations.
    elapsed time = 00:00:00, memory = 5395.28 (MB).
    Completing 100% with 0 violations.
    elapsed time = 00:00:00, memory = 5395.28 (MB).
[INFO DRT-0199]   Number of violations = 0.
[INFO DRT-0267] cpu time = 00:00:01, elapsed time = 00:00:00, memory = 5395.28 (MB), peak = 6544.02 (MB)
Total wire length = 1364817 um.
Total wire length on LAYER li1 = 0 um.
Total wire length on LAYER met1 = 453166 um.
Total wire length on LAYER met2 = 531914 um.
Total wire length on LAYER met3 = 224883 um.
Total wire length on LAYER met4 = 152126 um.
Total wire length on LAYER met5 = 2726 um.
Total number of vias = 264666.
Up-via summary (total 264666):

-------------------------
 FR_MASTERSLICE         0
            li1    111081
           met1    126983
           met2     19961
           met3      6520
           met4       121
-------------------------
               264666


[INFO DRT-0198] Complete detail routing.
Total wire length = 1364817 um.
Total wire length on LAYER li1 = 0 um.
Total wire length on LAYER met1 = 453166 um.
Total wire length on LAYER met2 = 531914 um.
Total wire length on LAYER met3 = 224883 um.
Total wire length on LAYER met4 = 152126 um.
Total wire length on LAYER met5 = 2726 um.
Total number of vias = 264666.
Up-via summary (total 264666):

-------------------------
 FR_MASTERSLICE         0
            li1    111081
           met1    126983
           met2     19961
           met3      6520
           met4       121
-------------------------
               264666


[INFO DRT-0267] cpu time = 00:10:19, elapsed time = 00:01:02, memory = 5395.28 (MB), peak = 6544.02 (MB)

[INFO DRT-0180] Post processing.
[INFO DRT-0501] Runtime: 87.01s
[INFO ANT-0002] Found 3 net violations.
[INFO ANT-0001] Found 3 pin violations.
[INFO GRT-0012] Found 3 antenna violations.
[INFO DPL-0006] Core area: 482731.73 um^2
[INFO DPL-0007] Movable instances area: 0.00 um^2
[INFO DPL-0008] Fixed instances area within core: 288376.58 um^2
[INFO DPL-0009] Utilization: 59.7%
[INFO DPL-0005] Diamond search max displacement: +/- 500 sites horizontally, +/- 100 rows vertically.
[INFO DPL-1102] Legalizing using negotiation legalizer.
[INFO DPL-1103] Negotiation base search window: +/-20 sites horizontally, +/-5 rows vertically 
	Automatic search window extension enabled.
	Search window extendable up to the max displacement cap of +/-500 sites, +/-100 rows near walls.
[INFO DPL-1104] NegotiationLegalizer DRC penalty: 5.
[INFO DPL-0392] Negotiation cell height distribution (1 unique row-count(s)):
[INFO DPL-0393]   height 1 row(s): 38164 cells
[INFO DPL-0500] Runtime: 0.12s
[INFO GRT-0015] Inserted 3 diodes.
[WARNING DRT-0120] Large net net5219 has 175 pins which may impact routing performance. Consider optimization.
[WARNING DRT-0120] Large net net5220 has 159 pins which may impact routing performance. Consider optimization.
[WARNING DRT-0120] Large net net5223 has 130 pins which may impact routing performance. Consider optimization.
[WARNING DRT-0120] Large net net5233 has 122 pins which may impact routing performance. Consider optimization.
[WARNING DRT-0120] Large net net5269 has 114 pins which may impact routing performance. Consider optimization.
[INFO DRT-0024]   Complete FR_MASTERSLICE.
[INFO DRT-0024]   Complete Fr_VIA.
[INFO DRT-0024]   Complete li1.
[INFO DRT-0024]   Complete mcon.
[INFO DRT-0024]   Complete met1.
[INFO DRT-0024]   Complete via.
[INFO DRT-0024]   Complete met2.
[INFO DRT-0024]   Complete via2.
[INFO DRT-0024]   Complete met3.
[INFO DRT-0024]   Complete via3.
[INFO DRT-0024]   Complete met4.
[INFO DRT-0024]   Complete via4.
[INFO DRT-0024]   Complete met5.
[INFO DRT-0165] Start pin access.
[INFO DRT-0076]   Complete 1000 pins.
[INFO DRT-0076]   Complete 2000 pins.
[INFO DRT-0078]   Complete 2322 pins.
[INFO DRT-0079]   Complete 100 unique inst patterns.
[INFO DRT-0079]   Complete 200 unique inst patterns.
[INFO DRT-0081]   Complete 287 unique inst patterns.
[INFO DRT-0082]   Complete 10000 groups.
[INFO DRT-0084]   Complete 19898 groups.
#scanned instances     = 38164
#unique  instances     = 287
#stdCellGenAp          = 9542
#stdCellValidPlanarAp  = 125
#stdCellValidViaAp     = 6909
#stdCellPinNoAp        = 0
#stdCellPinCnt         = 112463
#instTermValidViaApCnt = 0
#macroGenAp            = 0
#macroValidPlanarAp    = 0
#macroValidViaAp       = 0
#macroNoAp             = 0
[INFO DRT-0166] Complete pin access.
[INFO DRT-0267] cpu time = 00:08:18, elapsed time = 00:00:18, memory = 5194.74 (MB), peak = 6544.02 (MB)
[INFO DRT-0156] guideIn read 100000 guides.
[INFO DRT-0156] guideIn read 200000 guides.

[INFO DRT-0157] Number of guides:     270400

[INFO DRT-0169] Post process guides.
[INFO DRT-0176] GCELLGRID X 0 DO 101 STEP 6900 ;
[INFO DRT-0177] GCELLGRID Y 0 DO 101 STEP 6900 ;
[INFO DRT-0026]   Complete 100000 origin guides.
[INFO DRT-0026]   Complete 200000 origin guides.
[INFO DRT-0028]   Complete FR_MASTERSLICE.
[INFO DRT-0028]   Complete Fr_VIA.
[INFO DRT-0028]   Complete li1.
[INFO DRT-0028]   Complete mcon.
[INFO DRT-0028]   Complete met1.
[INFO DRT-0028]   Complete via.
[INFO DRT-0028]   Complete met2.
[INFO DRT-0028]   Complete via2.
[INFO DRT-0028]   Complete met3.
[INFO DRT-0028]   Complete via3.
[INFO DRT-0028]   Complete met4.
[INFO DRT-0028]   Complete via4.
[INFO DRT-0028]   Complete met5.
[INFO DRT-0178] Init guide query.
[INFO DRT-0035]   Complete FR_MASTERSLICE (guide).
[INFO DRT-0035]   Complete Fr_VIA (guide).
[INFO DRT-0035]   Complete li1 (guide).
[INFO DRT-0035]   Complete mcon (guide).
[INFO DRT-0035]   Complete met1 (guide).
[INFO DRT-0035]   Complete via (guide).
[INFO DRT-0035]   Complete met2 (guide).
[INFO DRT-0035]   Complete via2 (guide).
[INFO DRT-0035]   Complete met3 (guide).
[INFO DRT-0035]   Complete via3 (guide).
[INFO DRT-0035]   Complete met4 (guide).
[INFO DRT-0035]   Complete via4 (guide).
[INFO DRT-0035]   Complete met5 (guide).
[INFO DRT-0036] FR_MASTERSLICE guide region query size = 0.
[INFO DRT-0036] FR_VIA guide region query size = 0.
[INFO DRT-0036] li1 guide region query size = 87519.
[INFO DRT-0036] mcon guide region query size = 0.
[INFO DRT-0036] met1 guide region query size = 77975.
[INFO DRT-0036] via guide region query size = 0.
[INFO DRT-0036] met2 guide region query size = 42600.
[INFO DRT-0036] via2 guide region query size = 0.
[INFO DRT-0036] met3 guide region query size = 6815.
[INFO DRT-0036] via3 guide region query size = 0.
[INFO DRT-0036] met4 guide region query size = 2885.
[INFO DRT-0036] via4 guide region query size = 0.
[INFO DRT-0036] met5 guide region query size = 96.
[INFO DRT-0179] Init gr pin query.
[INFO DRT-0267] cpu time = 00:00:01, elapsed time = 00:00:00, memory = 5194.74 (MB), peak = 6544.02 (MB)
[INFO DRT-0245] skipped writing guide updates to database.
[INFO DRT-0181] Start track assignment.
[INFO DRT-0184] Done with 133004 vertical wires in 3 frboxes and 84886 horizontal wires in 3 frboxes.
[INFO DRT-0186] Done with 22012 vertical wires in 3 frboxes and 28803 horizontal wires in 3 frboxes.
[INFO DRT-0182] Complete track assignment.
[INFO DRT-0267] cpu time = 00:00:09, elapsed time = 00:00:04, memory = 5225.03 (MB), peak = 6544.02 (MB)
[INFO DRT-0187] Start routing data preparation.
[INFO DRT-0267] cpu time = 00:00:00, elapsed time = 00:00:00, memory = 5225.03 (MB), peak = 6544.02 (MB)
[INFO DRT-0194] Start detail routing.
[INFO DRT-0195] Start 0th optimization iteration.
    Completing 10% with 0 violations.
    elapsed time = 00:00:00, memory = 5753.23 (MB).
    Completing 20% with 0 violations.
    elapsed time = 00:00:01, memory = 5633.33 (MB).
    Completing 30% with 232 violations.
    elapsed time = 00:00:03, memory = 5816.48 (MB).
    Completing 40% with 232 violations.
    elapsed time = 00:00:03, memory = 5775.89 (MB).
    Completing 50% with 232 violations.
    elapsed time = 00:00:04, memory = 5453.21 (MB).
    Completing 60% with 404 violations.
    elapsed time = 00:00:05, memory = 5994.71 (MB).
    Completing 70% with 404 violations.
    elapsed time = 00:00:05, memory = 5654.25 (MB).
    Completing 80% with 622 violations.
    elapsed time = 00:00:07, memory = 5945.01 (MB).
    Completing 90% with 622 violations.
    elapsed time = 00:00:08, memory = 5817.97 (MB).
    Completing 100% with 709 violations.
    elapsed time = 00:00:09, memory = 5230.15 (MB).
[INFO DRT-0199]   Number of violations = 789.
Viol/Layer        met1   met2   met3   met4
Metal Spacing       51     29     16      0
Min Hole             1      0      0      0
Recheck             27     36      7     10
Short              270    295     30     17
[INFO DRT-0267] cpu time = 00:02:46, elapsed time = 00:00:09, memory = 5230.15 (MB), peak = 6544.02 (MB)
Total wire length = 1365037 um.
Total wire length on LAYER li1 = 0 um.
Total wire length on LAYER met1 = 453728 um.
Total wire length on LAYER met2 = 532496 um.
Total wire length on LAYER met3 = 224523 um.
Total wire length on LAYER met4 = 151561 um.
Total wire length on LAYER met5 = 2726 um.
Total number of vias = 264668.
Up-via summary (total 264668):

-------------------------
 FR_MASTERSLICE         0
            li1    111087
           met1    127061
           met2     19917
           met3      6482
           met4       121
-------------------------
               264668


[INFO DRT-0195] Start 1st optimization iteration.
    Completing 10% with 789 violations.
    elapsed time = 00:00:01, memory = 5817.19 (MB).
    Completing 20% with 789 violations.
    elapsed time = 00:00:01, memory = 5484.37 (MB).
    Completing 30% with 646 violations.
    elapsed time = 00:00:02, memory = 5819.96 (MB).
    Completing 40% with 646 violations.
    elapsed time = 00:00:03, memory = 5911.31 (MB).
    Completing 50% with 646 violations.
    elapsed time = 00:00:03, memory = 5365.89 (MB).
    Completing 60% with 523 violations.
    elapsed time = 00:00:05, memory = 6020.62 (MB).
    Completing 70% with 523 violations.
    elapsed time = 00:00:06, memory = 5682.30 (MB).
    Completing 80% with 343 violations.
    elapsed time = 00:00:07, memory = 6023.34 (MB).
    Completing 90% with 343 violations.
    elapsed time = 00:00:08, memory = 5915.53 (MB).
    Completing 100% with 185 violations.
    elapsed time = 00:00:09, memory = 5233.76 (MB).
[INFO DRT-0199]   Number of violations = 185.
Viol/Layer        met1   met2   met3
Metal Spacing       17     26      0
Short               71     63      8
[INFO DRT-0267] cpu time = 00:02:45, elapsed time = 00:00:09, memory = 5233.76 (MB), peak = 6544.02 (MB)
Total wire length = 1364847 um.
Total wire length on LAYER li1 = 0 um.
Total wire length on LAYER met1 = 453574 um.
Total wire length on LAYER met2 = 532408 um.
Total wire length on LAYER met3 = 224552 um.
Total wire length on LAYER met4 = 151586 um.
Total wire length on LAYER met5 = 2726 um.
Total number of vias = 264635.
Up-via summary (total 264635):

-------------------------
 FR_MASTERSLICE         0
            li1    111087
           met1    127021
           met2     19923
           met3      6483
           met4       121
-------------------------
               264635


[INFO DRT-0195] Start 2nd optimization iteration.
    Completing 10% with 185 violations.
    elapsed time = 00:00:00, memory = 5233.76 (MB).
    Completing 20% with 185 violations.
    elapsed time = 00:00:00, memory = 5233.76 (MB).
    Completing 30% with 169 violations.
    elapsed time = 00:00:01, memory = 5233.76 (MB).
    Completing 40% with 169 violations.
    elapsed time = 00:00:01, memory = 5233.76 (MB).
    Completing 50% with 169 violations.
    elapsed time = 00:00:02, memory = 5233.76 (MB).
    Completing 60% with 161 violations.
    elapsed time = 00:00:02, memory = 5233.76 (MB).
    Completing 70% with 161 violations.
    elapsed time = 00:00:02, memory = 5233.76 (MB).
    Completing 80% with 147 violations.
    elapsed time = 00:00:03, memory = 5233.76 (MB).
    Completing 90% with 147 violations.
    elapsed time = 00:00:03, memory = 5233.76 (MB).
    Completing 100% with 151 violations.
    elapsed time = 00:00:03, memory = 5233.76 (MB).
[INFO DRT-0199]   Number of violations = 151.
Viol/Layer        met1   met2   met3
Metal Spacing        2     21     13
Short               63     49      3
[INFO DRT-0267] cpu time = 00:00:21, elapsed time = 00:00:03, memory = 5233.76 (MB), peak = 6544.02 (MB)
Total wire length = 1364825 um.
Total wire length on LAYER li1 = 0 um.
Total wire length on LAYER met1 = 453560 um.
Total wire length on LAYER met2 = 532389 um.
Total wire length on LAYER met3 = 224534 um.
Total wire length on LAYER met4 = 151614 um.
Total wire length on LAYER met5 = 2726 um.
Total number of vias = 264602.
Up-via summary (total 264602):

-------------------------
 FR_MASTERSLICE         0
            li1    111086
           met1    127000
           met2     19918
           met3      6477
           met4       121
-------------------------
               264602


[INFO DRT-0195] Start 3rd optimization iteration.
    Completing 10% with 151 violations.
    elapsed time = 00:00:00, memory = 5233.76 (MB).
    Completing 20% with 151 violations.
    elapsed time = 00:00:00, memory = 5233.76 (MB).
    Completing 30% with 111 violations.
    elapsed time = 00:00:02, memory = 5233.84 (MB).
    Completing 40% with 111 violations.
    elapsed time = 00:00:02, memory = 5233.84 (MB).
    Completing 50% with 111 violations.
    elapsed time = 00:00:02, memory = 5233.84 (MB).
    Completing 60% with 85 violations.
    elapsed time = 00:00:03, memory = 5233.84 (MB).
    Completing 70% with 85 violations.
    elapsed time = 00:00:03, memory = 5233.84 (MB).
    Completing 80% with 30 violations.
    elapsed time = 00:00:18, memory = 5233.84 (MB).
    Completing 90% with 30 violations.
    elapsed time = 00:00:18, memory = 5233.84 (MB).
    Completing 100% with 18 violations.
    elapsed time = 00:00:21, memory = 5239.73 (MB).
[INFO DRT-0199]   Number of violations = 18.
Viol/Layer        met1   met2   met3
Metal Spacing        1      2      0
Short                3      9      3
[INFO DRT-0267] cpu time = 00:00:41, elapsed time = 00:00:21, memory = 5239.73 (MB), peak = 6544.02 (MB)
Total wire length = 1364808 um.
Total wire length on LAYER li1 = 0 um.
Total wire length on LAYER met1 = 453378 um.
Total wire length on LAYER met2 = 532167 um.
Total wire length on LAYER met3 = 224693 um.
Total wire length on LAYER met4 = 151842 um.
Total wire length on LAYER met5 = 2726 um.
Total number of vias = 264670.
Up-via summary (total 264670):

-------------------------
 FR_MASTERSLICE         0
            li1    111087
           met1    127026
           met2     19938
           met3      6498
           met4       121
-------------------------
               264670


[INFO DRT-0195] Start 4th guides tiles iteration.
    Completing 10% with 18 violations.
    elapsed time = 00:00:00, memory = 5239.73 (MB).
    Completing 20% with 18 violations.
    elapsed time = 00:00:00, memory = 5239.73 (MB).
    Completing 40% with 18 violations.
    elapsed time = 00:00:00, memory = 5239.73 (MB).
    Completing 50% with 18 violations.
    elapsed time = 00:00:00, memory = 5239.73 (MB).
    Completing 70% with 8 violations.
    elapsed time = 00:00:00, memory = 5239.73 (MB).
    Completing 80% with 8 violations.
    elapsed time = 00:00:01, memory = 5277.17 (MB).
    Completing 100% with 8 violations.
    elapsed time = 00:00:01, memory = 5239.73 (MB).
[INFO DRT-0199]   Number of violations = 8.
Viol/Layer        met2   met3
Metal Spacing        2      0
Short                3      3
[INFO DRT-0267] cpu time = 00:00:05, elapsed time = 00:00:02, memory = 5239.73 (MB), peak = 6544.02 (MB)
Total wire length = 1364827 um.
Total wire length on LAYER li1 = 0 um.
Total wire length on LAYER met1 = 453389 um.
Total wire length on LAYER met2 = 532151 um.
Total wire length on LAYER met3 = 224703 um.
Total wire length on LAYER met4 = 151856 um.
Total wire length on LAYER met5 = 2726 um.
Total number of vias = 264681.
Up-via summary (total 264681):

-------------------------
 FR_MASTERSLICE         0
            li1    111087
           met1    127032
           met2     19941
           met3      6500
           met4       121
-------------------------
               264681


[INFO DRT-0195] Start 5th guides tiles iteration.
    Completing 20% with 8 violations.
    elapsed time = 00:00:00, memory = 5239.73 (MB).
    Completing 50% with 8 violations.
    elapsed time = 00:00:00, memory = 5239.73 (MB).
    Completing 70% with 8 violations.
    elapsed time = 00:00:01, memory = 5239.73 (MB).
    Completing 100% with 8 violations.
    elapsed time = 00:00:01, memory = 5239.73 (MB).
[INFO DRT-0199]   Number of violations = 8.
Viol/Layer        met2   met3
Metal Spacing        2      0
Short                3      3
[INFO DRT-0267] cpu time = 00:00:04, elapsed time = 00:00:01, memory = 5239.73 (MB), peak = 6544.02 (MB)
Total wire length = 1364827 um.
Total wire length on LAYER li1 = 0 um.
Total wire length on LAYER met1 = 453389 um.
Total wire length on LAYER met2 = 532151 um.
Total wire length on LAYER met3 = 224703 um.
Total wire length on LAYER met4 = 151856 um.
Total wire length on LAYER met5 = 2726 um.
Total number of vias = 264681.
Up-via summary (total 264681):

-------------------------
 FR_MASTERSLICE         0
            li1    111087
           met1    127032
           met2     19941
           met3      6500
           met4       121
-------------------------
               264681


[INFO DRT-0195] Start 6th stubborn tiles iteration.
    Completing 10% with 8 violations.
    elapsed time = 00:00:01, memory = 6302.20 (MB).
    Completing 20% with 8 violations.
    elapsed time = 00:00:02, memory = 6358.48 (MB).
    Completing 30% with 8 violations.
    elapsed time = 00:00:05, memory = 6346.65 (MB).
    Completing 40% with 8 violations.
    elapsed time = 00:00:07, memory = 6421.68 (MB).
    Completing 50% with 8 violations.
    elapsed time = 00:00:09, memory = 6467.71 (MB).
    Completing 60% with 8 violations.
    elapsed time = 00:00:12, memory = 6727.67 (MB).
    Completing 70% with 8 violations.
    elapsed time = 00:00:14, memory = 6602.44 (MB).
    Completing 80% with 8 violations.
    elapsed time = 00:00:17, memory = 6263.23 (MB).
    Completing 90% with 8 violations.
    elapsed time = 00:00:23, memory = 6025.08 (MB).
    Completing 100% with 0 violations.
    elapsed time = 00:00:29, memory = 5727.07 (MB).
[INFO DRT-0199]   Number of violations = 0.
[INFO DRT-0267] cpu time = 00:09:53, elapsed time = 00:00:30, memory = 5727.07 (MB), peak = 6831.50 (MB)
Total wire length = 1364842 um.
Total wire length on LAYER li1 = 0 um.
Total wire length on LAYER met1 = 453383 um.
Total wire length on LAYER met2 = 532112 um.
Total wire length on LAYER met3 = 224719 um.
Total wire length on LAYER met4 = 151899 um.
Total wire length on LAYER met5 = 2726 um.
Total number of vias = 264685.
Up-via summary (total 264685):

-------------------------
 FR_MASTERSLICE         0
            li1    111088
           met1    127033
           met2     19945
           met3      6498
           met4       121
-------------------------
               264685


[INFO DRT-0198] Complete detail routing.
Total wire length = 1364842 um.
Total wire length on LAYER li1 = 0 um.
Total wire length on LAYER met1 = 453383 um.
Total wire length on LAYER met2 = 532112 um.
Total wire length on LAYER met3 = 224719 um.
Total wire length on LAYER met4 = 151899 um.
Total wire length on LAYER met5 = 2726 um.
Total number of vias = 264685.
Up-via summary (total 264685):

-------------------------
 FR_MASTERSLICE         0
            li1    111088
           met1    127033
           met2     19945
           met3      6498
           met4       121
-------------------------
               264685


[INFO DRT-0267] cpu time = 00:16:38, elapsed time = 00:01:18, memory = 5727.07 (MB), peak = 6831.50 (MB)

[INFO DRT-0180] Post processing.
[INFO DRT-0501] Runtime: 102.91s
[INFO ANT-0002] Found 0 net violations.
[INFO ANT-0001] Found 0 pin violations.
[INFO ANT-0002] Found 0 net violations.
[INFO ANT-0001] Found 0 pin violations.
Design area 288377 um^2 60% utilization.
write_db /work/results/sky130hd/m7_j3/p13p0/5_2_route.odb
Elapsed time: 16:13.46[h:]min:sec. CPU time: user 13407.63 sys 60.60 (1383%). Peak memory: 6995456KB.
Log                       Ext     Elapsed/s Peak Memory/MB sha1sum result [0:20)
5_2_route                 .odb          973           6831 4536e6469d6f26d87c0b
/OpenROAD-flow-scripts/flow/scripts/flow.sh 5_3_fillcell fillcell
Running fillcell.tcl, stage 5_3_fillcell
read_liberty /OpenROAD-flow-scripts/flow/platforms/sky130hd/lib/sky130_fd_sc_hd__tt_025C_1v80.lib
read_db -hier /work/results/sky130hd/m7_j3/p13p0/5_2_route.odb
[WARNING ORD-0012] Hierarchical flow (-hier) is currently in development and may cause multiple issues. Do not use in production environments.
read_sdc /work/results/sky130hd/m7_j3/p13p0/5_1_grt.sdc
source /OpenROAD-flow-scripts/flow/platforms/sky130hd/setRC.tcl
[WARNING STA-0450] virtual clock vclk_core_clock can not be propagated.
filler_placement "sky130_fd_sc_hd__fill_1 sky130_fd_sc_hd__fill_2 sky130_fd_sc_hd__fill_4 sky130_fd_sc_hd__fill_8"
[INFO DPL-0001] Placed 42595 filler instances.
Design area 288377 um^2 60% utilization.
write_db /work/results/sky130hd/m7_j3/p13p0/5_3_fillcell.odb
Elapsed time: 0:00.82[h:]min:sec. CPU time: user 0.71 sys 0.11 (100%). Peak memory: 306076KB.
Log                       Ext     Elapsed/s Peak Memory/MB sha1sum result [0:20)
5_3_fillcell              .odb            0            298 081d3dcb3cd8ba5a8917
cp /work/results/sky130hd/m7_j3/p13p0/5_3_fillcell.odb /work/results/sky130hd/m7_j3/p13p0/5_route.odb
cp /work/results/sky130hd/m7_j3/p13p0/5_1_grt.sdc /work/results/sky130hd/m7_j3/p13p0/5_route.sdc
/OpenROAD-flow-scripts/flow/scripts/flow.sh 6_1_fill density_fill
Running density_fill.tcl, stage 6_1_fill
read_liberty /OpenROAD-flow-scripts/flow/platforms/sky130hd/lib/sky130_fd_sc_hd__tt_025C_1v80.lib
read_db -hier /work/results/sky130hd/m7_j3/p13p0/5_route.odb
[WARNING ORD-0012] Hierarchical flow (-hier) is currently in development and may cause multiple issues. Do not use in production environments.
read_sdc /work/results/sky130hd/m7_j3/p13p0/5_route.sdc
source /OpenROAD-flow-scripts/flow/platforms/sky130hd/setRC.tcl
exec cp /work/results/sky130hd/m7_j3/p13p0/5_route.odb /work/results/sky130hd/m7_j3/p13p0/6_1_fill.odb
Elapsed time: 0:00.47[h:]min:sec. CPU time: user 0.39 sys 0.08 (100%). Peak memory: 247700KB.
Log                       Ext     Elapsed/s Peak Memory/MB sha1sum result [0:20)
6_1_fill                  .odb            0            241 081d3dcb3cd8ba5a8917
cp /work/results/sky130hd/m7_j3/p13p0/5_route.sdc /work/results/sky130hd/m7_j3/p13p0/6_1_fill.sdc
/OpenROAD-flow-scripts/flow/scripts/flow.sh 6_report final_report
Running final_report.tcl, stage 6_report
read_liberty /OpenROAD-flow-scripts/flow/platforms/sky130hd/lib/sky130_fd_sc_hd__tt_025C_1v80.lib
read_db -hier /work/results/sky130hd/m7_j3/p13p0/6_1_fill.odb
[WARNING ORD-0012] Hierarchical flow (-hier) is currently in development and may cause multiple issues. Do not use in production environments.
read_sdc /work/results/sky130hd/m7_j3/p13p0/6_1_fill.sdc
source /OpenROAD-flow-scripts/flow/platforms/sky130hd/setRC.tcl
[WARNING STA-0450] virtual clock vclk_core_clock can not be propagated.
write_db /work/results/sky130hd/m7_j3/p13p0/6_final.odb
write_sdc -no_timestamp /work/results/sky130hd/m7_j3/p13p0/6_final.sdc
Deleted 0 routing obstructions
Warning: master sky130_ef_sc_hd__decap_12 has signal pins but no liberty cell
[INFO RCX-0431] Defined process_corner X with ext_model_index 0
[INFO RCX-0029] Defined extraction corner X
[WARNING RCX-0514] The ext_model_file option is deprecated. Use set_extraction_rules_file command instead.
[INFO RCX-0435] Reading extraction model file /OpenROAD-flow-scripts/flow/platforms/sky130hd/rcx_patterns.rules ...
[INFO RCX-0436] RC segment generation m7_ppa_j3_top (max_merge_res 50.0) ...
[INFO RCX-0040] Final 141851 rc segments
[INFO RCX-0439] Coupling Cap extraction m7_ppa_j3_top ...
[INFO RCX-0440] Coupling threshhold is 0.1000 fF, coupling capacitance less than 0.1000 fF will be grounded.
[INFO RCX-0442] 52% of 303774 wires extracted
[INFO RCX-0442] 100% of 303774 wires extracted
[INFO RCX-0045] Extract 31447 nets, 173264 rsegs, 173264 caps, 383143 ccs
[INFO RCX-0443] 31447 nets finished
[INFO PSM-0040] All shapes on net VDD are connected.
########## IR report #################
Net              : VDD
Corner           : default
Total power      : 1.03e-01 W
Supply voltage   : 1.80e+00 V
Worstcase voltage: 1.80e+00 V
Average voltage  : 1.80e+00 V
Average IR drop  : 4.41e-05 V
Worstcase IR drop: 7.35e-04 V
Percentage drop  : 0.04 %
######################################
[INFO PSM-0040] All shapes on net VSS are connected.
########## IR report #################
Net              : VSS
Corner           : default
Total power      : 1.03e-01 W
Supply voltage   : 0.00e+00 V
Worstcase voltage: 8.25e-04 V
Average voltage  : 4.14e-05 V
Average IR drop  : 4.14e-05 V
Worstcase IR drop: 8.25e-04 V
Percentage drop  : 0.05 %
######################################
Cell type report:                       Count       Area
  Fill cell                             42595  194355.15
  Tap cell                               6425    8038.96
  Antenna cell                            189     472.95
  Clock buffer                            415    9466.58
  Timing Repair Buffer                   2301   20116.79
  Inverter                                446    1684.12
  Clock inverter                          243    3470.83
  Sequential cell                        2887   74352.56
  Multi-Input combinational cell        25258  170773.79
  Total                                 80759  482731.73
Report metrics stage 6, finish...

==========================================================================
finish report_design_area
--------------------------------------------------------------------------
Design area 288377 um^2 60% utilization.
[WARNING GUI-0076] QStandardPaths: XDG_RUNTIME_DIR not set, defaulting to '/tmp/runtime-'
Elapsed time: 0:18.75[h:]min:sec. CPU time: user 37.00 sys 12.18 (262%). Peak memory: 825568KB.
Log                       Ext     Elapsed/s Peak Memory/MB sha1sum result [0:20)
6_report                                 18            806                  N/A
cp /OpenROAD-flow-scripts/flow/platforms/sky130hd/lef/sky130_fd_sc_hd.tlef /work/objects/sky130hd/m7_j3/p13p0/klayout_tech.lef
/usr/bin/python3 /OpenROAD-flow-scripts/flow/util/generate_klayout_tech.py \
	--template /OpenROAD-flow-scripts/flow/platforms/sky130hd/sky130hd.lyt \
	--output /work/objects/sky130hd/m7_j3/p13p0/klayout.lyt \
	--lef-files /work/objects/sky130hd/m7_j3/p13p0/klayout_tech.lef /OpenROAD-flow-scripts/flow/platforms/sky130hd/lef/sky130_fd_sc_hd_merged.lef   \
	--map-files 
/usr/bin/python3 /OpenROAD-flow-scripts/flow/scripts/run_command.py --log /work/logs/sky130hd/m7_j3/p13p0/6_1_merge.log --tee -- \
        /OpenROAD-flow-scripts/flow/scripts/klayout.sh -zz -rd design_name=m7_ppa_j3_top \
        -rd in_def=/work/results/sky130hd/m7_j3/p13p0/6_final.def \
        -rd in_files="/OpenROAD-flow-scripts/flow/platforms/sky130hd/gds/sky130_fd_sc_hd.gds  " \
        -rd seal_file="" \
        -rd out_file=/work/results/sky130hd/m7_j3/p13p0/6_1_merged.gds \
        -rd tech_file=/work/objects/sky130hd/m7_j3/p13p0/klayout.lyt \
        -rd layer_map= \
        -r /OpenROAD-flow-scripts/flow/util/def2stream.py
KLayout 0.30.7
[INFO] Reporting cells prior to loading DEF ...
	/OpenROAD-flow-scripts/flow/platforms/sky130hd/gds/sky130_fd_sc_hd.gds
[INFO] All LEF cells have matching GDS/OAS cells
[INFO] No orphan cells in the final layout
Elapsed time: 0:02.07[h:]min:sec. CPU time: user 1.90 sys 0.16 (99%). Peak memory: 597564KB.
cp /work/results/sky130hd/m7_j3/p13p0/6_1_merged.gds /work/results/sky130hd/m7_j3/p13p0/6_final.gds
/work/logs/sky130hd/m7_j3/p13p0
Log                       Ext     Elapsed/s Peak Memory/MB sha1sum result [0:20)
1_1_yosys_canonicalize    .rtlil          0             77 f0ba75c1481b29c8b62a
1_2_yosys                 .v             53            269 5b29a3a4ec5cd127beaa
1_2_yosys                 .sdc                             a56667f6ad0d463e0909
1_synth                   .odb            0            208 48ad10bf1382f66e9a61
1_synth                   .sdc                             62aa4a20a378dd0a30ac
2_1_floorplan             .odb            4            253 0b1948c3030c6773d804
2_1_floorplan             .sdc                             62aa4a20a378dd0a30ac
2_2_floorplan_macro       .odb            0            185 0b1948c3030c6773d804
2_3_floorplan_tapcell     .odb            0            172 6234bcc41afcab5c80b9
2_4_floorplan_pdn         .odb            0            211 e6b589591fe3378af0e2
3_1_place_gp_skip_io      .odb           25            232 babdf16479a785f35113
3_2_place_iop             .odb            0            195 a5a0b902ad64228fabac
3_3_place_gp              .odb          113            634 a5875461394818b44809
3_4_place_resized         .odb           10            300 94c7ef07dddab66e954d
3_5_place_dp              .odb           14            341 dc08c264d90e7b702d01
4_1_cts                   .odb           12            391 f6fb731c1f9c8916b6fd
5_1_grt                   .odb           57           1071 411500840caf62e7c978
5_1_grt                   .sdc                             40d52bd43cb4f741e50e
5_2_route                 .odb          973           6831 4536e6469d6f26d87c0b
5_3_fillcell              .odb            0            298 081d3dcb3cd8ba5a8917
6_1_fill                  .odb            0            241 081d3dcb3cd8ba5a8917
6_1_fill                  .sdc                             40d52bd43cb4f741e50e
6_1_merge                                 2            583                  N/A
6_report                                 18            806                  N/A
Total                                  1281           6831                     
END_UTC=2026-08-13T11:55:38Z
ELAPSED_SEC=1297
EXIT_CODE=0
