START_UTC=2026-08-13T19:46:27Z
VARIANT=J1
CLOCK_PERIOD=18.0
FLOW_VARIANT=d3_j1_p18p0
ORFS_IMAGE=openroad/orfs@sha256:817b608c69a71fafc7b61baec11b4dc073fb8efb9d2714f9bd3316db4beba277
DIRECT_DOCKER=1
OPENROAD: /OpenROAD-flow-scripts/tools/OpenROAD
mkdir -p /work/results/sky130hd/m7_j1/d3_j1_p18p0/
echo 18.0 > /work/results/sky130hd/m7_j1/d3_j1_p18p0/clock_period.txt
/OpenROAD-flow-scripts/flow/scripts/synth.sh /OpenROAD-flow-scripts/flow/scripts/synth_canonicalize.tcl /work/logs/sky130hd/m7_j1/d3_j1_p18p0/1_1_yosys_canonicalize.log
Using ABC speed script.
Extracting clock period from SDC file: /work/results/sky130hd/m7_j1/d3_j1_p18p0/clock_period.txt
Setting clock period to 18.0
1. Executing Liberty frontend: /OpenROAD-flow-scripts/flow/platforms/sky130hd/lib/sky130_fd_sc_hd__tt_025C_1v80.lib
2. Executing Liberty frontend: /OpenROAD-flow-scripts/flow/platforms/sky130hd/lib/sky130_fd_sc_hd__tt_025C_1v80.lib
3. Executing SLANG frontend.
3.1. Executing PROC_CLEAN pass (remove empty switches from decision trees).
3.2. Executing TRIBUF pass.
3.3. Executing PROC_RMDEAD pass (remove dead branches from decision trees).
3.4. Executing PROC_PRUNE pass (remove redundant assignments in processes).
3.5. Executing PROC_INIT pass (extract init attributes).
3.6. Executing PROC_ROM pass (convert switches to ROMs).
3.7. Executing PROC_MUX pass (convert decision trees to multiplexers).
3.8. Executing PROC_CLEAN pass (remove empty switches from decision trees).
3.9. Executing OPT_EXPR pass (perform const folding).
4. Executing HIERARCHY pass (managing design hierarchy).
4.1. Analyzing design hierarchy..
4.2. Analyzing design hierarchy..
5. Executing OPT_CLEAN pass (remove unused cells and wires).
6. Executing RTLIL backend.
End of script. Logfile hash: e48bade0aa, time: 0.26s, user: 0.22s, system: 0.07s, MEM: 75.45 MB peak
Yosys 0.68+post (git sha1 UNKNOWN, Release, GNU /usr/local/bin/wrapped-cc/g++ 11.4.0)
Time spent: 35% 2x read_slang (0 sec), 22% 4x read_liberty (0 sec), ...
Elapsed time: 0:00.27[h:]min:sec. CPU time: user 0.24 sys 0.07 (116%). Peak memory: 77284KB.
Log                       Ext     Elapsed/s Peak Memory/MB sha1sum result [0:20)
1_1_yosys_canonicalize    .rtlil          0             75 cd86fca0f17c6f35c509
/OpenROAD-flow-scripts/flow/scripts/synth.sh /OpenROAD-flow-scripts/flow/scripts/synth.tcl /work/logs/sky130hd/m7_j1/d3_j1_p18p0/1_2_yosys.log
Using ABC speed script.
Extracting clock period from SDC file: /work/results/sky130hd/m7_j1/d3_j1_p18p0/clock_period.txt
Setting clock period to 18.0
1. Executing RTLIL frontend.
2. Executing HIERARCHY pass (managing design hierarchy).
2.1. Analyzing design hierarchy..
2.2. Analyzing design hierarchy..
3. Executing SYNTH pass.
3.1. Executing HIERARCHY pass (managing design hierarchy).
3.1.1. Analyzing design hierarchy..
3.1.2. Analyzing design hierarchy..
3.2. Executing PROC pass (convert processes to netlists).
3.2.1. Executing PROC_CLEAN pass (remove empty switches from decision trees).
3.2.2. Executing PROC_RMDEAD pass (remove dead branches from decision trees).
3.2.3. Executing PROC_PRUNE pass (remove redundant assignments in processes).
3.2.4. Executing PROC_INIT pass (extract init attributes).
3.2.5. Executing PROC_ARST pass (detect async resets in processes).
3.2.6. Executing PROC_ROM pass (convert switches to ROMs).
3.2.7. Executing PROC_MUX pass (convert decision trees to multiplexers).
3.2.8. Executing PROC_DLATCH pass (convert process syncs to latches).
3.2.9. Executing PROC_DFF pass (convert process syncs to FFs).
3.2.10. Executing PROC_MEMWR pass (convert process memory writes to cells).
3.2.11. Executing PROC_CLEAN pass (remove empty switches from decision trees).
3.2.12. Executing OPT_EXPR pass (perform const folding).
3.3. Executing CHECK pass (checking for obvious problems).
3.4. Executing FLATTEN pass (flatten design).
3.5. Executing OPT_EXPR pass (perform const folding).
3.6. Executing OPT_CLEAN pass (remove unused cells and wires).
3.7. Executing CHECK pass (checking for obvious problems).
3.8. Executing OPT pass (performing simple optimizations).
3.8.1. Executing OPT_EXPR pass (perform const folding).
3.8.2. Executing OPT_MERGE pass (detect identical cells).
3.8.3. Executing OPT_MUXTREE pass (detect dead branches in mux trees).
3.8.4. Executing OPT_REDUCE pass (consolidate $*mux and $reduce_* inputs).
3.8.5. Executing OPT_MERGE pass (detect identical cells).
3.8.6. Executing OPT_DFF pass (perform DFF optimizations).
3.8.7. Executing OPT_CLEAN pass (remove unused cells and wires).
3.8.8. Executing OPT_EXPR pass (perform const folding).
3.8.9. Rerunning OPT passes. (Maybe there is more to do..)
3.8.10. Executing OPT_MUXTREE pass (detect dead branches in mux trees).
3.8.11. Executing OPT_REDUCE pass (consolidate $*mux and $reduce_* inputs).
3.8.12. Executing OPT_MERGE pass (detect identical cells).
3.8.13. Executing OPT_DFF pass (perform DFF optimizations).
3.8.14. Executing OPT_CLEAN pass (remove unused cells and wires).
3.8.15. Executing OPT_EXPR pass (perform const folding).
3.8.16. Rerunning OPT passes. (Maybe there is more to do..)
3.8.17. Executing OPT_MUXTREE pass (detect dead branches in mux trees).
3.8.18. Executing OPT_REDUCE pass (consolidate $*mux and $reduce_* inputs).
3.8.19. Executing OPT_MERGE pass (detect identical cells).
3.8.20. Executing OPT_DFF pass (perform DFF optimizations).
3.8.21. Executing OPT_CLEAN pass (remove unused cells and wires).
3.8.22. Executing OPT_EXPR pass (perform const folding).
3.8.23. Finished fast OPT passes. (There is nothing left to do.)
3.9. Executing FSM pass (extract and optimize FSM).
3.9.1. Executing FSM_DETECT pass (finding FSMs in design).
3.9.2. Executing FSM_EXTRACT pass (extracting FSM from design).
3.9.3. Executing FSM_OPT pass (simple optimizations of FSMs).
3.9.4. Executing OPT_CLEAN pass (remove unused cells and wires).
3.9.5. Executing FSM_OPT pass (simple optimizations of FSMs).
3.9.6. Executing FSM_RECODE pass (re-assigning FSM state encoding).
3.9.7. Executing FSM_INFO pass (dumping all available information on FSM cells).
3.9.8. Executing FSM_MAP pass (mapping FSMs to basic logic).
3.10. Executing OPT pass (performing simple optimizations).
3.10.1. Executing OPT_EXPR pass (perform const folding).
3.10.2. Executing OPT_MERGE pass (detect identical cells).
3.10.3. Executing OPT_MUXTREE pass (detect dead branches in mux trees).
3.10.4. Executing OPT_REDUCE pass (consolidate $*mux and $reduce_* inputs).
3.10.5. Executing OPT_MERGE pass (detect identical cells).
3.10.6. Executing OPT_DFF pass (perform DFF optimizations).
3.10.7. Executing OPT_CLEAN pass (remove unused cells and wires).
3.10.8. Executing OPT_EXPR pass (perform const folding).
3.10.9. Rerunning OPT passes. (Maybe there is more to do..)
3.10.10. Executing OPT_MUXTREE pass (detect dead branches in mux trees).
3.10.11. Executing OPT_REDUCE pass (consolidate $*mux and $reduce_* inputs).
3.10.12. Executing OPT_MERGE pass (detect identical cells).
3.10.13. Executing OPT_DFF pass (perform DFF optimizations).
3.10.14. Executing OPT_CLEAN pass (remove unused cells and wires).
3.10.15. Executing OPT_EXPR pass (perform const folding).
3.10.16. Rerunning OPT passes. (Maybe there is more to do..)
3.10.17. Executing OPT_MUXTREE pass (detect dead branches in mux trees).
3.10.18. Executing OPT_REDUCE pass (consolidate $*mux and $reduce_* inputs).
3.10.19. Executing OPT_MERGE pass (detect identical cells).
3.10.20. Executing OPT_DFF pass (perform DFF optimizations).
3.10.21. Executing OPT_CLEAN pass (remove unused cells and wires).
3.10.22. Executing OPT_EXPR pass (perform const folding).
3.10.23. Rerunning OPT passes. (Maybe there is more to do..)
3.10.24. Executing OPT_MUXTREE pass (detect dead branches in mux trees).
3.10.25. Executing OPT_REDUCE pass (consolidate $*mux and $reduce_* inputs).
3.10.26. Executing OPT_MERGE pass (detect identical cells).
3.10.27. Executing OPT_DFF pass (perform DFF optimizations).
3.10.28. Executing OPT_CLEAN pass (remove unused cells and wires).
3.10.29. Executing OPT_EXPR pass (perform const folding).
3.10.30. Rerunning OPT passes. (Maybe there is more to do..)
3.10.31. Executing OPT_MUXTREE pass (detect dead branches in mux trees).
3.10.32. Executing OPT_REDUCE pass (consolidate $*mux and $reduce_* inputs).
3.10.33. Executing OPT_MERGE pass (detect identical cells).
3.10.34. Executing OPT_DFF pass (perform DFF optimizations).
3.10.35. Executing OPT_CLEAN pass (remove unused cells and wires).
3.10.36. Executing OPT_EXPR pass (perform const folding).
3.10.37. Finished fast OPT passes. (There is nothing left to do.)
3.11. Executing WREDUCE pass (reducing word size of cells).
3.12. Executing PEEPOPT pass (run peephole optimizers).
3.13. Executing OPT_CLEAN pass (remove unused cells and wires).
3.14. Executing ALUMACC pass (create $alu and $macc cells).
3.15. Executing SHARE pass (SAT-based resource sharing).
3.16. Executing OPT pass (performing simple optimizations).
3.16.1. Executing OPT_EXPR pass (perform const folding).
3.16.2. Executing OPT_MERGE pass (detect identical cells).
3.16.3. Executing OPT_MUXTREE pass (detect dead branches in mux trees).
3.16.4. Executing OPT_REDUCE pass (consolidate $*mux and $reduce_* inputs).
3.16.5. Executing OPT_MERGE pass (detect identical cells).
3.16.6. Executing OPT_DFF pass (perform DFF optimizations).
3.16.7. Executing OPT_CLEAN pass (remove unused cells and wires).
3.16.8. Executing OPT_EXPR pass (perform const folding).
3.16.9. Rerunning OPT passes. (Maybe there is more to do..)
3.16.10. Executing OPT_MUXTREE pass (detect dead branches in mux trees).
3.16.11. Executing OPT_REDUCE pass (consolidate $*mux and $reduce_* inputs).
3.16.12. Executing OPT_MERGE pass (detect identical cells).
3.16.13. Executing OPT_DFF pass (perform DFF optimizations).
3.16.14. Executing OPT_CLEAN pass (remove unused cells and wires).
3.16.15. Executing OPT_EXPR pass (perform const folding).
3.16.16. Finished fast OPT passes. (There is nothing left to do.)
3.17. Executing MEMORY pass.
3.17.1. Executing OPT_MEM pass (optimize memories).
3.17.2. Executing OPT_MEM_PRIORITY pass (removing unnecessary memory write priority relations).
3.17.3. Executing OPT_MEM_FEEDBACK pass (finding memory read-to-write feedback paths).
3.17.4. Executing MEMORY_BMUX2ROM pass (converting muxes to ROMs).
3.17.5. Executing MEMORY_DFF pass (merging $dff cells to $memrd).
3.17.6. Executing OPT_CLEAN pass (remove unused cells and wires).
3.17.7. Executing MEMORY_SHARE pass (consolidating $memrd/$memwr cells).
3.17.8. Executing OPT_MEM_WIDEN pass (optimize memories where all ports are wide).
3.17.9. Executing OPT_CLEAN pass (remove unused cells and wires).
3.17.10. Executing MEMORY_COLLECT pass (generating $mem cells).
3.18. Executing OPT_CLEAN pass (remove unused cells and wires).
4. Executing TECHMAP pass (map to technology primitives).
4.1. Executing Verilog-2005 frontend: /OpenROAD-flow-scripts/tools/install/yosys/bin/../share/yosys/techmap.v
4.2. Continuing TECHMAP pass.
5. Generating architectural options for $alu
5.1. Executing WRAPCELL pass. (wrap selected cells)
5.2. Executing TECHMAP pass (map to technology primitives).
5.2.1. Executing Verilog-2005 frontend: /OpenROAD-flow-scripts/tools/install/yosys/bin/../share/yosys/techmap.v
5.2.2. Executing Verilog-2005 frontend: /OpenROAD-flow-scripts/tools/install/yosys/bin/../share/yosys/choices/han-carlson.v
5.2.3. Continuing TECHMAP pass.
Warning: Latch inferred for signal `$paramod\_80_lcu_han_carlson\WIDTH=32'00000000000000000000000000100010.\j [4:0]' from process `$paramod\_80_lcu_han_carlson\WIDTH=32'00000000000000000000000000100010.$proc$/OpenROAD-flow-scripts/tools/install/yosys/bin/../share/yosys/choices/han-carlson.v:18$79156': $auto$proc_dlatch.cc:545:proc_dlatch$80476
Warning: Latch inferred for signal `$paramod\_80_lcu_han_carlson\WIDTH=32'00000000000000000000000000100010.\j [31:5]' from process `$paramod\_80_lcu_han_carlson\WIDTH=32'00000000000000000000000000100010.$proc$/OpenROAD-flow-scripts/tools/install/yosys/bin/../share/yosys/choices/han-carlson.v:18$79156': $auto$proc_dlatch.cc:547:proc_dlatch$80479
Warning: Latch inferred for signal `$paramod\_80_lcu_han_carlson\WIDTH=32'00000000000000000000000000100000.\j [3:0]' from process `$paramod\_80_lcu_han_carlson\WIDTH=32'00000000000000000000000000100000.$proc$/OpenROAD-flow-scripts/tools/install/yosys/bin/../share/yosys/choices/han-carlson.v:18$81021': $auto$proc_dlatch.cc:545:proc_dlatch$82248
Warning: Latch inferred for signal `$paramod\_80_lcu_han_carlson\WIDTH=32'00000000000000000000000000100000.\j [31:4]' from process `$paramod\_80_lcu_han_carlson\WIDTH=32'00000000000000000000000000100000.$proc$/OpenROAD-flow-scripts/tools/install/yosys/bin/../share/yosys/choices/han-carlson.v:18$81021': $auto$proc_dlatch.cc:547:proc_dlatch$82251
Warning: Latch inferred for signal `$paramod\_80_lcu_han_carlson\WIDTH=32'00000000000000000000000000100001.\j [4:0]' from process `$paramod\_80_lcu_han_carlson\WIDTH=32'00000000000000000000000000100001.$proc$/OpenROAD-flow-scripts/tools/install/yosys/bin/../share/yosys/choices/han-carlson.v:18$83200': $auto$proc_dlatch.cc:545:proc_dlatch$84460
Warning: Latch inferred for signal `$paramod\_80_lcu_han_carlson\WIDTH=32'00000000000000000000000000100001.\j [31:5]' from process `$paramod\_80_lcu_han_carlson\WIDTH=32'00000000000000000000000000100001.$proc$/OpenROAD-flow-scripts/tools/install/yosys/bin/../share/yosys/choices/han-carlson.v:18$83200': $auto$proc_dlatch.cc:547:proc_dlatch$84463
5.3. Executing TECHMAP pass (map to technology primitives).
5.3.1. Executing Verilog-2005 frontend: /OpenROAD-flow-scripts/tools/install/yosys/bin/../share/yosys/techmap.v
5.3.2. Executing Verilog-2005 frontend: /OpenROAD-flow-scripts/tools/install/yosys/bin/../share/yosys/choices/kogge-stone.v
5.3.3. Continuing TECHMAP pass.
5.4. Executing TECHMAP pass (map to technology primitives).
5.4.1. Executing Verilog-2005 frontend: /OpenROAD-flow-scripts/tools/install/yosys/bin/../share/yosys/techmap.v
5.4.2. Executing Verilog-2005 frontend: /OpenROAD-flow-scripts/tools/install/yosys/bin/../share/yosys/choices/sklansky.v
5.4.3. Continuing TECHMAP pass.
5.5. Executing TECHMAP pass (map to technology primitives).
5.5.1. Executing Verilog-2005 frontend: /OpenROAD-flow-scripts/tools/install/yosys/bin/../share/yosys/techmap.v
5.5.2. Continuing TECHMAP pass.
6. Generating architectural options for $macc
6.1. Executing WRAPCELL pass. (wrap selected cells)
6.2. Executing TECHMAP pass (map to technology primitives).
6.2.1. Executing Verilog-2005 frontend: /OpenROAD-flow-scripts/tools/install/yosys/bin/../share/yosys/techmap.v
6.2.2. Executing Verilog-2005 frontend: /OpenROAD-flow-scripts/flow/scripts/synth_wrap_operators-booth.v
6.2.3. Continuing TECHMAP pass.
6.3. Executing TECHMAP pass (map to technology primitives).
6.3.1. Executing Verilog-2005 frontend: /OpenROAD-flow-scripts/tools/install/yosys/bin/../share/yosys/techmap.v
6.3.2. Executing Verilog-2005 frontend: /OpenROAD-flow-scripts/tools/install/yosys/bin/../share/yosys/choices/han-carlson.v
6.3.3. Continuing TECHMAP pass.
7. Executing OPT pass (performing simple optimizations).
7.1. Executing OPT_EXPR pass (perform const folding).
7.2. Executing OPT_MERGE pass (detect identical cells).
7.3. Executing OPT_DFF pass (perform DFF optimizations).
7.4. Executing OPT_CLEAN pass (remove unused cells and wires).
7.5. Rerunning OPT passes. (Removed registers in this run.)
7.6. Executing OPT_EXPR pass (perform const folding).
7.7. Executing OPT_MERGE pass (detect identical cells).
7.8. Executing OPT_DFF pass (perform DFF optimizations).
7.9. Executing OPT_CLEAN pass (remove unused cells and wires).
7.10. Rerunning OPT passes. (Removed registers in this run.)
7.11. Executing OPT_EXPR pass (perform const folding).
7.12. Executing OPT_MERGE pass (detect identical cells).
7.13. Executing OPT_DFF pass (perform DFF optimizations).
7.14. Executing OPT_CLEAN pass (remove unused cells and wires).
7.15. Finished fast OPT passes.
8. Executing MEMORY_MAP pass (converting memories to logic and flip-flops).
9. Executing OPT pass (performing simple optimizations).
9.1. Executing OPT_EXPR pass (perform const folding).
9.2. Executing OPT_MERGE pass (detect identical cells).
9.3. Executing OPT_MUXTREE pass (detect dead branches in mux trees).
9.4. Executing OPT_REDUCE pass (consolidate $*mux and $reduce_* inputs).
9.5. Executing OPT_MERGE pass (detect identical cells).
9.6. Executing OPT_SHARE pass.
9.7. Executing OPT_DFF pass (perform DFF optimizations).
9.8. Executing OPT_CLEAN pass (remove unused cells and wires).
9.9. Executing OPT_EXPR pass (perform const folding).
9.10. Rerunning OPT passes. (Maybe there is more to do..)
9.11. Executing OPT_MUXTREE pass (detect dead branches in mux trees).
9.12. Executing OPT_REDUCE pass (consolidate $*mux and $reduce_* inputs).
9.13. Executing OPT_MERGE pass (detect identical cells).
9.14. Executing OPT_SHARE pass.
9.15. Executing OPT_DFF pass (perform DFF optimizations).
9.16. Executing OPT_CLEAN pass (remove unused cells and wires).
9.17. Executing OPT_EXPR pass (perform const folding).
9.18. Rerunning OPT passes. (Maybe there is more to do..)
9.19. Executing OPT_MUXTREE pass (detect dead branches in mux trees).
9.20. Executing OPT_REDUCE pass (consolidate $*mux and $reduce_* inputs).
9.21. Executing OPT_MERGE pass (detect identical cells).
9.22. Executing OPT_SHARE pass.
9.23. Executing OPT_DFF pass (perform DFF optimizations).
9.24. Executing OPT_CLEAN pass (remove unused cells and wires).
9.25. Executing OPT_EXPR pass (perform const folding).
9.26. Finished fast OPT passes. (There is nothing left to do.)
10. Executing TECHMAP pass (map to technology primitives).
10.1. Executing Verilog-2005 frontend: /OpenROAD-flow-scripts/tools/install/yosys/bin/../share/yosys/techmap.v
10.2. Executing Verilog-2005 frontend: /OpenROAD-flow-scripts/tools/install/yosys/bin/../share/yosys/choices/han-carlson.v
10.3. Continuing TECHMAP pass.
Warning: Latch inferred for signal `$paramod\_80_lcu_han_carlson\WIDTH=32'00000000000000000000000000000101.\j [1:0]' from process `$paramod\_80_lcu_han_carlson\WIDTH=32'00000000000000000000000000000101.$proc$/OpenROAD-flow-scripts/tools/install/yosys/bin/../share/yosys/choices/han-carlson.v:18$98413': $auto$proc_dlatch.cc:545:proc_dlatch$98569
Warning: Latch inferred for signal `$paramod\_80_lcu_han_carlson\WIDTH=32'00000000000000000000000000000101.\j [31:2]' from process `$paramod\_80_lcu_han_carlson\WIDTH=32'00000000000000000000000000000101.$proc$/OpenROAD-flow-scripts/tools/install/yosys/bin/../share/yosys/choices/han-carlson.v:18$98413': $auto$proc_dlatch.cc:547:proc_dlatch$98572
Warning: Latch inferred for signal `$paramod\_80_lcu_han_carlson\WIDTH=32'00000000000000000000000000000001.\j' from process `$paramod\_80_lcu_han_carlson\WIDTH=32'00000000000000000000000000000001.$proc$/OpenROAD-flow-scripts/tools/install/yosys/bin/../share/yosys/choices/han-carlson.v:18$98587': $auto$proc_dlatch.cc:545:proc_dlatch$98625
Warning: Latch inferred for signal `$paramod\_80_lcu_han_carlson\WIDTH=32'00000000000000000000000000000010.\j' from process `$paramod\_80_lcu_han_carlson\WIDTH=32'00000000000000000000000000000010.$proc$/OpenROAD-flow-scripts/tools/install/yosys/bin/../share/yosys/choices/han-carlson.v:18$98637': $auto$proc_dlatch.cc:545:proc_dlatch$98690
Warning: Latch inferred for signal `$paramod\_80_lcu_han_carlson\WIDTH=32'00000000000000000000000000001100.\j [2:0]' from process `$paramod\_80_lcu_han_carlson\WIDTH=32'00000000000000000000000000001100.$proc$/OpenROAD-flow-scripts/tools/install/yosys/bin/../share/yosys/choices/han-carlson.v:18$98724': $auto$proc_dlatch.cc:545:proc_dlatch$99129
Warning: Latch inferred for signal `$paramod\_80_lcu_han_carlson\WIDTH=32'00000000000000000000000000001100.\j [31:3]' from process `$paramod\_80_lcu_han_carlson\WIDTH=32'00000000000000000000000000001100.$proc$/OpenROAD-flow-scripts/tools/install/yosys/bin/../share/yosys/choices/han-carlson.v:18$98724': $auto$proc_dlatch.cc:547:proc_dlatch$99132
Warning: Latch inferred for signal `$paramod\_80_lcu_han_carlson\WIDTH=32'00000000000000000000000001000000.\j [4:0]' from process `$paramod\_80_lcu_han_carlson\WIDTH=32'00000000000000000000000001000000.$proc$/OpenROAD-flow-scripts/tools/install/yosys/bin/../share/yosys/choices/han-carlson.v:18$99397': $auto$proc_dlatch.cc:545:proc_dlatch$102112
Warning: Latch inferred for signal `$paramod\_80_lcu_han_carlson\WIDTH=32'00000000000000000000000001000000.\j [31:5]' from process `$paramod\_80_lcu_han_carlson\WIDTH=32'00000000000000000000000001000000.$proc$/OpenROAD-flow-scripts/tools/install/yosys/bin/../share/yosys/choices/han-carlson.v:18$99397': $auto$proc_dlatch.cc:547:proc_dlatch$102115
Warning: Latch inferred for signal `$paramod\_80_lcu_han_carlson\WIDTH=32'00000000000000000000000000011111.\j [3:0]' from process `$paramod\_80_lcu_han_carlson\WIDTH=32'00000000000000000000000000011111.$proc$/OpenROAD-flow-scripts/tools/install/yosys/bin/../share/yosys/choices/han-carlson.v:18$102490': $auto$proc_dlatch.cc:545:proc_dlatch$103666
Warning: Latch inferred for signal `$paramod\_80_lcu_han_carlson\WIDTH=32'00000000000000000000000000011111.\j [31:4]' from process `$paramod\_80_lcu_han_carlson\WIDTH=32'00000000000000000000000000011111.$proc$/OpenROAD-flow-scripts/tools/install/yosys/bin/../share/yosys/choices/han-carlson.v:18$102490': $auto$proc_dlatch.cc:547:proc_dlatch$103669
Warning: Latch inferred for signal `$paramod\_80_lcu_han_carlson\WIDTH=32'00000000000000000000000000011110.\j [3:0]' from process `$paramod\_80_lcu_han_carlson\WIDTH=32'00000000000000000000000000011110.$proc$/OpenROAD-flow-scripts/tools/install/yosys/bin/../share/yosys/choices/han-carlson.v:18$104165': $auto$proc_dlatch.cc:545:proc_dlatch$105308
Warning: Latch inferred for signal `$paramod\_80_lcu_han_carlson\WIDTH=32'00000000000000000000000000011110.\j [31:4]' from process `$paramod\_80_lcu_han_carlson\WIDTH=32'00000000000000000000000000011110.$proc$/OpenROAD-flow-scripts/tools/install/yosys/bin/../share/yosys/choices/han-carlson.v:18$104165': $auto$proc_dlatch.cc:547:proc_dlatch$105311
Warning: Latch inferred for signal `$paramod\_80_lcu_han_carlson\WIDTH=32'00000000000000000000000000000011.\j [0]' from process `$paramod\_80_lcu_han_carlson\WIDTH=32'00000000000000000000000000000011.$proc$/OpenROAD-flow-scripts/tools/install/yosys/bin/../share/yosys/choices/han-carlson.v:18$105371': $auto$proc_dlatch.cc:545:proc_dlatch$105470
Warning: Latch inferred for signal `$paramod\_80_lcu_han_carlson\WIDTH=32'00000000000000000000000000000011.\j [31:1]' from process `$paramod\_80_lcu_han_carlson\WIDTH=32'00000000000000000000000000000011.$proc$/OpenROAD-flow-scripts/tools/install/yosys/bin/../share/yosys/choices/han-carlson.v:18$105371': $auto$proc_dlatch.cc:547:proc_dlatch$105473
11. Executing OPT pass (performing simple optimizations).
11.1. Executing OPT_EXPR pass (perform const folding).
11.2. Executing OPT_MERGE pass (detect identical cells).
11.3. Executing OPT_MUXTREE pass (detect dead branches in mux trees).
11.4. Executing OPT_REDUCE pass (consolidate $*mux and $reduce_* inputs).
11.5. Executing OPT_MERGE pass (detect identical cells).
11.6. Executing OPT_DFF pass (perform DFF optimizations).
11.7. Executing OPT_CLEAN pass (remove unused cells and wires).
11.8. Executing OPT_EXPR pass (perform const folding).
11.9. Rerunning OPT passes. (Maybe there is more to do..)
11.10. Executing OPT_MUXTREE pass (detect dead branches in mux trees).
11.11. Executing OPT_REDUCE pass (consolidate $*mux and $reduce_* inputs).
11.12. Executing OPT_MERGE pass (detect identical cells).
11.13. Executing OPT_DFF pass (perform DFF optimizations).
11.14. Executing OPT_CLEAN pass (remove unused cells and wires).
11.15. Executing OPT_EXPR pass (perform const folding).
11.16. Finished fast OPT passes. (There is nothing left to do.)
12. Executing DFFLEGALIZE pass (convert FFs to types supported by the target).
13. Executing TECHMAP pass (map to technology primitives).
13.1. Executing Verilog-2005 frontend: /OpenROAD-flow-scripts/flow/platforms/sky130hd/cells_latch_hd.v
13.2. Continuing TECHMAP pass.
14. Executing DFFLIBMAP pass (mapping DFF cells to sequential cells from liberty file).
14.1. Executing DFFLEGALIZE pass (convert FFs to types supported by the target).
15. Executing OPT pass (performing simple optimizations).
15.1. Executing OPT_EXPR pass (perform const folding).
15.2. Executing OPT_MERGE pass (detect identical cells).
15.3. Executing OPT_MUXTREE pass (detect dead branches in mux trees).
15.4. Executing OPT_REDUCE pass (consolidate $*mux and $reduce_* inputs).
15.5. Executing OPT_MERGE pass (detect identical cells).
15.6. Executing OPT_DFF pass (perform DFF optimizations).
15.7. Executing OPT_CLEAN pass (remove unused cells and wires).
15.8. Executing OPT_EXPR pass (perform const folding).
15.9. Rerunning OPT passes. (Maybe there is more to do..)
15.10. Executing OPT_MUXTREE pass (detect dead branches in mux trees).
15.11. Executing OPT_REDUCE pass (consolidate $*mux and $reduce_* inputs).
15.12. Executing OPT_MERGE pass (detect identical cells).
15.13. Executing OPT_DFF pass (perform DFF optimizations).
15.14. Executing OPT_CLEAN pass (remove unused cells and wires).
15.15. Executing OPT_EXPR pass (perform const folding).
15.16. Finished fast OPT passes. (There is nothing left to do.)
16. Executing SETUNDEF pass (replace undef values with defined constants).
abc_new -liberty /OpenROAD-flow-scripts/flow/platforms/sky130hd/lib/sky130_fd_sc_hd__tt_025C_1v80.lib -dont_use sky130_fd_sc_hd__probe_p_8 -dont_use sky130_fd_sc_hd__probec_p_8 -dont_use sky130_fd_sc_hd__lpflow_bleeder_1 -dont_use sky130_fd_sc_hd__lpflow_clkbufkapwr_1 -dont_use sky130_fd_sc_hd__lpflow_clkbufkapwr_16 -dont_use sky130_fd_sc_hd__lpflow_clkbufkapwr_2 -dont_use sky130_fd_sc_hd__lpflow_clkbufkapwr_4 -dont_use sky130_fd_sc_hd__lpflow_clkbufkapwr_8 -dont_use sky130_fd_sc_hd__lpflow_clkinvkapwr_1 -dont_use sky130_fd_sc_hd__lpflow_clkinvkapwr_16 -dont_use sky130_fd_sc_hd__lpflow_clkinvkapwr_2 -dont_use sky130_fd_sc_hd__lpflow_clkinvkapwr_4 -dont_use sky130_fd_sc_hd__lpflow_clkinvkapwr_8 -dont_use sky130_fd_sc_hd__lpflow_decapkapwr_12 -dont_use sky130_fd_sc_hd__lpflow_decapkapwr_3 -dont_use sky130_fd_sc_hd__lpflow_decapkapwr_4 -dont_use sky130_fd_sc_hd__lpflow_decapkapwr_6 -dont_use sky130_fd_sc_hd__lpflow_decapkapwr_8 -dont_use sky130_fd_sc_hd__lpflow_inputiso0n_1 -dont_use sky130_fd_sc_hd__lpflow_inputiso0p_1 -dont_use sky130_fd_sc_hd__lpflow_inputiso1n_1 -dont_use sky130_fd_sc_hd__lpflow_inputiso1p_1 -dont_use sky130_fd_sc_hd__lpflow_inputisolatch_1 -dont_use sky130_fd_sc_hd__lpflow_isobufsrc_1 -dont_use sky130_fd_sc_hd__lpflow_isobufsrc_16 -dont_use sky130_fd_sc_hd__lpflow_isobufsrc_2 -dont_use sky130_fd_sc_hd__lpflow_isobufsrc_4 -dont_use sky130_fd_sc_hd__lpflow_isobufsrc_8 -dont_use sky130_fd_sc_hd__lpflow_isobufsrckapwr_16 -dont_use sky130_fd_sc_hd__lpflow_lsbuf_lh_hl_isowell_tap_1 -dont_use sky130_fd_sc_hd__lpflow_lsbuf_lh_hl_isowell_tap_2 -dont_use sky130_fd_sc_hd__lpflow_lsbuf_lh_hl_isowell_tap_4 -dont_use sky130_fd_sc_hd__lpflow_lsbuf_lh_isowell_4 -dont_use sky130_fd_sc_hd__lpflow_lsbuf_lh_isowell_tap_1 -dont_use sky130_fd_sc_hd__lpflow_lsbuf_lh_isowell_tap_2 -dont_use sky130_fd_sc_hd__lpflow_lsbuf_lh_isowell_tap_4 -constr /work/objects/sky130hd/m7_j1/d3_j1_p18p0/abc.constr -D 18.0
Warning: Feature 'abc_new' is experimental.
17. Executing ABC_NEW pass.
17.1. Executing ABC9_OPS pass (helper functions for ABC9).
17.2. Executing BOX_DERIVE pass. (derive modules for boxes)
17.3. Executing ABC9_OPS pass (helper functions for ABC9).
17.4. Executing ABC9_OPS pass (helper functions for ABC9).
17.5. Mapping module 'ALU_33_0_33_0_33_unused_CO_X_Y[0]_HAN_CARLSON'.
17.5.1. Executing ABC9_OPS pass (helper functions for ABC9).
Warning: Feature 'write_xaiger2' is experimental.
17.5.2. Executing XAIGER2 backend.
17.5.3. Executing ABC9_EXE pass (technology mapping using ABC9).
17.5.4. Executing ABC9.
Warning: Feature 'read_xaiger2' is experimental.
17.5.5. Executing XAIGER2 frontend.
17.6. Executing PORTARCS pass. (derive propagation arcs)
17.7. Executing ABC9_OPS pass (helper functions for ABC9).
17.8. Mapping module 'ALU_30_0_32_0_32_unused_CO[30:0]_X_Y_HAN_CARLSON'.
17.8.1. Executing ABC9_OPS pass (helper functions for ABC9).
17.8.2. Executing XAIGER2 backend.
17.8.3. Executing ABC9_EXE pass (technology mapping using ABC9).
17.8.4. Executing ABC9.
17.8.5. Executing XAIGER2 frontend.
17.9. Executing PORTARCS pass. (derive propagation arcs)
17.10. Executing ABC9_OPS pass (helper functions for ABC9).
17.11. Mapping module 'ALU_30_0_32_0_32_unused_CO[30:0]_Y_HAN_CARLSON'.
17.11.1. Executing ABC9_OPS pass (helper functions for ABC9).
17.11.2. Executing XAIGER2 backend.
17.11.3. Executing ABC9_EXE pass (technology mapping using ABC9).
17.11.4. Executing ABC9.
17.11.5. Executing XAIGER2 frontend.
17.12. Executing PORTARCS pass. (derive propagation arcs)
17.13. Executing ABC9_OPS pass (helper functions for ABC9).
17.14. Mapping module 'ALU_34_0_34_0_34_HAN_CARLSON'.
17.14.1. Executing ABC9_OPS pass (helper functions for ABC9).
17.14.2. Executing XAIGER2 backend.
17.14.3. Executing ABC9_EXE pass (technology mapping using ABC9).
17.14.4. Executing ABC9.
17.14.5. Executing XAIGER2 frontend.
17.15. Executing PORTARCS pass. (derive propagation arcs)
17.16. Executing ABC9_OPS pass (helper functions for ABC9).
17.17. Mapping module 'm7_ppa_j1_top'.
17.17.1. Executing ABC9_OPS pass (helper functions for ABC9).
17.17.2. Executing XAIGER2 backend.
17.17.3. Executing ABC9_EXE pass (technology mapping using ABC9).
17.17.4. Executing ABC9.
Warning: ABC: execution of command ""/OpenROAD-flow-scripts/tools/install/yosys/bin/yosys-abc" -s -f /tmp/yosys-abc-ow1P1M/abc.script 2>&1" failed: return code 134.
17.17.5. Executing XAIGER2 frontend.
17.18. Mapping module 'ALU_34_0_34_0_34_BRENT_KUNG'.
17.18.1. Executing ABC9_OPS pass (helper functions for ABC9).
17.18.2. Executing XAIGER2 backend.
17.18.3. Executing ABC9_EXE pass (technology mapping using ABC9).
17.18.4. Executing ABC9.
17.18.5. Executing XAIGER2 frontend.
17.19. Executing PORTARCS pass. (derive propagation arcs)
17.20. Executing ABC9_OPS pass (helper functions for ABC9).
17.21. Mapping module 'ALU_34_0_34_0_34_SKLANSKY'.
17.21.1. Executing ABC9_OPS pass (helper functions for ABC9).
17.21.2. Executing XAIGER2 backend.
17.21.3. Executing ABC9_EXE pass (technology mapping using ABC9).
17.21.4. Executing ABC9.
17.21.5. Executing XAIGER2 frontend.
17.22. Executing PORTARCS pass. (derive propagation arcs)
17.23. Executing ABC9_OPS pass (helper functions for ABC9).
17.24. Mapping module 'ALU_34_0_34_0_34_KOGGE_STONE'.
17.24.1. Executing ABC9_OPS pass (helper functions for ABC9).
17.24.2. Executing XAIGER2 backend.
17.24.3. Executing ABC9_EXE pass (technology mapping using ABC9).
17.24.4. Executing ABC9.
17.24.5. Executing XAIGER2 frontend.
17.25. Executing PORTARCS pass. (derive propagation arcs)
17.26. Executing ABC9_OPS pass (helper functions for ABC9).
17.27. Mapping module 'ALU_30_0_32_0_32_unused_CO[30:0]_Y_BRENT_KUNG'.
17.27.1. Executing ABC9_OPS pass (helper functions for ABC9).
17.27.2. Executing XAIGER2 backend.
17.27.3. Executing ABC9_EXE pass (technology mapping using ABC9).
17.27.4. Executing ABC9.
17.27.5. Executing XAIGER2 frontend.
17.28. Executing PORTARCS pass. (derive propagation arcs)
17.29. Executing ABC9_OPS pass (helper functions for ABC9).
17.30. Mapping module 'ALU_30_0_32_0_32_unused_CO[30:0]_Y_SKLANSKY'.
17.30.1. Executing ABC9_OPS pass (helper functions for ABC9).
17.30.2. Executing XAIGER2 backend.
17.30.3. Executing ABC9_EXE pass (technology mapping using ABC9).
17.30.4. Executing ABC9.
17.30.5. Executing XAIGER2 frontend.
17.31. Executing PORTARCS pass. (derive propagation arcs)
17.32. Executing ABC9_OPS pass (helper functions for ABC9).
17.33. Mapping module 'ALU_30_0_32_0_32_unused_CO[30:0]_Y_KOGGE_STONE'.
17.33.1. Executing ABC9_OPS pass (helper functions for ABC9).
17.33.2. Executing XAIGER2 backend.
17.33.3. Executing ABC9_EXE pass (technology mapping using ABC9).
17.33.4. Executing ABC9.
17.33.5. Executing XAIGER2 frontend.
17.34. Executing PORTARCS pass. (derive propagation arcs)
17.35. Executing ABC9_OPS pass (helper functions for ABC9).
17.36. Mapping module 'ALU_30_0_32_0_32_unused_CO[30:0]_X_Y_BRENT_KUNG'.
17.36.1. Executing ABC9_OPS pass (helper functions for ABC9).
17.36.2. Executing XAIGER2 backend.
17.36.3. Executing ABC9_EXE pass (technology mapping using ABC9).
17.36.4. Executing ABC9.
17.36.5. Executing XAIGER2 frontend.
17.37. Executing PORTARCS pass. (derive propagation arcs)
17.38. Executing ABC9_OPS pass (helper functions for ABC9).
17.39. Mapping module 'ALU_30_0_32_0_32_unused_CO[30:0]_X_Y_SKLANSKY'.
17.39.1. Executing ABC9_OPS pass (helper functions for ABC9).
17.39.2. Executing XAIGER2 backend.
17.39.3. Executing ABC9_EXE pass (technology mapping using ABC9).
17.39.4. Executing ABC9.
17.39.5. Executing XAIGER2 frontend.
17.40. Executing PORTARCS pass. (derive propagation arcs)
17.41. Executing ABC9_OPS pass (helper functions for ABC9).
17.42. Mapping module 'ALU_30_0_32_0_32_unused_CO[30:0]_X_Y_KOGGE_STONE'.
17.42.1. Executing ABC9_OPS pass (helper functions for ABC9).
17.42.2. Executing XAIGER2 backend.
17.42.3. Executing ABC9_EXE pass (technology mapping using ABC9).
17.42.4. Executing ABC9.
17.42.5. Executing XAIGER2 frontend.
17.43. Executing PORTARCS pass. (derive propagation arcs)
17.44. Executing ABC9_OPS pass (helper functions for ABC9).
17.45. Mapping module 'ALU_33_0_33_0_33_unused_CO_X_Y[0]_BRENT_KUNG'.
17.45.1. Executing ABC9_OPS pass (helper functions for ABC9).
17.45.2. Executing XAIGER2 backend.
17.45.3. Executing ABC9_EXE pass (technology mapping using ABC9).
17.45.4. Executing ABC9.
17.45.5. Executing XAIGER2 frontend.
17.46. Executing PORTARCS pass. (derive propagation arcs)
17.47. Executing ABC9_OPS pass (helper functions for ABC9).
17.48. Mapping module 'ALU_33_0_33_0_33_unused_CO_X_Y[0]_SKLANSKY'.
17.48.1. Executing ABC9_OPS pass (helper functions for ABC9).
17.48.2. Executing XAIGER2 backend.
17.48.3. Executing ABC9_EXE pass (technology mapping using ABC9).
17.48.4. Executing ABC9.
17.48.5. Executing XAIGER2 frontend.
17.49. Executing PORTARCS pass. (derive propagation arcs)
17.50. Executing ABC9_OPS pass (helper functions for ABC9).
17.51. Mapping module 'ALU_33_0_33_0_33_unused_CO_X_Y[0]_KOGGE_STONE'.
17.51.1. Executing ABC9_OPS pass (helper functions for ABC9).
17.51.2. Executing XAIGER2 backend.
17.51.3. Executing ABC9_EXE pass (technology mapping using ABC9).
17.51.4. Executing ABC9.
17.51.5. Executing XAIGER2 frontend.
17.52. Executing PORTARCS pass. (derive propagation arcs)
17.53. Executing ABC9_OPS pass (helper functions for ABC9).
17.54. Executing ABC9_OPS pass (helper functions for ABC9).
Took 39 seconds: abc_new -liberty /OpenROAD-flow-scripts/flow/platforms/sky130hd/lib/sky130_fd_sc_hd__tt_025C_1v80.lib -dont_use sky130_fd_sc_hd__probe_p_8 -dont_use sky130_fd_sc_hd__probec_p_8 -dont_use sky130_fd_sc_hd__lpflow_bleeder_1 -dont_use sky130_fd_sc_hd__lpflow_clkbufkapwr_1 -dont_use sky130_fd_sc_hd__lpflow_clkbufkapwr_16 -dont_use sky130_fd_sc_hd__lpflow_clkbufkapwr_2 -dont_use sky130_fd_sc_hd__lpflow_clkbufkapwr_4 -dont_use sky130_fd_sc_hd__lpflow_clkbufkapwr_8 -dont_use sky130_fd_sc_hd__lpflow_clkinvkapwr_1 -dont_use sky130_fd_sc_hd__lpflow_clkinvkapwr_16 -dont_use sky130_fd_sc_hd__lpflow_clkinvkapwr_2 -dont_use sky130_fd_sc_hd__lpflow_clkinvkapwr_4 -dont_use sky130_fd_sc_hd__lpflow_clkinvkapwr_8 -dont_use sky130_fd_sc_hd__lpflow_decapkapwr_12 -dont_use sky130_fd_sc_hd__lpflow_decapkapwr_3 -dont_use sky130_fd_sc_hd__lpflow_decapkapwr_4 -dont_use sky130_fd_sc_hd__lpflow_decapkapwr_6 -dont_use sky130_fd_sc_hd__lpflow_decapkapwr_8 -dont_use sky130_fd_sc_hd__lpflow_inputiso0n_1 -dont_use sky130_fd_sc_hd__lpflow_inputiso0p_1 -dont_use sky130_fd_sc_hd__lpflow_inputiso1n_1 -dont_use sky130_fd_sc_hd__lpflow_inputiso1p_1 -dont_use sky130_fd_sc_hd__lpflow_inputisolatch_1 -dont_use sky130_fd_sc_hd__lpflow_isobufsrc_1 -dont_use sky130_fd_sc_hd__lpflow_isobufsrc_16 -dont_use sky130_fd_sc_hd__lpflow_isobufsrc_2 -dont_use sky130_fd_sc_hd__lpflow_isobufsrc_4 -dont_use sky130_fd_sc_hd__lpflow_isobufsrc_8 -dont_use sky130_fd_sc_hd__lpflow_isobufsrckapwr_16 -dont_use sky130_fd_sc_hd__lpflow_lsbuf_lh_hl_isowell_tap_1 -dont_use sky130_fd_sc_hd__lpflow_lsbuf_lh_hl_isowell_tap_2 -dont_use sky130_fd_sc_hd__lpflow_lsbuf_lh_hl_isowell_tap_4 -dont_use sky130_fd_sc_hd__lpflow_lsbuf_lh_isowell_4 -dont_use sky130_fd_sc_hd__lpflow_lsbuf_lh_isowell_tap_1 -dont_use sky130_fd_sc_hd__lpflow_lsbuf_lh_isowell_tap_2 -dont_use sky130_fd_sc_hd__lpflow_lsbuf_lh_isowell_tap_4 -constr /work/objects/sky130hd/m7_j1/d3_j1_p18p0/abc.constr -D 18.0
18. Executing SPLITNETS pass (splitting up multi-bit signals).
19. Executing OPT_CLEAN pass (remove unused cells and wires).
20. Executing HILOMAP pass (mapping to constant drivers).
21. Executing INSBUF pass (insert buffer cells for connected wires).
22. Executing CHECK pass (checking for obvious problems).
23. Printing statistics.
24. Executing CHECK pass (checking for obvious problems).
25. Executing Verilog backend.
25.1. Executing BMUXMAP pass.
25.2. Executing DEMUXMAP pass.
Warnings: 24 unique messages, 24 total
Warnings: 3 experimental features used (not excluded with -x).
End of script. Logfile hash: 019f8b9d32, time: 46.09s, user: 10.81s, system: 0.68s, MEM: 215.34 MB peak
Yosys 0.68+post (git sha1 UNKNOWN, Release, GNU /usr/local/bin/wrapped-cc/g++ 11.4.0)
Time spent: 76% 17x abc9_exe (36 sec), 5% 83x opt_expr (2 sec), ...
Elapsed time: 0:46.13[h:]min:sec. CPU time: user 47.65 sys 0.88 (105%). Peak memory: 220512KB.
Log                       Ext     Elapsed/s Peak Memory/MB sha1sum result [0:20)
1_2_yosys                 .v             46            215 2e2b1f90f725d8a7792c
cp /repo/m7/ppa/orfs/sky130hd/constraint.sdc /work/results/sky130hd/m7_j1/d3_j1_p18p0/1_2_yosys.sdc
touch -r /repo/m7/ppa/orfs/sky130hd/constraint.sdc /work/results/sky130hd/m7_j1/d3_j1_p18p0/1_2_yosys.sdc
OpenROAD 26Q3-1080-gab6fd26351 
Features included (+) or not (-): +GPU +GUI +Python
This program is licensed under the BSD-3 license. See the LICENSE file for details.
Components of this program may be licensed under more restrictive licenses which must be honored.
[INFO ORD-0030] Using 32 thread(s).
mkdir -p /work/objects/sky130hd/m7_j1/d3_j1_p18p0
/OpenROAD-flow-scripts/flow/scripts/flow.sh 1_synth synth_odb
Running synth_odb.tcl, stage 1_synth
read_liberty /OpenROAD-flow-scripts/flow/platforms/sky130hd/lib/sky130_fd_sc_hd__tt_025C_1v80.lib
[INFO ODB-0227] LEF file: /OpenROAD-flow-scripts/flow/platforms/sky130hd/lef/sky130_fd_sc_hd.tlef, created 13 layers, 25 vias
[INFO ODB-0227] LEF file: /OpenROAD-flow-scripts/flow/platforms/sky130hd/lef/sky130_fd_sc_hd_merged.lef, created 441 library cells
link_design -hier m7_ppa_j1_top
[WARNING ORD-0011] Hierarchical flow (-hier) is currently in development and may cause multiple issues. Do not use in production environments.
read_sdc /work/results/sky130hd/m7_j1/d3_j1_p18p0/1_2_yosys.sdc
source /OpenROAD-flow-scripts/flow/platforms/sky130hd/setRC.tcl
eliminate_dead_logic
Removed 22 unused instances and 22 unused nets.
Design area 209675 um^2 100% utilization.
write_db /work/results/sky130hd/m7_j1/d3_j1_p18p0/1_synth.odb
write_sdc -no_timestamp /work/results/sky130hd/m7_j1/d3_j1_p18p0/1_synth.sdc
Elapsed time: 0:00.66[h:]min:sec. CPU time: user 0.59 sys 0.07 (100%). Peak memory: 197236KB.
Log                       Ext     Elapsed/s Peak Memory/MB sha1sum result [0:20)
1_synth                   .odb            0            192 501804622f2963e86ac7
1_synth                   .sdc                             5b53e55887f58287f10b
/OpenROAD-flow-scripts/flow/scripts/flow.sh 2_1_floorplan floorplan
Running floorplan.tcl, stage 2_1_floorplan
read_liberty /OpenROAD-flow-scripts/flow/platforms/sky130hd/lib/sky130_fd_sc_hd__tt_025C_1v80.lib
read_db -hier /work/results/sky130hd/m7_j1/d3_j1_p18p0/1_synth.odb
[WARNING ORD-0012] Hierarchical flow (-hier) is currently in development and may cause multiple issues. Do not use in production environments.
read_sdc /work/results/sky130hd/m7_j1/d3_j1_p18p0/1_synth.sdc
source /OpenROAD-flow-scripts/flow/platforms/sky130hd/setRC.tcl
Master sky130_ef_sc_hd__decap_12 is loaded but not used in the design

==========================================================================
Floorplan check_setup
--------------------------------------------------------------------------
number instances in verilog is 25248
[INFO IFP-0107] Defining die area using utilization: 50.00% and aspect ratio: 1.
[WARNING IFP-0028] Core area lower left (1.000, 1.000) snapped to (1.380, 2.720).
[INFO IFP-0001] Added 237 rows of 1406 site unithd.
[INFO IFP-0100] Die BBox:  (  0.000  0.000 ) ( 649.570 649.570 ) um
[INFO IFP-0101] Core BBox: (  1.380  2.720 ) ( 648.140 647.360 ) um
[INFO IFP-0102] Core area:                       416927.366 um^2
[INFO IFP-0103] Total instances area:            209674.845 um^2
[INFO IFP-0104] Effective utilization:                0.503
[INFO IFP-0105] Number of instances:                  25198
source /OpenROAD-flow-scripts/flow/platforms/sky130hd/make_tracks.tcl
source /repo/m7/ppa/orfs/sky130hd/fastroute.tcl
Repair tie lo fanout...
[INFO RSZ-0042] Inserted 25 tie sky130_fd_sc_hd__conb_1 instances.
Repair tie hi fanout...
[INFO RSZ-0042] Inserted 97 tie sky130_fd_sc_hd__conb_1 instances.
replace_arith_modules -path_count 1000 -target setup -slack_threshold 0.0
[INFO RSZ-0151] Starting arithmetic module replacement to optimize 'setup' target
[INFO RSZ-0152] Analyzing 1000 critical paths with slack < 0.00
[INFO RSZ-0153] Identified 1878 violating endpoints
[INFO RSZ-0154] Identified 2 critical arithmetic instances
[INFO ODB-0496] swapMaster sanity check passed (0 failures)
[INFO ODB-0496] swapMaster sanity check passed (0 failures)
[INFO RSZ-0160] 2 arithmetic instances have swapped to improve 'setup' target
[INFO RSZ-0026] Removed 16 buffers.
Default units for flow
 time 1ns
 capacitance 1pF
 resistance 1kohm
 voltage 1v
 current 1mA
 power 1nW
 distance 1um
   Layer   | Unit Resistance | Unit Capacitance 
           |       (kohm/um) |          (pF/um)
------------------------------------------------
       li1 |        7.18e-02 |         1.50e-04
      met1 |        1.21e-03 |         1.72e-04
      met2 |        1.22e-03 |         1.36e-04
      met3 |        1.66e-04 |         2.15e-04
      met4 |        1.68e-04 |         1.48e-04
      met5 |        1.84e-05 |         1.54e-04
------------------------------------------------

   Layer   | Via Resistance 
           |         (kohm) 
----------------------------
      mcon |       9.25e-03 
       via |       4.50e-03 
      via2 |       3.37e-03 
      via3 |       3.77e-04 
      via4 |       5.80e-06 
----------------------------
Report metrics stage 2, floorplan final...

==========================================================================
floorplan final report_design_area
--------------------------------------------------------------------------
Design area 210452 um^2 50% utilization.
write_db /work/results/sky130hd/m7_j1/d3_j1_p18p0/2_1_floorplan.odb
write_sdc -no_timestamp /work/results/sky130hd/m7_j1/d3_j1_p18p0/2_1_floorplan.sdc
Elapsed time: 0:03.68[h:]min:sec. CPU time: user 5.15 sys 4.09 (251%). Peak memory: 240960KB.
Log                       Ext     Elapsed/s Peak Memory/MB sha1sum result [0:20)
2_1_floorplan             .odb            3            235 a0f5e06094b62b868522
2_1_floorplan             .sdc                             5b53e55887f58287f10b
/OpenROAD-flow-scripts/flow/scripts/flow.sh 2_2_floorplan_macro macro_place
Running macro_place.tcl, stage 2_2_floorplan_macro
read_liberty /OpenROAD-flow-scripts/flow/platforms/sky130hd/lib/sky130_fd_sc_hd__tt_025C_1v80.lib
read_db -hier /work/results/sky130hd/m7_j1/d3_j1_p18p0/2_1_floorplan.odb
[WARNING ORD-0012] Hierarchical flow (-hier) is currently in development and may cause multiple issues. Do not use in production environments.
read_sdc /work/results/sky130hd/m7_j1/d3_j1_p18p0/2_1_floorplan.sdc
source /OpenROAD-flow-scripts/flow/platforms/sky130hd/setRC.tcl
No macros found: Skipping macro_placement
Design area 210452 um^2 50% utilization.
write_db /work/results/sky130hd/m7_j1/d3_j1_p18p0/2_2_floorplan_macro.odb
Elapsed time: 0:00.36[h:]min:sec. CPU time: user 0.30 sys 0.06 (100%). Peak memory: 177584KB.
Log                       Ext     Elapsed/s Peak Memory/MB sha1sum result [0:20)
2_2_floorplan_macro       .odb            0            173 a0f5e06094b62b868522
/OpenROAD-flow-scripts/flow/scripts/flow.sh 2_3_floorplan_tapcell tapcell
Running tapcell.tcl, stage 2_3_floorplan_tapcell
read_liberty /OpenROAD-flow-scripts/flow/platforms/sky130hd/lib/sky130_fd_sc_hd__tt_025C_1v80.lib
read_db -hier /work/results/sky130hd/m7_j1/d3_j1_p18p0/2_2_floorplan_macro.odb
[WARNING ORD-0012] Hierarchical flow (-hier) is currently in development and may cause multiple issues. Do not use in production environments.
read_sdc /work/results/sky130hd/m7_j1/d3_j1_p18p0/2_1_floorplan.sdc
source /OpenROAD-flow-scripts/flow/platforms/sky130hd/setRC.tcl
[INFO TAP-0005] Inserted 5497 tapcells.
Design area 217330 um^2 52% utilization.
write_db /work/results/sky130hd/m7_j1/d3_j1_p18p0/2_3_floorplan_tapcell.odb
Elapsed time: 0:00.37[h:]min:sec. CPU time: user 0.32 sys 0.06 (100%). Peak memory: 165868KB.
Log                       Ext     Elapsed/s Peak Memory/MB sha1sum result [0:20)
2_3_floorplan_tapcell     .odb            0            161 6885f6e97d7c2a643cfb
/OpenROAD-flow-scripts/flow/scripts/flow.sh 2_4_floorplan_pdn pdn
Running pdn.tcl, stage 2_4_floorplan_pdn
read_liberty /OpenROAD-flow-scripts/flow/platforms/sky130hd/lib/sky130_fd_sc_hd__tt_025C_1v80.lib
read_db -hier /work/results/sky130hd/m7_j1/d3_j1_p18p0/2_3_floorplan_tapcell.odb
[WARNING ORD-0012] Hierarchical flow (-hier) is currently in development and may cause multiple issues. Do not use in production environments.
read_sdc /work/results/sky130hd/m7_j1/d3_j1_p18p0/2_1_floorplan.sdc
source /OpenROAD-flow-scripts/flow/platforms/sky130hd/setRC.tcl
[WARNING PDN-1051] No instances found for grid (CORE_macro_grid_1).
[WARNING PDN-1051] No instances found for grid (CORE_macro_grid_2).
[INFO PDN-0001] Inserting grid: grid
[INFO PDN-0500] Runtime: 0.10s
Design area 217330 um^2 52% utilization.
write_db /work/results/sky130hd/m7_j1/d3_j1_p18p0/2_4_floorplan_pdn.odb
Elapsed time: 0:00.62[h:]min:sec. CPU time: user 0.56 sys 0.07 (100%). Peak memory: 200820KB.
Log                       Ext     Elapsed/s Peak Memory/MB sha1sum result [0:20)
2_4_floorplan_pdn         .odb            0            196 f2d8969dd61b656ab925
cp /work/results/sky130hd/m7_j1/d3_j1_p18p0/2_4_floorplan_pdn.odb /work/results/sky130hd/m7_j1/d3_j1_p18p0/2_floorplan.odb
cp /work/results/sky130hd/m7_j1/d3_j1_p18p0/2_1_floorplan.sdc /work/results/sky130hd/m7_j1/d3_j1_p18p0/2_floorplan.sdc
/OpenROAD-flow-scripts/flow/scripts/flow.sh 3_1_place_gp_skip_io global_place_skip_io
Running global_place_skip_io.tcl, stage 3_1_place_gp_skip_io
read_liberty /OpenROAD-flow-scripts/flow/platforms/sky130hd/lib/sky130_fd_sc_hd__tt_025C_1v80.lib
read_db -hier /work/results/sky130hd/m7_j1/d3_j1_p18p0/2_floorplan.odb
[WARNING ORD-0012] Hierarchical flow (-hier) is currently in development and may cause multiple issues. Do not use in production environments.
read_sdc /work/results/sky130hd/m7_j1/d3_j1_p18p0/2_floorplan.sdc
source /OpenROAD-flow-scripts/flow/platforms/sky130hd/setRC.tcl
[INFO GPL-0022] Initialize gpl and calculate uniform density.
Placement density is 0.6949999874830246, computed from PLACE_DENSITY_LB_ADDON  0.25 and lower bound 0.5799999833106995
global_placement -skip_io -density 0.6949999874830246 -pad_left 0 -pad_right 0
[INFO GPL-0001] ---- Initialize GPL Main Data Structures
[INFO GPL-0002] DBU: 1000
[INFO GPL-0003] SiteSize: (  0.460  2.720 ) um
[INFO GPL-0004] CoreBBox: (  1.380  2.720 ) ( 648.140 647.360 ) um
[INFO GPL-0016] Core area:                  416927.366 um^2
[INFO GPL-0036] Movable instances area:     210451.840 um^2
[INFO GPL-0037] Total instances area:       217329.686 um^2
[INFO GPL-0035] Pin density area adjust:     23524.087 um^2
[INFO GPL-0032] ---- Initialize Region: Top-level
[INFO GPL-0006] Number of instances:             30960
[INFO GPL-0007] Movable instances:               25463
[INFO GPL-0008] Fixed instances:                  5497
[INFO GPL-0009] Dummy instances:                     0
[INFO GPL-0010] Number of nets:                  25658
[INFO GPL-0011] Number of pins:                  95737
[INFO GPL-0012] Die BBox:       (  0.000  0.000 ) ( 649.570 649.570 ) um
[INFO GPL-0013] Placement BBox: (  1.380  2.720 ) ( 648.140 647.360 ) um
[INFO GPL-0014] Region name: top-level.
[INFO GPL-0015] Region area:                416927.366 um^2
[INFO GPL-0017] Fixed instances area:         6877.846 um^2
[INFO GPL-0018] Movable instances area:     233975.927 um^2
[INFO GPL-0019] Utilization:                    57.060 %
[INFO GPL-0020] Standard cells area:        233975.927 um^2
[INFO GPL-0021] Large instances area:            0.000 um^2
[INFO GPL-0005] ---- Execute Conjugate Gradient Initial Placement.
[INFO GPL-0051] Source of initial instance position counters:
	Odb location = 0	Core center = 25463	Region center = 0
[INFO GPL-0033] ---- Initialize Nesterov Region: Top-level
[INFO GPL-0023] Placement target density:       0.6950
[INFO GPL-0024] Movable insts average area:      9.189 um^2
[INFO GPL-0025] Ideal bin area:                 13.221 um^2
[INFO GPL-0026] Ideal bin count:                 31534
[INFO GPL-0027] Total bin area:             416927.366 um^2
[INFO GPL-0028] Bin count (X, Y):         128 ,    128
[INFO GPL-0029] Bin size (W * H):       5.053 *  5.036 um
[INFO GPL-0030] Number of bins:                  16384
[INFO GPL-0084] ---- Execute Nesterov Global Placement.
[INFO GPL-0031] HPWL: Half-Perimeter Wirelength
Iteration | Overflow |     HPWL (um) |  HPWL(%) |   Penalty | Group
---------------------------------------------------------------
        0 |   0.9992 |  4.726897e+04 |   +0.00% |  8.96e-16 |      
       10 |   0.9990 |  3.657404e+04 |  -22.63% |  1.46e-15 |      
       20 |   0.9990 |  3.620396e+04 |   -1.01% |  2.38e-15 |      
       30 |   0.9990 |  3.611118e+04 |   -0.26% |  3.87e-15 |      
       40 |   0.9990 |  3.608331e+04 |   -0.08% |  6.31e-15 |      
       50 |   0.9990 |  3.606272e+04 |   -0.06% |  1.03e-14 |      
       60 |   0.9990 |  3.606519e+04 |   +0.01% |  1.67e-14 |      
       70 |   0.9990 |  3.610875e+04 |   +0.12% |  2.73e-14 |      
       80 |   0.9990 |  3.624267e+04 |   +0.37% |  4.44e-14 |      
       90 |   0.9987 |  3.666561e+04 |   +1.17% |  7.23e-14 |      
      100 |   0.9982 |  3.781657e+04 |   +3.14% |  1.18e-13 |      
      110 |   0.9977 |  4.028507e+04 |   +6.53% |  1.92e-13 |      
      120 |   0.9968 |  4.515388e+04 |  +12.09% |  3.12e-13 |      
      130 |   0.9950 |  5.406364e+04 |  +19.73% |  5.08e-13 |      
      140 |   0.9925 |  6.699595e+04 |  +23.92% |  8.27e-13 |      
      150 |   0.9889 |  8.383612e+04 |  +25.14% |  1.34e-12 |      
      160 |   0.9829 |  1.047038e+05 |  +24.89% |  2.19e-12 |      
      170 |   0.9747 |  1.265974e+05 |  +20.91% |  3.55e-12 |      
      180 |   0.9647 |  1.490906e+05 |  +17.77% |  5.77e-12 |      
      190 |   0.9520 |  1.775320e+05 |  +19.08% |  9.37e-12 |      
      200 |   0.9334 |  2.200691e+05 |  +23.96% |  1.52e-11 |      
      210 |   0.9120 |  2.577968e+05 |  +17.14% |  2.46e-11 |      
      220 |   0.8874 |  2.956344e+05 |  +14.68% |  4.00e-11 |      
      230 |   0.8563 |  3.353967e+05 |  +13.45% |  6.49e-11 |      
      240 |   0.8189 |  3.745608e+05 |  +11.68% |  1.05e-10 |      
      250 |   0.7823 |  4.073114e+05 |   +8.74% |  1.71e-10 |      
      260 |   0.7416 |  4.423818e+05 |   +8.61% |  2.77e-10 |      
      270 |   0.6939 |  4.816532e+05 |   +8.88% |  4.49e-10 |      
      280 |   0.6466 |  5.159776e+05 |   +7.13% |  7.29e-10 |      
      290 |   0.6001 |  5.406397e+05 |   +4.78% |  1.18e-09 |      
      300 |   0.5604 |  5.544466e+05 |   +2.55% |  1.93e-09 |      
      310 |   0.5184 |  5.603473e+05 |   +1.06% |  3.13e-09 |      
      320 |   0.4730 |  5.661908e+05 |   +1.04% |  5.10e-09 |      
      330 |   0.4306 |  5.743619e+05 |   +1.44% |  8.31e-09 |      
      340 |   0.3863 |  5.807109e+05 |   +1.11% |  1.35e-08 |      
      350 |   0.3448 |  5.845421e+05 |   +0.66% |  2.20e-08 |      
      360 |   0.3122 |  5.849942e+05 |   +0.08% |  3.24e-08 |      
      370 |   0.2798 |  5.860384e+05 |   +0.18% |  4.78e-08 |      
      380 |   0.2518 |  5.872388e+05 |   +0.20% |  7.03e-08 |      
      390 |   0.2213 |  5.884230e+05 |   +0.20% |  1.04e-07 |      
      400 |   0.1941 |  5.898841e+05 |   +0.25% |  1.53e-07 |      
      410 |   0.1691 |  5.913529e+05 |   +0.25% |  2.25e-07 |      
      420 |   0.1447 |  5.929015e+05 |   +0.26% |  3.31e-07 |      
      430 |   0.1235 |  5.944383e+05 |   +0.26% |  4.88e-07 |      
      440 |   0.1064 |  5.958474e+05 |   +0.24% |  7.18e-07 |      
      444 |   0.0997 |  5.965619e+05 |          |  8.72e-07 |      
---------------------------------------------------------------
[INFO GPL-1001] Global placement finished at iteration 444
[INFO GPL-1002] Placed Cell Area            233975.9265
[INFO GPL-1003] Available Free Area         410049.5200
[INFO GPL-1004] Minimum Feasible Density        0.5800 (cell_area / free_area)
[INFO GPL-1006]   Suggested Target Densities:
[INFO GPL-1007]     - For 90% usage of free space: 0.6340
[INFO GPL-1008]     - For 80% usage of free space: 0.7133
[INFO GPL-1014] Final placement area: 233975.93 (+0.00%)
Took 25 seconds: global_placement -skip_io -density 0.6949999874830246 -pad_left 0 -pad_right 0
Design area 217330 um^2 52% utilization.
write_db /work/results/sky130hd/m7_j1/d3_j1_p18p0/3_1_place_gp_skip_io.odb
Elapsed time: 0:25.16[h:]min:sec. CPU time: user 692.61 sys 0.40 (2754%). Peak memory: 220000KB.
Log                       Ext     Elapsed/s Peak Memory/MB sha1sum result [0:20)
3_1_place_gp_skip_io      .odb           25            214 202a986f01a650c03e52
/OpenROAD-flow-scripts/flow/scripts/flow.sh 3_2_place_iop io_placement
Running io_placement.tcl, stage 3_2_place_iop
read_liberty /OpenROAD-flow-scripts/flow/platforms/sky130hd/lib/sky130_fd_sc_hd__tt_025C_1v80.lib
read_db -hier /work/results/sky130hd/m7_j1/d3_j1_p18p0/3_1_place_gp_skip_io.odb
[WARNING ORD-0012] Hierarchical flow (-hier) is currently in development and may cause multiple issues. Do not use in production environments.
read_sdc /work/results/sky130hd/m7_j1/d3_j1_p18p0/2_floorplan.sdc
source /OpenROAD-flow-scripts/flow/platforms/sky130hd/setRC.tcl
place_pins -hor_layers met3 -ver_layers met2
Found 0 macro blocks.
Using 2 tracks default min distance between IO pins.
[INFO PPL-0001] Number of available slots 2356
[INFO PPL-0002] Number of I/O             276
[INFO PPL-0003] Number of I/O w/sink      83
[INFO PPL-0004] Number of I/O w/o sink    193
[INFO PPL-0005] Slots per section         200
[INFO PPL-0008] Successfully assigned pins to sections.
[INFO PPL-0012] I/O nets HPWL: 33130.25 um.
Design area 217330 um^2 52% utilization.
write_db /work/results/sky130hd/m7_j1/d3_j1_p18p0/3_2_place_iop.odb
Elapsed time: 0:00.37[h:]min:sec. CPU time: user 0.31 sys 0.06 (100%). Peak memory: 186252KB.
Log                       Ext     Elapsed/s Peak Memory/MB sha1sum result [0:20)
3_2_place_iop             .odb            0            181 04cc134945157e0e4011
/OpenROAD-flow-scripts/flow/scripts/flow.sh 3_3_place_gp global_place
Running global_place.tcl, stage 3_3_place_gp
read_liberty /OpenROAD-flow-scripts/flow/platforms/sky130hd/lib/sky130_fd_sc_hd__tt_025C_1v80.lib
read_db -hier /work/results/sky130hd/m7_j1/d3_j1_p18p0/3_2_place_iop.odb
[WARNING ORD-0012] Hierarchical flow (-hier) is currently in development and may cause multiple issues. Do not use in production environments.
read_sdc /work/results/sky130hd/m7_j1/d3_j1_p18p0/2_floorplan.sdc
source /OpenROAD-flow-scripts/flow/platforms/sky130hd/setRC.tcl
[INFO RSZ-0026] Removed 0 buffers.
Perform port buffering...
[INFO RSZ-0027] Inserted 1 sky130_fd_sc_hd__clkdlybuf4s50_1 input buffers.
[INFO RSZ-0028] Inserted 65 sky130_fd_sc_hd__clkdlybuf4s50_1 output buffers.
[INFO GPL-0022] Initialize gpl and calculate uniform density.
Placement density is 0.6949999874830246, computed from PLACE_DENSITY_LB_ADDON  0.25 and lower bound 0.5799999833106995
global_placement -density 0.6949999874830246 -pad_left 0 -pad_right 0 -routability_driven -timing_driven -force_center_initial_place -min_phi_coef 0.95 -max_phi_coef 1.05
[INFO GPL-0001] ---- Initialize GPL Main Data Structures
[INFO GPL-0002] DBU: 1000
[INFO GPL-0003] SiteSize: (  0.460  2.720 ) um
[INFO GPL-0004] CoreBBox: (  1.380  2.720 ) ( 648.140 647.360 ) um
[INFO GPL-0016] Core area:                  416927.366 um^2
[INFO GPL-0036] Movable instances area:     211112.474 um^2
[INFO GPL-0037] Total instances area:       217990.320 um^2
[INFO GPL-0035] Pin density area adjust:     23560.576 um^2
[INFO GPL-0032] ---- Initialize Region: Top-level
[INFO GPL-0006] Number of instances:             31026
[INFO GPL-0007] Movable instances:               25529
[INFO GPL-0008] Fixed instances:                  5497
[INFO GPL-0009] Dummy instances:                     0
[INFO GPL-0010] Number of nets:                  25724
[INFO GPL-0011] Number of pins:                  96145
[INFO GPL-0012] Die BBox:       (  0.000  0.000 ) ( 649.570 649.570 ) um
[INFO GPL-0013] Placement BBox: (  1.380  2.720 ) ( 648.140 647.360 ) um
[INFO GPL-0014] Region name: top-level.
[INFO GPL-0015] Region area:                416927.366 um^2
[INFO GPL-0017] Fixed instances area:         6877.846 um^2
[INFO GPL-0018] Movable instances area:     234673.049 um^2
[INFO GPL-0019] Utilization:                    57.230 %
[INFO GPL-0020] Standard cells area:        234673.049 um^2
[INFO GPL-0021] Large instances area:            0.000 um^2
[INFO GPL-0005] ---- Execute Conjugate Gradient Initial Placement.
[INFO GPL-0051] Source of initial instance position counters:
	Odb location = 0	Core center = 25529	Region center = 0
[InitialPlace]  Iter: 1 conjugate gradient residual: 0.03334585 HPWL: 762764967
[InitialPlace]  Iter: 2 conjugate gradient residual: 0.00195069 HPWL: 224761118
[InitialPlace]  Iter: 3 conjugate gradient residual: 0.00087617 HPWL: 221348853
[InitialPlace]  Iter: 4 conjugate gradient residual: 0.00012963 HPWL: 210701790
[InitialPlace]  Iter: 5 conjugate gradient residual: 0.00014715 HPWL: 209847712
[InitialPlace]  Iter: 6 conjugate gradient residual: 0.00006316 HPWL: 209950983
[InitialPlace]  Iter: 7 conjugate gradient residual: 0.00013317 HPWL: 209216847
[InitialPlace]  Iter: 8 conjugate gradient residual: 0.00015248 HPWL: 209398693
[InitialPlace]  Iter: 9 conjugate gradient residual: 0.00009312 HPWL: 208812654
[InitialPlace]  Iter: 10 conjugate gradient residual: 0.00002952 HPWL: 208999734
[InitialPlace]  Iter: 11 conjugate gradient residual: 0.00004042 HPWL: 208321465
[InitialPlace]  Iter: 12 conjugate gradient residual: 0.00005350 HPWL: 208555509
[InitialPlace]  Iter: 13 conjugate gradient residual: 0.00001053 HPWL: 208088414
[InitialPlace]  Iter: 14 conjugate gradient residual: 0.00002122 HPWL: 208307935
[InitialPlace]  Iter: 15 conjugate gradient residual: 0.00000905 HPWL: 207895809
[INFO GPL-0033] ---- Initialize Nesterov Region: Top-level
[INFO GPL-0023] Placement target density:       0.6950
[INFO GPL-0024] Movable insts average area:      9.192 um^2
[INFO GPL-0025] Ideal bin area:                 13.226 um^2
[INFO GPL-0026] Ideal bin count:                 31522
[INFO GPL-0027] Total bin area:             416927.366 um^2
[INFO GPL-0028] Bin count (X, Y):         128 ,    128
[INFO GPL-0029] Bin size (W * H):       5.053 *  5.036 um
[INFO GPL-0030] Number of bins:                  16384
[INFO GPL-0084] ---- Execute Nesterov Global Placement.
[INFO GPL-0031] HPWL: Half-Perimeter Wirelength
Iteration | Overflow |     HPWL (um) |  HPWL(%) |   Penalty | Group
---------------------------------------------------------------
        0 |   0.9970 |  5.095215e+04 |   +0.00% |  2.46e-17 |      
       10 |   0.9956 |  5.149334e+04 |   +1.06% |  4.00e-17 |      
       20 |   0.9947 |  5.320774e+04 |   +3.33% |  6.52e-17 |      
       30 |   0.9941 |  5.445492e+04 |   +2.34% |  1.06e-16 |      
       40 |   0.9938 |  5.515009e+04 |   +1.28% |  1.73e-16 |      
       50 |   0.9937 |  5.537886e+04 |   +0.41% |  2.82e-16 |      
       60 |   0.9936 |  5.553160e+04 |   +0.28% |  4.59e-16 |      
       70 |   0.9935 |  5.578368e+04 |   +0.45% |  7.47e-16 |      
       80 |   0.9935 |  5.603278e+04 |   +0.45% |  1.22e-15 |      
       90 |   0.9934 |  5.615664e+04 |   +0.22% |  1.98e-15 |      
      100 |   0.9933 |  5.615277e+04 |   -0.01% |  3.23e-15 |      
      110 |   0.9931 |  5.613467e+04 |   -0.03% |  5.26e-15 |      
      120 |   0.9930 |  5.622778e+04 |   +0.17% |  8.57e-15 |      
      130 |   0.9928 |  5.648257e+04 |   +0.45% |  1.40e-14 |      
      140 |   0.9927 |  5.692533e+04 |   +0.78% |  2.27e-14 |      
      150 |   0.9924 |  5.757057e+04 |   +1.13% |  3.70e-14 |      
      160 |   0.9920 |  5.855245e+04 |   +1.71% |  6.03e-14 |      
      170 |   0.9916 |  6.006447e+04 |   +2.58% |  9.82e-14 |      
      180 |   0.9909 |  6.242150e+04 |   +3.92% |  1.60e-13 |      
      190 |   0.9898 |  6.594819e+04 |   +5.65% |  2.61e-13 |      
      200 |   0.9884 |  7.138142e+04 |   +8.24% |  4.24e-13 |      
      210 |   0.9862 |  7.992843e+04 |  +11.97% |  6.90e-13 |      
      220 |   0.9826 |  9.330172e+04 |  +16.73% |  1.12e-12 |      
      230 |   0.9767 |  1.121795e+05 |  +20.23% |  1.83e-12 |      
      240 |   0.9687 |  1.393371e+05 |  +24.21% |  2.96e-12 |      
      250 |   0.9585 |  1.710140e+05 |  +22.73% |  4.81e-12 |      
      260 |   0.9464 |  2.061104e+05 |  +20.52% |  7.81e-12 |      
      270 |   0.9296 |  2.461132e+05 |  +19.41% |  1.27e-11 |      
      280 |   0.9082 |  2.902001e+05 |  +17.91% |  2.05e-11 |      
      290 |   0.8830 |  3.308666e+05 |  +14.01% |  3.33e-11 |      
      300 |   0.8543 |  3.701774e+05 |  +11.88% |  5.40e-11 |      
      310 |   0.8218 |  4.035279e+05 |   +9.01% |  8.76e-11 |      
      320 |   0.7871 |  4.247869e+05 |   +5.27% |  1.42e-10 |      
      330 |   0.7453 |  4.710965e+05 |  +10.90% |  2.31e-10 |      
      340 |   0.7044 |  5.096623e+05 |   +8.19% |  3.74e-10 |      
      350 |   0.6618 |  5.342118e+05 |   +4.82% |  6.08e-10 |      
[INFO GPL-0100] Timing-driven iteration 1/2, virtual: false.
[INFO GPL-0101]    Iter: 357, overflow: 0.634, keep resizer changes at: 1, HPWL: 541852472
Iteration |   Area    | Resized | Buffers | Nets repaired | Remaining
---------------------------------------------------------------------
        0 |     +0.0% |       0 |       0 |             0 |     25846
    final |     +7.7% |     317 |     761 |           360 |         0
---------------------------------------------------------------------
[INFO RSZ-0034] Found 366 slew violations.
[INFO RSZ-0036] Found 165 capacitance violations.
[INFO RSZ-0039] Resized 317 instances.
[INFO RSZ-0038] Inserted 761 buffers in 360 nets.
   Iter   |    Area   | Removed | Inserted |   Pins
          |           | Buffers | Buffers  | Remaining
-------------------------------------------------------
        0 |     +0.0% |       0 |        0 |     25314
     2500 |     -0.1% |      33 |       38 |     22814
     5000 |     -0.3% |      75 |       81 |     20314
     7500 |     -0.9% |     208 |      156 |     17814
    10000 |     -1.5% |     333 |      218 |     15314
    12500 |     -1.8% |     386 |      259 |     12814
    15000 |     -1.9% |     420 |      309 |     10314
    17500 |     -1.9% |     479 |      402 |      7814
    20000 |     -2.0% |     530 |      480 |      5314
    22500 |     -2.1% |     554 |      519 |      2814
    25000 |     -3.9% |     748 |      624 |       314
    final |     -3.9% |     761 |      646 |         0
-------------------------------------------------------
[INFO GPL-0106] Timing-driven: worst slack -4.695e-09
[INFO GPL-0107] Timing-driven: repair_design delta area: 7139.232 um^2 (+3.04%)
[INFO GPL-0108] Timing-driven: repair_design, gpl delta gcells: 646 (+2.53%)
[INFO GPL-0109] Timing-driven: repair_design, gcells created: 1407, deleted: 761
[INFO GPL-0110] Timing-driven: new target density: 0.7124106
Iteration | Overflow |     HPWL (um) |  HPWL(%) |   Penalty | Group
---------------------------------------------------------------
      360 |   0.6049 |  5.993212e+05 |  +12.19% |  9.84e-10 |      
[INFO GPL-0038] Routability snapshot saved at iter = 363
      362 |   0.5978 |  6.030677e+05 |          |           |      
      370 |   0.5685 |  6.152288e+05 |   +2.65% |  1.60e-09 |      
      380 |   0.5221 |  6.298139e+05 |   +2.37% |  2.60e-09 |      
      390 |   0.4800 |  6.332338e+05 |   +0.54% |  4.23e-09 |      
      400 |   0.4363 |  6.380503e+05 |   +0.76% |  6.88e-09 |      
      410 |   0.3936 |  6.484574e+05 |   +1.63% |  1.12e-08 |      
      420 |   0.3555 |  6.460064e+05 |   -0.38% |  1.82e-08 |      
      430 |   0.3200 |  6.447548e+05 |   -0.19% |  2.76e-08 |      
[INFO GPL-0040] Routability iteration: 1
[WARNING GRT-0281] Net _12916_ has a large fanout of 2191 terminals.
[INFO GPL-0041] Total routing overflow: 150.6495
[INFO GPL-0042] Number of overflowed tiles: 1155 (13.07%)
[INFO GPL-0043] Average top 0.5% routing congestion: 1.4476
[INFO GPL-0044] Average top 1.0% routing congestion: 1.3899
[INFO GPL-0045] Average top 2.0% routing congestion: 1.3304
[INFO GPL-0046] Average top 5.0% routing congestion: 1.2401
[INFO GPL-0047] Routability iteration weighted routing congestion: 1.4188
[INFO GPL-0048] Routing congestion (1.4188) lower than previous minimum (1e+30). Updating minimum.
[INFO GPL-0086] Inflated area:               20434.166 um^2 (+8.45%)
[INFO GPL-0052] Placement target density:       0.7124
[INFO GPL-0076] Removing fillers, count: Before: 5654, After: 3358 (-40.61%)
[INFO GPL-0077] Filler area (um^2)     : Before: 50311.361, After: 29875.857 (-40.62%)
[INFO GPL-0078] Removed fillers count: 2296, area removed: 20427.328 um^2. Remaining area to be compensated by modifying density: 6.837 um^2
[INFO GPL-0058] White space area:           410049.520 um^2 (+0.00%)
[INFO GPL-0059] Movable instances area:     292123.640 um^2 (+0.00%)
[INFO GPL-0060] Total filler area:           29875.857 um^2 (-40.62%)
[INFO GPL-0061] Total non-inflated area:    292122.304 um^2 (-0.00%)
[INFO GPL-0062] Total inflated area:        312556.469 um^2 (-0.00%)
[INFO GPL-0063] New Target Density:             0.7124
[INFO GPL-0087] Routability end iteration: increase inflation and revert back to snapshot.
Iteration | Overflow |     HPWL (um) |  HPWL(%) |   Penalty | Group
---------------------------------------------------------------
      440 |   0.6041 |  6.159449e+05 |   -4.47% |  1.23e-09 |      
      450 |   0.5398 |  7.210381e+05 |  +17.06% |  1.79e-09 |      
      460 |   0.5185 |  6.802404e+05 |   -5.66% |  2.64e-09 |      
      470 |   0.4788 |  7.359038e+05 |   +8.18% |  3.87e-09 |      
      480 |   0.4519 |  6.807924e+05 |   -7.49% |  5.69e-09 |      
      490 |   0.4122 |  7.200398e+05 |   +5.76% |  8.35e-09 |      
      500 |   0.3824 |  7.117608e+05 |   -1.15% |  1.23e-08 |      
      510 |   0.3543 |  6.932017e+05 |   -2.61% |  1.81e-08 |      
      520 |   0.3211 |  6.938143e+05 |   +0.09% |  2.66e-08 |      
[INFO GPL-0040] Routability iteration: 2
[INFO GPL-0041] Total routing overflow: 87.2629
[INFO GPL-0042] Number of overflowed tiles: 973 (11.01%)
[INFO GPL-0043] Average top 0.5% routing congestion: 1.2689
[INFO GPL-0044] Average top 1.0% routing congestion: 1.2388
[INFO GPL-0045] Average top 2.0% routing congestion: 1.2065
[INFO GPL-0046] Average top 5.0% routing congestion: 1.1526
[INFO GPL-0047] Routability iteration weighted routing congestion: 1.2538
[INFO GPL-0048] Routing congestion (1.2538) lower than previous minimum (1.419). Updating minimum.
[INFO GPL-0086] Inflated area:                9561.019 um^2 (+3.65%)
[INFO GPL-0052] Placement target density:       0.7124
[INFO GPL-0076] Removing fillers, count: Before: 3358, After: 2284 (-31.98%)
[INFO GPL-0077] Filler area (um^2)     : Before: 29875.857, After: 20320.565 (-31.98%)
[INFO GPL-0078] Removed fillers count: 1074, area removed: 9555.292 um^2. Remaining area to be compensated by modifying density: 5.726 um^2
[INFO GPL-0058] White space area:           410049.520 um^2 (+0.00%)
[INFO GPL-0059] Movable instances area:     292123.640 um^2 (+0.00%)
[INFO GPL-0060] Total filler area:           20320.565 um^2 (-31.98%)
[INFO GPL-0061] Total non-inflated area:    292128.030 um^2 (+0.00%)
[INFO GPL-0062] Total inflated area:        301689.049 um^2 (+0.00%)
[INFO GPL-0063] New Target Density:             0.7124
[INFO GPL-0087] Routability end iteration: increase inflation and revert back to snapshot.
Iteration | Overflow |     HPWL (um) |  HPWL(%) |   Penalty | Group
---------------------------------------------------------------
      530 |   0.6098 |  6.227499e+05 |  -10.24% |  1.23e-09 |      
      540 |   0.5334 |  7.876770e+05 |  +26.48% |  1.78e-09 |      
      550 |   0.5158 |  7.259984e+05 |   -7.83% |  2.62e-09 |      
      560 |   0.4727 |  8.055625e+05 |  +10.96% |  3.83e-09 |      
      570 |   0.4466 |  7.258293e+05 |   -9.90% |  5.64e-09 |      
      580 |   0.4079 |  7.528287e+05 |   +3.72% |  8.26e-09 |      
      590 |   0.3823 |  7.465755e+05 |   -0.83% |  1.22e-08 |      
      600 |   0.3510 |  7.251836e+05 |   -2.87% |  1.79e-08 |      
      610 |   0.3233 |  7.209692e+05 |   -0.58% |  2.64e-08 |      
[INFO GPL-0040] Routability iteration: 3
[INFO GPL-0041] Total routing overflow: 73.5881
[INFO GPL-0042] Number of overflowed tiles: 920 (10.41%)
[INFO GPL-0043] Average top 0.5% routing congestion: 1.2369
[INFO GPL-0044] Average top 1.0% routing congestion: 1.2085
[INFO GPL-0045] Average top 2.0% routing congestion: 1.1778
[INFO GPL-0046] Average top 5.0% routing congestion: 1.1303
[INFO GPL-0047] Routability iteration weighted routing congestion: 1.2227
[INFO GPL-0048] Routing congestion (1.2227) lower than previous minimum (1.254). Updating minimum.
[INFO GPL-0086] Inflated area:                7958.845 um^2 (+2.93%)
[INFO GPL-0052] Placement target density:       0.7124
[INFO GPL-0076] Removing fillers, count: Before: 2284, After: 1390 (-39.14%)
[INFO GPL-0077] Filler area (um^2)     : Before: 20320.565, After: 12366.719 (-39.14%)
[INFO GPL-0078] Removed fillers count: 894, area removed: 7953.846 um^2. Remaining area to be compensated by modifying density: 4.999 um^2
[INFO GPL-0058] White space area:           410049.520 um^2 (+0.00%)
[INFO GPL-0059] Movable instances area:     292123.640 um^2 (+0.00%)
[INFO GPL-0060] Total filler area:           12366.719 um^2 (-39.14%)
[INFO GPL-0061] Total non-inflated area:    292133.029 um^2 (+0.00%)
[INFO GPL-0062] Total inflated area:        300091.874 um^2 (+0.00%)
[INFO GPL-0063] New Target Density:             0.7124
[INFO GPL-0087] Routability end iteration: increase inflation and revert back to snapshot.
Iteration | Overflow |     HPWL (um) |  HPWL(%) |   Penalty | Group
---------------------------------------------------------------
      620 |   0.6345 |  5.956402e+05 |  -17.38% |  1.18e-09 |      
      630 |   0.5260 |  8.506716e+05 |  +42.82% |  1.70e-09 |      
      640 |   0.5194 |  7.654549e+05 |  -10.02% |  2.51e-09 |      
      650 |   0.4680 |  8.625885e+05 |  +12.69% |  3.66e-09 |      
      660 |   0.4541 |  7.451551e+05 |  -13.61% |  5.39e-09 |      
      670 |   0.4060 |  7.969282e+05 |   +6.95% |  7.89e-09 |      
      680 |   0.3842 |  7.816341e+05 |   -1.92% |  1.16e-08 |      
      690 |   0.3515 |  7.535178e+05 |   -3.60% |  1.71e-08 |      
      700 |   0.3256 |  7.467685e+05 |   -0.90% |  2.52e-08 |      
      710 |   0.2966 |  7.358465e+05 |   -1.46% |  3.71e-08 |      
[INFO GPL-0040] Routability iteration: 4
[INFO GPL-0041] Total routing overflow: 61.6184
[INFO GPL-0042] Number of overflowed tiles: 864 (9.78%)
[INFO GPL-0043] Average top 0.5% routing congestion: 1.2372
[INFO GPL-0044] Average top 1.0% routing congestion: 1.2018
[INFO GPL-0045] Average top 2.0% routing congestion: 1.1656
[INFO GPL-0046] Average top 5.0% routing congestion: 1.1150
[INFO GPL-0047] Routability iteration weighted routing congestion: 1.2195
[INFO GPL-0048] Routing congestion (1.2195) lower than previous minimum (1.223). Updating minimum.
[INFO GPL-0086] Inflated area:                6472.559 um^2 (+2.31%)
[INFO GPL-0052] Placement target density:       0.7124
[INFO GPL-0076] Removing fillers, count: Before: 1390, After: 663 (-52.30%)
[INFO GPL-0077] Filler area (um^2)     : Before: 12366.719, After: 5898.658 (-52.30%)
[INFO GPL-0078] Removed fillers count: 727, area removed: 6468.061 um^2. Remaining area to be compensated by modifying density: 4.498 um^2
[INFO GPL-0058] White space area:           410049.520 um^2 (+0.00%)
[INFO GPL-0059] Movable instances area:     292123.640 um^2 (+0.00%)
[INFO GPL-0060] Total filler area:            5898.658 um^2 (-52.30%)
[INFO GPL-0061] Total non-inflated area:    292137.527 um^2 (+0.00%)
[INFO GPL-0062] Total inflated area:        298610.086 um^2 (+0.00%)
[INFO GPL-0063] New Target Density:             0.7124
[INFO GPL-0087] Routability end iteration: increase inflation and revert back to snapshot.
Iteration | Overflow |     HPWL (um) |  HPWL(%) |   Penalty | Group
---------------------------------------------------------------
      720 |   0.5224 |  9.011855e+05 |  +22.47% |  1.57e-09 |      
      730 |   0.5281 |  8.044551e+05 |  -10.73% |  2.31e-09 |      
      740 |   0.4673 |  9.094052e+05 |  +13.05% |  3.37e-09 |      
      750 |   0.4647 |  7.630525e+05 |  -16.09% |  4.96e-09 |      
      760 |   0.4058 |  8.430091e+05 |  +10.48% |  7.26e-09 |      
      770 |   0.3899 |  8.121552e+05 |   -3.66% |  1.07e-08 |      
      780 |   0.3623 |  7.749726e+05 |   -4.58% |  1.57e-08 |      
      790 |   0.3301 |  7.730112e+05 |   -0.25% |  2.32e-08 |      
      800 |   0.3030 |  7.578286e+05 |   -1.96% |  3.41e-08 |      
[INFO GPL-0040] Routability iteration: 5
[INFO GPL-0041] Total routing overflow: 56.4904
[INFO GPL-0042] Number of overflowed tiles: 824 (9.33%)
[INFO GPL-0043] Average top 0.5% routing congestion: 1.2212
[INFO GPL-0044] Average top 1.0% routing congestion: 1.1934
[INFO GPL-0045] Average top 2.0% routing congestion: 1.1594
[INFO GPL-0046] Average top 5.0% routing congestion: 1.1082
[INFO GPL-0047] Routability iteration weighted routing congestion: 1.2073
[INFO GPL-0048] Routing congestion (1.2073) lower than previous minimum (1.22). Updating minimum.
[INFO GPL-0086] Inflated area:                5532.890 um^2 (+1.93%)
[INFO GPL-0052] Placement target density:       0.7124
[INFO GPL-0076] Removing fillers, count: Before: 663, After: 42 (-93.67%)
[INFO GPL-0077] Filler area (um^2)     : Before: 5898.658, After: 373.671 (-93.67%)
[INFO GPL-0078] Removed fillers count: 621, area removed: 5524.987 um^2. Remaining area to be compensated by modifying density: 7.903 um^2
[INFO GPL-0058] White space area:           410049.520 um^2 (+0.00%)
[INFO GPL-0059] Movable instances area:     292123.640 um^2 (+0.00%)
[INFO GPL-0060] Total filler area:             373.671 um^2 (-93.67%)
[INFO GPL-0061] Total non-inflated area:    292145.430 um^2 (+0.00%)
[INFO GPL-0062] Total inflated area:        297678.320 um^2 (+0.00%)
[INFO GPL-0063] New Target Density:             0.7124
[INFO GPL-0087] Routability end iteration: increase inflation and revert back to snapshot.
Iteration | Overflow |     HPWL (um) |  HPWL(%) |   Penalty | Group
---------------------------------------------------------------
      810 |   0.5281 |  8.719013e+05 |  +15.05% |  1.46e-09 |      
      820 |   0.5296 |  8.652048e+05 |   -0.77% |  2.13e-09 |      
      830 |   0.4771 |  9.093766e+05 |   +5.11% |  3.12e-09 |      
      840 |   0.4660 |  7.995245e+05 |  -12.08% |  4.58e-09 |      
      850 |   0.4129 |  8.800465e+05 |  +10.07% |  6.69e-09 |      
      860 |   0.3935 |  8.360075e+05 |   -5.00% |  9.85e-09 |      
      870 |   0.3652 |  8.040698e+05 |   -3.82% |  1.45e-08 |      
      880 |   0.3360 |  8.000063e+05 |   -0.51% |  2.14e-08 |      
      890 |   0.3105 |  7.830859e+05 |   -2.12% |  3.15e-08 |      
[INFO GPL-0040] Routability iteration: 6
[INFO GPL-0041] Total routing overflow: 54.6735
[INFO GPL-0042] Number of overflowed tiles: 807 (9.13%)
[INFO GPL-0043] Average top 0.5% routing congestion: 1.2314
[INFO GPL-0044] Average top 1.0% routing congestion: 1.1935
[INFO GPL-0045] Average top 2.0% routing congestion: 1.1573
[INFO GPL-0046] Average top 5.0% routing congestion: 1.1059
[INFO GPL-0047] Routability iteration weighted routing congestion: 1.2125
[INFO GPL-0049] Routing congestion (1.2125) higher than minimum (1.2073). Consecutive non-improvement count: 1.
[INFO GPL-0086] Inflated area:                6290.696 um^2 (+2.16%)
[INFO GPL-0052] Placement target density:       0.7124
[INFO GPL-0076] Removing fillers, count: Before: 42, After: 0 (-100.00%)
[INFO GPL-0077] Filler area (um^2)     : Before: 373.671, After: 0.000 (-100.00%)
[INFO GPL-0078] Removed fillers count: 42, area removed: 373.671 um^2. Remaining area to be compensated by modifying density: 5917.025 um^2
[INFO GPL-0079] New target density: 0.7268938
[INFO GPL-0058] White space area:           410049.520 um^2 (+0.00%)
[INFO GPL-0059] Movable instances area:     298062.447 um^2 (+2.03%)
[INFO GPL-0060] Total filler area:               0.000 um^2 (-100.00%)
[INFO GPL-0061] Total non-inflated area:    298062.455 um^2 (+2.03%)
[INFO GPL-0062] Total inflated area:        304353.151 um^2 (+1.98%)
[INFO GPL-0063] New Target Density:             0.7269
[INFO GPL-0087] Routability end iteration: increase inflation and revert back to snapshot.
Iteration | Overflow |     HPWL (um) |  HPWL(%) |   Penalty | Group
---------------------------------------------------------------
      900 |   0.5307 |  8.795693e+05 |  +12.32% |  1.41e-09 |      
      910 |   0.5281 |  8.928797e+05 |   +1.51% |  2.04e-09 |      
      920 |   0.4819 |  9.122478e+05 |   +2.17% |  3.00e-09 |      
      930 |   0.4636 |  8.202049e+05 |  -10.09% |  4.40e-09 |      
      940 |   0.4191 |  8.830767e+05 |   +7.67% |  6.44e-09 |      
      950 |   0.3968 |  8.431479e+05 |   -4.52% |  9.47e-09 |      
      960 |   0.3675 |  8.133610e+05 |   -3.53% |  1.39e-08 |      
      970 |   0.3366 |  8.065899e+05 |   -0.83% |  2.05e-08 |      
      980 |   0.3131 |  7.889619e+05 |   -2.19% |  3.03e-08 |      
[INFO GPL-0040] Routability iteration: 7
[INFO GPL-0041] Total routing overflow: 51.1780
[INFO GPL-0042] Number of overflowed tiles: 768 (8.69%)
[INFO GPL-0043] Average top 0.5% routing congestion: 1.2055
[INFO GPL-0044] Average top 1.0% routing congestion: 1.1799
[INFO GPL-0045] Average top 2.0% routing congestion: 1.1487
[INFO GPL-0046] Average top 5.0% routing congestion: 1.0998
[INFO GPL-0047] Routability iteration weighted routing congestion: 1.1927
[INFO GPL-0048] Routing congestion (1.1927) lower than previous minimum (1.207). Updating minimum.
[INFO GPL-0086] Inflated area:                5695.333 um^2 (+1.91%)
[INFO GPL-0052] Placement target density:       0.7269
[INFO GPL-0076] Removing fillers, count: Before: 0, After: 0 (+0.00%)
[INFO GPL-0077] Filler area (um^2)     : Before: 0.000, After: 0.000 (+0.00%)
[INFO GPL-0078] Removed fillers count: 0, area removed: 0.000 um^2. Remaining area to be compensated by modifying density: 5695.333 um^2
[INFO GPL-0079] New target density: 0.7407832
[INFO GPL-0058] White space area:           410049.520 um^2 (+0.00%)
[INFO GPL-0059] Movable instances area:     303757.787 um^2 (+1.91%)
[INFO GPL-0060] Total filler area:               0.000 um^2 (+0.00%)
[INFO GPL-0061] Total non-inflated area:    303757.788 um^2 (+1.91%)
[INFO GPL-0062] Total inflated area:        309453.121 um^2 (+1.87%)
[INFO GPL-0063] New Target Density:             0.7408
[INFO GPL-0087] Routability end iteration: increase inflation and revert back to snapshot.
Iteration | Overflow |     HPWL (um) |  HPWL(%) |   Penalty | Group
---------------------------------------------------------------
      990 |   0.5537 |  7.937886e+05 |   +0.61% |  1.31e-09 |      
     1000 |   0.5208 |  9.459525e+05 |  +19.17% |  1.89e-09 |      
     1010 |   0.4949 |  8.836372e+05 |   -6.59% |  2.78e-09 |      
     1020 |   0.4627 |  8.622422e+05 |   -2.42% |  4.07e-09 |      
     1030 |   0.4254 |  8.746823e+05 |   +1.44% |  5.96e-09 |      
     1040 |   0.4027 |  8.558020e+05 |   -2.16% |  8.76e-09 |      
     1050 |   0.3698 |  8.321009e+05 |   -2.77% |  1.29e-08 |      
     1060 |   0.3419 |  8.168195e+05 |   -1.84% |  1.90e-08 |      
     1070 |   0.3143 |  7.971115e+05 |   -2.41% |  2.80e-08 |      
[INFO GPL-0040] Routability iteration: 8
[INFO GPL-0041] Total routing overflow: 50.0445
[INFO GPL-0042] Number of overflowed tiles: 775 (8.77%)
[INFO GPL-0043] Average top 0.5% routing congestion: 1.1981
[INFO GPL-0044] Average top 1.0% routing congestion: 1.1700
[INFO GPL-0045] Average top 2.0% routing congestion: 1.1410
[INFO GPL-0046] Average top 5.0% routing congestion: 1.0971
[INFO GPL-0047] Routability iteration weighted routing congestion: 1.1841
[INFO GPL-0048] Routing congestion (1.1841) lower than previous minimum (1.193). Updating minimum.
[INFO GPL-0086] Inflated area:                5579.987 um^2 (+1.84%)
[INFO GPL-0052] Placement target density:       0.7408
[INFO GPL-0076] Removing fillers, count: Before: 0, After: 0 (+0.00%)
[INFO GPL-0077] Filler area (um^2)     : Before: 0.000, After: 0.000 (+0.00%)
[INFO GPL-0078] Removed fillers count: 0, area removed: 0.000 um^2. Remaining area to be compensated by modifying density: 5579.987 um^2
[INFO GPL-0079] New target density: 0.7543913
[INFO GPL-0058] White space area:           410049.520 um^2 (+0.00%)
[INFO GPL-0059] Movable instances area:     309337.784 um^2 (+1.84%)
[INFO GPL-0060] Total filler area:               0.000 um^2 (+0.00%)
[INFO GPL-0061] Total non-inflated area:    309337.775 um^2 (+1.84%)
[INFO GPL-0062] Total inflated area:        314917.762 um^2 (+1.80%)
[INFO GPL-0063] New Target Density:             0.7544
[INFO GPL-0087] Routability end iteration: increase inflation and revert back to snapshot.
Iteration | Overflow |     HPWL (um) |  HPWL(%) |   Penalty | Group
---------------------------------------------------------------
     1080 |   0.6111 |  6.545578e+05 |  -17.88% |  1.23e-09 |      
     1090 |   0.5059 |  9.967978e+05 |  +52.29% |  1.75e-09 |      
     1100 |   0.5067 |  8.687826e+05 |  -12.84% |  2.57e-09 |      
     1110 |   0.4657 |  9.031989e+05 |   +3.96% |  3.76e-09 |      
     1120 |   0.4323 |  8.590514e+05 |   -4.89% |  5.53e-09 |      
     1130 |   0.4056 |  8.710012e+05 |   +1.39% |  8.11e-09 |      
     1140 |   0.3760 |  8.427772e+05 |   -3.24% |  1.19e-08 |      
     1150 |   0.3449 |  8.225424e+05 |   -2.40% |  1.76e-08 |      
     1160 |   0.3195 |  8.058650e+05 |   -2.03% |  2.59e-08 |      
[INFO GPL-0040] Routability iteration: 9
[INFO GPL-0041] Total routing overflow: 42.2937
[INFO GPL-0042] Number of overflowed tiles: 749 (8.48%)
[INFO GPL-0043] Average top 0.5% routing congestion: 1.1680
[INFO GPL-0044] Average top 1.0% routing congestion: 1.1471
[INFO GPL-0045] Average top 2.0% routing congestion: 1.1235
[INFO GPL-0046] Average top 5.0% routing congestion: 1.0839
[INFO GPL-0047] Routability iteration weighted routing congestion: 1.1576
[INFO GPL-0048] Routing congestion (1.1576) lower than previous minimum (1.184). Updating minimum.
[INFO GPL-0086] Inflated area:                4790.141 um^2 (+1.55%)
[INFO GPL-0052] Placement target density:       0.7544
[INFO GPL-0076] Removing fillers, count: Before: 0, After: 0 (+0.00%)
[INFO GPL-0077] Filler area (um^2)     : Before: 0.000, After: 0.000 (+0.00%)
[INFO GPL-0078] Removed fillers count: 0, area removed: 0.000 um^2. Remaining area to be compensated by modifying density: 4790.141 um^2
[INFO GPL-0079] New target density: 0.7660731
[INFO GPL-0058] White space area:           410049.520 um^2 (+0.00%)
[INFO GPL-0059] Movable instances area:     314127.909 um^2 (+1.55%)
[INFO GPL-0060] Total filler area:               0.000 um^2 (+0.00%)
[INFO GPL-0061] Total non-inflated area:    314127.916 um^2 (+1.55%)
[INFO GPL-0062] Total inflated area:        318918.057 um^2 (+1.52%)
[INFO GPL-0063] New Target Density:             0.7661
[INFO GPL-0087] Routability end iteration: increase inflation and revert back to snapshot.
Iteration | Overflow |     HPWL (um) |  HPWL(%) |   Penalty | Group
---------------------------------------------------------------
     1170 |   0.6473 |  5.965026e+05 |  -25.98% |  1.18e-09 |      
     1180 |   0.4979 |  1.021157e+06 |  +71.19% |  1.68e-09 |      
     1190 |   0.5098 |  8.710768e+05 |  -14.70% |  2.47e-09 |      
     1200 |   0.4677 |  9.215361e+05 |   +5.79% |  3.61e-09 |      
     1210 |   0.4349 |  8.585767e+05 |   -6.83% |  5.31e-09 |      
     1220 |   0.4028 |  8.824205e+05 |   +2.78% |  7.79e-09 |      
     1230 |   0.3768 |  8.496423e+05 |   -3.71% |  1.15e-08 |      
     1240 |   0.3469 |  8.246858e+05 |   -2.94% |  1.69e-08 |      
     1250 |   0.3224 |  8.126834e+05 |   -1.46% |  2.49e-08 |      
[INFO GPL-0040] Routability iteration: 10
[INFO GPL-0041] Total routing overflow: 51.4321
[INFO GPL-0042] Number of overflowed tiles: 797 (9.02%)
[INFO GPL-0043] Average top 0.5% routing congestion: 1.2111
[INFO GPL-0044] Average top 1.0% routing congestion: 1.1774
[INFO GPL-0045] Average top 2.0% routing congestion: 1.1452
[INFO GPL-0046] Average top 5.0% routing congestion: 1.0997
[INFO GPL-0047] Routability iteration weighted routing congestion: 1.1943
[INFO GPL-0049] Routing congestion (1.1943) higher than minimum (1.1576). Consecutive non-improvement count: 1.
[INFO GPL-0086] Inflated area:                6175.083 um^2 (+1.97%)
[INFO GPL-0052] Placement target density:       0.7661
[INFO GPL-0076] Removing fillers, count: Before: 0, After: 0 (+0.00%)
[INFO GPL-0077] Filler area (um^2)     : Before: 0.000, After: 0.000 (+0.00%)
[INFO GPL-0078] Removed fillers count: 0, area removed: 0.000 um^2. Remaining area to be compensated by modifying density: 6175.083 um^2
[INFO GPL-0079] New target density: 0.7811325
[INFO GPL-0058] White space area:           410049.520 um^2 (+0.00%)
[INFO GPL-0059] Movable instances area:     320303.006 um^2 (+1.97%)
[INFO GPL-0060] Total filler area:               0.000 um^2 (+0.00%)
[INFO GPL-0061] Total non-inflated area:    320302.998 um^2 (+1.97%)
[INFO GPL-0062] Total inflated area:        326478.081 um^2 (+1.93%)
[INFO GPL-0063] New Target Density:             0.7811
[INFO GPL-0087] Routability end iteration: increase inflation and revert back to snapshot.
Iteration | Overflow |     HPWL (um) |  HPWL(%) |   Penalty | Group
---------------------------------------------------------------
     1260 |   0.6474 |  5.969642e+05 |  -26.54% |  1.18e-09 |      
     1270 |   0.4990 |  9.878502e+05 |  +65.48% |  1.67e-09 |      
     1280 |   0.5051 |  8.859261e+05 |  -10.32% |  2.46e-09 |      
     1290 |   0.4656 |  9.236161e+05 |   +4.25% |  3.59e-09 |      
     1300 |   0.4308 |  8.764166e+05 |   -5.11% |  5.29e-09 |      
     1310 |   0.4016 |  8.880240e+05 |   +1.32% |  7.76e-09 |      
     1320 |   0.3739 |  8.537920e+05 |   -3.85% |  1.14e-08 |      
     1330 |   0.3475 |  8.299240e+05 |   -2.80% |  1.68e-08 |      
     1340 |   0.3222 |  8.173588e+05 |   -1.51% |  2.48e-08 |      
[INFO GPL-0040] Routability iteration: 11
[INFO GPL-0041] Total routing overflow: 47.6579
[INFO GPL-0042] Number of overflowed tiles: 778 (8.80%)
[INFO GPL-0043] Average top 0.5% routing congestion: 1.2046
[INFO GPL-0044] Average top 1.0% routing congestion: 1.1710
[INFO GPL-0045] Average top 2.0% routing congestion: 1.1389
[INFO GPL-0046] Average top 5.0% routing congestion: 1.0938
[INFO GPL-0047] Routability iteration weighted routing congestion: 1.1878
[INFO GPL-0049] Routing congestion (1.1878) higher than minimum (1.1576). Consecutive non-improvement count: 2.
[INFO GPL-0086] Inflated area:                5884.964 um^2 (+1.84%)
[INFO GPL-0052] Placement target density:       0.7811
[INFO GPL-0076] Removing fillers, count: Before: 0, After: 0 (+0.00%)
[INFO GPL-0077] Filler area (um^2)     : Before: 0.000, After: 0.000 (+0.00%)
[INFO GPL-0078] Removed fillers count: 0, area removed: 0.000 um^2. Remaining area to be compensated by modifying density: 5884.964 um^2
[INFO GPL-0079] New target density: 0.79548436
[INFO GPL-0058] White space area:           410049.520 um^2 (+0.00%)
[INFO GPL-0059] Movable instances area:     326187.975 um^2 (+1.84%)
[INFO GPL-0060] Total filler area:               0.000 um^2 (+0.00%)
[INFO GPL-0061] Total non-inflated area:    326187.963 um^2 (+1.84%)
[INFO GPL-0062] Total inflated area:        332072.927 um^2 (+1.80%)
[INFO GPL-0063] New Target Density:             0.7955
[INFO GPL-0087] Routability end iteration: increase inflation and revert back to snapshot.
Iteration | Overflow |     HPWL (um) |  HPWL(%) |   Penalty | Group
---------------------------------------------------------------
     1350 |   0.6037 |  6.679667e+05 |  -18.28% |  1.23e-09 |      
     1360 |   0.4994 |  1.033316e+06 |  +54.70% |  1.74e-09 |      
     1370 |   0.4919 |  9.253151e+05 |  -10.45% |  2.55e-09 |      
     1380 |   0.4622 |  9.085201e+05 |   -1.82% |  3.73e-09 |      
     1390 |   0.4262 |  8.973456e+05 |   -1.23% |  5.48e-09 |      
     1400 |   0.4029 |  8.881681e+05 |   -1.02% |  8.05e-09 |      
     1410 |   0.3699 |  8.574283e+05 |   -3.46% |  1.19e-08 |      
     1420 |   0.3465 |  8.339961e+05 |   -2.73% |  1.75e-08 |      
     1430 |   0.3161 |  8.185372e+05 |   -1.85% |  2.57e-08 |      
[INFO GPL-0040] Routability iteration: 12
[INFO GPL-0041] Total routing overflow: 48.3927
[INFO GPL-0042] Number of overflowed tiles: 795 (9.00%)
[INFO GPL-0043] Average top 0.5% routing congestion: 1.1950
[INFO GPL-0044] Average top 1.0% routing congestion: 1.1623
[INFO GPL-0045] Average top 2.0% routing congestion: 1.1325
[INFO GPL-0046] Average top 5.0% routing congestion: 1.0926
[INFO GPL-0047] Routability iteration weighted routing congestion: 1.1787
[INFO GPL-0049] Routing congestion (1.1787) higher than minimum (1.1576). Consecutive non-improvement count: 3.
[INFO GPL-0086] Inflated area:                6396.252 um^2 (+1.96%)
[INFO GPL-0052] Placement target density:       0.7955
[INFO GPL-0076] Removing fillers, count: Before: 0, After: 0 (+0.00%)
[INFO GPL-0077] Filler area (um^2)     : Before: 0.000, After: 0.000 (+0.00%)
[INFO GPL-0078] Removed fillers count: 0, area removed: 0.000 um^2. Remaining area to be compensated by modifying density: 6396.253 um^2
[INFO GPL-0079] New target density: 0.8110831
[INFO GPL-0054] No improvement in routing congestion for 3 consecutive iterations (limit is 3).
[INFO GPL-0055] Reverting inflation values and target density from the iteration with minimum observed routing congestion.
[INFO GPL-0056] Minimum observed routing congestion: 1.1576
[INFO GPL-0057] Target density at minimum routing congestion: 0.7544
[INFO GPL-0080] Restoring 0 previously removed fillers.
[INFO GPL-0089] Routability finished. Reverting to minimal observed routing congestion, could not reach target.
Iteration | Overflow |     HPWL (um) |  HPWL(%) |   Penalty | Group
---------------------------------------------------------------
     1440 |   0.5853 |  6.492203e+05 |  -20.69% |  1.23e-09 |      
     1450 |   0.4908 |  9.755983e+05 |  +50.27% |  1.75e-09 |      
     1460 |   0.4904 |  8.512928e+05 |  -12.74% |  2.58e-09 |      
     1470 |   0.4458 |  9.082842e+05 |   +6.69% |  3.77e-09 |      
     1480 |   0.4222 |  8.297367e+05 |   -8.65% |  5.55e-09 |      
     1490 |   0.3856 |  8.757135e+05 |   +5.54% |  8.13e-09 |      
     1500 |   0.3621 |  8.453441e+05 |   -3.47% |  1.20e-08 |      
     1510 |   0.3315 |  8.190146e+05 |   -3.11% |  1.76e-08 |      
     1520 |   0.3081 |  8.060451e+05 |   -1.58% |  2.60e-08 |      
     1530 |   0.2823 |  7.924829e+05 |   -1.68% |  3.83e-08 |      
     1540 |   0.2495 |  7.867261e+05 |   -0.73% |  5.64e-08 |      
     1550 |   0.2220 |  7.823742e+05 |   -0.55% |  8.31e-08 |      
     1560 |   0.1967 |  7.808372e+05 |   -0.20% |  1.22e-07 |      
[INFO GPL-0100] Timing-driven iteration 2/2, virtual: false.
[INFO GPL-0101]    Iter: 1562, overflow: 0.194, keep resizer changes at: 1, HPWL: 780623486
Iteration |   Area    | Resized | Buffers | Nets repaired | Remaining
---------------------------------------------------------------------
        0 |     +0.0% |       0 |       0 |             0 |     26492
    final |     +0.3% |      42 |      32 |            55 |         0
---------------------------------------------------------------------
[INFO RSZ-0034] Found 52 slew violations.
[INFO RSZ-0036] Found 11 capacitance violations.
[INFO RSZ-0039] Resized 42 instances.
[INFO RSZ-0038] Inserted 32 buffers in 55 nets.
   Iter   |    Area   | Removed | Inserted |   Pins
          |           | Buffers | Buffers  | Remaining
-------------------------------------------------------
        0 |     +0.0% |       0 |        0 |     25314
     2500 |     +0.0% |      41 |       51 |     22814
     5000 |     +0.0% |      87 |       92 |     20314
     7500 |     +0.0% |     165 |      175 |     17814
    10000 |     +0.1% |     230 |      256 |     15314
    12500 |     +0.1% |     278 |      332 |     12814
    15000 |     +0.2% |     334 |      418 |     10314
    17500 |     +0.4% |     431 |      593 |      7814
    20000 |     +0.6% |     512 |      724 |      5314
    22500 |     +0.7% |     551 |      797 |      2814
    25000 |     +1.6% |     656 |     1155 |       314
    final |     +1.6% |     678 |     1180 |         0
-------------------------------------------------------
[INFO GPL-0106] Timing-driven: worst slack -4.695e-09
[INFO GPL-0107] Timing-driven: repair_design delta area: 3195.524 um^2 (+0.98%)
[INFO GPL-0108] Timing-driven: repair_design, gpl delta gcells: 534 (+2.04%)
[INFO GPL-0109] Timing-driven: repair_design, gcells created: 1212, deleted: 678
[INFO GPL-0110] Timing-driven: new target density: 0.8032773
Iteration | Overflow |     HPWL (um) |  HPWL(%) |   Penalty | Group
---------------------------------------------------------------
     1570 |   0.1629 |  8.310706e+05 |   +6.43% |  1.79e-07 |      
     1580 |   0.1379 |  8.246524e+05 |   -0.77% |  2.64e-07 |      
     1590 |   0.1173 |  8.210011e+05 |   -0.44% |  3.89e-07 |      
     1599 |   0.0989 |  8.193659e+05 |          |  5.73e-07 |      
---------------------------------------------------------------
[INFO GPL-1001] Global placement finished at iteration 1599
[INFO GPL-1017] Routability mode iteration count: 1148
[INFO GPL-1005] Routability final weighted congestion: 1.1710
[INFO GPL-1002] Placed Cell Area            312533.2993
[INFO GPL-1003] Available Free Area         410049.5200
[INFO GPL-1004] Minimum Feasible Density        0.5800 (cell_area / free_area)
[INFO GPL-1006]   Suggested Target Densities:
[INFO GPL-1007]     - For 90% usage of free space: 0.8469
[INFO GPL-1008]     - For 80% usage of free space: 0.9527
[INFO GPL-1011] Original area (um^2): 234673.05
[INFO GPL-1012] Total routability artificial inflation: 67525.49 (+28.77%)
[INFO GPL-1013] Total timing-driven delta area: 10334.76 (+4.40%)
[INFO GPL-1014] Final placement area: 312533.30 (+33.18%)
Took 154 seconds: global_placement -density 0.6949999874830246 -pad_left 0 -pad_right 0 -routability_driven -timing_driven -force_center_initial_place -min_phi_coef 0.95 -max_phi_coef 1.05
estimate_parasitics -placement
Report metrics stage 3, global place...

==========================================================================
global place report_design_area
--------------------------------------------------------------------------
Design area 229830 um^2 55% utilization.
write_db /work/results/sky130hd/m7_j1/d3_j1_p18p0/3_3_place_gp.odb
Elapsed time: 2:38.46[h:]min:sec. CPU time: user 3900.68 sys 19.86 (2474%). Peak memory: 607432KB.
Log                       Ext     Elapsed/s Peak Memory/MB sha1sum result [0:20)
3_3_place_gp              .odb          158            593 8697dc4cd152ae03d069
/OpenROAD-flow-scripts/flow/scripts/flow.sh 3_4_place_resized resize
Running resize.tcl, stage 3_4_place_resized
read_liberty /OpenROAD-flow-scripts/flow/platforms/sky130hd/lib/sky130_fd_sc_hd__tt_025C_1v80.lib
read_db -hier /work/results/sky130hd/m7_j1/d3_j1_p18p0/3_3_place_gp.odb
[WARNING ORD-0012] Hierarchical flow (-hier) is currently in development and may cause multiple issues. Do not use in production environments.
read_sdc /work/results/sky130hd/m7_j1/d3_j1_p18p0/2_floorplan.sdc
source /OpenROAD-flow-scripts/flow/platforms/sky130hd/setRC.tcl
estimate_parasitics -placement
replace_arith_modules -path_count 1000 -target setup -slack_threshold 0.0
[INFO RSZ-0151] Starting arithmetic module replacement to optimize 'setup' target
[INFO RSZ-0152] Analyzing 1000 critical paths with slack < 0.00
[INFO RSZ-0153] Identified 0 violating endpoints
[INFO RSZ-0154] Identified 0 critical arithmetic instances
[INFO GPL-0083] Execute incremental mode global placement.
[INFO GPL-0001] ---- Initialize GPL Main Data Structures
[INFO GPL-0002] DBU: 1000
[INFO GPL-0003] SiteSize: (  0.460  2.720 ) um
[INFO GPL-0004] CoreBBox: (  1.380  2.720 ) ( 648.140 647.360 ) um
[INFO GPL-0016] Core area:                  416927.366 um^2
[INFO GPL-0036] Movable instances area:     222952.579 um^2
[INFO GPL-0037] Total instances area:       229830.426 um^2
[INFO GPL-0035] Pin density area adjust:     23444.202 um^2
[INFO GPL-0032] ---- Initialize Region: Top-level
[INFO GPL-0006] Number of instances:             32206
[INFO GPL-0007] Movable instances:               26709
[INFO GPL-0008] Fixed instances:                  5497
[INFO GPL-0009] Dummy instances:                     0
[INFO GPL-0010] Number of nets:                  26904
[INFO GPL-0011] Number of pins:                  98505
[INFO GPL-0012] Die BBox:       (  0.000  0.000 ) ( 649.570 649.570 ) um
[INFO GPL-0013] Placement BBox: (  1.380  2.720 ) ( 648.140 647.360 ) um
[INFO GPL-0014] Region name: top-level.
[INFO GPL-0015] Region area:                416927.366 um^2
[INFO GPL-0017] Fixed instances area:         6877.846 um^2
[INFO GPL-0018] Movable instances area:     246396.781 um^2
[INFO GPL-0019] Utilization:                    60.090 %
[INFO GPL-0020] Standard cells area:        246396.781 um^2
[INFO GPL-0021] Large instances area:            0.000 um^2
[INFO GPL-0154] Identified 26709 placed instances
[INFO GPL-0155] Identified 0 not placed instances
[INFO GPL-0156] Identified all instances as placed. Skipping incremental mode
Perform buffer insertion and gate resizing...
repair_design -verbose -match_cell_footprint
Iteration |   Area    | Resized | Buffers | Nets repaired | Remaining
---------------------------------------------------------------------
        0 |     +0.0% |       0 |       0 |             0 |     27026
     1000 |     +0.0% |       0 |       0 |             0 |     26026
     2000 |     +0.0% |       0 |       0 |             0 |     25026
     3000 |     +0.0% |       0 |       0 |             0 |     24026
     4000 |     +0.0% |       0 |       0 |             0 |     23026
     5000 |     +0.0% |       0 |       0 |             0 |     22026
     6000 |     +0.0% |       0 |       0 |             0 |     21026
     7000 |     +0.0% |       0 |       0 |             0 |     20026
     8000 |     +0.0% |       0 |       0 |             0 |     19026
     9000 |     +0.0% |       0 |       0 |             0 |     18026
    10000 |     +0.0% |       0 |       0 |             0 |     17026
    11000 |     +0.0% |       0 |       0 |             0 |     16026
    12000 |     +0.0% |       0 |       0 |             0 |     15026
    13000 |     +0.0% |       0 |       0 |             0 |     14026
    14000 |     +0.0% |       0 |       0 |             0 |     13026
    15000 |     +0.0% |       0 |       0 |             0 |     12026
    16000 |     +0.0% |       0 |       0 |             0 |     11026
    17000 |     +0.0% |       0 |       0 |             0 |     10026
    18000 |     +0.0% |       0 |       0 |             0 |      9026
    19000 |     +0.0% |       0 |       0 |             0 |      8026
    20000 |     +0.0% |       0 |       0 |             0 |      7026
    21000 |     +0.0% |       0 |       0 |             0 |      6026
    22000 |     +0.0% |       0 |       0 |             0 |      5026
    23000 |     +0.0% |       0 |       0 |             0 |      4026
    24000 |     +0.0% |       0 |       0 |             0 |      3026
    25000 |     +0.0% |       0 |       0 |             0 |      2026
    26000 |     +0.0% |       0 |       0 |             0 |      1026
    27000 |     +0.0% |       0 |       0 |             0 |        26
    final |     +0.0% |       0 |       0 |             0 |         0
---------------------------------------------------------------------
[INFO RSZ-0504] Runtime: 1.68s
Floating nets: 
Report metrics stage 3, resizer...

==========================================================================
resizer report_design_area
--------------------------------------------------------------------------
Design area 229830 um^2 55% utilization.
Instance count before 32206, after 32206
Pin count before 98351, after 98351
write_db /work/results/sky130hd/m7_j1/d3_j1_p18p0/3_4_place_resized.odb
Elapsed time: 0:08.68[h:]min:sec. CPU time: user 13.42 sys 6.67 (231%). Peak memory: 281112KB.
Log                       Ext     Elapsed/s Peak Memory/MB sha1sum result [0:20)
3_4_place_resized         .odb            8            274 8697dc4cd152ae03d069
/OpenROAD-flow-scripts/flow/scripts/flow.sh 3_5_place_dp detail_place
Running detail_place.tcl, stage 3_5_place_dp
read_liberty /OpenROAD-flow-scripts/flow/platforms/sky130hd/lib/sky130_fd_sc_hd__tt_025C_1v80.lib
read_db -hier /work/results/sky130hd/m7_j1/d3_j1_p18p0/3_4_place_resized.odb
[WARNING ORD-0012] Hierarchical flow (-hier) is currently in development and may cause multiple issues. Do not use in production environments.
read_sdc /work/results/sky130hd/m7_j1/d3_j1_p18p0/2_floorplan.sdc
source /OpenROAD-flow-scripts/flow/platforms/sky130hd/setRC.tcl
detailed_placement
[INFO DPL-0006] Core area: 416927.37 um^2
[INFO DPL-0007] Movable instances area: 222952.58 um^2
[INFO DPL-0008] Fixed instances area within core: 6877.85 um^2
[INFO DPL-0009] Utilization: 55.1%
[INFO DPL-0005] Diamond search max displacement: +/- 500 sites horizontally, +/- 100 rows vertically.
[INFO DPL-1102] Legalizing using negotiation legalizer.
[INFO DPL-1103] Negotiation base search window: +/-20 sites horizontally, +/-5 rows vertically 
	Automatic search window extension enabled.
	Search window extendable up to the max displacement cap of +/-500 sites, +/-100 rows near walls.
[INFO DPL-1104] NegotiationLegalizer DRC penalty: 5.
[INFO DPL-0392] Negotiation cell height distribution (1 unique row-count(s)):
[INFO DPL-0393]   height 1 row(s): 32206 cells
          |      Total |  Illegal |  Illegal
Iteration | Violations |    Cells |    Sites
---------------------------------------------
        0 |       1589 |       357 |      1232
        1 |        417 |        63 |       354
        2 |        149 |        21 |       128
        3 |         56 |         8 |        48
        4 |         92 |         8 |        84
        5 |         15 |         3 |        12
        6 |         32 |         2 |        30
        7 |         34 |         2 |        32
        8 |         22 |         4 |        18
        9 |         22 |         2 |        20
       10 |          0 |         0 |         0
Negotiation phase 1 converged at iteration 10.
[INFO DPL-0500] Runtime: 0.39s
Placement Analysis
---------------------------------
total displacement      88377.0 u
average displacement        2.7 u
max displacement           24.4 u
original HPWL          820480.4 u
legalized HPWL         900196.5 u
delta HPWL                   10 %

improve_placement -max_displacement "5 1"
Detailed placement improvement.
[INFO DPL-0401] Setting random seed to 1.
[INFO DPL-0402] Setting maximum displacement 5 1 to 13600 2720 units.
[INFO DPL-0320] Collected 5773 fixed cells.
[INFO DPL-0318] Collected 26709 single height cells.
[INFO DPL-0321] Collected 0 wide cells.
[INFO DPL-0322] Image (1380, 2720) - (648140, 647360)
[INFO DPL-0310] Assigned 26709 cells into segments.  Movement in X-direction is 0.000000, movement in Y-direction is 0.000000.
[INFO DPL-0313] Found 0 cells in wrong regions.
[INFO DPL-0315] Found 0 row alignment problems.
[INFO DPL-0314] Found 0 site alignment problems.
[INFO DPL-0311] Found 0 overlaps between adjacent cells.
[INFO DPL-0312] Found 0 edge spacing violations and 0 padding violations.
[INFO DPL-0303] Running algorithm for independent set matching.
[INFO DPL-0300] Set matching objective is wirelength.
[INFO DPL-0301] Pass   1 of matching; objective is 9.002207e+08.
[INFO DPL-0302] End of matching; objective is 8.997864e+08, improvement is 0.05 percent.
[INFO DPL-0303] Running algorithm for global swaps.
[INFO DPL-0306] Pass   1 of global swaps; hpwl is 8.864577e+08.
[INFO DPL-0306] Pass   2 of global swaps; hpwl is 8.841246e+08.
[INFO DPL-0307] End of global swaps; objective is 8.841246e+08, improvement is 1.74 percent.
[INFO DPL-0303] Running algorithm for vertical swaps.
[INFO DPL-0308] Pass   1 of vertical swaps; hpwl is 8.807381e+08.
[INFO DPL-0309] End of vertical swaps; objective is 8.807381e+08, improvement is 0.38 percent.
[INFO DPL-0303] Running algorithm for reordering.
[INFO DPL-0304] Pass   1 of reordering; objective is 8.800278e+08.
[INFO DPL-0305] End of reordering; objective is 8.800278e+08, improvement is 0.08 percent.
[INFO DPL-0303] Running algorithm for random improvement.
[INFO DPL-0324] Random improver is using random generator.
[INFO DPL-0325] Random improver is using hpwl objective.
[INFO DPL-0326] Random improver cost string is (a).
[INFO DPL-0332] End of pass, Generator random called 534180 times.
[INFO DPL-0335] Generator random, Cumulative attempts 534180, swaps 72946, moves 147110 since last reset.
[INFO DPL-0333] End of pass, Objective hpwl, Initial cost 8.748882e+08, Scratch cost 8.658729e+08, Incremental cost 8.658729e+08, Mismatch? N
[INFO DPL-0338] End of pass, Total cost is 8.658729e+08.
[INFO DPL-0327] Pass   1 of random improver; improvement in cost is 1.03 percent.
[INFO DPL-0332] End of pass, Generator random called 534180 times.
[INFO DPL-0335] Generator random, Cumulative attempts 1068360, swaps 142726, moves 293881 since last reset.
[INFO DPL-0333] End of pass, Objective hpwl, Initial cost 8.658729e+08, Scratch cost 8.625106e+08, Incremental cost 8.625106e+08, Mismatch? N
[INFO DPL-0338] End of pass, Total cost is 8.625106e+08.
[INFO DPL-0327] Pass   2 of random improver; improvement in cost is 0.39 percent.
[INFO DPL-0328] End of random improver; improvement is 1.414755 percent.
[INFO DPL-0380] Cell flipping.
[INFO DPL-0382] Changed 0 cell orientations for row compatibility.
[INFO DPL-0383] Performed 7264 cell flips.
[INFO DPL-0384] End of flipping; objective is 8.585862e+08, improvement is 1.05 percent.
[INFO DPL-0313] Found 0 cells in wrong regions.
[INFO DPL-0315] Found 0 row alignment problems.
[INFO DPL-0314] Found 0 site alignment problems.
[INFO DPL-0311] Found 0 overlaps between adjacent cells.
[INFO DPL-0312] Found 0 edge spacing violations and 0 padding violations.
Detailed Improvement Results
------------------------------------------
Original HPWL           900196.5 u (  358975.9,   541220.7)
Final HPWL              858493.0 u (  349674.6,   508818.4)
Delta HPWL                  -4.6 % (      -2.6,       -6.0)

optimize_mirroring
[INFO DPL-0020] Mirrored 1308 instances
[INFO DPL-0021] HPWL before          858493.0 u
[INFO DPL-0022] HPWL after           858126.1 u
[INFO DPL-0023] HPWL delta               -0.0 %
[INFO FLW-0012] Placement violations .
estimate_parasitics -placement
Report metrics stage 3, detailed place...

==========================================================================
detailed place report_design_area
--------------------------------------------------------------------------
Design area 229830 um^2 55% utilization.
write_db /work/results/sky130hd/m7_j1/d3_j1_p18p0/3_5_place_dp.odb
write_sdc -no_timestamp /work/results/sky130hd/m7_j1/d3_j1_p18p0/3_place.sdc
Elapsed time: 0:11.02[h:]min:sec. CPU time: user 15.24 sys 5.66 (189%). Peak memory: 317032KB.
Log                       Ext     Elapsed/s Peak Memory/MB sha1sum result [0:20)
3_5_place_dp              .odb           11            309 09a76a7bc953925fc6a1
cp /work/results/sky130hd/m7_j1/d3_j1_p18p0/3_5_place_dp.odb /work/results/sky130hd/m7_j1/d3_j1_p18p0/3_place.odb
/OpenROAD-flow-scripts/flow/scripts/flow.sh 4_1_cts cts
Running cts.tcl, stage 4_1_cts
read_liberty /OpenROAD-flow-scripts/flow/platforms/sky130hd/lib/sky130_fd_sc_hd__tt_025C_1v80.lib
read_db -hier /work/results/sky130hd/m7_j1/d3_j1_p18p0/3_place.odb
[WARNING ORD-0012] Hierarchical flow (-hier) is currently in development and may cause multiple issues. Do not use in production environments.
read_sdc /work/results/sky130hd/m7_j1/d3_j1_p18p0/3_place.sdc
source /OpenROAD-flow-scripts/flow/platforms/sky130hd/setRC.tcl
clock_tree_synthesis -sink_clustering_enable -repair_clock_nets -sink_clustering_size 20 -sink_clustering_max_diameter 50
[INFO CTS-0050] Root buffer is sky130_fd_sc_hd__clkbuf_16.
[INFO CTS-0051] Sink buffer is sky130_fd_sc_hd__clkbuf_16.
[INFO CTS-0052] The following clock buffers will be used for CTS:
                    sky130_fd_sc_hd__clkbuf_16
[INFO CTS-0049] Characterization buffer is sky130_fd_sc_hd__clkbuf_16.
[INFO CTS-0007] Net "clk" found for clock "core_clock".
[INFO CTS-0011]  Clock net "clk" for macros has 1 sinks.
[INFO CTS-0011]  Clock net "clk_regs" for registers has 230 sinks.
[INFO CTS-0010]  Clock net "_12916_" has 2190 sinks.
[INFO CTS-0008] TritonCTS found 3 clock nets.
[INFO CTS-0097] Characterization used 1 buffer(s) types.
[INFO CTS-0201] 0 blockages from hard placement blockages and placed macros will be used.
[INFO CTS-0027] Generating H-Tree topology for net clk.
[INFO CTS-0028]  Total number of sinks: 1.
[INFO CTS-0060]  Macro  sinks will be clustered in groups of up to 4 and based on buffer max cap.
[INFO CTS-0030]  Number of static layers: 0.
[INFO CTS-0020]  Wire segment unit: 13600  dbu (13 um).
[INFO CTS-0023]  Original sink region: [(280202, 322110), (280202, 322110)].
[INFO CTS-0024]  Normalized sink region: [(20.6031, 23.6846), (20.6031, 23.6846)].
[INFO CTS-0025]     Width:  0.0000.
[INFO CTS-0026]     Height: 0.0000.
 Level 1
    Direction: Vertical
    Sinks per sub-region: 1
    Sub-region size: 0.0000 X 0.0000
[INFO CTS-0034]     Segment length (rounded): 1.
[INFO CTS-0038]  Stop criterion found. Sink region hpwl is smaller than max wirelength (1911.535 um) and max number of sinks is 15.
[INFO CTS-0035]  Number of sinks covered: 1.
[INFO CTS-0201] 0 blockages from hard placement blockages and placed macros will be used.
[INFO CTS-0027] Generating H-Tree topology for net clk_regs.
[INFO CTS-0028]  Total number of sinks: 230.
[INFO CTS-0029]  Register sinks will be clustered in groups of up to 20 and with maximum cluster diameter of 50.0 um.
[INFO CTS-0030]  Number of static layers: 0.
[INFO CTS-0020]  Wire segment unit: 13600  dbu (13 um).
[INFO CTS-0204] A clustering solution was found from clustering size of 20 and clustering diameter of 50.
[INFO CTS-0205] Better solution may be possible if either -sink_clustering_size, -sink_clustering_max_diameter, or both options are omitted to enable automatic clustering.
[INFO CTS-0019]  Total number of sinks after clustering: 17.
[INFO CTS-0024]  Normalized sink region: [(10.3593, 1.94592), (27.9156, 46.2896)].
[INFO CTS-0025]     Width:  17.5562.
[INFO CTS-0026]     Height: 44.3436.
 Level 1
    Direction: Vertical
    Sinks per sub-region: 9
    Sub-region size: 17.5562 X 22.1718
[INFO CTS-0034]     Segment length (rounded): 12.
[INFO CTS-0038]  Stop criterion found. Sink region hpwl is smaller than max wirelength (1911.535 um) and max number of sinks is 15.
[INFO CTS-0035]  Number of sinks covered: 17.
[INFO CTS-0201] 0 blockages from hard placement blockages and placed macros will be used.
[INFO CTS-0027] Generating H-Tree topology for net _12916_.
[INFO CTS-0028]  Total number of sinks: 2190.
[INFO CTS-0029]  Register sinks will be clustered in groups of up to 20 and with maximum cluster diameter of 50.0 um.
[INFO CTS-0030]  Number of static layers: 0.
[INFO CTS-0020]  Wire segment unit: 13600  dbu (13 um).
[INFO CTS-0204] A clustering solution was found from clustering size of 20 and clustering diameter of 50.
[INFO CTS-0205] Better solution may be possible if either -sink_clustering_size, -sink_clustering_max_diameter, or both options are omitted to enable automatic clustering.
[INFO CTS-0019]  Total number of sinks after clustering: 240.
[INFO CTS-0024]  Normalized sink region: [(0.386712, 1.02447), (40.0665, 45.7044)].
[INFO CTS-0025]     Width:  39.6798.
[INFO CTS-0026]     Height: 44.6799.
 Level 1
    Direction: Vertical
    Sinks per sub-region: 120
    Sub-region size: 39.6798 X 22.3400
[INFO CTS-0034]     Segment length (rounded): 12.
 Level 2
    Direction: Horizontal
    Sinks per sub-region: 60
    Sub-region size: 19.8399 X 22.3400
[INFO CTS-0034]     Segment length (rounded): 10.
 Level 3
    Direction: Vertical
    Sinks per sub-region: 30
    Sub-region size: 19.8399 X 11.1700
[INFO CTS-0034]     Segment length (rounded): 6.
 Level 4
    Direction: Horizontal
    Sinks per sub-region: 15
    Sub-region size: 9.9200 X 11.1700
[INFO CTS-0034]     Segment length (rounded): 4.
 Level 5
    Direction: Vertical
    Sinks per sub-region: 8
    Sub-region size: 9.9200 X 5.5850
[INFO CTS-0034]     Segment length (rounded): 2.
[INFO CTS-0038]  Stop criterion found. Sink region hpwl is smaller than max wirelength (1911.535 um) and max number of sinks is 15.
[INFO CTS-0035]  Number of sinks covered: 240.
[INFO CTS-0018]     Created 2 clock buffers.
[INFO CTS-0012]     Minimum number of buffers in the clock path: 2.
[INFO CTS-0013]     Maximum number of buffers in the clock path: 2.
[INFO CTS-0015]     Created 2 clock nets.
[INFO CTS-0016]     Fanout distribution for the current clock = 1:1..
[INFO CTS-0017]     Max level of the clock tree: 1.
[INFO CTS-0018]     Created 20 clock buffers.
[INFO CTS-0012]     Minimum number of buffers in the clock path: 3.
[INFO CTS-0013]     Maximum number of buffers in the clock path: 3.
[INFO CTS-0015]     Created 20 clock nets.
[INFO CTS-0016]     Fanout distribution for the current clock = 3:2, 4:1, 5:1, 7:1, 9:1, 10:2, 13:1, 14:2, 18:2, 19:1, 20:5..
[INFO CTS-0017]     Max level of the clock tree: 1.
[INFO CTS-0018]     Created 277 clock buffers.
[INFO CTS-0012]     Minimum number of buffers in the clock path: 4.
[INFO CTS-0013]     Maximum number of buffers in the clock path: 4.
[INFO CTS-0015]     Created 277 clock nets.
[INFO CTS-0016]     Fanout distribution for the current clock = 2:7, 3:14, 4:18, 5:23, 6:24, 7:22, 8:29, 9:19, 10:26, 11:23, 12:14, 13:17, 14:11, 15:5, 16:4, 17:5, 18:5, 19:4, 20:2..
[INFO CTS-0017]     Max level of the clock tree: 5.
[INFO CTS-0124] Clock net "clk"
[INFO CTS-0125]  Sinks 1
[INFO CTS-0098] Clock net "clk_regs"
[INFO CTS-0099]  Sinks 245
[INFO CTS-0100]  Leaf buffers 17
[INFO CTS-0101]  Average sink wire length 410.77 um
[INFO CTS-0102]  Path depth 2 - 3
[INFO CTS-0207]  Dummy loads inserted 15
[INFO CTS-0098] Clock net "_12916_"
[INFO CTS-0099]  Sinks 2418
[INFO CTS-0100]  Leaf buffers 240
[INFO CTS-0101]  Average sink wire length 444.85 um
[INFO CTS-0102]  Path depth 3 - 4
[INFO CTS-0207]  Dummy loads inserted 228
[INFO CTS-0033] Balancing latency for clock core_clock
[INFO CTS-0036]  inserted 5 delay buffers
[INFO CTS-0037] Total number of delay buffers: 5
[INFO CTS-0500] Runtime: 1.35s
estimate_parasitics -placement
detailed_placement
[INFO DPL-0006] Core area: 416927.37 um^2
[INFO DPL-0007] Movable instances area: 233600.29 um^2
[INFO DPL-0008] Fixed instances area within core: 6877.85 um^2
[INFO DPL-0009] Utilization: 57.7%
[INFO DPL-0005] Diamond search max displacement: +/- 500 sites horizontally, +/- 100 rows vertically.
[INFO DPL-1102] Legalizing using negotiation legalizer.
[INFO DPL-1103] Negotiation base search window: +/-20 sites horizontally, +/-5 rows vertically 
	Automatic search window extension enabled.
	Search window extendable up to the max displacement cap of +/-500 sites, +/-100 rows near walls.
[INFO DPL-1104] NegotiationLegalizer DRC penalty: 5.
[INFO DPL-0392] Negotiation cell height distribution (1 unique row-count(s)):
[INFO DPL-0393]   height 1 row(s): 32754 cells
          |      Total |  Illegal |  Illegal
Iteration | Violations |    Cells |    Sites
---------------------------------------------
        0 |       1445 |       230 |      1215
        1 |        804 |       110 |       694
        2 |        450 |        42 |       408
        3 |        353 |        37 |       316
        4 |        231 |        23 |       208
        5 |        104 |        15 |        89
        6 |         91 |        11 |        80
        7 |         58 |         6 |        52
        8 |         48 |         6 |        42
        9 |         14 |         2 |        12
       10 |          4 |         2 |         2
       12 |          0 |         0 |         0
Negotiation phase 1 converged at iteration 12.
[INFO DPL-0500] Runtime: 0.30s
Placement Analysis
---------------------------------
total displacement      27903.5 u
average displacement        0.9 u
max displacement           32.8 u
original HPWL          879182.1 u
legalized HPWL         894677.9 u
delta HPWL                    2 %

estimate_parasitics -placement
repair_timing -setup_margin 0 -hold_margin 0 -repair_tns 100 -match_cell_footprint -verbose
[INFO RSZ-0100] Repair move sequence: UnbufferMove SizeUpMove SwapPinsMove BufferMove CloneMove SplitLoadMove 
[INFO RSZ-0098] No setup violations found
[INFO RSZ-0505] Runtime: 0.43s
[INFO RSZ-0033] No hold violations found.
[INFO RSZ-0506] Runtime: 0.02s
detailed_placement
[INFO DPL-0006] Core area: 416927.37 um^2
[INFO DPL-0007] Movable instances area: 233600.29 um^2
[INFO DPL-0008] Fixed instances area within core: 6877.85 um^2
[INFO DPL-0009] Utilization: 57.7%
[INFO DPL-0005] Diamond search max displacement: +/- 500 sites horizontally, +/- 100 rows vertically.
[INFO DPL-1102] Legalizing using negotiation legalizer.
[INFO DPL-1103] Negotiation base search window: +/-20 sites horizontally, +/-5 rows vertically 
	Automatic search window extension enabled.
	Search window extendable up to the max displacement cap of +/-500 sites, +/-100 rows near walls.
[INFO DPL-1104] NegotiationLegalizer DRC penalty: 5.
[INFO DPL-0392] Negotiation cell height distribution (1 unique row-count(s)):
[INFO DPL-0393]   height 1 row(s): 32754 cells
[INFO DPL-0500] Runtime: 0.10s
Placement Analysis
---------------------------------
total displacement          0.0 u
average displacement        0.0 u
max displacement            0.0 u
original HPWL          894677.9 u
legalized HPWL         894677.9 u
delta HPWL                    0 %

Report metrics stage 4, cts final...

==========================================================================
cts final report_design_area
--------------------------------------------------------------------------
Design area 240478 um^2 58% utilization.
write_db /work/results/sky130hd/m7_j1/d3_j1_p18p0/4_1_cts.odb
write_sdc -no_timestamp /work/results/sky130hd/m7_j1/d3_j1_p18p0/4_cts.sdc
Elapsed time: 0:09.78[h:]min:sec. CPU time: user 26.25 sys 8.98 (360%). Peak memory: 454984KB.
Log                       Ext     Elapsed/s Peak Memory/MB sha1sum result [0:20)
4_1_cts                   .odb            9            444 59771523a81ee1c70e34
cp /work/results/sky130hd/m7_j1/d3_j1_p18p0/4_1_cts.odb /work/results/sky130hd/m7_j1/d3_j1_p18p0/4_cts.odb
/OpenROAD-flow-scripts/flow/scripts/flow.sh 5_1_grt global_route
Running global_route.tcl, stage 5_1_grt
read_liberty /OpenROAD-flow-scripts/flow/platforms/sky130hd/lib/sky130_fd_sc_hd__tt_025C_1v80.lib
read_db -hier /work/results/sky130hd/m7_j1/d3_j1_p18p0/4_cts.odb
[WARNING ORD-0012] Hierarchical flow (-hier) is currently in development and may cause multiple issues. Do not use in production environments.
read_sdc /work/results/sky130hd/m7_j1/d3_j1_p18p0/4_cts.sdc
source /OpenROAD-flow-scripts/flow/platforms/sky130hd/setRC.tcl
pin_access
[INFO DRT-0149] Reading tech and libs.
[WARNING DRT-0349] LEF58_ENCLOSURE with no CUTCLASS is not supported. Skipping for layer mcon
[WARNING DRT-0349] LEF58_ENCLOSURE with no CUTCLASS is not supported. Skipping for layer mcon
[WARNING DRT-0349] LEF58_ENCLOSURE with no CUTCLASS is not supported. Skipping for layer via
[WARNING DRT-0349] LEF58_ENCLOSURE with no CUTCLASS is not supported. Skipping for layer via
[WARNING DRT-0349] LEF58_ENCLOSURE with no CUTCLASS is not supported. Skipping for layer via2
[WARNING DRT-0349] LEF58_ENCLOSURE with no CUTCLASS is not supported. Skipping for layer via2
[WARNING DRT-0349] LEF58_ENCLOSURE with no CUTCLASS is not supported. Skipping for layer via3
[WARNING DRT-0349] LEF58_ENCLOSURE with no CUTCLASS is not supported. Skipping for layer via3
[WARNING DRT-0349] LEF58_ENCLOSURE with no CUTCLASS is not supported. Skipping for layer via4
[WARNING DRT-0349] LEF58_ENCLOSURE with no CUTCLASS is not supported. Skipping for layer via4

Units:                1000
Number of layers:     13
Number of macros:     441
Number of vias:       29
Number of viarulegen: 25

[INFO DRT-0150] Reading design.
[WARNING DRT-0120] Large net net227 has 115 pins which may impact routing performance. Consider optimization.
[WARNING DRT-0120] Large net net2888 has 171 pins which may impact routing performance. Consider optimization.
[WARNING DRT-0120] Large net net2892 has 164 pins which may impact routing performance. Consider optimization.
[WARNING DRT-0120] Large net net2894 has 155 pins which may impact routing performance. Consider optimization.
[WARNING DRT-0120] Large net net2895 has 156 pins which may impact routing performance. Consider optimization.
[WARNING DRT-0120] Large net net2902 has 126 pins which may impact routing performance. Consider optimization.
[WARNING DRT-0120] Large net net2904 has 147 pins which may impact routing performance. Consider optimization.
[WARNING DRT-0120] Large net net2910 has 108 pins which may impact routing performance. Consider optimization.

Design:                   m7_ppa_j1_top
Die area:                 ( 0 0 ) ( 649570 649570 )
Number of track patterns: 12
Number of DEF vias:       0
Number of components:     32754
Number of terminals:      278
Number of snets:          2
Number of nets:           27209

[INFO DRT-0167] List of default vias:
  Layer via
    default via: M1M2_PR
  Layer via2
    default via: M2M3_PR
  Layer via3
    default via: M3M4_PR
  Layer via4
    default via: M4M5_PR
[INFO DRT-0162] Library cell analysis.
[INFO DRT-0163] Instance analysis.
[INFO DRT-0164] Number of unique instances = 264.
[INFO DRT-0168] Init region query.
[INFO DRT-0024]   Complete FR_MASTERSLICE.
[INFO DRT-0024]   Complete Fr_VIA.
[INFO DRT-0024]   Complete li1.
[INFO DRT-0024]   Complete mcon.
[INFO DRT-0024]   Complete met1.
[INFO DRT-0024]   Complete via.
[INFO DRT-0024]   Complete met2.
[INFO DRT-0024]   Complete via2.
[INFO DRT-0024]   Complete met3.
[INFO DRT-0024]   Complete via3.
[INFO DRT-0024]   Complete met4.
[INFO DRT-0024]   Complete via4.
[INFO DRT-0024]   Complete met5.
[INFO DRT-0033] FR_MASTERSLICE shape region query size = 0.
[INFO DRT-0033] FR_VIA shape region query size = 0.
[INFO DRT-0033] li1 shape region query size = 775202.
[INFO DRT-0033] mcon shape region query size = 410315.
[INFO DRT-0033] met1 shape region query size = 112069.
[INFO DRT-0033] via shape region query size = 27965.
[INFO DRT-0033] met2 shape region query size = 17027.
[INFO DRT-0033] via2 shape region query size = 22372.
[INFO DRT-0033] met3 shape region query size = 16807.
[INFO DRT-0033] via3 shape region query size = 22372.
[INFO DRT-0033] met4 shape region query size = 6745.
[INFO DRT-0033] via4 shape region query size = 1105.
[INFO DRT-0033] met5 shape region query size = 1199.
[INFO DRT-0165] Start pin access.
[INFO DRT-0076]   Complete 1000 pins.
[INFO DRT-0076]   Complete 2000 pins.
[INFO DRT-0078]   Complete 2138 pins.
[INFO DRT-0079]   Complete 100 unique inst patterns.
[INFO DRT-0079]   Complete 200 unique inst patterns.
[INFO DRT-0081]   Complete 264 unique inst patterns.
[INFO DRT-0082]   Complete 10000 groups.
[INFO DRT-0084]   Complete 17081 groups.
#scanned instances     = 32754
#unique  instances     = 264
#stdCellGenAp          = 8648
#stdCellValidPlanarAp  = 117
#stdCellValidViaAp     = 6318
#stdCellPinNoAp        = 0
#stdCellPinCnt         = 99082
#instTermValidViaApCnt = 0
#macroGenAp            = 0
#macroValidPlanarAp    = 0
#macroValidViaAp       = 0
#macroNoAp             = 0
[INFO DRT-0166] Complete pin access.
[INFO DRT-0267] cpu time = 00:06:41, elapsed time = 00:00:15, memory = 324.05 (MB), peak = 322.49 (MB)
Took 16 seconds: pin_access
global_route -congestion_report_file /work/reports/sky130hd/m7_j1/d3_j1_p18p0/congestion.rpt -congestion_iterations 30 -congestion_report_iter_step 5 -verbose
[INFO GRT-0020] Min routing layer: met1
[INFO GRT-0021] Max routing layer: met5
[INFO GRT-0022] Global adjustment: 0%
[INFO GRT-0023] Grid origin: (0, 0)
[INFO GRT-0088] Layer li1     Track-Pitch = 0.4600  line-2-Via Pitch: 0.3400
[INFO GRT-0088] Layer met1    Track-Pitch = 0.3400  line-2-Via Pitch: 0.3400
[INFO GRT-0088] Layer met2    Track-Pitch = 0.4600  line-2-Via Pitch: 0.3500
[INFO GRT-0088] Layer met3    Track-Pitch = 0.6800  line-2-Via Pitch: 0.6150
[INFO GRT-0088] Layer met4    Track-Pitch = 0.9200  line-2-Via Pitch: 1.0400
[INFO GRT-0088] Layer met5    Track-Pitch = 3.4000  line-2-Via Pitch: 3.1100
[INFO GRT-0003] Macros: 0
[INFO GRT-0004] Blockages: 42716
[INFO GRT-0019] Found 307 clock nets.
[INFO GRT-0001] Minimum degree: 2
[INFO GRT-0002] Maximum degree: 171

[INFO GRT-0053] Routing resources analysis:
          Routing      Original      Derated      Resource
Layer     Direction    Resources     Resources    Reduction (%)
---------------------------------------------------------------
li1        Vertical            0             0          0.00%
met1       Horizontal     113883         87791          22.91%
met2       Vertical       113088         86769          23.27%
met3       Horizontal      82964         64790          21.91%
met4       Vertical        55800         39804          28.67%
met5       Horizontal      12369          8835          28.57%
---------------------------------------------------------------

[INFO GRT-0101] Running extra iterations to remove congestion.
[INFO GRT-0102] Start extra iteration 1/30
[INFO GRT-0102] Start extra iteration 2/30
[INFO GRT-0102] Start extra iteration 3/30
[INFO GRT-0102] Start extra iteration 4/30
[INFO GRT-0197] Via related to pin nodes: 170479
[INFO GRT-0198] Via related Steiner nodes: 5423
[INFO GRT-0199] Via filling finished.
[INFO GRT-0111] Final number of vias: 222792
[INFO GRT-0112] Final usage 3D: 839456

[INFO GRT-0096] Final congestion report:
Layer         Resource        Demand        Usage (%)    Max H / Max V / Total Congestion
---------------------------------------------------------------------------------------
li1                  0             0            0.00%             0 /  0 /  0
met1             87791         58734           66.90%             0 /  0 /  0
met2             86769         68063           78.44%             0 /  0 /  0
met3             64790         21645           33.41%             0 /  0 /  0
met4             39804         22187           55.74%             0 /  0 /  0
met5              8835           451            5.10%             0 /  0 /  0
---------------------------------------------------------------------------------------
Total           287989        171080           59.41%             0 /  0 /  0

[INFO GRT-0018] Total wirelength: 1695254 um
[INFO GRT-0014] Routed nets: 26986
[INFO GRT-0303] Global routing runtime = 00:00:03
[WARNING STA-0450] virtual clock vclk_core_clock can not be propagated.
estimate_parasitics -global_routing
Perform buffer insertion and gate resizing...
repair_design -verbose
Iteration |   Area    | Resized | Buffers | Nets repaired | Remaining
---------------------------------------------------------------------
        0 |     +0.0% |       0 |       0 |             0 |     27574
     1000 |     +0.0% |       0 |       0 |             0 |     26574
[WARNING RSZ-0104] Net _19830_/CO[33] only has one pin. Check if it is intended to be dangling.
[WARNING RSZ-0104] Net _19830_/CO[25] only has one pin. Check if it is intended to be dangling.
[WARNING RSZ-0104] Net _19830_/CO[22] only has one pin. Check if it is intended to be dangling.
     2000 |     +0.0% |       0 |       0 |             0 |     25574
[WARNING RSZ-0104] Net _19830_/CO[16] only has one pin. Check if it is intended to be dangling.
[WARNING RSZ-0104] Net _19830_/X[22] only has one pin. Check if it is intended to be dangling.
[WARNING RSZ-0104] Net _19830_/X[33] only has one pin. Check if it is intended to be dangling.
[WARNING RSZ-0104] Net _19830_/X[30] only has one pin. Check if it is intended to be dangling.
[WARNING RSZ-0104] Net _19830_/X[28] only has one pin. Check if it is intended to be dangling.
[WARNING RSZ-0104] Net _19830_/X[27] only has one pin. Check if it is intended to be dangling.
[WARNING RSZ-0104] Net _19830_/X[25] only has one pin. Check if it is intended to be dangling.
[WARNING RSZ-0104] Net _19830_/X[21] only has one pin. Check if it is intended to be dangling.
[WARNING RSZ-0104] Net _19830_/X[20] only has one pin. Check if it is intended to be dangling.
[WARNING RSZ-0104] Net _19830_/X[19] only has one pin. Check if it is intended to be dangling.
     3000 |     +0.0% |       0 |       0 |             0 |     24574
[WARNING RSZ-0104] Net _19830_/X[15] only has one pin. Check if it is intended to be dangling.
[WARNING RSZ-0104] Net _19830_/X[29] only has one pin. Check if it is intended to be dangling.
[WARNING RSZ-0104] Net _19830_/X[24] only has one pin. Check if it is intended to be dangling.
[WARNING RSZ-0104] Net _19830_/X[18] only has one pin. Check if it is intended to be dangling.
[WARNING RSZ-0104] Net _19830_/X[14] only has one pin. Check if it is intended to be dangling.
[WARNING RSZ-0104] Net _19830_/X[13] only has one pin. Check if it is intended to be dangling.
[WARNING RSZ-0104] Net _19830_/X[12] only has one pin. Check if it is intended to be dangling.
[WARNING RSZ-0104] Net _19830_/X[11] only has one pin. Check if it is intended to be dangling.
[WARNING RSZ-0104] Net _19830_/CO[5] only has one pin. Check if it is intended to be dangling.
     4000 |     +0.0% |       0 |       0 |             0 |     23574
[WARNING RSZ-0104] Net _19830_/X[10] only has one pin. Check if it is intended to be dangling.
[WARNING RSZ-0104] Net _19830_/CO[6] only has one pin. Check if it is intended to be dangling.
[WARNING RSZ-0104] Net _19830_/CO[4] only has one pin. Check if it is intended to be dangling.
     5000 |     +0.0% |       0 |       0 |             0 |     22574
[WARNING RSZ-0104] Net _19830_/X[9] only has one pin. Check if it is intended to be dangling.
[WARNING RSZ-0104] Net _19830_/X[8] only has one pin. Check if it is intended to be dangling.
     6000 |     +0.0% |       0 |       0 |             0 |     21574
     7000 |     +0.0% |       0 |       0 |             0 |     20574
[WARNING RSZ-0104] Net _19830_/X[3] only has one pin. Check if it is intended to be dangling.
     8000 |     +0.0% |       0 |       0 |             0 |     19574
     9000 |     +0.0% |       0 |       1 |             1 |     18574
    10000 |     +0.0% |       0 |       1 |             1 |     17574
    11000 |     +0.0% |       0 |       1 |             1 |     16574
    12000 |     +0.0% |       0 |       1 |             1 |     15574
    13000 |     +0.0% |       0 |       1 |             1 |     14574
    14000 |     +0.0% |       0 |       1 |             1 |     13574
    15000 |     +0.0% |       0 |       1 |             1 |     12574
    16000 |     +0.0% |       0 |       1 |             1 |     11574
    17000 |     +0.0% |       0 |       2 |             2 |     10574
    18000 |     +0.0% |       2 |       2 |             3 |      9574
    19000 |     +0.0% |       2 |       2 |             3 |      8574
    20000 |     +0.0% |       2 |       2 |             3 |      7574
    21000 |     +0.0% |       2 |       2 |             3 |      6574
    22000 |     +0.0% |       2 |       2 |             3 |      5574
    23000 |     +0.0% |       2 |       2 |             3 |      4574
    24000 |     +0.0% |       2 |       2 |             3 |      3574
    25000 |     +0.0% |       2 |       2 |             3 |      2574
    26000 |     +0.0% |       2 |       2 |             3 |      1574
    27000 |     +0.0% |       2 |       2 |             3 |       574
[WARNING RSZ-0104] Net sec_release_i only has one pin. Check if it is intended to be dangling.
[WARNING RSZ-0104] Net iopmp_release_i only has one pin. Check if it is intended to be dangling.
[WARNING RSZ-0104] Net ic_release_i only has one pin. Check if it is intended to be dangling.
[WARNING RSZ-0104] Net dma_wdata_i[9] only has one pin. Check if it is intended to be dangling.
[WARNING RSZ-0104] Net dma_wdata_i[8] only has one pin. Check if it is intended to be dangling.
[WARNING RSZ-0104] Net dma_wdata_i[7] only has one pin. Check if it is intended to be dangling.
[WARNING RSZ-0104] Net dma_wdata_i[6] only has one pin. Check if it is intended to be dangling.
[WARNING RSZ-0104] Net dma_wdata_i[5] only has one pin. Check if it is intended to be dangling.
[WARNING RSZ-0104] Net dma_wdata_i[4] only has one pin. Check if it is intended to be dangling.
[WARNING RSZ-0104] Net dma_wdata_i[3] only has one pin. Check if it is intended to be dangling.
[WARNING RSZ-0104] Net dma_wdata_i[31] only has one pin. Check if it is intended to be dangling.
[WARNING RSZ-0104] Net dma_wdata_i[30] only has one pin. Check if it is intended to be dangling.
[WARNING RSZ-0104] Net dma_wdata_i[2] only has one pin. Check if it is intended to be dangling.
[WARNING RSZ-0104] Net dma_wdata_i[29] only has one pin. Check if it is intended to be dangling.
[WARNING RSZ-0104] Net dma_wdata_i[28] only has one pin. Check if it is intended to be dangling.
[WARNING RSZ-0104] Net dma_wdata_i[27] only has one pin. Check if it is intended to be dangling.
[WARNING RSZ-0104] Net dma_wdata_i[26] only has one pin. Check if it is intended to be dangling.
[WARNING RSZ-0104] Net dma_wdata_i[25] only has one pin. Check if it is intended to be dangling.
[WARNING RSZ-0104] Net dma_wdata_i[24] only has one pin. Check if it is intended to be dangling.
[WARNING RSZ-0104] Net dma_wdata_i[23] only has one pin. Check if it is intended to be dangling.
[WARNING RSZ-0104] Net dma_wdata_i[22] only has one pin. Check if it is intended to be dangling.
[WARNING RSZ-0104] Net dma_wdata_i[21] only has one pin. Check if it is intended to be dangling.
[WARNING RSZ-0104] Net dma_wdata_i[20] only has one pin. Check if it is intended to be dangling.
[WARNING RSZ-0104] Net dma_wdata_i[1] only has one pin. Check if it is intended to be dangling.
[WARNING RSZ-0104] Net dma_wdata_i[19] only has one pin. Check if it is intended to be dangling.
[WARNING RSZ-0104] Net dma_wdata_i[18] only has one pin. Check if it is intended to be dangling.
[WARNING RSZ-0104] Net dma_wdata_i[17] only has one pin. Check if it is intended to be dangling.
[WARNING RSZ-0104] Net dma_wdata_i[16] only has one pin. Check if it is intended to be dangling.
[WARNING RSZ-0104] Net dma_wdata_i[15] only has one pin. Check if it is intended to be dangling.
[WARNING RSZ-0104] Net dma_wdata_i[14] only has one pin. Check if it is intended to be dangling.
[WARNING RSZ-0104] Net dma_wdata_i[13] only has one pin. Check if it is intended to be dangling.
[WARNING RSZ-0104] Net dma_wdata_i[12] only has one pin. Check if it is intended to be dangling.
[WARNING RSZ-0104] Net dma_wdata_i[11] only has one pin. Check if it is intended to be dangling.
[WARNING RSZ-0104] Net dma_wdata_i[10] only has one pin. Check if it is intended to be dangling.
[WARNING RSZ-0104] Net dma_wdata_i[0] only has one pin. Check if it is intended to be dangling.
[WARNING RSZ-0104] Net dma_start_i only has one pin. Check if it is intended to be dangling.
[WARNING RSZ-0104] Net dma_src_addr_i[9] only has one pin. Check if it is intended to be dangling.
[WARNING RSZ-0104] Net dma_src_addr_i[8] only has one pin. Check if it is intended to be dangling.
[WARNING RSZ-0104] Net dma_src_addr_i[7] only has one pin. Check if it is intended to be dangling.
[WARNING RSZ-0104] Net dma_src_addr_i[6] only has one pin. Check if it is intended to be dangling.
[WARNING RSZ-0104] Net dma_src_addr_i[5] only has one pin. Check if it is intended to be dangling.
[WARNING RSZ-0104] Net dma_src_addr_i[4] only has one pin. Check if it is intended to be dangling.
[WARNING RSZ-0104] Net dma_src_addr_i[3] only has one pin. Check if it is intended to be dangling.
[WARNING RSZ-0104] Net dma_src_addr_i[31] only has one pin. Check if it is intended to be dangling.
[WARNING RSZ-0104] Net dma_src_addr_i[30] only has one pin. Check if it is intended to be dangling.
[WARNING RSZ-0104] Net dma_src_addr_i[2] only has one pin. Check if it is intended to be dangling.
[WARNING RSZ-0104] Net dma_src_addr_i[29] only has one pin. Check if it is intended to be dangling.
[WARNING RSZ-0104] Net dma_src_addr_i[28] only has one pin. Check if it is intended to be dangling.
[WARNING RSZ-0104] Net dma_src_addr_i[27] only has one pin. Check if it is intended to be dangling.
[WARNING RSZ-0104] Net dma_src_addr_i[26] only has one pin. Check if it is intended to be dangling.
[WARNING RSZ-0104] Net dma_src_addr_i[25] only has one pin. Check if it is intended to be dangling.
[WARNING RSZ-0104] Net dma_src_addr_i[24] only has one pin. Check if it is intended to be dangling.
[WARNING RSZ-0104] Net dma_src_addr_i[23] only has one pin. Check if it is intended to be dangling.
[WARNING RSZ-0104] Net dma_src_addr_i[22] only has one pin. Check if it is intended to be dangling.
[WARNING RSZ-0104] Net dma_src_addr_i[21] only has one pin. Check if it is intended to be dangling.
[WARNING RSZ-0104] Net dma_src_addr_i[20] only has one pin. Check if it is intended to be dangling.
[WARNING RSZ-0104] Net dma_src_addr_i[1] only has one pin. Check if it is intended to be dangling.
[WARNING RSZ-0104] Net dma_src_addr_i[19] only has one pin. Check if it is intended to be dangling.
[WARNING RSZ-0104] Net dma_src_addr_i[18] only has one pin. Check if it is intended to be dangling.
[WARNING RSZ-0104] Net dma_src_addr_i[17] only has one pin. Check if it is intended to be dangling.
[WARNING RSZ-0104] Net dma_src_addr_i[16] only has one pin. Check if it is intended to be dangling.
[WARNING RSZ-0104] Net dma_src_addr_i[15] only has one pin. Check if it is intended to be dangling.
[WARNING RSZ-0104] Net dma_src_addr_i[14] only has one pin. Check if it is intended to be dangling.
[WARNING RSZ-0104] Net dma_src_addr_i[13] only has one pin. Check if it is intended to be dangling.
[WARNING RSZ-0104] Net dma_src_addr_i[12] only has one pin. Check if it is intended to be dangling.
[WARNING RSZ-0104] Net dma_src_addr_i[11] only has one pin. Check if it is intended to be dangling.
[WARNING RSZ-0104] Net dma_src_addr_i[10] only has one pin. Check if it is intended to be dangling.
[WARNING RSZ-0104] Net dma_src_addr_i[0] only has one pin. Check if it is intended to be dangling.
[WARNING RSZ-0104] Net dma_requester_id_i[7] only has one pin. Check if it is intended to be dangling.
[WARNING RSZ-0104] Net dma_requester_id_i[6] only has one pin. Check if it is intended to be dangling.
[WARNING RSZ-0104] Net dma_requester_id_i[5] only has one pin. Check if it is intended to be dangling.
[WARNING RSZ-0104] Net dma_requester_id_i[4] only has one pin. Check if it is intended to be dangling.
[WARNING RSZ-0104] Net dma_requester_id_i[3] only has one pin. Check if it is intended to be dangling.
[WARNING RSZ-0104] Net dma_requester_id_i[2] only has one pin. Check if it is intended to be dangling.
[WARNING RSZ-0104] Net dma_requester_id_i[1] only has one pin. Check if it is intended to be dangling.
[WARNING RSZ-0104] Net dma_requester_id_i[0] only has one pin. Check if it is intended to be dangling.
[WARNING RSZ-0104] Net dma_release_i only has one pin. Check if it is intended to be dangling.
[WARNING RSZ-0104] Net dma_mode_i[1] only has one pin. Check if it is intended to be dangling.
[WARNING RSZ-0104] Net dma_mode_i[0] only has one pin. Check if it is intended to be dangling.
[WARNING RSZ-0104] Net dma_length_i[9] only has one pin. Check if it is intended to be dangling.
[WARNING RSZ-0104] Net dma_length_i[8] only has one pin. Check if it is intended to be dangling.
[WARNING RSZ-0104] Net dma_length_i[7] only has one pin. Check if it is intended to be dangling.
[WARNING RSZ-0104] Net dma_length_i[6] only has one pin. Check if it is intended to be dangling.
[WARNING RSZ-0104] Net dma_length_i[5] only has one pin. Check if it is intended to be dangling.
[WARNING RSZ-0104] Net dma_length_i[4] only has one pin. Check if it is intended to be dangling.
[WARNING RSZ-0104] Net dma_length_i[3] only has one pin. Check if it is intended to be dangling.
[WARNING RSZ-0104] Net dma_length_i[2] only has one pin. Check if it is intended to be dangling.
[WARNING RSZ-0104] Net dma_length_i[1] only has one pin. Check if it is intended to be dangling.
[WARNING RSZ-0104] Net dma_length_i[15] only has one pin. Check if it is intended to be dangling.
[WARNING RSZ-0104] Net dma_length_i[14] only has one pin. Check if it is intended to be dangling.
[WARNING RSZ-0104] Net dma_length_i[13] only has one pin. Check if it is intended to be dangling.
[WARNING RSZ-0104] Net dma_length_i[12] only has one pin. Check if it is intended to be dangling.
[WARNING RSZ-0104] Net dma_length_i[11] only has one pin. Check if it is intended to be dangling.
[WARNING RSZ-0104] Net dma_length_i[10] only has one pin. Check if it is intended to be dangling.
[WARNING RSZ-0104] Net dma_length_i[0] only has one pin. Check if it is intended to be dangling.
[WARNING RSZ-0104] Net dma_dst_addr_i[9] only has one pin. Check if it is intended to be dangling.
[WARNING RSZ-0104] Net dma_dst_addr_i[8] only has one pin. Check if it is intended to be dangling.
[WARNING RSZ-0104] Net dma_dst_addr_i[7] only has one pin. Check if it is intended to be dangling.
[WARNING RSZ-0104] Net dma_dst_addr_i[6] only has one pin. Check if it is intended to be dangling.
[WARNING RSZ-0104] Net dma_dst_addr_i[5] only has one pin. Check if it is intended to be dangling.
[WARNING RSZ-0104] Net dma_dst_addr_i[4] only has one pin. Check if it is intended to be dangling.
[WARNING RSZ-0104] Net dma_dst_addr_i[3] only has one pin. Check if it is intended to be dangling.
[WARNING RSZ-0104] Net dma_dst_addr_i[31] only has one pin. Check if it is intended to be dangling.
[WARNING RSZ-0104] Net dma_dst_addr_i[30] only has one pin. Check if it is intended to be dangling.
[WARNING RSZ-0104] Net dma_dst_addr_i[2] only has one pin. Check if it is intended to be dangling.
[WARNING RSZ-0104] Net dma_dst_addr_i[29] only has one pin. Check if it is intended to be dangling.
[WARNING RSZ-0104] Net dma_dst_addr_i[28] only has one pin. Check if it is intended to be dangling.
[WARNING RSZ-0104] Net dma_dst_addr_i[27] only has one pin. Check if it is intended to be dangling.
[WARNING RSZ-0104] Net dma_dst_addr_i[26] only has one pin. Check if it is intended to be dangling.
[WARNING RSZ-0104] Net dma_dst_addr_i[25] only has one pin. Check if it is intended to be dangling.
[WARNING RSZ-0104] Net dma_dst_addr_i[24] only has one pin. Check if it is intended to be dangling.
[WARNING RSZ-0104] Net dma_dst_addr_i[23] only has one pin. Check if it is intended to be dangling.
[WARNING RSZ-0104] Net dma_dst_addr_i[22] only has one pin. Check if it is intended to be dangling.
[WARNING RSZ-0104] Net dma_dst_addr_i[21] only has one pin. Check if it is intended to be dangling.
[WARNING RSZ-0104] Net dma_dst_addr_i[20] only has one pin. Check if it is intended to be dangling.
[WARNING RSZ-0104] Net dma_dst_addr_i[1] only has one pin. Check if it is intended to be dangling.
[WARNING RSZ-0104] Net dma_dst_addr_i[19] only has one pin. Check if it is intended to be dangling.
[WARNING RSZ-0104] Net dma_dst_addr_i[18] only has one pin. Check if it is intended to be dangling.
[WARNING RSZ-0104] Net dma_dst_addr_i[17] only has one pin. Check if it is intended to be dangling.
[WARNING RSZ-0104] Net dma_dst_addr_i[16] only has one pin. Check if it is intended to be dangling.
[WARNING RSZ-0104] Net dma_dst_addr_i[15] only has one pin. Check if it is intended to be dangling.
[WARNING RSZ-0104] Net dma_dst_addr_i[14] only has one pin. Check if it is intended to be dangling.
[WARNING RSZ-0104] Net dma_dst_addr_i[13] only has one pin. Check if it is intended to be dangling.
[WARNING RSZ-0104] Net dma_dst_addr_i[12] only has one pin. Check if it is intended to be dangling.
[WARNING RSZ-0104] Net dma_dst_addr_i[11] only has one pin. Check if it is intended to be dangling.
[WARNING RSZ-0104] Net dma_dst_addr_i[10] only has one pin. Check if it is intended to be dangling.
[WARNING RSZ-0104] Net dma_dst_addr_i[0] only has one pin. Check if it is intended to be dangling.
[WARNING RSZ-0104] Net cpu_release_i only has one pin. Check if it is intended to be dangling.
[WARNING RSZ-0104] Net cfg_write_i only has one pin. Check if it is intended to be dangling.
[WARNING RSZ-0104] Net cfg_wdata_i[9] only has one pin. Check if it is intended to be dangling.
[WARNING RSZ-0104] Net cfg_wdata_i[8] only has one pin. Check if it is intended to be dangling.
[WARNING RSZ-0104] Net cfg_wdata_i[7] only has one pin. Check if it is intended to be dangling.
[WARNING RSZ-0104] Net cfg_wdata_i[6] only has one pin. Check if it is intended to be dangling.
[WARNING RSZ-0104] Net cfg_wdata_i[5] only has one pin. Check if it is intended to be dangling.
[WARNING RSZ-0104] Net cfg_wdata_i[4] only has one pin. Check if it is intended to be dangling.
[WARNING RSZ-0104] Net cfg_wdata_i[3] only has one pin. Check if it is intended to be dangling.
[WARNING RSZ-0104] Net cfg_wdata_i[31] only has one pin. Check if it is intended to be dangling.
[WARNING RSZ-0104] Net cfg_wdata_i[30] only has one pin. Check if it is intended to be dangling.
[WARNING RSZ-0104] Net cfg_wdata_i[2] only has one pin. Check if it is intended to be dangling.
[WARNING RSZ-0104] Net cfg_wdata_i[29] only has one pin. Check if it is intended to be dangling.
[WARNING RSZ-0104] Net cfg_wdata_i[28] only has one pin. Check if it is intended to be dangling.
[WARNING RSZ-0104] Net cfg_wdata_i[27] only has one pin. Check if it is intended to be dangling.
[WARNING RSZ-0104] Net cfg_wdata_i[26] only has one pin. Check if it is intended to be dangling.
[WARNING RSZ-0104] Net cfg_wdata_i[25] only has one pin. Check if it is intended to be dangling.
[WARNING RSZ-0104] Net cfg_wdata_i[24] only has one pin. Check if it is intended to be dangling.
[WARNING RSZ-0104] Net cfg_wdata_i[23] only has one pin. Check if it is intended to be dangling.
[WARNING RSZ-0104] Net cfg_wdata_i[22] only has one pin. Check if it is intended to be dangling.
[WARNING RSZ-0104] Net cfg_wdata_i[21] only has one pin. Check if it is intended to be dangling.
[WARNING RSZ-0104] Net cfg_wdata_i[20] only has one pin. Check if it is intended to be dangling.
[WARNING RSZ-0104] Net cfg_wdata_i[1] only has one pin. Check if it is intended to be dangling.
[WARNING RSZ-0104] Net cfg_wdata_i[19] only has one pin. Check if it is intended to be dangling.
[WARNING RSZ-0104] Net cfg_wdata_i[18] only has one pin. Check if it is intended to be dangling.
[WARNING RSZ-0104] Net cfg_wdata_i[17] only has one pin. Check if it is intended to be dangling.
[WARNING RSZ-0104] Net cfg_wdata_i[16] only has one pin. Check if it is intended to be dangling.
[WARNING RSZ-0104] Net cfg_wdata_i[15] only has one pin. Check if it is intended to be dangling.
[WARNING RSZ-0104] Net cfg_wdata_i[14] only has one pin. Check if it is intended to be dangling.
[WARNING RSZ-0104] Net cfg_wdata_i[13] only has one pin. Check if it is intended to be dangling.
[WARNING RSZ-0104] Net cfg_wdata_i[12] only has one pin. Check if it is intended to be dangling.
[WARNING RSZ-0104] Net cfg_wdata_i[11] only has one pin. Check if it is intended to be dangling.
[WARNING RSZ-0104] Net cfg_wdata_i[10] only has one pin. Check if it is intended to be dangling.
[WARNING RSZ-0104] Net cfg_wdata_i[0] only has one pin. Check if it is intended to be dangling.
[WARNING RSZ-0104] Net cfg_addr_i[9] only has one pin. Check if it is intended to be dangling.
[WARNING RSZ-0104] Net cfg_addr_i[8] only has one pin. Check if it is intended to be dangling.
[WARNING RSZ-0104] Net cfg_addr_i[7] only has one pin. Check if it is intended to be dangling.
[WARNING RSZ-0104] Net cfg_addr_i[6] only has one pin. Check if it is intended to be dangling.
[WARNING RSZ-0104] Net cfg_addr_i[5] only has one pin. Check if it is intended to be dangling.
[WARNING RSZ-0104] Net cfg_addr_i[4] only has one pin. Check if it is intended to be dangling.
[WARNING RSZ-0104] Net cfg_addr_i[3] only has one pin. Check if it is intended to be dangling.
[WARNING RSZ-0104] Net cfg_addr_i[31] only has one pin. Check if it is intended to be dangling.
[WARNING RSZ-0104] Net cfg_addr_i[30] only has one pin. Check if it is intended to be dangling.
[WARNING RSZ-0104] Net cfg_addr_i[2] only has one pin. Check if it is intended to be dangling.
[WARNING RSZ-0104] Net cfg_addr_i[29] only has one pin. Check if it is intended to be dangling.
[WARNING RSZ-0104] Net cfg_addr_i[28] only has one pin. Check if it is intended to be dangling.
[WARNING RSZ-0104] Net cfg_addr_i[27] only has one pin. Check if it is intended to be dangling.
[WARNING RSZ-0104] Net cfg_addr_i[26] only has one pin. Check if it is intended to be dangling.
[WARNING RSZ-0104] Net cfg_addr_i[25] only has one pin. Check if it is intended to be dangling.
[WARNING RSZ-0104] Net cfg_addr_i[24] only has one pin. Check if it is intended to be dangling.
[WARNING RSZ-0104] Net cfg_addr_i[23] only has one pin. Check if it is intended to be dangling.
[WARNING RSZ-0104] Net cfg_addr_i[22] only has one pin. Check if it is intended to be dangling.
[WARNING RSZ-0104] Net cfg_addr_i[21] only has one pin. Check if it is intended to be dangling.
[WARNING RSZ-0104] Net cfg_addr_i[20] only has one pin. Check if it is intended to be dangling.
[WARNING RSZ-0104] Net cfg_addr_i[1] only has one pin. Check if it is intended to be dangling.
[WARNING RSZ-0104] Net cfg_addr_i[19] only has one pin. Check if it is intended to be dangling.
[WARNING RSZ-0104] Net cfg_addr_i[18] only has one pin. Check if it is intended to be dangling.
[WARNING RSZ-0104] Net cfg_addr_i[17] only has one pin. Check if it is intended to be dangling.
[WARNING RSZ-0104] Net cfg_addr_i[16] only has one pin. Check if it is intended to be dangling.
[WARNING RSZ-0104] Net cfg_addr_i[15] only has one pin. Check if it is intended to be dangling.
[WARNING RSZ-0104] Net cfg_addr_i[14] only has one pin. Check if it is intended to be dangling.
[WARNING RSZ-0104] Net cfg_addr_i[13] only has one pin. Check if it is intended to be dangling.
[WARNING RSZ-0104] Net cfg_addr_i[12] only has one pin. Check if it is intended to be dangling.
[WARNING RSZ-0104] Net cfg_addr_i[11] only has one pin. Check if it is intended to be dangling.
[WARNING RSZ-0104] Net cfg_addr_i[10] only has one pin. Check if it is intended to be dangling.
[WARNING RSZ-0104] Net cfg_addr_i[0] only has one pin. Check if it is intended to be dangling.
    final |     +0.0% |       2 |       2 |             3 |         0
---------------------------------------------------------------------
[INFO RSZ-0034] Found 3 slew violations.
[INFO RSZ-0036] Found 2 capacitance violations.
[INFO RSZ-0039] Resized 2 instances.
[INFO RSZ-0038] Inserted 2 buffers in 3 nets.
[INFO RSZ-0504] Runtime: 3.95s
global_route -start_incremental
detailed_placement
[INFO DPL-0006] Core area: 416927.37 um^2
[INFO DPL-0007] Movable instances area: 233649.09 um^2
[INFO DPL-0008] Fixed instances area within core: 6877.85 um^2
[INFO DPL-0009] Utilization: 57.7%
[INFO DPL-0005] Diamond search max displacement: +/- 500 sites horizontally, +/- 100 rows vertically.
[INFO DPL-1102] Legalizing using negotiation legalizer.
[INFO DPL-1103] Negotiation base search window: +/-20 sites horizontally, +/-5 rows vertically 
	Automatic search window extension enabled.
	Search window extendable up to the max displacement cap of +/-500 sites, +/-100 rows near walls.
[INFO DPL-1104] NegotiationLegalizer DRC penalty: 5.
[INFO DPL-0392] Negotiation cell height distribution (1 unique row-count(s)):
[INFO DPL-0393]   height 1 row(s): 32756 cells
          |      Total |  Illegal |  Illegal
Iteration | Violations |    Cells |    Sites
---------------------------------------------
        0 |         18 |         4 |        14
        1 |         10 |         4 |         6
        2 |          0 |         0 |         0
Negotiation phase 1 converged at iteration 2.
[INFO DPL-0500] Runtime: 0.15s
Placement Analysis
---------------------------------
total displacement         63.7 u
average displacement        0.0 u
max displacement           17.3 u
original HPWL          894949.5 u
legalized HPWL         894995.6 u
delta HPWL                    0 %

global_route -end_incremental -congestion_report_file /work/reports/sky130hd/m7_j1/d3_j1_p18p0/congestion_post_repair_design.rpt
Repair setup and hold violations...
estimate_parasitics -global_routing
repair_timing -setup_margin 0 -hold_margin 0 -repair_tns 100 -verbose
[INFO RSZ-0100] Repair move sequence: UnbufferMove SizeUpMove SwapPinsMove BufferMove CloneMove SplitLoadMove 
[INFO RSZ-0098] No setup violations found
[INFO RSZ-0505] Runtime: 0.43s
[INFO RSZ-0033] No hold violations found.
[INFO RSZ-0506] Runtime: 0.10s
global_route -start_incremental
detailed_placement
[INFO DPL-0006] Core area: 416927.37 um^2
[INFO DPL-0007] Movable instances area: 233649.09 um^2
[INFO DPL-0008] Fixed instances area within core: 6877.85 um^2
[INFO DPL-0009] Utilization: 57.7%
[INFO DPL-0005] Diamond search max displacement: +/- 500 sites horizontally, +/- 100 rows vertically.
[INFO DPL-1102] Legalizing using negotiation legalizer.
[INFO DPL-1103] Negotiation base search window: +/-20 sites horizontally, +/-5 rows vertically 
	Automatic search window extension enabled.
	Search window extendable up to the max displacement cap of +/-500 sites, +/-100 rows near walls.
[INFO DPL-1104] NegotiationLegalizer DRC penalty: 5.
[INFO DPL-0392] Negotiation cell height distribution (1 unique row-count(s)):
[INFO DPL-0393]   height 1 row(s): 32756 cells
[INFO DPL-0500] Runtime: 0.10s
Placement Analysis
---------------------------------
total displacement          0.0 u
average displacement        0.0 u
max displacement            0.0 u
original HPWL          894995.6 u
legalized HPWL         894995.6 u
delta HPWL                    0 %

check_placement -verbose
global_route -end_incremental -congestion_report_file /work/reports/sky130hd/m7_j1/d3_j1_p18p0/congestion_post_repair_timing.rpt
estimate_parasitics -global_routing
global_route -start_incremental
global_route -end_incremental -congestion_report_file /work/reports/sky130hd/m7_j1/d3_j1_p18p0/congestion_post_recover_power.rpt
Repair antennas...
[INFO GRT-0012] Found 162 antenna violations.
[INFO GRT-0302] Inserted 214 jumpers for 149 nets.
[INFO GRT-0012] Found 35 antenna violations.
[WARNING GRT-0243] Unable to repair antennas on net with diodes.
[INFO DPL-0006] Core area: 416927.37 um^2
[INFO DPL-0007] Movable instances area: 233316.27 um^2
[INFO DPL-0008] Fixed instances area within core: 7325.78 um^2
[INFO DPL-0009] Utilization: 57.7%
[INFO DPL-0005] Diamond search max displacement: +/- 500 sites horizontally, +/- 100 rows vertically.
[INFO DPL-1102] Legalizing using negotiation legalizer.
[INFO DPL-1103] Negotiation base search window: +/-20 sites horizontally, +/-5 rows vertically 
	Automatic search window extension enabled.
	Search window extendable up to the max displacement cap of +/-500 sites, +/-100 rows near walls.
[INFO DPL-1104] NegotiationLegalizer DRC penalty: 5.
[INFO DPL-0392] Negotiation cell height distribution (1 unique row-count(s)):
[INFO DPL-0393]   height 1 row(s): 32802 cells
          |      Total |  Illegal |  Illegal
Iteration | Violations |    Cells |    Sites
---------------------------------------------
        0 |          6 |         2 |         4
        1 |         13 |         3 |        10
        2 |          0 |         0 |         0
Negotiation phase 1 converged at iteration 2.
[INFO DPL-0500] Runtime: 0.13s
[INFO GRT-0015] Inserted 46 diodes.
[INFO GRT-0012] Found 12 antenna violations.
[INFO GRT-0302] Inserted 15 jumpers for 11 nets.
[INFO GRT-0012] Found 2 antenna violations.
[INFO DPL-0006] Core area: 416927.37 um^2
[INFO DPL-0007] Movable instances area: 233732.92 um^2
[INFO DPL-0008] Fixed instances area within core: 6919.14 um^2
[INFO DPL-0009] Utilization: 57.7%
[INFO DPL-0005] Diamond search max displacement: +/- 500 sites horizontally, +/- 100 rows vertically.
[INFO DPL-1102] Legalizing using negotiation legalizer.
[INFO DPL-1103] Negotiation base search window: +/-20 sites horizontally, +/-5 rows vertically 
	Automatic search window extension enabled.
	Search window extendable up to the max displacement cap of +/-500 sites, +/-100 rows near walls.
[INFO DPL-1104] NegotiationLegalizer DRC penalty: 5.
[INFO DPL-0392] Negotiation cell height distribution (1 unique row-count(s)):
[INFO DPL-0393]   height 1 row(s): 32806 cells
          |      Total |  Illegal |  Illegal
Iteration | Violations |    Cells |    Sites
---------------------------------------------
        0 |          0 |         0 |         0
Negotiation phase 1 converged at iteration 0.
[INFO DPL-0500] Runtime: 0.13s
[INFO GRT-0015] Inserted 4 diodes.
[INFO GRT-0012] Found 1 antenna violations.
[INFO GRT-0302] Inserted 2 jumpers for 1 nets.
[INFO GRT-0012] Found 0 antenna violations.
[INFO ANT-0002] Found 0 net violations.
[INFO ANT-0001] Found 0 pin violations.
Estimate parasitics...
estimate_parasitics -global_routing
Report metrics stage 5, global route...

==========================================================================
global route report_design_area
--------------------------------------------------------------------------
Design area 240652 um^2 58% utilization.
[INFO FLW-0007] clock core_clock period 18.000000
[WARNING FLW-0010] more than one clock found. Skipping sdc update.
[INFO FLW-0011] Path endpoint path count 5363
write_db /work/results/sky130hd/m7_j1/d3_j1_p18p0/5_1_grt.odb
write_sdc -no_timestamp /work/results/sky130hd/m7_j1/d3_j1_p18p0/5_1_grt.sdc
Elapsed time: 0:42.04[h:]min:sec. CPU time: user 639.41 sys 14.27 (1554%). Peak memory: 1023924KB.
Log                       Ext     Elapsed/s Peak Memory/MB sha1sum result [0:20)
5_1_grt                   .odb           42            999 d767a6fa2608bb799a40
5_1_grt                   .sdc                             1bce4671bad4c0484594
/OpenROAD-flow-scripts/flow/scripts/flow.sh 5_2_route detail_route
Running detail_route.tcl, stage 5_2_route
read_liberty /OpenROAD-flow-scripts/flow/platforms/sky130hd/lib/sky130_fd_sc_hd__tt_025C_1v80.lib
read_db -hier /work/results/sky130hd/m7_j1/d3_j1_p18p0/5_1_grt.odb
[WARNING ORD-0012] Hierarchical flow (-hier) is currently in development and may cause multiple issues. Do not use in production environments.
read_sdc /work/results/sky130hd/m7_j1/d3_j1_p18p0/5_1_grt.sdc
source /OpenROAD-flow-scripts/flow/platforms/sky130hd/setRC.tcl
[WARNING STA-0450] virtual clock vclk_core_clock can not be propagated.
detailed_route -output_drc /work/reports/sky130hd/m7_j1/d3_j1_p18p0/5_route_drc.rpt -output_maze /work/results/sky130hd/m7_j1/d3_j1_p18p0/maze.log -droute_end_iter 64 -verbose 1 -drc_report_iter_step 5
[INFO DRT-0149] Reading tech and libs.
[WARNING DRT-0349] LEF58_ENCLOSURE with no CUTCLASS is not supported. Skipping for layer mcon
[WARNING DRT-0349] LEF58_ENCLOSURE with no CUTCLASS is not supported. Skipping for layer mcon
[WARNING DRT-0349] LEF58_ENCLOSURE with no CUTCLASS is not supported. Skipping for layer via
[WARNING DRT-0349] LEF58_ENCLOSURE with no CUTCLASS is not supported. Skipping for layer via
[WARNING DRT-0349] LEF58_ENCLOSURE with no CUTCLASS is not supported. Skipping for layer via2
[WARNING DRT-0349] LEF58_ENCLOSURE with no CUTCLASS is not supported. Skipping for layer via2
[WARNING DRT-0349] LEF58_ENCLOSURE with no CUTCLASS is not supported. Skipping for layer via3
[WARNING DRT-0349] LEF58_ENCLOSURE with no CUTCLASS is not supported. Skipping for layer via3
[WARNING DRT-0349] LEF58_ENCLOSURE with no CUTCLASS is not supported. Skipping for layer via4
[WARNING DRT-0349] LEF58_ENCLOSURE with no CUTCLASS is not supported. Skipping for layer via4

Units:                1000
Number of layers:     13
Number of macros:     441
Number of vias:       29
Number of viarulegen: 25

[INFO DRT-0150] Reading design.
[WARNING DRT-0120] Large net net227 has 115 pins which may impact routing performance. Consider optimization.
[WARNING DRT-0120] Large net net2888 has 171 pins which may impact routing performance. Consider optimization.
[WARNING DRT-0120] Large net net2892 has 164 pins which may impact routing performance. Consider optimization.
[WARNING DRT-0120] Large net net2894 has 155 pins which may impact routing performance. Consider optimization.
[WARNING DRT-0120] Large net net2895 has 156 pins which may impact routing performance. Consider optimization.
[WARNING DRT-0120] Large net net2902 has 126 pins which may impact routing performance. Consider optimization.
[WARNING DRT-0120] Large net net2904 has 147 pins which may impact routing performance. Consider optimization.
[WARNING DRT-0120] Large net net2910 has 108 pins which may impact routing performance. Consider optimization.

Design:                   m7_ppa_j1_top
Die area:                 ( 0 0 ) ( 649570 649570 )
Number of track patterns: 12
Number of DEF vias:       0
Number of components:     32806
Number of terminals:      278
Number of snets:          2
Number of nets:           27211

[INFO DRT-0167] List of default vias:
  Layer via
    default via: M1M2_PR
  Layer via2
    default via: M2M3_PR
  Layer via3
    default via: M3M4_PR
  Layer via4
    default via: M4M5_PR
[INFO DRT-0162] Library cell analysis.
[INFO DRT-0163] Instance analysis.
[INFO DRT-0164] Number of unique instances = 269.
[INFO DRT-0168] Init region query.
[INFO DRT-0024]   Complete FR_MASTERSLICE.
[INFO DRT-0024]   Complete Fr_VIA.
[INFO DRT-0024]   Complete li1.
[INFO DRT-0024]   Complete mcon.
[INFO DRT-0024]   Complete met1.
[INFO DRT-0024]   Complete via.
[INFO DRT-0024]   Complete met2.
[INFO DRT-0024]   Complete via2.
[INFO DRT-0024]   Complete met3.
[INFO DRT-0024]   Complete via3.
[INFO DRT-0024]   Complete met4.
[INFO DRT-0024]   Complete via4.
[INFO DRT-0024]   Complete met5.
[INFO DRT-0033] FR_MASTERSLICE shape region query size = 0.
[INFO DRT-0033] FR_VIA shape region query size = 0.
[INFO DRT-0033] li1 shape region query size = 775428.
[INFO DRT-0033] mcon shape region query size = 410593.
[INFO DRT-0033] met1 shape region query size = 112173.
[INFO DRT-0033] via shape region query size = 27965.
[INFO DRT-0033] met2 shape region query size = 17027.
[INFO DRT-0033] via2 shape region query size = 22372.
[INFO DRT-0033] met3 shape region query size = 16807.
[INFO DRT-0033] via3 shape region query size = 22372.
[INFO DRT-0033] met4 shape region query size = 6745.
[INFO DRT-0033] via4 shape region query size = 1105.
[INFO DRT-0033] met5 shape region query size = 1199.
[INFO DRT-0165] Start pin access.
[INFO DRT-0076]   Complete 1000 pins.
[INFO DRT-0076]   Complete 2000 pins.
[INFO DRT-0078]   Complete 2170 pins.
[INFO DRT-0079]   Complete 100 unique inst patterns.
[INFO DRT-0079]   Complete 200 unique inst patterns.
[INFO DRT-0081]   Complete 269 unique inst patterns.
[INFO DRT-0082]   Complete 10000 groups.
[INFO DRT-0084]   Complete 17091 groups.
#scanned instances     = 32806
#unique  instances     = 269
#stdCellGenAp          = 8734
#stdCellValidPlanarAp  = 117
#stdCellValidViaAp     = 6399
#stdCellPinNoAp        = 0
#stdCellPinCnt         = 99086
#instTermValidViaApCnt = 0
#macroGenAp            = 0
#macroValidPlanarAp    = 0
#macroValidViaAp       = 0
#macroNoAp             = 0
[INFO DRT-0166] Complete pin access.
[INFO DRT-0267] cpu time = 00:06:38, elapsed time = 00:00:15, memory = 513.70 (MB), peak = 511.48 (MB)
[INFO DRT-0156] guideIn read 100000 guides.
[INFO DRT-0156] guideIn read 200000 guides.

[INFO DRT-0157] Number of guides:     241164

[INFO DRT-0169] Post process guides.
[INFO DRT-0176] GCELLGRID X 0 DO 94 STEP 6900 ;
[INFO DRT-0177] GCELLGRID Y 0 DO 94 STEP 6900 ;
[INFO DRT-0026]   Complete 100000 origin guides.
[INFO DRT-0026]   Complete 200000 origin guides.
[INFO DRT-0028]   Complete FR_MASTERSLICE.
[INFO DRT-0028]   Complete Fr_VIA.
[INFO DRT-0028]   Complete li1.
[INFO DRT-0028]   Complete mcon.
[INFO DRT-0028]   Complete met1.
[INFO DRT-0028]   Complete via.
[INFO DRT-0028]   Complete met2.
[INFO DRT-0028]   Complete via2.
[INFO DRT-0028]   Complete met3.
[INFO DRT-0028]   Complete via3.
[INFO DRT-0028]   Complete met4.
[INFO DRT-0028]   Complete via4.
[INFO DRT-0028]   Complete met5.
[INFO DRT-0178] Init guide query.
[INFO DRT-0035]   Complete FR_MASTERSLICE (guide).
[INFO DRT-0035]   Complete Fr_VIA (guide).
[INFO DRT-0035]   Complete li1 (guide).
[INFO DRT-0035]   Complete mcon (guide).
[INFO DRT-0035]   Complete met1 (guide).
[INFO DRT-0035]   Complete via (guide).
[INFO DRT-0035]   Complete met2 (guide).
[INFO DRT-0035]   Complete via2 (guide).
[INFO DRT-0035]   Complete met3 (guide).
[INFO DRT-0035]   Complete via3 (guide).
[INFO DRT-0035]   Complete met4 (guide).
[INFO DRT-0035]   Complete via4 (guide).
[INFO DRT-0035]   Complete met5 (guide).
[INFO DRT-0036] FR_MASTERSLICE guide region query size = 0.
[INFO DRT-0036] FR_VIA guide region query size = 0.
[INFO DRT-0036] li1 guide region query size = 76828.
[INFO DRT-0036] mcon guide region query size = 0.
[INFO DRT-0036] met1 guide region query size = 68701.
[INFO DRT-0036] via guide region query size = 0.
[INFO DRT-0036] met2 guide region query size = 38183.
[INFO DRT-0036] via2 guide region query size = 0.
[INFO DRT-0036] met3 guide region query size = 6970.
[INFO DRT-0036] via3 guide region query size = 0.
[INFO DRT-0036] met4 guide region query size = 3133.
[INFO DRT-0036] via4 guide region query size = 0.
[INFO DRT-0036] met5 guide region query size = 154.
[INFO DRT-0179] Init gr pin query.
[INFO DRT-0267] cpu time = 00:00:01, elapsed time = 00:00:00, memory = 584.14 (MB), peak = 579.89 (MB)
[INFO DRT-0245] skipped writing guide updates to database.
[INFO DRT-0181] Start track assignment.
[INFO DRT-0184] Done with 118144 vertical wires in 2 frboxes and 75825 horizontal wires in 2 frboxes.
[INFO DRT-0186] Done with 20508 vertical wires in 2 frboxes and 24946 horizontal wires in 2 frboxes.
[INFO DRT-0182] Complete track assignment.
[INFO DRT-0267] cpu time = 00:00:08, elapsed time = 00:00:04, memory = 1105.18 (MB), peak = 1101.39 (MB)
[INFO DRT-0187] Start routing data preparation.
[INFO DRT-0267] cpu time = 00:00:00, elapsed time = 00:00:00, memory = 1105.18 (MB), peak = 1101.39 (MB)
[INFO DRT-0194] Start detail routing.
[INFO DRT-0195] Start 0th optimization iteration.
    Completing 10% with 0 violations.
    elapsed time = 00:00:06, memory = 3051.31 (MB).
    Completing 20% with 0 violations.
    elapsed time = 00:00:11, memory = 2725.82 (MB).
    Completing 30% with 7256 violations.
    elapsed time = 00:00:19, memory = 3726.53 (MB).
    Completing 40% with 7256 violations.
    elapsed time = 00:00:24, memory = 3480.43 (MB).
    Completing 50% with 7256 violations.
    elapsed time = 00:00:31, memory = 2761.13 (MB).
    Completing 60% with 14396 violations.
    elapsed time = 00:00:40, memory = 3717.20 (MB).
    Completing 70% with 14396 violations.
    elapsed time = 00:00:45, memory = 3351.13 (MB).
    Completing 80% with 21451 violations.
    elapsed time = 00:00:59, memory = 4219.07 (MB).
    Completing 90% with 21451 violations.
    elapsed time = 00:01:03, memory = 3825.65 (MB).
    Completing 100% with 28755 violations.
    elapsed time = 00:01:11, memory = 2899.36 (MB).
[INFO DRT-0199]   Number of violations = 32323.
Viol/Layer         li1   mcon   met1    via   met2   met3   via3   met4   via4   met5
Cut Spacing          0     82      0      0      0      0      0      0      1      0
Metal Spacing        0      0   3938      0   1482    177      0     54      0      8
Min Hole             0      0     30      0      1      0      0      0      0      0
NS Metal             0      0      1      0      0      0      0      0      0      0
Recheck             38      0   2199      0   1042    143      0    141      0      5
Short                0      3  18819     38   3652    265      1    191      0     12
[INFO DRT-0267] cpu time = 00:21:57, elapsed time = 00:01:12, memory = 3200.25 (MB), peak = 4249.81 (MB)
Total wire length = 1242868 um.
Total wire length on LAYER li1 = 0 um.
Total wire length on LAYER met1 = 440337 um.
Total wire length on LAYER met2 = 492446 um.
Total wire length on LAYER met3 = 159381 um.
Total wire length on LAYER met4 = 147781 um.
Total wire length on LAYER met5 = 2921 um.
Total number of vias = 227822.
Up-via summary (total 227822):

-------------------------
 FR_MASTERSLICE         0
            li1     97786
           met1    112326
           met2     11978
           met3      5571
           met4       161
-------------------------
               227822


[INFO DRT-0195] Start 1st optimization iteration.
    Completing 10% with 32323 violations.
    elapsed time = 00:00:06, memory = 4411.59 (MB).
    Completing 20% with 32323 violations.
    elapsed time = 00:00:11, memory = 3671.28 (MB).
    Completing 30% with 30088 violations.
    elapsed time = 00:00:19, memory = 4419.51 (MB).
    Completing 40% with 30088 violations.
    elapsed time = 00:00:24, memory = 4011.71 (MB).
    Completing 50% with 30088 violations.
    elapsed time = 00:00:30, memory = 3244.45 (MB).
    Completing 60% with 27705 violations.
    elapsed time = 00:00:37, memory = 4238.98 (MB).
    Completing 70% with 27705 violations.
    elapsed time = 00:00:41, memory = 3630.12 (MB).
    Completing 80% with 24894 violations.
    elapsed time = 00:00:52, memory = 4540.23 (MB).
    Completing 90% with 24894 violations.
    elapsed time = 00:00:55, memory = 4000.17 (MB).
    Completing 100% with 21639 violations.
    elapsed time = 00:01:03, memory = 3292.93 (MB).
[INFO DRT-0199]   Number of violations = 21639.
Viol/Layer        mcon   met1   met2   met3   met4   met5
Cut Spacing        103      0      0      0      0      0
Metal Spacing        0   2966    862     94     15      1
Min Hole             0      0      1      0      0      0
Short                0  15585   1887     60     61      4
[INFO DRT-0267] cpu time = 00:20:40, elapsed time = 00:01:04, memory = 3294.03 (MB), peak = 4576.18 (MB)
Total wire length = 1232147 um.
Total wire length on LAYER li1 = 0 um.
Total wire length on LAYER met1 = 432899 um.
Total wire length on LAYER met2 = 488448 um.
Total wire length on LAYER met3 = 160997 um.
Total wire length on LAYER met4 = 147122 um.
Total wire length on LAYER met5 = 2680 um.
Total number of vias = 225639.
Up-via summary (total 225639):

-------------------------
 FR_MASTERSLICE         0
            li1     97764
           met1    110409
           met2     11882
           met3      5463
           met4       121
-------------------------
               225639


[INFO DRT-0195] Start 2nd optimization iteration.
    Completing 10% with 21639 violations.
    elapsed time = 00:00:03, memory = 4604.35 (MB).
    Completing 20% with 21639 violations.
    elapsed time = 00:00:07, memory = 4193.88 (MB).
    Completing 30% with 21408 violations.
    elapsed time = 00:00:13, memory = 4430.24 (MB).
    Completing 40% with 21408 violations.
    elapsed time = 00:00:19, memory = 4539.85 (MB).
    Completing 50% with 21408 violations.
    elapsed time = 00:00:24, memory = 3638.47 (MB).
    Completing 60% with 21213 violations.
    elapsed time = 00:00:35, memory = 4639.85 (MB).
    Completing 70% with 21213 violations.
    elapsed time = 00:00:40, memory = 4141.48 (MB).
    Completing 80% with 21377 violations.
    elapsed time = 00:00:51, memory = 4564.68 (MB).
    Completing 90% with 21377 violations.
    elapsed time = 00:00:57, memory = 4332.91 (MB).
    Completing 100% with 20668 violations.
    elapsed time = 00:01:04, memory = 3330.20 (MB).
[INFO DRT-0199]   Number of violations = 20668.
Viol/Layer        mcon   met1    via   met2   met3   met4   met5
Cut Spacing        111      0      1      0      0      0      0
Metal Spacing        0   2700      0    827     93     10      1
Min Hole             0      2      0      0      0      0      0
Short                0  15129      1   1623     81     84      5
[INFO DRT-0267] cpu time = 00:20:37, elapsed time = 00:01:05, memory = 3336.20 (MB), peak = 4726.01 (MB)
Total wire length = 1229596 um.
Total wire length on LAYER li1 = 0 um.
Total wire length on LAYER met1 = 431618 um.
Total wire length on LAYER met2 = 487792 um.
Total wire length on LAYER met3 = 160647 um.
Total wire length on LAYER met4 = 146886 um.
Total wire length on LAYER met5 = 2651 um.
Total number of vias = 224427.
Up-via summary (total 224427):

-------------------------
 FR_MASTERSLICE         0
            li1     97745
           met1    109282
           met2     11877
           met3      5402
           met4       121
-------------------------
               224427


[INFO DRT-0195] Start 3rd optimization iteration.
    Completing 10% with 20668 violations.
    elapsed time = 00:00:07, memory = 4654.46 (MB).
    Completing 20% with 20668 violations.
    elapsed time = 00:00:12, memory = 3848.28 (MB).
    Completing 30% with 16563 violations.
    elapsed time = 00:00:20, memory = 4663.03 (MB).
    Completing 40% with 16563 violations.
    elapsed time = 00:00:27, memory = 4330.21 (MB).
    Completing 50% with 16563 violations.
    elapsed time = 00:00:39, memory = 3440.59 (MB).
    Completing 60% with 12327 violations.
    elapsed time = 00:00:46, memory = 4482.13 (MB).
    Completing 70% with 12327 violations.
    elapsed time = 00:00:51, memory = 3823.75 (MB).
    Completing 80% with 8265 violations.
    elapsed time = 00:01:08, memory = 4810.78 (MB).
    Completing 90% with 8265 violations.
    elapsed time = 00:01:12, memory = 4317.71 (MB).
    Completing 100% with 4241 violations.
    elapsed time = 00:01:22, memory = 3420.65 (MB).
[INFO DRT-0199]   Number of violations = 4241.
Viol/Layer        mcon   met1    via   met2   met3   met4   met5
Cut Spacing         15      0      2      0      0      0      0
Metal Spacing        0   1150      0    236      7      2      0
Min Hole             0      2      0      0      0      0      0
Short                0   2556      1    262      6      0      2
[INFO DRT-0267] cpu time = 00:22:47, elapsed time = 00:01:22, memory = 3388.58 (MB), peak = 4853.02 (MB)
Total wire length = 1228316 um.
Total wire length on LAYER li1 = 0 um.
Total wire length on LAYER met1 = 394152 um.
Total wire length on LAYER met2 = 480715 um.
Total wire length on LAYER met3 = 195031 um.
Total wire length on LAYER met4 = 155814 um.
Total wire length on LAYER met5 = 2602 um.
Total number of vias = 232823.
Up-via summary (total 232823):

-------------------------
 FR_MASTERSLICE         0
            li1     97773
           met1    110954
           met2     17722
           met3      6263
           met4       111
-------------------------
               232823


[INFO DRT-0195] Start 4th optimization iteration.
    Completing 10% with 4241 violations.
    elapsed time = 00:00:00, memory = 4627.06 (MB).
    Completing 20% with 4241 violations.
    elapsed time = 00:00:02, memory = 3828.71 (MB).
    Completing 30% with 3519 violations.
    elapsed time = 00:00:09, memory = 3388.59 (MB).
    Completing 40% with 3519 violations.
    elapsed time = 00:00:11, memory = 4110.71 (MB).
    Completing 50% with 3519 violations.
    elapsed time = 00:00:15, memory = 3388.59 (MB).
    Completing 60% with 2390 violations.
    elapsed time = 00:00:17, memory = 4347.63 (MB).
    Completing 70% with 2390 violations.
    elapsed time = 00:00:19, memory = 3816.85 (MB).
    Completing 80% with 1550 violations.
    elapsed time = 00:00:26, memory = 4624.09 (MB).
    Completing 90% with 1550 violations.
    elapsed time = 00:00:27, memory = 4171.90 (MB).
    Completing 100% with 849 violations.
    elapsed time = 00:00:37, memory = 3397.32 (MB).
[INFO DRT-0199]   Number of violations = 852.
Viol/Layer        mcon   met1   met2   met5
Cut Spacing          2      0      0      0
Metal Spacing        0    231     44      0
Recheck              0      3      0      0
Short                0    526     45      1
[INFO DRT-0267] cpu time = 00:05:55, elapsed time = 00:00:37, memory = 3400.31 (MB), peak = 4853.02 (MB)
Total wire length = 1228579 um.
Total wire length on LAYER li1 = 0 um.
Total wire length on LAYER met1 = 391351 um.
Total wire length on LAYER met2 = 480024 um.
Total wire length on LAYER met3 = 197768 um.
Total wire length on LAYER met4 = 156852 um.
Total wire length on LAYER met5 = 2583 um.
Total number of vias = 233377.
Up-via summary (total 233377):

-------------------------
 FR_MASTERSLICE         0
            li1     97777
           met1    111054
           met2     18091
           met3      6344
           met4       111
-------------------------
               233377


[INFO DRT-0195] Start 5th optimization iteration.
    Completing 10% with 852 violations.
    elapsed time = 00:00:00, memory = 3400.31 (MB).
    Completing 20% with 852 violations.
    elapsed time = 00:00:00, memory = 3794.41 (MB).
    Completing 30% with 683 violations.
    elapsed time = 00:00:08, memory = 3400.31 (MB).
    Completing 40% with 683 violations.
    elapsed time = 00:00:08, memory = 3400.31 (MB).
    Completing 50% with 683 violations.
    elapsed time = 00:00:14, memory = 3400.31 (MB).
    Completing 60% with 489 violations.
    elapsed time = 00:00:14, memory = 3400.31 (MB).
    Completing 70% with 489 violations.
    elapsed time = 00:00:14, memory = 3761.70 (MB).
    Completing 80% with 389 violations.
    elapsed time = 00:00:21, memory = 3400.31 (MB).
    Completing 90% with 389 violations.
    elapsed time = 00:00:21, memory = 3400.31 (MB).
    Completing 100% with 157 violations.
    elapsed time = 00:00:29, memory = 3423.12 (MB).
[INFO DRT-0199]   Number of violations = 157.
Viol/Layer        mcon   met1   met2   met3
Cut Spacing          2      0      0      0
Metal Spacing        0     51      9      6
Short                0     75     14      0
[INFO DRT-0267] cpu time = 00:01:59, elapsed time = 00:00:29, memory = 3423.23 (MB), peak = 4853.02 (MB)
Total wire length = 1228629 um.
Total wire length on LAYER li1 = 0 um.
Total wire length on LAYER met1 = 390989 um.
Total wire length on LAYER met2 = 479825 um.
Total wire length on LAYER met3 = 198058 um.
Total wire length on LAYER met4 = 157153 um.
Total wire length on LAYER met5 = 2602 um.
Total number of vias = 233449.
Up-via summary (total 233449):

-------------------------
 FR_MASTERSLICE         0
            li1     97778
           met1    111059
           met2     18124
           met3      6377
           met4       111
-------------------------
               233449


[INFO DRT-0195] Start 6th optimization iteration.
    Completing 10% with 157 violations.
    elapsed time = 00:00:00, memory = 3423.23 (MB).
    Completing 20% with 157 violations.
    elapsed time = 00:00:00, memory = 3423.23 (MB).
    Completing 30% with 140 violations.
    elapsed time = 00:00:01, memory = 3423.23 (MB).
    Completing 40% with 140 violations.
    elapsed time = 00:00:01, memory = 3423.23 (MB).
    Completing 50% with 140 violations.
    elapsed time = 00:00:06, memory = 3423.23 (MB).
    Completing 60% with 94 violations.
    elapsed time = 00:00:06, memory = 3423.23 (MB).
    Completing 70% with 94 violations.
    elapsed time = 00:00:06, memory = 3423.23 (MB).
    Completing 80% with 74 violations.
    elapsed time = 00:00:08, memory = 3423.23 (MB).
    Completing 90% with 74 violations.
    elapsed time = 00:00:08, memory = 3423.23 (MB).
    Completing 100% with 67 violations.
    elapsed time = 00:00:16, memory = 3423.23 (MB).
[INFO DRT-0199]   Number of violations = 67.
Viol/Layer        mcon   met1   met2   met3
Cut Spacing          1      0      0      0
Metal Spacing        0     28      2      3
Short                0     32      1      0
[INFO DRT-0267] cpu time = 00:00:37, elapsed time = 00:00:17, memory = 3423.23 (MB), peak = 4853.02 (MB)
Total wire length = 1228588 um.
Total wire length on LAYER li1 = 0 um.
Total wire length on LAYER met1 = 390921 um.
Total wire length on LAYER met2 = 479743 um.
Total wire length on LAYER met3 = 198153 um.
Total wire length on LAYER met4 = 157193 um.
Total wire length on LAYER met5 = 2575 um.
Total number of vias = 233441.
Up-via summary (total 233441):

-------------------------
 FR_MASTERSLICE         0
            li1     97777
           met1    111050
           met2     18131
           met3      6374
           met4       109
-------------------------
               233441


[INFO DRT-0195] Start 7th guides tiles iteration.
    Completing 10% with 67 violations.
    elapsed time = 00:00:00, memory = 3423.23 (MB).
    Completing 20% with 67 violations.
    elapsed time = 00:00:00, memory = 3423.23 (MB).
    Completing 30% with 67 violations.
    elapsed time = 00:00:00, memory = 3423.23 (MB).
    Completing 40% with 67 violations.
    elapsed time = 00:00:00, memory = 3423.23 (MB).
    Completing 50% with 67 violations.
    elapsed time = 00:00:02, memory = 3423.23 (MB).
    Completing 60% with 38 violations.
    elapsed time = 00:00:02, memory = 3423.23 (MB).
    Completing 70% with 38 violations.
    elapsed time = 00:00:02, memory = 3423.23 (MB).
    Completing 80% with 38 violations.
    elapsed time = 00:00:02, memory = 3423.23 (MB).
    Completing 90% with 38 violations.
    elapsed time = 00:00:02, memory = 3423.23 (MB).
    Completing 100% with 29 violations.
    elapsed time = 00:00:05, memory = 3423.23 (MB).
[INFO DRT-0199]   Number of violations = 29.
Viol/Layer        met1   met2
Metal Spacing       17      2
Short                9      1
[INFO DRT-0267] cpu time = 00:00:11, elapsed time = 00:00:05, memory = 3423.23 (MB), peak = 4853.02 (MB)
Total wire length = 1228557 um.
Total wire length on LAYER li1 = 0 um.
Total wire length on LAYER met1 = 390928 um.
Total wire length on LAYER met2 = 479683 um.
Total wire length on LAYER met3 = 198109 um.
Total wire length on LAYER met4 = 157260 um.
Total wire length on LAYER met5 = 2575 um.
Total number of vias = 233427.
Up-via summary (total 233427):

-------------------------
 FR_MASTERSLICE         0
            li1     97777
           met1    111045
           met2     18122
           met3      6374
           met4       109
-------------------------
               233427


[INFO DRT-0195] Start 8th guides tiles iteration.
    Completing 10% with 29 violations.
    elapsed time = 00:00:00, memory = 3423.23 (MB).
    Completing 20% with 29 violations.
    elapsed time = 00:00:00, memory = 3423.23 (MB).
    Completing 30% with 29 violations.
    elapsed time = 00:00:00, memory = 3423.23 (MB).
    Completing 50% with 29 violations.
    elapsed time = 00:00:00, memory = 3423.23 (MB).
    Completing 60% with 29 violations.
    elapsed time = 00:00:01, memory = 3423.23 (MB).
    Completing 70% with 27 violations.
    elapsed time = 00:00:01, memory = 3423.23 (MB).
    Completing 80% with 27 violations.
    elapsed time = 00:00:01, memory = 3423.23 (MB).
    Completing 100% with 27 violations.
    elapsed time = 00:00:02, memory = 3423.23 (MB).
[INFO DRT-0199]   Number of violations = 27.
Viol/Layer        met1   met2
Metal Spacing       17      0
Short                9      1
[INFO DRT-0267] cpu time = 00:00:04, elapsed time = 00:00:02, memory = 3423.23 (MB), peak = 4853.02 (MB)
Total wire length = 1228556 um.
Total wire length on LAYER li1 = 0 um.
Total wire length on LAYER met1 = 390927 um.
Total wire length on LAYER met2 = 479683 um.
Total wire length on LAYER met3 = 198109 um.
Total wire length on LAYER met4 = 157260 um.
Total wire length on LAYER met5 = 2575 um.
Total number of vias = 233427.
Up-via summary (total 233427):

-------------------------
 FR_MASTERSLICE         0
            li1     97777
           met1    111045
           met2     18122
           met3      6374
           met4       109
-------------------------
               233427


[INFO DRT-0195] Start 9th guides tiles iteration.
    Completing 10% with 27 violations.
    elapsed time = 00:00:00, memory = 3423.23 (MB).
    Completing 20% with 27 violations.
    elapsed time = 00:00:00, memory = 3423.23 (MB).
    Completing 40% with 27 violations.
    elapsed time = 00:00:00, memory = 3423.23 (MB).
    Completing 50% with 27 violations.
    elapsed time = 00:00:01, memory = 3423.23 (MB).
    Completing 70% with 27 violations.
    elapsed time = 00:00:01, memory = 3423.23 (MB).
    Completing 80% with 27 violations.
    elapsed time = 00:00:01, memory = 3423.23 (MB).
    Completing 100% with 27 violations.
    elapsed time = 00:00:02, memory = 3423.23 (MB).
[INFO DRT-0199]   Number of violations = 27.
Viol/Layer        met1   met2
Metal Spacing       17      0
Short                9      1
[INFO DRT-0267] cpu time = 00:00:05, elapsed time = 00:00:02, memory = 3423.23 (MB), peak = 4853.02 (MB)
Total wire length = 1228557 um.
Total wire length on LAYER li1 = 0 um.
Total wire length on LAYER met1 = 390927 um.
Total wire length on LAYER met2 = 479683 um.
Total wire length on LAYER met3 = 198109 um.
Total wire length on LAYER met4 = 157260 um.
Total wire length on LAYER met5 = 2575 um.
Total number of vias = 233427.
Up-via summary (total 233427):

-------------------------
 FR_MASTERSLICE         0
            li1     97777
           met1    111045
           met2     18122
           met3      6374
           met4       109
-------------------------
               233427


[INFO DRT-0195] Start 10th guides tiles iteration.
    Completing 10% with 27 violations.
    elapsed time = 00:00:00, memory = 3423.23 (MB).
    Completing 20% with 27 violations.
    elapsed time = 00:00:00, memory = 3423.23 (MB).
    Completing 40% with 27 violations.
    elapsed time = 00:00:00, memory = 3423.23 (MB).
    Completing 50% with 27 violations.
    elapsed time = 00:00:00, memory = 3423.23 (MB).
    Completing 70% with 19 violations.
    elapsed time = 00:00:00, memory = 3423.23 (MB).
    Completing 80% with 19 violations.
    elapsed time = 00:00:00, memory = 3423.23 (MB).
    Completing 100% with 17 violations.
    elapsed time = 00:00:00, memory = 3423.23 (MB).
[INFO DRT-0199]   Number of violations = 17.
Viol/Layer        met1   met2
Metal Spacing        7      5
Short                3      2
[INFO DRT-0267] cpu time = 00:00:02, elapsed time = 00:00:00, memory = 3423.23 (MB), peak = 4853.02 (MB)
Total wire length = 1228571 um.
Total wire length on LAYER li1 = 0 um.
Total wire length on LAYER met1 = 390929 um.
Total wire length on LAYER met2 = 479690 um.
Total wire length on LAYER met3 = 198108 um.
Total wire length on LAYER met4 = 157267 um.
Total wire length on LAYER met5 = 2575 um.
Total number of vias = 233432.
Up-via summary (total 233432):

-------------------------
 FR_MASTERSLICE         0
            li1     97777
           met1    111048
           met2     18120
           met3      6378
           met4       109
-------------------------
               233432


[INFO DRT-0195] Start 11th guides tiles iteration.
    Completing 10% with 17 violations.
    elapsed time = 00:00:00, memory = 3423.23 (MB).
    Completing 30% with 17 violations.
    elapsed time = 00:00:00, memory = 3423.23 (MB).
    Completing 50% with 17 violations.
    elapsed time = 00:00:00, memory = 3423.23 (MB).
    Completing 60% with 17 violations.
    elapsed time = 00:00:00, memory = 3423.23 (MB).
    Completing 80% with 3 violations.
    elapsed time = 00:00:00, memory = 3423.23 (MB).
    Completing 100% with 3 violations.
    elapsed time = 00:00:00, memory = 3423.23 (MB).
[INFO DRT-0199]   Number of violations = 3.
Viol/Layer        met1   met2
Metal Spacing        0      1
Short                2      0
[INFO DRT-0267] cpu time = 00:00:01, elapsed time = 00:00:00, memory = 3423.23 (MB), peak = 4853.02 (MB)
Total wire length = 1228575 um.
Total wire length on LAYER li1 = 0 um.
Total wire length on LAYER met1 = 390932 um.
Total wire length on LAYER met2 = 479691 um.
Total wire length on LAYER met3 = 198108 um.
Total wire length on LAYER met4 = 157267 um.
Total wire length on LAYER met5 = 2575 um.
Total number of vias = 233433.
Up-via summary (total 233433):

-------------------------
 FR_MASTERSLICE         0
            li1     97777
           met1    111049
           met2     18120
           met3      6378
           met4       109
-------------------------
               233433


[INFO DRT-0195] Start 12th guides tiles iteration.
    Completing 20% with 3 violations.
    elapsed time = 00:00:00, memory = 3423.23 (MB).
    Completing 50% with 3 violations.
    elapsed time = 00:00:00, memory = 3423.23 (MB).
    Completing 70% with 3 violations.
    elapsed time = 00:00:00, memory = 3423.23 (MB).
    Completing 100% with 2 violations.
    elapsed time = 00:00:00, memory = 3423.23 (MB).
[INFO DRT-0199]   Number of violations = 2.
Viol/Layer        met1
Short                2
[INFO DRT-0267] cpu time = 00:00:01, elapsed time = 00:00:00, memory = 3423.23 (MB), peak = 4853.02 (MB)
Total wire length = 1228586 um.
Total wire length on LAYER li1 = 0 um.
Total wire length on LAYER met1 = 390942 um.
Total wire length on LAYER met2 = 479691 um.
Total wire length on LAYER met3 = 198109 um.
Total wire length on LAYER met4 = 157267 um.
Total wire length on LAYER met5 = 2575 um.
Total number of vias = 233434.
Up-via summary (total 233434):

-------------------------
 FR_MASTERSLICE         0
            li1     97777
           met1    111050
           met2     18120
           met3      6378
           met4       109
-------------------------
               233434


[INFO DRT-0195] Start 13th guides tiles iteration.
    Completing 30% with 2 violations.
    elapsed time = 00:00:00, memory = 3423.23 (MB).
    Completing 60% with 2 violations.
    elapsed time = 00:00:00, memory = 3423.23 (MB).
    Completing 100% with 2 violations.
    elapsed time = 00:00:00, memory = 3423.23 (MB).
[INFO DRT-0199]   Number of violations = 2.
Viol/Layer        met1
Short                2
[INFO DRT-0267] cpu time = 00:00:01, elapsed time = 00:00:00, memory = 3423.23 (MB), peak = 4853.02 (MB)
Total wire length = 1228586 um.
Total wire length on LAYER li1 = 0 um.
Total wire length on LAYER met1 = 390943 um.
Total wire length on LAYER met2 = 479691 um.
Total wire length on LAYER met3 = 198109 um.
Total wire length on LAYER met4 = 157267 um.
Total wire length on LAYER met5 = 2575 um.
Total number of vias = 233434.
Up-via summary (total 233434):

-------------------------
 FR_MASTERSLICE         0
            li1     97777
           met1    111050
           met2     18120
           met3      6378
           met4       109
-------------------------
               233434


[INFO DRT-0195] Start 14th stubborn tiles iteration.
    Completing 10% with 2 violations.
    elapsed time = 00:00:00, memory = 4628.99 (MB).
    Completing 20% with 2 violations.
    elapsed time = 00:00:00, memory = 4771.65 (MB).
    Completing 30% with 2 violations.
    elapsed time = 00:00:01, memory = 4763.68 (MB).
    Completing 40% with 2 violations.
    elapsed time = 00:00:02, memory = 4738.15 (MB).
    Completing 50% with 2 violations.
    elapsed time = 00:00:02, memory = 4828.36 (MB).
    Completing 60% with 2 violations.
    elapsed time = 00:00:02, memory = 4966.79 (MB).
    Completing 70% with 2 violations.
    elapsed time = 00:00:03, memory = 4820.17 (MB).
    Completing 80% with 2 violations.
    elapsed time = 00:00:03, memory = 4532.55 (MB).
    Completing 90% with 2 violations.
    elapsed time = 00:00:04, memory = 4238.07 (MB).
    Completing 100% with 1 violations.
    elapsed time = 00:00:17, memory = 3842.78 (MB).
[INFO DRT-0199]   Number of violations = 1.
Viol/Layer        met1
Short                1
[INFO DRT-0267] cpu time = 00:02:38, elapsed time = 00:00:17, memory = 3842.78 (MB), peak = 5042.95 (MB)
Total wire length = 1228609 um.
Total wire length on LAYER li1 = 0 um.
Total wire length on LAYER met1 = 390944 um.
Total wire length on LAYER met2 = 479697 um.
Total wire length on LAYER met3 = 198124 um.
Total wire length on LAYER met4 = 157267 um.
Total wire length on LAYER met5 = 2575 um.
Total number of vias = 233437.
Up-via summary (total 233437):

-------------------------
 FR_MASTERSLICE         0
            li1     97777
           met1    111051
           met2     18122
           met3      6378
           met4       109
-------------------------
               233437


[INFO DRT-0195] Start 15th guides tiles iteration.
    Completing 100% with 1 violations.
    elapsed time = 00:00:00, memory = 3842.78 (MB).
[INFO DRT-0199]   Number of violations = 1.
Viol/Layer        met1
Short                1
[INFO DRT-0267] cpu time = 00:00:01, elapsed time = 00:00:00, memory = 3842.78 (MB), peak = 5042.95 (MB)
Total wire length = 1228610 um.
Total wire length on LAYER li1 = 0 um.
Total wire length on LAYER met1 = 390946 um.
Total wire length on LAYER met2 = 479697 um.
Total wire length on LAYER met3 = 198124 um.
Total wire length on LAYER met4 = 157267 um.
Total wire length on LAYER met5 = 2575 um.
Total number of vias = 233437.
Up-via summary (total 233437):

-------------------------
 FR_MASTERSLICE         0
            li1     97777
           met1    111051
           met2     18122
           met3      6378
           met4       109
-------------------------
               233437


[INFO DRT-0195] Start 16th stubborn tiles iteration.
    Completing 10% with 1 violations.
    elapsed time = 00:00:00, memory = 5086.38 (MB).
    Completing 20% with 1 violations.
    elapsed time = 00:00:00, memory = 5150.43 (MB).
    Completing 30% with 1 violations.
    elapsed time = 00:00:00, memory = 5149.21 (MB).
    Completing 40% with 1 violations.
    elapsed time = 00:00:00, memory = 4971.21 (MB).
    Completing 50% with 1 violations.
    elapsed time = 00:00:01, memory = 4739.46 (MB).
    Completing 60% with 1 violations.
    elapsed time = 00:00:01, memory = 4535.12 (MB).
    Completing 70% with 1 violations.
    elapsed time = 00:00:01, memory = 4335.92 (MB).
    Completing 80% with 1 violations.
    elapsed time = 00:00:01, memory = 4199.14 (MB).
    Completing 90% with 1 violations.
    elapsed time = 00:00:01, memory = 4007.97 (MB).
    Completing 100% with 0 violations.
    elapsed time = 00:00:07, memory = 3864.40 (MB).
[INFO DRT-0199]   Number of violations = 0.
[INFO DRT-0267] cpu time = 00:00:52, elapsed time = 00:00:07, memory = 3864.40 (MB), peak = 5253.04 (MB)
Total wire length = 1228624 um.
Total wire length on LAYER li1 = 0 um.
Total wire length on LAYER met1 = 390939 um.
Total wire length on LAYER met2 = 479709 um.
Total wire length on LAYER met3 = 198134 um.
Total wire length on LAYER met4 = 157265 um.
Total wire length on LAYER met5 = 2575 um.
Total number of vias = 233440.
Up-via summary (total 233440):

-------------------------
 FR_MASTERSLICE         0
            li1     97777
           met1    111052
           met2     18126
           met3      6376
           met4       109
-------------------------
               233440


[INFO DRT-0198] Complete detail routing.
Total wire length = 1228624 um.
Total wire length on LAYER li1 = 0 um.
Total wire length on LAYER met1 = 390939 um.
Total wire length on LAYER met2 = 479709 um.
Total wire length on LAYER met3 = 198134 um.
Total wire length on LAYER met4 = 157265 um.
Total wire length on LAYER met5 = 2575 um.
Total number of vias = 233440.
Up-via summary (total 233440):

-------------------------
 FR_MASTERSLICE         0
            li1     97777
           met1    111052
           met2     18126
           met3      6376
           met4       109
-------------------------
               233440


[INFO DRT-0267] cpu time = 01:38:36, elapsed time = 00:06:45, memory = 3864.46 (MB), peak = 5253.04 (MB)

[INFO DRT-0180] Post processing.
[INFO DRT-0501] Runtime: 426.10s
Took 426 seconds: detailed_route -output_drc /work/reports/sky130hd/m7_j1/d3_j1_p18p0/5_route_drc.rpt -output_maze /work/results/sky130hd/m7_j1/d3_j1_p18p0/maze.log -droute_end_iter 64 -verbose 1 -drc_report_iter_step 5
[INFO GRT-0012] Found 86 antenna violations.
[INFO DPL-0006] Core area: 416927.37 um^2
[INFO DPL-0007] Movable instances area: 0.00 um^2
[INFO DPL-0008] Fixed instances area within core: 240932.32 um^2
[INFO DPL-0009] Utilization: 57.8%
[INFO DPL-0005] Diamond search max displacement: +/- 500 sites horizontally, +/- 100 rows vertically.
[INFO DPL-1102] Legalizing using negotiation legalizer.
[INFO DPL-1103] Negotiation base search window: +/-20 sites horizontally, +/-5 rows vertically 
	Automatic search window extension enabled.
	Search window extendable up to the max displacement cap of +/-500 sites, +/-100 rows near walls.
[INFO DPL-1104] NegotiationLegalizer DRC penalty: 5.
[INFO DPL-0392] Negotiation cell height distribution (1 unique row-count(s)):
[INFO DPL-0393]   height 1 row(s): 32918 cells
[INFO DPL-0500] Runtime: 0.07s
[INFO GRT-0015] Inserted 112 diodes.
[WARNING GRT-0273] Disabled NDR (to reduce congestion) for net: clknet_0__12916_
[WARNING DRT-0120] Large net net227 has 115 pins which may impact routing performance. Consider optimization.
[WARNING DRT-0120] Large net net2888 has 171 pins which may impact routing performance. Consider optimization.
[WARNING DRT-0120] Large net net2892 has 164 pins which may impact routing performance. Consider optimization.
[WARNING DRT-0120] Large net net2894 has 155 pins which may impact routing performance. Consider optimization.
[WARNING DRT-0120] Large net net2895 has 156 pins which may impact routing performance. Consider optimization.
[WARNING DRT-0120] Large net net2902 has 126 pins which may impact routing performance. Consider optimization.
[WARNING DRT-0120] Large net net2904 has 147 pins which may impact routing performance. Consider optimization.
[WARNING DRT-0120] Large net net2910 has 108 pins which may impact routing performance. Consider optimization.
[INFO DRT-0024]   Complete FR_MASTERSLICE.
[INFO DRT-0024]   Complete Fr_VIA.
[INFO DRT-0024]   Complete li1.
[INFO DRT-0024]   Complete mcon.
[INFO DRT-0024]   Complete met1.
[INFO DRT-0024]   Complete via.
[INFO DRT-0024]   Complete met2.
[INFO DRT-0024]   Complete via2.
[INFO DRT-0024]   Complete met3.
[INFO DRT-0024]   Complete via3.
[INFO DRT-0024]   Complete met4.
[INFO DRT-0024]   Complete via4.
[INFO DRT-0024]   Complete met5.
[INFO DRT-0165] Start pin access.
[INFO DRT-0076]   Complete 1000 pins.
[INFO DRT-0076]   Complete 2000 pins.
[INFO DRT-0078]   Complete 2170 pins.
[INFO DRT-0079]   Complete 100 unique inst patterns.
[INFO DRT-0079]   Complete 200 unique inst patterns.
[INFO DRT-0081]   Complete 269 unique inst patterns.
[INFO DRT-0082]   Complete 10000 groups.
[INFO DRT-0084]   Complete 17102 groups.
#scanned instances     = 32918
#unique  instances     = 269
#stdCellGenAp          = 8734
#stdCellValidPlanarAp  = 117
#stdCellValidViaAp     = 6399
#stdCellPinNoAp        = 0
#stdCellPinCnt         = 99086
#instTermValidViaApCnt = 0
#macroGenAp            = 0
#macroValidPlanarAp    = 0
#macroValidViaAp       = 0
#macroNoAp             = 0
[INFO DRT-0166] Complete pin access.
[INFO DRT-0267] cpu time = 00:06:48, elapsed time = 00:00:15, memory = 3224.09 (MB), peak = 5253.04 (MB)
[INFO DRT-0156] guideIn read 100000 guides.
[INFO DRT-0156] guideIn read 200000 guides.

[INFO DRT-0157] Number of guides:     239894

[INFO DRT-0169] Post process guides.
[INFO DRT-0176] GCELLGRID X 0 DO 94 STEP 6900 ;
[INFO DRT-0177] GCELLGRID Y 0 DO 94 STEP 6900 ;
[INFO DRT-0026]   Complete 100000 origin guides.
[INFO DRT-0026]   Complete 200000 origin guides.
[INFO DRT-0028]   Complete FR_MASTERSLICE.
[INFO DRT-0028]   Complete Fr_VIA.
[INFO DRT-0028]   Complete li1.
[INFO DRT-0028]   Complete mcon.
[INFO DRT-0028]   Complete met1.
[INFO DRT-0028]   Complete via.
[INFO DRT-0028]   Complete met2.
[INFO DRT-0028]   Complete via2.
[INFO DRT-0028]   Complete met3.
[INFO DRT-0028]   Complete via3.
[INFO DRT-0028]   Complete met4.
[INFO DRT-0028]   Complete via4.
[INFO DRT-0028]   Complete met5.
[INFO DRT-0178] Init guide query.
[INFO DRT-0035]   Complete FR_MASTERSLICE (guide).
[INFO DRT-0035]   Complete Fr_VIA (guide).
[INFO DRT-0035]   Complete li1 (guide).
[INFO DRT-0035]   Complete mcon (guide).
[INFO DRT-0035]   Complete met1 (guide).
[INFO DRT-0035]   Complete via (guide).
[INFO DRT-0035]   Complete met2 (guide).
[INFO DRT-0035]   Complete via2 (guide).
[INFO DRT-0035]   Complete met3 (guide).
[INFO DRT-0035]   Complete via3 (guide).
[INFO DRT-0035]   Complete met4 (guide).
[INFO DRT-0035]   Complete via4 (guide).
[INFO DRT-0035]   Complete met5 (guide).
[INFO DRT-0036] FR_MASTERSLICE guide region query size = 0.
[INFO DRT-0036] FR_VIA guide region query size = 0.
[INFO DRT-0036] li1 guide region query size = 76863.
[INFO DRT-0036] mcon guide region query size = 0.
[INFO DRT-0036] met1 guide region query size = 68808.
[INFO DRT-0036] via guide region query size = 0.
[INFO DRT-0036] met2 guide region query size = 38060.
[INFO DRT-0036] via2 guide region query size = 0.
[INFO DRT-0036] met3 guide region query size = 6448.
[INFO DRT-0036] via3 guide region query size = 0.
[INFO DRT-0036] met4 guide region query size = 2742.
[INFO DRT-0036] via4 guide region query size = 0.
[INFO DRT-0036] met5 guide region query size = 76.
[INFO DRT-0179] Init gr pin query.
[INFO DRT-0267] cpu time = 00:00:01, elapsed time = 00:00:00, memory = 3224.09 (MB), peak = 5253.04 (MB)
[INFO DRT-0245] skipped writing guide updates to database.
[INFO DRT-0181] Start track assignment.
[INFO DRT-0184] Done with 117665 vertical wires in 2 frboxes and 75332 horizontal wires in 2 frboxes.
[INFO DRT-0186] Done with 21131 vertical wires in 2 frboxes and 25514 horizontal wires in 2 frboxes.
[INFO DRT-0182] Complete track assignment.
[INFO DRT-0267] cpu time = 00:00:08, elapsed time = 00:00:04, memory = 3339.25 (MB), peak = 5253.04 (MB)
[INFO DRT-0187] Start routing data preparation.
[INFO DRT-0267] cpu time = 00:00:00, elapsed time = 00:00:00, memory = 3339.25 (MB), peak = 5253.04 (MB)
[INFO DRT-0194] Start detail routing.
[INFO DRT-0195] Start 0th optimization iteration.
    Completing 10% with 0 violations.
    elapsed time = 00:00:02, memory = 4177.68 (MB).
    Completing 20% with 0 violations.
    elapsed time = 00:00:04, memory = 3789.22 (MB).
    Completing 30% with 3848 violations.
    elapsed time = 00:00:09, memory = 4644.31 (MB).
    Completing 40% with 3848 violations.
    elapsed time = 00:00:11, memory = 4389.17 (MB).
    Completing 50% with 3848 violations.
    elapsed time = 00:00:18, memory = 3631.20 (MB).
    Completing 60% with 7606 violations.
    elapsed time = 00:00:20, memory = 4513.57 (MB).
    Completing 70% with 7606 violations.
    elapsed time = 00:00:22, memory = 3915.84 (MB).
    Completing 80% with 10733 violations.
    elapsed time = 00:00:34, memory = 4832.83 (MB).
    Completing 90% with 10733 violations.
    elapsed time = 00:00:36, memory = 4384.12 (MB).
    Completing 100% with 13627 violations.
    elapsed time = 00:00:43, memory = 3718.14 (MB).
[INFO DRT-0199]   Number of violations = 14809.
Viol/Layer        mcon   met1    via   met2   met3   met4
Cut Spacing          3      0      5      0      0      0
Metal Spacing        0    696      0    904    100     13
Min Hole             0      5      0      0      0      0
Recheck              0    577      0    461     83     61
Short                0   6362     10   5060    309    160
[INFO DRT-0267] cpu time = 00:07:52, elapsed time = 00:00:43, memory = 3834.64 (MB), peak = 5253.04 (MB)
Total wire length = 1232316 um.
Total wire length on LAYER li1 = 0 um.
Total wire length on LAYER met1 = 406367 um.
Total wire length on LAYER met2 = 494348 um.
Total wire length on LAYER met3 = 183149 um.
Total wire length on LAYER met4 = 146278 um.
Total wire length on LAYER met5 = 2172 um.
Total number of vias = 233575.
Up-via summary (total 233575):

-------------------------
 FR_MASTERSLICE         0
            li1     97945
           met1    112334
           met2     17279
           met3      5928
           met4        89
-------------------------
               233575


[INFO DRT-0195] Start 1st optimization iteration.
    Completing 10% with 14809 violations.
    elapsed time = 00:00:01, memory = 4741.21 (MB).
    Completing 20% with 14809 violations.
    elapsed time = 00:00:03, memory = 4051.79 (MB).
    Completing 30% with 13058 violations.
    elapsed time = 00:00:06, memory = 4787.07 (MB).
    Completing 40% with 13058 violations.
    elapsed time = 00:00:07, memory = 4573.60 (MB).
    Completing 50% with 13058 violations.
    elapsed time = 00:00:12, memory = 3875.36 (MB).
    Completing 60% with 11306 violations.
    elapsed time = 00:00:14, memory = 4767.41 (MB).
    Completing 70% with 11306 violations.
    elapsed time = 00:00:15, memory = 4187.68 (MB).
    Completing 80% with 9686 violations.
    elapsed time = 00:00:21, memory = 5023.16 (MB).
    Completing 90% with 9686 violations.
    elapsed time = 00:00:22, memory = 4503.61 (MB).
    Completing 100% with 7766 violations.
    elapsed time = 00:00:29, memory = 3892.34 (MB).
[INFO DRT-0199]   Number of violations = 7766.
Viol/Layer        mcon   met1    via   met2   met3   met4
Cut Spacing          2      0      1      0      0      0
Metal Spacing        0    532      0    696     35      1
Short                0   4146      0   2240     88     25
[INFO DRT-0267] cpu time = 00:06:06, elapsed time = 00:00:30, memory = 3892.34 (MB), peak = 5253.04 (MB)
Total wire length = 1229906 um.
Total wire length on LAYER li1 = 0 um.
Total wire length on LAYER met1 = 404820 um.
Total wire length on LAYER met2 = 492693 um.
Total wire length on LAYER met3 = 183619 um.
Total wire length on LAYER met4 = 146593 um.
Total wire length on LAYER met5 = 2179 um.
Total number of vias = 233110.
Up-via summary (total 233110):

-------------------------
 FR_MASTERSLICE         0
            li1     97944
           met1    111908
           met2     17267
           met3      5902
           met4        89
-------------------------
               233110


[INFO DRT-0195] Start 2nd optimization iteration.
    Completing 10% with 7766 violations.
    elapsed time = 00:00:00, memory = 5113.18 (MB).
    Completing 20% with 7766 violations.
    elapsed time = 00:00:01, memory = 4648.87 (MB).
    Completing 30% with 7594 violations.
    elapsed time = 00:00:05, memory = 3892.84 (MB).
    Completing 40% with 7594 violations.
    elapsed time = 00:00:06, memory = 4926.05 (MB).
    Completing 50% with 7594 violations.
    elapsed time = 00:00:08, memory = 4163.41 (MB).
    Completing 60% with 7468 violations.
    elapsed time = 00:00:14, memory = 3899.00 (MB).
    Completing 70% with 7468 violations.
    elapsed time = 00:00:15, memory = 4652.86 (MB).
    Completing 80% with 7285 violations.
    elapsed time = 00:00:19, memory = 3907.04 (MB).
    Completing 90% with 7285 violations.
    elapsed time = 00:00:20, memory = 4718.30 (MB).
    Completing 100% with 7233 violations.
    elapsed time = 00:00:26, memory = 3907.11 (MB).
[INFO DRT-0199]   Number of violations = 7233.
Viol/Layer        mcon   met1   met2   met3   met4
Cut Spacing          2      0      0      0      0
Metal Spacing        0    491    622     38      0
Short                0   3924   2088     42     26
[INFO DRT-0267] cpu time = 00:04:50, elapsed time = 00:00:27, memory = 3910.11 (MB), peak = 5253.04 (MB)
Total wire length = 1229084 um.
Total wire length on LAYER li1 = 0 um.
Total wire length on LAYER met1 = 404300 um.
Total wire length on LAYER met2 = 492459 um.
Total wire length on LAYER met3 = 183416 um.
Total wire length on LAYER met4 = 146727 um.
Total wire length on LAYER met5 = 2180 um.
Total number of vias = 232840.
Up-via summary (total 232840):

-------------------------
 FR_MASTERSLICE         0
            li1     97950
           met1    111683
           met2     17226
           met3      5892
           met4        89
-------------------------
               232840


[INFO DRT-0195] Start 3rd optimization iteration.
    Completing 10% with 7233 violations.
    elapsed time = 00:00:01, memory = 5024.14 (MB).
    Completing 20% with 7233 violations.
    elapsed time = 00:00:06, memory = 4253.80 (MB).
    Completing 30% with 5915 violations.
    elapsed time = 00:00:14, memory = 5044.19 (MB).
    Completing 40% with 5915 violations.
    elapsed time = 00:00:16, memory = 4677.75 (MB).
    Completing 50% with 5915 violations.
    elapsed time = 00:00:30, memory = 3924.19 (MB).
    Completing 60% with 4399 violations.
    elapsed time = 00:00:31, memory = 4864.03 (MB).
    Completing 70% with 4399 violations.
    elapsed time = 00:00:36, memory = 4292.57 (MB).
    Completing 80% with 3267 violations.
    elapsed time = 00:00:52, memory = 5020.74 (MB).
    Completing 90% with 3267 violations.
    elapsed time = 00:00:53, memory = 4531.36 (MB).
    Completing 100% with 2113 violations.
    elapsed time = 00:01:07, memory = 3936.61 (MB).
[INFO DRT-0199]   Number of violations = 2113.
Viol/Layer        mcon   met1    via   met2   met3   met4
Cut Spacing          7      0      2      0      0      0
Metal Spacing        0    390      0    213      9      0
Min Hole             0      0      0      2      0      0
Short                0   1039      0    445      2      4
[INFO DRT-0267] cpu time = 00:09:28, elapsed time = 00:01:07, memory = 3936.61 (MB), peak = 5253.04 (MB)
Total wire length = 1229361 um.
Total wire length on LAYER li1 = 0 um.
Total wire length on LAYER met1 = 394121 um.
Total wire length on LAYER met2 = 486157 um.
Total wire length on LAYER met3 = 193734 um.
Total wire length on LAYER met4 = 153159 um.
Total wire length on LAYER met5 = 2188 um.
Total number of vias = 235545.
Up-via summary (total 235545):

-------------------------
 FR_MASTERSLICE         0
            li1     97934
           met1    112114
           met2     18919
           met3      6489
           met4        89
-------------------------
               235545


[INFO DRT-0195] Start 4th optimization iteration.
    Completing 10% with 2113 violations.
    elapsed time = 00:00:00, memory = 3936.61 (MB).
    Completing 20% with 2113 violations.
    elapsed time = 00:00:01, memory = 4243.77 (MB).
    Completing 30% with 1636 violations.
    elapsed time = 00:00:04, memory = 3939.27 (MB).
    Completing 40% with 1636 violations.
    elapsed time = 00:00:04, memory = 3939.27 (MB).
    Completing 50% with 1636 violations.
    elapsed time = 00:00:17, memory = 3957.36 (MB).
    Completing 60% with 1280 violations.
    elapsed time = 00:00:17, memory = 3957.36 (MB).
    Completing 70% with 1280 violations.
    elapsed time = 00:00:18, memory = 4253.44 (MB).
    Completing 80% with 849 violations.
    elapsed time = 00:00:25, memory = 3940.25 (MB).
    Completing 90% with 849 violations.
    elapsed time = 00:00:25, memory = 3940.25 (MB).
    Completing 100% with 500 violations.
    elapsed time = 00:00:33, memory = 3940.25 (MB).
[INFO DRT-0199]   Number of violations = 500.
Viol/Layer        mcon   met1   met2
Cut Spacing          1      0      0
Metal Spacing        0    150     37
Short                0    252     60
[INFO DRT-0267] cpu time = 00:02:53, elapsed time = 00:00:33, memory = 3940.25 (MB), peak = 5253.04 (MB)
Total wire length = 1229290 um.
Total wire length on LAYER li1 = 0 um.
Total wire length on LAYER met1 = 392617 um.
Total wire length on LAYER met2 = 485069 um.
Total wire length on LAYER met3 = 195169 um.
Total wire length on LAYER met4 = 154245 um.
Total wire length on LAYER met5 = 2188 um.
Total number of vias = 235747.
Up-via summary (total 235747):

-------------------------
 FR_MASTERSLICE         0
            li1     97948
           met1    112016
           met2     19138
           met3      6556
           met4        89
-------------------------
               235747


[INFO DRT-0195] Start 5th optimization iteration.
    Completing 10% with 500 violations.
    elapsed time = 00:00:00, memory = 3940.25 (MB).
    Completing 20% with 500 violations.
    elapsed time = 00:00:00, memory = 3940.25 (MB).
    Completing 30% with 442 violations.
    elapsed time = 00:00:01, memory = 3940.25 (MB).
    Completing 40% with 442 violations.
    elapsed time = 00:00:01, memory = 3940.25 (MB).
    Completing 50% with 442 violations.
    elapsed time = 00:00:07, memory = 3940.25 (MB).
    Completing 60% with 300 violations.
    elapsed time = 00:00:07, memory = 3940.25 (MB).
    Completing 70% with 300 violations.
    elapsed time = 00:00:07, memory = 3940.25 (MB).
    Completing 80% with 240 violations.
    elapsed time = 00:00:14, memory = 3940.25 (MB).
    Completing 90% with 240 violations.
    elapsed time = 00:00:14, memory = 3940.25 (MB).
    Completing 100% with 161 violations.
    elapsed time = 00:00:20, memory = 3940.25 (MB).
[INFO DRT-0199]   Number of violations = 161.
Viol/Layer        mcon   met1   met2
Cut Spacing          1      0      0
Metal Spacing        0     69      8
Short                0     79      4
[INFO DRT-0267] cpu time = 00:01:02, elapsed time = 00:00:20, memory = 3940.25 (MB), peak = 5253.04 (MB)
Total wire length = 1229223 um.
Total wire length on LAYER li1 = 0 um.
Total wire length on LAYER met1 = 392306 um.
Total wire length on LAYER met2 = 484910 um.
Total wire length on LAYER met3 = 195399 um.
Total wire length on LAYER met4 = 154418 um.
Total wire length on LAYER met5 = 2188 um.
Total number of vias = 235805.
Up-via summary (total 235805):

-------------------------
 FR_MASTERSLICE         0
            li1     97953
           met1    112025
           met2     19164
           met3      6574
           met4        89
-------------------------
               235805


[INFO DRT-0195] Start 6th optimization iteration.
    Completing 10% with 161 violations.
    elapsed time = 00:00:00, memory = 3940.25 (MB).
    Completing 20% with 161 violations.
    elapsed time = 00:00:00, memory = 3940.25 (MB).
    Completing 30% with 156 violations.
    elapsed time = 00:00:01, memory = 3940.25 (MB).
    Completing 40% with 156 violations.
    elapsed time = 00:00:01, memory = 3940.25 (MB).
    Completing 50% with 156 violations.
    elapsed time = 00:00:04, memory = 3941.25 (MB).
    Completing 60% with 140 violations.
    elapsed time = 00:00:04, memory = 3941.25 (MB).
    Completing 70% with 140 violations.
    elapsed time = 00:00:04, memory = 3941.25 (MB).
    Completing 80% with 130 violations.
    elapsed time = 00:00:07, memory = 3941.77 (MB).
    Completing 90% with 130 violations.
    elapsed time = 00:00:07, memory = 3941.77 (MB).
    Completing 100% with 86 violations.
    elapsed time = 00:00:15, memory = 3941.77 (MB).
[INFO DRT-0199]   Number of violations = 86.
Viol/Layer        met1   met2
Metal Spacing       29      1
Short               54      2
[INFO DRT-0267] cpu time = 00:00:33, elapsed time = 00:00:15, memory = 3941.77 (MB), peak = 5253.04 (MB)
Total wire length = 1229226 um.
Total wire length on LAYER li1 = 0 um.
Total wire length on LAYER met1 = 392309 um.
Total wire length on LAYER met2 = 484877 um.
Total wire length on LAYER met3 = 195420 um.
Total wire length on LAYER met4 = 154430 um.
Total wire length on LAYER met5 = 2188 um.
Total number of vias = 235806.
Up-via summary (total 235806):

-------------------------
 FR_MASTERSLICE         0
            li1     97952
           met1    112024
           met2     19165
           met3      6576
           met4        89
-------------------------
               235806


[INFO DRT-0195] Start 7th guides tiles iteration.
    Completing 10% with 86 violations.
    elapsed time = 00:00:00, memory = 3941.77 (MB).
    Completing 20% with 86 violations.
    elapsed time = 00:00:00, memory = 3941.77 (MB).
    Completing 30% with 86 violations.
    elapsed time = 00:00:01, memory = 3941.77 (MB).
    Completing 40% with 86 violations.
    elapsed time = 00:00:01, memory = 3941.77 (MB).
    Completing 50% with 43 violations.
    elapsed time = 00:00:02, memory = 3941.77 (MB).
    Completing 60% with 43 violations.
    elapsed time = 00:00:02, memory = 3941.77 (MB).
    Completing 70% with 43 violations.
    elapsed time = 00:00:06, memory = 3941.77 (MB).
    Completing 80% with 42 violations.
    elapsed time = 00:00:06, memory = 3941.77 (MB).
    Completing 90% with 42 violations.
    elapsed time = 00:00:06, memory = 3941.77 (MB).
    Completing 100% with 36 violations.
    elapsed time = 00:00:07, memory = 3941.77 (MB).
[INFO DRT-0199]   Number of violations = 36.
Viol/Layer        met1
Metal Spacing       22
Short               14
[INFO DRT-0267] cpu time = 00:00:15, elapsed time = 00:00:07, memory = 3941.77 (MB), peak = 5253.04 (MB)
Total wire length = 1229241 um.
Total wire length on LAYER li1 = 0 um.
Total wire length on LAYER met1 = 392336 um.
Total wire length on LAYER met2 = 484881 um.
Total wire length on LAYER met3 = 195412 um.
Total wire length on LAYER met4 = 154422 um.
Total wire length on LAYER met5 = 2188 um.
Total number of vias = 235825.
Up-via summary (total 235825):

-------------------------
 FR_MASTERSLICE         0
            li1     97953
           met1    112042
           met2     19160
           met3      6581
           met4        89
-------------------------
               235825


[INFO DRT-0195] Start 8th guides tiles iteration.
    Completing 10% with 36 violations.
    elapsed time = 00:00:00, memory = 3941.77 (MB).
    Completing 20% with 36 violations.
    elapsed time = 00:00:00, memory = 3941.77 (MB).
    Completing 30% with 36 violations.
    elapsed time = 00:00:00, memory = 3941.77 (MB).
    Completing 50% with 36 violations.
    elapsed time = 00:00:00, memory = 3941.77 (MB).
    Completing 60% with 16 violations.
    elapsed time = 00:00:00, memory = 3941.77 (MB).
    Completing 70% with 16 violations.
    elapsed time = 00:00:00, memory = 3941.77 (MB).
    Completing 80% with 16 violations.
    elapsed time = 00:00:01, memory = 3941.77 (MB).
    Completing 100% with 16 violations.
    elapsed time = 00:00:01, memory = 3941.77 (MB).
[INFO DRT-0199]   Number of violations = 16.
Viol/Layer        met1
Metal Spacing       11
Short                5
[INFO DRT-0267] cpu time = 00:00:04, elapsed time = 00:00:01, memory = 3941.77 (MB), peak = 5253.04 (MB)
Total wire length = 1229238 um.
Total wire length on LAYER li1 = 0 um.
Total wire length on LAYER met1 = 392332 um.
Total wire length on LAYER met2 = 484882 um.
Total wire length on LAYER met3 = 195412 um.
Total wire length on LAYER met4 = 154422 um.
Total wire length on LAYER met5 = 2188 um.
Total number of vias = 235827.
Up-via summary (total 235827):

-------------------------
 FR_MASTERSLICE         0
            li1     97953
           met1    112044
           met2     19160
           met3      6581
           met4        89
-------------------------
               235827


[INFO DRT-0195] Start 9th guides tiles iteration.
    Completing 10% with 16 violations.
    elapsed time = 00:00:00, memory = 3941.77 (MB).
    Completing 30% with 16 violations.
    elapsed time = 00:00:00, memory = 3941.77 (MB).
    Completing 50% with 16 violations.
    elapsed time = 00:00:00, memory = 3941.77 (MB).
    Completing 60% with 16 violations.
    elapsed time = 00:00:00, memory = 3941.77 (MB).
    Completing 80% with 16 violations.
    elapsed time = 00:00:01, memory = 3941.77 (MB).
    Completing 100% with 16 violations.
    elapsed time = 00:00:01, memory = 3941.77 (MB).
[INFO DRT-0199]   Number of violations = 16.
Viol/Layer        met1
Metal Spacing       11
Short                5
[INFO DRT-0267] cpu time = 00:00:03, elapsed time = 00:00:01, memory = 3941.77 (MB), peak = 5253.04 (MB)
Total wire length = 1229238 um.
Total wire length on LAYER li1 = 0 um.
Total wire length on LAYER met1 = 392331 um.
Total wire length on LAYER met2 = 484882 um.
Total wire length on LAYER met3 = 195412 um.
Total wire length on LAYER met4 = 154422 um.
Total wire length on LAYER met5 = 2188 um.
Total number of vias = 235827.
Up-via summary (total 235827):

-------------------------
 FR_MASTERSLICE         0
            li1     97953
           met1    112044
           met2     19160
           met3      6581
           met4        89
-------------------------
               235827


[INFO DRT-0195] Start 10th guides tiles iteration.
    Completing 10% with 16 violations.
    elapsed time = 00:00:00, memory = 3941.77 (MB).
    Completing 30% with 16 violations.
    elapsed time = 00:00:00, memory = 3941.77 (MB).
    Completing 50% with 16 violations.
    elapsed time = 00:00:00, memory = 3941.77 (MB).
    Completing 60% with 11 violations.
    elapsed time = 00:00:00, memory = 3941.77 (MB).
    Completing 80% with 11 violations.
    elapsed time = 00:00:00, memory = 3941.77 (MB).
    Completing 100% with 2 violations.
    elapsed time = 00:00:00, memory = 3941.77 (MB).
[INFO DRT-0199]   Number of violations = 2.
Viol/Layer        met1
Short                2
[INFO DRT-0267] cpu time = 00:00:02, elapsed time = 00:00:00, memory = 3941.77 (MB), peak = 5253.04 (MB)
Total wire length = 1229236 um.
Total wire length on LAYER li1 = 0 um.
Total wire length on LAYER met1 = 392300 um.
Total wire length on LAYER met2 = 484885 um.
Total wire length on LAYER met3 = 195439 um.
Total wire length on LAYER met4 = 154422 um.
Total wire length on LAYER met5 = 2188 um.
Total number of vias = 235834.
Up-via summary (total 235834):

-------------------------
 FR_MASTERSLICE         0
            li1     97953
           met1    112048
           met2     19163
           met3      6581
           met4        89
-------------------------
               235834


[INFO DRT-0195] Start 11th guides tiles iteration.
    Completing 20% with 2 violations.
    elapsed time = 00:00:00, memory = 3941.77 (MB).
    Completing 50% with 2 violations.
    elapsed time = 00:00:00, memory = 3941.77 (MB).
    Completing 70% with 2 violations.
    elapsed time = 00:00:00, memory = 3941.77 (MB).
    Completing 100% with 2 violations.
    elapsed time = 00:00:00, memory = 3941.77 (MB).
[INFO DRT-0199]   Number of violations = 2.
Viol/Layer        met1
Short                2
[INFO DRT-0267] cpu time = 00:00:01, elapsed time = 00:00:00, memory = 3941.77 (MB), peak = 5253.04 (MB)
Total wire length = 1229234 um.
Total wire length on LAYER li1 = 0 um.
Total wire length on LAYER met1 = 392298 um.
Total wire length on LAYER met2 = 484885 um.
Total wire length on LAYER met3 = 195439 um.
Total wire length on LAYER met4 = 154422 um.
Total wire length on LAYER met5 = 2188 um.
Total number of vias = 235834.
Up-via summary (total 235834):

-------------------------
 FR_MASTERSLICE         0
            li1     97953
           met1    112048
           met2     19163
           met3      6581
           met4        89
-------------------------
               235834


[INFO DRT-0195] Start 12th stubborn tiles iteration.
    Completing 10% with 2 violations.
    elapsed time = 00:00:00, memory = 5021.93 (MB).
    Completing 20% with 2 violations.
    elapsed time = 00:00:00, memory = 5082.49 (MB).
    Completing 30% with 2 violations.
    elapsed time = 00:00:01, memory = 5147.26 (MB).
    Completing 40% with 2 violations.
    elapsed time = 00:00:01, memory = 5141.61 (MB).
    Completing 50% with 2 violations.
    elapsed time = 00:00:01, memory = 5139.53 (MB).
    Completing 60% with 2 violations.
    elapsed time = 00:00:04, memory = 5317.08 (MB).
    Completing 70% with 2 violations.
    elapsed time = 00:00:04, memory = 5272.55 (MB).
    Completing 80% with 2 violations.
    elapsed time = 00:00:07, memory = 5049.20 (MB).
    Completing 90% with 2 violations.
    elapsed time = 00:00:07, memory = 4620.57 (MB).
    Completing 100% with 0 violations.
    elapsed time = 00:00:15, memory = 4198.51 (MB).
[INFO DRT-0199]   Number of violations = 0.
[INFO DRT-0267] cpu time = 00:03:41, elapsed time = 00:00:15, memory = 4198.51 (MB), peak = 5433.72 (MB)
Total wire length = 1229227 um.
Total wire length on LAYER li1 = 0 um.
Total wire length on LAYER met1 = 392298 um.
Total wire length on LAYER met2 = 484884 um.
Total wire length on LAYER met3 = 195446 um.
Total wire length on LAYER met4 = 154409 um.
Total wire length on LAYER met5 = 2188 um.
Total number of vias = 235832.
Up-via summary (total 235832):

-------------------------
 FR_MASTERSLICE         0
            li1     97954
           met1    112046
           met2     19166
           met3      6577
           met4        89
-------------------------
               235832


[INFO DRT-0198] Complete detail routing.
Total wire length = 1229227 um.
Total wire length on LAYER li1 = 0 um.
Total wire length on LAYER met1 = 392298 um.
Total wire length on LAYER met2 = 484884 um.
Total wire length on LAYER met3 = 195446 um.
Total wire length on LAYER met4 = 154409 um.
Total wire length on LAYER met5 = 2188 um.
Total number of vias = 235832.
Up-via summary (total 235832):

-------------------------
 FR_MASTERSLICE         0
            li1     97954
           met1    112046
           met2     19166
           met3      6577
           met4        89
-------------------------
               235832


[INFO DRT-0267] cpu time = 00:36:56, elapsed time = 00:04:25, memory = 4198.51 (MB), peak = 5433.72 (MB)

[INFO DRT-0180] Post processing.
[INFO DRT-0501] Runtime: 286.28s
[INFO ANT-0002] Found 15 net violations.
[INFO ANT-0001] Found 19 pin violations.
[INFO GRT-0012] Found 15 antenna violations.
[INFO DPL-0006] Core area: 416927.37 um^2
[INFO DPL-0007] Movable instances area: 0.00 um^2
[INFO DPL-0008] Fixed instances area within core: 240979.87 um^2
[INFO DPL-0009] Utilization: 57.8%
[INFO DPL-0005] Diamond search max displacement: +/- 500 sites horizontally, +/- 100 rows vertically.
[INFO DPL-1102] Legalizing using negotiation legalizer.
[INFO DPL-1103] Negotiation base search window: +/-20 sites horizontally, +/-5 rows vertically 
	Automatic search window extension enabled.
	Search window extendable up to the max displacement cap of +/-500 sites, +/-100 rows near walls.
[INFO DPL-1104] NegotiationLegalizer DRC penalty: 5.
[INFO DPL-0392] Negotiation cell height distribution (1 unique row-count(s)):
[INFO DPL-0393]   height 1 row(s): 32937 cells
[INFO DPL-0500] Runtime: 0.08s
[INFO GRT-0015] Inserted 19 diodes.
[WARNING DRT-0120] Large net net227 has 115 pins which may impact routing performance. Consider optimization.
[WARNING DRT-0120] Large net net2888 has 171 pins which may impact routing performance. Consider optimization.
[WARNING DRT-0120] Large net net2892 has 164 pins which may impact routing performance. Consider optimization.
[WARNING DRT-0120] Large net net2894 has 155 pins which may impact routing performance. Consider optimization.
[WARNING DRT-0120] Large net net2895 has 156 pins which may impact routing performance. Consider optimization.
[WARNING DRT-0120] Large net net2902 has 126 pins which may impact routing performance. Consider optimization.
[WARNING DRT-0120] Large net net2904 has 147 pins which may impact routing performance. Consider optimization.
[WARNING DRT-0120] Large net net2910 has 108 pins which may impact routing performance. Consider optimization.
[INFO DRT-0024]   Complete FR_MASTERSLICE.
[INFO DRT-0024]   Complete Fr_VIA.
[INFO DRT-0024]   Complete li1.
[INFO DRT-0024]   Complete mcon.
[INFO DRT-0024]   Complete met1.
[INFO DRT-0024]   Complete via.
[INFO DRT-0024]   Complete met2.
[INFO DRT-0024]   Complete via2.
[INFO DRT-0024]   Complete met3.
[INFO DRT-0024]   Complete via3.
[INFO DRT-0024]   Complete met4.
[INFO DRT-0024]   Complete via4.
[INFO DRT-0024]   Complete met5.
[INFO DRT-0165] Start pin access.
[INFO DRT-0076]   Complete 1000 pins.
[INFO DRT-0076]   Complete 2000 pins.
[INFO DRT-0078]   Complete 2170 pins.
[INFO DRT-0079]   Complete 100 unique inst patterns.
[INFO DRT-0079]   Complete 200 unique inst patterns.
[INFO DRT-0081]   Complete 269 unique inst patterns.
[INFO DRT-0082]   Complete 10000 groups.
[INFO DRT-0084]   Complete 17099 groups.
#scanned instances     = 32937
#unique  instances     = 269
#stdCellGenAp          = 8734
#stdCellValidPlanarAp  = 117
#stdCellValidViaAp     = 6399
#stdCellPinNoAp        = 0
#stdCellPinCnt         = 99086
#instTermValidViaApCnt = 0
#macroGenAp            = 0
#macroValidPlanarAp    = 0
#macroValidViaAp       = 0
#macroNoAp             = 0
[INFO DRT-0166] Complete pin access.
[INFO DRT-0267] cpu time = 00:06:56, elapsed time = 00:00:15, memory = 4128.94 (MB), peak = 5433.72 (MB)
[INFO DRT-0156] guideIn read 100000 guides.
[INFO DRT-0156] guideIn read 200000 guides.

[INFO DRT-0157] Number of guides:     239814

[INFO DRT-0169] Post process guides.
[INFO DRT-0176] GCELLGRID X 0 DO 94 STEP 6900 ;
[INFO DRT-0177] GCELLGRID Y 0 DO 94 STEP 6900 ;
[INFO DRT-0026]   Complete 100000 origin guides.
[INFO DRT-0026]   Complete 200000 origin guides.
[INFO DRT-0028]   Complete FR_MASTERSLICE.
[INFO DRT-0028]   Complete Fr_VIA.
[INFO DRT-0028]   Complete li1.
[INFO DRT-0028]   Complete mcon.
[INFO DRT-0028]   Complete met1.
[INFO DRT-0028]   Complete via.
[INFO DRT-0028]   Complete met2.
[INFO DRT-0028]   Complete via2.
[INFO DRT-0028]   Complete met3.
[INFO DRT-0028]   Complete via3.
[INFO DRT-0028]   Complete met4.
[INFO DRT-0028]   Complete via4.
[INFO DRT-0028]   Complete met5.
[INFO DRT-0178] Init guide query.
[INFO DRT-0035]   Complete FR_MASTERSLICE (guide).
[INFO DRT-0035]   Complete Fr_VIA (guide).
[INFO DRT-0035]   Complete li1 (guide).
[INFO DRT-0035]   Complete mcon (guide).
[INFO DRT-0035]   Complete met1 (guide).
[INFO DRT-0035]   Complete via (guide).
[INFO DRT-0035]   Complete met2 (guide).
[INFO DRT-0035]   Complete via2 (guide).
[INFO DRT-0035]   Complete met3 (guide).
[INFO DRT-0035]   Complete via3 (guide).
[INFO DRT-0035]   Complete met4 (guide).
[INFO DRT-0035]   Complete via4 (guide).
[INFO DRT-0035]   Complete met5 (guide).
[INFO DRT-0036] FR_MASTERSLICE guide region query size = 0.
[INFO DRT-0036] FR_VIA guide region query size = 0.
[INFO DRT-0036] li1 guide region query size = 76871.
[INFO DRT-0036] mcon guide region query size = 0.
[INFO DRT-0036] met1 guide region query size = 68803.
[INFO DRT-0036] via guide region query size = 0.
[INFO DRT-0036] met2 guide region query size = 38049.
[INFO DRT-0036] via2 guide region query size = 0.
[INFO DRT-0036] met3 guide region query size = 6430.
[INFO DRT-0036] via3 guide region query size = 0.
[INFO DRT-0036] met4 guide region query size = 2722.
[INFO DRT-0036] via4 guide region query size = 0.
[INFO DRT-0036] met5 guide region query size = 73.
[INFO DRT-0179] Init gr pin query.
[INFO DRT-0267] cpu time = 00:00:01, elapsed time = 00:00:00, memory = 4128.94 (MB), peak = 5433.72 (MB)
[INFO DRT-0245] skipped writing guide updates to database.
[INFO DRT-0181] Start track assignment.
[INFO DRT-0184] Done with 117642 vertical wires in 2 frboxes and 75306 horizontal wires in 2 frboxes.
[INFO DRT-0186] Done with 21010 vertical wires in 2 frboxes and 25502 horizontal wires in 2 frboxes.
[INFO DRT-0182] Complete track assignment.
[INFO DRT-0267] cpu time = 00:00:08, elapsed time = 00:00:04, memory = 4221.12 (MB), peak = 5433.72 (MB)
[INFO DRT-0187] Start routing data preparation.
[INFO DRT-0267] cpu time = 00:00:00, elapsed time = 00:00:00, memory = 4221.12 (MB), peak = 5433.72 (MB)
[INFO DRT-0194] Start detail routing.
[INFO DRT-0195] Start 0th optimization iteration.
    Completing 10% with 0 violations.
    elapsed time = 00:00:01, memory = 5279.29 (MB).
    Completing 20% with 0 violations.
    elapsed time = 00:00:01, memory = 4467.08 (MB).
    Completing 30% with 974 violations.
    elapsed time = 00:00:03, memory = 5387.29 (MB).
    Completing 40% with 974 violations.
    elapsed time = 00:00:04, memory = 4917.41 (MB).
    Completing 50% with 974 violations.
    elapsed time = 00:00:05, memory = 4168.50 (MB).
    Completing 60% with 1730 violations.
    elapsed time = 00:00:06, memory = 5002.59 (MB).
    Completing 70% with 1730 violations.
    elapsed time = 00:00:07, memory = 4527.20 (MB).
    Completing 80% with 2551 violations.
    elapsed time = 00:00:14, memory = 5231.24 (MB).
    Completing 90% with 2551 violations.
    elapsed time = 00:00:15, memory = 4812.35 (MB).
    Completing 100% with 3144 violations.
    elapsed time = 00:00:19, memory = 4173.39 (MB).
[INFO DRT-0199]   Number of violations = 3588.
Viol/Layer        met1    via   met2   met3   met4
Metal Spacing      190      0    172     17      5
Min Hole             4      0      0      0      0
Recheck            209      0    177     38     20
Short             1503      2   1071    112     68
[INFO DRT-0267] cpu time = 00:03:33, elapsed time = 00:00:19, memory = 4173.39 (MB), peak = 5433.72 (MB)
Total wire length = 1230147 um.
Total wire length on LAYER li1 = 0 um.
Total wire length on LAYER met1 = 395394 um.
Total wire length on LAYER met2 = 486272 um.
Total wire length on LAYER met3 = 193187 um.
Total wire length on LAYER met4 = 153056 um.
Total wire length on LAYER met5 = 2236 um.
Total number of vias = 235648.
Up-via summary (total 235648):

-------------------------
 FR_MASTERSLICE         0
            li1     97973
           met1    112251
           met2     18862
           met3      6471
           met4        91
-------------------------
               235648


[INFO DRT-0195] Start 1st optimization iteration.
    Completing 10% with 3588 violations.
    elapsed time = 00:00:00, memory = 5291.21 (MB).
    Completing 20% with 3588 violations.
    elapsed time = 00:00:01, memory = 4591.88 (MB).
    Completing 30% with 2916 violations.
    elapsed time = 00:00:03, memory = 5182.88 (MB).
    Completing 40% with 2916 violations.
    elapsed time = 00:00:04, memory = 4966.54 (MB).
    Completing 50% with 2916 violations.
    elapsed time = 00:00:05, memory = 4208.67 (MB).
    Completing 60% with 2462 violations.
    elapsed time = 00:00:07, memory = 5061.03 (MB).
    Completing 70% with 2462 violations.
    elapsed time = 00:00:07, memory = 4587.74 (MB).
    Completing 80% with 1945 violations.
    elapsed time = 00:00:12, memory = 5248.48 (MB).
    Completing 90% with 1945 violations.
    elapsed time = 00:00:12, memory = 4774.88 (MB).
    Completing 100% with 1420 violations.
    elapsed time = 00:00:17, memory = 4257.02 (MB).
[INFO DRT-0199]   Number of violations = 1420.
Viol/Layer        mcon   met1   met2   met3   met4
Cut Spacing          1      0      0      0      0
Metal Spacing        0    129    110      7      1
Short                0    780    341     24     27
[INFO DRT-0267] cpu time = 00:03:14, elapsed time = 00:00:17, memory = 4257.02 (MB), peak = 5433.72 (MB)
Total wire length = 1229497 um.
Total wire length on LAYER li1 = 0 um.
Total wire length on LAYER met1 = 395001 um.
Total wire length on LAYER met2 = 485892 um.
Total wire length on LAYER met3 = 193217 um.
Total wire length on LAYER met4 = 153167 um.
Total wire length on LAYER met5 = 2219 um.
Total number of vias = 235512.
Up-via summary (total 235512):

-------------------------
 FR_MASTERSLICE         0
            li1     97976
           met1    112122
           met2     18843
           met3      6482
           met4        89
-------------------------
               235512


[INFO DRT-0195] Start 2nd optimization iteration.
    Completing 10% with 1420 violations.
    elapsed time = 00:00:00, memory = 4257.02 (MB).
    Completing 20% with 1420 violations.
    elapsed time = 00:00:00, memory = 4965.98 (MB).
    Completing 30% with 1405 violations.
    elapsed time = 00:00:03, memory = 4257.02 (MB).
    Completing 40% with 1405 violations.
    elapsed time = 00:00:03, memory = 4257.02 (MB).
    Completing 50% with 1405 violations.
    elapsed time = 00:00:04, memory = 4435.13 (MB).
    Completing 60% with 1331 violations.
    elapsed time = 00:00:10, memory = 4259.89 (MB).
    Completing 70% with 1331 violations.
    elapsed time = 00:00:11, memory = 4992.73 (MB).
    Completing 80% with 1221 violations.
    elapsed time = 00:00:14, memory = 4259.94 (MB).
    Completing 90% with 1221 violations.
    elapsed time = 00:00:15, memory = 5138.34 (MB).
    Completing 100% with 1141 violations.
    elapsed time = 00:00:15, memory = 4259.94 (MB).
[INFO DRT-0199]   Number of violations = 1141.
Viol/Layer        met1   met2   met3   met4
Metal Spacing       70    107      3      0
Short              628    268     35     30
[INFO DRT-0267] cpu time = 00:01:55, elapsed time = 00:00:16, memory = 4259.94 (MB), peak = 5433.72 (MB)
Total wire length = 1229500 um.
Total wire length on LAYER li1 = 0 um.
Total wire length on LAYER met1 = 394882 um.
Total wire length on LAYER met2 = 485898 um.
Total wire length on LAYER met3 = 193247 um.
Total wire length on LAYER met4 = 153252 um.
Total wire length on LAYER met5 = 2219 um.
Total number of vias = 235532.
Up-via summary (total 235532):

-------------------------
 FR_MASTERSLICE         0
            li1     97971
           met1    112140
           met2     18840
           met3      6492
           met4        89
-------------------------
               235532


[INFO DRT-0195] Start 3rd optimization iteration.
    Completing 10% with 1141 violations.
    elapsed time = 00:00:00, memory = 4259.94 (MB).
    Completing 20% with 1141 violations.
    elapsed time = 00:00:01, memory = 4584.69 (MB).
    Completing 30% with 897 violations.
    elapsed time = 00:00:10, memory = 4259.94 (MB).
    Completing 40% with 897 violations.
    elapsed time = 00:00:10, memory = 5003.21 (MB).
    Completing 50% with 897 violations.
    elapsed time = 00:00:16, memory = 4260.14 (MB).
    Completing 60% with 721 violations.
    elapsed time = 00:00:16, memory = 4260.14 (MB).
    Completing 70% with 721 violations.
    elapsed time = 00:00:17, memory = 4638.96 (MB).
    Completing 80% with 492 violations.
    elapsed time = 00:00:24, memory = 4260.14 (MB).
    Completing 90% with 492 violations.
    elapsed time = 00:00:25, memory = 4946.77 (MB).
    Completing 100% with 297 violations.
    elapsed time = 00:00:31, memory = 4260.14 (MB).
[INFO DRT-0199]   Number of violations = 297.
Viol/Layer        met1   met2   met3   met4
Metal Spacing       50     19      1      0
Short              151     54      9     13
[INFO DRT-0267] cpu time = 00:02:55, elapsed time = 00:00:31, memory = 4260.14 (MB), peak = 5433.72 (MB)
Total wire length = 1229553 um.
Total wire length on LAYER li1 = 0 um.
Total wire length on LAYER met1 = 393269 um.
Total wire length on LAYER met2 = 484905 um.
Total wire length on LAYER met3 = 194779 um.
Total wire length on LAYER met4 = 154348 um.
Total wire length on LAYER met5 = 2250 um.
Total number of vias = 236021.
Up-via summary (total 236021):

-------------------------
 FR_MASTERSLICE         0
            li1     97969
           met1    112197
           met2     19171
           met3      6595
           met4        89
-------------------------
               236021


[INFO DRT-0195] Start 4th optimization iteration.
    Completing 10% with 297 violations.
    elapsed time = 00:00:00, memory = 4260.14 (MB).
    Completing 20% with 297 violations.
    elapsed time = 00:00:00, memory = 4464.18 (MB).
    Completing 30% with 244 violations.
    elapsed time = 00:00:02, memory = 4260.14 (MB).
    Completing 40% with 244 violations.
    elapsed time = 00:00:02, memory = 4260.14 (MB).
    Completing 50% with 244 violations.
    elapsed time = 00:00:04, memory = 4260.14 (MB).
    Completing 60% with 164 violations.
    elapsed time = 00:00:04, memory = 4260.14 (MB).
    Completing 70% with 164 violations.
    elapsed time = 00:00:05, memory = 4566.48 (MB).
    Completing 80% with 90 violations.
    elapsed time = 00:00:10, memory = 4260.14 (MB).
    Completing 90% with 90 violations.
    elapsed time = 00:00:10, memory = 4260.14 (MB).
    Completing 100% with 60 violations.
    elapsed time = 00:00:13, memory = 4260.14 (MB).
[INFO DRT-0199]   Number of violations = 60.
Viol/Layer        met1   met2
Metal Spacing        7     10
Short               22     21
[INFO DRT-0267] cpu time = 00:00:48, elapsed time = 00:00:13, memory = 4260.14 (MB), peak = 5433.72 (MB)
Total wire length = 1229539 um.
Total wire length on LAYER li1 = 0 um.
Total wire length on LAYER met1 = 392937 um.
Total wire length on LAYER met2 = 484817 um.
Total wire length on LAYER met3 = 195126 um.
Total wire length on LAYER met4 = 154408 um.
Total wire length on LAYER met5 = 2250 um.
Total number of vias = 236072.
Up-via summary (total 236072):

-------------------------
 FR_MASTERSLICE         0
            li1     97971
           met1    112185
           met2     19219
           met3      6608
           met4        89
-------------------------
               236072


[INFO DRT-0195] Start 5th guides tiles iteration.
    Completing 10% with 60 violations.
    elapsed time = 00:00:00, memory = 4354.97 (MB).
    Completing 20% with 60 violations.
    elapsed time = 00:00:00, memory = 4354.97 (MB).
    Completing 30% with 60 violations.
    elapsed time = 00:00:01, memory = 4260.14 (MB).
    Completing 40% with 60 violations.
    elapsed time = 00:00:01, memory = 4260.14 (MB).
    Completing 50% with 60 violations.
    elapsed time = 00:00:02, memory = 4260.14 (MB).
    Completing 60% with 20 violations.
    elapsed time = 00:00:02, memory = 4260.14 (MB).
    Completing 70% with 20 violations.
    elapsed time = 00:00:02, memory = 4300.67 (MB).
    Completing 80% with 20 violations.
    elapsed time = 00:00:02, memory = 4260.14 (MB).
    Completing 90% with 20 violations.
    elapsed time = 00:00:04, memory = 4260.14 (MB).
    Completing 100% with 7 violations.
    elapsed time = 00:00:04, memory = 4260.14 (MB).
[INFO DRT-0199]   Number of violations = 7.
Viol/Layer        met1
Metal Spacing        4
Min Hole             1
Short                2
[INFO DRT-0267] cpu time = 00:00:10, elapsed time = 00:00:04, memory = 4260.14 (MB), peak = 5433.72 (MB)
Total wire length = 1229489 um.
Total wire length on LAYER li1 = 0 um.
Total wire length on LAYER met1 = 392600 um.
Total wire length on LAYER met2 = 484729 um.
Total wire length on LAYER met3 = 195294 um.
Total wire length on LAYER met4 = 154455 um.
Total wire length on LAYER met5 = 2410 um.
Total number of vias = 236080.
Up-via summary (total 236080):

-------------------------
 FR_MASTERSLICE         0
            li1     97971
           met1    112161
           met2     19242
           met3      6615
           met4        91
-------------------------
               236080


[INFO DRT-0195] Start 6th guides tiles iteration.
    Completing 20% with 7 violations.
    elapsed time = 00:00:00, memory = 4260.14 (MB).
    Completing 40% with 7 violations.
    elapsed time = 00:00:00, memory = 4260.14 (MB).
    Completing 60% with 7 violations.
    elapsed time = 00:00:00, memory = 4260.14 (MB).
    Completing 80% with 3 violations.
    elapsed time = 00:00:01, memory = 4260.14 (MB).
    Completing 100% with 3 violations.
    elapsed time = 00:00:01, memory = 4260.14 (MB).
[INFO DRT-0199]   Number of violations = 3.
Viol/Layer        met1
Metal Spacing        3
[INFO DRT-0267] cpu time = 00:00:03, elapsed time = 00:00:01, memory = 4260.14 (MB), peak = 5433.72 (MB)
Total wire length = 1229491 um.
Total wire length on LAYER li1 = 0 um.
Total wire length on LAYER met1 = 392601 um.
Total wire length on LAYER met2 = 484731 um.
Total wire length on LAYER met3 = 195292 um.
Total wire length on LAYER met4 = 154455 um.
Total wire length on LAYER met5 = 2410 um.
Total number of vias = 236083.
Up-via summary (total 236083):

-------------------------
 FR_MASTERSLICE         0
            li1     97971
           met1    112165
           met2     19241
           met3      6615
           met4        91
-------------------------
               236083


[INFO DRT-0195] Start 7th guides tiles iteration.
    Completing 50% with 3 violations.
    elapsed time = 00:00:00, memory = 4260.14 (MB).
    Completing 100% with 3 violations.
    elapsed time = 00:00:01, memory = 4260.14 (MB).
[INFO DRT-0199]   Number of violations = 3.
Viol/Layer        met1
Metal Spacing        3
[INFO DRT-0267] cpu time = 00:00:02, elapsed time = 00:00:01, memory = 4260.14 (MB), peak = 5433.72 (MB)
Total wire length = 1229491 um.
Total wire length on LAYER li1 = 0 um.
Total wire length on LAYER met1 = 392601 um.
Total wire length on LAYER met2 = 484731 um.
Total wire length on LAYER met3 = 195292 um.
Total wire length on LAYER met4 = 154455 um.
Total wire length on LAYER met5 = 2410 um.
Total number of vias = 236083.
Up-via summary (total 236083):

-------------------------
 FR_MASTERSLICE         0
            li1     97971
           met1    112165
           met2     19241
           met3      6615
           met4        91
-------------------------
               236083


[INFO DRT-0195] Start 8th stubborn tiles iteration.
    Completing 10% with 3 violations.
    elapsed time = 00:00:01, memory = 5726.78 (MB).
    Completing 20% with 3 violations.
    elapsed time = 00:00:01, memory = 5817.54 (MB).
    Completing 30% with 3 violations.
    elapsed time = 00:00:02, memory = 5747.29 (MB).
    Completing 40% with 3 violations.
    elapsed time = 00:00:04, memory = 5600.91 (MB).
    Completing 50% with 3 violations.
    elapsed time = 00:00:07, memory = 5404.04 (MB).
    Completing 60% with 3 violations.
    elapsed time = 00:00:09, memory = 5268.29 (MB).
    Completing 70% with 3 violations.
    elapsed time = 00:00:10, memory = 5081.71 (MB).
    Completing 80% with 3 violations.
    elapsed time = 00:00:14, memory = 4907.93 (MB).
    Completing 90% with 3 violations.
    elapsed time = 00:00:18, memory = 4558.59 (MB).
    Completing 100% with 0 violations.
    elapsed time = 00:00:22, memory = 4305.98 (MB).
[INFO DRT-0199]   Number of violations = 0.
[INFO DRT-0267] cpu time = 00:05:49, elapsed time = 00:00:23, memory = 4305.98 (MB), peak = 5820.70 (MB)
Total wire length = 1229492 um.
Total wire length on LAYER li1 = 0 um.
Total wire length on LAYER met1 = 392589 um.
Total wire length on LAYER met2 = 484738 um.
Total wire length on LAYER met3 = 195298 um.
Total wire length on LAYER met4 = 154455 um.
Total wire length on LAYER met5 = 2410 um.
Total number of vias = 236085.
Up-via summary (total 236085):

-------------------------
 FR_MASTERSLICE         0
            li1     97971
           met1    112166
           met2     19242
           met3      6615
           met4        91
-------------------------
               236085


[INFO DRT-0198] Complete detail routing.
Total wire length = 1229492 um.
Total wire length on LAYER li1 = 0 um.
Total wire length on LAYER met1 = 392589 um.
Total wire length on LAYER met2 = 484738 um.
Total wire length on LAYER met3 = 195298 um.
Total wire length on LAYER met4 = 154455 um.
Total wire length on LAYER met5 = 2410 um.
Total number of vias = 236085.
Up-via summary (total 236085):

-------------------------
 FR_MASTERSLICE         0
            li1     97971
           met1    112166
           met2     19242
           met3      6615
           met4        91
-------------------------
               236085


[INFO DRT-0267] cpu time = 00:18:32, elapsed time = 00:02:09, memory = 4305.98 (MB), peak = 5820.70 (MB)

[INFO DRT-0180] Post processing.
[INFO DRT-0501] Runtime: 151.10s
[INFO ANT-0002] Found 4 net violations.
[INFO ANT-0001] Found 5 pin violations.
[INFO GRT-0012] Found 4 antenna violations.
[INFO DPL-0006] Core area: 416927.37 um^2
[INFO DPL-0007] Movable instances area: 2.50 um^2
[INFO DPL-0008] Fixed instances area within core: 240989.88 um^2
[INFO DPL-0009] Utilization: 57.8%
[INFO DPL-0005] Diamond search max displacement: +/- 500 sites horizontally, +/- 100 rows vertically.
[INFO DPL-1102] Legalizing using negotiation legalizer.
[INFO DPL-1103] Negotiation base search window: +/-20 sites horizontally, +/-5 rows vertically 
	Automatic search window extension enabled.
	Search window extendable up to the max displacement cap of +/-500 sites, +/-100 rows near walls.
[INFO DPL-1104] NegotiationLegalizer DRC penalty: 5.
[INFO DPL-0392] Negotiation cell height distribution (1 unique row-count(s)):
[INFO DPL-0393]   height 1 row(s): 32942 cells
          |      Total |  Illegal |  Illegal
Iteration | Violations |    Cells |    Sites
---------------------------------------------
        0 |          0 |         0 |         0
Negotiation phase 1 converged at iteration 0.
[INFO DPL-0500] Runtime: 0.11s
[INFO GRT-0015] Inserted 5 diodes.
[WARNING DRT-0120] Large net net227 has 115 pins which may impact routing performance. Consider optimization.
[WARNING DRT-0120] Large net net2888 has 171 pins which may impact routing performance. Consider optimization.
[WARNING DRT-0120] Large net net2892 has 164 pins which may impact routing performance. Consider optimization.
[WARNING DRT-0120] Large net net2894 has 155 pins which may impact routing performance. Consider optimization.
[WARNING DRT-0120] Large net net2895 has 156 pins which may impact routing performance. Consider optimization.
[WARNING DRT-0120] Large net net2902 has 126 pins which may impact routing performance. Consider optimization.
[WARNING DRT-0120] Large net net2904 has 147 pins which may impact routing performance. Consider optimization.
[WARNING DRT-0120] Large net net2910 has 108 pins which may impact routing performance. Consider optimization.
[INFO DRT-0024]   Complete FR_MASTERSLICE.
[INFO DRT-0024]   Complete Fr_VIA.
[INFO DRT-0024]   Complete li1.
[INFO DRT-0024]   Complete mcon.
[INFO DRT-0024]   Complete met1.
[INFO DRT-0024]   Complete via.
[INFO DRT-0024]   Complete met2.
[INFO DRT-0024]   Complete via2.
[INFO DRT-0024]   Complete met3.
[INFO DRT-0024]   Complete via3.
[INFO DRT-0024]   Complete met4.
[INFO DRT-0024]   Complete via4.
[INFO DRT-0024]   Complete met5.
[INFO DRT-0165] Start pin access.
[INFO DRT-0076]   Complete 1000 pins.
[INFO DRT-0076]   Complete 2000 pins.
[INFO DRT-0078]   Complete 2170 pins.
[INFO DRT-0079]   Complete 100 unique inst patterns.
[INFO DRT-0079]   Complete 200 unique inst patterns.
[INFO DRT-0081]   Complete 269 unique inst patterns.
[INFO DRT-0082]   Complete 10000 groups.
[INFO DRT-0084]   Complete 17101 groups.
#scanned instances     = 32942
#unique  instances     = 269
#stdCellGenAp          = 8734
#stdCellValidPlanarAp  = 117
#stdCellValidViaAp     = 6399
#stdCellPinNoAp        = 0
#stdCellPinCnt         = 99086
#instTermValidViaApCnt = 0
#macroGenAp            = 0
#macroValidPlanarAp    = 0
#macroValidViaAp       = 0
#macroNoAp             = 0
[INFO DRT-0166] Complete pin access.
[INFO DRT-0267] cpu time = 00:06:54, elapsed time = 00:00:15, memory = 4272.59 (MB), peak = 5820.70 (MB)
[INFO DRT-0156] guideIn read 100000 guides.
[INFO DRT-0156] guideIn read 200000 guides.

[INFO DRT-0157] Number of guides:     239841

[INFO DRT-0169] Post process guides.
[INFO DRT-0176] GCELLGRID X 0 DO 94 STEP 6900 ;
[INFO DRT-0177] GCELLGRID Y 0 DO 94 STEP 6900 ;
[INFO DRT-0026]   Complete 100000 origin guides.
[INFO DRT-0026]   Complete 200000 origin guides.
[INFO DRT-0028]   Complete FR_MASTERSLICE.
[INFO DRT-0028]   Complete Fr_VIA.
[INFO DRT-0028]   Complete li1.
[INFO DRT-0028]   Complete mcon.
[INFO DRT-0028]   Complete met1.
[INFO DRT-0028]   Complete via.
[INFO DRT-0028]   Complete met2.
[INFO DRT-0028]   Complete via2.
[INFO DRT-0028]   Complete met3.
[INFO DRT-0028]   Complete via3.
[INFO DRT-0028]   Complete met4.
[INFO DRT-0028]   Complete via4.
[INFO DRT-0028]   Complete met5.
[INFO DRT-0178] Init guide query.
[INFO DRT-0035]   Complete FR_MASTERSLICE (guide).
[INFO DRT-0035]   Complete Fr_VIA (guide).
[INFO DRT-0035]   Complete li1 (guide).
[INFO DRT-0035]   Complete mcon (guide).
[INFO DRT-0035]   Complete met1 (guide).
[INFO DRT-0035]   Complete via (guide).
[INFO DRT-0035]   Complete met2 (guide).
[INFO DRT-0035]   Complete via2 (guide).
[INFO DRT-0035]   Complete met3 (guide).
[INFO DRT-0035]   Complete via3 (guide).
[INFO DRT-0035]   Complete met4 (guide).
[INFO DRT-0035]   Complete via4 (guide).
[INFO DRT-0035]   Complete met5 (guide).
[INFO DRT-0036] FR_MASTERSLICE guide region query size = 0.
[INFO DRT-0036] FR_VIA guide region query size = 0.
[INFO DRT-0036] li1 guide region query size = 76874.
[INFO DRT-0036] mcon guide region query size = 0.
[INFO DRT-0036] met1 guide region query size = 68802.
[INFO DRT-0036] via guide region query size = 0.
[INFO DRT-0036] met2 guide region query size = 38052.
[INFO DRT-0036] via2 guide region query size = 0.
[INFO DRT-0036] met3 guide region query size = 6441.
[INFO DRT-0036] via3 guide region query size = 0.
[INFO DRT-0036] met4 guide region query size = 2727.
[INFO DRT-0036] via4 guide region query size = 0.
[INFO DRT-0036] met5 guide region query size = 74.
[INFO DRT-0179] Init gr pin query.
[INFO DRT-0267] cpu time = 00:00:01, elapsed time = 00:00:00, memory = 4272.59 (MB), peak = 5820.70 (MB)
[INFO DRT-0245] skipped writing guide updates to database.
[INFO DRT-0181] Start track assignment.
[INFO DRT-0184] Done with 117653 vertical wires in 2 frboxes and 75317 horizontal wires in 2 frboxes.
[INFO DRT-0186] Done with 21089 vertical wires in 2 frboxes and 25508 horizontal wires in 2 frboxes.
[INFO DRT-0182] Complete track assignment.
[INFO DRT-0267] cpu time = 00:00:08, elapsed time = 00:00:04, memory = 4311.88 (MB), peak = 5820.70 (MB)
[INFO DRT-0187] Start routing data preparation.
[INFO DRT-0267] cpu time = 00:00:00, elapsed time = 00:00:00, memory = 4311.88 (MB), peak = 5820.70 (MB)
[INFO DRT-0194] Start detail routing.
[INFO DRT-0195] Start 0th optimization iteration.
    Completing 10% with 0 violations.
    elapsed time = 00:00:00, memory = 5254.19 (MB).
    Completing 20% with 0 violations.
    elapsed time = 00:00:01, memory = 4579.80 (MB).
    Completing 30% with 56 violations.
    elapsed time = 00:00:03, memory = 5357.36 (MB).
    Completing 40% with 56 violations.
    elapsed time = 00:00:03, memory = 4990.62 (MB).
    Completing 50% with 56 violations.
    elapsed time = 00:00:04, memory = 4312.42 (MB).
    Completing 60% with 126 violations.
    elapsed time = 00:00:05, memory = 5070.45 (MB).
    Completing 70% with 126 violations.
    elapsed time = 00:00:05, memory = 4594.00 (MB).
    Completing 80% with 239 violations.
    elapsed time = 00:00:08, memory = 5432.95 (MB).
    Completing 90% with 239 violations.
    elapsed time = 00:00:08, memory = 4989.37 (MB).
    Completing 100% with 336 violations.
    elapsed time = 00:00:11, memory = 4312.42 (MB).
[INFO DRT-0199]   Number of violations = 374.
Viol/Layer        met1   met2   met3   met4   via4   met5
Metal Spacing       10     14      4      3      0      0
Recheck              6      9      8     11      0      4
Short              120    145     19     18      1      2
[INFO DRT-0267] cpu time = 00:02:28, elapsed time = 00:00:11, memory = 4312.42 (MB), peak = 5820.70 (MB)
Total wire length = 1229546 um.
Total wire length on LAYER li1 = 0 um.
Total wire length on LAYER met1 = 392783 um.
Total wire length on LAYER met2 = 484655 um.
Total wire length on LAYER met3 = 195154 um.
Total wire length on LAYER met4 = 154585 um.
Total wire length on LAYER met5 = 2367 um.
Total number of vias = 236054.
Up-via summary (total 236054):

-------------------------
 FR_MASTERSLICE         0
            li1     97977
           met1    112165
           met2     19222
           met3      6599
           met4        91
-------------------------
               236054


[INFO DRT-0195] Start 1st optimization iteration.
    Completing 10% with 374 violations.
    elapsed time = 00:00:00, memory = 5228.01 (MB).
    Completing 20% with 374 violations.
    elapsed time = 00:00:01, memory = 4672.41 (MB).
    Completing 30% with 344 violations.
    elapsed time = 00:00:02, memory = 5221.72 (MB).
    Completing 40% with 344 violations.
    elapsed time = 00:00:03, memory = 4970.17 (MB).
    Completing 50% with 344 violations.
    elapsed time = 00:00:04, memory = 4313.38 (MB).
    Completing 60% with 264 violations.
    elapsed time = 00:00:05, memory = 5163.38 (MB).
    Completing 70% with 264 violations.
    elapsed time = 00:00:05, memory = 4672.80 (MB).
    Completing 80% with 233 violations.
    elapsed time = 00:00:07, memory = 5357.23 (MB).
    Completing 90% with 233 violations.
    elapsed time = 00:00:07, memory = 4959.00 (MB).
    Completing 100% with 115 violations.
    elapsed time = 00:00:09, memory = 4313.38 (MB).
[INFO DRT-0199]   Number of violations = 115.
Viol/Layer        met1   met2   met3   met4
Metal Spacing        5     15      4      0
Short               41     34      4     12
[INFO DRT-0267] cpu time = 00:02:26, elapsed time = 00:00:10, memory = 4313.38 (MB), peak = 5820.70 (MB)
Total wire length = 1229470 um.
Total wire length on LAYER li1 = 0 um.
Total wire length on LAYER met1 = 392748 um.
Total wire length on LAYER met2 = 484615 um.
Total wire length on LAYER met3 = 195146 um.
Total wire length on LAYER met4 = 154592 um.
Total wire length on LAYER met5 = 2367 um.
Total number of vias = 236031.
Up-via summary (total 236031):

-------------------------
 FR_MASTERSLICE         0
            li1     97975
           met1    112142
           met2     19224
           met3      6599
           met4        91
-------------------------
               236031


[INFO DRT-0195] Start 2nd optimization iteration.
    Completing 10% with 115 violations.
    elapsed time = 00:00:00, memory = 4313.38 (MB).
    Completing 20% with 115 violations.
    elapsed time = 00:00:00, memory = 4313.38 (MB).
    Completing 30% with 104 violations.
    elapsed time = 00:00:00, memory = 4313.38 (MB).
    Completing 40% with 104 violations.
    elapsed time = 00:00:00, memory = 4313.38 (MB).
    Completing 50% with 104 violations.
    elapsed time = 00:00:01, memory = 4495.40 (MB).
    Completing 60% with 85 violations.
    elapsed time = 00:00:03, memory = 4313.38 (MB).
    Completing 70% with 85 violations.
    elapsed time = 00:00:03, memory = 4313.38 (MB).
    Completing 80% with 86 violations.
    elapsed time = 00:00:03, memory = 4313.38 (MB).
    Completing 90% with 86 violations.
    elapsed time = 00:00:03, memory = 4313.38 (MB).
    Completing 100% with 86 violations.
    elapsed time = 00:00:04, memory = 4313.38 (MB).
[INFO DRT-0199]   Number of violations = 86.
Viol/Layer        met1   met2   met3   met4
Metal Spacing        3      6      3      0
Short               40     20      4     10
[INFO DRT-0267] cpu time = 00:00:15, elapsed time = 00:00:04, memory = 4313.38 (MB), peak = 5820.70 (MB)
Total wire length = 1229459 um.
Total wire length on LAYER li1 = 0 um.
Total wire length on LAYER met1 = 392728 um.
Total wire length on LAYER met2 = 484614 um.
Total wire length on LAYER met3 = 195153 um.
Total wire length on LAYER met4 = 154595 um.
Total wire length on LAYER met5 = 2367 um.
Total number of vias = 236020.
Up-via summary (total 236020):

-------------------------
 FR_MASTERSLICE         0
            li1     97979
           met1    112129
           met2     19223
           met3      6598
           met4        91
-------------------------
               236020


[INFO DRT-0195] Start 3rd guides tiles iteration.
    Completing 10% with 86 violations.
    elapsed time = 00:00:00, memory = 4431.99 (MB).
    Completing 20% with 86 violations.
    elapsed time = 00:00:00, memory = 4431.99 (MB).
    Completing 30% with 86 violations.
    elapsed time = 00:00:00, memory = 4431.99 (MB).
    Completing 40% with 86 violations.
    elapsed time = 00:00:00, memory = 4431.99 (MB).
    Completing 50% with 86 violations.
    elapsed time = 00:00:00, memory = 4431.99 (MB).
    Completing 60% with 26 violations.
    elapsed time = 00:00:02, memory = 4313.38 (MB).
    Completing 70% with 26 violations.
    elapsed time = 00:00:02, memory = 4313.38 (MB).
    Completing 80% with 26 violations.
    elapsed time = 00:00:02, memory = 4706.59 (MB).
    Completing 90% with 26 violations.
    elapsed time = 00:00:03, memory = 4584.79 (MB).
    Completing 100% with 4 violations.
    elapsed time = 00:00:05, memory = 4322.55 (MB).
[INFO DRT-0199]   Number of violations = 4.
Viol/Layer        met2
Short                4
[INFO DRT-0267] cpu time = 00:00:14, elapsed time = 00:00:05, memory = 4322.55 (MB), peak = 5820.70 (MB)
Total wire length = 1229466 um.
Total wire length on LAYER li1 = 0 um.
Total wire length on LAYER met1 = 392488 um.
Total wire length on LAYER met2 = 484537 um.
Total wire length on LAYER met3 = 195357 um.
Total wire length on LAYER met4 = 154682 um.
Total wire length on LAYER met5 = 2400 um.
Total number of vias = 236081.
Up-via summary (total 236081):

-------------------------
 FR_MASTERSLICE         0
            li1     97976
           met1    112150
           met2     19250
           met3      6612
           met4        93
-------------------------
               236081


[INFO DRT-0195] Start 4th guides tiles iteration.
    Completing 50% with 4 violations.
    elapsed time = 00:00:00, memory = 4322.55 (MB).
    Completing 100% with 0 violations.
    elapsed time = 00:00:00, memory = 4322.55 (MB).
[INFO DRT-0199]   Number of violations = 0.
[INFO DRT-0267] cpu time = 00:00:01, elapsed time = 00:00:00, memory = 4322.55 (MB), peak = 5820.70 (MB)
Total wire length = 1229460 um.
Total wire length on LAYER li1 = 0 um.
Total wire length on LAYER met1 = 392484 um.
Total wire length on LAYER met2 = 484525 um.
Total wire length on LAYER met3 = 195363 um.
Total wire length on LAYER met4 = 154687 um.
Total wire length on LAYER met5 = 2400 um.
Total number of vias = 236078.
Up-via summary (total 236078):

-------------------------
 FR_MASTERSLICE         0
            li1     97976
           met1    112147
           met2     19250
           met3      6612
           met4        93
-------------------------
               236078


[INFO DRT-0198] Complete detail routing.
Total wire length = 1229460 um.
Total wire length on LAYER li1 = 0 um.
Total wire length on LAYER met1 = 392484 um.
Total wire length on LAYER met2 = 484525 um.
Total wire length on LAYER met3 = 195363 um.
Total wire length on LAYER met4 = 154687 um.
Total wire length on LAYER met5 = 2400 um.
Total number of vias = 236078.
Up-via summary (total 236078):

-------------------------
 FR_MASTERSLICE         0
            li1     97976
           met1    112147
           met2     19250
           met3      6612
           met4        93
-------------------------
               236078


[INFO DRT-0267] cpu time = 00:05:25, elapsed time = 00:00:32, memory = 4322.55 (MB), peak = 5820.70 (MB)

[INFO DRT-0180] Post processing.
[INFO DRT-0501] Runtime: 53.58s
[INFO ANT-0002] Found 1 net violations.
[INFO ANT-0001] Found 3 pin violations.
[INFO GRT-0012] Found 1 antenna violations.
[INFO DPL-0006] Core area: 416927.37 um^2
[INFO DPL-0007] Movable instances area: 0.00 um^2
[INFO DPL-0008] Fixed instances area within core: 240999.89 um^2
[INFO DPL-0009] Utilization: 57.8%
[INFO DPL-0005] Diamond search max displacement: +/- 500 sites horizontally, +/- 100 rows vertically.
[INFO DPL-1102] Legalizing using negotiation legalizer.
[INFO DPL-1103] Negotiation base search window: +/-20 sites horizontally, +/-5 rows vertically 
	Automatic search window extension enabled.
	Search window extendable up to the max displacement cap of +/-500 sites, +/-100 rows near walls.
[INFO DPL-1104] NegotiationLegalizer DRC penalty: 5.
[INFO DPL-0392] Negotiation cell height distribution (1 unique row-count(s)):
[INFO DPL-0393]   height 1 row(s): 32945 cells
[INFO DPL-0500] Runtime: 0.11s
[INFO GRT-0015] Inserted 3 diodes.
[WARNING DRT-0120] Large net net227 has 115 pins which may impact routing performance. Consider optimization.
[WARNING DRT-0120] Large net net2888 has 171 pins which may impact routing performance. Consider optimization.
[WARNING DRT-0120] Large net net2892 has 164 pins which may impact routing performance. Consider optimization.
[WARNING DRT-0120] Large net net2894 has 155 pins which may impact routing performance. Consider optimization.
[WARNING DRT-0120] Large net net2895 has 156 pins which may impact routing performance. Consider optimization.
[WARNING DRT-0120] Large net net2902 has 126 pins which may impact routing performance. Consider optimization.
[WARNING DRT-0120] Large net net2904 has 147 pins which may impact routing performance. Consider optimization.
[WARNING DRT-0120] Large net net2910 has 108 pins which may impact routing performance. Consider optimization.
[INFO DRT-0024]   Complete FR_MASTERSLICE.
[INFO DRT-0024]   Complete Fr_VIA.
[INFO DRT-0024]   Complete li1.
[INFO DRT-0024]   Complete mcon.
[INFO DRT-0024]   Complete met1.
[INFO DRT-0024]   Complete via.
[INFO DRT-0024]   Complete met2.
[INFO DRT-0024]   Complete via2.
[INFO DRT-0024]   Complete met3.
[INFO DRT-0024]   Complete via3.
[INFO DRT-0024]   Complete met4.
[INFO DRT-0024]   Complete via4.
[INFO DRT-0024]   Complete met5.
[INFO DRT-0165] Start pin access.
[INFO DRT-0076]   Complete 1000 pins.
[INFO DRT-0076]   Complete 2000 pins.
[INFO DRT-0078]   Complete 2170 pins.
[INFO DRT-0079]   Complete 100 unique inst patterns.
[INFO DRT-0079]   Complete 200 unique inst patterns.
[INFO DRT-0081]   Complete 269 unique inst patterns.
[INFO DRT-0082]   Complete 10000 groups.
[INFO DRT-0084]   Complete 17102 groups.
#scanned instances     = 32945
#unique  instances     = 269
#stdCellGenAp          = 8734
#stdCellValidPlanarAp  = 117
#stdCellValidViaAp     = 6399
#stdCellPinNoAp        = 0
#stdCellPinCnt         = 99086
#instTermValidViaApCnt = 0
#macroGenAp            = 0
#macroValidPlanarAp    = 0
#macroValidViaAp       = 0
#macroNoAp             = 0
[INFO DRT-0166] Complete pin access.
[INFO DRT-0267] cpu time = 00:06:50, elapsed time = 00:00:15, memory = 4311.52 (MB), peak = 5820.70 (MB)
[INFO DRT-0156] guideIn read 100000 guides.
[INFO DRT-0156] guideIn read 200000 guides.

[INFO DRT-0157] Number of guides:     239845

[INFO DRT-0169] Post process guides.
[INFO DRT-0176] GCELLGRID X 0 DO 94 STEP 6900 ;
[INFO DRT-0177] GCELLGRID Y 0 DO 94 STEP 6900 ;
[INFO DRT-0026]   Complete 100000 origin guides.
[INFO DRT-0026]   Complete 200000 origin guides.
[INFO DRT-0028]   Complete FR_MASTERSLICE.
[INFO DRT-0028]   Complete Fr_VIA.
[INFO DRT-0028]   Complete li1.
[INFO DRT-0028]   Complete mcon.
[INFO DRT-0028]   Complete met1.
[INFO DRT-0028]   Complete via.
[INFO DRT-0028]   Complete met2.
[INFO DRT-0028]   Complete via2.
[INFO DRT-0028]   Complete met3.
[INFO DRT-0028]   Complete via3.
[INFO DRT-0028]   Complete met4.
[INFO DRT-0028]   Complete via4.
[INFO DRT-0028]   Complete met5.
[INFO DRT-0178] Init guide query.
[INFO DRT-0035]   Complete FR_MASTERSLICE (guide).
[INFO DRT-0035]   Complete Fr_VIA (guide).
[INFO DRT-0035]   Complete li1 (guide).
[INFO DRT-0035]   Complete mcon (guide).
[INFO DRT-0035]   Complete met1 (guide).
[INFO DRT-0035]   Complete via (guide).
[INFO DRT-0035]   Complete met2 (guide).
[INFO DRT-0035]   Complete via2 (guide).
[INFO DRT-0035]   Complete met3 (guide).
[INFO DRT-0035]   Complete via3 (guide).
[INFO DRT-0035]   Complete met4 (guide).
[INFO DRT-0035]   Complete via4 (guide).
[INFO DRT-0035]   Complete met5 (guide).
[INFO DRT-0036] FR_MASTERSLICE guide region query size = 0.
[INFO DRT-0036] FR_VIA guide region query size = 0.
[INFO DRT-0036] li1 guide region query size = 76875.
[INFO DRT-0036] mcon guide region query size = 0.
[INFO DRT-0036] met1 guide region query size = 68802.
[INFO DRT-0036] via guide region query size = 0.
[INFO DRT-0036] met2 guide region query size = 38051.
[INFO DRT-0036] via2 guide region query size = 0.
[INFO DRT-0036] met3 guide region query size = 6440.
[INFO DRT-0036] via3 guide region query size = 0.
[INFO DRT-0036] met4 guide region query size = 2728.
[INFO DRT-0036] via4 guide region query size = 0.
[INFO DRT-0036] met5 guide region query size = 76.
[INFO DRT-0179] Init gr pin query.
[INFO DRT-0267] cpu time = 00:00:01, elapsed time = 00:00:00, memory = 4311.52 (MB), peak = 5820.70 (MB)
[INFO DRT-0245] skipped writing guide updates to database.
[INFO DRT-0181] Start track assignment.
[INFO DRT-0184] Done with 117654 vertical wires in 2 frboxes and 75318 horizontal wires in 2 frboxes.
[INFO DRT-0186] Done with 21112 vertical wires in 2 frboxes and 25399 horizontal wires in 2 frboxes.
[INFO DRT-0182] Complete track assignment.
[INFO DRT-0267] cpu time = 00:00:08, elapsed time = 00:00:04, memory = 4354.25 (MB), peak = 5820.70 (MB)
[INFO DRT-0187] Start routing data preparation.
[INFO DRT-0267] cpu time = 00:00:00, elapsed time = 00:00:00, memory = 4354.25 (MB), peak = 5820.70 (MB)
[INFO DRT-0194] Start detail routing.
[INFO DRT-0195] Start 0th optimization iteration.
    Completing 10% with 0 violations.
    elapsed time = 00:00:00, memory = 5292.86 (MB).
    Completing 20% with 0 violations.
    elapsed time = 00:00:01, memory = 4749.75 (MB).
    Completing 30% with 23 violations.
    elapsed time = 00:00:02, memory = 5370.40 (MB).
    Completing 40% with 23 violations.
    elapsed time = 00:00:02, memory = 5053.02 (MB).
    Completing 50% with 23 violations.
    elapsed time = 00:00:03, memory = 4383.46 (MB).
    Completing 60% with 35 violations.
    elapsed time = 00:00:04, memory = 5022.34 (MB).
    Completing 70% with 35 violations.
    elapsed time = 00:00:04, memory = 4561.22 (MB).
    Completing 80% with 77 violations.
    elapsed time = 00:00:07, memory = 5406.32 (MB).
    Completing 90% with 77 violations.
    elapsed time = 00:00:07, memory = 4911.25 (MB).
    Completing 100% with 90 violations.
    elapsed time = 00:00:09, memory = 4384.91 (MB).
[INFO DRT-0199]   Number of violations = 101.
Viol/Layer        met1   met2   met3   met4   met5
Metal Spacing       11      3      2      1      0
Recheck              5      3      1      1      1
Short               44     18      1      9      1
[INFO DRT-0267] cpu time = 00:02:23, elapsed time = 00:00:09, memory = 4384.91 (MB), peak = 5820.70 (MB)
Total wire length = 1229478 um.
Total wire length on LAYER li1 = 0 um.
Total wire length on LAYER met1 = 392638 um.
Total wire length on LAYER met2 = 484493 um.
Total wire length on LAYER met3 = 195063 um.
Total wire length on LAYER met4 = 154802 um.
Total wire length on LAYER met5 = 2481 um.
Total number of vias = 236067.
Up-via summary (total 236067):

-------------------------
 FR_MASTERSLICE         0
            li1     97982
           met1    112150
           met2     19229
           met3      6609
           met4        97
-------------------------
               236067


[INFO DRT-0195] Start 1st optimization iteration.
    Completing 10% with 101 violations.
    elapsed time = 00:00:00, memory = 5399.49 (MB).
    Completing 20% with 101 violations.
    elapsed time = 00:00:01, memory = 4748.34 (MB).
    Completing 30% with 89 violations.
    elapsed time = 00:00:02, memory = 5270.95 (MB).
    Completing 40% with 89 violations.
    elapsed time = 00:00:02, memory = 4924.11 (MB).
    Completing 50% with 89 violations.
    elapsed time = 00:00:03, memory = 4384.91 (MB).
    Completing 60% with 71 violations.
    elapsed time = 00:00:04, memory = 5171.35 (MB).
    Completing 70% with 71 violations.
    elapsed time = 00:00:05, memory = 4654.96 (MB).
    Completing 80% with 52 violations.
    elapsed time = 00:00:06, memory = 5436.14 (MB).
    Completing 90% with 52 violations.
    elapsed time = 00:00:07, memory = 5015.43 (MB).
    Completing 100% with 29 violations.
    elapsed time = 00:00:09, memory = 4384.91 (MB).
[INFO DRT-0199]   Number of violations = 29.
Viol/Layer        met1   met2
Metal Spacing        3      0
Short               21      5
[INFO DRT-0267] cpu time = 00:02:24, elapsed time = 00:00:09, memory = 4384.91 (MB), peak = 5820.70 (MB)
Total wire length = 1229474 um.
Total wire length on LAYER li1 = 0 um.
Total wire length on LAYER met1 = 392635 um.
Total wire length on LAYER met2 = 484474 um.
Total wire length on LAYER met3 = 195088 um.
Total wire length on LAYER met4 = 154795 um.
Total wire length on LAYER met5 = 2480 um.
Total number of vias = 236066.
Up-via summary (total 236066):

-------------------------
 FR_MASTERSLICE         0
            li1     97981
           met1    112145
           met2     19234
           met3      6609
           met4        97
-------------------------
               236066


[INFO DRT-0195] Start 2nd optimization iteration.
    Completing 10% with 29 violations.
    elapsed time = 00:00:00, memory = 4384.91 (MB).
    Completing 20% with 29 violations.
    elapsed time = 00:00:00, memory = 4384.91 (MB).
    Completing 30% with 32 violations.
    elapsed time = 00:00:00, memory = 4384.91 (MB).
    Completing 40% with 32 violations.
    elapsed time = 00:00:00, memory = 4384.91 (MB).
    Completing 50% with 32 violations.
    elapsed time = 00:00:00, memory = 4384.91 (MB).
    Completing 60% with 33 violations.
    elapsed time = 00:00:00, memory = 4384.91 (MB).
    Completing 70% with 33 violations.
    elapsed time = 00:00:00, memory = 4384.91 (MB).
    Completing 80% with 30 violations.
    elapsed time = 00:00:01, memory = 4384.91 (MB).
    Completing 90% with 30 violations.
    elapsed time = 00:00:01, memory = 4384.91 (MB).
    Completing 100% with 36 violations.
    elapsed time = 00:00:02, memory = 4384.91 (MB).
[INFO DRT-0199]   Number of violations = 36.
Viol/Layer        met1   met2
Metal Spacing        6      0
Short               27      3
[INFO DRT-0267] cpu time = 00:00:06, elapsed time = 00:00:02, memory = 4384.91 (MB), peak = 5820.70 (MB)
Total wire length = 1229453 um.
Total wire length on LAYER li1 = 0 um.
Total wire length on LAYER met1 = 392628 um.
Total wire length on LAYER met2 = 484458 um.
Total wire length on LAYER met3 = 195090 um.
Total wire length on LAYER met4 = 154795 um.
Total wire length on LAYER met5 = 2480 um.
Total number of vias = 236068.
Up-via summary (total 236068):

-------------------------
 FR_MASTERSLICE         0
            li1     97985
           met1    112143
           met2     19234
           met3      6609
           met4        97
-------------------------
               236068


[INFO DRT-0195] Start 3rd guides tiles iteration.
    Completing 10% with 36 violations.
    elapsed time = 00:00:00, memory = 4384.91 (MB).
    Completing 20% with 36 violations.
    elapsed time = 00:00:00, memory = 4384.91 (MB).
    Completing 30% with 36 violations.
    elapsed time = 00:00:00, memory = 4384.91 (MB).
    Completing 40% with 36 violations.
    elapsed time = 00:00:00, memory = 4384.91 (MB).
    Completing 50% with 36 violations.
    elapsed time = 00:00:00, memory = 4384.91 (MB).
    Completing 60% with 10 violations.
    elapsed time = 00:00:00, memory = 4384.91 (MB).
    Completing 70% with 10 violations.
    elapsed time = 00:00:00, memory = 4384.91 (MB).
    Completing 80% with 10 violations.
    elapsed time = 00:00:00, memory = 4384.91 (MB).
    Completing 90% with 10 violations.
    elapsed time = 00:00:00, memory = 4384.91 (MB).
    Completing 100% with 7 violations.
    elapsed time = 00:00:00, memory = 4384.91 (MB).
[INFO DRT-0199]   Number of violations = 7.
Viol/Layer        met1
Metal Spacing        3
Short                4
[INFO DRT-0267] cpu time = 00:00:03, elapsed time = 00:00:00, memory = 4384.91 (MB), peak = 5820.70 (MB)
Total wire length = 1229435 um.
Total wire length on LAYER li1 = 0 um.
Total wire length on LAYER met1 = 392414 um.
Total wire length on LAYER met2 = 484433 um.
Total wire length on LAYER met3 = 195278 um.
Total wire length on LAYER met4 = 154828 um.
Total wire length on LAYER met5 = 2480 um.
Total number of vias = 236078.
Up-via summary (total 236078):

-------------------------
 FR_MASTERSLICE         0
            li1     97984
           met1    112142
           met2     19244
           met3      6611
           met4        97
-------------------------
               236078


[INFO DRT-0195] Start 4th guides tiles iteration.
    Completing 20% with 7 violations.
    elapsed time = 00:00:00, memory = 4384.91 (MB).
    Completing 50% with 7 violations.
    elapsed time = 00:00:00, memory = 4384.91 (MB).
    Completing 70% with 7 violations.
    elapsed time = 00:00:00, memory = 4384.91 (MB).
    Completing 100% with 7 violations.
    elapsed time = 00:00:00, memory = 4384.91 (MB).
[INFO DRT-0199]   Number of violations = 7.
Viol/Layer        met1
Metal Spacing        3
Short                4
[INFO DRT-0267] cpu time = 00:00:02, elapsed time = 00:00:00, memory = 4384.91 (MB), peak = 5820.70 (MB)
Total wire length = 1229435 um.
Total wire length on LAYER li1 = 0 um.
Total wire length on LAYER met1 = 392414 um.
Total wire length on LAYER met2 = 484433 um.
Total wire length on LAYER met3 = 195278 um.
Total wire length on LAYER met4 = 154828 um.
Total wire length on LAYER met5 = 2480 um.
Total number of vias = 236078.
Up-via summary (total 236078):

-------------------------
 FR_MASTERSLICE         0
            li1     97984
           met1    112142
           met2     19244
           met3      6611
           met4        97
-------------------------
               236078


[INFO DRT-0195] Start 5th stubborn tiles iteration.
    Completing 10% with 7 violations.
    elapsed time = 00:00:02, memory = 5693.25 (MB).
    Completing 20% with 7 violations.
    elapsed time = 00:00:04, memory = 5682.95 (MB).
    Completing 30% with 7 violations.
    elapsed time = 00:00:05, memory = 5670.27 (MB).
    Completing 40% with 7 violations.
    elapsed time = 00:00:06, memory = 5593.22 (MB).
    Completing 50% with 7 violations.
    elapsed time = 00:00:08, memory = 5573.25 (MB).
    Completing 60% with 7 violations.
    elapsed time = 00:00:09, memory = 5728.75 (MB).
    Completing 70% with 7 violations.
    elapsed time = 00:00:12, memory = 5619.42 (MB).
    Completing 80% with 7 violations.
    elapsed time = 00:00:15, memory = 5330.97 (MB).
    Completing 90% with 7 violations.
    elapsed time = 00:00:18, memory = 5013.79 (MB).
    Completing 100% with 0 violations.
    elapsed time = 00:00:36, memory = 4591.97 (MB).
[INFO DRT-0199]   Number of violations = 0.
[INFO DRT-0267] cpu time = 00:08:59, elapsed time = 00:00:36, memory = 4591.97 (MB), peak = 5820.70 (MB)
Total wire length = 1229443 um.
Total wire length on LAYER li1 = 0 um.
Total wire length on LAYER met1 = 392395 um.
Total wire length on LAYER met2 = 484437 um.
Total wire length on LAYER met3 = 195302 um.
Total wire length on LAYER met4 = 154828 um.
Total wire length on LAYER met5 = 2480 um.
Total number of vias = 236087.
Up-via summary (total 236087):

-------------------------
 FR_MASTERSLICE         0
            li1     97984
           met1    112147
           met2     19248
           met3      6611
           met4        97
-------------------------
               236087


[INFO DRT-0198] Complete detail routing.
Total wire length = 1229443 um.
Total wire length on LAYER li1 = 0 um.
Total wire length on LAYER met1 = 392395 um.
Total wire length on LAYER met2 = 484437 um.
Total wire length on LAYER met3 = 195302 um.
Total wire length on LAYER met4 = 154828 um.
Total wire length on LAYER met5 = 2480 um.
Total number of vias = 236087.
Up-via summary (total 236087):

-------------------------
 FR_MASTERSLICE         0
            li1     97984
           met1    112147
           met2     19248
           met3      6611
           met4        97
-------------------------
               236087


[INFO DRT-0267] cpu time = 00:13:59, elapsed time = 00:01:00, memory = 4591.97 (MB), peak = 5820.70 (MB)

[INFO DRT-0180] Post processing.
[INFO DRT-0501] Runtime: 81.10s
[INFO ANT-0002] Found 1 net violations.
[INFO ANT-0001] Found 1 pin violations.
[INFO GRT-0012] Found 1 antenna violations.
[INFO DPL-0006] Core area: 416927.37 um^2
[INFO DPL-0007] Movable instances area: 0.00 um^2
[INFO DPL-0008] Fixed instances area within core: 241002.39 um^2
[INFO DPL-0009] Utilization: 57.8%
[INFO DPL-0005] Diamond search max displacement: +/- 500 sites horizontally, +/- 100 rows vertically.
[INFO DPL-1102] Legalizing using negotiation legalizer.
[INFO DPL-1103] Negotiation base search window: +/-20 sites horizontally, +/-5 rows vertically 
	Automatic search window extension enabled.
	Search window extendable up to the max displacement cap of +/-500 sites, +/-100 rows near walls.
[INFO DPL-1104] NegotiationLegalizer DRC penalty: 5.
[INFO DPL-0392] Negotiation cell height distribution (1 unique row-count(s)):
[INFO DPL-0393]   height 1 row(s): 32946 cells
[INFO DPL-0500] Runtime: 0.13s
[INFO GRT-0015] Inserted 1 diodes.
[WARNING DRT-0120] Large net net227 has 115 pins which may impact routing performance. Consider optimization.
[WARNING DRT-0120] Large net net2888 has 171 pins which may impact routing performance. Consider optimization.
[WARNING DRT-0120] Large net net2892 has 164 pins which may impact routing performance. Consider optimization.
[WARNING DRT-0120] Large net net2894 has 155 pins which may impact routing performance. Consider optimization.
[WARNING DRT-0120] Large net net2895 has 156 pins which may impact routing performance. Consider optimization.
[WARNING DRT-0120] Large net net2902 has 126 pins which may impact routing performance. Consider optimization.
[WARNING DRT-0120] Large net net2904 has 147 pins which may impact routing performance. Consider optimization.
[WARNING DRT-0120] Large net net2910 has 108 pins which may impact routing performance. Consider optimization.
[INFO DRT-0024]   Complete FR_MASTERSLICE.
[INFO DRT-0024]   Complete Fr_VIA.
[INFO DRT-0024]   Complete li1.
[INFO DRT-0024]   Complete mcon.
[INFO DRT-0024]   Complete met1.
[INFO DRT-0024]   Complete via.
[INFO DRT-0024]   Complete met2.
[INFO DRT-0024]   Complete via2.
[INFO DRT-0024]   Complete met3.
[INFO DRT-0024]   Complete via3.
[INFO DRT-0024]   Complete met4.
[INFO DRT-0024]   Complete via4.
[INFO DRT-0024]   Complete met5.
[INFO DRT-0165] Start pin access.
[INFO DRT-0076]   Complete 1000 pins.
[INFO DRT-0076]   Complete 2000 pins.
[INFO DRT-0078]   Complete 2170 pins.
[INFO DRT-0079]   Complete 100 unique inst patterns.
[INFO DRT-0079]   Complete 200 unique inst patterns.
[INFO DRT-0081]   Complete 269 unique inst patterns.
[INFO DRT-0082]   Complete 10000 groups.
[INFO DRT-0084]   Complete 17102 groups.
#scanned instances     = 32946
#unique  instances     = 269
#stdCellGenAp          = 8734
#stdCellValidPlanarAp  = 117
#stdCellValidViaAp     = 6399
#stdCellPinNoAp        = 0
#stdCellPinCnt         = 99086
#instTermValidViaApCnt = 0
#macroGenAp            = 0
#macroValidPlanarAp    = 0
#macroValidViaAp       = 0
#macroNoAp             = 0
[INFO DRT-0166] Complete pin access.
[INFO DRT-0267] cpu time = 00:06:54, elapsed time = 00:00:15, memory = 4534.11 (MB), peak = 5820.70 (MB)
[INFO DRT-0156] guideIn read 100000 guides.
[INFO DRT-0156] guideIn read 200000 guides.

[INFO DRT-0157] Number of guides:     239850

[INFO DRT-0169] Post process guides.
[INFO DRT-0176] GCELLGRID X 0 DO 94 STEP 6900 ;
[INFO DRT-0177] GCELLGRID Y 0 DO 94 STEP 6900 ;
[INFO DRT-0026]   Complete 100000 origin guides.
[INFO DRT-0026]   Complete 200000 origin guides.
[INFO DRT-0028]   Complete FR_MASTERSLICE.
[INFO DRT-0028]   Complete Fr_VIA.
[INFO DRT-0028]   Complete li1.
[INFO DRT-0028]   Complete mcon.
[INFO DRT-0028]   Complete met1.
[INFO DRT-0028]   Complete via.
[INFO DRT-0028]   Complete met2.
[INFO DRT-0028]   Complete via2.
[INFO DRT-0028]   Complete met3.
[INFO DRT-0028]   Complete via3.
[INFO DRT-0028]   Complete met4.
[INFO DRT-0028]   Complete via4.
[INFO DRT-0028]   Complete met5.
[INFO DRT-0178] Init guide query.
[INFO DRT-0035]   Complete FR_MASTERSLICE (guide).
[INFO DRT-0035]   Complete Fr_VIA (guide).
[INFO DRT-0035]   Complete li1 (guide).
[INFO DRT-0035]   Complete mcon (guide).
[INFO DRT-0035]   Complete met1 (guide).
[INFO DRT-0035]   Complete via (guide).
[INFO DRT-0035]   Complete met2 (guide).
[INFO DRT-0035]   Complete via2 (guide).
[INFO DRT-0035]   Complete met3 (guide).
[INFO DRT-0035]   Complete via3 (guide).
[INFO DRT-0035]   Complete met4 (guide).
[INFO DRT-0035]   Complete via4 (guide).
[INFO DRT-0035]   Complete met5 (guide).
[INFO DRT-0036] FR_MASTERSLICE guide region query size = 0.
[INFO DRT-0036] FR_VIA guide region query size = 0.
[INFO DRT-0036] li1 guide region query size = 76876.
[INFO DRT-0036] mcon guide region query size = 0.
[INFO DRT-0036] met1 guide region query size = 68803.
[INFO DRT-0036] via guide region query size = 0.
[INFO DRT-0036] met2 guide region query size = 38053.
[INFO DRT-0036] via2 guide region query size = 0.
[INFO DRT-0036] met3 guide region query size = 6443.
[INFO DRT-0036] via3 guide region query size = 0.
[INFO DRT-0036] met4 guide region query size = 2728.
[INFO DRT-0036] via4 guide region query size = 0.
[INFO DRT-0036] met5 guide region query size = 75.
[INFO DRT-0179] Init gr pin query.
[INFO DRT-0267] cpu time = 00:00:01, elapsed time = 00:00:00, memory = 4534.11 (MB), peak = 5820.70 (MB)
[INFO DRT-0245] skipped writing guide updates to database.
[INFO DRT-0181] Start track assignment.
[INFO DRT-0184] Done with 117657 vertical wires in 2 frboxes and 75321 horizontal wires in 2 frboxes.
[INFO DRT-0186] Done with 21097 vertical wires in 2 frboxes and 25406 horizontal wires in 2 frboxes.
[INFO DRT-0182] Complete track assignment.
[INFO DRT-0267] cpu time = 00:00:07, elapsed time = 00:00:04, memory = 4534.19 (MB), peak = 5820.70 (MB)
[INFO DRT-0187] Start routing data preparation.
[INFO DRT-0267] cpu time = 00:00:00, elapsed time = 00:00:00, memory = 4534.19 (MB), peak = 5820.70 (MB)
[INFO DRT-0194] Start detail routing.
[INFO DRT-0195] Start 0th optimization iteration.
    Completing 10% with 0 violations.
    elapsed time = 00:00:00, memory = 5472.29 (MB).
    Completing 20% with 0 violations.
    elapsed time = 00:00:01, memory = 4794.92 (MB).
    Completing 30% with 20 violations.
    elapsed time = 00:00:02, memory = 5640.60 (MB).
    Completing 40% with 20 violations.
    elapsed time = 00:00:02, memory = 5188.74 (MB).
    Completing 50% with 20 violations.
    elapsed time = 00:00:03, memory = 4535.35 (MB).
    Completing 60% with 34 violations.
    elapsed time = 00:00:04, memory = 5398.17 (MB).
    Completing 70% with 34 violations.
    elapsed time = 00:00:04, memory = 4878.51 (MB).
    Completing 80% with 62 violations.
    elapsed time = 00:00:09, memory = 5633.86 (MB).
    Completing 90% with 62 violations.
    elapsed time = 00:00:09, memory = 5244.35 (MB).
    Completing 100% with 71 violations.
    elapsed time = 00:00:11, memory = 4535.36 (MB).
[INFO DRT-0199]   Number of violations = 78.
Viol/Layer        met1   met2   met4
Metal Spacing        2      6      1
Recheck              4      3      0
Short               39     20      3
[INFO DRT-0267] cpu time = 00:02:15, elapsed time = 00:00:11, memory = 4535.36 (MB), peak = 5820.70 (MB)
Total wire length = 1229446 um.
Total wire length on LAYER li1 = 0 um.
Total wire length on LAYER met1 = 392521 um.
Total wire length on LAYER met2 = 484425 um.
Total wire length on LAYER met3 = 195165 um.
Total wire length on LAYER met4 = 154852 um.
Total wire length on LAYER met5 = 2480 um.
Total number of vias = 236085.
Up-via summary (total 236085):

-------------------------
 FR_MASTERSLICE         0
            li1     97985
           met1    112165
           met2     19230
           met3      6608
           met4        97
-------------------------
               236085


[INFO DRT-0195] Start 1st optimization iteration.
    Completing 10% with 78 violations.
    elapsed time = 00:00:00, memory = 5550.05 (MB).
    Completing 20% with 78 violations.
    elapsed time = 00:00:01, memory = 4896.95 (MB).
    Completing 30% with 72 violations.
    elapsed time = 00:00:02, memory = 5470.85 (MB).
    Completing 40% with 72 violations.
    elapsed time = 00:00:03, memory = 5205.61 (MB).
    Completing 50% with 72 violations.
    elapsed time = 00:00:03, memory = 4557.22 (MB).
    Completing 60% with 66 violations.
    elapsed time = 00:00:04, memory = 5433.36 (MB).
    Completing 70% with 66 violations.
    elapsed time = 00:00:05, memory = 4914.38 (MB).
    Completing 80% with 35 violations.
    elapsed time = 00:00:08, memory = 5496.93 (MB).
    Completing 90% with 35 violations.
    elapsed time = 00:00:08, memory = 5238.68 (MB).
    Completing 100% with 20 violations.
    elapsed time = 00:00:10, memory = 4557.23 (MB).
[INFO DRT-0199]   Number of violations = 20.
Viol/Layer        met1   met2
Metal Spacing        0      1
Short               18      1
[INFO DRT-0267] cpu time = 00:02:21, elapsed time = 00:00:10, memory = 4557.23 (MB), peak = 5820.70 (MB)
Total wire length = 1229433 um.
Total wire length on LAYER li1 = 0 um.
Total wire length on LAYER met1 = 392514 um.
Total wire length on LAYER met2 = 484408 um.
Total wire length on LAYER met3 = 195179 um.
Total wire length on LAYER met4 = 154850 um.
Total wire length on LAYER met5 = 2480 um.
Total number of vias = 236085.
Up-via summary (total 236085):

-------------------------
 FR_MASTERSLICE         0
            li1     97987
           met1    112159
           met2     19234
           met3      6608
           met4        97
-------------------------
               236085


[INFO DRT-0195] Start 2nd optimization iteration.
    Completing 10% with 20 violations.
    elapsed time = 00:00:00, memory = 4557.23 (MB).
    Completing 20% with 20 violations.
    elapsed time = 00:00:00, memory = 4557.23 (MB).
    Completing 30% with 28 violations.
    elapsed time = 00:00:01, memory = 4557.23 (MB).
    Completing 40% with 28 violations.
    elapsed time = 00:00:01, memory = 4557.23 (MB).
    Completing 50% with 28 violations.
    elapsed time = 00:00:01, memory = 4557.23 (MB).
    Completing 60% with 37 violations.
    elapsed time = 00:00:04, memory = 4557.23 (MB).
    Completing 70% with 37 violations.
    elapsed time = 00:00:04, memory = 4557.23 (MB).
    Completing 80% with 37 violations.
    elapsed time = 00:00:04, memory = 4557.23 (MB).
    Completing 90% with 37 violations.
    elapsed time = 00:00:04, memory = 4557.23 (MB).
    Completing 100% with 37 violations.
    elapsed time = 00:00:04, memory = 4557.23 (MB).
[INFO DRT-0199]   Number of violations = 37.
Viol/Layer        met1
Metal Spacing        6
Short               31
[INFO DRT-0267] cpu time = 00:00:07, elapsed time = 00:00:04, memory = 4557.23 (MB), peak = 5820.70 (MB)
Total wire length = 1229428 um.
Total wire length on LAYER li1 = 0 um.
Total wire length on LAYER met1 = 392524 um.
Total wire length on LAYER met2 = 484395 um.
Total wire length on LAYER met3 = 195176 um.
Total wire length on LAYER met4 = 154850 um.
Total wire length on LAYER met5 = 2480 um.
Total number of vias = 236073.
Up-via summary (total 236073):

-------------------------
 FR_MASTERSLICE         0
            li1     97985
           met1    112151
           met2     19232
           met3      6608
           met4        97
-------------------------
               236073


[INFO DRT-0195] Start 3rd guides tiles iteration.
    Completing 10% with 37 violations.
    elapsed time = 00:00:00, memory = 4557.23 (MB).
    Completing 30% with 37 violations.
    elapsed time = 00:00:00, memory = 4557.23 (MB).
    Completing 50% with 2 violations.
    elapsed time = 00:00:02, memory = 4557.23 (MB).
    Completing 60% with 2 violations.
    elapsed time = 00:00:02, memory = 4557.23 (MB).
    Completing 80% with 2 violations.
    elapsed time = 00:00:03, memory = 4557.23 (MB).
    Completing 100% with 2 violations.
    elapsed time = 00:00:03, memory = 4557.23 (MB).
[INFO DRT-0199]   Number of violations = 2.
Viol/Layer        met1
Short                2
[INFO DRT-0267] cpu time = 00:00:06, elapsed time = 00:00:03, memory = 4557.23 (MB), peak = 5820.70 (MB)
Total wire length = 1229439 um.
Total wire length on LAYER li1 = 0 um.
Total wire length on LAYER met1 = 392375 um.
Total wire length on LAYER met2 = 484414 um.
Total wire length on LAYER met3 = 195321 um.
Total wire length on LAYER met4 = 154845 um.
Total wire length on LAYER met5 = 2480 um.
Total number of vias = 236091.
Up-via summary (total 236091):

-------------------------
 FR_MASTERSLICE         0
            li1     97984
           met1    112156
           met2     19244
           met3      6610
           met4        97
-------------------------
               236091


[INFO DRT-0195] Start 4th guides tiles iteration.
    Completing 50% with 2 violations.
    elapsed time = 00:00:00, memory = 4557.23 (MB).
    Completing 100% with 0 violations.
    elapsed time = 00:00:00, memory = 4557.23 (MB).
[INFO DRT-0199]   Number of violations = 0.
[INFO DRT-0267] cpu time = 00:00:01, elapsed time = 00:00:00, memory = 4557.23 (MB), peak = 5820.70 (MB)
Total wire length = 1229442 um.
Total wire length on LAYER li1 = 0 um.
Total wire length on LAYER met1 = 392363 um.
Total wire length on LAYER met2 = 484416 um.
Total wire length on LAYER met3 = 195335 um.
Total wire length on LAYER met4 = 154845 um.
Total wire length on LAYER met5 = 2480 um.
Total number of vias = 236096.
Up-via summary (total 236096):

-------------------------
 FR_MASTERSLICE         0
            li1     97984
           met1    112157
           met2     19248
           met3      6610
           met4        97
-------------------------
               236096


[INFO DRT-0198] Complete detail routing.
Total wire length = 1229442 um.
Total wire length on LAYER li1 = 0 um.
Total wire length on LAYER met1 = 392363 um.
Total wire length on LAYER met2 = 484416 um.
Total wire length on LAYER met3 = 195335 um.
Total wire length on LAYER met4 = 154845 um.
Total wire length on LAYER met5 = 2480 um.
Total number of vias = 236096.
Up-via summary (total 236096):

-------------------------
 FR_MASTERSLICE         0
            li1     97984
           met1    112157
           met2     19248
           met3      6610
           met4        97
-------------------------
               236096


[INFO DRT-0267] cpu time = 00:04:52, elapsed time = 00:00:31, memory = 4557.23 (MB), peak = 5820.70 (MB)

[INFO DRT-0180] Post processing.
[INFO DRT-0501] Runtime: 52.46s
[INFO ANT-0002] Found 0 net violations.
[INFO ANT-0001] Found 0 pin violations.
[INFO ANT-0002] Found 0 net violations.
[INFO ANT-0001] Found 0 pin violations.
Design area 241002 um^2 58% utilization.
write_db /work/results/sky130hd/m7_j1/d3_j1_p18p0/5_2_route.odb
Elapsed time: 17:55.48[h:]min:sec. CPU time: user 13595.75 sys 63.84 (1270%). Peak memory: 5960400KB.
Log                       Ext     Elapsed/s Peak Memory/MB sha1sum result [0:20)
5_2_route                 .odb         1075           5820 5b912b0676d98696bd96
/OpenROAD-flow-scripts/flow/scripts/flow.sh 5_3_fillcell fillcell
Running fillcell.tcl, stage 5_3_fillcell
read_liberty /OpenROAD-flow-scripts/flow/platforms/sky130hd/lib/sky130_fd_sc_hd__tt_025C_1v80.lib
read_db -hier /work/results/sky130hd/m7_j1/d3_j1_p18p0/5_2_route.odb
[WARNING ORD-0012] Hierarchical flow (-hier) is currently in development and may cause multiple issues. Do not use in production environments.
read_sdc /work/results/sky130hd/m7_j1/d3_j1_p18p0/5_1_grt.sdc
source /OpenROAD-flow-scripts/flow/platforms/sky130hd/setRC.tcl
[WARNING STA-0450] virtual clock vclk_core_clock can not be propagated.
filler_placement "sky130_fd_sc_hd__fill_1 sky130_fd_sc_hd__fill_2 sky130_fd_sc_hd__fill_4 sky130_fd_sc_hd__fill_8"
[INFO DPL-0001] Placed 37757 filler instances.
Design area 241002 um^2 58% utilization.
write_db /work/results/sky130hd/m7_j1/d3_j1_p18p0/5_3_fillcell.odb
Elapsed time: 0:00.72[h:]min:sec. CPU time: user 0.62 sys 0.11 (100%). Peak memory: 278132KB.
Log                       Ext     Elapsed/s Peak Memory/MB sha1sum result [0:20)
5_3_fillcell              .odb            0            271 ed575ea59e9bfc71481b
cp /work/results/sky130hd/m7_j1/d3_j1_p18p0/5_3_fillcell.odb /work/results/sky130hd/m7_j1/d3_j1_p18p0/5_route.odb
cp /work/results/sky130hd/m7_j1/d3_j1_p18p0/5_1_grt.sdc /work/results/sky130hd/m7_j1/d3_j1_p18p0/5_route.sdc
/OpenROAD-flow-scripts/flow/scripts/flow.sh 6_1_fill density_fill
Running density_fill.tcl, stage 6_1_fill
read_liberty /OpenROAD-flow-scripts/flow/platforms/sky130hd/lib/sky130_fd_sc_hd__tt_025C_1v80.lib
read_db -hier /work/results/sky130hd/m7_j1/d3_j1_p18p0/5_route.odb
[WARNING ORD-0012] Hierarchical flow (-hier) is currently in development and may cause multiple issues. Do not use in production environments.
read_sdc /work/results/sky130hd/m7_j1/d3_j1_p18p0/5_route.sdc
source /OpenROAD-flow-scripts/flow/platforms/sky130hd/setRC.tcl
exec cp /work/results/sky130hd/m7_j1/d3_j1_p18p0/5_route.odb /work/results/sky130hd/m7_j1/d3_j1_p18p0/6_1_fill.odb
Elapsed time: 0:00.53[h:]min:sec. CPU time: user 0.42 sys 0.11 (100%). Peak memory: 227152KB.
Log                       Ext     Elapsed/s Peak Memory/MB sha1sum result [0:20)
6_1_fill                  .odb            0            221 ed575ea59e9bfc71481b
cp /work/results/sky130hd/m7_j1/d3_j1_p18p0/5_route.sdc /work/results/sky130hd/m7_j1/d3_j1_p18p0/6_1_fill.sdc
/OpenROAD-flow-scripts/flow/scripts/flow.sh 6_report final_report
Running final_report.tcl, stage 6_report
read_liberty /OpenROAD-flow-scripts/flow/platforms/sky130hd/lib/sky130_fd_sc_hd__tt_025C_1v80.lib
read_db -hier /work/results/sky130hd/m7_j1/d3_j1_p18p0/6_1_fill.odb
[WARNING ORD-0012] Hierarchical flow (-hier) is currently in development and may cause multiple issues. Do not use in production environments.
read_sdc /work/results/sky130hd/m7_j1/d3_j1_p18p0/6_1_fill.sdc
source /OpenROAD-flow-scripts/flow/platforms/sky130hd/setRC.tcl
[WARNING STA-0450] virtual clock vclk_core_clock can not be propagated.
write_db /work/results/sky130hd/m7_j1/d3_j1_p18p0/6_final.odb
write_sdc -no_timestamp /work/results/sky130hd/m7_j1/d3_j1_p18p0/6_final.sdc
Deleted 0 routing obstructions
Warning: master sky130_ef_sc_hd__decap_12 has signal pins but no liberty cell
[INFO RCX-0431] Defined process_corner X with ext_model_index 0
[INFO RCX-0029] Defined extraction corner X
[WARNING RCX-0514] The ext_model_file option is deprecated. Use set_extraction_rules_file command instead.
[INFO RCX-0435] Reading extraction model file /OpenROAD-flow-scripts/flow/platforms/sky130hd/rcx_patterns.rules ...
[INFO RCX-0436] RC segment generation m7_ppa_j1_top (max_merge_res 50.0) ...
[INFO RCX-0040] Final 126574 rc segments
[INFO RCX-0439] Coupling Cap extraction m7_ppa_j1_top ...
[INFO RCX-0440] Coupling threshhold is 0.1000 fF, coupling capacitance less than 0.1000 fF will be grounded.
[INFO RCX-0442] 52% of 272770 wires extracted
[INFO RCX-0442] 100% of 272770 wires extracted
[INFO RCX-0045] Extract 27211 nets, 153560 rsegs, 153560 caps, 345982 ccs
[INFO RCX-0443] 27211 nets finished
[INFO PSM-0040] All shapes on net VDD are connected.
########## IR report #################
Net              : VDD
Corner           : default
Total power      : 6.60e-02 W
Supply voltage   : 1.80e+00 V
Worstcase voltage: 1.80e+00 V
Average voltage  : 1.80e+00 V
Average IR drop  : 3.36e-05 V
Worstcase IR drop: 1.35e-03 V
Percentage drop  : 0.07 %
######################################
[INFO PSM-0040] All shapes on net VSS are connected.
########## IR report #################
Net              : VSS
Corner           : default
Total power      : 6.60e-02 W
Supply voltage   : 0.00e+00 V
Worstcase voltage: 1.45e-03 V
Average voltage  : 3.05e-05 V
Average IR drop  : 3.05e-05 V
Worstcase IR drop: 1.45e-03 V
Percentage drop  : 0.08 %
######################################
Cell type report:                       Count       Area
  Fill cell                             37757  175924.98
  Tap cell                               5497    6877.85
  Antenna cell                            190     475.46
  Clock buffer                            339    8016.44
  Timing Repair Buffer                   1248   10268.60
  Inverter                                435    1636.57
  Clock inverter                          209    2631.27
  Sequential cell                        2420   61956.92
  Multi-Input combinational cell        22608  149139.29
  Total                                 70703  416927.37
Report metrics stage 6, finish...

==========================================================================
finish report_design_area
--------------------------------------------------------------------------
Design area 241002 um^2 58% utilization.
[WARNING GUI-0076] QStandardPaths: XDG_RUNTIME_DIR not set, defaulting to '/tmp/runtime-'
Elapsed time: 0:15.84[h:]min:sec. CPU time: user 31.96 sys 10.15 (265%). Peak memory: 747788KB.
Log                       Ext     Elapsed/s Peak Memory/MB sha1sum result [0:20)
6_report                                 15            730                  N/A
cp /OpenROAD-flow-scripts/flow/platforms/sky130hd/lef/sky130_fd_sc_hd.tlef /work/objects/sky130hd/m7_j1/d3_j1_p18p0/klayout_tech.lef
/usr/bin/python3 /OpenROAD-flow-scripts/flow/util/generate_klayout_tech.py \
	--template /OpenROAD-flow-scripts/flow/platforms/sky130hd/sky130hd.lyt \
	--output /work/objects/sky130hd/m7_j1/d3_j1_p18p0/klayout.lyt \
	--lef-files /work/objects/sky130hd/m7_j1/d3_j1_p18p0/klayout_tech.lef /OpenROAD-flow-scripts/flow/platforms/sky130hd/lef/sky130_fd_sc_hd_merged.lef   \
	--map-files 
/usr/bin/python3 /OpenROAD-flow-scripts/flow/scripts/run_command.py --log /work/logs/sky130hd/m7_j1/d3_j1_p18p0/6_1_merge.log --tee -- \
        /OpenROAD-flow-scripts/flow/scripts/klayout.sh -zz -rd design_name=m7_ppa_j1_top \
        -rd in_def=/work/results/sky130hd/m7_j1/d3_j1_p18p0/6_final.def \
        -rd in_files="/OpenROAD-flow-scripts/flow/platforms/sky130hd/gds/sky130_fd_sc_hd.gds  " \
        -rd seal_file="" \
        -rd out_file=/work/results/sky130hd/m7_j1/d3_j1_p18p0/6_1_merged.gds \
        -rd tech_file=/work/objects/sky130hd/m7_j1/d3_j1_p18p0/klayout.lyt \
        -rd layer_map= \
        -r /OpenROAD-flow-scripts/flow/util/def2stream.py
KLayout 0.30.7
[INFO] Reporting cells prior to loading DEF ...
	/OpenROAD-flow-scripts/flow/platforms/sky130hd/gds/sky130_fd_sc_hd.gds
[INFO] All LEF cells have matching GDS/OAS cells
[INFO] No orphan cells in the final layout
Elapsed time: 0:01.93[h:]min:sec. CPU time: user 1.77 sys 0.16 (99%). Peak memory: 578256KB.
cp /work/results/sky130hd/m7_j1/d3_j1_p18p0/6_1_merged.gds /work/results/sky130hd/m7_j1/d3_j1_p18p0/6_final.gds
/work/logs/sky130hd/m7_j1/d3_j1_p18p0
Log                       Ext     Elapsed/s Peak Memory/MB sha1sum result [0:20)
1_1_yosys_canonicalize    .rtlil          0             75 cd86fca0f17c6f35c509
1_2_yosys                 .v             46            215 2e2b1f90f725d8a7792c
1_2_yosys                 .sdc                             a56667f6ad0d463e0909
1_synth                   .odb            0            192 501804622f2963e86ac7
1_synth                   .sdc                             5b53e55887f58287f10b
2_1_floorplan             .odb            3            235 a0f5e06094b62b868522
2_1_floorplan             .sdc                             5b53e55887f58287f10b
2_2_floorplan_macro       .odb            0            173 a0f5e06094b62b868522
2_3_floorplan_tapcell     .odb            0            161 6885f6e97d7c2a643cfb
2_4_floorplan_pdn         .odb            0            196 f2d8969dd61b656ab925
3_1_place_gp_skip_io      .odb           25            214 202a986f01a650c03e52
3_2_place_iop             .odb            0            181 04cc134945157e0e4011
3_3_place_gp              .odb          158            593 8697dc4cd152ae03d069
3_4_place_resized         .odb            8            274 8697dc4cd152ae03d069
3_5_place_dp              .odb           11            309 09a76a7bc953925fc6a1
4_1_cts                   .odb            9            444 59771523a81ee1c70e34
5_1_grt                   .odb           42            999 d767a6fa2608bb799a40
5_1_grt                   .sdc                             1bce4671bad4c0484594
5_2_route                 .odb         1075           5820 5b912b0676d98696bd96
5_3_fillcell              .odb            0            271 ed575ea59e9bfc71481b
6_1_fill                  .odb            0            221 ed575ea59e9bfc71481b
6_1_fill                  .sdc                             1bce4671bad4c0484594
6_1_merge                                 1            564                  N/A
6_report                                 15            730                  N/A
Total                                  1393           5820                     
END_UTC=2026-08-13T20:09:56Z
ELAPSED_SEC=1409
EXIT_CODE=0
