START_UTC=2026-08-12T11:43:04Z
VARIANT=J1
DESIGN_CONFIG=/repo/m7/ppa/orfs/sky130hd/m7_j1/config.mk
LEC_CHECK=0
ORFS_IMAGE=openroad/orfs@sha256:817b608c69a71fafc7b61baec11b4dc073fb8efb9d2714f9bd3316db4beba277
FLOW=/home/mmr/ricv_paper/third_party/OpenROAD-flow-scripts/flow
OPENROAD: /OpenROAD-flow-scripts/tools/OpenROAD
mkdir -p /work/results/sky130hd/m7_j1/base/
echo 10.0 > /work/results/sky130hd/m7_j1/base/clock_period.txt
/OpenROAD-flow-scripts/flow/scripts/synth.sh /OpenROAD-flow-scripts/flow/scripts/synth_canonicalize.tcl /work/logs/sky130hd/m7_j1/base/1_1_yosys_canonicalize.log
Using ABC speed script.
Extracting clock period from SDC file: /work/results/sky130hd/m7_j1/base/clock_period.txt
Setting clock period to 10.0
1. Executing Liberty frontend: /OpenROAD-flow-scripts/flow/platforms/sky130hd/lib/sky130_fd_sc_hd__tt_025C_1v80.lib
2. Executing Liberty frontend: /OpenROAD-flow-scripts/flow/platforms/sky130hd/lib/sky130_fd_sc_hd__tt_025C_1v80.lib
3. Executing SLANG frontend.
3.1. Executing PROC_CLEAN pass (remove empty switches from decision trees).
3.2. Executing TRIBUF pass.
3.3. Executing PROC_RMDEAD pass (remove dead branches from decision trees).
3.4. Executing PROC_PRUNE pass (remove redundant assignments in processes).
3.5. Executing PROC_INIT pass (extract init attributes).
3.6. Executing PROC_ROM pass (convert switches to ROMs).
3.7. Executing PROC_MUX pass (convert decision trees to multiplexers).
3.8. Executing PROC_CLEAN pass (remove empty switches from decision trees).
3.9. Executing OPT_EXPR pass (perform const folding).
4. Executing HIERARCHY pass (managing design hierarchy).
4.1. Analyzing design hierarchy..
4.2. Analyzing design hierarchy..
5. Executing OPT_CLEAN pass (remove unused cells and wires).
6. Executing RTLIL backend.
End of script. Logfile hash: ce116ca0b7, time: 0.38s, user: 0.37s, system: 0.05s, MEM: 75.88 MB peak
Yosys 0.68+post (git sha1 UNKNOWN, Release, GNU /usr/local/bin/wrapped-cc/g++ 11.4.0)
Time spent: 32% 2x read_slang (0 sec), 21% 4x read_liberty (0 sec), ...
Elapsed time: 0:00.40[h:]min:sec. CPU time: user 0.39 sys 0.06 (112%). Peak memory: 77696KB.
Log                       Ext     Elapsed/s Peak Memory/MB sha1sum result [0:20)
1_1_yosys_canonicalize    .rtlil          0             75 cd86fca0f17c6f35c509
/OpenROAD-flow-scripts/flow/scripts/synth.sh /OpenROAD-flow-scripts/flow/scripts/synth.tcl /work/logs/sky130hd/m7_j1/base/1_2_yosys.log
Using ABC speed script.
Extracting clock period from SDC file: /work/results/sky130hd/m7_j1/base/clock_period.txt
Setting clock period to 10.0
1. Executing RTLIL frontend.
2. Executing HIERARCHY pass (managing design hierarchy).
2.1. Analyzing design hierarchy..
2.2. Analyzing design hierarchy..
3. Executing SYNTH pass.
3.1. Executing HIERARCHY pass (managing design hierarchy).
3.1.1. Analyzing design hierarchy..
3.1.2. Analyzing design hierarchy..
3.2. Executing PROC pass (convert processes to netlists).
3.2.1. Executing PROC_CLEAN pass (remove empty switches from decision trees).
3.2.2. Executing PROC_RMDEAD pass (remove dead branches from decision trees).
3.2.3. Executing PROC_PRUNE pass (remove redundant assignments in processes).
3.2.4. Executing PROC_INIT pass (extract init attributes).
3.2.5. Executing PROC_ARST pass (detect async resets in processes).
3.2.6. Executing PROC_ROM pass (convert switches to ROMs).
3.2.7. Executing PROC_MUX pass (convert decision trees to multiplexers).
3.2.8. Executing PROC_DLATCH pass (convert process syncs to latches).
3.2.9. Executing PROC_DFF pass (convert process syncs to FFs).
3.2.10. Executing PROC_MEMWR pass (convert process memory writes to cells).
3.2.11. Executing PROC_CLEAN pass (remove empty switches from decision trees).
3.2.12. Executing OPT_EXPR pass (perform const folding).
3.3. Executing CHECK pass (checking for obvious problems).
3.4. Executing FLATTEN pass (flatten design).
3.5. Executing OPT_EXPR pass (perform const folding).
3.6. Executing OPT_CLEAN pass (remove unused cells and wires).
3.7. Executing CHECK pass (checking for obvious problems).
3.8. Executing OPT pass (performing simple optimizations).
3.8.1. Executing OPT_EXPR pass (perform const folding).
3.8.2. Executing OPT_MERGE pass (detect identical cells).
3.8.3. Executing OPT_MUXTREE pass (detect dead branches in mux trees).
3.8.4. Executing OPT_REDUCE pass (consolidate $*mux and $reduce_* inputs).
3.8.5. Executing OPT_MERGE pass (detect identical cells).
3.8.6. Executing OPT_DFF pass (perform DFF optimizations).
3.8.7. Executing OPT_CLEAN pass (remove unused cells and wires).
3.8.8. Executing OPT_EXPR pass (perform const folding).
3.8.9. Rerunning OPT passes. (Maybe there is more to do..)
3.8.10. Executing OPT_MUXTREE pass (detect dead branches in mux trees).
3.8.11. Executing OPT_REDUCE pass (consolidate $*mux and $reduce_* inputs).
3.8.12. Executing OPT_MERGE pass (detect identical cells).
3.8.13. Executing OPT_DFF pass (perform DFF optimizations).
3.8.14. Executing OPT_CLEAN pass (remove unused cells and wires).
3.8.15. Executing OPT_EXPR pass (perform const folding).
3.8.16. Rerunning OPT passes. (Maybe there is more to do..)
3.8.17. Executing OPT_MUXTREE pass (detect dead branches in mux trees).
3.8.18. Executing OPT_REDUCE pass (consolidate $*mux and $reduce_* inputs).
3.8.19. Executing OPT_MERGE pass (detect identical cells).
3.8.20. Executing OPT_DFF pass (perform DFF optimizations).
3.8.21. Executing OPT_CLEAN pass (remove unused cells and wires).
3.8.22. Executing OPT_EXPR pass (perform const folding).
3.8.23. Finished fast OPT passes. (There is nothing left to do.)
3.9. Executing FSM pass (extract and optimize FSM).
3.9.1. Executing FSM_DETECT pass (finding FSMs in design).
3.9.2. Executing FSM_EXTRACT pass (extracting FSM from design).
3.9.3. Executing FSM_OPT pass (simple optimizations of FSMs).
3.9.4. Executing OPT_CLEAN pass (remove unused cells and wires).
3.9.5. Executing FSM_OPT pass (simple optimizations of FSMs).
3.9.6. Executing FSM_RECODE pass (re-assigning FSM state encoding).
3.9.7. Executing FSM_INFO pass (dumping all available information on FSM cells).
3.9.8. Executing FSM_MAP pass (mapping FSMs to basic logic).
3.10. Executing OPT pass (performing simple optimizations).
3.10.1. Executing OPT_EXPR pass (perform const folding).
3.10.2. Executing OPT_MERGE pass (detect identical cells).
3.10.3. Executing OPT_MUXTREE pass (detect dead branches in mux trees).
3.10.4. Executing OPT_REDUCE pass (consolidate $*mux and $reduce_* inputs).
3.10.5. Executing OPT_MERGE pass (detect identical cells).
3.10.6. Executing OPT_DFF pass (perform DFF optimizations).
3.10.7. Executing OPT_CLEAN pass (remove unused cells and wires).
3.10.8. Executing OPT_EXPR pass (perform const folding).
3.10.9. Rerunning OPT passes. (Maybe there is more to do..)
3.10.10. Executing OPT_MUXTREE pass (detect dead branches in mux trees).
3.10.11. Executing OPT_REDUCE pass (consolidate $*mux and $reduce_* inputs).
3.10.12. Executing OPT_MERGE pass (detect identical cells).
3.10.13. Executing OPT_DFF pass (perform DFF optimizations).
3.10.14. Executing OPT_CLEAN pass (remove unused cells and wires).
3.10.15. Executing OPT_EXPR pass (perform const folding).
3.10.16. Rerunning OPT passes. (Maybe there is more to do..)
3.10.17. Executing OPT_MUXTREE pass (detect dead branches in mux trees).
3.10.18. Executing OPT_REDUCE pass (consolidate $*mux and $reduce_* inputs).
3.10.19. Executing OPT_MERGE pass (detect identical cells).
3.10.20. Executing OPT_DFF pass (perform DFF optimizations).
3.10.21. Executing OPT_CLEAN pass (remove unused cells and wires).
3.10.22. Executing OPT_EXPR pass (perform const folding).
3.10.23. Rerunning OPT passes. (Maybe there is more to do..)
3.10.24. Executing OPT_MUXTREE pass (detect dead branches in mux trees).
3.10.25. Executing OPT_REDUCE pass (consolidate $*mux and $reduce_* inputs).
3.10.26. Executing OPT_MERGE pass (detect identical cells).
3.10.27. Executing OPT_DFF pass (perform DFF optimizations).
3.10.28. Executing OPT_CLEAN pass (remove unused cells and wires).
3.10.29. Executing OPT_EXPR pass (perform const folding).
3.10.30. Rerunning OPT passes. (Maybe there is more to do..)
3.10.31. Executing OPT_MUXTREE pass (detect dead branches in mux trees).
3.10.32. Executing OPT_REDUCE pass (consolidate $*mux and $reduce_* inputs).
3.10.33. Executing OPT_MERGE pass (detect identical cells).
3.10.34. Executing OPT_DFF pass (perform DFF optimizations).
3.10.35. Executing OPT_CLEAN pass (remove unused cells and wires).
3.10.36. Executing OPT_EXPR pass (perform const folding).
3.10.37. Finished fast OPT passes. (There is nothing left to do.)
3.11. Executing WREDUCE pass (reducing word size of cells).
3.12. Executing PEEPOPT pass (run peephole optimizers).
3.13. Executing OPT_CLEAN pass (remove unused cells and wires).
3.14. Executing ALUMACC pass (create $alu and $macc cells).
3.15. Executing SHARE pass (SAT-based resource sharing).
3.16. Executing OPT pass (performing simple optimizations).
3.16.1. Executing OPT_EXPR pass (perform const folding).
3.16.2. Executing OPT_MERGE pass (detect identical cells).
3.16.3. Executing OPT_MUXTREE pass (detect dead branches in mux trees).
3.16.4. Executing OPT_REDUCE pass (consolidate $*mux and $reduce_* inputs).
3.16.5. Executing OPT_MERGE pass (detect identical cells).
3.16.6. Executing OPT_DFF pass (perform DFF optimizations).
3.16.7. Executing OPT_CLEAN pass (remove unused cells and wires).
3.16.8. Executing OPT_EXPR pass (perform const folding).
3.16.9. Rerunning OPT passes. (Maybe there is more to do..)
3.16.10. Executing OPT_MUXTREE pass (detect dead branches in mux trees).
3.16.11. Executing OPT_REDUCE pass (consolidate $*mux and $reduce_* inputs).
3.16.12. Executing OPT_MERGE pass (detect identical cells).
3.16.13. Executing OPT_DFF pass (perform DFF optimizations).
3.16.14. Executing OPT_CLEAN pass (remove unused cells and wires).
3.16.15. Executing OPT_EXPR pass (perform const folding).
3.16.16. Finished fast OPT passes. (There is nothing left to do.)
3.17. Executing MEMORY pass.
3.17.1. Executing OPT_MEM pass (optimize memories).
3.17.2. Executing OPT_MEM_PRIORITY pass (removing unnecessary memory write priority relations).
3.17.3. Executing OPT_MEM_FEEDBACK pass (finding memory read-to-write feedback paths).
3.17.4. Executing MEMORY_BMUX2ROM pass (converting muxes to ROMs).
3.17.5. Executing MEMORY_DFF pass (merging $dff cells to $memrd).
3.17.6. Executing OPT_CLEAN pass (remove unused cells and wires).
3.17.7. Executing MEMORY_SHARE pass (consolidating $memrd/$memwr cells).
3.17.8. Executing OPT_MEM_WIDEN pass (optimize memories where all ports are wide).
3.17.9. Executing OPT_CLEAN pass (remove unused cells and wires).
3.17.10. Executing MEMORY_COLLECT pass (generating $mem cells).
3.18. Executing OPT_CLEAN pass (remove unused cells and wires).
4. Executing TECHMAP pass (map to technology primitives).
4.1. Executing Verilog-2005 frontend: /OpenROAD-flow-scripts/tools/install/yosys/bin/../share/yosys/techmap.v
4.2. Continuing TECHMAP pass.
5. Generating architectural options for $alu
5.1. Executing WRAPCELL pass. (wrap selected cells)
5.2. Executing TECHMAP pass (map to technology primitives).
5.2.1. Executing Verilog-2005 frontend: /OpenROAD-flow-scripts/tools/install/yosys/bin/../share/yosys/techmap.v
5.2.2. Executing Verilog-2005 frontend: /OpenROAD-flow-scripts/tools/install/yosys/bin/../share/yosys/choices/han-carlson.v
5.2.3. Continuing TECHMAP pass.
Warning: Latch inferred for signal `$paramod\_80_lcu_han_carlson\WIDTH=32'00000000000000000000000000100010.\j [4:0]' from process `$paramod\_80_lcu_han_carlson\WIDTH=32'00000000000000000000000000100010.$proc$/OpenROAD-flow-scripts/tools/install/yosys/bin/../share/yosys/choices/han-carlson.v:18$79156': $auto$proc_dlatch.cc:545:proc_dlatch$80476
Warning: Latch inferred for signal `$paramod\_80_lcu_han_carlson\WIDTH=32'00000000000000000000000000100010.\j [31:5]' from process `$paramod\_80_lcu_han_carlson\WIDTH=32'00000000000000000000000000100010.$proc$/OpenROAD-flow-scripts/tools/install/yosys/bin/../share/yosys/choices/han-carlson.v:18$79156': $auto$proc_dlatch.cc:547:proc_dlatch$80479
Warning: Latch inferred for signal `$paramod\_80_lcu_han_carlson\WIDTH=32'00000000000000000000000000100000.\j [3:0]' from process `$paramod\_80_lcu_han_carlson\WIDTH=32'00000000000000000000000000100000.$proc$/OpenROAD-flow-scripts/tools/install/yosys/bin/../share/yosys/choices/han-carlson.v:18$81021': $auto$proc_dlatch.cc:545:proc_dlatch$82248
Warning: Latch inferred for signal `$paramod\_80_lcu_han_carlson\WIDTH=32'00000000000000000000000000100000.\j [31:4]' from process `$paramod\_80_lcu_han_carlson\WIDTH=32'00000000000000000000000000100000.$proc$/OpenROAD-flow-scripts/tools/install/yosys/bin/../share/yosys/choices/han-carlson.v:18$81021': $auto$proc_dlatch.cc:547:proc_dlatch$82251
Warning: Latch inferred for signal `$paramod\_80_lcu_han_carlson\WIDTH=32'00000000000000000000000000100001.\j [4:0]' from process `$paramod\_80_lcu_han_carlson\WIDTH=32'00000000000000000000000000100001.$proc$/OpenROAD-flow-scripts/tools/install/yosys/bin/../share/yosys/choices/han-carlson.v:18$83200': $auto$proc_dlatch.cc:545:proc_dlatch$84460
Warning: Latch inferred for signal `$paramod\_80_lcu_han_carlson\WIDTH=32'00000000000000000000000000100001.\j [31:5]' from process `$paramod\_80_lcu_han_carlson\WIDTH=32'00000000000000000000000000100001.$proc$/OpenROAD-flow-scripts/tools/install/yosys/bin/../share/yosys/choices/han-carlson.v:18$83200': $auto$proc_dlatch.cc:547:proc_dlatch$84463
5.3. Executing TECHMAP pass (map to technology primitives).
5.3.1. Executing Verilog-2005 frontend: /OpenROAD-flow-scripts/tools/install/yosys/bin/../share/yosys/techmap.v
5.3.2. Executing Verilog-2005 frontend: /OpenROAD-flow-scripts/tools/install/yosys/bin/../share/yosys/choices/kogge-stone.v
5.3.3. Continuing TECHMAP pass.
5.4. Executing TECHMAP pass (map to technology primitives).
5.4.1. Executing Verilog-2005 frontend: /OpenROAD-flow-scripts/tools/install/yosys/bin/../share/yosys/techmap.v
5.4.2. Executing Verilog-2005 frontend: /OpenROAD-flow-scripts/tools/install/yosys/bin/../share/yosys/choices/sklansky.v
5.4.3. Continuing TECHMAP pass.
5.5. Executing TECHMAP pass (map to technology primitives).
5.5.1. Executing Verilog-2005 frontend: /OpenROAD-flow-scripts/tools/install/yosys/bin/../share/yosys/techmap.v
5.5.2. Continuing TECHMAP pass.
6. Generating architectural options for $macc
6.1. Executing WRAPCELL pass. (wrap selected cells)
6.2. Executing TECHMAP pass (map to technology primitives).
6.2.1. Executing Verilog-2005 frontend: /OpenROAD-flow-scripts/tools/install/yosys/bin/../share/yosys/techmap.v
6.2.2. Executing Verilog-2005 frontend: /OpenROAD-flow-scripts/flow/scripts/synth_wrap_operators-booth.v
6.2.3. Continuing TECHMAP pass.
6.3. Executing TECHMAP pass (map to technology primitives).
6.3.1. Executing Verilog-2005 frontend: /OpenROAD-flow-scripts/tools/install/yosys/bin/../share/yosys/techmap.v
6.3.2. Executing Verilog-2005 frontend: /OpenROAD-flow-scripts/tools/install/yosys/bin/../share/yosys/choices/han-carlson.v
6.3.3. Continuing TECHMAP pass.
7. Executing OPT pass (performing simple optimizations).
7.1. Executing OPT_EXPR pass (perform const folding).
7.2. Executing OPT_MERGE pass (detect identical cells).
7.3. Executing OPT_DFF pass (perform DFF optimizations).
7.4. Executing OPT_CLEAN pass (remove unused cells and wires).
7.5. Rerunning OPT passes. (Removed registers in this run.)
7.6. Executing OPT_EXPR pass (perform const folding).
7.7. Executing OPT_MERGE pass (detect identical cells).
7.8. Executing OPT_DFF pass (perform DFF optimizations).
7.9. Executing OPT_CLEAN pass (remove unused cells and wires).
7.10. Rerunning OPT passes. (Removed registers in this run.)
7.11. Executing OPT_EXPR pass (perform const folding).
7.12. Executing OPT_MERGE pass (detect identical cells).
7.13. Executing OPT_DFF pass (perform DFF optimizations).
7.14. Executing OPT_CLEAN pass (remove unused cells and wires).
7.15. Finished fast OPT passes.
8. Executing MEMORY_MAP pass (converting memories to logic and flip-flops).
9. Executing OPT pass (performing simple optimizations).
9.1. Executing OPT_EXPR pass (perform const folding).
9.2. Executing OPT_MERGE pass (detect identical cells).
9.3. Executing OPT_MUXTREE pass (detect dead branches in mux trees).
9.4. Executing OPT_REDUCE pass (consolidate $*mux and $reduce_* inputs).
9.5. Executing OPT_MERGE pass (detect identical cells).
9.6. Executing OPT_SHARE pass.
9.7. Executing OPT_DFF pass (perform DFF optimizations).
9.8. Executing OPT_CLEAN pass (remove unused cells and wires).
9.9. Executing OPT_EXPR pass (perform const folding).
9.10. Rerunning OPT passes. (Maybe there is more to do..)
9.11. Executing OPT_MUXTREE pass (detect dead branches in mux trees).
9.12. Executing OPT_REDUCE pass (consolidate $*mux and $reduce_* inputs).
9.13. Executing OPT_MERGE pass (detect identical cells).
9.14. Executing OPT_SHARE pass.
9.15. Executing OPT_DFF pass (perform DFF optimizations).
9.16. Executing OPT_CLEAN pass (remove unused cells and wires).
9.17. Executing OPT_EXPR pass (perform const folding).
9.18. Rerunning OPT passes. (Maybe there is more to do..)
9.19. Executing OPT_MUXTREE pass (detect dead branches in mux trees).
9.20. Executing OPT_REDUCE pass (consolidate $*mux and $reduce_* inputs).
9.21. Executing OPT_MERGE pass (detect identical cells).
9.22. Executing OPT_SHARE pass.
9.23. Executing OPT_DFF pass (perform DFF optimizations).
9.24. Executing OPT_CLEAN pass (remove unused cells and wires).
9.25. Executing OPT_EXPR pass (perform const folding).
9.26. Finished fast OPT passes. (There is nothing left to do.)
10. Executing TECHMAP pass (map to technology primitives).
10.1. Executing Verilog-2005 frontend: /OpenROAD-flow-scripts/tools/install/yosys/bin/../share/yosys/techmap.v
10.2. Executing Verilog-2005 frontend: /OpenROAD-flow-scripts/tools/install/yosys/bin/../share/yosys/choices/han-carlson.v
10.3. Continuing TECHMAP pass.
Warning: Latch inferred for signal `$paramod\_80_lcu_han_carlson\WIDTH=32'00000000000000000000000000000101.\j [1:0]' from process `$paramod\_80_lcu_han_carlson\WIDTH=32'00000000000000000000000000000101.$proc$/OpenROAD-flow-scripts/tools/install/yosys/bin/../share/yosys/choices/han-carlson.v:18$98413': $auto$proc_dlatch.cc:545:proc_dlatch$98569
Warning: Latch inferred for signal `$paramod\_80_lcu_han_carlson\WIDTH=32'00000000000000000000000000000101.\j [31:2]' from process `$paramod\_80_lcu_han_carlson\WIDTH=32'00000000000000000000000000000101.$proc$/OpenROAD-flow-scripts/tools/install/yosys/bin/../share/yosys/choices/han-carlson.v:18$98413': $auto$proc_dlatch.cc:547:proc_dlatch$98572
Warning: Latch inferred for signal `$paramod\_80_lcu_han_carlson\WIDTH=32'00000000000000000000000000000001.\j' from process `$paramod\_80_lcu_han_carlson\WIDTH=32'00000000000000000000000000000001.$proc$/OpenROAD-flow-scripts/tools/install/yosys/bin/../share/yosys/choices/han-carlson.v:18$98587': $auto$proc_dlatch.cc:545:proc_dlatch$98625
Warning: Latch inferred for signal `$paramod\_80_lcu_han_carlson\WIDTH=32'00000000000000000000000000000010.\j' from process `$paramod\_80_lcu_han_carlson\WIDTH=32'00000000000000000000000000000010.$proc$/OpenROAD-flow-scripts/tools/install/yosys/bin/../share/yosys/choices/han-carlson.v:18$98637': $auto$proc_dlatch.cc:545:proc_dlatch$98690
Warning: Latch inferred for signal `$paramod\_80_lcu_han_carlson\WIDTH=32'00000000000000000000000000001100.\j [2:0]' from process `$paramod\_80_lcu_han_carlson\WIDTH=32'00000000000000000000000000001100.$proc$/OpenROAD-flow-scripts/tools/install/yosys/bin/../share/yosys/choices/han-carlson.v:18$98724': $auto$proc_dlatch.cc:545:proc_dlatch$99129
Warning: Latch inferred for signal `$paramod\_80_lcu_han_carlson\WIDTH=32'00000000000000000000000000001100.\j [31:3]' from process `$paramod\_80_lcu_han_carlson\WIDTH=32'00000000000000000000000000001100.$proc$/OpenROAD-flow-scripts/tools/install/yosys/bin/../share/yosys/choices/han-carlson.v:18$98724': $auto$proc_dlatch.cc:547:proc_dlatch$99132
Warning: Latch inferred for signal `$paramod\_80_lcu_han_carlson\WIDTH=32'00000000000000000000000001000000.\j [4:0]' from process `$paramod\_80_lcu_han_carlson\WIDTH=32'00000000000000000000000001000000.$proc$/OpenROAD-flow-scripts/tools/install/yosys/bin/../share/yosys/choices/han-carlson.v:18$99397': $auto$proc_dlatch.cc:545:proc_dlatch$102112
Warning: Latch inferred for signal `$paramod\_80_lcu_han_carlson\WIDTH=32'00000000000000000000000001000000.\j [31:5]' from process `$paramod\_80_lcu_han_carlson\WIDTH=32'00000000000000000000000001000000.$proc$/OpenROAD-flow-scripts/tools/install/yosys/bin/../share/yosys/choices/han-carlson.v:18$99397': $auto$proc_dlatch.cc:547:proc_dlatch$102115
Warning: Latch inferred for signal `$paramod\_80_lcu_han_carlson\WIDTH=32'00000000000000000000000000011111.\j [3:0]' from process `$paramod\_80_lcu_han_carlson\WIDTH=32'00000000000000000000000000011111.$proc$/OpenROAD-flow-scripts/tools/install/yosys/bin/../share/yosys/choices/han-carlson.v:18$102490': $auto$proc_dlatch.cc:545:proc_dlatch$103666
Warning: Latch inferred for signal `$paramod\_80_lcu_han_carlson\WIDTH=32'00000000000000000000000000011111.\j [31:4]' from process `$paramod\_80_lcu_han_carlson\WIDTH=32'00000000000000000000000000011111.$proc$/OpenROAD-flow-scripts/tools/install/yosys/bin/../share/yosys/choices/han-carlson.v:18$102490': $auto$proc_dlatch.cc:547:proc_dlatch$103669
Warning: Latch inferred for signal `$paramod\_80_lcu_han_carlson\WIDTH=32'00000000000000000000000000011110.\j [3:0]' from process `$paramod\_80_lcu_han_carlson\WIDTH=32'00000000000000000000000000011110.$proc$/OpenROAD-flow-scripts/tools/install/yosys/bin/../share/yosys/choices/han-carlson.v:18$104165': $auto$proc_dlatch.cc:545:proc_dlatch$105308
Warning: Latch inferred for signal `$paramod\_80_lcu_han_carlson\WIDTH=32'00000000000000000000000000011110.\j [31:4]' from process `$paramod\_80_lcu_han_carlson\WIDTH=32'00000000000000000000000000011110.$proc$/OpenROAD-flow-scripts/tools/install/yosys/bin/../share/yosys/choices/han-carlson.v:18$104165': $auto$proc_dlatch.cc:547:proc_dlatch$105311
Warning: Latch inferred for signal `$paramod\_80_lcu_han_carlson\WIDTH=32'00000000000000000000000000000011.\j [0]' from process `$paramod\_80_lcu_han_carlson\WIDTH=32'00000000000000000000000000000011.$proc$/OpenROAD-flow-scripts/tools/install/yosys/bin/../share/yosys/choices/han-carlson.v:18$105371': $auto$proc_dlatch.cc:545:proc_dlatch$105470
Warning: Latch inferred for signal `$paramod\_80_lcu_han_carlson\WIDTH=32'00000000000000000000000000000011.\j [31:1]' from process `$paramod\_80_lcu_han_carlson\WIDTH=32'00000000000000000000000000000011.$proc$/OpenROAD-flow-scripts/tools/install/yosys/bin/../share/yosys/choices/han-carlson.v:18$105371': $auto$proc_dlatch.cc:547:proc_dlatch$105473
11. Executing OPT pass (performing simple optimizations).
11.1. Executing OPT_EXPR pass (perform const folding).
11.2. Executing OPT_MERGE pass (detect identical cells).
11.3. Executing OPT_MUXTREE pass (detect dead branches in mux trees).
11.4. Executing OPT_REDUCE pass (consolidate $*mux and $reduce_* inputs).
11.5. Executing OPT_MERGE pass (detect identical cells).
11.6. Executing OPT_DFF pass (perform DFF optimizations).
11.7. Executing OPT_CLEAN pass (remove unused cells and wires).
11.8. Executing OPT_EXPR pass (perform const folding).
11.9. Rerunning OPT passes. (Maybe there is more to do..)
11.10. Executing OPT_MUXTREE pass (detect dead branches in mux trees).
11.11. Executing OPT_REDUCE pass (consolidate $*mux and $reduce_* inputs).
11.12. Executing OPT_MERGE pass (detect identical cells).
11.13. Executing OPT_DFF pass (perform DFF optimizations).
11.14. Executing OPT_CLEAN pass (remove unused cells and wires).
11.15. Executing OPT_EXPR pass (perform const folding).
11.16. Finished fast OPT passes. (There is nothing left to do.)
12. Executing DFFLEGALIZE pass (convert FFs to types supported by the target).
13. Executing TECHMAP pass (map to technology primitives).
13.1. Executing Verilog-2005 frontend: /OpenROAD-flow-scripts/flow/platforms/sky130hd/cells_latch_hd.v
13.2. Continuing TECHMAP pass.
14. Executing DFFLIBMAP pass (mapping DFF cells to sequential cells from liberty file).
14.1. Executing DFFLEGALIZE pass (convert FFs to types supported by the target).
15. Executing OPT pass (performing simple optimizations).
15.1. Executing OPT_EXPR pass (perform const folding).
15.2. Executing OPT_MERGE pass (detect identical cells).
15.3. Executing OPT_MUXTREE pass (detect dead branches in mux trees).
15.4. Executing OPT_REDUCE pass (consolidate $*mux and $reduce_* inputs).
15.5. Executing OPT_MERGE pass (detect identical cells).
15.6. Executing OPT_DFF pass (perform DFF optimizations).
15.7. Executing OPT_CLEAN pass (remove unused cells and wires).
15.8. Executing OPT_EXPR pass (perform const folding).
15.9. Rerunning OPT passes. (Maybe there is more to do..)
15.10. Executing OPT_MUXTREE pass (detect dead branches in mux trees).
15.11. Executing OPT_REDUCE pass (consolidate $*mux and $reduce_* inputs).
15.12. Executing OPT_MERGE pass (detect identical cells).
15.13. Executing OPT_DFF pass (perform DFF optimizations).
15.14. Executing OPT_CLEAN pass (remove unused cells and wires).
15.15. Executing OPT_EXPR pass (perform const folding).
15.16. Finished fast OPT passes. (There is nothing left to do.)
16. Executing SETUNDEF pass (replace undef values with defined constants).
abc_new -liberty /OpenROAD-flow-scripts/flow/platforms/sky130hd/lib/sky130_fd_sc_hd__tt_025C_1v80.lib -dont_use sky130_fd_sc_hd__probe_p_8 -dont_use sky130_fd_sc_hd__probec_p_8 -dont_use sky130_fd_sc_hd__lpflow_bleeder_1 -dont_use sky130_fd_sc_hd__lpflow_clkbufkapwr_1 -dont_use sky130_fd_sc_hd__lpflow_clkbufkapwr_16 -dont_use sky130_fd_sc_hd__lpflow_clkbufkapwr_2 -dont_use sky130_fd_sc_hd__lpflow_clkbufkapwr_4 -dont_use sky130_fd_sc_hd__lpflow_clkbufkapwr_8 -dont_use sky130_fd_sc_hd__lpflow_clkinvkapwr_1 -dont_use sky130_fd_sc_hd__lpflow_clkinvkapwr_16 -dont_use sky130_fd_sc_hd__lpflow_clkinvkapwr_2 -dont_use sky130_fd_sc_hd__lpflow_clkinvkapwr_4 -dont_use sky130_fd_sc_hd__lpflow_clkinvkapwr_8 -dont_use sky130_fd_sc_hd__lpflow_decapkapwr_12 -dont_use sky130_fd_sc_hd__lpflow_decapkapwr_3 -dont_use sky130_fd_sc_hd__lpflow_decapkapwr_4 -dont_use sky130_fd_sc_hd__lpflow_decapkapwr_6 -dont_use sky130_fd_sc_hd__lpflow_decapkapwr_8 -dont_use sky130_fd_sc_hd__lpflow_inputiso0n_1 -dont_use sky130_fd_sc_hd__lpflow_inputiso0p_1 -dont_use sky130_fd_sc_hd__lpflow_inputiso1n_1 -dont_use sky130_fd_sc_hd__lpflow_inputiso1p_1 -dont_use sky130_fd_sc_hd__lpflow_inputisolatch_1 -dont_use sky130_fd_sc_hd__lpflow_isobufsrc_1 -dont_use sky130_fd_sc_hd__lpflow_isobufsrc_16 -dont_use sky130_fd_sc_hd__lpflow_isobufsrc_2 -dont_use sky130_fd_sc_hd__lpflow_isobufsrc_4 -dont_use sky130_fd_sc_hd__lpflow_isobufsrc_8 -dont_use sky130_fd_sc_hd__lpflow_isobufsrckapwr_16 -dont_use sky130_fd_sc_hd__lpflow_lsbuf_lh_hl_isowell_tap_1 -dont_use sky130_fd_sc_hd__lpflow_lsbuf_lh_hl_isowell_tap_2 -dont_use sky130_fd_sc_hd__lpflow_lsbuf_lh_hl_isowell_tap_4 -dont_use sky130_fd_sc_hd__lpflow_lsbuf_lh_isowell_4 -dont_use sky130_fd_sc_hd__lpflow_lsbuf_lh_isowell_tap_1 -dont_use sky130_fd_sc_hd__lpflow_lsbuf_lh_isowell_tap_2 -dont_use sky130_fd_sc_hd__lpflow_lsbuf_lh_isowell_tap_4 -constr /work/objects/sky130hd/m7_j1/base/abc.constr -D 10.0
Warning: Feature 'abc_new' is experimental.
17. Executing ABC_NEW pass.
17.1. Executing ABC9_OPS pass (helper functions for ABC9).
17.2. Executing BOX_DERIVE pass. (derive modules for boxes)
17.3. Executing ABC9_OPS pass (helper functions for ABC9).
17.4. Executing ABC9_OPS pass (helper functions for ABC9).
17.5. Mapping module 'ALU_33_0_33_0_33_unused_CO_X_Y[0]_HAN_CARLSON'.
17.5.1. Executing ABC9_OPS pass (helper functions for ABC9).
Warning: Feature 'write_xaiger2' is experimental.
17.5.2. Executing XAIGER2 backend.
17.5.3. Executing ABC9_EXE pass (technology mapping using ABC9).
17.5.4. Executing ABC9.
Warning: Feature 'read_xaiger2' is experimental.
17.5.5. Executing XAIGER2 frontend.
17.6. Executing PORTARCS pass. (derive propagation arcs)
17.7. Executing ABC9_OPS pass (helper functions for ABC9).
17.8. Mapping module 'ALU_30_0_32_0_32_unused_CO[30:0]_X_Y_HAN_CARLSON'.
17.8.1. Executing ABC9_OPS pass (helper functions for ABC9).
17.8.2. Executing XAIGER2 backend.
17.8.3. Executing ABC9_EXE pass (technology mapping using ABC9).
17.8.4. Executing ABC9.
17.8.5. Executing XAIGER2 frontend.
17.9. Executing PORTARCS pass. (derive propagation arcs)
17.10. Executing ABC9_OPS pass (helper functions for ABC9).
17.11. Mapping module 'ALU_30_0_32_0_32_unused_CO[30:0]_Y_HAN_CARLSON'.
17.11.1. Executing ABC9_OPS pass (helper functions for ABC9).
17.11.2. Executing XAIGER2 backend.
17.11.3. Executing ABC9_EXE pass (technology mapping using ABC9).
17.11.4. Executing ABC9.
17.11.5. Executing XAIGER2 frontend.
17.12. Executing PORTARCS pass. (derive propagation arcs)
17.13. Executing ABC9_OPS pass (helper functions for ABC9).
17.14. Mapping module 'ALU_34_0_34_0_34_HAN_CARLSON'.
17.14.1. Executing ABC9_OPS pass (helper functions for ABC9).
17.14.2. Executing XAIGER2 backend.
17.14.3. Executing ABC9_EXE pass (technology mapping using ABC9).
17.14.4. Executing ABC9.
17.14.5. Executing XAIGER2 frontend.
17.15. Executing PORTARCS pass. (derive propagation arcs)
17.16. Executing ABC9_OPS pass (helper functions for ABC9).
17.17. Mapping module 'm7_ppa_j1_top'.
17.17.1. Executing ABC9_OPS pass (helper functions for ABC9).
17.17.2. Executing XAIGER2 backend.
17.17.3. Executing ABC9_EXE pass (technology mapping using ABC9).
17.17.4. Executing ABC9.
Warning: ABC: execution of command ""/OpenROAD-flow-scripts/tools/install/yosys/bin/yosys-abc" -s -f /tmp/yosys-abc-TOGuFQ/abc.script 2>&1" failed: return code 134.
17.17.5. Executing XAIGER2 frontend.
17.18. Mapping module 'ALU_34_0_34_0_34_BRENT_KUNG'.
17.18.1. Executing ABC9_OPS pass (helper functions for ABC9).
17.18.2. Executing XAIGER2 backend.
17.18.3. Executing ABC9_EXE pass (technology mapping using ABC9).
17.18.4. Executing ABC9.
17.18.5. Executing XAIGER2 frontend.
17.19. Executing PORTARCS pass. (derive propagation arcs)
17.20. Executing ABC9_OPS pass (helper functions for ABC9).
17.21. Mapping module 'ALU_34_0_34_0_34_SKLANSKY'.
17.21.1. Executing ABC9_OPS pass (helper functions for ABC9).
17.21.2. Executing XAIGER2 backend.
17.21.3. Executing ABC9_EXE pass (technology mapping using ABC9).
17.21.4. Executing ABC9.
17.21.5. Executing XAIGER2 frontend.
17.22. Executing PORTARCS pass. (derive propagation arcs)
17.23. Executing ABC9_OPS pass (helper functions for ABC9).
17.24. Mapping module 'ALU_34_0_34_0_34_KOGGE_STONE'.
17.24.1. Executing ABC9_OPS pass (helper functions for ABC9).
17.24.2. Executing XAIGER2 backend.
17.24.3. Executing ABC9_EXE pass (technology mapping using ABC9).
17.24.4. Executing ABC9.
17.24.5. Executing XAIGER2 frontend.
17.25. Executing PORTARCS pass. (derive propagation arcs)
17.26. Executing ABC9_OPS pass (helper functions for ABC9).
17.27. Mapping module 'ALU_30_0_32_0_32_unused_CO[30:0]_Y_BRENT_KUNG'.
17.27.1. Executing ABC9_OPS pass (helper functions for ABC9).
17.27.2. Executing XAIGER2 backend.
17.27.3. Executing ABC9_EXE pass (technology mapping using ABC9).
17.27.4. Executing ABC9.
17.27.5. Executing XAIGER2 frontend.
17.28. Executing PORTARCS pass. (derive propagation arcs)
17.29. Executing ABC9_OPS pass (helper functions for ABC9).
17.30. Mapping module 'ALU_30_0_32_0_32_unused_CO[30:0]_Y_SKLANSKY'.
17.30.1. Executing ABC9_OPS pass (helper functions for ABC9).
17.30.2. Executing XAIGER2 backend.
17.30.3. Executing ABC9_EXE pass (technology mapping using ABC9).
17.30.4. Executing ABC9.
17.30.5. Executing XAIGER2 frontend.
17.31. Executing PORTARCS pass. (derive propagation arcs)
17.32. Executing ABC9_OPS pass (helper functions for ABC9).
17.33. Mapping module 'ALU_30_0_32_0_32_unused_CO[30:0]_Y_KOGGE_STONE'.
17.33.1. Executing ABC9_OPS pass (helper functions for ABC9).
17.33.2. Executing XAIGER2 backend.
17.33.3. Executing ABC9_EXE pass (technology mapping using ABC9).
17.33.4. Executing ABC9.
17.33.5. Executing XAIGER2 frontend.
17.34. Executing PORTARCS pass. (derive propagation arcs)
17.35. Executing ABC9_OPS pass (helper functions for ABC9).
17.36. Mapping module 'ALU_30_0_32_0_32_unused_CO[30:0]_X_Y_BRENT_KUNG'.
17.36.1. Executing ABC9_OPS pass (helper functions for ABC9).
17.36.2. Executing XAIGER2 backend.
17.36.3. Executing ABC9_EXE pass (technology mapping using ABC9).
17.36.4. Executing ABC9.
17.36.5. Executing XAIGER2 frontend.
17.37. Executing PORTARCS pass. (derive propagation arcs)
17.38. Executing ABC9_OPS pass (helper functions for ABC9).
17.39. Mapping module 'ALU_30_0_32_0_32_unused_CO[30:0]_X_Y_SKLANSKY'.
17.39.1. Executing ABC9_OPS pass (helper functions for ABC9).
17.39.2. Executing XAIGER2 backend.
17.39.3. Executing ABC9_EXE pass (technology mapping using ABC9).
17.39.4. Executing ABC9.
17.39.5. Executing XAIGER2 frontend.
17.40. Executing PORTARCS pass. (derive propagation arcs)
17.41. Executing ABC9_OPS pass (helper functions for ABC9).
17.42. Mapping module 'ALU_30_0_32_0_32_unused_CO[30:0]_X_Y_KOGGE_STONE'.
17.42.1. Executing ABC9_OPS pass (helper functions for ABC9).
17.42.2. Executing XAIGER2 backend.
17.42.3. Executing ABC9_EXE pass (technology mapping using ABC9).
17.42.4. Executing ABC9.
17.42.5. Executing XAIGER2 frontend.
17.43. Executing PORTARCS pass. (derive propagation arcs)
17.44. Executing ABC9_OPS pass (helper functions for ABC9).
17.45. Mapping module 'ALU_33_0_33_0_33_unused_CO_X_Y[0]_BRENT_KUNG'.
17.45.1. Executing ABC9_OPS pass (helper functions for ABC9).
17.45.2. Executing XAIGER2 backend.
17.45.3. Executing ABC9_EXE pass (technology mapping using ABC9).
17.45.4. Executing ABC9.
17.45.5. Executing XAIGER2 frontend.
17.46. Executing PORTARCS pass. (derive propagation arcs)
17.47. Executing ABC9_OPS pass (helper functions for ABC9).
17.48. Mapping module 'ALU_33_0_33_0_33_unused_CO_X_Y[0]_SKLANSKY'.
17.48.1. Executing ABC9_OPS pass (helper functions for ABC9).
17.48.2. Executing XAIGER2 backend.
17.48.3. Executing ABC9_EXE pass (technology mapping using ABC9).
17.48.4. Executing ABC9.
17.48.5. Executing XAIGER2 frontend.
17.49. Executing PORTARCS pass. (derive propagation arcs)
17.50. Executing ABC9_OPS pass (helper functions for ABC9).
17.51. Mapping module 'ALU_33_0_33_0_33_unused_CO_X_Y[0]_KOGGE_STONE'.
17.51.1. Executing ABC9_OPS pass (helper functions for ABC9).
17.51.2. Executing XAIGER2 backend.
17.51.3. Executing ABC9_EXE pass (technology mapping using ABC9).
17.51.4. Executing ABC9.
17.51.5. Executing XAIGER2 frontend.
17.52. Executing PORTARCS pass. (derive propagation arcs)
17.53. Executing ABC9_OPS pass (helper functions for ABC9).
17.54. Executing ABC9_OPS pass (helper functions for ABC9).
Took 51 seconds: abc_new -liberty /OpenROAD-flow-scripts/flow/platforms/sky130hd/lib/sky130_fd_sc_hd__tt_025C_1v80.lib -dont_use sky130_fd_sc_hd__probe_p_8 -dont_use sky130_fd_sc_hd__probec_p_8 -dont_use sky130_fd_sc_hd__lpflow_bleeder_1 -dont_use sky130_fd_sc_hd__lpflow_clkbufkapwr_1 -dont_use sky130_fd_sc_hd__lpflow_clkbufkapwr_16 -dont_use sky130_fd_sc_hd__lpflow_clkbufkapwr_2 -dont_use sky130_fd_sc_hd__lpflow_clkbufkapwr_4 -dont_use sky130_fd_sc_hd__lpflow_clkbufkapwr_8 -dont_use sky130_fd_sc_hd__lpflow_clkinvkapwr_1 -dont_use sky130_fd_sc_hd__lpflow_clkinvkapwr_16 -dont_use sky130_fd_sc_hd__lpflow_clkinvkapwr_2 -dont_use sky130_fd_sc_hd__lpflow_clkinvkapwr_4 -dont_use sky130_fd_sc_hd__lpflow_clkinvkapwr_8 -dont_use sky130_fd_sc_hd__lpflow_decapkapwr_12 -dont_use sky130_fd_sc_hd__lpflow_decapkapwr_3 -dont_use sky130_fd_sc_hd__lpflow_decapkapwr_4 -dont_use sky130_fd_sc_hd__lpflow_decapkapwr_6 -dont_use sky130_fd_sc_hd__lpflow_decapkapwr_8 -dont_use sky130_fd_sc_hd__lpflow_inputiso0n_1 -dont_use sky130_fd_sc_hd__lpflow_inputiso0p_1 -dont_use sky130_fd_sc_hd__lpflow_inputiso1n_1 -dont_use sky130_fd_sc_hd__lpflow_inputiso1p_1 -dont_use sky130_fd_sc_hd__lpflow_inputisolatch_1 -dont_use sky130_fd_sc_hd__lpflow_isobufsrc_1 -dont_use sky130_fd_sc_hd__lpflow_isobufsrc_16 -dont_use sky130_fd_sc_hd__lpflow_isobufsrc_2 -dont_use sky130_fd_sc_hd__lpflow_isobufsrc_4 -dont_use sky130_fd_sc_hd__lpflow_isobufsrc_8 -dont_use sky130_fd_sc_hd__lpflow_isobufsrckapwr_16 -dont_use sky130_fd_sc_hd__lpflow_lsbuf_lh_hl_isowell_tap_1 -dont_use sky130_fd_sc_hd__lpflow_lsbuf_lh_hl_isowell_tap_2 -dont_use sky130_fd_sc_hd__lpflow_lsbuf_lh_hl_isowell_tap_4 -dont_use sky130_fd_sc_hd__lpflow_lsbuf_lh_isowell_4 -dont_use sky130_fd_sc_hd__lpflow_lsbuf_lh_isowell_tap_1 -dont_use sky130_fd_sc_hd__lpflow_lsbuf_lh_isowell_tap_2 -dont_use sky130_fd_sc_hd__lpflow_lsbuf_lh_isowell_tap_4 -constr /work/objects/sky130hd/m7_j1/base/abc.constr -D 10.0
18. Executing SPLITNETS pass (splitting up multi-bit signals).
19. Executing OPT_CLEAN pass (remove unused cells and wires).
20. Executing HILOMAP pass (mapping to constant drivers).
21. Executing INSBUF pass (insert buffer cells for connected wires).
22. Executing CHECK pass (checking for obvious problems).
23. Printing statistics.
24. Executing CHECK pass (checking for obvious problems).
25. Executing Verilog backend.
25.1. Executing BMUXMAP pass.
25.2. Executing DEMUXMAP pass.
Warnings: 24 unique messages, 24 total
Warnings: 3 experimental features used (not excluded with -x).
End of script. Logfile hash: cde513d07d, time: 61.94s, user: 16.18s, system: 0.77s, MEM: 214.02 MB peak
Yosys 0.68+post (git sha1 UNKNOWN, Release, GNU /usr/local/bin/wrapped-cc/g++ 11.4.0)
Time spent: 74% 17x abc9_exe (47 sec), 6% 83x opt_expr (4 sec), ...
Elapsed time: 1:02.01[h:]min:sec. CPU time: user 64.00 sys 1.04 (104%). Peak memory: 219156KB.
Log                       Ext     Elapsed/s Peak Memory/MB sha1sum result [0:20)
1_2_yosys                 .v             62            214 2e2b1f90f725d8a7792c
cp /repo/m7/ppa/orfs/sky130hd/constraint.sdc /work/results/sky130hd/m7_j1/base/1_2_yosys.sdc
touch -r /repo/m7/ppa/orfs/sky130hd/constraint.sdc /work/results/sky130hd/m7_j1/base/1_2_yosys.sdc
OpenROAD 26Q3-1080-gab6fd26351 
Features included (+) or not (-): +GPU +GUI +Python
This program is licensed under the BSD-3 license. See the LICENSE file for details.
Components of this program may be licensed under more restrictive licenses which must be honored.
[INFO ORD-0030] Using 32 thread(s).
mkdir -p /work/objects/sky130hd/m7_j1/base
/OpenROAD-flow-scripts/flow/scripts/flow.sh 1_synth synth_odb
Running synth_odb.tcl, stage 1_synth
read_liberty /OpenROAD-flow-scripts/flow/platforms/sky130hd/lib/sky130_fd_sc_hd__tt_025C_1v80.lib
[INFO ODB-0227] LEF file: /OpenROAD-flow-scripts/flow/platforms/sky130hd/lef/sky130_fd_sc_hd.tlef, created 13 layers, 25 vias
[INFO ODB-0227] LEF file: /OpenROAD-flow-scripts/flow/platforms/sky130hd/lef/sky130_fd_sc_hd_merged.lef, created 441 library cells
link_design -hier m7_ppa_j1_top
[WARNING ORD-0011] Hierarchical flow (-hier) is currently in development and may cause multiple issues. Do not use in production environments.
read_sdc /work/results/sky130hd/m7_j1/base/1_2_yosys.sdc
source /OpenROAD-flow-scripts/flow/platforms/sky130hd/setRC.tcl
eliminate_dead_logic
Removed 22 unused instances and 22 unused nets.
Design area 209675 um^2 100% utilization.
write_db /work/results/sky130hd/m7_j1/base/1_synth.odb
write_sdc -no_timestamp /work/results/sky130hd/m7_j1/base/1_synth.sdc
Elapsed time: 0:00.90[h:]min:sec. CPU time: user 0.83 sys 0.07 (100%). Peak memory: 199164KB.
Log                       Ext     Elapsed/s Peak Memory/MB sha1sum result [0:20)
1_synth                   .odb            0            194 501804622f2963e86ac7
1_synth                   .sdc                             f1bc5be6247d92670874
/OpenROAD-flow-scripts/flow/scripts/flow.sh 2_1_floorplan floorplan
Running floorplan.tcl, stage 2_1_floorplan
read_liberty /OpenROAD-flow-scripts/flow/platforms/sky130hd/lib/sky130_fd_sc_hd__tt_025C_1v80.lib
read_db -hier /work/results/sky130hd/m7_j1/base/1_synth.odb
[WARNING ORD-0012] Hierarchical flow (-hier) is currently in development and may cause multiple issues. Do not use in production environments.
read_sdc /work/results/sky130hd/m7_j1/base/1_synth.sdc
source /OpenROAD-flow-scripts/flow/platforms/sky130hd/setRC.tcl
Master sky130_ef_sc_hd__decap_12 is loaded but not used in the design

==========================================================================
Floorplan check_setup
--------------------------------------------------------------------------
number instances in verilog is 25248
[INFO IFP-0107] Defining die area using utilization: 50.00% and aspect ratio: 1.
[WARNING IFP-0028] Core area lower left (1.000, 1.000) snapped to (1.380, 2.720).
[INFO IFP-0001] Added 237 rows of 1406 site unithd.
[INFO IFP-0100] Die BBox:  (  0.000  0.000 ) ( 649.570 649.570 ) um
[INFO IFP-0101] Core BBox: (  1.380  2.720 ) ( 648.140 647.360 ) um
[INFO IFP-0102] Core area:                       416927.366 um^2
[INFO IFP-0103] Total instances area:            209674.845 um^2
[INFO IFP-0104] Effective utilization:                0.503
[INFO IFP-0105] Number of instances:                  25198
source /OpenROAD-flow-scripts/flow/platforms/sky130hd/make_tracks.tcl
source /repo/m7/ppa/orfs/sky130hd/fastroute.tcl
Repair tie lo fanout...
[INFO RSZ-0042] Inserted 25 tie sky130_fd_sc_hd__conb_1 instances.
Repair tie hi fanout...
[INFO RSZ-0042] Inserted 97 tie sky130_fd_sc_hd__conb_1 instances.
replace_arith_modules -path_count 1000 -target setup -slack_threshold 0.0
[INFO RSZ-0151] Starting arithmetic module replacement to optimize 'setup' target
[INFO RSZ-0152] Analyzing 1000 critical paths with slack < 0.00
[INFO RSZ-0153] Identified 2514 violating endpoints
[INFO RSZ-0154] Identified 2 critical arithmetic instances
[INFO ODB-0496] swapMaster sanity check passed (0 failures)
[INFO ODB-0496] swapMaster sanity check passed (0 failures)
[INFO RSZ-0160] 2 arithmetic instances have swapped to improve 'setup' target
[INFO RSZ-0026] Removed 16 buffers.
Default units for flow
 time 1ns
 capacitance 1pF
 resistance 1kohm
 voltage 1v
 current 1mA
 power 1nW
 distance 1um
   Layer   | Unit Resistance | Unit Capacitance 
           |       (kohm/um) |          (pF/um)
------------------------------------------------
       li1 |        7.18e-02 |         1.50e-04
      met1 |        1.21e-03 |         1.72e-04
      met2 |        1.22e-03 |         1.36e-04
      met3 |        1.66e-04 |         2.15e-04
      met4 |        1.68e-04 |         1.48e-04
      met5 |        1.84e-05 |         1.54e-04
------------------------------------------------

   Layer   | Via Resistance 
           |         (kohm) 
----------------------------
      mcon |       9.25e-03 
       via |       4.50e-03 
      via2 |       3.37e-03 
      via3 |       3.77e-04 
      via4 |       5.80e-06 
----------------------------
Report metrics stage 2, floorplan final...

==========================================================================
floorplan final report_design_area
--------------------------------------------------------------------------
Design area 210452 um^2 50% utilization.
write_db /work/results/sky130hd/m7_j1/base/2_1_floorplan.odb
write_sdc -no_timestamp /work/results/sky130hd/m7_j1/base/2_1_floorplan.sdc
Elapsed time: 0:05.22[h:]min:sec. CPU time: user 7.15 sys 2.83 (191%). Peak memory: 244180KB.
Log                       Ext     Elapsed/s Peak Memory/MB sha1sum result [0:20)
2_1_floorplan             .odb            5            238 a0f5e06094b62b868522
2_1_floorplan             .sdc                             f1bc5be6247d92670874
/OpenROAD-flow-scripts/flow/scripts/flow.sh 2_2_floorplan_macro macro_place
Running macro_place.tcl, stage 2_2_floorplan_macro
read_liberty /OpenROAD-flow-scripts/flow/platforms/sky130hd/lib/sky130_fd_sc_hd__tt_025C_1v80.lib
read_db -hier /work/results/sky130hd/m7_j1/base/2_1_floorplan.odb
[WARNING ORD-0012] Hierarchical flow (-hier) is currently in development and may cause multiple issues. Do not use in production environments.
read_sdc /work/results/sky130hd/m7_j1/base/2_1_floorplan.sdc
source /OpenROAD-flow-scripts/flow/platforms/sky130hd/setRC.tcl
No macros found: Skipping macro_placement
Design area 210452 um^2 50% utilization.
write_db /work/results/sky130hd/m7_j1/base/2_2_floorplan_macro.odb
Elapsed time: 0:00.46[h:]min:sec. CPU time: user 0.40 sys 0.06 (100%). Peak memory: 180372KB.
Log                       Ext     Elapsed/s Peak Memory/MB sha1sum result [0:20)
2_2_floorplan_macro       .odb            0            176 a0f5e06094b62b868522
/OpenROAD-flow-scripts/flow/scripts/flow.sh 2_3_floorplan_tapcell tapcell
Running tapcell.tcl, stage 2_3_floorplan_tapcell
read_liberty /OpenROAD-flow-scripts/flow/platforms/sky130hd/lib/sky130_fd_sc_hd__tt_025C_1v80.lib
read_db -hier /work/results/sky130hd/m7_j1/base/2_2_floorplan_macro.odb
[WARNING ORD-0012] Hierarchical flow (-hier) is currently in development and may cause multiple issues. Do not use in production environments.
read_sdc /work/results/sky130hd/m7_j1/base/2_1_floorplan.sdc
source /OpenROAD-flow-scripts/flow/platforms/sky130hd/setRC.tcl
[INFO TAP-0005] Inserted 5497 tapcells.
Design area 217330 um^2 52% utilization.
write_db /work/results/sky130hd/m7_j1/base/2_3_floorplan_tapcell.odb
Elapsed time: 0:00.51[h:]min:sec. CPU time: user 0.46 sys 0.06 (100%). Peak memory: 168424KB.
Log                       Ext     Elapsed/s Peak Memory/MB sha1sum result [0:20)
2_3_floorplan_tapcell     .odb            0            164 6885f6e97d7c2a643cfb
/OpenROAD-flow-scripts/flow/scripts/flow.sh 2_4_floorplan_pdn pdn
Running pdn.tcl, stage 2_4_floorplan_pdn
read_liberty /OpenROAD-flow-scripts/flow/platforms/sky130hd/lib/sky130_fd_sc_hd__tt_025C_1v80.lib
read_db -hier /work/results/sky130hd/m7_j1/base/2_3_floorplan_tapcell.odb
[WARNING ORD-0012] Hierarchical flow (-hier) is currently in development and may cause multiple issues. Do not use in production environments.
read_sdc /work/results/sky130hd/m7_j1/base/2_1_floorplan.sdc
source /OpenROAD-flow-scripts/flow/platforms/sky130hd/setRC.tcl
[WARNING PDN-1051] No instances found for grid (CORE_macro_grid_1).
[WARNING PDN-1051] No instances found for grid (CORE_macro_grid_2).
[INFO PDN-0001] Inserting grid: grid
[INFO PDN-0500] Runtime: 0.12s
Design area 217330 um^2 52% utilization.
write_db /work/results/sky130hd/m7_j1/base/2_4_floorplan_pdn.odb
Elapsed time: 0:00.82[h:]min:sec. CPU time: user 0.76 sys 0.07 (100%). Peak memory: 201756KB.
Log                       Ext     Elapsed/s Peak Memory/MB sha1sum result [0:20)
2_4_floorplan_pdn         .odb            0            197 f2d8969dd61b656ab925
cp /work/results/sky130hd/m7_j1/base/2_4_floorplan_pdn.odb /work/results/sky130hd/m7_j1/base/2_floorplan.odb
cp /work/results/sky130hd/m7_j1/base/2_1_floorplan.sdc /work/results/sky130hd/m7_j1/base/2_floorplan.sdc
/OpenROAD-flow-scripts/flow/scripts/flow.sh 3_1_place_gp_skip_io global_place_skip_io
Running global_place_skip_io.tcl, stage 3_1_place_gp_skip_io
read_liberty /OpenROAD-flow-scripts/flow/platforms/sky130hd/lib/sky130_fd_sc_hd__tt_025C_1v80.lib
read_db -hier /work/results/sky130hd/m7_j1/base/2_floorplan.odb
[WARNING ORD-0012] Hierarchical flow (-hier) is currently in development and may cause multiple issues. Do not use in production environments.
read_sdc /work/results/sky130hd/m7_j1/base/2_floorplan.sdc
source /OpenROAD-flow-scripts/flow/platforms/sky130hd/setRC.tcl
[INFO GPL-0022] Initialize gpl and calculate uniform density.
Placement density is 0.6949999874830246, computed from PLACE_DENSITY_LB_ADDON  0.25 and lower bound 0.5799999833106995
global_placement -skip_io -density 0.6949999874830246 -pad_left 0 -pad_right 0
[INFO GPL-0001] ---- Initialize GPL Main Data Structures
[INFO GPL-0002] DBU: 1000
[INFO GPL-0003] SiteSize: (  0.460  2.720 ) um
[INFO GPL-0004] CoreBBox: (  1.380  2.720 ) ( 648.140 647.360 ) um
[INFO GPL-0016] Core area:                  416927.366 um^2
[INFO GPL-0036] Movable instances area:     210451.840 um^2
[INFO GPL-0037] Total instances area:       217329.686 um^2
[INFO GPL-0035] Pin density area adjust:     23524.087 um^2
[INFO GPL-0032] ---- Initialize Region: Top-level
[INFO GPL-0006] Number of instances:             30960
[INFO GPL-0007] Movable instances:               25463
[INFO GPL-0008] Fixed instances:                  5497
[INFO GPL-0009] Dummy instances:                     0
[INFO GPL-0010] Number of nets:                  25658
[INFO GPL-0011] Number of pins:                  95737
[INFO GPL-0012] Die BBox:       (  0.000  0.000 ) ( 649.570 649.570 ) um
[INFO GPL-0013] Placement BBox: (  1.380  2.720 ) ( 648.140 647.360 ) um
[INFO GPL-0014] Region name: top-level.
[INFO GPL-0015] Region area:                416927.366 um^2
[INFO GPL-0017] Fixed instances area:         6877.846 um^2
[INFO GPL-0018] Movable instances area:     233975.927 um^2
[INFO GPL-0019] Utilization:                    57.060 %
[INFO GPL-0020] Standard cells area:        233975.927 um^2
[INFO GPL-0021] Large instances area:            0.000 um^2
[INFO GPL-0005] ---- Execute Conjugate Gradient Initial Placement.
[INFO GPL-0051] Source of initial instance position counters:
	Odb location = 0	Core center = 25463	Region center = 0
[INFO GPL-0033] ---- Initialize Nesterov Region: Top-level
[INFO GPL-0023] Placement target density:       0.6950
[INFO GPL-0024] Movable insts average area:      9.189 um^2
[INFO GPL-0025] Ideal bin area:                 13.221 um^2
[INFO GPL-0026] Ideal bin count:                 31534
[INFO GPL-0027] Total bin area:             416927.366 um^2
[INFO GPL-0028] Bin count (X, Y):         128 ,    128
[INFO GPL-0029] Bin size (W * H):       5.053 *  5.036 um
[INFO GPL-0030] Number of bins:                  16384
[INFO GPL-0084] ---- Execute Nesterov Global Placement.
[INFO GPL-0031] HPWL: Half-Perimeter Wirelength
Iteration | Overflow |     HPWL (um) |  HPWL(%) |   Penalty | Group
---------------------------------------------------------------
        0 |   0.9992 |  4.726897e+04 |   +0.00% |  8.96e-16 |      
       10 |   0.9990 |  3.657404e+04 |  -22.63% |  1.46e-15 |      
       20 |   0.9990 |  3.620396e+04 |   -1.01% |  2.38e-15 |      
       30 |   0.9990 |  3.611118e+04 |   -0.26% |  3.87e-15 |      
       40 |   0.9990 |  3.608331e+04 |   -0.08% |  6.31e-15 |      
       50 |   0.9990 |  3.606272e+04 |   -0.06% |  1.03e-14 |      
       60 |   0.9990 |  3.606519e+04 |   +0.01% |  1.67e-14 |      
       70 |   0.9990 |  3.610875e+04 |   +0.12% |  2.73e-14 |      
       80 |   0.9990 |  3.624267e+04 |   +0.37% |  4.44e-14 |      
       90 |   0.9987 |  3.666561e+04 |   +1.17% |  7.23e-14 |      
      100 |   0.9982 |  3.781657e+04 |   +3.14% |  1.18e-13 |      
      110 |   0.9977 |  4.028507e+04 |   +6.53% |  1.92e-13 |      
      120 |   0.9968 |  4.515388e+04 |  +12.09% |  3.12e-13 |      
      130 |   0.9950 |  5.406364e+04 |  +19.73% |  5.08e-13 |      
      140 |   0.9925 |  6.699595e+04 |  +23.92% |  8.27e-13 |      
      150 |   0.9889 |  8.383612e+04 |  +25.14% |  1.34e-12 |      
      160 |   0.9829 |  1.047038e+05 |  +24.89% |  2.19e-12 |      
      170 |   0.9747 |  1.265974e+05 |  +20.91% |  3.55e-12 |      
      180 |   0.9647 |  1.490906e+05 |  +17.77% |  5.77e-12 |      
      190 |   0.9520 |  1.775320e+05 |  +19.08% |  9.37e-12 |      
      200 |   0.9334 |  2.200691e+05 |  +23.96% |  1.52e-11 |      
      210 |   0.9120 |  2.577968e+05 |  +17.14% |  2.46e-11 |      
      220 |   0.8874 |  2.956344e+05 |  +14.68% |  4.00e-11 |      
      230 |   0.8563 |  3.353967e+05 |  +13.45% |  6.49e-11 |      
      240 |   0.8189 |  3.745608e+05 |  +11.68% |  1.05e-10 |      
      250 |   0.7823 |  4.073114e+05 |   +8.74% |  1.71e-10 |      
      260 |   0.7416 |  4.423818e+05 |   +8.61% |  2.77e-10 |      
      270 |   0.6939 |  4.816532e+05 |   +8.88% |  4.49e-10 |      
      280 |   0.6466 |  5.159776e+05 |   +7.13% |  7.29e-10 |      
      290 |   0.6001 |  5.406397e+05 |   +4.78% |  1.18e-09 |      
      300 |   0.5604 |  5.544466e+05 |   +2.55% |  1.93e-09 |      
      310 |   0.5184 |  5.603473e+05 |   +1.06% |  3.13e-09 |      
      320 |   0.4730 |  5.661908e+05 |   +1.04% |  5.10e-09 |      
      330 |   0.4306 |  5.743619e+05 |   +1.44% |  8.31e-09 |      
      340 |   0.3863 |  5.807109e+05 |   +1.11% |  1.35e-08 |      
      350 |   0.3448 |  5.845421e+05 |   +0.66% |  2.20e-08 |      
      360 |   0.3122 |  5.849942e+05 |   +0.08% |  3.24e-08 |      
      370 |   0.2798 |  5.860384e+05 |   +0.18% |  4.78e-08 |      
      380 |   0.2518 |  5.872388e+05 |   +0.20% |  7.03e-08 |      
      390 |   0.2213 |  5.884230e+05 |   +0.20% |  1.04e-07 |      
      400 |   0.1941 |  5.898841e+05 |   +0.25% |  1.53e-07 |      
      410 |   0.1691 |  5.913529e+05 |   +0.25% |  2.25e-07 |      
      420 |   0.1447 |  5.929015e+05 |   +0.26% |  3.31e-07 |      
      430 |   0.1235 |  5.944383e+05 |   +0.26% |  4.88e-07 |      
      440 |   0.1064 |  5.958474e+05 |   +0.24% |  7.18e-07 |      
      444 |   0.0997 |  5.965619e+05 |          |  8.72e-07 |      
---------------------------------------------------------------
[INFO GPL-1001] Global placement finished at iteration 444
[INFO GPL-1002] Placed Cell Area            233975.9265
[INFO GPL-1003] Available Free Area         410049.5200
[INFO GPL-1004] Minimum Feasible Density        0.5800 (cell_area / free_area)
[INFO GPL-1006]   Suggested Target Densities:
[INFO GPL-1007]     - For 90% usage of free space: 0.6340
[INFO GPL-1008]     - For 80% usage of free space: 0.7133
[INFO GPL-1014] Final placement area: 233975.93 (+0.00%)
Took 32 seconds: global_placement -skip_io -density 0.6949999874830246 -pad_left 0 -pad_right 0
Design area 217330 um^2 52% utilization.
write_db /work/results/sky130hd/m7_j1/base/3_1_place_gp_skip_io.odb
Elapsed time: 0:32.04[h:]min:sec. CPU time: user 822.23 sys 1.21 (2569%). Peak memory: 223520KB.
Log                       Ext     Elapsed/s Peak Memory/MB sha1sum result [0:20)
3_1_place_gp_skip_io      .odb           32            218 202a986f01a650c03e52
/OpenROAD-flow-scripts/flow/scripts/flow.sh 3_2_place_iop io_placement
Running io_placement.tcl, stage 3_2_place_iop
read_liberty /OpenROAD-flow-scripts/flow/platforms/sky130hd/lib/sky130_fd_sc_hd__tt_025C_1v80.lib
read_db -hier /work/results/sky130hd/m7_j1/base/3_1_place_gp_skip_io.odb
[WARNING ORD-0012] Hierarchical flow (-hier) is currently in development and may cause multiple issues. Do not use in production environments.
read_sdc /work/results/sky130hd/m7_j1/base/2_floorplan.sdc
source /OpenROAD-flow-scripts/flow/platforms/sky130hd/setRC.tcl
place_pins -hor_layers met3 -ver_layers met2
Found 0 macro blocks.
Using 2 tracks default min distance between IO pins.
[INFO PPL-0001] Number of available slots 2356
[INFO PPL-0002] Number of I/O             276
[INFO PPL-0003] Number of I/O w/sink      83
[INFO PPL-0004] Number of I/O w/o sink    193
[INFO PPL-0005] Slots per section         200
[INFO PPL-0008] Successfully assigned pins to sections.
[INFO PPL-0012] I/O nets HPWL: 33130.25 um.
Design area 217330 um^2 52% utilization.
write_db /work/results/sky130hd/m7_j1/base/3_2_place_iop.odb
Elapsed time: 0:00.40[h:]min:sec. CPU time: user 0.34 sys 0.06 (100%). Peak memory: 188628KB.
Log                       Ext     Elapsed/s Peak Memory/MB sha1sum result [0:20)
3_2_place_iop             .odb            0            184 04cc134945157e0e4011
/OpenROAD-flow-scripts/flow/scripts/flow.sh 3_3_place_gp global_place
Running global_place.tcl, stage 3_3_place_gp
read_liberty /OpenROAD-flow-scripts/flow/platforms/sky130hd/lib/sky130_fd_sc_hd__tt_025C_1v80.lib
read_db -hier /work/results/sky130hd/m7_j1/base/3_2_place_iop.odb
[WARNING ORD-0012] Hierarchical flow (-hier) is currently in development and may cause multiple issues. Do not use in production environments.
read_sdc /work/results/sky130hd/m7_j1/base/2_floorplan.sdc
source /OpenROAD-flow-scripts/flow/platforms/sky130hd/setRC.tcl
[INFO RSZ-0026] Removed 0 buffers.
Perform port buffering...
[INFO RSZ-0027] Inserted 1 sky130_fd_sc_hd__clkdlybuf4s50_1 input buffers.
[INFO RSZ-0028] Inserted 65 sky130_fd_sc_hd__clkdlybuf4s50_1 output buffers.
[INFO GPL-0022] Initialize gpl and calculate uniform density.
Placement density is 0.6949999874830246, computed from PLACE_DENSITY_LB_ADDON  0.25 and lower bound 0.5799999833106995
global_placement -density 0.6949999874830246 -pad_left 0 -pad_right 0 -routability_driven -timing_driven -force_center_initial_place -min_phi_coef 0.95 -max_phi_coef 1.05
[INFO GPL-0001] ---- Initialize GPL Main Data Structures
[INFO GPL-0002] DBU: 1000
[INFO GPL-0003] SiteSize: (  0.460  2.720 ) um
[INFO GPL-0004] CoreBBox: (  1.380  2.720 ) ( 648.140 647.360 ) um
[INFO GPL-0016] Core area:                  416927.366 um^2
[INFO GPL-0036] Movable instances area:     211112.474 um^2
[INFO GPL-0037] Total instances area:       217990.320 um^2
[INFO GPL-0035] Pin density area adjust:     23560.576 um^2
[INFO GPL-0032] ---- Initialize Region: Top-level
[INFO GPL-0006] Number of instances:             31026
[INFO GPL-0007] Movable instances:               25529
[INFO GPL-0008] Fixed instances:                  5497
[INFO GPL-0009] Dummy instances:                     0
[INFO GPL-0010] Number of nets:                  25724
[INFO GPL-0011] Number of pins:                  96145
[INFO GPL-0012] Die BBox:       (  0.000  0.000 ) ( 649.570 649.570 ) um
[INFO GPL-0013] Placement BBox: (  1.380  2.720 ) ( 648.140 647.360 ) um
[INFO GPL-0014] Region name: top-level.
[INFO GPL-0015] Region area:                416927.366 um^2
[INFO GPL-0017] Fixed instances area:         6877.846 um^2
[INFO GPL-0018] Movable instances area:     234673.049 um^2
[INFO GPL-0019] Utilization:                    57.230 %
[INFO GPL-0020] Standard cells area:        234673.049 um^2
[INFO GPL-0021] Large instances area:            0.000 um^2
[INFO GPL-0005] ---- Execute Conjugate Gradient Initial Placement.
[INFO GPL-0051] Source of initial instance position counters:
	Odb location = 0	Core center = 25529	Region center = 0
[InitialPlace]  Iter: 1 conjugate gradient residual: 0.03334585 HPWL: 762764967
[InitialPlace]  Iter: 2 conjugate gradient residual: 0.00195069 HPWL: 224761118
[InitialPlace]  Iter: 3 conjugate gradient residual: 0.00087617 HPWL: 221348853
[InitialPlace]  Iter: 4 conjugate gradient residual: 0.00012963 HPWL: 210701790
[InitialPlace]  Iter: 5 conjugate gradient residual: 0.00014715 HPWL: 209847712
[InitialPlace]  Iter: 6 conjugate gradient residual: 0.00006316 HPWL: 209950983
[InitialPlace]  Iter: 7 conjugate gradient residual: 0.00013317 HPWL: 209216847
[InitialPlace]  Iter: 8 conjugate gradient residual: 0.00015248 HPWL: 209398693
[InitialPlace]  Iter: 9 conjugate gradient residual: 0.00009312 HPWL: 208812654
[InitialPlace]  Iter: 10 conjugate gradient residual: 0.00002952 HPWL: 208999734
[InitialPlace]  Iter: 11 conjugate gradient residual: 0.00004042 HPWL: 208321465
[InitialPlace]  Iter: 12 conjugate gradient residual: 0.00005350 HPWL: 208555509
[InitialPlace]  Iter: 13 conjugate gradient residual: 0.00001053 HPWL: 208088414
[InitialPlace]  Iter: 14 conjugate gradient residual: 0.00002122 HPWL: 208307935
[InitialPlace]  Iter: 15 conjugate gradient residual: 0.00000905 HPWL: 207895809
[INFO GPL-0033] ---- Initialize Nesterov Region: Top-level
[INFO GPL-0023] Placement target density:       0.6950
[INFO GPL-0024] Movable insts average area:      9.192 um^2
[INFO GPL-0025] Ideal bin area:                 13.226 um^2
[INFO GPL-0026] Ideal bin count:                 31522
[INFO GPL-0027] Total bin area:             416927.366 um^2
[INFO GPL-0028] Bin count (X, Y):         128 ,    128
[INFO GPL-0029] Bin size (W * H):       5.053 *  5.036 um
[INFO GPL-0030] Number of bins:                  16384
[INFO GPL-0084] ---- Execute Nesterov Global Placement.
[INFO GPL-0031] HPWL: Half-Perimeter Wirelength
Iteration | Overflow |     HPWL (um) |  HPWL(%) |   Penalty | Group
---------------------------------------------------------------
        0 |   0.9970 |  5.095215e+04 |   +0.00% |  2.46e-17 |      
       10 |   0.9956 |  5.149334e+04 |   +1.06% |  4.00e-17 |      
       20 |   0.9947 |  5.320774e+04 |   +3.33% |  6.52e-17 |      
       30 |   0.9941 |  5.445492e+04 |   +2.34% |  1.06e-16 |      
       40 |   0.9938 |  5.515009e+04 |   +1.28% |  1.73e-16 |      
       50 |   0.9937 |  5.537886e+04 |   +0.41% |  2.82e-16 |      
       60 |   0.9936 |  5.553160e+04 |   +0.28% |  4.59e-16 |      
       70 |   0.9935 |  5.578368e+04 |   +0.45% |  7.47e-16 |      
       80 |   0.9935 |  5.603278e+04 |   +0.45% |  1.22e-15 |      
       90 |   0.9934 |  5.615664e+04 |   +0.22% |  1.98e-15 |      
      100 |   0.9933 |  5.615277e+04 |   -0.01% |  3.23e-15 |      
      110 |   0.9931 |  5.613467e+04 |   -0.03% |  5.26e-15 |      
      120 |   0.9930 |  5.622778e+04 |   +0.17% |  8.57e-15 |      
      130 |   0.9928 |  5.648257e+04 |   +0.45% |  1.40e-14 |      
      140 |   0.9927 |  5.692533e+04 |   +0.78% |  2.27e-14 |      
      150 |   0.9924 |  5.757057e+04 |   +1.13% |  3.70e-14 |      
      160 |   0.9920 |  5.855245e+04 |   +1.71% |  6.03e-14 |      
      170 |   0.9916 |  6.006447e+04 |   +2.58% |  9.82e-14 |      
      180 |   0.9909 |  6.242150e+04 |   +3.92% |  1.60e-13 |      
      190 |   0.9898 |  6.594819e+04 |   +5.65% |  2.61e-13 |      
      200 |   0.9884 |  7.138142e+04 |   +8.24% |  4.24e-13 |      
      210 |   0.9862 |  7.992843e+04 |  +11.97% |  6.90e-13 |      
      220 |   0.9826 |  9.330172e+04 |  +16.73% |  1.12e-12 |      
      230 |   0.9767 |  1.121795e+05 |  +20.23% |  1.83e-12 |      
      240 |   0.9687 |  1.393371e+05 |  +24.21% |  2.96e-12 |      
      250 |   0.9585 |  1.710140e+05 |  +22.73% |  4.81e-12 |      
      260 |   0.9464 |  2.061104e+05 |  +20.52% |  7.81e-12 |      
      270 |   0.9296 |  2.461132e+05 |  +19.41% |  1.27e-11 |      
      280 |   0.9082 |  2.902001e+05 |  +17.91% |  2.05e-11 |      
      290 |   0.8830 |  3.308666e+05 |  +14.01% |  3.33e-11 |      
      300 |   0.8543 |  3.701774e+05 |  +11.88% |  5.40e-11 |      
      310 |   0.8218 |  4.035279e+05 |   +9.01% |  8.76e-11 |      
      320 |   0.7871 |  4.247869e+05 |   +5.27% |  1.42e-10 |      
      330 |   0.7453 |  4.710965e+05 |  +10.90% |  2.31e-10 |      
      340 |   0.7044 |  5.096623e+05 |   +8.19% |  3.74e-10 |      
      350 |   0.6618 |  5.342118e+05 |   +4.82% |  6.08e-10 |      
[INFO GPL-0100] Timing-driven iteration 1/2, virtual: false.
[INFO GPL-0101]    Iter: 357, overflow: 0.634, keep resizer changes at: 1, HPWL: 541852472
Iteration |   Area    | Resized | Buffers | Nets repaired | Remaining
---------------------------------------------------------------------
        0 |     +0.0% |       0 |       0 |             0 |     25846
    final |     +7.7% |     317 |     761 |           360 |         0
---------------------------------------------------------------------
[INFO RSZ-0034] Found 366 slew violations.
[INFO RSZ-0036] Found 165 capacitance violations.
[INFO RSZ-0039] Resized 317 instances.
[INFO RSZ-0038] Inserted 761 buffers in 360 nets.
   Iter   |    Area   | Removed | Inserted |   Pins
          |           | Buffers | Buffers  | Remaining
-------------------------------------------------------
        0 |     +0.0% |       0 |        0 |     25314
     2500 |     +0.8% |      33 |      268 |     22814
     5000 |     +2.0% |      75 |      722 |     20314
     7500 |     +2.5% |     208 |     1097 |     17814
    10000 |     +2.5% |     333 |     1335 |     15314
    12500 |     +2.7% |     386 |     1559 |     12814
    15000 |     +3.4% |     420 |     1839 |     10314
    17500 |     +4.2% |     479 |     2157 |      7814
    20000 |     +4.4% |     530 |     2330 |      5314
    22500 |     +5.1% |     554 |     2564 |      2814
    25000 |     +6.3% |     748 |     3570 |       314
    final |     +6.2% |     761 |     3587 |         0
-------------------------------------------------------
[INFO GPL-0106] Timing-driven: worst slack -3.0949998e-09
[INFO GPL-0107] Timing-driven: repair_design delta area: 30982.100 um^2 (+13.20%)
[INFO GPL-0108] Timing-driven: repair_design, gpl delta gcells: 3587 (+14.05%)
[INFO GPL-0109] Timing-driven: repair_design, gcells created: 4348, deleted: 761
[INFO GPL-0110] Timing-driven: new target density: 0.770557
[INFO GPL-0038] Routability snapshot saved at iter = 360
      359 |   0.5979 |  6.519704e+05 |          |           |      
Iteration | Overflow |     HPWL (um) |  HPWL(%) |   Penalty | Group
---------------------------------------------------------------
      360 |   0.5886 |  6.665252e+05 |  +24.77% |  9.77e-10 |      
      370 |   0.5651 |  6.730424e+05 |   +0.98% |  1.59e-09 |      
      380 |   0.5094 |  6.930236e+05 |   +2.97% |  2.58e-09 |      
      390 |   0.4731 |  6.944943e+05 |   +0.21% |  4.20e-09 |      
      400 |   0.4303 |  7.101606e+05 |   +2.26% |  6.83e-09 |      
      410 |   0.3888 |  7.118172e+05 |   +0.23% |  1.11e-08 |      
      420 |   0.3451 |  7.213584e+05 |   +1.34% |  1.81e-08 |      
      430 |   0.3128 |  7.211506e+05 |   -0.03% |  2.67e-08 |      
[INFO GPL-0040] Routability iteration: 1
[WARNING GRT-0281] Net _12916_ has a large fanout of 2191 terminals.
[INFO GPL-0041] Total routing overflow: 226.9378
[INFO GPL-0042] Number of overflowed tiles: 1489 (16.85%)
[INFO GPL-0043] Average top 0.5% routing congestion: 1.5380
[INFO GPL-0044] Average top 1.0% routing congestion: 1.4798
[INFO GPL-0045] Average top 2.0% routing congestion: 1.4119
[INFO GPL-0046] Average top 5.0% routing congestion: 1.3112
[INFO GPL-0047] Routability iteration weighted routing congestion: 1.5089
[INFO GPL-0048] Routing congestion (1.5089) lower than previous minimum (1e+30). Updating minimum.
[INFO GPL-0086] Inflated area:               33141.078 um^2 (+12.48%)
[INFO GPL-0052] Placement target density:       0.7706
[INFO GPL-0076] Removing fillers, count: Before: 5654, After: 1929 (-65.88%)
[INFO GPL-0077] Filler area (um^2)     : Before: 50311.361, After: 17162.159 (-65.89%)
[INFO GPL-0078] Removed fillers count: 3725, area removed: 33141.027 um^2. Remaining area to be compensated by modifying density: 0.050 um^2
[INFO GPL-0058] White space area:           410049.520 um^2 (+0.00%)
[INFO GPL-0059] Movable instances area:     315966.521 um^2 (+0.00%)
[INFO GPL-0060] Total filler area:           17162.159 um^2 (-65.89%)
[INFO GPL-0061] Total non-inflated area:    315958.384 um^2 (-0.00%)
[INFO GPL-0062] Total inflated area:        349099.461 um^2 (-0.00%)
[INFO GPL-0063] New Target Density:             0.7706
[INFO GPL-0087] Routability end iteration: increase inflation and revert back to snapshot.
Iteration | Overflow |     HPWL (um) |  HPWL(%) |   Penalty | Group
---------------------------------------------------------------
      440 |   0.5903 |  7.145920e+05 |   -0.91% |  1.14e-09 |      
      450 |   0.5360 |  7.866311e+05 |  +10.08% |  1.66e-09 |      
      460 |   0.5149 |  7.815396e+05 |   -0.65% |  2.45e-09 |      
      470 |   0.4776 |  8.089413e+05 |   +3.51% |  3.60e-09 |      
      480 |   0.4460 |  7.713436e+05 |   -4.65% |  5.29e-09 |      
      490 |   0.4046 |  8.062466e+05 |   +4.52% |  7.78e-09 |      
      500 |   0.3760 |  7.999974e+05 |   -0.78% |  1.14e-08 |      
      510 |   0.3439 |  7.935204e+05 |   -0.81% |  1.69e-08 |      
      520 |   0.3134 |  7.965789e+05 |   +0.39% |  2.48e-08 |      
[INFO GPL-0040] Routability iteration: 2
[INFO GPL-0041] Total routing overflow: 125.1633
[INFO GPL-0042] Number of overflowed tiles: 1205 (13.64%)
[INFO GPL-0043] Average top 0.5% routing congestion: 1.3302
[INFO GPL-0044] Average top 1.0% routing congestion: 1.2961
[INFO GPL-0045] Average top 2.0% routing congestion: 1.2530
[INFO GPL-0046] Average top 5.0% routing congestion: 1.1916
[INFO GPL-0047] Routability iteration weighted routing congestion: 1.3132
[INFO GPL-0048] Routing congestion (1.3132) lower than previous minimum (1.509). Updating minimum.
[INFO GPL-0086] Inflated area:               14757.691 um^2 (+4.94%)
[INFO GPL-0052] Placement target density:       0.7706
[INFO GPL-0076] Removing fillers, count: Before: 1929, After: 271 (-85.95%)
[INFO GPL-0077] Filler area (um^2)     : Before: 17162.159, After: 2411.065 (-85.95%)
[INFO GPL-0078] Removed fillers count: 1658, area removed: 14751.093 um^2. Remaining area to be compensated by modifying density: 6.598 um^2
[INFO GPL-0058] White space area:           410049.520 um^2 (+0.00%)
[INFO GPL-0059] Movable instances area:     315966.521 um^2 (+0.00%)
[INFO GPL-0060] Total filler area:            2411.065 um^2 (-85.95%)
[INFO GPL-0061] Total non-inflated area:    315964.982 um^2 (+0.00%)
[INFO GPL-0062] Total inflated area:        330722.673 um^2 (+0.00%)
[INFO GPL-0063] New Target Density:             0.7706
[INFO GPL-0087] Routability end iteration: increase inflation and revert back to snapshot.
Iteration | Overflow |     HPWL (um) |  HPWL(%) |   Penalty | Group
---------------------------------------------------------------
      530 |   0.6052 |  7.139495e+05 |  -10.37% |  1.09e-09 |      
      540 |   0.5314 |  8.449201e+05 |  +18.34% |  1.59e-09 |      
      550 |   0.5209 |  8.363596e+05 |   -1.01% |  2.34e-09 |      
      560 |   0.4789 |  8.649566e+05 |   +3.42% |  3.44e-09 |      
      570 |   0.4447 |  8.176630e+05 |   -5.47% |  5.06e-09 |      
      580 |   0.4093 |  8.585371e+05 |   +5.00% |  7.43e-09 |      
      590 |   0.3788 |  8.560756e+05 |   -0.29% |  1.09e-08 |      
      600 |   0.3447 |  8.492752e+05 |   -0.79% |  1.61e-08 |      
      610 |   0.3196 |  8.482668e+05 |   -0.12% |  2.37e-08 |      
[INFO GPL-0040] Routability iteration: 3
[INFO GPL-0041] Total routing overflow: 109.9398
[INFO GPL-0042] Number of overflowed tiles: 1208 (13.67%)
[INFO GPL-0043] Average top 0.5% routing congestion: 1.2958
[INFO GPL-0044] Average top 1.0% routing congestion: 1.2628
[INFO GPL-0045] Average top 2.0% routing congestion: 1.2268
[INFO GPL-0046] Average top 5.0% routing congestion: 1.1708
[INFO GPL-0047] Routability iteration weighted routing congestion: 1.2793
[INFO GPL-0048] Routing congestion (1.2793) lower than previous minimum (1.313). Updating minimum.
[INFO GPL-0086] Inflated area:               12637.546 um^2 (+4.03%)
[INFO GPL-0052] Placement target density:       0.7706
[INFO GPL-0076] Removing fillers, count: Before: 271, After: 0 (-100.00%)
[INFO GPL-0077] Filler area (um^2)     : Before: 2411.065, After: 0.000 (-100.00%)
[INFO GPL-0078] Removed fillers count: 271, area removed: 2411.065 um^2. Remaining area to be compensated by modifying density: 10226.480 um^2
[INFO GPL-0079] New target density: 0.7954928
[INFO GPL-0058] White space area:           410049.520 um^2 (+0.00%)
[INFO GPL-0059] Movable instances area:     326191.448 um^2 (+3.24%)
[INFO GPL-0060] Total filler area:               0.000 um^2 (-100.00%)
[INFO GPL-0061] Total non-inflated area:    326191.462 um^2 (+3.24%)
[INFO GPL-0062] Total inflated area:        338829.007 um^2 (+3.11%)
[INFO GPL-0063] New Target Density:             0.7955
[INFO GPL-0087] Routability end iteration: increase inflation and revert back to snapshot.
Iteration | Overflow |     HPWL (um) |  HPWL(%) |   Penalty | Group
---------------------------------------------------------------
      620 |   0.6211 |  6.971339e+05 |  -17.82% |  1.05e-09 |      
      630 |   0.5269 |  8.666925e+05 |  +24.32% |  1.53e-09 |      
      640 |   0.5175 |  8.543322e+05 |   -1.43% |  2.25e-09 |      
      650 |   0.4792 |  8.827815e+05 |   +3.33% |  3.30e-09 |      
      660 |   0.4432 |  8.411594e+05 |   -4.71% |  4.86e-09 |      
      670 |   0.4086 |  8.702566e+05 |   +3.46% |  7.14e-09 |      
      680 |   0.3786 |  8.804801e+05 |   +1.17% |  1.05e-08 |      
      690 |   0.3479 |  8.643546e+05 |   -1.83% |  1.55e-08 |      
      700 |   0.3213 |  8.583570e+05 |   -0.69% |  2.28e-08 |      
[INFO GPL-0040] Routability iteration: 4
[INFO GPL-0041] Total routing overflow: 102.6398
[INFO GPL-0042] Number of overflowed tiles: 1209 (13.68%)
[INFO GPL-0043] Average top 0.5% routing congestion: 1.2801
[INFO GPL-0044] Average top 1.0% routing congestion: 1.2475
[INFO GPL-0045] Average top 2.0% routing congestion: 1.2128
[INFO GPL-0046] Average top 5.0% routing congestion: 1.1575
[INFO GPL-0047] Routability iteration weighted routing congestion: 1.2638
[INFO GPL-0048] Routing congestion (1.2638) lower than previous minimum (1.279). Updating minimum.
[INFO GPL-0086] Inflated area:               12211.064 um^2 (+3.74%)
[INFO GPL-0052] Placement target density:       0.7955
[INFO GPL-0076] Removing fillers, count: Before: 0, After: 0 (+0.00%)
[INFO GPL-0077] Filler area (um^2)     : Before: 0.000, After: 0.000 (+0.00%)
[INFO GPL-0078] Removed fillers count: 0, area removed: 0.000 um^2. Remaining area to be compensated by modifying density: 12211.064 um^2
[INFO GPL-0079] New target density: 0.8252724
[INFO GPL-0058] White space area:           410049.520 um^2 (+0.00%)
[INFO GPL-0059] Movable instances area:     338402.542 um^2 (+3.74%)
[INFO GPL-0060] Total filler area:               0.000 um^2 (+0.00%)
[INFO GPL-0061] Total non-inflated area:    338402.526 um^2 (+3.74%)
[INFO GPL-0062] Total inflated area:        350613.590 um^2 (+3.61%)
[INFO GPL-0063] New Target Density:             0.8253
[INFO GPL-0087] Routability end iteration: increase inflation and revert back to snapshot.
Iteration | Overflow |     HPWL (um) |  HPWL(%) |   Penalty | Group
---------------------------------------------------------------
      710 |   0.6194 |  7.017649e+05 |  -18.24% |  1.05e-09 |      
      720 |   0.5219 |  8.838315e+05 |  +25.94% |  1.53e-09 |      
      730 |   0.5144 |  8.773807e+05 |   -0.73% |  2.24e-09 |      
      740 |   0.4752 |  8.962020e+05 |   +2.15% |  3.30e-09 |      
      750 |   0.4436 |  8.517397e+05 |   -4.96% |  4.86e-09 |      
      760 |   0.4088 |  8.848699e+05 |   +3.89% |  7.14e-09 |      
      770 |   0.3772 |  8.920896e+05 |   +0.82% |  1.05e-08 |      
      780 |   0.3466 |  8.753052e+05 |   -1.88% |  1.54e-08 |      
      790 |   0.3184 |  8.691285e+05 |   -0.71% |  2.28e-08 |      
[INFO GPL-0040] Routability iteration: 5
[INFO GPL-0041] Total routing overflow: 92.5202
[INFO GPL-0042] Number of overflowed tiles: 1221 (13.82%)
[INFO GPL-0043] Average top 0.5% routing congestion: 1.2545
[INFO GPL-0044] Average top 1.0% routing congestion: 1.2254
[INFO GPL-0045] Average top 2.0% routing congestion: 1.1938
[INFO GPL-0046] Average top 5.0% routing congestion: 1.1451
[INFO GPL-0047] Routability iteration weighted routing congestion: 1.2399
[INFO GPL-0048] Routing congestion (1.2399) lower than previous minimum (1.264). Updating minimum.
[INFO GPL-0086] Inflated area:               11679.090 um^2 (+3.45%)
[INFO GPL-0052] Placement target density:       0.8253
[INFO GPL-0076] Removing fillers, count: Before: 0, After: 0 (+0.00%)
[INFO GPL-0077] Filler area (um^2)     : Before: 0.000, After: 0.000 (+0.00%)
[INFO GPL-0078] Removed fillers count: 0, area removed: 0.000 um^2. Remaining area to be compensated by modifying density: 11679.090 um^2
[INFO GPL-0079] New target density: 0.8537545
[INFO GPL-0058] White space area:           410049.520 um^2 (+0.00%)
[INFO GPL-0059] Movable instances area:     350081.614 um^2 (+3.45%)
[INFO GPL-0060] Total filler area:               0.000 um^2 (+0.00%)
[INFO GPL-0061] Total non-inflated area:    350081.616 um^2 (+3.45%)
[INFO GPL-0062] Total inflated area:        361760.706 um^2 (+3.34%)
[INFO GPL-0063] New Target Density:             0.8538
[INFO GPL-0087] Routability end iteration: increase inflation and revert back to snapshot.
Iteration | Overflow |     HPWL (um) |  HPWL(%) |   Penalty | Group
---------------------------------------------------------------
      800 |   0.5962 |  7.408950e+05 |  -14.75% |  1.09e-09 |      
      810 |   0.5159 |  9.081788e+05 |  +22.58% |  1.58e-09 |      
      820 |   0.5046 |  8.865157e+05 |   -2.39% |  2.33e-09 |      
      830 |   0.4660 |  9.070913e+05 |   +2.32% |  3.42e-09 |      
      840 |   0.4331 |  8.597609e+05 |   -5.22% |  5.04e-09 |      
      850 |   0.3985 |  9.026475e+05 |   +4.99% |  7.40e-09 |      
      860 |   0.3696 |  8.940769e+05 |   -0.95% |  1.09e-08 |      
      870 |   0.3400 |  8.765227e+05 |   -1.96% |  1.60e-08 |      
      880 |   0.3139 |  8.711095e+05 |   -0.62% |  2.36e-08 |      
[INFO GPL-0040] Routability iteration: 6
[INFO GPL-0041] Total routing overflow: 89.9397
[INFO GPL-0042] Number of overflowed tiles: 1186 (13.42%)
[INFO GPL-0043] Average top 0.5% routing congestion: 1.2607
[INFO GPL-0044] Average top 1.0% routing congestion: 1.2308
[INFO GPL-0045] Average top 2.0% routing congestion: 1.1947
[INFO GPL-0046] Average top 5.0% routing congestion: 1.1418
[INFO GPL-0047] Routability iteration weighted routing congestion: 1.2457
[INFO GPL-0049] Routing congestion (1.2457) higher than minimum (1.2399). Consecutive non-improvement count: 1.
[INFO GPL-0086] Inflated area:               11647.441 um^2 (+3.33%)
[INFO GPL-0052] Placement target density:       0.8538
[INFO GPL-0076] Removing fillers, count: Before: 0, After: 0 (+0.00%)
[INFO GPL-0077] Filler area (um^2)     : Before: 0.000, After: 0.000 (+0.00%)
[INFO GPL-0078] Removed fillers count: 0, area removed: 0.000 um^2. Remaining area to be compensated by modifying density: 11647.442 um^2
[INFO GPL-0079] New target density: 0.8821595
[INFO GPL-0058] White space area:           410049.520 um^2 (+0.00%)
[INFO GPL-0059] Movable instances area:     361729.065 um^2 (+3.33%)
[INFO GPL-0060] Total filler area:               0.000 um^2 (+0.00%)
[INFO GPL-0061] Total non-inflated area:    361729.057 um^2 (+3.33%)
[INFO GPL-0062] Total inflated area:        373376.499 um^2 (+3.22%)
[INFO GPL-0063] New Target Density:             0.8822
[INFO GPL-0087] Routability end iteration: increase inflation and revert back to snapshot.
Iteration | Overflow |     HPWL (um) |  HPWL(%) |   Penalty | Group
---------------------------------------------------------------
      890 |   0.5715 |  7.901390e+05 |   -9.30% |  1.13e-09 |      
      900 |   0.5101 |  9.446578e+05 |  +19.56% |  1.64e-09 |      
      910 |   0.4980 |  9.013376e+05 |   -4.59% |  2.41e-09 |      
      920 |   0.4592 |  9.179587e+05 |   +1.84% |  3.55e-09 |      
      930 |   0.4266 |  8.748784e+05 |   -4.69% |  5.23e-09 |      
      940 |   0.3938 |  9.229497e+05 |   +5.49% |  7.68e-09 |      
      950 |   0.3673 |  9.022717e+05 |   -2.24% |  1.13e-08 |      
      960 |   0.3410 |  8.839391e+05 |   -2.03% |  1.67e-08 |      
      970 |   0.3081 |  8.822377e+05 |   -0.19% |  2.45e-08 |      
[INFO GPL-0040] Routability iteration: 7
[INFO GPL-0041] Total routing overflow: 94.0719
[INFO GPL-0042] Number of overflowed tiles: 1233 (13.95%)
[INFO GPL-0043] Average top 0.5% routing congestion: 1.2382
[INFO GPL-0044] Average top 1.0% routing congestion: 1.2137
[INFO GPL-0045] Average top 2.0% routing congestion: 1.1857
[INFO GPL-0046] Average top 5.0% routing congestion: 1.1421
[INFO GPL-0047] Routability iteration weighted routing congestion: 1.2259
[INFO GPL-0048] Routing congestion (1.2259) lower than previous minimum (1.24). Updating minimum.
[INFO GPL-0086] Inflated area:               12226.944 um^2 (+3.38%)
[INFO GPL-0052] Placement target density:       0.8822
[INFO GPL-0076] Removing fillers, count: Before: 0, After: 0 (+0.00%)
[INFO GPL-0077] Filler area (um^2)     : Before: 0.000, After: 0.000 (+0.00%)
[INFO GPL-0078] Removed fillers count: 0, area removed: 0.000 um^2. Remaining area to be compensated by modifying density: 12226.945 um^2
[INFO GPL-0079] New target density: 0.9119777
[INFO GPL-0058] White space area:           410049.520 um^2 (+0.00%)
[INFO GPL-0059] Movable instances area:     373956.018 um^2 (+3.38%)
[INFO GPL-0060] Total filler area:               0.000 um^2 (+0.00%)
[INFO GPL-0061] Total non-inflated area:    373956.002 um^2 (+3.38%)
[INFO GPL-0062] Total inflated area:        386182.947 um^2 (+3.27%)
[INFO GPL-0063] New Target Density:             0.9120
[INFO GPL-0087] Routability end iteration: increase inflation and revert back to snapshot.
Iteration | Overflow |     HPWL (um) |  HPWL(%) |   Penalty | Group
---------------------------------------------------------------
      980 |   0.5374 |  8.506490e+05 |   -3.58% |  1.22e-09 |      
      990 |   0.5084 |  9.662351e+05 |  +13.59% |  1.77e-09 |      
     1000 |   0.4863 |  9.167212e+05 |   -5.12% |  2.60e-09 |      
     1010 |   0.4478 |  9.245857e+05 |   +0.86% |  3.83e-09 |      
     1020 |   0.4212 |  8.942440e+05 |   -3.28% |  5.64e-09 |      
     1030 |   0.3856 |  9.351436e+05 |   +4.57% |  8.28e-09 |      
     1040 |   0.3569 |  9.028665e+05 |   -3.45% |  1.22e-08 |      
     1050 |   0.3278 |  8.886014e+05 |   -1.58% |  1.80e-08 |      
     1060 |   0.2987 |  8.837170e+05 |   -0.55% |  2.65e-08 |      
[INFO GPL-0040] Routability iteration: 8
[INFO GPL-0041] Total routing overflow: 96.3441
[INFO GPL-0042] Number of overflowed tiles: 1256 (14.21%)
[INFO GPL-0043] Average top 0.5% routing congestion: 1.2625
[INFO GPL-0044] Average top 1.0% routing congestion: 1.2289
[INFO GPL-0045] Average top 2.0% routing congestion: 1.1947
[INFO GPL-0046] Average top 5.0% routing congestion: 1.1446
[INFO GPL-0047] Routability iteration weighted routing congestion: 1.2457
[INFO GPL-0049] Routing congestion (1.2457) higher than minimum (1.2259). Consecutive non-improvement count: 1.
[INFO GPL-0086] Inflated area:               13316.271 um^2 (+3.56%)
[INFO GPL-0052] Placement target density:       0.9120
[INFO GPL-0076] Removing fillers, count: Before: 0, After: 0 (+0.00%)
[INFO GPL-0077] Filler area (um^2)     : Before: 0.000, After: 0.000 (+0.00%)
[INFO GPL-0078] Removed fillers count: 0, area removed: 0.000 um^2. Remaining area to be compensated by modifying density: 13316.272 um^2
[INFO GPL-0079] New target density: 0.94445246
[INFO GPL-0058] White space area:           410049.520 um^2 (+0.00%)
[INFO GPL-0059] Movable instances area:     387272.278 um^2 (+3.56%)
[INFO GPL-0060] Total filler area:               0.000 um^2 (+0.00%)
[INFO GPL-0061] Total non-inflated area:    387272.274 um^2 (+3.56%)
[INFO GPL-0062] Total inflated area:        400588.545 um^2 (+3.44%)
[INFO GPL-0063] New Target Density:             0.9445
[INFO GPL-0087] Routability end iteration: increase inflation and revert back to snapshot.
Iteration | Overflow |     HPWL (um) |  HPWL(%) |   Penalty | Group
---------------------------------------------------------------
     1070 |   0.5118 |  9.135647e+05 |   +3.38% |  1.36e-09 |      
     1080 |   0.5065 |  9.454565e+05 |   +3.49% |  1.98e-09 |      
     1090 |   0.4680 |  9.382165e+05 |   -0.77% |  2.91e-09 |      
     1100 |   0.4372 |  9.088149e+05 |   -3.13% |  4.29e-09 |      
     1110 |   0.4033 |  9.285747e+05 |   +2.17% |  6.30e-09 |      
     1120 |   0.3753 |  9.325936e+05 |   +0.43% |  9.27e-09 |      
     1130 |   0.3476 |  9.022853e+05 |   -3.25% |  1.37e-08 |      
     1140 |   0.3141 |  8.928111e+05 |   -1.05% |  2.01e-08 |      
[INFO GPL-0040] Routability iteration: 9
[INFO GPL-0041] Total routing overflow: 89.4328
[INFO GPL-0042] Number of overflowed tiles: 1232 (13.94%)
[INFO GPL-0043] Average top 0.5% routing congestion: 1.2284
[INFO GPL-0044] Average top 1.0% routing congestion: 1.2045
[INFO GPL-0045] Average top 2.0% routing congestion: 1.1782
[INFO GPL-0046] Average top 5.0% routing congestion: 1.1359
[INFO GPL-0047] Routability iteration weighted routing congestion: 1.2164
[INFO GPL-0048] Routing congestion (1.2164) lower than previous minimum (1.226). Updating minimum.
[INFO GPL-0086] Inflated area:               13816.375 um^2 (+3.57%)
[INFO GPL-0052] Placement target density:       0.9445
[INFO GPL-0076] Removing fillers, count: Before: 0, After: 0 (+0.00%)
[INFO GPL-0077] Filler area (um^2)     : Before: 0.000, After: 0.000 (+0.00%)
[INFO GPL-0078] Removed fillers count: 0, area removed: 0.000 um^2. Remaining area to be compensated by modifying density: 13816.375 um^2
[INFO GPL-0079] New target density: 0.97814685
[INFO GPL-0058] White space area:           410049.520 um^2 (+0.00%)
[INFO GPL-0059] Movable instances area:     401088.643 um^2 (+3.57%)
[INFO GPL-0060] Total filler area:               0.000 um^2 (+0.00%)
[INFO GPL-0061] Total non-inflated area:    401088.649 um^2 (+3.57%)
[INFO GPL-0062] Total inflated area:        414905.024 um^2 (+3.44%)
[INFO GPL-0063] New Target Density:             0.9781
[INFO GPL-0087] Routability end iteration: increase inflation and revert back to snapshot.
Iteration | Overflow |     HPWL (um) |  HPWL(%) |   Penalty | Group
---------------------------------------------------------------
     1150 |   0.6076 |  7.287435e+05 |  -18.38% |  1.05e-09 |      
     1160 |   0.4971 |  9.797355e+05 |  +34.44% |  1.51e-09 |      
     1170 |   0.4902 |  9.412589e+05 |   -3.93% |  2.22e-09 |      
     1180 |   0.4544 |  9.621635e+05 |   +2.22% |  3.26e-09 |      
     1190 |   0.4292 |  9.069318e+05 |   -5.74% |  4.80e-09 |      
     1200 |   0.3911 |  9.562608e+05 |   +5.44% |  7.05e-09 |      
     1210 |   0.3628 |  9.269637e+05 |   -3.06% |  1.04e-08 |      
     1220 |   0.3404 |  9.055582e+05 |   -2.31% |  1.53e-08 |      
     1230 |   0.3057 |  9.001639e+05 |   -0.60% |  2.25e-08 |      
[INFO GPL-0040] Routability iteration: 10
[INFO GPL-0041] Total routing overflow: 86.0494
[INFO GPL-0042] Number of overflowed tiles: 1227 (13.89%)
[INFO GPL-0043] Average top 0.5% routing congestion: 1.2379
[INFO GPL-0044] Average top 1.0% routing congestion: 1.2058
[INFO GPL-0045] Average top 2.0% routing congestion: 1.1757
[INFO GPL-0046] Average top 5.0% routing congestion: 1.1323
[INFO GPL-0047] Routability iteration weighted routing congestion: 1.2219
[INFO GPL-0049] Routing congestion (1.2219) higher than minimum (1.2164). Consecutive non-improvement count: 1.
[INFO GPL-0086] Inflated area:               13726.255 um^2 (+3.42%)
[INFO GPL-0052] Placement target density:       0.9781
[INFO GPL-0076] Removing fillers, count: Before: 0, After: 0 (+0.00%)
[INFO GPL-0077] Filler area (um^2)     : Before: 0.000, After: 0.000 (+0.00%)
[INFO GPL-0078] Removed fillers count: 0, area removed: 0.000 um^2. Remaining area to be compensated by modifying density: 13726.255 um^2
[INFO GPL-0079] New target density: 1.0116215
[INFO GPL-0053] Target density 1.0116 exceeds the maximum allowed 0.9900.
[INFO GPL-0055] Reverting inflation values and target density from the iteration with minimum observed routing congestion.
[INFO GPL-0056] Minimum observed routing congestion: 1.2164
[INFO GPL-0057] Target density at minimum routing congestion: 0.9445
[INFO GPL-0080] Restoring 0 previously removed fillers.
[INFO GPL-0089] Routability finished. Reverting to minimal observed routing congestion, could not reach target.
Iteration | Overflow |     HPWL (um) |  HPWL(%) |   Penalty | Group
---------------------------------------------------------------
     1240 |   0.5217 |  8.414759e+05 |   -6.52% |  1.22e-09 |      
     1250 |   0.4930 |  9.823958e+05 |  +16.75% |  1.76e-09 |      
     1260 |   0.4707 |  9.208628e+05 |   -6.26% |  2.60e-09 |      
     1270 |   0.4348 |  9.387545e+05 |   +1.94% |  3.82e-09 |      
     1280 |   0.4060 |  9.002435e+05 |   -4.10% |  5.62e-09 |      
     1290 |   0.3709 |  9.445530e+05 |   +4.92% |  8.25e-09 |      
     1300 |   0.3459 |  9.103468e+05 |   -3.62% |  1.21e-08 |      
     1310 |   0.3182 |  8.925996e+05 |   -1.95% |  1.79e-08 |      
     1320 |   0.2883 |  8.893031e+05 |   -0.37% |  2.64e-08 |      
     1330 |   0.2625 |  8.768260e+05 |   -1.40% |  3.88e-08 |      
     1340 |   0.2348 |  8.742327e+05 |   -0.30% |  5.72e-08 |      
     1350 |   0.2072 |  8.709012e+05 |   -0.38% |  8.43e-08 |      
[INFO GPL-0100] Timing-driven iteration 2/2, virtual: false.
[INFO GPL-0101]    Iter: 1357, overflow: 0.194, keep resizer changes at: 1, HPWL: 869978906
Iteration |   Area    | Resized | Buffers | Nets repaired | Remaining
---------------------------------------------------------------------
        0 |     +0.0% |       0 |       0 |             0 |     29433
    final |     +0.3% |      24 |      35 |            41 |         0
---------------------------------------------------------------------
[INFO RSZ-0034] Found 35 slew violations.
[INFO RSZ-0036] Found 16 capacitance violations.
[INFO RSZ-0039] Resized 24 instances.
[INFO RSZ-0038] Inserted 35 buffers in 41 nets.
   Iter   |    Area   | Removed | Inserted |   Pins
          |           | Buffers | Buffers  | Remaining
-------------------------------------------------------
        0 |     +0.0% |       0 |        0 |     25314
     2500 |     -0.1% |     268 |      241 |     22814
     5000 |     -0.3% |     722 |      605 |     20314
     7500 |     -0.3% |    1098 |      942 |     17814
    10000 |     -0.5% |    1342 |     1141 |     15314
    12500 |     -0.6% |    1581 |     1355 |     12814
    15000 |     -0.9% |    1864 |     1543 |     10314
    17500 |     -0.9% |    2189 |     1854 |      7814
    20000 |     -0.7% |    2364 |     2068 |      5314
    22500 |     -0.6% |    2599 |     2324 |      2814
    25000 |     -0.3% |    3605 |     3417 |       314
    final |     -0.3% |    3622 |     3440 |         0
-------------------------------------------------------
[INFO GPL-0106] Timing-driven: worst slack -3.0949998e-09
[INFO GPL-0107] Timing-driven: repair_design delta area: -9424.726 um^2 (-2.35%)
[INFO GPL-0108] Timing-driven: repair_design, gpl delta gcells: -147 (-0.50%)
[INFO GPL-0109] Timing-driven: repair_design, gcells created: 3475, deleted: 3622
[INFO GPL-0110] Timing-driven: new target density: 0.95516247
Iteration | Overflow |     HPWL (um) |  HPWL(%) |   Penalty | Group
---------------------------------------------------------------
     1360 |   0.1817 |  9.269542e+05 |   +6.44% |  1.24e-07 |      
     1370 |   0.1579 |  8.993797e+05 |   -2.97% |  1.82e-07 |      
     1380 |   0.1362 |  8.873494e+05 |   -1.34% |  2.68e-07 |      
     1390 |   0.1150 |  8.813207e+05 |   -0.68% |  3.95e-07 |      
     1399 |   0.0991 |  8.786478e+05 |          |  5.81e-07 |      
---------------------------------------------------------------
[INFO GPL-1001] Global placement finished at iteration 1399
[INFO GPL-1017] Routability mode iteration count: 947
[INFO GPL-1005] Routability final weighted congestion: 1.1802
[INFO GPL-1002] Placed Cell Area            377847.5484
[INFO GPL-1003] Available Free Area         410049.5200
[INFO GPL-1004] Minimum Feasible Density        0.5800 (cell_area / free_area)
[INFO GPL-1006]   Suggested Target Densities:
[INFO GPL-1007]     - For 90% usage of free space: 1.0239
[INFO GPL-1008]     - For 80% usage of free space: 1.1518
[INFO GPL-1011] Original area (um^2): 234673.05
[INFO GPL-1012] Total routability artificial inflation: 121617.13 (+51.82%)
[INFO GPL-1013] Total timing-driven delta area: 21557.37 (+9.19%)
[INFO GPL-1014] Final placement area: 377847.55 (+61.01%)
Took 164 seconds: global_placement -density 0.6949999874830246 -pad_left 0 -pad_right 0 -routability_driven -timing_driven -force_center_initial_place -min_phi_coef 0.95 -max_phi_coef 1.05
estimate_parasitics -placement
Report metrics stage 3, global place...

==========================================================================
global place report_design_area
--------------------------------------------------------------------------
Design area 249322 um^2 60% utilization.
write_db /work/results/sky130hd/m7_j1/base/3_3_place_gp.odb
Elapsed time: 2:51.22[h:]min:sec. CPU time: user 3755.29 sys 16.85 (2203%). Peak memory: 628408KB.
Log                       Ext     Elapsed/s Peak Memory/MB sha1sum result [0:20)
3_3_place_gp              .odb          171            613 3befee87bc3d9961b8da
/OpenROAD-flow-scripts/flow/scripts/flow.sh 3_4_place_resized resize
Running resize.tcl, stage 3_4_place_resized
read_liberty /OpenROAD-flow-scripts/flow/platforms/sky130hd/lib/sky130_fd_sc_hd__tt_025C_1v80.lib
read_db -hier /work/results/sky130hd/m7_j1/base/3_3_place_gp.odb
[WARNING ORD-0012] Hierarchical flow (-hier) is currently in development and may cause multiple issues. Do not use in production environments.
read_sdc /work/results/sky130hd/m7_j1/base/2_floorplan.sdc
source /OpenROAD-flow-scripts/flow/platforms/sky130hd/setRC.tcl
estimate_parasitics -placement
replace_arith_modules -path_count 1000 -target setup -slack_threshold 0.0
[INFO RSZ-0151] Starting arithmetic module replacement to optimize 'setup' target
[INFO RSZ-0152] Analyzing 1000 critical paths with slack < 0.00
[INFO RSZ-0153] Identified 489 violating endpoints
[INFO RSZ-0154] Identified 3 critical arithmetic instances
[WARNING ODB-0453] The modules cannot be swapped because module ALU_30_0_32_0_32_unused_CO\[30:0\]_X_Y_HAN_CARLSON__19806_ has 81 ports but module ALU_30_0_32_0_32_unused_CO\[30:0\]_X_Y_KOGGE_STONE has 67 ports.
[INFO RSZ-0160] 0 arithmetic instances have swapped to improve 'setup' target
[INFO GPL-0083] Execute incremental mode global placement.
[INFO GPL-0001] ---- Initialize GPL Main Data Structures
[INFO GPL-0002] DBU: 1000
[INFO GPL-0003] SiteSize: (  0.460  2.720 ) um
[INFO GPL-0004] CoreBBox: (  1.380  2.720 ) ( 648.140 647.360 ) um
[INFO GPL-0016] Core area:                  416927.366 um^2
[INFO GPL-0036] Movable instances area:     242443.773 um^2
[INFO GPL-0037] Total instances area:       249321.619 um^2
[INFO GPL-0035] Pin density area adjust:     24467.483 um^2
[INFO GPL-0032] ---- Initialize Region: Top-level
[INFO GPL-0006] Number of instances:             34466
[INFO GPL-0007] Movable instances:               28969
[INFO GPL-0008] Fixed instances:                  5497
[INFO GPL-0009] Dummy instances:                     0
[INFO GPL-0010] Number of nets:                  29164
[INFO GPL-0011] Number of pins:                 103025
[INFO GPL-0012] Die BBox:       (  0.000  0.000 ) ( 649.570 649.570 ) um
[INFO GPL-0013] Placement BBox: (  1.380  2.720 ) ( 648.140 647.360 ) um
[INFO GPL-0014] Region name: top-level.
[INFO GPL-0015] Region area:                416927.366 um^2
[INFO GPL-0017] Fixed instances area:         6877.846 um^2
[INFO GPL-0018] Movable instances area:     266911.256 um^2
[INFO GPL-0019] Utilization:                    65.092 %
[INFO GPL-0020] Standard cells area:        266911.256 um^2
[INFO GPL-0021] Large instances area:            0.000 um^2
[INFO GPL-0154] Identified 28969 placed instances
[INFO GPL-0155] Identified 0 not placed instances
[INFO GPL-0156] Identified all instances as placed. Skipping incremental mode
Perform buffer insertion and gate resizing...
repair_design -verbose -match_cell_footprint
Iteration |   Area    | Resized | Buffers | Nets repaired | Remaining
---------------------------------------------------------------------
        0 |     +0.0% |       0 |       0 |             0 |     29286
     1000 |     +0.0% |       0 |       0 |             0 |     28286
     2000 |     +0.0% |       0 |       0 |             0 |     27286
     3000 |     +0.0% |       0 |       0 |             0 |     26286
     4000 |     +0.0% |       0 |       0 |             0 |     25286
     5000 |     +0.0% |       0 |       0 |             0 |     24286
     6000 |     +0.0% |       0 |       0 |             0 |     23286
     7000 |     +0.0% |       0 |       0 |             0 |     22286
     8000 |     +0.0% |       0 |       0 |             0 |     21286
     9000 |     +0.0% |       0 |       0 |             0 |     20286
    10000 |     +0.0% |       0 |       0 |             0 |     19286
    11000 |     +0.0% |       0 |       0 |             0 |     18286
    12000 |     +0.0% |       0 |       0 |             0 |     17286
    13000 |     +0.0% |       0 |       0 |             0 |     16286
    14000 |     +0.0% |       0 |       0 |             0 |     15286
    15000 |     +0.0% |       0 |       0 |             0 |     14286
    16000 |     +0.0% |       0 |       0 |             0 |     13286
    17000 |     +0.0% |       0 |       0 |             0 |     12286
    18000 |     +0.0% |       0 |       0 |             0 |     11286
    19000 |     +0.0% |       0 |       0 |             0 |     10286
    20000 |     +0.0% |       0 |       0 |             0 |      9286
    21000 |     +0.0% |       0 |       0 |             0 |      8286
    22000 |     +0.0% |       0 |       0 |             0 |      7286
    23000 |     +0.0% |       0 |       0 |             0 |      6286
    24000 |     +0.0% |       0 |       0 |             0 |      5286
    25000 |     +0.0% |       0 |       0 |             0 |      4286
    26000 |     +0.0% |       0 |       0 |             0 |      3286
    27000 |     +0.0% |       0 |       0 |             0 |      2286
    28000 |     +0.0% |       0 |       0 |             0 |      1286
    29000 |     +0.0% |       0 |       0 |             0 |       286
    final |     +0.0% |       0 |       0 |             0 |         0
---------------------------------------------------------------------
[INFO RSZ-0504] Runtime: 3.42s
Floating nets: 
Report metrics stage 3, resizer...

==========================================================================
resizer report_design_area
--------------------------------------------------------------------------
Design area 249322 um^2 60% utilization.
Instance count before 34466, after 34466
Pin count before 102871, after 102871
write_db /work/results/sky130hd/m7_j1/base/3_4_place_resized.odb
Elapsed time: 0:13.47[h:]min:sec. CPU time: user 19.07 sys 5.11 (179%). Peak memory: 292596KB.
Log                       Ext     Elapsed/s Peak Memory/MB sha1sum result [0:20)
3_4_place_resized         .odb           13            285 c1ee5300b7e4bd3602ef
/OpenROAD-flow-scripts/flow/scripts/flow.sh 3_5_place_dp detail_place
Running detail_place.tcl, stage 3_5_place_dp
read_liberty /OpenROAD-flow-scripts/flow/platforms/sky130hd/lib/sky130_fd_sc_hd__tt_025C_1v80.lib
read_db -hier /work/results/sky130hd/m7_j1/base/3_4_place_resized.odb
[WARNING ORD-0012] Hierarchical flow (-hier) is currently in development and may cause multiple issues. Do not use in production environments.
read_sdc /work/results/sky130hd/m7_j1/base/2_floorplan.sdc
source /OpenROAD-flow-scripts/flow/platforms/sky130hd/setRC.tcl
detailed_placement
[INFO DPL-0006] Core area: 416927.37 um^2
[INFO DPL-0007] Movable instances area: 242443.77 um^2
[INFO DPL-0008] Fixed instances area within core: 6877.85 um^2
[INFO DPL-0009] Utilization: 59.8%
[INFO DPL-0005] Diamond search max displacement: +/- 500 sites horizontally, +/- 100 rows vertically.
[INFO DPL-1102] Legalizing using negotiation legalizer.
[INFO DPL-1103] Negotiation base search window: +/-20 sites horizontally, +/-5 rows vertically 
	Automatic search window extension enabled.
	Search window extendable up to the max displacement cap of +/-500 sites, +/-100 rows near walls.
[INFO DPL-1104] NegotiationLegalizer DRC penalty: 5.
[INFO DPL-0392] Negotiation cell height distribution (1 unique row-count(s)):
[INFO DPL-0393]   height 1 row(s): 34466 cells
          |      Total |  Illegal |  Illegal
Iteration | Violations |    Cells |    Sites
---------------------------------------------
        0 |       5203 |      1141 |      4047
        1 |       3165 |       421 |      2741
        2 |       2397 |       271 |      2111
        3 |       1926 |       212 |      1714
        4 |       1707 |       173 |      1534
        5 |       1233 |       123 |      1104
        6 |       1123 |       105 |      1018
        7 |        918 |        98 |       820
        8 |        709 |        61 |       648
        9 |        620 |        52 |       568
       10 |        499 |        41 |       458
       20 |        174 |        16 |       158
       30 |         30 |         2 |        28
       40 |         18 |         2 |        16
       47 |          0 |         0 |         0
Negotiation phase 1 converged at iteration 47.
[INFO DPL-0500] Runtime: 2.53s
Placement Analysis
---------------------------------
total displacement     108377.3 u
average displacement        3.1 u
max displacement           39.1 u
original HPWL          879703.6 u
legalized HPWL         984285.4 u
delta HPWL                   12 %

improve_placement -max_displacement "5 1"
Detailed placement improvement.
[INFO DPL-0401] Setting random seed to 1.
[INFO DPL-0402] Setting maximum displacement 5 1 to 13600 2720 units.
[INFO DPL-0320] Collected 5773 fixed cells.
[INFO DPL-0318] Collected 28969 single height cells.
[INFO DPL-0321] Collected 0 wide cells.
[INFO DPL-0322] Image (1380, 2720) - (648140, 647360)
[INFO DPL-0310] Assigned 28969 cells into segments.  Movement in X-direction is 0.000000, movement in Y-direction is 0.000000.
[INFO DPL-0313] Found 0 cells in wrong regions.
[INFO DPL-0315] Found 0 row alignment problems.
[INFO DPL-0314] Found 0 site alignment problems.
[INFO DPL-0311] Found 0 overlaps between adjacent cells.
[INFO DPL-0312] Found 0 edge spacing violations and 0 padding violations.
[INFO DPL-0303] Running algorithm for independent set matching.
[INFO DPL-0300] Set matching objective is wirelength.
[INFO DPL-0301] Pass   1 of matching; objective is 9.843100e+08.
[INFO DPL-0302] End of matching; objective is 9.834328e+08, improvement is 0.09 percent.
[INFO DPL-0303] Running algorithm for global swaps.
[INFO DPL-0306] Pass   1 of global swaps; hpwl is 9.685751e+08.
[INFO DPL-0306] Pass   2 of global swaps; hpwl is 9.658829e+08.
[INFO DPL-0307] End of global swaps; objective is 9.658829e+08, improvement is 1.78 percent.
[INFO DPL-0303] Running algorithm for vertical swaps.
[INFO DPL-0308] Pass   1 of vertical swaps; hpwl is 9.622624e+08.
[INFO DPL-0309] End of vertical swaps; objective is 9.622624e+08, improvement is 0.37 percent.
[INFO DPL-0303] Running algorithm for reordering.
[INFO DPL-0304] Pass   1 of reordering; objective is 9.606807e+08.
[INFO DPL-0305] End of reordering; objective is 9.606807e+08, improvement is 0.16 percent.
[INFO DPL-0303] Running algorithm for random improvement.
[INFO DPL-0324] Random improver is using random generator.
[INFO DPL-0325] Random improver is using hpwl objective.
[INFO DPL-0326] Random improver cost string is (a).
[INFO DPL-0332] End of pass, Generator random called 579380 times.
[INFO DPL-0335] Generator random, Cumulative attempts 579380, swaps 91417, moves 126406 since last reset.
[INFO DPL-0333] End of pass, Objective hpwl, Initial cost 9.555376e+08, Scratch cost 9.450213e+08, Incremental cost 9.450213e+08, Mismatch? N
[INFO DPL-0338] End of pass, Total cost is 9.450213e+08.
[INFO DPL-0327] Pass   1 of random improver; improvement in cost is 1.10 percent.
[INFO DPL-0332] End of pass, Generator random called 579380 times.
[INFO DPL-0335] Generator random, Cumulative attempts 1158760, swaps 179487, moves 253310 since last reset.
[INFO DPL-0333] End of pass, Objective hpwl, Initial cost 9.450213e+08, Scratch cost 9.412453e+08, Incremental cost 9.412453e+08, Mismatch? N
[INFO DPL-0338] End of pass, Total cost is 9.412453e+08.
[INFO DPL-0327] Pass   2 of random improver; improvement in cost is 0.40 percent.
[INFO DPL-0328] End of random improver; improvement is 1.495728 percent.
[INFO DPL-0380] Cell flipping.
[INFO DPL-0382] Changed 0 cell orientations for row compatibility.
[INFO DPL-0383] Performed 8384 cell flips.
[INFO DPL-0384] End of flipping; objective is 9.348746e+08, improvement is 1.22 percent.
[INFO DPL-0313] Found 0 cells in wrong regions.
[INFO DPL-0315] Found 0 row alignment problems.
[INFO DPL-0314] Found 0 site alignment problems.
[INFO DPL-0311] Found 0 overlaps between adjacent cells.
[INFO DPL-0312] Found 0 edge spacing violations and 0 padding violations.
Detailed Improvement Results
------------------------------------------
Original HPWL           984285.4 u (  404245.0,   580040.4)
Final HPWL              934726.5 u (  388729.5,   545996.9)
Delta HPWL                  -5.0 % (      -3.8,       -5.9)

Took 8 seconds: improve_placement -max_displacement "5 1"
optimize_mirroring
[INFO DPL-0020] Mirrored 1606 instances
[INFO DPL-0021] HPWL before          934726.5 u
[INFO DPL-0022] HPWL after           934369.5 u
[INFO DPL-0023] HPWL delta               -0.0 %
[INFO FLW-0012] Placement violations .
estimate_parasitics -placement
Report metrics stage 3, detailed place...

==========================================================================
detailed place report_design_area
--------------------------------------------------------------------------
Design area 249322 um^2 60% utilization.
write_db /work/results/sky130hd/m7_j1/base/3_5_place_dp.odb
write_sdc -no_timestamp /work/results/sky130hd/m7_j1/base/3_place.sdc
Elapsed time: 0:20.03[h:]min:sec. CPU time: user 25.23 sys 4.78 (149%). Peak memory: 330524KB.
Log                       Ext     Elapsed/s Peak Memory/MB sha1sum result [0:20)
3_5_place_dp              .odb           20            322 ee46f9ab830fbead50be
cp /work/results/sky130hd/m7_j1/base/3_5_place_dp.odb /work/results/sky130hd/m7_j1/base/3_place.odb
/OpenROAD-flow-scripts/flow/scripts/flow.sh 4_1_cts cts
Running cts.tcl, stage 4_1_cts
read_liberty /OpenROAD-flow-scripts/flow/platforms/sky130hd/lib/sky130_fd_sc_hd__tt_025C_1v80.lib
read_db -hier /work/results/sky130hd/m7_j1/base/3_place.odb
[WARNING ORD-0012] Hierarchical flow (-hier) is currently in development and may cause multiple issues. Do not use in production environments.
read_sdc /work/results/sky130hd/m7_j1/base/3_place.sdc
source /OpenROAD-flow-scripts/flow/platforms/sky130hd/setRC.tcl
clock_tree_synthesis -sink_clustering_enable -repair_clock_nets -sink_clustering_size 20 -sink_clustering_max_diameter 50
[INFO CTS-0050] Root buffer is sky130_fd_sc_hd__clkbuf_16.
[INFO CTS-0051] Sink buffer is sky130_fd_sc_hd__clkbuf_16.
[INFO CTS-0052] The following clock buffers will be used for CTS:
                    sky130_fd_sc_hd__clkbuf_16
[INFO CTS-0049] Characterization buffer is sky130_fd_sc_hd__clkbuf_16.
[INFO CTS-0007] Net "clk" found for clock "core_clock".
[INFO CTS-0011]  Clock net "clk" for macros has 1 sinks.
[INFO CTS-0011]  Clock net "clk_regs" for registers has 230 sinks.
[INFO CTS-0010]  Clock net "_12916_" has 2190 sinks.
[INFO CTS-0008] TritonCTS found 3 clock nets.
[INFO CTS-0097] Characterization used 1 buffer(s) types.
[INFO CTS-0201] 0 blockages from hard placement blockages and placed macros will be used.
[INFO CTS-0027] Generating H-Tree topology for net clk.
[INFO CTS-0028]  Total number of sinks: 1.
[INFO CTS-0060]  Macro  sinks will be clustered in groups of up to 4 and based on buffer max cap.
[INFO CTS-0030]  Number of static layers: 0.
[INFO CTS-0020]  Wire segment unit: 13600  dbu (13 um).
[INFO CTS-0023]  Original sink region: [(271922, 288470), (271922, 288470)].
[INFO CTS-0024]  Normalized sink region: [(19.9943, 21.211), (19.9943, 21.211)].
[INFO CTS-0025]     Width:  0.0000.
[INFO CTS-0026]     Height: 0.0000.
 Level 1
    Direction: Vertical
    Sinks per sub-region: 1
    Sub-region size: 0.0000 X 0.0000
[INFO CTS-0034]     Segment length (rounded): 1.
[INFO CTS-0038]  Stop criterion found. Sink region hpwl is smaller than max wirelength (1911.535 um) and max number of sinks is 15.
[INFO CTS-0035]  Number of sinks covered: 1.
[INFO CTS-0201] 0 blockages from hard placement blockages and placed macros will be used.
[INFO CTS-0027] Generating H-Tree topology for net clk_regs.
[INFO CTS-0028]  Total number of sinks: 230.
[INFO CTS-0029]  Register sinks will be clustered in groups of up to 20 and with maximum cluster diameter of 50.0 um.
[INFO CTS-0030]  Number of static layers: 0.
[INFO CTS-0020]  Wire segment unit: 13600  dbu (13 um).
[INFO CTS-0204] A clustering solution was found from clustering size of 20 and clustering diameter of 50.
[INFO CTS-0205] Better solution may be possible if either -sink_clustering_size, -sink_clustering_max_diameter, or both options are omitted to enable automatic clustering.
[INFO CTS-0019]  Total number of sinks after clustering: 14.
[INFO CTS-0024]  Normalized sink region: [(15.1297, 1.88224), (26.4097, 45.5304)].
[INFO CTS-0025]     Width:  11.2800.
[INFO CTS-0026]     Height: 43.6482.
 Level 1
    Direction: Vertical
    Sinks per sub-region: 7
    Sub-region size: 11.2800 X 21.8241
[INFO CTS-0034]     Segment length (rounded): 10.
[INFO CTS-0038]  Stop criterion found. Sink region hpwl is smaller than max wirelength (1911.535 um) and max number of sinks is 15.
[INFO CTS-0035]  Number of sinks covered: 14.
[INFO CTS-0201] 0 blockages from hard placement blockages and placed macros will be used.
[INFO CTS-0027] Generating H-Tree topology for net _12916_.
[INFO CTS-0028]  Total number of sinks: 2190.
[INFO CTS-0029]  Register sinks will be clustered in groups of up to 20 and with maximum cluster diameter of 50.0 um.
[INFO CTS-0030]  Number of static layers: 0.
[INFO CTS-0020]  Wire segment unit: 13600  dbu (13 um).
[INFO CTS-0204] A clustering solution was found from clustering size of 20 and clustering diameter of 50.
[INFO CTS-0205] Better solution may be possible if either -sink_clustering_size, -sink_clustering_max_diameter, or both options are omitted to enable automatic clustering.
[INFO CTS-0019]  Total number of sinks after clustering: 252.
[INFO CTS-0024]  Normalized sink region: [(0.373095, 0.539118), (39.0336, 40.9623)].
[INFO CTS-0025]     Width:  38.6605.
[INFO CTS-0026]     Height: 40.4231.
 Level 1
    Direction: Vertical
    Sinks per sub-region: 126
    Sub-region size: 38.6605 X 20.2116
[INFO CTS-0034]     Segment length (rounded): 10.
 Level 2
    Direction: Horizontal
    Sinks per sub-region: 63
    Sub-region size: 19.3303 X 20.2116
[INFO CTS-0034]     Segment length (rounded): 10.
 Level 3
    Direction: Vertical
    Sinks per sub-region: 32
    Sub-region size: 19.3303 X 10.1058
[INFO CTS-0034]     Segment length (rounded): 6.
 Level 4
    Direction: Horizontal
    Sinks per sub-region: 16
    Sub-region size: 9.6651 X 10.1058
[INFO CTS-0034]     Segment length (rounded): 4.
 Level 5
    Direction: Vertical
    Sinks per sub-region: 8
    Sub-region size: 9.6651 X 5.0529
[INFO CTS-0034]     Segment length (rounded): 2.
[INFO CTS-0038]  Stop criterion found. Sink region hpwl is smaller than max wirelength (1911.535 um) and max number of sinks is 15.
[INFO CTS-0035]  Number of sinks covered: 252.
[INFO CTS-0018]     Created 2 clock buffers.
[INFO CTS-0012]     Minimum number of buffers in the clock path: 2.
[INFO CTS-0013]     Maximum number of buffers in the clock path: 2.
[INFO CTS-0015]     Created 2 clock nets.
[INFO CTS-0016]     Fanout distribution for the current clock = 1:1..
[INFO CTS-0017]     Max level of the clock tree: 1.
[INFO CTS-0018]     Created 17 clock buffers.
[INFO CTS-0012]     Minimum number of buffers in the clock path: 3.
[INFO CTS-0013]     Maximum number of buffers in the clock path: 3.
[INFO CTS-0015]     Created 17 clock nets.
[INFO CTS-0016]     Fanout distribution for the current clock = 2:1, 4:1, 6:1, 8:1, 13:1, 15:1, 17:1, 19:1, 20:8..
[INFO CTS-0017]     Max level of the clock tree: 1.
[INFO CTS-0018]     Created 289 clock buffers.
[INFO CTS-0012]     Minimum number of buffers in the clock path: 4.
[INFO CTS-0013]     Maximum number of buffers in the clock path: 4.
[INFO CTS-0015]     Created 289 clock nets.
[INFO CTS-0016]     Fanout distribution for the current clock = 1:1, 2:8, 3:16, 4:15, 5:24, 6:30, 7:25, 8:27, 9:32, 10:25, 11:25, 12:10, 13:18, 14:8, 15:5, 16:3, 17:2, 18:3, 19:4, 20:3..
[INFO CTS-0017]     Max level of the clock tree: 5.
[INFO CTS-0124] Clock net "clk"
[INFO CTS-0125]  Sinks 1
[INFO CTS-0098] Clock net "clk_regs"
[INFO CTS-0099]  Sinks 243
[INFO CTS-0100]  Leaf buffers 14
[INFO CTS-0101]  Average sink wire length 420.87 um
[INFO CTS-0102]  Path depth 2 - 3
[INFO CTS-0207]  Dummy loads inserted 13
[INFO CTS-0098] Clock net "_12916_"
[INFO CTS-0099]  Sinks 2435
[INFO CTS-0100]  Leaf buffers 252
[INFO CTS-0101]  Average sink wire length 437.85 um
[INFO CTS-0102]  Path depth 3 - 4
[INFO CTS-0207]  Dummy loads inserted 245
[INFO CTS-0033] Balancing latency for clock core_clock
[INFO CTS-0036]  inserted 5 delay buffers
[INFO CTS-0037] Total number of delay buffers: 5
[INFO CTS-0500] Runtime: 1.69s
estimate_parasitics -placement
detailed_placement
[INFO DPL-0006] Core area: 416927.37 um^2
[INFO DPL-0007] Movable instances area: 253495.62 um^2
[INFO DPL-0008] Fixed instances area within core: 6877.85 um^2
[INFO DPL-0009] Utilization: 62.5%
[INFO DPL-0005] Diamond search max displacement: +/- 500 sites horizontally, +/- 100 rows vertically.
[INFO DPL-1102] Legalizing using negotiation legalizer.
[INFO DPL-1103] Negotiation base search window: +/-20 sites horizontally, +/-5 rows vertically 
	Automatic search window extension enabled.
	Search window extendable up to the max displacement cap of +/-500 sites, +/-100 rows near walls.
[INFO DPL-1104] NegotiationLegalizer DRC penalty: 5.
[INFO DPL-0392] Negotiation cell height distribution (1 unique row-count(s)):
[INFO DPL-0393]   height 1 row(s): 35038 cells
          |      Total |  Illegal |  Illegal
Iteration | Violations |    Cells |    Sites
---------------------------------------------
        0 |       4920 |       638 |      4282
        1 |       4065 |       453 |      3612
        2 |       3500 |       374 |      3123
        3 |       3219 |       335 |      2884
        4 |       2939 |       295 |      2644
        5 |       2713 |       289 |      2424
        6 |       2247 |       241 |      2006
        7 |       2117 |       222 |      1895
        8 |       1827 |       185 |      1642
        9 |       1832 |       179 |      1653
       10 |       1680 |       166 |      1514
       20 |        954 |       103 |       851
       30 |        493 |        55 |       435
       40 |        361 |        49 |       312
       50 |        224 |        22 |       202
       60 |        137 |        23 |       114
       70 |         77 |        15 |        62
       80 |         47 |         7 |        40
       90 |         49 |         5 |        44
       99 |          0 |         0 |         0
Negotiation phase 1 converged at iteration 99.
[INFO DPL-0500] Runtime: 3.60s
Placement Analysis
---------------------------------
total displacement      55304.9 u
average displacement        1.6 u
max displacement           58.5 u
original HPWL          955314.6 u
legalized HPWL        1000488.7 u
delta HPWL                    5 %

estimate_parasitics -placement
repair_timing -setup_margin 0 -hold_margin 0 -repair_tns 100 -match_cell_footprint -verbose
[INFO RSZ-0100] Repair move sequence: UnbufferMove SizeUpMove SwapPinsMove BufferMove CloneMove SplitLoadMove 
[INFO RSZ-0094] Found 770 endpoints with setup violations.
[INFO RSZ-0099] Repairing 770 out of 770 (100.00%) violating endpoints...
   Iter   | Removed | Resized | Inserted | Cloned |  Pin  |   Area   |    WNS   |   StTNS    |   EnTNS    |  Viol  |  Worst  
          | Buffers |  Gates  | Buffers  |  Gates | Swaps |          |          |            |            | Endpts | St/EnPt 
------------------------------------------------------------------------------------------------------------------------------
       0* |       0 |       0 |        0 |      0 |     0 |    +0.0% |   -2.945 |    -2189.3 |     -503.0 |    770 | data_req_o
      10* |       0 |       8 |        0 |      0 |     1 |    +0.0% |   -2.342 |    -1575.8 |     -327.3 |    770 | data_req_o
      20* |       0 |      13 |        5 |      0 |     3 |    +0.1% |   -2.147 |    -1406.8 |     -281.0 |    770 | data_req_o
      30* |       0 |      17 |       10 |      0 |     6 |    +0.1% |   -2.077 |    -1389.0 |     -259.9 |    770 | data_req_o
      40* |       0 |      22 |       12 |      0 |    10 |    +0.1% |   -2.021 |    -1351.8 |     -239.3 |    770 | data_req_o
      50* |       0 |      30 |       12 |      0 |    12 |    +0.1% |   -1.889 |    -1321.2 |     -205.5 |    770 | data_req_o
      60* |       0 |      38 |       12 |      0 |    14 |    +0.2% |   -1.830 |    -1302.6 |     -166.8 |    770 | data_req_o
      70* |       0 |      42 |       14 |      0 |    18 |    +0.2% |   -1.779 |    -1232.1 |     -162.4 |    770 | data_req_o
      80* |       0 |      47 |       15 |      0 |    22 |    +0.2% |   -1.772 |    -1220.6 |     -159.9 |    770 | data_req_o
      90* |       0 |      55 |       16 |      0 |    23 |    +0.2% |   -1.688 |    -1181.5 |     -139.8 |    770 | data_req_o
     100* |       0 |      61 |       16 |      0 |    27 |    +0.2% |   -1.660 |    -1167.9 |     -134.4 |    770 | data_req_o
     110* |       0 |      67 |       16 |      0 |    31 |    +0.2% |   -1.647 |    -1138.9 |     -133.1 |    770 | data_req_o
     120* |       0 |      76 |       16 |      0 |    32 |    +0.2% |   -1.604 |    -1116.0 |     -122.3 |    770 | data_req_o
     130* |       0 |      84 |       16 |      0 |    34 |    +0.3% |   -1.602 |    -1116.7 |     -120.7 |    770 | data_req_o
     140* |       0 |      93 |       16 |      0 |    35 |    +0.3% |   -1.579 |    -1116.4 |     -117.3 |    770 | data_req_o
     150* |       0 |      98 |       23 |      0 |    38 |    +0.3% |   -1.549 |    -1100.5 |     -101.5 |    770 | data_req_o
     160* |       0 |     105 |       24 |      2 |    38 |    +0.3% |   -1.519 |    -1099.4 |      -91.4 |    770 | data_req_o
     170* |       0 |     113 |       29 |      2 |    38 |    +0.4% |   -1.501 |    -1091.0 |      -77.8 |    770 | data_req_o
     180* |       0 |     119 |       32 |      2 |    40 |    +0.4% |   -1.466 |    -1073.1 |      -69.4 |    770 | data_req_o
     190* |       0 |     124 |       35 |      5 |    40 |    +0.5% |   -1.450 |    -1067.1 |      -58.0 |    770 | data_req_o
     200* |       0 |     132 |       35 |      5 |    42 |    +0.5% |   -1.419 |    -1060.9 |      -54.2 |    770 | data_req_o
     210* |       0 |     141 |       37 |      5 |    42 |    +0.5% |   -1.396 |    -1049.9 |      -54.0 |    770 | data_req_o
     220* |       0 |     148 |       38 |      5 |    44 |    +0.5% |   -1.377 |    -1042.0 |      -53.9 |    770 | data_req_o
     230* |       0 |     156 |       39 |      5 |    45 |    +0.5% |   -1.364 |    -1036.6 |      -53.6 |    770 | data_req_o
     240* |       0 |     163 |       39 |      5 |    48 |    +0.5% |   -1.359 |    -1032.5 |      -53.6 |    770 | data_req_o
     250* |       0 |     171 |       40 |      5 |    49 |    +0.6% |   -1.354 |    -1028.5 |      -53.6 |    770 | data_req_o
     260* |       0 |     178 |       43 |      5 |    51 |    +0.6% |   -1.346 |    -1021.5 |      -53.6 |    770 | data_req_o
     270* |       0 |     182 |       45 |      5 |    56 |    +0.6% |   -1.338 |    -1016.5 |      -53.6 |    770 | data_req_o
     280* |       0 |     187 |       50 |      6 |    58 |    +0.6% |   -1.313 |    -1000.4 |      -52.5 |    770 | data_req_o
     290* |       0 |     194 |       51 |      6 |    60 |    +0.7% |   -1.310 |    -1000.3 |      -52.5 |    770 | data_req_o
     300* |       0 |     201 |       53 |      6 |    61 |    +0.7% |   -1.297 |     -987.3 |      -52.5 |    770 | data_req_o
     310* |       0 |     207 |       55 |      7 |    62 |    +0.7% |   -1.318 |     -989.0 |      -50.4 |    770 | data_req_o
     320* |       0 |     213 |       58 |      8 |    62 |    +0.7% |   -1.368 |     -980.5 |      -56.9 |    770 | data_req_o
     330* |       0 |     221 |       61 |      8 |    62 |    +0.8% |   -1.353 |     -974.2 |      -52.0 |    770 | data_req_o
     340* |       0 |     229 |       61 |      8 |    64 |    +0.8% |   -1.337 |     -973.8 |      -51.8 |    770 | data_req_o
     350* |       0 |     233 |       61 |      8 |    70 |    +0.8% |   -1.332 |     -963.2 |      -51.7 |    770 | data_req_o
     360* |       0 |     240 |       61 |      8 |    73 |    +0.8% |   -1.304 |     -960.6 |      -52.7 |    770 | data_req_o
     364* |       0 |     211 |       55 |      7 |    62 |    +0.7% |   -1.296 |     -981.9 |      -50.4 |    770 | data_req_o
     365* |       0 |     211 |       55 |      7 |    62 |    +0.7% |   -1.296 |     -981.9 |      -50.4 |    770 | data_req_o
     366* |       0 |     211 |       55 |      7 |    62 |    +0.7% |   -1.296 |     -981.9 |      -50.4 |    770 | data_req_o
     367* |       0 |     211 |       55 |      7 |    62 |    +0.7% |   -1.296 |     -981.9 |      -50.4 |    770 | data_req_o
     368* |       0 |     211 |       55 |      7 |    62 |    +0.7% |   -1.296 |     -981.9 |      -50.4 |    770 | data_req_o
     369* |       0 |     211 |       55 |      7 |    62 |    +0.7% |   -1.296 |     -981.9 |      -50.4 |    770 | data_req_o
     370* |       0 |     211 |       55 |      7 |    62 |    +0.7% |   -1.296 |     -981.9 |      -50.4 |    770 | data_req_o
     370* |       0 |     211 |       55 |      7 |    62 |    +0.7% |   -1.296 |     -981.9 |      -50.4 |    770 | data_req_o
     371* |       0 |     211 |       55 |      7 |    62 |    +0.7% |   -1.296 |     -981.9 |      -50.4 |    770 | data_req_o
     372* |       0 |     211 |       55 |      7 |    62 |    +0.7% |   -1.296 |     -981.9 |      -50.4 |    770 | data_req_o
     373* |       0 |     211 |       55 |      7 |    62 |    +0.7% |   -1.296 |     -981.9 |      -50.4 |    770 | data_req_o
     374* |       0 |     211 |       55 |      7 |    62 |    +0.7% |   -1.296 |     -981.9 |      -50.4 |    770 | data_req_o
     375* |       0 |     211 |       55 |      7 |    62 |    +0.7% |   -1.296 |     -981.9 |      -50.4 |    770 | data_req_o
     376* |       0 |     211 |       55 |      7 |    62 |    +0.7% |   -1.296 |     -981.9 |      -50.4 |    770 | data_req_o
     377* |       0 |     211 |       55 |      7 |    62 |    +0.7% |   -1.296 |     -981.9 |      -50.4 |    770 | data_req_o
     378* |       0 |     211 |       55 |      7 |    62 |    +0.7% |   -1.296 |     -981.9 |      -50.4 |    770 | data_req_o
     379* |       0 |     211 |       55 |      7 |    62 |    +0.7% |   -1.296 |     -981.9 |      -50.4 |    770 | data_req_o
     380* |       0 |     211 |       55 |      7 |    62 |    +0.7% |   -1.296 |     -981.9 |      -50.4 |    770 | data_req_o
     380* |       0 |     211 |       55 |      7 |    62 |    +0.7% |   -1.296 |     -981.9 |      -50.4 |    770 | data_req_o
     381* |       0 |     211 |       55 |      7 |    62 |    +0.7% |   -1.296 |     -981.9 |      -50.4 |    770 | data_req_o
     382* |       0 |     211 |       55 |      7 |    62 |    +0.7% |   -1.296 |     -981.9 |      -50.4 |    770 | data_req_o
     383* |       0 |     211 |       55 |      7 |    62 |    +0.7% |   -1.296 |     -981.9 |      -50.4 |    770 | data_req_o
     384* |       0 |     211 |       55 |      7 |    62 |    +0.7% |   -1.296 |     -981.9 |      -50.4 |    770 | data_req_o
     385* |       0 |     211 |       55 |      7 |    62 |    +0.7% |   -1.296 |     -981.9 |      -50.4 |    770 | data_req_o
     386* |       0 |     211 |       55 |      7 |    62 |    +0.7% |   -1.296 |     -981.9 |      -50.4 |    770 | data_req_o
     387* |       0 |     211 |       55 |      7 |    62 |    +0.7% |   -1.296 |     -981.9 |      -50.4 |    770 | data_req_o
     388* |       0 |     211 |       55 |      7 |    62 |    +0.7% |   -1.296 |     -981.9 |      -50.4 |    770 | data_req_o
     389* |       0 |     211 |       55 |      7 |    62 |    +0.7% |   -1.296 |     -981.9 |      -50.4 |    770 | data_req_o
     390* |       0 |     211 |       55 |      7 |    62 |    +0.7% |   -1.296 |     -981.9 |      -50.4 |    770 | data_req_o
     390* |       0 |     211 |       55 |      7 |    62 |    +0.7% |   -1.296 |     -981.9 |      -50.4 |    770 | data_req_o
     391* |       0 |     211 |       55 |      7 |    62 |    +0.7% |   -1.296 |     -981.9 |      -50.4 |    770 | data_req_o
     392* |       0 |     211 |       55 |      7 |    62 |    +0.7% |   -1.296 |     -981.9 |      -50.4 |    770 | data_req_o
     400* |       0 |     215 |       56 |      7 |    64 |    +0.7% |   -1.296 |     -981.9 |      -26.2 |    770 | data_req_o
     410* |       0 |     220 |       59 |      8 |    65 |    +0.7% |   -1.296 |     -981.9 |       -7.3 |    770 | data_req_o
     420* |       0 |     225 |       61 |      9 |    67 |    +0.8% |   -1.296 |     -981.9 |       -3.6 |    770 | data_req_o
     428* |       0 |     230 |       62 |     10 |    68 |    +0.8% |   -1.296 |     -981.9 |       -4.4 |    770 | data_req_o
     429* |       0 |     230 |       62 |     10 |    68 |    +0.8% |   -1.296 |     -981.9 |       -4.4 |    770 | data_req_o
     430* |       0 |     230 |       62 |     10 |    68 |    +0.8% |   -1.296 |     -981.9 |       -4.4 |    770 | data_req_o
     430* |       0 |     230 |       62 |     10 |    68 |    +0.8% |   -1.296 |     -981.9 |       -4.4 |    770 | data_req_o
     431* |       0 |     230 |       62 |     10 |    68 |    +0.8% |   -1.296 |     -981.9 |       -4.4 |    770 | data_req_o
     432* |       0 |     230 |       62 |     10 |    68 |    +0.8% |   -1.296 |     -981.9 |       -4.4 |    770 | data_req_o
     433* |       0 |     230 |       62 |     10 |    68 |    +0.8% |   -1.296 |     -981.9 |       -4.4 |    770 | data_req_o
     434* |       0 |     230 |       62 |     10 |    68 |    +0.8% |   -1.296 |     -981.9 |       -4.4 |    770 | data_req_o
     435* |       0 |     230 |       62 |     10 |    68 |    +0.8% |   -1.296 |     -981.9 |       -4.4 |    770 | data_req_o
     436* |       0 |     230 |       62 |     10 |    68 |    +0.8% |   -1.296 |     -981.9 |       -4.4 |    770 | data_req_o
     437* |       0 |     230 |       62 |     10 |    68 |    +0.8% |   -1.296 |     -981.9 |       -4.4 |    770 | data_req_o
     438* |       0 |     230 |       62 |     10 |    68 |    +0.8% |   -1.296 |     -981.9 |       -4.4 |    770 | data_req_o
     439* |       0 |     230 |       62 |     10 |    68 |    +0.8% |   -1.296 |     -981.9 |       -4.4 |    770 | data_req_o
     440* |       0 |     230 |       62 |     10 |    68 |    +0.8% |   -1.296 |     -981.9 |       -4.4 |    770 | data_req_o
     440* |       0 |     230 |       62 |     10 |    68 |    +0.8% |   -1.296 |     -981.9 |       -4.4 |    770 | data_req_o
     441* |       0 |     230 |       62 |     10 |    68 |    +0.8% |   -1.296 |     -981.9 |       -4.4 |    770 | data_req_o
     442* |       0 |     230 |       62 |     10 |    68 |    +0.8% |   -1.296 |     -981.9 |       -4.4 |    770 | data_req_o
     443* |       0 |     230 |       62 |     10 |    68 |    +0.8% |   -1.296 |     -981.9 |       -4.4 |    770 | data_req_o
     444* |       0 |     230 |       62 |     10 |    68 |    +0.8% |   -1.296 |     -981.9 |       -4.4 |    770 | data_req_o
     445* |       0 |     230 |       62 |     10 |    68 |    +0.8% |   -1.296 |     -981.9 |       -4.4 |    770 | data_req_o
     446* |       0 |     230 |       62 |     10 |    68 |    +0.8% |   -1.296 |     -981.9 |       -4.4 |    770 | data_req_o
     447* |       0 |     230 |       62 |     10 |    68 |    +0.8% |   -1.296 |     -981.9 |       -4.4 |    770 | data_req_o
     448* |       0 |     230 |       62 |     10 |    68 |    +0.8% |   -1.296 |     -981.9 |       -4.4 |    770 | data_req_o
     449* |       0 |     230 |       62 |     10 |    68 |    +0.8% |   -1.296 |     -981.9 |       -4.4 |    770 | data_req_o
     450* |       0 |     230 |       62 |     10 |    68 |    +0.8% |   -1.296 |     -981.9 |       -4.4 |    770 | data_req_o
     450* |       0 |     230 |       62 |     10 |    68 |    +0.8% |   -1.296 |     -981.9 |       -4.4 |    770 | data_req_o
     451* |       0 |     230 |       62 |     10 |    68 |    +0.8% |   -1.296 |     -981.9 |       -4.4 |    770 | data_req_o
     452* |       0 |     230 |       62 |     10 |    68 |    +0.8% |   -1.296 |     -981.9 |       -4.4 |    770 | data_req_o
     453* |       0 |     230 |       62 |     10 |    68 |    +0.8% |   -1.296 |     -981.9 |       -4.4 |    770 | data_req_o
     454* |       0 |     230 |       62 |     10 |    68 |    +0.8% |   -1.296 |     -981.9 |       -4.4 |    770 | data_req_o
     455* |       0 |     230 |       62 |     10 |    68 |    +0.8% |   -1.296 |     -981.9 |       -4.4 |    770 | data_req_o
     456* |       0 |     230 |       62 |     10 |    68 |    +0.8% |   -1.296 |     -981.9 |       -4.4 |    770 | data_req_o
     457* |       0 |     230 |       62 |     10 |    68 |    +0.8% |   -1.296 |     -981.9 |       -4.4 |    770 | data_req_o
     458* |       0 |     230 |       62 |     10 |    68 |    +0.8% |   -1.296 |     -981.9 |       -4.4 |    770 | data_req_o
     459* |       0 |     230 |       62 |     10 |    68 |    +0.8% |   -1.296 |     -981.9 |       -4.4 |    770 | data_req_o
     460* |       0 |     230 |       62 |     10 |    68 |    +0.8% |   -1.296 |     -981.9 |       -4.4 |    770 | data_req_o
     460* |       0 |     230 |       62 |     10 |    68 |    +0.8% |   -1.296 |     -981.9 |       -4.4 |    770 | data_req_o
     461* |       0 |     230 |       62 |     10 |    68 |    +0.8% |   -1.296 |     -981.9 |       -4.4 |    770 | data_req_o
     462* |       0 |     230 |       62 |     10 |    68 |    +0.8% |   -1.296 |     -981.9 |       -4.4 |    770 | data_req_o
     463* |       0 |     230 |       62 |     10 |    68 |    +0.8% |   -1.296 |     -981.9 |       -4.4 |    770 | data_req_o
     464* |       0 |     230 |       62 |     10 |    68 |    +0.8% |   -1.296 |     -981.9 |       -4.4 |    770 | data_req_o
     465* |       0 |     230 |       62 |     10 |    68 |    +0.8% |   -1.296 |     -981.9 |       -4.4 |    770 | data_req_o
     466* |       0 |     230 |       62 |     10 |    68 |    +0.8% |   -1.296 |     -981.9 |       -4.4 |    770 | data_req_o
     467* |       0 |     230 |       62 |     10 |    68 |    +0.8% |   -1.296 |     -981.9 |       -4.4 |    770 | data_req_o
     468* |       0 |     230 |       62 |     10 |    68 |    +0.8% |   -1.296 |     -981.9 |       -4.4 |    770 | data_req_o
     469* |       0 |     230 |       62 |     10 |    68 |    +0.8% |   -1.296 |     -981.9 |       -4.4 |    770 | data_req_o
     470* |       0 |     230 |       62 |     10 |    68 |    +0.8% |   -1.296 |     -981.9 |       -4.4 |    770 | data_req_o
     470* |       0 |     230 |       62 |     10 |    68 |    +0.8% |   -1.296 |     -981.9 |       -4.4 |    770 | data_req_o
     471* |       0 |     230 |       62 |     10 |    68 |    +0.8% |   -1.296 |     -981.9 |       -4.4 |    770 | data_req_o
     472* |       0 |     230 |       62 |     10 |    68 |    +0.8% |   -1.296 |     -981.9 |       -4.4 |    770 | data_req_o
     473* |       0 |     230 |       62 |     10 |    68 |    +0.8% |   -1.296 |     -981.9 |       -4.4 |    770 | data_req_o
     474* |       0 |     230 |       62 |     10 |    68 |    +0.8% |   -1.296 |     -981.9 |       -4.4 |    770 | data_req_o
     475* |       0 |     230 |       62 |     10 |    68 |    +0.8% |   -1.296 |     -981.9 |       -4.4 |    770 | data_req_o
     476* |       0 |     230 |       62 |     10 |    68 |    +0.8% |   -1.296 |     -981.9 |       -4.4 |    770 | data_req_o
     477* |       0 |     230 |       62 |     10 |    68 |    +0.8% |   -1.296 |     -981.9 |       -4.4 |    770 | data_req_o
     478* |       0 |     230 |       62 |     10 |    68 |    +0.8% |   -1.296 |     -981.9 |       -4.4 |    770 | data_req_o
     479* |       0 |     230 |       62 |     10 |    68 |    +0.8% |   -1.296 |     -981.9 |       -4.4 |    770 | data_req_o
     480* |       0 |     230 |       62 |     10 |    68 |    +0.8% |   -1.296 |     -981.9 |       -4.4 |    770 | data_req_o
     480* |       0 |     230 |       62 |     10 |    68 |    +0.8% |   -1.296 |     -981.9 |       -4.4 |    770 | data_req_o
     481* |       0 |     230 |       62 |     10 |    68 |    +0.8% |   -1.296 |     -981.9 |       -4.4 |    770 | data_req_o
     482* |       0 |     230 |       62 |     10 |    68 |    +0.8% |   -1.296 |     -981.9 |       -4.4 |    770 | data_req_o
     483* |       0 |     230 |       62 |     10 |    68 |    +0.8% |   -1.296 |     -981.9 |       -4.4 |    770 | data_req_o
     484* |       0 |     230 |       62 |     10 |    68 |    +0.8% |   -1.296 |     -981.9 |       -4.4 |    770 | data_req_o
     485* |       0 |     230 |       62 |     10 |    68 |    +0.8% |   -1.296 |     -981.9 |       -4.4 |    770 | data_req_o
     486* |       0 |     230 |       62 |     10 |    68 |    +0.8% |   -1.296 |     -981.9 |       -4.4 |    770 | data_req_o
     487* |       0 |     230 |       62 |     10 |    68 |    +0.8% |   -1.296 |     -981.9 |       -4.4 |    770 | data_req_o
     488* |       0 |     230 |       62 |     10 |    68 |    +0.8% |   -1.296 |     -981.9 |       -4.4 |    770 | data_req_o
     489* |       0 |     230 |       62 |     10 |    68 |    +0.8% |   -1.296 |     -981.9 |       -4.4 |    770 | data_req_o
     490* |       0 |     230 |       62 |     10 |    68 |    +0.8% |   -1.296 |     -981.9 |       -4.4 |    770 | data_req_o
     490* |       0 |     230 |       62 |     10 |    68 |    +0.8% |   -1.296 |     -981.9 |       -4.4 |    770 | data_req_o
     491* |       0 |     230 |       62 |     10 |    68 |    +0.8% |   -1.296 |     -981.9 |       -4.4 |    770 | data_req_o
     492* |       0 |     230 |       62 |     10 |    68 |    +0.8% |   -1.296 |     -981.9 |       -4.4 |    770 | data_req_o
     500* |       0 |     235 |       63 |     10 |    69 |    +0.8% |   -1.296 |     -981.3 |       -2.7 |    770 | data_req_o
     505* |       0 |     236 |       65 |     10 |    71 |    +0.8% |   -1.296 |     -981.1 |       -2.2 |    770 | data_req_o
     506* |       0 |     236 |       65 |     10 |    71 |    +0.8% |   -1.296 |     -981.1 |       -2.2 |    770 | data_req_o
     507* |       0 |     236 |       65 |     10 |    71 |    +0.8% |   -1.296 |     -981.1 |       -2.2 |    770 | data_req_o
     508* |       0 |     236 |       65 |     10 |    71 |    +0.8% |   -1.296 |     -981.1 |       -2.2 |    770 | data_req_o
     509* |       0 |     236 |       65 |     10 |    71 |    +0.8% |   -1.296 |     -981.1 |       -2.2 |    770 | data_req_o
     510* |       0 |     236 |       65 |     10 |    71 |    +0.8% |   -1.296 |     -981.1 |       -2.2 |    770 | data_req_o
     510* |       0 |     236 |       65 |     10 |    71 |    +0.8% |   -1.296 |     -981.1 |       -2.2 |    770 | data_req_o
     511* |       0 |     236 |       65 |     10 |    71 |    +0.8% |   -1.296 |     -981.1 |       -2.2 |    770 | data_req_o
     512* |       0 |     236 |       65 |     10 |    71 |    +0.8% |   -1.296 |     -981.1 |       -2.2 |    770 | data_req_o
     513* |       0 |     236 |       65 |     10 |    71 |    +0.8% |   -1.296 |     -981.1 |       -2.2 |    770 | data_req_o
     514* |       0 |     236 |       65 |     10 |    71 |    +0.8% |   -1.296 |     -981.1 |       -2.2 |    770 | data_req_o
     515* |       0 |     236 |       65 |     10 |    71 |    +0.8% |   -1.296 |     -981.1 |       -2.2 |    770 | data_req_o
     516* |       0 |     236 |       65 |     10 |    71 |    +0.8% |   -1.296 |     -981.1 |       -2.2 |    770 | data_req_o
     517* |       0 |     236 |       65 |     10 |    71 |    +0.8% |   -1.296 |     -981.1 |       -2.2 |    770 | data_req_o
     518* |       0 |     236 |       65 |     10 |    71 |    +0.8% |   -1.296 |     -981.1 |       -2.2 |    770 | data_req_o
     519* |       0 |     236 |       65 |     10 |    71 |    +0.8% |   -1.296 |     -981.1 |       -2.2 |    770 | data_req_o
     520* |       0 |     236 |       65 |     10 |    71 |    +0.8% |   -1.296 |     -981.1 |       -2.2 |    770 | data_req_o
     520* |       0 |     236 |       65 |     10 |    71 |    +0.8% |   -1.296 |     -981.1 |       -2.2 |    770 | data_req_o
     521* |       0 |     236 |       65 |     10 |    71 |    +0.8% |   -1.296 |     -981.1 |       -2.2 |    770 | data_req_o
     522* |       0 |     236 |       65 |     10 |    71 |    +0.8% |   -1.296 |     -981.1 |       -2.2 |    770 | data_req_o
     523* |       0 |     236 |       65 |     10 |    71 |    +0.8% |   -1.296 |     -981.1 |       -2.2 |    770 | data_req_o
     529* |       0 |     239 |       69 |     10 |    72 |    +0.8% |   -1.296 |     -980.9 |       -2.0 |    770 | data_req_o
     530* |       0 |     239 |       69 |     10 |    72 |    +0.8% |   -1.296 |     -980.9 |       -2.0 |    770 | data_req_o
     530* |       0 |     239 |       69 |     10 |    72 |    +0.8% |   -1.296 |     -980.9 |       -2.0 |    770 | data_req_o
     531* |       0 |     239 |       69 |     10 |    72 |    +0.8% |   -1.296 |     -980.9 |       -2.0 |    770 | data_req_o
     532* |       0 |     239 |       69 |     10 |    72 |    +0.8% |   -1.296 |     -980.9 |       -2.0 |    770 | data_req_o
     533* |       0 |     239 |       69 |     10 |    72 |    +0.8% |   -1.296 |     -980.9 |       -2.0 |    770 | data_req_o
     534* |       0 |     239 |       69 |     10 |    72 |    +0.8% |   -1.296 |     -980.9 |       -2.0 |    770 | data_req_o
     535* |       0 |     239 |       69 |     10 |    72 |    +0.8% |   -1.296 |     -980.9 |       -2.0 |    770 | data_req_o
     536* |       0 |     239 |       69 |     10 |    72 |    +0.8% |   -1.296 |     -980.9 |       -2.0 |    770 | data_req_o
     537* |       0 |     239 |       69 |     10 |    72 |    +0.8% |   -1.296 |     -980.9 |       -2.0 |    770 | data_req_o
     538* |       0 |     239 |       69 |     10 |    72 |    +0.8% |   -1.296 |     -980.9 |       -2.0 |    770 | data_req_o
     539* |       0 |     239 |       69 |     10 |    72 |    +0.8% |   -1.296 |     -980.9 |       -2.0 |    770 | data_req_o
     540* |       0 |     239 |       69 |     10 |    72 |    +0.8% |   -1.296 |     -980.9 |       -2.0 |    770 | data_req_o
     540* |       0 |     239 |       69 |     10 |    72 |    +0.8% |   -1.296 |     -980.9 |       -2.0 |    770 | data_req_o
     541* |       0 |     239 |       69 |     10 |    72 |    +0.8% |   -1.296 |     -980.9 |       -2.0 |    770 | data_req_o
     542* |       0 |     239 |       69 |     10 |    72 |    +0.8% |   -1.296 |     -980.9 |       -2.0 |    770 | data_req_o
     543* |       0 |     239 |       69 |     10 |    72 |    +0.8% |   -1.296 |     -980.9 |       -2.0 |    770 | data_req_o
     544* |       0 |     239 |       69 |     10 |    72 |    +0.8% |   -1.296 |     -980.9 |       -2.0 |    770 | data_req_o
     545* |       0 |     239 |       69 |     10 |    72 |    +0.8% |   -1.296 |     -980.9 |       -2.0 |    770 | data_req_o
     546* |       0 |     239 |       69 |     10 |    72 |    +0.8% |   -1.296 |     -980.9 |       -2.0 |    770 | data_req_o
     547* |       0 |     239 |       69 |     10 |    72 |    +0.8% |   -1.296 |     -980.9 |       -2.0 |    770 | data_req_o
     548* |       0 |     239 |       69 |     10 |    72 |    +0.8% |   -1.296 |     -980.9 |       -2.0 |    770 | data_req_o
     549* |       0 |     239 |       69 |     10 |    72 |    +0.8% |   -1.296 |     -980.9 |       -2.0 |    770 | data_req_o
     550* |       0 |     239 |       69 |     10 |    72 |    +0.8% |   -1.296 |     -980.9 |       -2.0 |    770 | data_req_o
     550* |       0 |     239 |       69 |     10 |    72 |    +0.8% |   -1.296 |     -980.9 |       -2.0 |    770 | data_req_o
     551* |       0 |     239 |       69 |     10 |    72 |    +0.8% |   -1.296 |     -980.9 |       -2.0 |    770 | data_req_o
     552* |       0 |     239 |       69 |     10 |    72 |    +0.8% |   -1.296 |     -980.9 |       -2.0 |    770 | data_req_o
     553* |       0 |     239 |       69 |     10 |    72 |    +0.8% |   -1.296 |     -980.9 |       -2.0 |    770 | data_req_o
     554* |       0 |     239 |       69 |     10 |    72 |    +0.8% |   -1.296 |     -980.9 |       -2.0 |    770 | data_req_o
     555* |       0 |     239 |       69 |     10 |    72 |    +0.8% |   -1.296 |     -980.9 |       -2.0 |    770 | data_req_o
     556* |       0 |     239 |       69 |     10 |    72 |    +0.8% |   -1.296 |     -980.9 |       -2.0 |    770 | data_req_o
     557* |       0 |     239 |       69 |     10 |    72 |    +0.8% |   -1.296 |     -980.9 |       -2.0 |    770 | data_req_o
     558* |       0 |     239 |       69 |     10 |    72 |    +0.8% |   -1.296 |     -980.9 |       -2.0 |    770 | data_req_o
     559* |       0 |     239 |       69 |     10 |    72 |    +0.8% |   -1.296 |     -980.9 |       -2.0 |    770 | data_req_o
     560* |       0 |     239 |       69 |     10 |    72 |    +0.8% |   -1.296 |     -980.9 |       -2.0 |    770 | data_req_o
     560* |       0 |     239 |       69 |     10 |    72 |    +0.8% |   -1.296 |     -980.9 |       -2.0 |    770 | data_req_o
     561* |       0 |     239 |       69 |     10 |    72 |    +0.8% |   -1.296 |     -980.9 |       -2.0 |    770 | data_req_o
     562* |       0 |     239 |       69 |     10 |    72 |    +0.8% |   -1.296 |     -980.9 |       -2.0 |    770 | data_req_o
     563* |       0 |     239 |       69 |     10 |    72 |    +0.8% |   -1.296 |     -980.9 |       -2.0 |    770 | data_req_o
     564* |       0 |     239 |       69 |     10 |    72 |    +0.8% |   -1.296 |     -980.9 |       -2.0 |    770 | data_req_o
     565* |       0 |     239 |       69 |     10 |    72 |    +0.8% |   -1.296 |     -980.9 |       -2.0 |    770 | data_req_o
     566* |       0 |     239 |       69 |     10 |    72 |    +0.8% |   -1.296 |     -980.9 |       -2.0 |    770 | data_req_o
     567* |       0 |     239 |       69 |     10 |    72 |    +0.8% |   -1.296 |     -980.9 |       -2.0 |    770 | data_req_o
     568* |       0 |     239 |       69 |     10 |    72 |    +0.8% |   -1.296 |     -980.9 |       -2.0 |    770 | data_req_o
     569* |       0 |     239 |       69 |     10 |    72 |    +0.8% |   -1.296 |     -980.9 |       -2.0 |    770 | data_req_o
     570* |       0 |     239 |       69 |     10 |    72 |    +0.8% |   -1.296 |     -980.9 |       -2.0 |    770 | data_req_o
     570* |       0 |     239 |       69 |     10 |    72 |    +0.8% |   -1.296 |     -980.9 |       -2.0 |    770 | data_req_o
     571* |       0 |     239 |       69 |     10 |    72 |    +0.8% |   -1.296 |     -980.9 |       -2.0 |    770 | data_req_o
     572* |       0 |     239 |       69 |     10 |    72 |    +0.8% |   -1.296 |     -980.9 |       -2.0 |    770 | data_req_o
     573* |       0 |     239 |       69 |     10 |    72 |    +0.8% |   -1.296 |     -980.9 |       -2.0 |    770 | data_req_o
     574* |       0 |     239 |       69 |     10 |    72 |    +0.8% |   -1.296 |     -980.9 |       -2.0 |    770 | data_req_o
     575* |       0 |     239 |       69 |     10 |    72 |    +0.8% |   -1.296 |     -980.9 |       -2.0 |    770 | data_req_o
     576* |       0 |     239 |       69 |     10 |    72 |    +0.8% |   -1.296 |     -980.9 |       -2.0 |    770 | data_req_o
     577* |       0 |     239 |       69 |     10 |    72 |    +0.8% |   -1.296 |     -980.9 |       -2.0 |    770 | data_req_o
     578* |       0 |     239 |       69 |     10 |    72 |    +0.8% |   -1.296 |     -980.9 |       -2.0 |    770 | data_req_o
     579* |       0 |     239 |       69 |     10 |    72 |    +0.8% |   -1.296 |     -980.9 |       -2.0 |    770 | data_req_o
     580* |       0 |     239 |       69 |     10 |    72 |    +0.8% |   -1.296 |     -980.9 |       -2.0 |    770 | data_req_o
     580* |       0 |     239 |       69 |     10 |    72 |    +0.8% |   -1.296 |     -980.9 |       -2.0 |    770 | data_req_o
     581* |       0 |     239 |       69 |     10 |    72 |    +0.8% |   -1.296 |     -980.9 |       -2.0 |    770 | data_req_o
     582* |       0 |     239 |       69 |     10 |    72 |    +0.8% |   -1.296 |     -980.9 |       -2.0 |    770 | data_req_o
     583* |       0 |     239 |       69 |     10 |    72 |    +0.8% |   -1.296 |     -980.9 |       -2.0 |    770 | data_req_o
     584* |       0 |     239 |       69 |     10 |    72 |    +0.8% |   -1.296 |     -980.9 |       -2.0 |    770 | data_req_o
     585* |       0 |     239 |       69 |     10 |    72 |    +0.8% |   -1.296 |     -980.9 |       -2.0 |    770 | data_req_o
     586* |       0 |     239 |       69 |     10 |    72 |    +0.8% |   -1.296 |     -980.9 |       -2.0 |    770 | data_req_o
     587* |       0 |     239 |       69 |     10 |    72 |    +0.8% |   -1.296 |     -980.9 |       -2.0 |    770 | data_req_o
     588* |       0 |     239 |       69 |     10 |    72 |    +0.8% |   -1.296 |     -980.9 |       -2.0 |    770 | data_req_o
     589* |       0 |     239 |       69 |     10 |    72 |    +0.8% |   -1.296 |     -980.9 |       -2.0 |    770 | data_req_o
     590* |       0 |     239 |       69 |     10 |    72 |    +0.8% |   -1.296 |     -980.9 |       -2.0 |    770 | data_req_o
     590* |       0 |     239 |       69 |     10 |    72 |    +0.8% |   -1.296 |     -980.9 |       -2.0 |    770 | data_req_o
     591* |       0 |     239 |       69 |     10 |    72 |    +0.8% |   -1.296 |     -980.9 |       -2.0 |    770 | data_req_o
     592* |       0 |     239 |       69 |     10 |    72 |    +0.8% |   -1.296 |     -980.9 |       -2.0 |    770 | data_req_o
     593* |       0 |     239 |       69 |     10 |    72 |    +0.8% |   -1.296 |     -980.9 |       -2.0 |    770 | data_req_o
     594* |       0 |     239 |       69 |     10 |    72 |    +0.8% |   -1.296 |     -980.9 |       -2.0 |    770 | data_req_o
     595* |       0 |     239 |       69 |     10 |    72 |    +0.8% |   -1.296 |     -980.9 |       -2.0 |    770 | data_req_o
     596* |       0 |     239 |       69 |     10 |    72 |    +0.8% |   -1.296 |     -980.9 |       -2.0 |    770 | data_req_o
     597* |       0 |     239 |       69 |     10 |    72 |    +0.8% |   -1.296 |     -980.9 |       -2.0 |    770 | data_req_o
     598* |       0 |     239 |       69 |     10 |    72 |    +0.8% |   -1.296 |     -980.9 |       -2.0 |    770 | data_req_o
     599* |       0 |     239 |       69 |     10 |    72 |    +0.8% |   -1.296 |     -980.9 |       -2.0 |    770 | data_req_o
     600* |       0 |     239 |       69 |     10 |    72 |    +0.8% |   -1.296 |     -980.9 |       -2.0 |    770 | data_req_o
     600* |       0 |     239 |       69 |     10 |    72 |    +0.8% |   -1.296 |     -980.9 |       -2.0 |    770 | data_req_o
     601* |       0 |     239 |       69 |     10 |    72 |    +0.8% |   -1.296 |     -980.9 |       -2.0 |    770 | data_req_o
     602* |       0 |     239 |       69 |     10 |    72 |    +0.8% |   -1.296 |     -980.9 |       -2.0 |    770 | data_req_o
     603* |       0 |     239 |       69 |     10 |    72 |    +0.8% |   -1.296 |     -980.9 |       -2.0 |    770 | data_req_o
     604* |       0 |     239 |       69 |     10 |    72 |    +0.8% |   -1.296 |     -980.9 |       -2.0 |    770 | data_req_o
     605* |       0 |     239 |       69 |     10 |    72 |    +0.8% |   -1.296 |     -980.9 |       -2.0 |    770 | data_req_o
     606* |       0 |     239 |       69 |     10 |    72 |    +0.8% |   -1.296 |     -980.9 |       -2.0 |    770 | data_req_o
     607* |       0 |     239 |       69 |     10 |    72 |    +0.8% |   -1.296 |     -980.9 |       -2.0 |    770 | data_req_o
     608* |       0 |     239 |       69 |     10 |    72 |    +0.8% |   -1.296 |     -980.9 |       -2.0 |    770 | data_req_o
     609* |       0 |     239 |       69 |     10 |    72 |    +0.8% |   -1.296 |     -980.9 |       -2.0 |    770 | data_req_o
     610* |       0 |     239 |       69 |     10 |    72 |    +0.8% |   -1.296 |     -980.9 |       -2.0 |    770 | data_req_o
     610* |       0 |     239 |       69 |     10 |    72 |    +0.8% |   -1.296 |     -980.9 |       -2.0 |    770 | data_req_o
     611* |       0 |     239 |       69 |     10 |    72 |    +0.8% |   -1.296 |     -980.9 |       -2.0 |    770 | data_req_o
     612* |       0 |     239 |       69 |     10 |    72 |    +0.8% |   -1.296 |     -980.9 |       -2.0 |    770 | data_req_o
     613* |       0 |     239 |       69 |     10 |    72 |    +0.8% |   -1.296 |     -980.9 |       -2.0 |    770 | data_req_o
     614* |       0 |     239 |       69 |     10 |    72 |    +0.8% |   -1.296 |     -980.9 |       -2.0 |    770 | data_req_o
     615* |       0 |     239 |       69 |     10 |    72 |    +0.8% |   -1.296 |     -980.9 |       -2.0 |    770 | data_req_o
     616* |       0 |     239 |       69 |     10 |    72 |    +0.8% |   -1.296 |     -980.9 |       -2.0 |    770 | data_req_o
     617* |       0 |     239 |       69 |     10 |    72 |    +0.8% |   -1.296 |     -980.9 |       -2.0 |    770 | data_req_o
     618* |       0 |     239 |       69 |     10 |    72 |    +0.8% |   -1.296 |     -980.9 |       -2.0 |    770 | data_req_o
     619* |       0 |     239 |       69 |     10 |    72 |    +0.8% |   -1.296 |     -980.9 |       -2.0 |    770 | data_req_o
     620* |       0 |     239 |       69 |     10 |    72 |    +0.8% |   -1.296 |     -980.9 |       -2.0 |    770 | data_req_o
     620* |       0 |     239 |       69 |     10 |    72 |    +0.8% |   -1.296 |     -980.9 |       -2.0 |    770 | data_req_o
     621* |       0 |     239 |       69 |     10 |    72 |    +0.8% |   -1.296 |     -980.9 |       -2.0 |    770 | data_req_o
     622* |       0 |     239 |       69 |     10 |    72 |    +0.8% |   -1.296 |     -980.9 |       -2.0 |    770 | data_req_o
     623* |       0 |     239 |       69 |     10 |    72 |    +0.8% |   -1.296 |     -980.9 |       -2.0 |    770 | data_req_o
     624* |       0 |     239 |       69 |     10 |    72 |    +0.8% |   -1.296 |     -980.9 |       -2.0 |    770 | data_req_o
     625* |       0 |     239 |       69 |     10 |    72 |    +0.8% |   -1.296 |     -980.9 |       -2.0 |    770 | data_req_o
     626* |       0 |     239 |       69 |     10 |    72 |    +0.8% |   -1.296 |     -980.9 |       -2.0 |    770 | data_req_o
     627* |       0 |     239 |       69 |     10 |    72 |    +0.8% |   -1.296 |     -980.9 |       -2.0 |    770 | data_req_o
     628* |       0 |     239 |       69 |     10 |    72 |    +0.8% |   -1.296 |     -980.9 |       -2.0 |    770 | data_req_o
     629* |       0 |     239 |       69 |     10 |    72 |    +0.8% |   -1.296 |     -980.9 |       -2.0 |    770 | data_req_o
     630* |       0 |     239 |       69 |     10 |    72 |    +0.8% |   -1.296 |     -980.9 |       -2.0 |    770 | data_req_o
     630* |       0 |     239 |       69 |     10 |    72 |    +0.8% |   -1.296 |     -980.9 |       -2.0 |    770 | data_req_o
     631* |       0 |     239 |       69 |     10 |    72 |    +0.8% |   -1.296 |     -980.9 |       -2.0 |    770 | data_req_o
     632* |       0 |     239 |       69 |     10 |    72 |    +0.8% |   -1.296 |     -980.9 |       -2.0 |    770 | data_req_o
     633* |       0 |     239 |       69 |     10 |    72 |    +0.8% |   -1.296 |     -980.9 |       -2.0 |    770 | data_req_o
     634* |       0 |     239 |       69 |     10 |    72 |    +0.8% |   -1.296 |     -980.9 |       -2.0 |    770 | data_req_o
     635* |       0 |     239 |       69 |     10 |    72 |    +0.8% |   -1.296 |     -980.9 |       -2.0 |    770 | data_req_o
     636* |       0 |     239 |       69 |     10 |    72 |    +0.8% |   -1.296 |     -980.9 |       -2.0 |    770 | data_req_o
     637* |       0 |     239 |       69 |     10 |    72 |    +0.8% |   -1.296 |     -980.9 |       -2.0 |    770 | data_req_o
     638* |       0 |     239 |       69 |     10 |    72 |    +0.8% |   -1.296 |     -980.9 |       -2.0 |    770 | data_req_o
     639* |       0 |     239 |       69 |     10 |    72 |    +0.8% |   -1.296 |     -980.9 |       -2.0 |    770 | data_req_o
     640* |       0 |     239 |       69 |     10 |    72 |    +0.8% |   -1.296 |     -980.9 |       -2.0 |    770 | data_req_o
     640* |       0 |     239 |       69 |     10 |    72 |    +0.8% |   -1.296 |     -980.9 |       -2.0 |    770 | data_req_o
     641* |       0 |     239 |       69 |     10 |    72 |    +0.8% |   -1.296 |     -980.9 |       -2.0 |    770 | data_req_o
     642* |       0 |     239 |       69 |     10 |    72 |    +0.8% |   -1.296 |     -980.9 |       -2.0 |    770 | data_req_o
     643* |       0 |     239 |       69 |     10 |    72 |    +0.8% |   -1.296 |     -980.9 |       -2.0 |    770 | data_req_o
     644* |       0 |     239 |       69 |     10 |    72 |    +0.8% |   -1.296 |     -980.9 |       -2.0 |    770 | data_req_o
     645* |       0 |     239 |       69 |     10 |    72 |    +0.8% |   -1.296 |     -980.9 |       -2.0 |    770 | data_req_o
     646* |       0 |     239 |       69 |     10 |    72 |    +0.8% |   -1.296 |     -980.9 |       -2.0 |    770 | data_req_o
     647* |       0 |     239 |       69 |     10 |    72 |    +0.8% |   -1.296 |     -980.9 |       -2.0 |    770 | data_req_o
     648* |       0 |     239 |       69 |     10 |    72 |    +0.8% |   -1.296 |     -980.9 |       -2.0 |    770 | data_req_o
     649* |       0 |     239 |       69 |     10 |    72 |    +0.8% |   -1.296 |     -980.9 |       -2.0 |    770 | data_req_o
     650* |       0 |     239 |       69 |     10 |    72 |    +0.8% |   -1.296 |     -980.9 |       -2.0 |    770 | data_req_o
     650* |       0 |     239 |       69 |     10 |    72 |    +0.8% |   -1.296 |     -980.9 |       -2.0 |    770 | data_req_o
     651* |       0 |     239 |       69 |     10 |    72 |    +0.8% |   -1.296 |     -980.9 |       -2.0 |    770 | data_req_o
     652* |       0 |     239 |       69 |     10 |    72 |    +0.8% |   -1.296 |     -980.9 |       -2.0 |    770 | data_req_o
     653* |       0 |     239 |       69 |     10 |    72 |    +0.8% |   -1.296 |     -980.9 |       -2.0 |    770 | data_req_o
     654* |       0 |     239 |       69 |     10 |    72 |    +0.8% |   -1.296 |     -980.9 |       -2.0 |    770 | data_req_o
     655* |       0 |     239 |       69 |     10 |    72 |    +0.8% |   -1.296 |     -980.9 |       -2.0 |    770 | data_req_o
     656* |       0 |     239 |       69 |     10 |    72 |    +0.8% |   -1.296 |     -980.9 |       -2.0 |    770 | data_req_o
     657* |       0 |     239 |       69 |     10 |    72 |    +0.8% |   -1.296 |     -980.9 |       -2.0 |    770 | data_req_o
     658* |       0 |     239 |       69 |     10 |    72 |    +0.8% |   -1.296 |     -980.9 |       -2.0 |    770 | data_req_o
     659* |       0 |     239 |       69 |     10 |    72 |    +0.8% |   -1.296 |     -980.9 |       -2.0 |    770 | data_req_o
     660* |       0 |     239 |       69 |     10 |    72 |    +0.8% |   -1.296 |     -980.9 |       -2.0 |    770 | data_req_o
     660* |       0 |     239 |       69 |     10 |    72 |    +0.8% |   -1.296 |     -980.9 |       -2.0 |    770 | data_req_o
     661* |       0 |     239 |       69 |     10 |    72 |    +0.8% |   -1.296 |     -980.9 |       -2.0 |    770 | data_req_o
     662* |       0 |     239 |       69 |     10 |    72 |    +0.8% |   -1.296 |     -980.9 |       -2.0 |    770 | data_req_o
     663* |       0 |     239 |       69 |     10 |    72 |    +0.8% |   -1.296 |     -980.9 |       -2.0 |    770 | data_req_o
     664* |       0 |     239 |       69 |     10 |    72 |    +0.8% |   -1.296 |     -980.9 |       -2.0 |    770 | data_req_o
     665* |       0 |     239 |       69 |     10 |    72 |    +0.8% |   -1.296 |     -980.9 |       -2.0 |    770 | data_req_o
     666* |       0 |     239 |       69 |     10 |    72 |    +0.8% |   -1.296 |     -980.9 |       -2.0 |    770 | data_req_o
     667* |       0 |     239 |       69 |     10 |    72 |    +0.8% |   -1.296 |     -980.9 |       -2.0 |    770 | data_req_o
     668* |       0 |     239 |       69 |     10 |    72 |    +0.8% |   -1.296 |     -980.9 |       -2.0 |    770 | data_req_o
     669* |       0 |     239 |       69 |     10 |    72 |    +0.8% |   -1.296 |     -980.9 |       -2.0 |    770 | data_req_o
     670* |       0 |     239 |       69 |     10 |    72 |    +0.8% |   -1.296 |     -980.9 |       -2.0 |    770 | data_req_o
     670* |       0 |     239 |       69 |     10 |    72 |    +0.8% |   -1.296 |     -980.9 |       -2.0 |    770 | data_req_o
     671* |       0 |     239 |       69 |     10 |    72 |    +0.8% |   -1.296 |     -980.9 |       -2.0 |    770 | data_req_o
     672* |       0 |     239 |       69 |     10 |    72 |    +0.8% |   -1.296 |     -980.9 |       -2.0 |    770 | data_req_o
     673* |       0 |     239 |       69 |     10 |    72 |    +0.8% |   -1.296 |     -980.9 |       -2.0 |    770 | data_req_o
     674* |       0 |     239 |       69 |     10 |    72 |    +0.8% |   -1.296 |     -980.9 |       -2.0 |    770 | data_req_o
     675* |       0 |     239 |       69 |     10 |    72 |    +0.8% |   -1.296 |     -980.9 |       -2.0 |    770 | data_req_o
     676* |       0 |     239 |       69 |     10 |    72 |    +0.8% |   -1.296 |     -980.9 |       -2.0 |    770 | data_req_o
     677* |       0 |     239 |       69 |     10 |    72 |    +0.8% |   -1.296 |     -980.9 |       -2.0 |    770 | data_req_o
     678* |       0 |     239 |       69 |     10 |    72 |    +0.8% |   -1.296 |     -980.9 |       -2.0 |    770 | data_req_o
     679* |       0 |     239 |       69 |     10 |    72 |    +0.8% |   -1.296 |     -980.9 |       -2.0 |    770 | data_req_o
     680* |       0 |     239 |       69 |     10 |    72 |    +0.8% |   -1.296 |     -980.9 |       -2.0 |    770 | data_req_o
     680* |       0 |     239 |       69 |     10 |    72 |    +0.8% |   -1.296 |     -980.9 |       -2.0 |    770 | data_req_o
     681* |       0 |     239 |       69 |     10 |    72 |    +0.8% |   -1.296 |     -980.9 |       -2.0 |    770 | data_req_o
     682* |       0 |     239 |       69 |     10 |    72 |    +0.8% |   -1.296 |     -980.9 |       -2.0 |    770 | data_req_o
     683* |       0 |     239 |       69 |     10 |    72 |    +0.8% |   -1.296 |     -980.9 |       -2.0 |    770 | data_req_o
     684* |       0 |     239 |       69 |     10 |    72 |    +0.8% |   -1.296 |     -980.9 |       -2.0 |    770 | data_req_o
     685* |       0 |     239 |       69 |     10 |    72 |    +0.8% |   -1.296 |     -980.9 |       -2.0 |    770 | data_req_o
     686* |       0 |     239 |       69 |     10 |    72 |    +0.8% |   -1.296 |     -980.9 |       -2.0 |    770 | data_req_o
     687* |       0 |     239 |       69 |     10 |    72 |    +0.8% |   -1.296 |     -980.9 |       -2.0 |    770 | data_req_o
     688* |       0 |     239 |       69 |     10 |    72 |    +0.8% |   -1.296 |     -980.9 |       -2.0 |    770 | data_req_o
     689* |       0 |     239 |       69 |     10 |    72 |    +0.8% |   -1.296 |     -980.9 |       -2.0 |    770 | data_req_o
     690* |       0 |     239 |       69 |     10 |    72 |    +0.8% |   -1.296 |     -980.9 |       -2.0 |    770 | data_req_o
     690* |       0 |     239 |       69 |     10 |    72 |    +0.8% |   -1.296 |     -980.9 |       -2.0 |    770 | data_req_o
     691* |       0 |     239 |       69 |     10 |    72 |    +0.8% |   -1.296 |     -980.9 |       -2.0 |    770 | data_req_o
     692* |       0 |     239 |       69 |     10 |    72 |    +0.8% |   -1.296 |     -980.9 |       -2.0 |    770 | data_req_o
     693* |       0 |     239 |       69 |     10 |    72 |    +0.8% |   -1.296 |     -980.9 |       -2.0 |    770 | data_req_o
     694* |       0 |     239 |       69 |     10 |    72 |    +0.8% |   -1.296 |     -980.9 |       -2.0 |    770 | data_req_o
     695* |       0 |     239 |       69 |     10 |    72 |    +0.8% |   -1.296 |     -980.9 |       -2.0 |    770 | data_req_o
     696* |       0 |     239 |       69 |     10 |    72 |    +0.8% |   -1.296 |     -980.9 |       -2.0 |    770 | data_req_o
     697* |       0 |     239 |       69 |     10 |    72 |    +0.8% |   -1.296 |     -980.9 |       -2.0 |    770 | data_req_o
     698* |       0 |     239 |       69 |     10 |    72 |    +0.8% |   -1.296 |     -980.9 |       -2.0 |    770 | data_req_o
     699* |       0 |     239 |       69 |     10 |    72 |    +0.8% |   -1.296 |     -980.9 |       -2.0 |    770 | data_req_o
     700* |       0 |     239 |       69 |     10 |    72 |    +0.8% |   -1.296 |     -980.9 |       -2.0 |    770 | data_req_o
     700* |       0 |     239 |       69 |     10 |    72 |    +0.8% |   -1.296 |     -980.9 |       -2.0 |    770 | data_req_o
     701* |       0 |     239 |       69 |     10 |    72 |    +0.8% |   -1.296 |     -980.9 |       -2.0 |    770 | data_req_o
     702* |       0 |     239 |       69 |     10 |    72 |    +0.8% |   -1.296 |     -980.9 |       -2.0 |    770 | data_req_o
     703* |       0 |     239 |       69 |     10 |    72 |    +0.8% |   -1.296 |     -980.9 |       -2.0 |    770 | data_req_o
     704* |       0 |     239 |       69 |     10 |    72 |    +0.8% |   -1.296 |     -980.9 |       -2.0 |    770 | data_req_o
     705* |       0 |     239 |       69 |     10 |    72 |    +0.8% |   -1.296 |     -980.9 |       -2.0 |    770 | data_req_o
     706* |       0 |     239 |       69 |     10 |    72 |    +0.8% |   -1.296 |     -980.9 |       -2.0 |    770 | data_req_o
     707* |       0 |     239 |       69 |     10 |    72 |    +0.8% |   -1.296 |     -980.9 |       -2.0 |    770 | data_req_o
     708* |       0 |     239 |       69 |     10 |    72 |    +0.8% |   -1.296 |     -980.9 |       -2.0 |    770 | data_req_o
     709* |       0 |     239 |       69 |     10 |    72 |    +0.8% |   -1.296 |     -980.9 |       -2.0 |    770 | data_req_o
     710* |       0 |     239 |       69 |     10 |    72 |    +0.8% |   -1.296 |     -980.9 |       -2.0 |    770 | data_req_o
     710* |       0 |     239 |       69 |     10 |    72 |    +0.8% |   -1.296 |     -980.9 |       -2.0 |    770 | data_req_o
     711* |       0 |     239 |       69 |     10 |    72 |    +0.8% |   -1.296 |     -980.9 |       -2.0 |    770 | data_req_o
     712* |       0 |     239 |       69 |     10 |    72 |    +0.8% |   -1.296 |     -980.9 |       -2.0 |    770 | data_req_o
     713* |       0 |     239 |       69 |     10 |    72 |    +0.8% |   -1.296 |     -980.9 |       -2.0 |    770 | data_req_o
     714* |       0 |     239 |       69 |     10 |    72 |    +0.8% |   -1.296 |     -980.9 |       -2.0 |    770 | data_req_o
     715* |       0 |     239 |       69 |     10 |    72 |    +0.8% |   -1.296 |     -980.9 |       -2.0 |    770 | data_req_o
     716* |       0 |     239 |       69 |     10 |    72 |    +0.8% |   -1.296 |     -980.9 |       -2.0 |    770 | data_req_o
     717* |       0 |     239 |       69 |     10 |    72 |    +0.8% |   -1.296 |     -980.9 |       -2.0 |    770 | data_req_o
     718* |       0 |     239 |       69 |     10 |    72 |    +0.8% |   -1.296 |     -980.9 |       -2.0 |    770 | data_req_o
     719* |       0 |     239 |       69 |     10 |    72 |    +0.8% |   -1.296 |     -980.9 |       -2.0 |    770 | data_req_o
     720* |       0 |     239 |       69 |     10 |    72 |    +0.8% |   -1.296 |     -980.9 |       -2.0 |    770 | data_req_o
     720* |       0 |     239 |       69 |     10 |    72 |    +0.8% |   -1.296 |     -980.9 |       -2.0 |    770 | data_req_o
     721* |       0 |     239 |       69 |     10 |    72 |    +0.8% |   -1.296 |     -980.9 |       -2.0 |    770 | data_req_o
     722* |       0 |     239 |       69 |     10 |    72 |    +0.8% |   -1.296 |     -980.9 |       -2.0 |    770 | data_req_o
     723* |       0 |     239 |       69 |     10 |    72 |    +0.8% |   -1.296 |     -980.9 |       -2.0 |    770 | data_req_o
     724* |       0 |     239 |       69 |     10 |    72 |    +0.8% |   -1.296 |     -980.9 |       -2.0 |    770 | data_req_o
     725* |       0 |     239 |       69 |     10 |    72 |    +0.8% |   -1.296 |     -980.9 |       -2.0 |    770 | data_req_o
     726* |       0 |     239 |       69 |     10 |    72 |    +0.8% |   -1.296 |     -980.9 |       -2.0 |    770 | data_req_o
     727* |       0 |     239 |       69 |     10 |    72 |    +0.8% |   -1.296 |     -980.9 |       -2.0 |    770 | data_req_o
     728* |       0 |     239 |       69 |     10 |    72 |    +0.8% |   -1.296 |     -980.9 |       -2.0 |    770 | data_req_o
     729* |       0 |     239 |       69 |     10 |    72 |    +0.8% |   -1.296 |     -980.9 |       -2.0 |    770 | data_req_o
     730* |       0 |     239 |       69 |     10 |    72 |    +0.8% |   -1.296 |     -980.9 |       -2.0 |    770 | data_req_o
     730* |       0 |     239 |       69 |     10 |    72 |    +0.8% |   -1.296 |     -980.9 |       -2.0 |    770 | data_req_o
     731* |       0 |     239 |       69 |     10 |    72 |    +0.8% |   -1.296 |     -980.9 |       -2.0 |    770 | data_req_o
     732* |       0 |     239 |       69 |     10 |    72 |    +0.8% |   -1.296 |     -980.9 |       -2.0 |    770 | data_req_o
     733* |       0 |     239 |       69 |     10 |    72 |    +0.8% |   -1.296 |     -980.9 |       -2.0 |    770 | data_req_o
     734* |       0 |     239 |       69 |     10 |    72 |    +0.8% |   -1.296 |     -980.9 |       -2.0 |    770 | data_req_o
     735* |       0 |     239 |       69 |     10 |    72 |    +0.8% |   -1.296 |     -980.9 |       -2.0 |    770 | data_req_o
     736* |       0 |     239 |       69 |     10 |    72 |    +0.8% |   -1.296 |     -980.9 |       -2.0 |    770 | data_req_o
     737* |       0 |     239 |       69 |     10 |    72 |    +0.8% |   -1.296 |     -980.9 |       -2.0 |    770 | data_req_o
     738* |       0 |     239 |       69 |     10 |    72 |    +0.8% |   -1.296 |     -980.9 |       -2.0 |    770 | data_req_o
     739* |       0 |     239 |       69 |     10 |    72 |    +0.8% |   -1.296 |     -980.9 |       -2.0 |    770 | data_req_o
     740* |       0 |     239 |       69 |     10 |    72 |    +0.8% |   -1.296 |     -980.9 |       -2.0 |    770 | data_req_o
     740* |       0 |     239 |       69 |     10 |    72 |    +0.8% |   -1.296 |     -980.9 |       -2.0 |    770 | data_req_o
     741* |       0 |     239 |       69 |     10 |    72 |    +0.8% |   -1.296 |     -980.9 |       -2.0 |    770 | data_req_o
     742* |       0 |     239 |       69 |     10 |    72 |    +0.8% |   -1.296 |     -980.9 |       -2.0 |    770 | data_req_o
     743* |       0 |     239 |       69 |     10 |    72 |    +0.8% |   -1.296 |     -980.9 |       -2.0 |    770 | data_req_o
     744* |       0 |     239 |       69 |     10 |    72 |    +0.8% |   -1.296 |     -980.9 |       -2.0 |    770 | data_req_o
     745* |       0 |     239 |       69 |     10 |    72 |    +0.8% |   -1.296 |     -980.9 |       -2.0 |    770 | data_req_o
     746* |       0 |     239 |       69 |     10 |    72 |    +0.8% |   -1.296 |     -980.9 |       -2.0 |    770 | data_req_o
     747* |       0 |     239 |       69 |     10 |    72 |    +0.8% |   -1.296 |     -980.9 |       -2.0 |    770 | data_req_o
     748* |       0 |     239 |       69 |     10 |    72 |    +0.8% |   -1.296 |     -980.9 |       -2.0 |    770 | data_req_o
     749* |       0 |     239 |       69 |     10 |    72 |    +0.8% |   -1.296 |     -980.9 |       -2.0 |    770 | data_req_o
     750* |       0 |     239 |       69 |     10 |    72 |    +0.8% |   -1.296 |     -980.9 |       -2.0 |    770 | data_req_o
     750* |       0 |     239 |       69 |     10 |    72 |    +0.8% |   -1.296 |     -980.9 |       -2.0 |    770 | data_req_o
     751* |       0 |     239 |       69 |     10 |    72 |    +0.8% |   -1.296 |     -980.9 |       -2.0 |    770 | data_req_o
     752* |       0 |     239 |       69 |     10 |    72 |    +0.8% |   -1.296 |     -980.9 |       -2.0 |    770 | data_req_o
     753* |       0 |     239 |       69 |     10 |    72 |    +0.8% |   -1.296 |     -980.9 |       -2.0 |    770 | data_req_o
     754* |       0 |     239 |       69 |     10 |    72 |    +0.8% |   -1.296 |     -980.9 |       -2.0 |    770 | data_req_o
     755* |       0 |     239 |       69 |     10 |    72 |    +0.8% |   -1.296 |     -980.9 |       -2.0 |    770 | data_req_o
     756* |       0 |     239 |       69 |     10 |    72 |    +0.8% |   -1.296 |     -980.9 |       -2.0 |    770 | data_req_o
     757* |       0 |     239 |       69 |     10 |    72 |    +0.8% |   -1.296 |     -980.9 |       -2.0 |    770 | data_req_o
     758* |       0 |     239 |       69 |     10 |    72 |    +0.8% |   -1.296 |     -980.9 |       -2.0 |    770 | data_req_o
     759* |       0 |     239 |       69 |     10 |    72 |    +0.8% |   -1.296 |     -980.9 |       -2.0 |    770 | data_req_o
     760* |       0 |     239 |       69 |     10 |    72 |    +0.8% |   -1.296 |     -980.9 |       -2.0 |    770 | data_req_o
     760* |       0 |     239 |       69 |     10 |    72 |    +0.8% |   -1.296 |     -980.9 |       -2.0 |    770 | data_req_o
     761* |       0 |     239 |       69 |     10 |    72 |    +0.8% |   -1.296 |     -980.9 |       -2.0 |    770 | data_req_o
     763* |       0 |     240 |       69 |     10 |    72 |    +0.8% |   -1.296 |     -980.9 |       -1.3 |    770 | data_req_o
     764* |       0 |     240 |       69 |     10 |    72 |    +0.8% |   -1.296 |     -980.9 |       -1.3 |    770 | data_req_o
     765* |       0 |     240 |       69 |     10 |    72 |    +0.8% |   -1.296 |     -980.9 |       -1.3 |    770 | data_req_o
     766* |       0 |     240 |       69 |     10 |    72 |    +0.8% |   -1.296 |     -980.9 |       -1.3 |    770 | data_req_o
     767* |       0 |     240 |       69 |     10 |    72 |    +0.8% |   -1.296 |     -980.9 |       -1.3 |    770 | data_req_o
     768* |       0 |     240 |       69 |     10 |    72 |    +0.8% |   -1.296 |     -980.9 |       -1.3 |    770 | data_req_o
     769* |       0 |     240 |       69 |     10 |    72 |    +0.8% |   -1.296 |     -980.9 |       -1.3 |    770 | data_req_o
     770* |       0 |     240 |       69 |     10 |    72 |    +0.8% |   -1.296 |     -980.9 |       -1.3 |    770 | data_req_o
     770* |       0 |     240 |       69 |     10 |    72 |    +0.8% |   -1.296 |     -980.9 |       -1.3 |    770 | data_req_o
     771* |       0 |     240 |       69 |     10 |    72 |    +0.8% |   -1.296 |     -980.9 |       -1.3 |    770 | data_req_o
     772* |       0 |     240 |       69 |     10 |    72 |    +0.8% |   -1.296 |     -980.9 |       -1.3 |    770 | data_req_o
     773* |       0 |     240 |       69 |     10 |    72 |    +0.8% |   -1.296 |     -980.9 |       -1.3 |    770 | data_req_o
     774* |       0 |     240 |       69 |     10 |    72 |    +0.8% |   -1.296 |     -980.9 |       -1.3 |    770 | data_req_o
     775* |       0 |     240 |       69 |     10 |    72 |    +0.8% |   -1.296 |     -980.9 |       -1.3 |    770 | data_req_o
     776* |       0 |     240 |       69 |     10 |    72 |    +0.8% |   -1.296 |     -980.9 |       -1.3 |    770 | data_req_o
     777* |       0 |     240 |       69 |     10 |    72 |    +0.8% |   -1.296 |     -980.9 |       -1.3 |    770 | data_req_o
     778* |       0 |     240 |       69 |     10 |    72 |    +0.8% |   -1.296 |     -980.9 |       -1.3 |    770 | data_req_o
     779* |       0 |     240 |       69 |     10 |    72 |    +0.8% |   -1.296 |     -980.9 |       -1.3 |    770 | data_req_o
     780* |       0 |     240 |       69 |     10 |    72 |    +0.8% |   -1.296 |     -980.9 |       -1.3 |    770 | data_req_o
     780* |       0 |     240 |       69 |     10 |    72 |    +0.8% |   -1.296 |     -980.9 |       -1.3 |    770 | data_req_o
     782* |       0 |     241 |       69 |     10 |    72 |    +0.8% |   -1.296 |     -980.9 |       -1.3 |    770 | data_req_o
     783* |       0 |     241 |       69 |     10 |    72 |    +0.8% |   -1.296 |     -980.9 |       -1.3 |    770 | data_req_o
     784* |       0 |     241 |       69 |     10 |    72 |    +0.8% |   -1.296 |     -980.9 |       -1.3 |    770 | data_req_o
     785* |       0 |     241 |       69 |     10 |    72 |    +0.8% |   -1.296 |     -980.9 |       -1.3 |    770 | data_req_o
     786* |       0 |     241 |       69 |     10 |    72 |    +0.8% |   -1.296 |     -980.9 |       -1.3 |    770 | data_req_o
     787* |       0 |     241 |       69 |     10 |    72 |    +0.8% |   -1.296 |     -980.9 |       -1.3 |    770 | data_req_o
     789* |       0 |     242 |       69 |     10 |    72 |    +0.8% |   -1.296 |     -980.9 |       -1.3 |    770 | data_req_o
     790* |       0 |     242 |       69 |     10 |    72 |    +0.8% |   -1.296 |     -980.9 |       -1.3 |    770 | data_req_o
     790* |       0 |     242 |       69 |     10 |    72 |    +0.8% |   -1.296 |     -980.9 |       -1.3 |    770 | data_req_o
     791* |       0 |     242 |       69 |     10 |    72 |    +0.8% |   -1.296 |     -980.9 |       -1.3 |    770 | data_req_o
     792* |       0 |     242 |       69 |     10 |    72 |    +0.8% |   -1.296 |     -980.9 |       -1.3 |    770 | data_req_o
     793* |       0 |     242 |       69 |     10 |    72 |    +0.8% |   -1.296 |     -980.9 |       -1.3 |    770 | data_req_o
     794* |       0 |     242 |       69 |     10 |    72 |    +0.8% |   -1.296 |     -980.9 |       -1.3 |    770 | data_req_o
     795* |       0 |     242 |       69 |     10 |    72 |    +0.8% |   -1.296 |     -980.9 |       -1.3 |    770 | data_req_o
     796* |       0 |     242 |       69 |     10 |    72 |    +0.8% |   -1.296 |     -980.9 |       -1.3 |    770 | data_req_o
     797* |       0 |     242 |       69 |     10 |    72 |    +0.8% |   -1.296 |     -980.9 |       -1.3 |    770 | data_req_o
     798* |       0 |     242 |       69 |     10 |    72 |    +0.8% |   -1.296 |     -980.9 |       -1.3 |    770 | data_req_o
     799* |       0 |     242 |       69 |     10 |    72 |    +0.8% |   -1.296 |     -980.9 |       -1.3 |    770 | data_req_o
     800* |       0 |     242 |       69 |     10 |    72 |    +0.8% |   -1.296 |     -980.9 |       -1.3 |    770 | data_req_o
     800* |       0 |     242 |       69 |     10 |    72 |    +0.8% |   -1.296 |     -980.9 |       -1.3 |    770 | data_req_o
     801* |       0 |     242 |       69 |     10 |    72 |    +0.8% |   -1.296 |     -980.9 |       -1.3 |    770 | data_req_o
     802* |       0 |     242 |       69 |     10 |    72 |    +0.8% |   -1.296 |     -980.9 |       -1.3 |    770 | data_req_o
     803* |       0 |     242 |       69 |     10 |    72 |    +0.8% |   -1.296 |     -980.9 |       -1.3 |    770 | data_req_o
     804* |       0 |     242 |       69 |     10 |    72 |    +0.8% |   -1.296 |     -980.9 |       -1.3 |    770 | data_req_o
     805* |       0 |     242 |       69 |     10 |    72 |    +0.8% |   -1.296 |     -980.9 |       -1.3 |    770 | data_req_o
     806* |       0 |     242 |       69 |     10 |    72 |    +0.8% |   -1.296 |     -980.9 |       -1.3 |    770 | data_req_o
     807* |       0 |     242 |       69 |     10 |    72 |    +0.8% |   -1.296 |     -980.9 |       -1.3 |    770 | data_req_o
     808* |       0 |     242 |       69 |     10 |    72 |    +0.8% |   -1.296 |     -980.9 |       -1.3 |    770 | data_req_o
     809* |       0 |     242 |       69 |     10 |    72 |    +0.8% |   -1.296 |     -980.9 |       -1.3 |    770 | data_req_o
     810* |       0 |     242 |       69 |     10 |    72 |    +0.8% |   -1.296 |     -980.9 |       -1.3 |    770 | data_req_o
     810* |       0 |     242 |       69 |     10 |    72 |    +0.8% |   -1.296 |     -980.9 |       -1.3 |    770 | data_req_o
     811* |       0 |     242 |       69 |     10 |    72 |    +0.8% |   -1.296 |     -980.9 |       -1.3 |    770 | data_req_o
     812* |       0 |     242 |       69 |     10 |    72 |    +0.8% |   -1.296 |     -980.9 |       -1.3 |    770 | data_req_o
     813* |       0 |     242 |       69 |     10 |    72 |    +0.8% |   -1.296 |     -980.9 |       -1.3 |    770 | data_req_o
     814* |       0 |     242 |       69 |     10 |    72 |    +0.8% |   -1.296 |     -980.9 |       -1.3 |    770 | data_req_o
     815* |       0 |     242 |       69 |     10 |    72 |    +0.8% |   -1.296 |     -980.9 |       -1.3 |    770 | data_req_o
     816* |       0 |     242 |       69 |     10 |    72 |    +0.8% |   -1.296 |     -980.9 |       -1.3 |    770 | data_req_o
     817* |       0 |     242 |       69 |     10 |    72 |    +0.8% |   -1.296 |     -980.9 |       -1.3 |    770 | data_req_o
     818* |       0 |     242 |       69 |     10 |    72 |    +0.8% |   -1.296 |     -980.9 |       -1.3 |    770 | data_req_o
     819* |       0 |     242 |       69 |     10 |    72 |    +0.8% |   -1.296 |     -980.9 |       -1.3 |    770 | data_req_o
     820* |       0 |     242 |       69 |     10 |    72 |    +0.8% |   -1.296 |     -980.9 |       -1.3 |    770 | data_req_o
     820* |       0 |     242 |       69 |     10 |    72 |    +0.8% |   -1.296 |     -980.9 |       -1.3 |    770 | data_req_o
     821* |       0 |     242 |       69 |     10 |    72 |    +0.8% |   -1.296 |     -980.9 |       -1.3 |    770 | data_req_o
     822* |       0 |     242 |       69 |     10 |    72 |    +0.8% |   -1.296 |     -980.9 |       -1.3 |    770 | data_req_o
     823* |       0 |     242 |       69 |     10 |    72 |    +0.8% |   -1.296 |     -980.9 |       -1.3 |    770 | data_req_o
     824* |       0 |     242 |       69 |     10 |    72 |    +0.8% |   -1.296 |     -980.9 |       -1.3 |    770 | data_req_o
     825* |       0 |     242 |       69 |     10 |    72 |    +0.8% |   -1.296 |     -980.9 |       -1.3 |    770 | data_req_o
     826* |       0 |     242 |       69 |     10 |    72 |    +0.8% |   -1.296 |     -980.9 |       -1.3 |    770 | data_req_o
     827* |       0 |     242 |       69 |     10 |    72 |    +0.8% |   -1.296 |     -980.9 |       -1.3 |    770 | data_req_o
     828* |       0 |     242 |       69 |     10 |    72 |    +0.8% |   -1.296 |     -980.9 |       -1.3 |    770 | data_req_o
     829* |       0 |     242 |       69 |     10 |    72 |    +0.8% |   -1.296 |     -980.9 |       -1.3 |    770 | data_req_o
     830* |       0 |     242 |       69 |     10 |    72 |    +0.8% |   -1.296 |     -980.9 |       -1.3 |    770 | data_req_o
     830* |       0 |     242 |       69 |     10 |    72 |    +0.8% |   -1.296 |     -980.9 |       -1.3 |    770 | data_req_o
     831* |       0 |     242 |       69 |     10 |    72 |    +0.8% |   -1.296 |     -980.9 |       -1.3 |    770 | data_req_o
     832* |       0 |     242 |       69 |     10 |    72 |    +0.8% |   -1.296 |     -980.9 |       -1.3 |    770 | data_req_o
     833* |       0 |     242 |       69 |     10 |    72 |    +0.8% |   -1.296 |     -980.9 |       -1.3 |    770 | data_req_o
     834* |       0 |     242 |       69 |     10 |    72 |    +0.8% |   -1.296 |     -980.9 |       -1.3 |    770 | data_req_o
     835* |       0 |     242 |       69 |     10 |    72 |    +0.8% |   -1.296 |     -980.9 |       -1.3 |    770 | data_req_o
     836* |       0 |     242 |       69 |     10 |    72 |    +0.8% |   -1.296 |     -980.9 |       -1.3 |    770 | data_req_o
     837* |       0 |     242 |       69 |     10 |    72 |    +0.8% |   -1.296 |     -980.9 |       -1.3 |    770 | data_req_o
     838* |       0 |     242 |       69 |     10 |    72 |    +0.8% |   -1.296 |     -980.9 |       -1.3 |    770 | data_req_o
     839* |       0 |     242 |       69 |     10 |    72 |    +0.8% |   -1.296 |     -980.9 |       -1.3 |    770 | data_req_o
     840* |       0 |     242 |       69 |     10 |    72 |    +0.8% |   -1.296 |     -980.9 |       -1.3 |    770 | data_req_o
     840* |       0 |     242 |       69 |     10 |    72 |    +0.8% |   -1.296 |     -980.9 |       -1.3 |    770 | data_req_o
     841* |       0 |     242 |       69 |     10 |    72 |    +0.8% |   -1.296 |     -980.9 |       -1.3 |    770 | data_req_o
     842* |       0 |     242 |       69 |     10 |    72 |    +0.8% |   -1.296 |     -980.9 |       -1.3 |    770 | data_req_o
     843* |       0 |     242 |       69 |     10 |    72 |    +0.8% |   -1.296 |     -980.9 |       -1.3 |    770 | data_req_o
     844* |       0 |     242 |       69 |     10 |    72 |    +0.8% |   -1.296 |     -980.9 |       -1.3 |    770 | data_req_o
     845* |       0 |     242 |       69 |     10 |    72 |    +0.8% |   -1.296 |     -980.9 |       -1.3 |    770 | data_req_o
     846* |       0 |     242 |       69 |     10 |    72 |    +0.8% |   -1.296 |     -980.9 |       -1.3 |    770 | data_req_o
     847* |       0 |     242 |       69 |     10 |    72 |    +0.8% |   -1.296 |     -980.9 |       -1.3 |    770 | data_req_o
     848* |       0 |     242 |       69 |     10 |    72 |    +0.8% |   -1.296 |     -980.9 |       -1.3 |    770 | data_req_o
     849* |       0 |     242 |       69 |     10 |    72 |    +0.8% |   -1.296 |     -980.9 |       -1.3 |    770 | data_req_o
     850* |       0 |     242 |       69 |     10 |    72 |    +0.8% |   -1.296 |     -980.9 |       -1.3 |    770 | data_req_o
     850* |       0 |     242 |       69 |     10 |    72 |    +0.8% |   -1.296 |     -980.9 |       -1.3 |    770 | data_req_o
     851* |       0 |     242 |       69 |     10 |    72 |    +0.8% |   -1.296 |     -980.9 |       -1.3 |    770 | data_req_o
     852* |       0 |     242 |       69 |     10 |    72 |    +0.8% |   -1.296 |     -980.9 |       -1.3 |    770 | data_req_o
     853* |       0 |     242 |       69 |     10 |    72 |    +0.8% |   -1.296 |     -980.9 |       -1.3 |    770 | data_req_o
     854* |       0 |     242 |       69 |     10 |    72 |    +0.8% |   -1.296 |     -980.9 |       -1.3 |    770 | data_req_o
     855* |       0 |     242 |       69 |     10 |    72 |    +0.8% |   -1.296 |     -980.9 |       -1.3 |    770 | data_req_o
     856* |       0 |     242 |       69 |     10 |    72 |    +0.8% |   -1.296 |     -980.9 |       -1.3 |    770 | data_req_o
     857* |       0 |     242 |       69 |     10 |    72 |    +0.8% |   -1.296 |     -980.9 |       -1.3 |    770 | data_req_o
     858* |       0 |     242 |       69 |     10 |    72 |    +0.8% |   -1.296 |     -980.9 |       -1.3 |    770 | data_req_o
     859* |       0 |     242 |       69 |     10 |    72 |    +0.8% |   -1.296 |     -980.9 |       -1.3 |    770 | data_req_o
     860* |       0 |     242 |       69 |     10 |    72 |    +0.8% |   -1.296 |     -980.9 |       -1.3 |    770 | data_req_o
     860* |       0 |     242 |       69 |     10 |    72 |    +0.8% |   -1.296 |     -980.9 |       -1.3 |    770 | data_req_o
     861* |       0 |     242 |       69 |     10 |    72 |    +0.8% |   -1.296 |     -980.9 |       -1.3 |    770 | data_req_o
     862* |       0 |     242 |       69 |     10 |    72 |    +0.8% |   -1.296 |     -980.9 |       -1.3 |    770 | data_req_o
     863* |       0 |     242 |       69 |     10 |    72 |    +0.8% |   -1.296 |     -980.9 |       -1.3 |    770 | data_req_o
     864* |       0 |     242 |       69 |     10 |    72 |    +0.8% |   -1.296 |     -980.9 |       -1.3 |    770 | data_req_o
     865* |       0 |     242 |       69 |     10 |    72 |    +0.8% |   -1.296 |     -980.9 |       -1.3 |    770 | data_req_o
     866* |       0 |     242 |       69 |     10 |    72 |    +0.8% |   -1.296 |     -980.9 |       -1.3 |    770 | data_req_o
     867* |       0 |     242 |       69 |     10 |    72 |    +0.8% |   -1.296 |     -980.9 |       -1.3 |    770 | data_req_o
     868* |       0 |     242 |       69 |     10 |    72 |    +0.8% |   -1.296 |     -980.9 |       -1.3 |    770 | data_req_o
     869* |       0 |     242 |       69 |     10 |    72 |    +0.8% |   -1.296 |     -980.9 |       -1.3 |    770 | data_req_o
     870* |       0 |     242 |       69 |     10 |    72 |    +0.8% |   -1.296 |     -980.9 |       -1.3 |    770 | data_req_o
     870* |       0 |     242 |       69 |     10 |    72 |    +0.8% |   -1.296 |     -980.9 |       -1.3 |    770 | data_req_o
     871* |       0 |     242 |       69 |     10 |    72 |    +0.8% |   -1.296 |     -980.9 |       -1.3 |    770 | data_req_o
     872* |       0 |     242 |       69 |     10 |    72 |    +0.8% |   -1.296 |     -980.9 |       -1.3 |    770 | data_req_o
     873* |       0 |     242 |       69 |     10 |    72 |    +0.8% |   -1.296 |     -980.9 |       -1.3 |    770 | data_req_o
     874* |       0 |     242 |       69 |     10 |    72 |    +0.8% |   -1.296 |     -980.9 |       -1.3 |    770 | data_req_o
     875* |       0 |     242 |       69 |     10 |    72 |    +0.8% |   -1.296 |     -980.9 |       -1.3 |    770 | data_req_o
     876* |       0 |     242 |       69 |     10 |    72 |    +0.8% |   -1.296 |     -980.9 |       -1.3 |    770 | data_req_o
     877* |       0 |     242 |       69 |     10 |    72 |    +0.8% |   -1.296 |     -980.9 |       -1.3 |    770 | data_req_o
     878* |       0 |     242 |       69 |     10 |    72 |    +0.8% |   -1.296 |     -980.9 |       -1.3 |    770 | data_req_o
     879* |       0 |     242 |       69 |     10 |    72 |    +0.8% |   -1.296 |     -980.9 |       -1.3 |    770 | data_req_o
     880* |       0 |     242 |       69 |     10 |    72 |    +0.8% |   -1.296 |     -980.9 |       -1.3 |    770 | data_req_o
     880* |       0 |     242 |       69 |     10 |    72 |    +0.8% |   -1.296 |     -980.9 |       -1.3 |    770 | data_req_o
     881* |       0 |     242 |       69 |     10 |    72 |    +0.8% |   -1.296 |     -980.9 |       -1.3 |    770 | data_req_o
     882* |       0 |     242 |       69 |     10 |    72 |    +0.8% |   -1.296 |     -980.9 |       -1.3 |    770 | data_req_o
     883* |       0 |     242 |       69 |     10 |    72 |    +0.8% |   -1.296 |     -980.9 |       -1.3 |    770 | data_req_o
     884* |       0 |     242 |       69 |     10 |    72 |    +0.8% |   -1.296 |     -980.9 |       -1.3 |    770 | data_req_o
     885* |       0 |     242 |       69 |     10 |    72 |    +0.8% |   -1.296 |     -980.9 |       -1.3 |    770 | data_req_o
     886* |       0 |     242 |       69 |     10 |    72 |    +0.8% |   -1.296 |     -980.9 |       -1.3 |    770 | data_req_o
     887* |       0 |     242 |       69 |     10 |    72 |    +0.8% |   -1.296 |     -980.9 |       -1.3 |    770 | data_req_o
     888* |       0 |     242 |       69 |     10 |    72 |    +0.8% |   -1.296 |     -980.9 |       -1.3 |    770 | data_req_o
     889* |       0 |     242 |       69 |     10 |    72 |    +0.8% |   -1.296 |     -980.9 |       -1.3 |    770 | data_req_o
     890* |       0 |     242 |       69 |     10 |    72 |    +0.8% |   -1.296 |     -980.9 |       -1.3 |    770 | data_req_o
     890* |       0 |     242 |       69 |     10 |    72 |    +0.8% |   -1.296 |     -980.9 |       -1.3 |    770 | data_req_o
     891* |       0 |     242 |       69 |     10 |    72 |    +0.8% |   -1.296 |     -980.9 |       -1.3 |    770 | data_req_o
     892* |       0 |     242 |       69 |     10 |    72 |    +0.8% |   -1.296 |     -980.9 |       -1.3 |    770 | data_req_o
     893* |       0 |     242 |       69 |     10 |    72 |    +0.8% |   -1.296 |     -980.9 |       -1.3 |    770 | data_req_o
     894* |       0 |     242 |       69 |     10 |    72 |    +0.8% |   -1.296 |     -980.9 |       -1.3 |    770 | data_req_o
     895* |       0 |     242 |       69 |     10 |    72 |    +0.8% |   -1.296 |     -980.9 |       -1.3 |    770 | data_req_o
     896* |       0 |     242 |       69 |     10 |    72 |    +0.8% |   -1.296 |     -980.9 |       -1.3 |    770 | data_req_o
     897* |       0 |     242 |       69 |     10 |    72 |    +0.8% |   -1.296 |     -980.9 |       -1.3 |    770 | data_req_o
     898* |       0 |     242 |       69 |     10 |    72 |    +0.8% |   -1.296 |     -980.9 |       -1.3 |    770 | data_req_o
     899* |       0 |     242 |       69 |     10 |    72 |    +0.8% |   -1.296 |     -980.9 |       -1.3 |    770 | data_req_o
     900* |       0 |     242 |       69 |     10 |    72 |    +0.8% |   -1.296 |     -980.9 |       -1.3 |    770 | data_req_o
     900* |       0 |     242 |       69 |     10 |    72 |    +0.8% |   -1.296 |     -980.9 |       -1.3 |    770 | data_req_o
     901* |       0 |     242 |       69 |     10 |    72 |    +0.8% |   -1.296 |     -980.9 |       -1.3 |    770 | data_req_o
     902* |       0 |     242 |       69 |     10 |    72 |    +0.8% |   -1.296 |     -980.9 |       -1.3 |    770 | data_req_o
     903* |       0 |     242 |       69 |     10 |    72 |    +0.8% |   -1.296 |     -980.9 |       -1.3 |    770 | data_req_o
     904* |       0 |     242 |       69 |     10 |    72 |    +0.8% |   -1.296 |     -980.9 |       -1.3 |    770 | data_req_o
     905* |       0 |     242 |       69 |     10 |    72 |    +0.8% |   -1.296 |     -980.9 |       -1.3 |    770 | data_req_o
     906* |       0 |     242 |       69 |     10 |    72 |    +0.8% |   -1.296 |     -980.9 |       -1.3 |    770 | data_req_o
     907* |       0 |     242 |       69 |     10 |    72 |    +0.8% |   -1.296 |     -980.9 |       -1.3 |    770 | data_req_o
     908* |       0 |     242 |       69 |     10 |    72 |    +0.8% |   -1.296 |     -980.9 |       -1.3 |    770 | data_req_o
     909* |       0 |     242 |       69 |     10 |    72 |    +0.8% |   -1.296 |     -980.9 |       -1.3 |    770 | data_req_o
     910* |       0 |     242 |       69 |     10 |    72 |    +0.8% |   -1.296 |     -980.9 |       -1.3 |    770 | data_req_o
     910* |       0 |     242 |       69 |     10 |    72 |    +0.8% |   -1.296 |     -980.9 |       -1.3 |    770 | data_req_o
     911* |       0 |     242 |       69 |     10 |    72 |    +0.8% |   -1.296 |     -980.9 |       -1.3 |    770 | data_req_o
     912* |       0 |     242 |       69 |     10 |    72 |    +0.8% |   -1.296 |     -980.9 |       -1.3 |    770 | data_req_o
     913* |       0 |     242 |       69 |     10 |    72 |    +0.8% |   -1.296 |     -980.9 |       -1.3 |    770 | data_req_o
     914* |       0 |     242 |       69 |     10 |    72 |    +0.8% |   -1.296 |     -980.9 |       -1.3 |    770 | data_req_o
     915* |       0 |     242 |       69 |     10 |    72 |    +0.8% |   -1.296 |     -980.9 |       -1.3 |    770 | data_req_o
     916* |       0 |     242 |       69 |     10 |    72 |    +0.8% |   -1.296 |     -980.9 |       -1.3 |    770 | data_req_o
     917* |       0 |     242 |       69 |     10 |    72 |    +0.8% |   -1.296 |     -980.9 |       -1.3 |    770 | data_req_o
     918* |       0 |     242 |       69 |     10 |    72 |    +0.8% |   -1.296 |     -980.9 |       -1.3 |    770 | data_req_o
     919* |       0 |     242 |       69 |     10 |    72 |    +0.8% |   -1.296 |     -980.9 |       -1.3 |    770 | data_req_o
     920* |       0 |     242 |       69 |     10 |    72 |    +0.8% |   -1.296 |     -980.9 |       -1.3 |    770 | data_req_o
     920* |       0 |     242 |       69 |     10 |    72 |    +0.8% |   -1.296 |     -980.9 |       -1.3 |    770 | data_req_o
     921* |       0 |     242 |       69 |     10 |    72 |    +0.8% |   -1.296 |     -980.9 |       -1.3 |    770 | data_req_o
     922* |       0 |     242 |       69 |     10 |    72 |    +0.8% |   -1.296 |     -980.9 |       -1.3 |    770 | data_req_o
     923* |       0 |     242 |       69 |     10 |    72 |    +0.8% |   -1.296 |     -980.9 |       -1.3 |    770 | data_req_o
     924* |       0 |     242 |       69 |     10 |    72 |    +0.8% |   -1.296 |     -980.9 |       -1.3 |    770 | data_req_o
     925* |       0 |     242 |       69 |     10 |    72 |    +0.8% |   -1.296 |     -980.9 |       -1.3 |    770 | data_req_o
     926* |       0 |     242 |       69 |     10 |    72 |    +0.8% |   -1.296 |     -980.9 |       -1.3 |    770 | data_req_o
     927* |       0 |     242 |       69 |     10 |    72 |    +0.8% |   -1.296 |     -980.9 |       -1.3 |    770 | data_req_o
     928* |       0 |     242 |       69 |     10 |    72 |    +0.8% |   -1.296 |     -980.9 |       -1.3 |    770 | data_req_o
     929* |       0 |     242 |       69 |     10 |    72 |    +0.8% |   -1.296 |     -980.9 |       -1.3 |    770 | data_req_o
     930* |       0 |     242 |       69 |     10 |    72 |    +0.8% |   -1.296 |     -980.9 |       -1.3 |    770 | data_req_o
     930* |       0 |     242 |       69 |     10 |    72 |    +0.8% |   -1.296 |     -980.9 |       -1.3 |    770 | data_req_o
     931* |       0 |     242 |       69 |     10 |    72 |    +0.8% |   -1.296 |     -980.9 |       -1.3 |    770 | data_req_o
     932* |       0 |     242 |       69 |     10 |    72 |    +0.8% |   -1.296 |     -980.9 |       -1.3 |    770 | data_req_o
     933* |       0 |     242 |       69 |     10 |    72 |    +0.8% |   -1.296 |     -980.9 |       -1.3 |    770 | data_req_o
     934* |       0 |     242 |       69 |     10 |    72 |    +0.8% |   -1.296 |     -980.9 |       -1.3 |    770 | data_req_o
     935* |       0 |     242 |       69 |     10 |    72 |    +0.8% |   -1.296 |     -980.9 |       -1.3 |    770 | data_req_o
     936* |       0 |     242 |       69 |     10 |    72 |    +0.8% |   -1.296 |     -980.9 |       -1.3 |    770 | data_req_o
     937* |       0 |     242 |       69 |     10 |    72 |    +0.8% |   -1.296 |     -980.9 |       -1.3 |    770 | data_req_o
     938* |       0 |     242 |       69 |     10 |    72 |    +0.8% |   -1.296 |     -980.9 |       -1.3 |    770 | data_req_o
     939* |       0 |     242 |       69 |     10 |    72 |    +0.8% |   -1.296 |     -980.9 |       -1.3 |    770 | data_req_o
     940* |       0 |     242 |       69 |     10 |    72 |    +0.8% |   -1.296 |     -980.9 |       -1.3 |    770 | data_req_o
     940* |       0 |     242 |       69 |     10 |    72 |    +0.8% |   -1.296 |     -980.9 |       -1.3 |    770 | data_req_o
     941* |       0 |     242 |       69 |     10 |    72 |    +0.8% |   -1.296 |     -980.9 |       -1.3 |    770 | data_req_o
     942* |       0 |     242 |       69 |     10 |    72 |    +0.8% |   -1.296 |     -980.9 |       -1.3 |    770 | data_req_o
     943* |       0 |     242 |       69 |     10 |    72 |    +0.8% |   -1.296 |     -980.9 |       -1.3 |    770 | data_req_o
     944* |       0 |     242 |       69 |     10 |    72 |    +0.8% |   -1.296 |     -980.9 |       -1.3 |    770 | data_req_o
     945* |       0 |     242 |       69 |     10 |    72 |    +0.8% |   -1.296 |     -980.9 |       -1.3 |    770 | data_req_o
     946* |       0 |     242 |       69 |     10 |    72 |    +0.8% |   -1.296 |     -980.9 |       -1.3 |    770 | data_req_o
     947* |       0 |     242 |       69 |     10 |    72 |    +0.8% |   -1.296 |     -980.9 |       -1.3 |    770 | data_req_o
     948* |       0 |     242 |       69 |     10 |    72 |    +0.8% |   -1.296 |     -980.9 |       -1.3 |    770 | data_req_o
     949* |       0 |     242 |       69 |     10 |    72 |    +0.8% |   -1.296 |     -980.9 |       -1.3 |    770 | data_req_o
     950* |       0 |     242 |       69 |     10 |    72 |    +0.8% |   -1.296 |     -980.9 |       -1.3 |    770 | data_req_o
     950* |       0 |     242 |       69 |     10 |    72 |    +0.8% |   -1.296 |     -980.9 |       -1.3 |    770 | data_req_o
     951* |       0 |     242 |       69 |     10 |    72 |    +0.8% |   -1.296 |     -980.9 |       -1.3 |    770 | data_req_o
     952* |       0 |     242 |       69 |     10 |    72 |    +0.8% |   -1.296 |     -980.9 |       -1.3 |    770 | data_req_o
     953* |       0 |     242 |       69 |     10 |    72 |    +0.8% |   -1.296 |     -980.9 |       -1.3 |    770 | data_req_o
     954* |       0 |     242 |       69 |     10 |    72 |    +0.8% |   -1.296 |     -980.9 |       -1.3 |    770 | data_req_o
     955* |       0 |     242 |       69 |     10 |    72 |    +0.8% |   -1.296 |     -980.9 |       -1.3 |    770 | data_req_o
     956* |       0 |     242 |       69 |     10 |    72 |    +0.8% |   -1.296 |     -980.9 |       -1.3 |    770 | data_req_o
     957* |       0 |     242 |       69 |     10 |    72 |    +0.8% |   -1.296 |     -980.9 |       -1.3 |    770 | data_req_o
     958* |       0 |     242 |       69 |     10 |    72 |    +0.8% |   -1.296 |     -980.9 |       -1.3 |    770 | data_req_o
     959* |       0 |     242 |       69 |     10 |    72 |    +0.8% |   -1.296 |     -980.9 |       -1.3 |    770 | data_req_o
     960* |       0 |     242 |       69 |     10 |    72 |    +0.8% |   -1.296 |     -980.9 |       -1.3 |    770 | data_req_o
     960* |       0 |     242 |       69 |     10 |    72 |    +0.8% |   -1.296 |     -980.9 |       -1.3 |    770 | data_req_o
     961* |       0 |     242 |       69 |     10 |    72 |    +0.8% |   -1.296 |     -980.9 |       -1.3 |    770 | data_req_o
     962* |       0 |     242 |       69 |     10 |    72 |    +0.8% |   -1.296 |     -980.9 |       -1.3 |    770 | data_req_o
     963* |       0 |     242 |       69 |     10 |    72 |    +0.8% |   -1.296 |     -980.9 |       -1.3 |    770 | data_req_o
     964* |       0 |     242 |       69 |     10 |    72 |    +0.8% |   -1.296 |     -980.9 |       -1.3 |    770 | data_req_o
     965* |       0 |     242 |       69 |     10 |    72 |    +0.8% |   -1.296 |     -980.9 |       -1.3 |    770 | data_req_o
     966* |       0 |     242 |       69 |     10 |    72 |    +0.8% |   -1.296 |     -980.9 |       -1.3 |    770 | data_req_o
     967* |       0 |     242 |       69 |     10 |    72 |    +0.8% |   -1.296 |     -980.9 |       -1.3 |    770 | data_req_o
     968* |       0 |     242 |       69 |     10 |    72 |    +0.8% |   -1.296 |     -980.9 |       -1.3 |    770 | data_req_o
     969* |       0 |     242 |       69 |     10 |    72 |    +0.8% |   -1.296 |     -980.9 |       -1.3 |    770 | data_req_o
     970* |       0 |     242 |       69 |     10 |    72 |    +0.8% |   -1.296 |     -980.9 |       -1.3 |    770 | data_req_o
     970* |       0 |     242 |       69 |     10 |    72 |    +0.8% |   -1.296 |     -980.9 |       -1.3 |    770 | data_req_o
     971* |       0 |     242 |       69 |     10 |    72 |    +0.8% |   -1.296 |     -980.9 |       -1.3 |    770 | data_req_o
     972* |       0 |     242 |       69 |     10 |    72 |    +0.8% |   -1.296 |     -980.9 |       -1.3 |    770 | data_req_o
     973* |       0 |     242 |       69 |     10 |    72 |    +0.8% |   -1.296 |     -980.9 |       -1.3 |    770 | data_req_o
     974* |       0 |     242 |       69 |     10 |    72 |    +0.8% |   -1.296 |     -980.9 |       -1.3 |    770 | data_req_o
     975* |       0 |     242 |       69 |     10 |    72 |    +0.8% |   -1.296 |     -980.9 |       -1.3 |    770 | data_req_o
     976* |       0 |     242 |       69 |     10 |    72 |    +0.8% |   -1.296 |     -980.9 |       -1.3 |    770 | data_req_o
     977* |       0 |     242 |       69 |     10 |    72 |    +0.8% |   -1.296 |     -980.9 |       -1.3 |    770 | data_req_o
     978* |       0 |     242 |       69 |     10 |    72 |    +0.8% |   -1.296 |     -980.9 |       -1.3 |    770 | data_req_o
     979* |       0 |     242 |       69 |     10 |    72 |    +0.8% |   -1.296 |     -980.9 |       -1.3 |    770 | data_req_o
     980* |       0 |     242 |       69 |     10 |    72 |    +0.8% |   -1.296 |     -980.9 |       -1.3 |    770 | data_req_o
     980* |       0 |     242 |       69 |     10 |    72 |    +0.8% |   -1.296 |     -980.9 |       -1.3 |    770 | data_req_o
     981* |       0 |     242 |       69 |     10 |    72 |    +0.8% |   -1.296 |     -980.9 |       -1.3 |    770 | data_req_o
     982* |       0 |     242 |       69 |     10 |    72 |    +0.8% |   -1.296 |     -980.9 |       -1.3 |    770 | data_req_o
     983* |       0 |     242 |       69 |     10 |    72 |    +0.8% |   -1.296 |     -980.9 |       -1.3 |    770 | data_req_o
     984* |       0 |     242 |       69 |     10 |    72 |    +0.8% |   -1.296 |     -980.9 |       -1.3 |    770 | data_req_o
     985* |       0 |     242 |       69 |     10 |    72 |    +0.8% |   -1.296 |     -980.9 |       -1.3 |    770 | data_req_o
     986* |       0 |     242 |       69 |     10 |    72 |    +0.8% |   -1.296 |     -980.9 |       -1.3 |    770 | data_req_o
     987* |       0 |     242 |       69 |     10 |    72 |    +0.8% |   -1.296 |     -980.9 |       -1.3 |    770 | data_req_o
     988* |       0 |     242 |       69 |     10 |    72 |    +0.8% |   -1.296 |     -980.9 |       -1.3 |    770 | data_req_o
     989* |       0 |     242 |       69 |     10 |    72 |    +0.8% |   -1.296 |     -980.9 |       -1.3 |    770 | data_req_o
     990* |       0 |     242 |       69 |     10 |    72 |    +0.8% |   -1.296 |     -980.9 |       -1.3 |    770 | data_req_o
     990* |       0 |     242 |       69 |     10 |    72 |    +0.8% |   -1.296 |     -980.9 |       -1.3 |    770 | data_req_o
     991* |       0 |     242 |       69 |     10 |    72 |    +0.8% |   -1.296 |     -980.9 |       -1.3 |    770 | data_req_o
     992* |       0 |     242 |       69 |     10 |    72 |    +0.8% |   -1.296 |     -980.9 |       -1.3 |    770 | data_req_o
     993* |       0 |     242 |       69 |     10 |    72 |    +0.8% |   -1.296 |     -980.9 |       -1.3 |    770 | data_req_o
     994* |       0 |     242 |       69 |     10 |    72 |    +0.8% |   -1.296 |     -980.9 |       -1.3 |    770 | data_req_o
     995* |       0 |     242 |       69 |     10 |    72 |    +0.8% |   -1.296 |     -980.9 |       -1.3 |    770 | data_req_o
     996* |       0 |     242 |       69 |     10 |    72 |    +0.8% |   -1.296 |     -980.9 |       -1.3 |    770 | data_req_o
     997* |       0 |     242 |       69 |     10 |    72 |    +0.8% |   -1.296 |     -980.9 |       -1.3 |    770 | data_req_o
     998* |       0 |     242 |       69 |     10 |    72 |    +0.8% |   -1.296 |     -980.9 |       -1.3 |    770 | data_req_o
     999* |       0 |     242 |       69 |     10 |    72 |    +0.8% |   -1.296 |     -980.9 |       -1.3 |    770 | data_req_o
    1000* |       0 |     242 |       69 |     10 |    72 |    +0.8% |   -1.296 |     -980.9 |       -1.3 |    770 | data_req_o
    1000* |       0 |     242 |       69 |     10 |    72 |    +0.8% |   -1.296 |     -980.9 |       -1.3 |    770 | data_req_o
    1001* |       0 |     242 |       69 |     10 |    72 |    +0.8% |   -1.296 |     -980.9 |       -1.3 |    770 | data_req_o
    1002* |       0 |     242 |       69 |     10 |    72 |    +0.8% |   -1.296 |     -980.9 |       -1.3 |    770 | data_req_o
    1003* |       0 |     242 |       69 |     10 |    72 |    +0.8% |   -1.296 |     -980.9 |       -1.3 |    770 | data_req_o
    1004* |       0 |     242 |       69 |     10 |    72 |    +0.8% |   -1.296 |     -980.9 |       -1.3 |    770 | data_req_o
    1005* |       0 |     242 |       69 |     10 |    72 |    +0.8% |   -1.296 |     -980.9 |       -1.3 |    770 | data_req_o
    1006* |       0 |     242 |       69 |     10 |    72 |    +0.8% |   -1.296 |     -980.9 |       -1.3 |    770 | data_req_o
    1007* |       0 |     242 |       69 |     10 |    72 |    +0.8% |   -1.296 |     -980.9 |       -1.3 |    770 | data_req_o
    1008* |       0 |     242 |       69 |     10 |    72 |    +0.8% |   -1.296 |     -980.9 |       -1.3 |    770 | data_req_o
    1009* |       0 |     242 |       69 |     10 |    72 |    +0.8% |   -1.296 |     -980.9 |       -1.3 |    770 | data_req_o
    1010* |       0 |     242 |       69 |     10 |    72 |    +0.8% |   -1.296 |     -980.9 |       -1.3 |    770 | data_req_o
    1010* |       0 |     242 |       69 |     10 |    72 |    +0.8% |   -1.296 |     -980.9 |       -1.3 |    770 | data_req_o
    1011* |       0 |     242 |       69 |     10 |    72 |    +0.8% |   -1.296 |     -980.9 |       -1.3 |    770 | data_req_o
    1012* |       0 |     242 |       69 |     10 |    72 |    +0.8% |   -1.296 |     -980.9 |       -1.3 |    770 | data_req_o
    1013* |       0 |     242 |       69 |     10 |    72 |    +0.8% |   -1.296 |     -980.9 |       -1.3 |    770 | data_req_o
    1014* |       0 |     242 |       69 |     10 |    72 |    +0.8% |   -1.296 |     -980.9 |       -1.3 |    770 | data_req_o
    1015* |       0 |     242 |       69 |     10 |    72 |    +0.8% |   -1.296 |     -980.9 |       -1.3 |    770 | data_req_o
    1016* |       0 |     242 |       69 |     10 |    72 |    +0.8% |   -1.296 |     -980.9 |       -1.3 |    770 | data_req_o
    1017* |       0 |     242 |       69 |     10 |    72 |    +0.8% |   -1.296 |     -980.9 |       -1.3 |    770 | data_req_o
    1018* |       0 |     242 |       69 |     10 |    72 |    +0.8% |   -1.296 |     -980.9 |       -1.3 |    770 | data_req_o
    1019* |       0 |     242 |       69 |     10 |    72 |    +0.8% |   -1.296 |     -980.9 |       -1.3 |    770 | data_req_o
    1020* |       0 |     242 |       69 |     10 |    72 |    +0.8% |   -1.296 |     -980.9 |       -1.3 |    770 | data_req_o
    1020* |       0 |     242 |       69 |     10 |    72 |    +0.8% |   -1.296 |     -980.9 |       -1.3 |    770 | data_req_o
    1021* |       0 |     242 |       69 |     10 |    72 |    +0.8% |   -1.296 |     -980.9 |       -1.3 |    770 | data_req_o
    1022* |       0 |     242 |       69 |     10 |    72 |    +0.8% |   -1.296 |     -980.9 |       -1.3 |    770 | data_req_o
    1023* |       0 |     242 |       69 |     10 |    72 |    +0.8% |   -1.296 |     -980.9 |       -1.3 |    770 | data_req_o
    1024* |       0 |     242 |       69 |     10 |    72 |    +0.8% |   -1.296 |     -980.9 |       -1.3 |    770 | data_req_o
    1025* |       0 |     242 |       69 |     10 |    72 |    +0.8% |   -1.296 |     -980.9 |       -1.3 |    770 | data_req_o
    1026* |       0 |     242 |       69 |     10 |    72 |    +0.8% |   -1.296 |     -980.9 |       -1.3 |    770 | data_req_o
    1027* |       0 |     242 |       69 |     10 |    72 |    +0.8% |   -1.296 |     -980.9 |       -1.3 |    770 | data_req_o
    1028* |       0 |     242 |       69 |     10 |    72 |    +0.8% |   -1.296 |     -980.9 |       -1.3 |    770 | data_req_o
    1029* |       0 |     242 |       69 |     10 |    72 |    +0.8% |   -1.296 |     -980.9 |       -1.3 |    770 | data_req_o
    1030* |       0 |     242 |       69 |     10 |    72 |    +0.8% |   -1.296 |     -980.9 |       -1.3 |    770 | data_req_o
    1030* |       0 |     242 |       69 |     10 |    72 |    +0.8% |   -1.296 |     -980.9 |       -1.3 |    770 | data_req_o
    1031* |       0 |     242 |       69 |     10 |    72 |    +0.8% |   -1.296 |     -980.9 |       -1.3 |    770 | data_req_o
    1032* |       0 |     242 |       69 |     10 |    72 |    +0.8% |   -1.296 |     -980.9 |       -1.3 |    770 | data_req_o
    1033* |       0 |     242 |       69 |     10 |    72 |    +0.8% |   -1.296 |     -980.9 |       -1.3 |    770 | data_req_o
    1034* |       0 |     242 |       69 |     10 |    72 |    +0.8% |   -1.296 |     -980.9 |       -1.3 |    770 | data_req_o
    1035* |       0 |     242 |       69 |     10 |    72 |    +0.8% |   -1.296 |     -980.9 |       -1.3 |    770 | data_req_o
    1036* |       0 |     242 |       69 |     10 |    72 |    +0.8% |   -1.296 |     -980.9 |       -1.3 |    770 | data_req_o
    1037* |       0 |     242 |       69 |     10 |    72 |    +0.8% |   -1.296 |     -980.9 |       -1.3 |    770 | data_req_o
    1038* |       0 |     242 |       69 |     10 |    72 |    +0.8% |   -1.296 |     -980.9 |       -1.3 |    770 | data_req_o
    1039* |       0 |     242 |       69 |     10 |    72 |    +0.8% |   -1.296 |     -980.9 |       -1.3 |    770 | data_req_o
    1040* |       0 |     242 |       69 |     10 |    72 |    +0.8% |   -1.296 |     -980.9 |       -1.3 |    770 | data_req_o
    1040* |       0 |     242 |       69 |     10 |    72 |    +0.8% |   -1.296 |     -980.9 |       -1.3 |    770 | data_req_o
    1041* |       0 |     242 |       69 |     10 |    72 |    +0.8% |   -1.296 |     -980.9 |       -1.3 |    770 | data_req_o
    1042* |       0 |     242 |       69 |     10 |    72 |    +0.8% |   -1.296 |     -980.9 |       -1.3 |    770 | data_req_o
    1043* |       0 |     242 |       69 |     10 |    72 |    +0.8% |   -1.296 |     -980.9 |       -1.3 |    770 | data_req_o
    1044* |       0 |     242 |       69 |     10 |    72 |    +0.8% |   -1.296 |     -980.9 |       -1.3 |    770 | data_req_o
    1045* |       0 |     242 |       69 |     10 |    72 |    +0.8% |   -1.296 |     -980.9 |       -1.3 |    770 | data_req_o
    1046* |       0 |     242 |       69 |     10 |    72 |    +0.8% |   -1.296 |     -980.9 |       -1.3 |    770 | data_req_o
    1047* |       0 |     242 |       69 |     10 |    72 |    +0.8% |   -1.296 |     -980.9 |       -1.3 |    770 | data_req_o
    1048* |       0 |     242 |       69 |     10 |    72 |    +0.8% |   -1.296 |     -980.9 |       -1.3 |    770 | data_req_o
    1049* |       0 |     242 |       69 |     10 |    72 |    +0.8% |   -1.296 |     -980.9 |       -1.3 |    770 | data_req_o
    1050* |       0 |     242 |       69 |     10 |    72 |    +0.8% |   -1.296 |     -980.9 |       -1.3 |    770 | data_req_o
    1050* |       0 |     242 |       69 |     10 |    72 |    +0.8% |   -1.296 |     -980.9 |       -1.3 |    770 | data_req_o
    1051* |       0 |     242 |       69 |     10 |    72 |    +0.8% |   -1.296 |     -980.9 |       -1.3 |    770 | data_req_o
    1052* |       0 |     242 |       69 |     10 |    72 |    +0.8% |   -1.296 |     -980.9 |       -1.3 |    770 | data_req_o
    1053* |       0 |     242 |       69 |     10 |    72 |    +0.8% |   -1.296 |     -980.9 |       -1.3 |    770 | data_req_o
    1054* |       0 |     242 |       69 |     10 |    72 |    +0.8% |   -1.296 |     -980.9 |       -1.3 |    770 | data_req_o
    1055* |       0 |     242 |       69 |     10 |    72 |    +0.8% |   -1.296 |     -980.9 |       -1.3 |    770 | data_req_o
    1056* |       0 |     242 |       69 |     10 |    72 |    +0.8% |   -1.296 |     -980.9 |       -1.3 |    770 | data_req_o
    1057* |       0 |     242 |       69 |     10 |    72 |    +0.8% |   -1.296 |     -980.9 |       -1.3 |    770 | data_req_o
    1058* |       0 |     242 |       69 |     10 |    72 |    +0.8% |   -1.296 |     -980.9 |       -1.3 |    770 | data_req_o
    1059* |       0 |     242 |       69 |     10 |    72 |    +0.8% |   -1.296 |     -980.9 |       -1.3 |    770 | data_req_o
    1060* |       0 |     242 |       69 |     10 |    72 |    +0.8% |   -1.296 |     -980.9 |       -1.3 |    770 | data_req_o
    1060* |       0 |     242 |       69 |     10 |    72 |    +0.8% |   -1.296 |     -980.9 |       -1.3 |    770 | data_req_o
    1061* |       0 |     242 |       69 |     10 |    72 |    +0.8% |   -1.296 |     -980.9 |       -1.3 |    770 | data_req_o
    1062* |       0 |     242 |       69 |     10 |    72 |    +0.8% |   -1.296 |     -980.9 |       -1.3 |    770 | data_req_o
    1063* |       0 |     242 |       69 |     10 |    72 |    +0.8% |   -1.296 |     -980.9 |       -1.3 |    770 | data_req_o
    1064* |       0 |     242 |       69 |     10 |    72 |    +0.8% |   -1.296 |     -980.9 |       -1.3 |    770 | data_req_o
    1065* |       0 |     242 |       69 |     10 |    72 |    +0.8% |   -1.296 |     -980.9 |       -1.3 |    770 | data_req_o
    1066* |       0 |     242 |       69 |     10 |    72 |    +0.8% |   -1.296 |     -980.9 |       -1.3 |    770 | data_req_o
    1067* |       0 |     242 |       69 |     10 |    72 |    +0.8% |   -1.296 |     -980.9 |       -1.3 |    770 | data_req_o
    1068* |       0 |     242 |       69 |     10 |    72 |    +0.8% |   -1.296 |     -980.9 |       -1.3 |    770 | data_req_o
    1069* |       0 |     242 |       69 |     10 |    72 |    +0.8% |   -1.296 |     -980.9 |       -1.3 |    770 | data_req_o
    1070* |       0 |     242 |       69 |     10 |    72 |    +0.8% |   -1.296 |     -980.9 |       -1.3 |    770 | data_req_o
    1070* |       0 |     242 |       69 |     10 |    72 |    +0.8% |   -1.296 |     -980.9 |       -1.3 |    770 | data_req_o
    1071* |       0 |     242 |       69 |     10 |    72 |    +0.8% |   -1.296 |     -980.9 |       -1.3 |    770 | data_req_o
    1072* |       0 |     242 |       69 |     10 |    72 |    +0.8% |   -1.296 |     -980.9 |       -1.3 |    770 | data_req_o
    1073* |       0 |     242 |       69 |     10 |    72 |    +0.8% |   -1.296 |     -980.9 |       -1.3 |    770 | data_req_o
    1074* |       0 |     242 |       69 |     10 |    72 |    +0.8% |   -1.296 |     -980.9 |       -1.3 |    770 | data_req_o
    1075* |       0 |     242 |       69 |     10 |    72 |    +0.8% |   -1.296 |     -980.9 |       -1.3 |    770 | data_req_o
    1076* |       0 |     242 |       69 |     10 |    72 |    +0.8% |   -1.296 |     -980.9 |       -1.3 |    770 | data_req_o
    1077* |       0 |     242 |       69 |     10 |    72 |    +0.8% |   -1.296 |     -980.9 |       -1.3 |    770 | data_req_o
    1078* |       0 |     242 |       69 |     10 |    72 |    +0.8% |   -1.296 |     -980.9 |       -1.3 |    770 | data_req_o
    1079* |       0 |     242 |       69 |     10 |    72 |    +0.8% |   -1.296 |     -980.9 |       -1.3 |    770 | data_req_o
    1080* |       0 |     242 |       69 |     10 |    72 |    +0.8% |   -1.296 |     -980.9 |       -1.3 |    770 | data_req_o
    1080* |       0 |     242 |       69 |     10 |    72 |    +0.8% |   -1.296 |     -980.9 |       -1.3 |    770 | data_req_o
    1081* |       0 |     242 |       69 |     10 |    72 |    +0.8% |   -1.296 |     -980.9 |       -1.3 |    770 | data_req_o
    1082* |       0 |     242 |       69 |     10 |    72 |    +0.8% |   -1.296 |     -980.9 |       -1.3 |    770 | data_req_o
    1083* |       0 |     242 |       69 |     10 |    72 |    +0.8% |   -1.296 |     -980.9 |       -1.3 |    770 | data_req_o
    1084* |       0 |     242 |       69 |     10 |    72 |    +0.8% |   -1.296 |     -980.9 |       -1.3 |    770 | data_req_o
    1085* |       0 |     242 |       69 |     10 |    72 |    +0.8% |   -1.296 |     -980.9 |       -1.3 |    770 | data_req_o
    1086* |       0 |     242 |       69 |     10 |    72 |    +0.8% |   -1.296 |     -980.9 |       -1.3 |    770 | data_req_o
    1087* |       0 |     242 |       69 |     10 |    72 |    +0.8% |   -1.296 |     -980.9 |       -1.3 |    770 | data_req_o
    1088* |       0 |     242 |       69 |     10 |    72 |    +0.8% |   -1.296 |     -980.9 |       -1.3 |    770 | data_req_o
    1089* |       0 |     242 |       69 |     10 |    72 |    +0.8% |   -1.296 |     -980.9 |       -1.3 |    770 | data_req_o
    1090* |       0 |     242 |       69 |     10 |    72 |    +0.8% |   -1.296 |     -980.9 |       -1.3 |    770 | data_req_o
    1090* |       0 |     242 |       69 |     10 |    72 |    +0.8% |   -1.296 |     -980.9 |       -1.3 |    770 | data_req_o
    1091* |       0 |     242 |       69 |     10 |    72 |    +0.8% |   -1.296 |     -980.9 |       -1.3 |    770 | data_req_o
    1092* |       0 |     242 |       69 |     10 |    72 |    +0.8% |   -1.296 |     -980.9 |       -1.3 |    770 | data_req_o
    1093* |       0 |     242 |       69 |     10 |    72 |    +0.8% |   -1.296 |     -980.9 |       -1.3 |    770 | data_req_o
    1094* |       0 |     242 |       69 |     10 |    72 |    +0.8% |   -1.296 |     -980.9 |       -1.3 |    770 | data_req_o
    1095* |       0 |     242 |       69 |     10 |    72 |    +0.8% |   -1.296 |     -980.9 |       -1.3 |    770 | data_req_o
    1096* |       0 |     242 |       69 |     10 |    72 |    +0.8% |   -1.296 |     -980.9 |       -1.3 |    770 | data_req_o
    1097* |       0 |     242 |       69 |     10 |    72 |    +0.8% |   -1.296 |     -980.9 |       -1.3 |    770 | data_req_o
    1098* |       0 |     242 |       69 |     10 |    72 |    +0.8% |   -1.296 |     -980.9 |       -1.3 |    770 | data_req_o
    1099* |       0 |     242 |       69 |     10 |    72 |    +0.8% |   -1.296 |     -980.9 |       -1.3 |    770 | data_req_o
    1100* |       0 |     242 |       69 |     10 |    72 |    +0.8% |   -1.296 |     -980.9 |       -1.3 |    770 | data_req_o
    1100* |       0 |     242 |       69 |     10 |    72 |    +0.8% |   -1.296 |     -980.9 |       -1.3 |    770 | data_req_o
    1101* |       0 |     242 |       69 |     10 |    72 |    +0.8% |   -1.296 |     -980.9 |       -1.3 |    770 | data_req_o
    1102* |       0 |     242 |       69 |     10 |    72 |    +0.8% |   -1.296 |     -980.9 |       -1.3 |    770 | data_req_o
    1103* |       0 |     242 |       69 |     10 |    72 |    +0.8% |   -1.296 |     -980.9 |       -1.3 |    770 | data_req_o
    1104* |       0 |     242 |       69 |     10 |    72 |    +0.8% |   -1.296 |     -980.9 |       -1.3 |    770 | data_req_o
    1105* |       0 |     242 |       69 |     10 |    72 |    +0.8% |   -1.296 |     -980.9 |       -1.3 |    770 | data_req_o
    1106* |       0 |     242 |       69 |     10 |    72 |    +0.8% |   -1.296 |     -980.9 |       -1.3 |    770 | data_req_o
    1107* |       0 |     242 |       69 |     10 |    72 |    +0.8% |   -1.296 |     -980.9 |       -1.3 |    770 | data_req_o
    1108* |       0 |     242 |       69 |     10 |    72 |    +0.8% |   -1.296 |     -980.9 |       -1.3 |    770 | data_req_o
    1109* |       0 |     242 |       69 |     10 |    72 |    +0.8% |   -1.296 |     -980.9 |       -1.3 |    770 | data_req_o
    1110* |       0 |     242 |       69 |     10 |    72 |    +0.8% |   -1.296 |     -980.9 |       -1.3 |    770 | data_req_o
    1110* |       0 |     242 |       69 |     10 |    72 |    +0.8% |   -1.296 |     -980.9 |       -1.3 |    770 | data_req_o
    1111* |       0 |     242 |       69 |     10 |    72 |    +0.8% |   -1.296 |     -980.9 |       -1.3 |    770 | data_req_o
    1112* |       0 |     242 |       69 |     10 |    72 |    +0.8% |   -1.296 |     -980.9 |       -1.3 |    770 | data_req_o
    1113* |       0 |     242 |       69 |     10 |    72 |    +0.8% |   -1.296 |     -980.9 |       -1.3 |    770 | data_req_o
    1114* |       0 |     242 |       69 |     10 |    72 |    +0.8% |   -1.296 |     -980.9 |       -1.3 |    770 | data_req_o
    1115* |       0 |     242 |       69 |     10 |    72 |    +0.8% |   -1.296 |     -980.9 |       -1.3 |    770 | data_req_o
    1116* |       0 |     242 |       69 |     10 |    72 |    +0.8% |   -1.296 |     -980.9 |       -1.3 |    770 | data_req_o
    1117* |       0 |     242 |       69 |     10 |    72 |    +0.8% |   -1.296 |     -980.9 |       -1.3 |    770 | data_req_o
    1118* |       0 |     242 |       69 |     10 |    72 |    +0.8% |   -1.296 |     -980.9 |       -1.3 |    770 | data_req_o
    1119* |       0 |     242 |       69 |     10 |    72 |    +0.8% |   -1.296 |     -980.9 |       -1.3 |    770 | data_req_o
    1120* |       0 |     242 |       69 |     10 |    72 |    +0.8% |   -1.296 |     -980.9 |       -1.3 |    770 | data_req_o
    1120* |       0 |     242 |       69 |     10 |    72 |    +0.8% |   -1.296 |     -980.9 |       -1.3 |    770 | data_req_o
    1121* |       0 |     242 |       69 |     10 |    72 |    +0.8% |   -1.296 |     -980.9 |       -1.3 |    770 | data_req_o
    1122* |       0 |     242 |       69 |     10 |    72 |    +0.8% |   -1.296 |     -980.9 |       -1.3 |    770 | data_req_o
    1123* |       0 |     242 |       69 |     10 |    72 |    +0.8% |   -1.296 |     -980.9 |       -1.3 |    770 | data_req_o
    1124* |       0 |     242 |       69 |     10 |    72 |    +0.8% |   -1.296 |     -980.9 |       -1.3 |    770 | data_req_o
    1125* |       0 |     242 |       69 |     10 |    72 |    +0.8% |   -1.296 |     -980.9 |       -1.3 |    770 | data_req_o
    1126* |       0 |     242 |       69 |     10 |    72 |    +0.8% |   -1.296 |     -980.9 |       -1.3 |    770 | data_req_o
    1127* |       0 |     242 |       69 |     10 |    72 |    +0.8% |   -1.296 |     -980.9 |       -1.3 |    770 | data_req_o
    1128* |       0 |     242 |       69 |     10 |    72 |    +0.8% |   -1.296 |     -980.9 |       -1.3 |    770 | data_req_o
    1129* |       0 |     242 |       69 |     10 |    72 |    +0.8% |   -1.296 |     -980.9 |       -1.3 |    770 | data_req_o
    1130* |       0 |     242 |       69 |     10 |    72 |    +0.8% |   -1.296 |     -980.9 |       -1.3 |    770 | data_req_o
    1130* |       0 |     242 |       69 |     10 |    72 |    +0.8% |   -1.296 |     -980.9 |       -1.3 |    770 | data_req_o
    1131* |       0 |     242 |       69 |     10 |    72 |    +0.8% |   -1.296 |     -980.9 |       -1.3 |    770 | data_req_o
    1132* |       0 |     242 |       69 |     10 |    72 |    +0.8% |   -1.296 |     -980.9 |       -1.3 |    770 | data_req_o
    1133* |       0 |     242 |       69 |     10 |    72 |    +0.8% |   -1.296 |     -980.9 |       -1.3 |    770 | data_req_o
    1134* |       0 |     242 |       69 |     10 |    72 |    +0.8% |   -1.296 |     -980.9 |       -1.3 |    770 | data_req_o
    1135* |       0 |     242 |       69 |     10 |    72 |    +0.8% |   -1.296 |     -980.9 |       -1.3 |    770 | data_req_o
    1136* |       0 |     242 |       69 |     10 |    72 |    +0.8% |   -1.296 |     -980.9 |       -1.3 |    770 | data_req_o
    1137* |       0 |     242 |       69 |     10 |    72 |    +0.8% |   -1.296 |     -980.9 |       -1.3 |    770 | data_req_o
    1138* |       0 |     242 |       69 |     10 |    72 |    +0.8% |   -1.296 |     -980.9 |       -1.3 |    770 | data_req_o
    1139* |       0 |     242 |       69 |     10 |    72 |    +0.8% |   -1.296 |     -980.9 |       -1.3 |    770 | data_req_o
    1140* |       0 |     242 |       69 |     10 |    72 |    +0.8% |   -1.296 |     -980.9 |       -1.3 |    770 | data_req_o
    1140* |       0 |     242 |       69 |     10 |    72 |    +0.8% |   -1.296 |     -980.9 |       -1.3 |    770 | data_req_o
    1141* |       0 |     242 |       69 |     10 |    72 |    +0.8% |   -1.296 |     -980.9 |       -1.3 |    770 | data_req_o
    1142* |       0 |     242 |       69 |     10 |    72 |    +0.8% |   -1.296 |     -980.9 |       -1.3 |    770 | data_req_o
    1143* |       0 |     242 |       69 |     10 |    72 |    +0.8% |   -1.296 |     -980.9 |       -1.3 |    770 | data_req_o
    1144* |       0 |     242 |       69 |     10 |    72 |    +0.8% |   -1.296 |     -980.9 |       -1.3 |    770 | data_req_o
    1145* |       0 |     242 |       69 |     10 |    72 |    +0.8% |   -1.296 |     -980.9 |       -1.3 |    770 | data_req_o
    1146* |       0 |     242 |       69 |     10 |    72 |    +0.8% |   -1.296 |     -980.9 |       -1.3 |    770 | data_req_o
    1147* |       0 |     242 |       69 |     10 |    72 |    +0.8% |   -1.296 |     -980.9 |       -1.3 |    770 | data_req_o
    1148* |       0 |     242 |       69 |     10 |    72 |    +0.8% |   -1.296 |     -980.9 |       -1.3 |    770 | data_req_o
    1149* |       0 |     242 |       69 |     10 |    72 |    +0.8% |   -1.296 |     -980.9 |       -1.3 |    770 | data_req_o
    1150* |       0 |     242 |       69 |     10 |    72 |    +0.8% |   -1.296 |     -980.9 |       -1.3 |    770 | data_req_o
    1150* |       0 |     242 |       69 |     10 |    72 |    +0.8% |   -1.296 |     -980.9 |       -1.3 |    770 | data_req_o
    1151* |       0 |     242 |       69 |     10 |    72 |    +0.8% |   -1.296 |     -980.9 |       -1.3 |    770 | data_req_o
    1152* |       0 |     242 |       69 |     10 |    72 |    +0.8% |   -1.296 |     -980.9 |       -1.3 |    770 | data_req_o
    1153* |       0 |     242 |       69 |     10 |    72 |    +0.8% |   -1.296 |     -980.9 |       -1.3 |    770 | data_req_o
    1154* |       0 |     242 |       69 |     10 |    72 |    +0.8% |   -1.296 |     -980.9 |       -1.3 |    770 | data_req_o
    1155* |       0 |     242 |       69 |     10 |    72 |    +0.8% |   -1.296 |     -980.9 |       -1.3 |    770 | data_req_o
    1156* |       0 |     242 |       69 |     10 |    72 |    +0.8% |   -1.296 |     -980.9 |       -1.3 |    770 | data_req_o
    1157* |       0 |     242 |       69 |     10 |    72 |    +0.8% |   -1.296 |     -980.9 |       -1.3 |    770 | data_req_o
    1158* |       0 |     242 |       69 |     10 |    72 |    +0.8% |   -1.296 |     -980.9 |       -1.3 |    770 | data_req_o
    1159* |       0 |     242 |       69 |     10 |    72 |    +0.8% |   -1.296 |     -980.9 |       -1.3 |    770 | data_req_o
    1160* |       0 |     242 |       69 |     10 |    72 |    +0.8% |   -1.296 |     -980.9 |       -1.3 |    770 | data_req_o
    1160* |       0 |     242 |       69 |     10 |    72 |    +0.8% |   -1.296 |     -980.9 |       -1.3 |    770 | data_req_o
    1161* |       0 |     242 |       69 |     10 |    72 |    +0.8% |   -1.296 |     -980.9 |       -1.3 |    770 | data_req_o
    1162* |       0 |     242 |       69 |     10 |    72 |    +0.8% |   -1.296 |     -980.9 |       -1.3 |    770 | data_req_o
    1163* |       0 |     242 |       69 |     10 |    72 |    +0.8% |   -1.296 |     -980.9 |       -1.3 |    770 | data_req_o
    1164* |       0 |     242 |       69 |     10 |    72 |    +0.8% |   -1.296 |     -980.9 |       -1.3 |    770 | data_req_o
    1165* |       0 |     242 |       69 |     10 |    72 |    +0.8% |   -1.296 |     -980.9 |       -1.3 |    770 | data_req_o
    1166* |       0 |     242 |       69 |     10 |    72 |    +0.8% |   -1.296 |     -980.9 |       -1.3 |    770 | data_req_o
    1167* |       0 |     242 |       69 |     10 |    72 |    +0.8% |   -1.296 |     -980.9 |       -1.3 |    770 | data_req_o
    1168* |       0 |     242 |       69 |     10 |    72 |    +0.8% |   -1.296 |     -980.9 |       -1.3 |    770 | data_req_o
    1169* |       0 |     242 |       69 |     10 |    72 |    +0.8% |   -1.296 |     -980.9 |       -1.3 |    770 | data_req_o
    1170* |       0 |     242 |       69 |     10 |    72 |    +0.8% |   -1.296 |     -980.9 |       -1.3 |    770 | data_req_o
    1170* |       0 |     242 |       69 |     10 |    72 |    +0.8% |   -1.296 |     -980.9 |       -1.3 |    770 | data_req_o
    1171* |       0 |     242 |       69 |     10 |    72 |    +0.8% |   -1.296 |     -980.9 |       -1.3 |    770 | data_req_o
    1172* |       0 |     242 |       69 |     10 |    72 |    +0.8% |   -1.296 |     -980.9 |       -1.3 |    770 | data_req_o
    1173* |       0 |     242 |       69 |     10 |    72 |    +0.8% |   -1.296 |     -980.9 |       -1.3 |    770 | data_req_o
    1174* |       0 |     242 |       69 |     10 |    72 |    +0.8% |   -1.296 |     -980.9 |       -1.3 |    770 | data_req_o
    1175* |       0 |     242 |       69 |     10 |    72 |    +0.8% |   -1.296 |     -980.9 |       -1.3 |    770 | data_req_o
    1176* |       0 |     242 |       69 |     10 |    72 |    +0.8% |   -1.296 |     -980.9 |       -1.3 |    770 | data_req_o
    1177* |       0 |     242 |       69 |     10 |    72 |    +0.8% |   -1.296 |     -980.9 |       -1.3 |    770 | data_req_o
    1178* |       0 |     242 |       69 |     10 |    72 |    +0.8% |   -1.296 |     -980.9 |       -1.3 |    770 | data_req_o
    1179* |       0 |     242 |       69 |     10 |    72 |    +0.8% |   -1.296 |     -980.9 |       -1.3 |    770 | data_req_o
    1180* |       0 |     242 |       69 |     10 |    72 |    +0.8% |   -1.296 |     -980.9 |       -1.3 |    770 | data_req_o
    1180* |       0 |     242 |       69 |     10 |    72 |    +0.8% |   -1.296 |     -980.9 |       -1.3 |    770 | data_req_o
    1181* |       0 |     242 |       69 |     10 |    72 |    +0.8% |   -1.296 |     -980.9 |       -1.3 |    770 | data_req_o
    1182* |       0 |     242 |       69 |     10 |    72 |    +0.8% |   -1.296 |     -980.9 |       -1.3 |    770 | data_req_o
    1183* |       0 |     242 |       69 |     10 |    72 |    +0.8% |   -1.296 |     -980.9 |       -1.3 |    770 | data_req_o
    1184* |       0 |     242 |       69 |     10 |    72 |    +0.8% |   -1.296 |     -980.9 |       -1.3 |    770 | data_req_o
    1185* |       0 |     242 |       69 |     10 |    72 |    +0.8% |   -1.296 |     -980.9 |       -1.3 |    770 | data_req_o
    1186* |       0 |     242 |       69 |     10 |    72 |    +0.8% |   -1.296 |     -980.9 |       -1.3 |    770 | data_req_o
    1187* |       0 |     242 |       69 |     10 |    72 |    +0.8% |   -1.296 |     -980.9 |       -1.3 |    770 | data_req_o
    1188* |       0 |     242 |       69 |     10 |    72 |    +0.8% |   -1.296 |     -980.9 |       -1.3 |    770 | data_req_o
    1188* |       0 |     242 |       69 |     10 |    72 |    +0.8% |   -1.296 |     -980.9 |       -1.3 |    770 | data_req_o
    1190+ |       0 |     243 |       69 |     10 |    72 |    +0.8% |   -1.285 |     -980.4 |       -1.3 |      1 | data_req_o
    1190+ |       0 |     243 |       69 |     10 |    72 |    +0.8% |   -1.285 |     -980.4 |       -1.3 |      1 | data_req_o
    final |       0 |     243 |       69 |     10 |    72 |    +0.8% |   -1.285 |     -980.4 |       -1.3 |      1 | data_req_o
------------------------------------------------------------------------------------------------------------------------------
[INFO RSZ-0040] Inserted 69 buffers.
[INFO RSZ-0051] Resized 243 instances: 243 up, 0 up match, 0 down, 0 VT
[INFO RSZ-0043] Swapped pins on 72 instances.
[INFO RSZ-0049] Cloned 10 instances.
[WARNING RSZ-0062] Unable to repair all setup violations.
[INFO RSZ-0505] Runtime: 31.39s
[INFO RSZ-0033] No hold violations found.
[INFO RSZ-0506] Runtime: 0.02s
Took 31 seconds: repair_timing -setup_margin 0 -hold_margin 0 -repair_tns 100 -match_cell_footprint -verbose
detailed_placement
[INFO DPL-0006] Core area: 416927.37 um^2
[INFO DPL-0007] Movable instances area: 255667.71 um^2
[INFO DPL-0008] Fixed instances area within core: 6877.85 um^2
[INFO DPL-0009] Utilization: 63.0%
[INFO DPL-0005] Diamond search max displacement: +/- 500 sites horizontally, +/- 100 rows vertically.
[INFO DPL-1102] Legalizing using negotiation legalizer.
[INFO DPL-1103] Negotiation base search window: +/-20 sites horizontally, +/-5 rows vertically 
	Automatic search window extension enabled.
	Search window extendable up to the max displacement cap of +/-500 sites, +/-100 rows near walls.
[INFO DPL-1104] NegotiationLegalizer DRC penalty: 5.
[INFO DPL-0392] Negotiation cell height distribution (1 unique row-count(s)):
[INFO DPL-0393]   height 1 row(s): 35117 cells
          |      Total |  Illegal |  Illegal
Iteration | Violations |    Cells |    Sites
---------------------------------------------
        0 |       1140 |       173 |       967
        1 |        951 |       129 |       822
        2 |        980 |       119 |       861
        3 |        907 |       102 |       805
        4 |        897 |        95 |       802
        5 |        863 |        86 |       777
        6 |        782 |        80 |       702
        7 |        734 |        74 |       660
        8 |        733 |        77 |       656
        9 |        755 |        76 |       679
       10 |        757 |        84 |       673
       20 |        536 |        70 |       466
       30 |        581 |        75 |       506
       40 |        652 |        83 |       566
       50 |        453 |        63 |       390
       60 |        433 |        60 |       370
       70 |        348 |        43 |       290
       80 |        470 |        60 |       410
       90 |        469 |        58 |       393
      100 |        326 |        46 |       269
      110 |        277 |        34 |       225
      120 |        193 |        31 |       162
      130 |        122 |        16 |       106
      140 |         88 |        18 |        70
      150 |        141 |        26 |       115
      160 |         87 |        16 |        71
      170 |         99 |        17 |        82
      180 |         62 |         9 |        53
      190 |         66 |         9 |        57
      200 |         62 |         9 |        53
      210 |         41 |         7 |        34
      215 |          0 |         0 |         0
Negotiation phase 1 converged at iteration 215.
[INFO DPL-0500] Runtime: 6.14s
Placement Analysis
---------------------------------
total displacement      21507.6 u
average displacement        0.6 u
max displacement           59.8 u
original HPWL         1004433.6 u
legalized HPWL        1025643.5 u
delta HPWL                    2 %

Took 6 seconds: detailed_placement
Report metrics stage 4, cts final...

==========================================================================
cts final report_design_area
--------------------------------------------------------------------------
Design area 262546 um^2 63% utilization.
write_db /work/results/sky130hd/m7_j1/base/4_1_cts.odb
write_sdc -no_timestamp /work/results/sky130hd/m7_j1/base/4_cts.sdc
Elapsed time: 0:53.84[h:]min:sec. CPU time: user 105.81 sys 19.62 (232%). Peak memory: 388524KB.
Log                       Ext     Elapsed/s Peak Memory/MB sha1sum result [0:20)
4_1_cts                   .odb           53            379 d6cc15bf56c405dcb5d0
cp /work/results/sky130hd/m7_j1/base/4_1_cts.odb /work/results/sky130hd/m7_j1/base/4_cts.odb
/OpenROAD-flow-scripts/flow/scripts/flow.sh 5_1_grt global_route
Running global_route.tcl, stage 5_1_grt
read_liberty /OpenROAD-flow-scripts/flow/platforms/sky130hd/lib/sky130_fd_sc_hd__tt_025C_1v80.lib
read_db -hier /work/results/sky130hd/m7_j1/base/4_cts.odb
[WARNING ORD-0012] Hierarchical flow (-hier) is currently in development and may cause multiple issues. Do not use in production environments.
read_sdc /work/results/sky130hd/m7_j1/base/4_cts.sdc
source /OpenROAD-flow-scripts/flow/platforms/sky130hd/setRC.tcl
pin_access
[INFO DRT-0149] Reading tech and libs.
[WARNING DRT-0349] LEF58_ENCLOSURE with no CUTCLASS is not supported. Skipping for layer mcon
[WARNING DRT-0349] LEF58_ENCLOSURE with no CUTCLASS is not supported. Skipping for layer mcon
[WARNING DRT-0349] LEF58_ENCLOSURE with no CUTCLASS is not supported. Skipping for layer via
[WARNING DRT-0349] LEF58_ENCLOSURE with no CUTCLASS is not supported. Skipping for layer via
[WARNING DRT-0349] LEF58_ENCLOSURE with no CUTCLASS is not supported. Skipping for layer via2
[WARNING DRT-0349] LEF58_ENCLOSURE with no CUTCLASS is not supported. Skipping for layer via2
[WARNING DRT-0349] LEF58_ENCLOSURE with no CUTCLASS is not supported. Skipping for layer via3
[WARNING DRT-0349] LEF58_ENCLOSURE with no CUTCLASS is not supported. Skipping for layer via3
[WARNING DRT-0349] LEF58_ENCLOSURE with no CUTCLASS is not supported. Skipping for layer via4
[WARNING DRT-0349] LEF58_ENCLOSURE with no CUTCLASS is not supported. Skipping for layer via4

Units:                1000
Number of layers:     13
Number of macros:     441
Number of vias:       29
Number of viarulegen: 25

[INFO DRT-0150] Reading design.
[WARNING DRT-0120] Large net net227 has 111 pins which may impact routing performance. Consider optimization.
[WARNING DRT-0120] Large net net8159 has 134 pins which may impact routing performance. Consider optimization.
[WARNING DRT-0120] Large net net8158 has 142 pins which may impact routing performance. Consider optimization.
[WARNING DRT-0120] Large net net8153 has 122 pins which may impact routing performance. Consider optimization.
[WARNING DRT-0120] Large net net8152 has 168 pins which may impact routing performance. Consider optimization.
[WARNING DRT-0120] Large net net8151 has 163 pins which may impact routing performance. Consider optimization.
[WARNING DRT-0120] Large net net8149 has 161 pins which may impact routing performance. Consider optimization.
[WARNING DRT-0120] Large net net8148 has 160 pins which may impact routing performance. Consider optimization.
[WARNING DRT-0120] Large net net8140 has 164 pins which may impact routing performance. Consider optimization.

Design:                   m7_ppa_j1_top
Die area:                 ( 0 0 ) ( 649570 649570 )
Number of track patterns: 12
Number of DEF vias:       0
Number of components:     35117
Number of terminals:      278
Number of snets:          2
Number of nets:           29557

[INFO DRT-0167] List of default vias:
  Layer via
    default via: M1M2_PR
  Layer via2
    default via: M2M3_PR
  Layer via3
    default via: M3M4_PR
  Layer via4
    default via: M4M5_PR
[INFO DRT-0162] Library cell analysis.
[INFO DRT-0163] Instance analysis.
[INFO DRT-0164] Number of unique instances = 309.
[INFO DRT-0168] Init region query.
[INFO DRT-0024]   Complete FR_MASTERSLICE.
[INFO DRT-0024]   Complete Fr_VIA.
[INFO DRT-0024]   Complete li1.
[INFO DRT-0024]   Complete mcon.
[INFO DRT-0024]   Complete met1.
[INFO DRT-0024]   Complete via.
[INFO DRT-0024]   Complete met2.
[INFO DRT-0024]   Complete via2.
[INFO DRT-0024]   Complete met3.
[INFO DRT-0024]   Complete via3.
[INFO DRT-0024]   Complete met4.
[INFO DRT-0024]   Complete via4.
[INFO DRT-0024]   Complete met5.
[INFO DRT-0033] FR_MASTERSLICE shape region query size = 0.
[INFO DRT-0033] FR_VIA shape region query size = 0.
[INFO DRT-0033] li1 shape region query size = 834630.
[INFO DRT-0033] mcon shape region query size = 445649.
[INFO DRT-0033] met1 shape region query size = 116896.
[INFO DRT-0033] via shape region query size = 27965.
[INFO DRT-0033] met2 shape region query size = 17027.
[INFO DRT-0033] via2 shape region query size = 22372.
[INFO DRT-0033] met3 shape region query size = 16807.
[INFO DRT-0033] via3 shape region query size = 22372.
[INFO DRT-0033] met4 shape region query size = 6745.
[INFO DRT-0033] via4 shape region query size = 1105.
[INFO DRT-0033] met5 shape region query size = 1199.
[INFO DRT-0165] Start pin access.
[INFO DRT-0076]   Complete 1000 pins.
[INFO DRT-0076]   Complete 2000 pins.
[INFO DRT-0078]   Complete 2508 pins.
[INFO DRT-0079]   Complete 100 unique inst patterns.
[INFO DRT-0079]   Complete 200 unique inst patterns.
[INFO DRT-0079]   Complete 300 unique inst patterns.
[INFO DRT-0081]   Complete 309 unique inst patterns.
[INFO DRT-0082]   Complete 10000 groups.
[INFO DRT-0084]   Complete 16830 groups.
#scanned instances     = 35117
#unique  instances     = 309
#stdCellGenAp          = 10252
#stdCellValidPlanarAp  = 124
#stdCellValidViaAp     = 7482
#stdCellPinNoAp        = 0
#stdCellPinCnt         = 103793
#instTermValidViaApCnt = 0
#macroGenAp            = 0
#macroValidPlanarAp    = 0
#macroValidViaAp       = 0
#macroNoAp             = 0
[INFO DRT-0166] Complete pin access.
[INFO DRT-0267] cpu time = 00:08:42, elapsed time = 00:00:21, memory = 338.46 (MB), peak = 335.57 (MB)
Took 23 seconds: pin_access
global_route -congestion_report_file /work/reports/sky130hd/m7_j1/base/congestion.rpt -congestion_iterations 30 -congestion_report_iter_step 5 -verbose
[INFO GRT-0020] Min routing layer: met1
[INFO GRT-0021] Max routing layer: met5
[INFO GRT-0022] Global adjustment: 0%
[INFO GRT-0023] Grid origin: (0, 0)
[INFO GRT-0088] Layer li1     Track-Pitch = 0.4600  line-2-Via Pitch: 0.3400
[INFO GRT-0088] Layer met1    Track-Pitch = 0.3400  line-2-Via Pitch: 0.3400
[INFO GRT-0088] Layer met2    Track-Pitch = 0.4600  line-2-Via Pitch: 0.3500
[INFO GRT-0088] Layer met3    Track-Pitch = 0.6800  line-2-Via Pitch: 0.6150
[INFO GRT-0088] Layer met4    Track-Pitch = 0.9200  line-2-Via Pitch: 1.0400
[INFO GRT-0088] Layer met5    Track-Pitch = 3.4000  line-2-Via Pitch: 3.1100
[INFO GRT-0003] Macros: 0
[INFO GRT-0004] Blockages: 42826
[INFO GRT-0019] Found 316 clock nets.
[INFO GRT-0001] Minimum degree: 2
[INFO GRT-0002] Maximum degree: 168

[INFO GRT-0053] Routing resources analysis:
          Routing      Original      Derated      Resource
Layer     Direction    Resources     Resources    Reduction (%)
---------------------------------------------------------------
li1        Vertical            0             0          0.00%
met1       Horizontal     113882         87814          22.89%
met2       Vertical       113088         86769          23.27%
met3       Horizontal      82964         64790          21.91%
met4       Vertical        55800         39804          28.67%
met5       Horizontal      12369          8835          28.57%
---------------------------------------------------------------

[INFO GRT-0101] Running extra iterations to remove congestion.
[INFO GRT-0102] Start extra iteration 1/30
[INFO GRT-0102] Start extra iteration 2/30
[INFO GRT-0102] Start extra iteration 3/30
[INFO GRT-0102] Start extra iteration 4/30
[INFO GRT-0102] Start extra iteration 5/30
[INFO GRT-0102] Start extra iteration 6/30
[INFO GRT-0102] Start extra iteration 7/30
[INFO GRT-0102] Start extra iteration 8/30
[INFO GRT-0102] Start extra iteration 9/30
[INFO GRT-0197] Via related to pin nodes: 190087
[INFO GRT-0198] Via related Steiner nodes: 5915
[INFO GRT-0199] Via filling finished.
[INFO GRT-0111] Final number of vias: 253605
[INFO GRT-0112] Final usage 3D: 951792

[INFO GRT-0096] Final congestion report:
Layer         Resource        Demand        Usage (%)    Max H / Max V / Total Congestion
---------------------------------------------------------------------------------------
li1                  0             0            0.00%             0 /  0 /  0
met1             87814         61614           70.16%             0 /  0 /  0
met2             86769         72332           83.36%             0 /  0 /  0
met3             64790         29448           45.45%             0 /  0 /  0
met4             39804         26171           65.75%             0 /  0 /  0
met5              8835          1412           15.98%             0 /  0 /  0
---------------------------------------------------------------------------------------
Total           288012        190977           66.31%             0 /  0 /  0

[INFO GRT-0018] Total wirelength: 1896361 um
[INFO GRT-0014] Routed nets: 29334
[INFO GRT-0303] Global routing runtime = 00:00:09
Took 9 seconds: global_route -congestion_report_file /work/reports/sky130hd/m7_j1/base/congestion.rpt -congestion_iterations 30 -congestion_report_iter_step 5 -verbose
[WARNING STA-0450] virtual clock vclk_core_clock can not be propagated.
estimate_parasitics -global_routing
Perform buffer insertion and gate resizing...
repair_design -verbose
Iteration |   Area    | Resized | Buffers | Nets repaired | Remaining
---------------------------------------------------------------------
        0 |     +0.0% |       0 |       0 |             0 |     29937
     1000 |     +0.0% |       0 |       0 |             0 |     28937
[WARNING RSZ-0104] Net _19830_/CO[33] only has one pin. Check if it is intended to be dangling.
[WARNING RSZ-0104] Net _19830_/CO[25] only has one pin. Check if it is intended to be dangling.
[WARNING RSZ-0104] Net _19830_/CO[22] only has one pin. Check if it is intended to be dangling.
     2000 |     +0.0% |       0 |       0 |             0 |     27937
[WARNING RSZ-0104] Net _19830_/CO[16] only has one pin. Check if it is intended to be dangling.
     3000 |     +0.0% |       0 |       0 |             0 |     26937
[WARNING RSZ-0104] Net _19830_/X[22] only has one pin. Check if it is intended to be dangling.
[WARNING RSZ-0104] Net _19830_/X[25] only has one pin. Check if it is intended to be dangling.
[WARNING RSZ-0104] Net _19830_/X[21] only has one pin. Check if it is intended to be dangling.
     4000 |     +0.0% |       0 |       0 |             0 |     25937
[WARNING RSZ-0104] Net _19830_/X[30] only has one pin. Check if it is intended to be dangling.
[WARNING RSZ-0104] Net _19830_/X[29] only has one pin. Check if it is intended to be dangling.
[WARNING RSZ-0104] Net _19830_/X[27] only has one pin. Check if it is intended to be dangling.
[WARNING RSZ-0104] Net _19830_/X[24] only has one pin. Check if it is intended to be dangling.
[WARNING RSZ-0104] Net _19830_/X[20] only has one pin. Check if it is intended to be dangling.
[WARNING RSZ-0104] Net _19830_/X[19] only has one pin. Check if it is intended to be dangling.
[WARNING RSZ-0104] Net _19830_/X[18] only has one pin. Check if it is intended to be dangling.
[WARNING RSZ-0104] Net _19830_/X[13] only has one pin. Check if it is intended to be dangling.
[WARNING RSZ-0104] Net _19830_/X[33] only has one pin. Check if it is intended to be dangling.
[WARNING RSZ-0104] Net _19830_/X[28] only has one pin. Check if it is intended to be dangling.
[WARNING RSZ-0104] Net _19830_/X[15] only has one pin. Check if it is intended to be dangling.
[WARNING RSZ-0104] Net _19830_/X[14] only has one pin. Check if it is intended to be dangling.
[WARNING RSZ-0104] Net _19830_/X[12] only has one pin. Check if it is intended to be dangling.
[WARNING RSZ-0104] Net _19830_/X[11] only has one pin. Check if it is intended to be dangling.
     5000 |     +0.0% |       0 |       0 |             0 |     24937
[WARNING RSZ-0104] Net _19830_/X[10] only has one pin. Check if it is intended to be dangling.
[WARNING RSZ-0104] Net _19830_/CO[5] only has one pin. Check if it is intended to be dangling.
[WARNING RSZ-0104] Net _19830_/X[9] only has one pin. Check if it is intended to be dangling.
[WARNING RSZ-0104] Net _19830_/CO[6] only has one pin. Check if it is intended to be dangling.
[WARNING RSZ-0104] Net _19830_/CO[4] only has one pin. Check if it is intended to be dangling.
[WARNING RSZ-0104] Net _19830_/X[8] only has one pin. Check if it is intended to be dangling.
     6000 |     +0.0% |       0 |       1 |             1 |     23937
[WARNING RSZ-0104] Net _19830_/X[3] only has one pin. Check if it is intended to be dangling.
     7000 |     +0.0% |       1 |       2 |             3 |     22937
     8000 |     +0.0% |       1 |       2 |             3 |     21937
     9000 |     +0.0% |       2 |       3 |             4 |     20937
    10000 |     +0.0% |       2 |       3 |             4 |     19937
    11000 |     +0.0% |       2 |       3 |             4 |     18937
    12000 |     +0.0% |       2 |       3 |             4 |     17937
    13000 |     +0.0% |       2 |       3 |             4 |     16937
    14000 |     +0.0% |       2 |       3 |             4 |     15937
    15000 |     +0.0% |       2 |       3 |             4 |     14937
    16000 |     +0.0% |       2 |       3 |             4 |     13937
    17000 |     +0.0% |       2 |       3 |             4 |     12937
    18000 |     +0.0% |       2 |       3 |             4 |     11937
    19000 |     +0.0% |       2 |       3 |             4 |     10937
    20000 |     +0.0% |       2 |       3 |             4 |      9937
    21000 |     +0.0% |       2 |       3 |             4 |      8937
    22000 |     +0.0% |       3 |       5 |             6 |      7937
    23000 |     +0.0% |       3 |       5 |             6 |      6937
    24000 |     +0.0% |       3 |       5 |             6 |      5937
    25000 |     +0.0% |       3 |       5 |             6 |      4937
    26000 |     +0.0% |       3 |       5 |             6 |      3937
    27000 |     +0.1% |       3 |       7 |             7 |      2937
    28000 |     +0.1% |       3 |       7 |             7 |      1937
    29000 |     +0.1% |       3 |       7 |             7 |       937
[WARNING RSZ-0104] Net sec_release_i only has one pin. Check if it is intended to be dangling.
[WARNING RSZ-0104] Net iopmp_release_i only has one pin. Check if it is intended to be dangling.
[WARNING RSZ-0104] Net ic_release_i only has one pin. Check if it is intended to be dangling.
[WARNING RSZ-0104] Net dma_wdata_i[9] only has one pin. Check if it is intended to be dangling.
[WARNING RSZ-0104] Net dma_wdata_i[8] only has one pin. Check if it is intended to be dangling.
[WARNING RSZ-0104] Net dma_wdata_i[7] only has one pin. Check if it is intended to be dangling.
[WARNING RSZ-0104] Net dma_wdata_i[6] only has one pin. Check if it is intended to be dangling.
[WARNING RSZ-0104] Net dma_wdata_i[5] only has one pin. Check if it is intended to be dangling.
[WARNING RSZ-0104] Net dma_wdata_i[4] only has one pin. Check if it is intended to be dangling.
[WARNING RSZ-0104] Net dma_wdata_i[3] only has one pin. Check if it is intended to be dangling.
[WARNING RSZ-0104] Net dma_wdata_i[31] only has one pin. Check if it is intended to be dangling.
[WARNING RSZ-0104] Net dma_wdata_i[30] only has one pin. Check if it is intended to be dangling.
[WARNING RSZ-0104] Net dma_wdata_i[2] only has one pin. Check if it is intended to be dangling.
[WARNING RSZ-0104] Net dma_wdata_i[29] only has one pin. Check if it is intended to be dangling.
[WARNING RSZ-0104] Net dma_wdata_i[28] only has one pin. Check if it is intended to be dangling.
[WARNING RSZ-0104] Net dma_wdata_i[27] only has one pin. Check if it is intended to be dangling.
[WARNING RSZ-0104] Net dma_wdata_i[26] only has one pin. Check if it is intended to be dangling.
[WARNING RSZ-0104] Net dma_wdata_i[25] only has one pin. Check if it is intended to be dangling.
[WARNING RSZ-0104] Net dma_wdata_i[24] only has one pin. Check if it is intended to be dangling.
[WARNING RSZ-0104] Net dma_wdata_i[23] only has one pin. Check if it is intended to be dangling.
[WARNING RSZ-0104] Net dma_wdata_i[22] only has one pin. Check if it is intended to be dangling.
[WARNING RSZ-0104] Net dma_wdata_i[21] only has one pin. Check if it is intended to be dangling.
[WARNING RSZ-0104] Net dma_wdata_i[20] only has one pin. Check if it is intended to be dangling.
[WARNING RSZ-0104] Net dma_wdata_i[1] only has one pin. Check if it is intended to be dangling.
[WARNING RSZ-0104] Net dma_wdata_i[19] only has one pin. Check if it is intended to be dangling.
[WARNING RSZ-0104] Net dma_wdata_i[18] only has one pin. Check if it is intended to be dangling.
[WARNING RSZ-0104] Net dma_wdata_i[17] only has one pin. Check if it is intended to be dangling.
[WARNING RSZ-0104] Net dma_wdata_i[16] only has one pin. Check if it is intended to be dangling.
[WARNING RSZ-0104] Net dma_wdata_i[15] only has one pin. Check if it is intended to be dangling.
[WARNING RSZ-0104] Net dma_wdata_i[14] only has one pin. Check if it is intended to be dangling.
[WARNING RSZ-0104] Net dma_wdata_i[13] only has one pin. Check if it is intended to be dangling.
[WARNING RSZ-0104] Net dma_wdata_i[12] only has one pin. Check if it is intended to be dangling.
[WARNING RSZ-0104] Net dma_wdata_i[11] only has one pin. Check if it is intended to be dangling.
[WARNING RSZ-0104] Net dma_wdata_i[10] only has one pin. Check if it is intended to be dangling.
[WARNING RSZ-0104] Net dma_wdata_i[0] only has one pin. Check if it is intended to be dangling.
[WARNING RSZ-0104] Net dma_start_i only has one pin. Check if it is intended to be dangling.
[WARNING RSZ-0104] Net dma_src_addr_i[9] only has one pin. Check if it is intended to be dangling.
[WARNING RSZ-0104] Net dma_src_addr_i[8] only has one pin. Check if it is intended to be dangling.
[WARNING RSZ-0104] Net dma_src_addr_i[7] only has one pin. Check if it is intended to be dangling.
[WARNING RSZ-0104] Net dma_src_addr_i[6] only has one pin. Check if it is intended to be dangling.
[WARNING RSZ-0104] Net dma_src_addr_i[5] only has one pin. Check if it is intended to be dangling.
[WARNING RSZ-0104] Net dma_src_addr_i[4] only has one pin. Check if it is intended to be dangling.
[WARNING RSZ-0104] Net dma_src_addr_i[3] only has one pin. Check if it is intended to be dangling.
[WARNING RSZ-0104] Net dma_src_addr_i[31] only has one pin. Check if it is intended to be dangling.
[WARNING RSZ-0104] Net dma_src_addr_i[30] only has one pin. Check if it is intended to be dangling.
[WARNING RSZ-0104] Net dma_src_addr_i[2] only has one pin. Check if it is intended to be dangling.
[WARNING RSZ-0104] Net dma_src_addr_i[29] only has one pin. Check if it is intended to be dangling.
[WARNING RSZ-0104] Net dma_src_addr_i[28] only has one pin. Check if it is intended to be dangling.
[WARNING RSZ-0104] Net dma_src_addr_i[27] only has one pin. Check if it is intended to be dangling.
[WARNING RSZ-0104] Net dma_src_addr_i[26] only has one pin. Check if it is intended to be dangling.
[WARNING RSZ-0104] Net dma_src_addr_i[25] only has one pin. Check if it is intended to be dangling.
[WARNING RSZ-0104] Net dma_src_addr_i[24] only has one pin. Check if it is intended to be dangling.
[WARNING RSZ-0104] Net dma_src_addr_i[23] only has one pin. Check if it is intended to be dangling.
[WARNING RSZ-0104] Net dma_src_addr_i[22] only has one pin. Check if it is intended to be dangling.
[WARNING RSZ-0104] Net dma_src_addr_i[21] only has one pin. Check if it is intended to be dangling.
[WARNING RSZ-0104] Net dma_src_addr_i[20] only has one pin. Check if it is intended to be dangling.
[WARNING RSZ-0104] Net dma_src_addr_i[1] only has one pin. Check if it is intended to be dangling.
[WARNING RSZ-0104] Net dma_src_addr_i[19] only has one pin. Check if it is intended to be dangling.
[WARNING RSZ-0104] Net dma_src_addr_i[18] only has one pin. Check if it is intended to be dangling.
[WARNING RSZ-0104] Net dma_src_addr_i[17] only has one pin. Check if it is intended to be dangling.
[WARNING RSZ-0104] Net dma_src_addr_i[16] only has one pin. Check if it is intended to be dangling.
[WARNING RSZ-0104] Net dma_src_addr_i[15] only has one pin. Check if it is intended to be dangling.
[WARNING RSZ-0104] Net dma_src_addr_i[14] only has one pin. Check if it is intended to be dangling.
[WARNING RSZ-0104] Net dma_src_addr_i[13] only has one pin. Check if it is intended to be dangling.
[WARNING RSZ-0104] Net dma_src_addr_i[12] only has one pin. Check if it is intended to be dangling.
[WARNING RSZ-0104] Net dma_src_addr_i[11] only has one pin. Check if it is intended to be dangling.
[WARNING RSZ-0104] Net dma_src_addr_i[10] only has one pin. Check if it is intended to be dangling.
[WARNING RSZ-0104] Net dma_src_addr_i[0] only has one pin. Check if it is intended to be dangling.
[WARNING RSZ-0104] Net dma_requester_id_i[7] only has one pin. Check if it is intended to be dangling.
[WARNING RSZ-0104] Net dma_requester_id_i[6] only has one pin. Check if it is intended to be dangling.
[WARNING RSZ-0104] Net dma_requester_id_i[5] only has one pin. Check if it is intended to be dangling.
[WARNING RSZ-0104] Net dma_requester_id_i[4] only has one pin. Check if it is intended to be dangling.
[WARNING RSZ-0104] Net dma_requester_id_i[3] only has one pin. Check if it is intended to be dangling.
[WARNING RSZ-0104] Net dma_requester_id_i[2] only has one pin. Check if it is intended to be dangling.
[WARNING RSZ-0104] Net dma_requester_id_i[1] only has one pin. Check if it is intended to be dangling.
[WARNING RSZ-0104] Net dma_requester_id_i[0] only has one pin. Check if it is intended to be dangling.
[WARNING RSZ-0104] Net dma_release_i only has one pin. Check if it is intended to be dangling.
[WARNING RSZ-0104] Net dma_mode_i[1] only has one pin. Check if it is intended to be dangling.
[WARNING RSZ-0104] Net dma_mode_i[0] only has one pin. Check if it is intended to be dangling.
[WARNING RSZ-0104] Net dma_length_i[9] only has one pin. Check if it is intended to be dangling.
[WARNING RSZ-0104] Net dma_length_i[8] only has one pin. Check if it is intended to be dangling.
[WARNING RSZ-0104] Net dma_length_i[7] only has one pin. Check if it is intended to be dangling.
[WARNING RSZ-0104] Net dma_length_i[6] only has one pin. Check if it is intended to be dangling.
[WARNING RSZ-0104] Net dma_length_i[5] only has one pin. Check if it is intended to be dangling.
[WARNING RSZ-0104] Net dma_length_i[4] only has one pin. Check if it is intended to be dangling.
[WARNING RSZ-0104] Net dma_length_i[3] only has one pin. Check if it is intended to be dangling.
[WARNING RSZ-0104] Net dma_length_i[2] only has one pin. Check if it is intended to be dangling.
[WARNING RSZ-0104] Net dma_length_i[1] only has one pin. Check if it is intended to be dangling.
[WARNING RSZ-0104] Net dma_length_i[15] only has one pin. Check if it is intended to be dangling.
[WARNING RSZ-0104] Net dma_length_i[14] only has one pin. Check if it is intended to be dangling.
[WARNING RSZ-0104] Net dma_length_i[13] only has one pin. Check if it is intended to be dangling.
[WARNING RSZ-0104] Net dma_length_i[12] only has one pin. Check if it is intended to be dangling.
[WARNING RSZ-0104] Net dma_length_i[11] only has one pin. Check if it is intended to be dangling.
[WARNING RSZ-0104] Net dma_length_i[10] only has one pin. Check if it is intended to be dangling.
[WARNING RSZ-0104] Net dma_length_i[0] only has one pin. Check if it is intended to be dangling.
[WARNING RSZ-0104] Net dma_dst_addr_i[9] only has one pin. Check if it is intended to be dangling.
[WARNING RSZ-0104] Net dma_dst_addr_i[8] only has one pin. Check if it is intended to be dangling.
[WARNING RSZ-0104] Net dma_dst_addr_i[7] only has one pin. Check if it is intended to be dangling.
[WARNING RSZ-0104] Net dma_dst_addr_i[6] only has one pin. Check if it is intended to be dangling.
[WARNING RSZ-0104] Net dma_dst_addr_i[5] only has one pin. Check if it is intended to be dangling.
[WARNING RSZ-0104] Net dma_dst_addr_i[4] only has one pin. Check if it is intended to be dangling.
[WARNING RSZ-0104] Net dma_dst_addr_i[3] only has one pin. Check if it is intended to be dangling.
[WARNING RSZ-0104] Net dma_dst_addr_i[31] only has one pin. Check if it is intended to be dangling.
[WARNING RSZ-0104] Net dma_dst_addr_i[30] only has one pin. Check if it is intended to be dangling.
[WARNING RSZ-0104] Net dma_dst_addr_i[2] only has one pin. Check if it is intended to be dangling.
[WARNING RSZ-0104] Net dma_dst_addr_i[29] only has one pin. Check if it is intended to be dangling.
[WARNING RSZ-0104] Net dma_dst_addr_i[28] only has one pin. Check if it is intended to be dangling.
[WARNING RSZ-0104] Net dma_dst_addr_i[27] only has one pin. Check if it is intended to be dangling.
[WARNING RSZ-0104] Net dma_dst_addr_i[26] only has one pin. Check if it is intended to be dangling.
[WARNING RSZ-0104] Net dma_dst_addr_i[25] only has one pin. Check if it is intended to be dangling.
[WARNING RSZ-0104] Net dma_dst_addr_i[24] only has one pin. Check if it is intended to be dangling.
[WARNING RSZ-0104] Net dma_dst_addr_i[23] only has one pin. Check if it is intended to be dangling.
[WARNING RSZ-0104] Net dma_dst_addr_i[22] only has one pin. Check if it is intended to be dangling.
[WARNING RSZ-0104] Net dma_dst_addr_i[21] only has one pin. Check if it is intended to be dangling.
[WARNING RSZ-0104] Net dma_dst_addr_i[20] only has one pin. Check if it is intended to be dangling.
[WARNING RSZ-0104] Net dma_dst_addr_i[1] only has one pin. Check if it is intended to be dangling.
[WARNING RSZ-0104] Net dma_dst_addr_i[19] only has one pin. Check if it is intended to be dangling.
[WARNING RSZ-0104] Net dma_dst_addr_i[18] only has one pin. Check if it is intended to be dangling.
[WARNING RSZ-0104] Net dma_dst_addr_i[17] only has one pin. Check if it is intended to be dangling.
[WARNING RSZ-0104] Net dma_dst_addr_i[16] only has one pin. Check if it is intended to be dangling.
[WARNING RSZ-0104] Net dma_dst_addr_i[15] only has one pin. Check if it is intended to be dangling.
[WARNING RSZ-0104] Net dma_dst_addr_i[14] only has one pin. Check if it is intended to be dangling.
[WARNING RSZ-0104] Net dma_dst_addr_i[13] only has one pin. Check if it is intended to be dangling.
[WARNING RSZ-0104] Net dma_dst_addr_i[12] only has one pin. Check if it is intended to be dangling.
[WARNING RSZ-0104] Net dma_dst_addr_i[11] only has one pin. Check if it is intended to be dangling.
[WARNING RSZ-0104] Net dma_dst_addr_i[10] only has one pin. Check if it is intended to be dangling.
[WARNING RSZ-0104] Net dma_dst_addr_i[0] only has one pin. Check if it is intended to be dangling.
[WARNING RSZ-0104] Net cpu_release_i only has one pin. Check if it is intended to be dangling.
[WARNING RSZ-0104] Net cfg_write_i only has one pin. Check if it is intended to be dangling.
[WARNING RSZ-0104] Net cfg_wdata_i[9] only has one pin. Check if it is intended to be dangling.
[WARNING RSZ-0104] Net cfg_wdata_i[8] only has one pin. Check if it is intended to be dangling.
[WARNING RSZ-0104] Net cfg_wdata_i[7] only has one pin. Check if it is intended to be dangling.
[WARNING RSZ-0104] Net cfg_wdata_i[6] only has one pin. Check if it is intended to be dangling.
[WARNING RSZ-0104] Net cfg_wdata_i[5] only has one pin. Check if it is intended to be dangling.
[WARNING RSZ-0104] Net cfg_wdata_i[4] only has one pin. Check if it is intended to be dangling.
[WARNING RSZ-0104] Net cfg_wdata_i[3] only has one pin. Check if it is intended to be dangling.
[WARNING RSZ-0104] Net cfg_wdata_i[31] only has one pin. Check if it is intended to be dangling.
[WARNING RSZ-0104] Net cfg_wdata_i[30] only has one pin. Check if it is intended to be dangling.
[WARNING RSZ-0104] Net cfg_wdata_i[2] only has one pin. Check if it is intended to be dangling.
[WARNING RSZ-0104] Net cfg_wdata_i[29] only has one pin. Check if it is intended to be dangling.
[WARNING RSZ-0104] Net cfg_wdata_i[28] only has one pin. Check if it is intended to be dangling.
[WARNING RSZ-0104] Net cfg_wdata_i[27] only has one pin. Check if it is intended to be dangling.
[WARNING RSZ-0104] Net cfg_wdata_i[26] only has one pin. Check if it is intended to be dangling.
[WARNING RSZ-0104] Net cfg_wdata_i[25] only has one pin. Check if it is intended to be dangling.
[WARNING RSZ-0104] Net cfg_wdata_i[24] only has one pin. Check if it is intended to be dangling.
[WARNING RSZ-0104] Net cfg_wdata_i[23] only has one pin. Check if it is intended to be dangling.
[WARNING RSZ-0104] Net cfg_wdata_i[22] only has one pin. Check if it is intended to be dangling.
[WARNING RSZ-0104] Net cfg_wdata_i[21] only has one pin. Check if it is intended to be dangling.
[WARNING RSZ-0104] Net cfg_wdata_i[20] only has one pin. Check if it is intended to be dangling.
[WARNING RSZ-0104] Net cfg_wdata_i[1] only has one pin. Check if it is intended to be dangling.
[WARNING RSZ-0104] Net cfg_wdata_i[19] only has one pin. Check if it is intended to be dangling.
[WARNING RSZ-0104] Net cfg_wdata_i[18] only has one pin. Check if it is intended to be dangling.
[WARNING RSZ-0104] Net cfg_wdata_i[17] only has one pin. Check if it is intended to be dangling.
[WARNING RSZ-0104] Net cfg_wdata_i[16] only has one pin. Check if it is intended to be dangling.
[WARNING RSZ-0104] Net cfg_wdata_i[15] only has one pin. Check if it is intended to be dangling.
[WARNING RSZ-0104] Net cfg_wdata_i[14] only has one pin. Check if it is intended to be dangling.
[WARNING RSZ-0104] Net cfg_wdata_i[13] only has one pin. Check if it is intended to be dangling.
[WARNING RSZ-0104] Net cfg_wdata_i[12] only has one pin. Check if it is intended to be dangling.
[WARNING RSZ-0104] Net cfg_wdata_i[11] only has one pin. Check if it is intended to be dangling.
[WARNING RSZ-0104] Net cfg_wdata_i[10] only has one pin. Check if it is intended to be dangling.
[WARNING RSZ-0104] Net cfg_wdata_i[0] only has one pin. Check if it is intended to be dangling.
[WARNING RSZ-0104] Net cfg_addr_i[9] only has one pin. Check if it is intended to be dangling.
[WARNING RSZ-0104] Net cfg_addr_i[8] only has one pin. Check if it is intended to be dangling.
[WARNING RSZ-0104] Net cfg_addr_i[7] only has one pin. Check if it is intended to be dangling.
[WARNING RSZ-0104] Net cfg_addr_i[6] only has one pin. Check if it is intended to be dangling.
[WARNING RSZ-0104] Net cfg_addr_i[5] only has one pin. Check if it is intended to be dangling.
[WARNING RSZ-0104] Net cfg_addr_i[4] only has one pin. Check if it is intended to be dangling.
[WARNING RSZ-0104] Net cfg_addr_i[3] only has one pin. Check if it is intended to be dangling.
[WARNING RSZ-0104] Net cfg_addr_i[31] only has one pin. Check if it is intended to be dangling.
[WARNING RSZ-0104] Net cfg_addr_i[30] only has one pin. Check if it is intended to be dangling.
[WARNING RSZ-0104] Net cfg_addr_i[2] only has one pin. Check if it is intended to be dangling.
[WARNING RSZ-0104] Net cfg_addr_i[29] only has one pin. Check if it is intended to be dangling.
[WARNING RSZ-0104] Net cfg_addr_i[28] only has one pin. Check if it is intended to be dangling.
[WARNING RSZ-0104] Net cfg_addr_i[27] only has one pin. Check if it is intended to be dangling.
[WARNING RSZ-0104] Net cfg_addr_i[26] only has one pin. Check if it is intended to be dangling.
[WARNING RSZ-0104] Net cfg_addr_i[25] only has one pin. Check if it is intended to be dangling.
[WARNING RSZ-0104] Net cfg_addr_i[24] only has one pin. Check if it is intended to be dangling.
[WARNING RSZ-0104] Net cfg_addr_i[23] only has one pin. Check if it is intended to be dangling.
[WARNING RSZ-0104] Net cfg_addr_i[22] only has one pin. Check if it is intended to be dangling.
[WARNING RSZ-0104] Net cfg_addr_i[21] only has one pin. Check if it is intended to be dangling.
[WARNING RSZ-0104] Net cfg_addr_i[20] only has one pin. Check if it is intended to be dangling.
[WARNING RSZ-0104] Net cfg_addr_i[1] only has one pin. Check if it is intended to be dangling.
[WARNING RSZ-0104] Net cfg_addr_i[19] only has one pin. Check if it is intended to be dangling.
[WARNING RSZ-0104] Net cfg_addr_i[18] only has one pin. Check if it is intended to be dangling.
[WARNING RSZ-0104] Net cfg_addr_i[17] only has one pin. Check if it is intended to be dangling.
[WARNING RSZ-0104] Net cfg_addr_i[16] only has one pin. Check if it is intended to be dangling.
[WARNING RSZ-0104] Net cfg_addr_i[15] only has one pin. Check if it is intended to be dangling.
[WARNING RSZ-0104] Net cfg_addr_i[14] only has one pin. Check if it is intended to be dangling.
[WARNING RSZ-0104] Net cfg_addr_i[13] only has one pin. Check if it is intended to be dangling.
[WARNING RSZ-0104] Net cfg_addr_i[12] only has one pin. Check if it is intended to be dangling.
[WARNING RSZ-0104] Net cfg_addr_i[11] only has one pin. Check if it is intended to be dangling.
[WARNING RSZ-0104] Net cfg_addr_i[10] only has one pin. Check if it is intended to be dangling.
[WARNING RSZ-0104] Net cfg_addr_i[0] only has one pin. Check if it is intended to be dangling.
    final |     +0.1% |       3 |       7 |             7 |         0
---------------------------------------------------------------------
[INFO RSZ-0034] Found 4 slew violations.
[INFO RSZ-0036] Found 4 capacitance violations.
[INFO RSZ-0039] Resized 3 instances.
[INFO RSZ-0038] Inserted 7 buffers in 7 nets.
[INFO RSZ-0504] Runtime: 5.71s
Took 6 seconds: repair_design -verbose
global_route -start_incremental
detailed_placement
[INFO DPL-0006] Core area: 416927.37 um^2
[INFO DPL-0007] Movable instances area: 255814.10 um^2
[INFO DPL-0008] Fixed instances area within core: 6877.85 um^2
[INFO DPL-0009] Utilization: 63.0%
[INFO DPL-0005] Diamond search max displacement: +/- 500 sites horizontally, +/- 100 rows vertically.
[INFO DPL-1102] Legalizing using negotiation legalizer.
[INFO DPL-1103] Negotiation base search window: +/-20 sites horizontally, +/-5 rows vertically 
	Automatic search window extension enabled.
	Search window extendable up to the max displacement cap of +/-500 sites, +/-100 rows near walls.
[INFO DPL-1104] NegotiationLegalizer DRC penalty: 5.
[INFO DPL-0392] Negotiation cell height distribution (1 unique row-count(s)):
[INFO DPL-0393]   height 1 row(s): 35124 cells
          |      Total |  Illegal |  Illegal
Iteration | Violations |    Cells |    Sites
---------------------------------------------
        0 |         51 |         9 |        42
        1 |         45 |         9 |        36
        2 |         39 |         3 |        36
        3 |         37 |         3 |        34
        4 |         37 |         3 |        34
        5 |         21 |         5 |        16
        6 |         21 |         5 |        16
        7 |         41 |         5 |        36
        8 |         24 |         2 |        22
        9 |         31 |         3 |        28
       10 |         38 |         6 |        32
       20 |         13 |         3 |        10
       22 |          0 |         0 |         0
Negotiation phase 1 converged at iteration 22.
[INFO DPL-0500] Runtime: 0.52s
Placement Analysis
---------------------------------
total displacement        274.2 u
average displacement        0.0 u
max displacement           36.6 u
original HPWL         1026254.5 u
legalized HPWL        1026520.9 u
delta HPWL                    0 %

global_route -end_incremental -congestion_report_file /work/reports/sky130hd/m7_j1/base/congestion_post_repair_design.rpt
Repair setup and hold violations...
estimate_parasitics -global_routing
repair_timing -setup_margin 0 -hold_margin 0 -repair_tns 100 -verbose
[INFO RSZ-0100] Repair move sequence: UnbufferMove SizeUpMove SwapPinsMove BufferMove CloneMove SplitLoadMove 
[INFO RSZ-0094] Found 896 endpoints with setup violations.
[INFO RSZ-0099] Repairing 896 out of 896 (100.00%) violating endpoints...
   Iter   | Removed | Resized | Inserted | Cloned |  Pin  |   Area   |    WNS   |   StTNS    |   EnTNS    |  Viol  |  Worst  
          | Buffers |  Gates  | Buffers  |  Gates | Swaps |          |          |            |            | Endpts | St/EnPt 
------------------------------------------------------------------------------------------------------------------------------
       0* |       0 |       0 |        0 |      0 |     0 |    +0.0% |   -2.224 |    -1640.6 |     -449.9 |    896 | data_req_o
      10* |       0 |       8 |        0 |      0 |     1 |    +0.0% |   -2.007 |    -1567.8 |     -388.5 |    896 | data_req_o
      20* |       0 |      14 |        2 |      0 |     4 |    +0.0% |   -1.954 |    -1557.0 |     -356.1 |    896 | data_req_o
      30* |       0 |      22 |        4 |      0 |     5 |    +0.1% |   -1.932 |    -1538.9 |     -333.5 |    896 | data_req_o
      40* |       0 |      30 |        4 |      0 |     7 |    +0.1% |   -1.891 |    -1515.0 |     -324.2 |    896 | data_req_o
      50* |       0 |      35 |        5 |      1 |    10 |    +0.1% |   -1.940 |    -1561.9 |     -332.3 |    896 | data_req_o
      60* |       0 |      42 |        7 |      1 |    11 |    +0.1% |   -1.913 |    -1534.9 |     -327.6 |    896 | data_req_o
      70* |       0 |      49 |       10 |      1 |    12 |    +0.1% |   -1.906 |    -1527.0 |     -317.9 |    896 | data_req_o
      80* |       0 |      54 |       14 |      1 |    15 |    +0.2% |   -1.870 |    -1519.2 |     -310.8 |    896 | data_req_o
      90* |       0 |      58 |       15 |      1 |    20 |    +0.2% |   -1.895 |    -1543.6 |     -314.4 |    896 | data_req_o
     100* |       0 |      62 |       17 |      3 |    22 |    +0.2% |   -2.104 |    -1530.3 |     -389.5 |    896 | data_req_o
     110* |       0 |      69 |       19 |      3 |    23 |    +0.2% |   -2.078 |    -1523.2 |     -382.6 |    896 | data_req_o
     120* |       0 |      77 |       19 |      3 |    25 |    +0.2% |   -2.003 |    -1516.5 |     -351.7 |    896 | data_req_o
     130* |       0 |      83 |       23 |      3 |    26 |    +0.2% |   -1.969 |    -1508.7 |     -341.2 |    896 | data_req_o
     133* |       0 |      55 |       15 |      1 |    16 |    +0.2% |   -1.868 |    -1518.8 |     -309.2 |    896 | data_req_o
     140* |       0 |      60 |       16 |      1 |    16 |    +0.2% |   -1.869 |    -1512.1 |     -305.2 |    896 | data_req_o
     150* |       0 |      67 |       19 |      1 |    16 |    +0.2% |   -1.872 |    -1520.2 |     -301.0 |    896 | data_req_o
     160* |       0 |      71 |       21 |      1 |    20 |    +0.2% |   -1.862 |    -1514.9 |     -297.1 |    896 | data_req_o
     170* |       0 |      79 |       23 |      1 |    20 |    +0.2% |   -1.844 |    -1505.4 |     -293.5 |    896 | data_req_o
     180* |       0 |      84 |       26 |      1 |    23 |    +0.2% |   -1.850 |    -1514.1 |     -294.9 |    896 | data_req_o
     190* |       0 |      90 |       29 |      1 |    24 |    +0.3% |   -1.847 |    -1508.6 |     -288.0 |    896 | data_req_o
     200* |       0 |      97 |       29 |      2 |    26 |    +0.3% |   -1.854 |    -1518.6 |     -294.5 |    896 | data_req_o
     210* |       0 |     104 |       30 |      2 |    28 |    +0.3% |   -1.846 |    -1495.6 |     -288.9 |    896 | data_req_o
     220* |       0 |     112 |       31 |      2 |    29 |    +0.3% |   -1.842 |    -1498.1 |     -288.2 |    896 | data_req_o
     230* |       0 |     119 |       31 |      3 |    31 |    +0.3% |   -1.866 |    -1499.5 |     -292.7 |    896 | data_req_o
     240* |       0 |     125 |       34 |      3 |    32 |    +0.4% |   -1.815 |    -1491.9 |     -273.3 |    896 | data_req_o
     250* |       0 |     132 |       36 |      4 |    33 |    +0.4% |   -1.818 |    -1491.1 |     -258.1 |    896 | data_req_o
     260* |       0 |     139 |       36 |      4 |    36 |    +0.4% |   -1.801 |    -1464.1 |     -255.4 |    896 | data_req_o
     270* |       0 |     145 |       37 |      4 |    39 |    +0.4% |   -1.897 |    -1522.1 |     -275.6 |    896 | data_req_o
     280* |       0 |     150 |       39 |      4 |    43 |    +0.4% |   -1.847 |    -1469.0 |     -267.6 |    896 | data_req_o
     290* |       0 |     155 |       42 |      4 |    45 |    +0.5% |   -1.789 |    -1460.9 |     -244.6 |    896 | data_req_o
     300* |       0 |     161 |       43 |      4 |    48 |    +0.5% |   -1.814 |    -1458.8 |     -251.5 |    896 | data_req_o
     310* |       0 |     166 |       45 |      4 |    51 |    +0.5% |   -1.773 |    -1453.4 |     -241.8 |    896 | data_req_o
     320* |       0 |     174 |       47 |      4 |    51 |    +0.5% |   -1.761 |    -1449.9 |     -230.3 |    896 | data_req_o
     330* |       0 |     184 |       47 |      4 |    51 |    +0.5% |   -1.752 |    -1442.2 |     -221.0 |    896 | data_req_o
     340* |       0 |     193 |       51 |      4 |    51 |    +0.5% |   -1.747 |    -1439.8 |     -218.6 |    896 | data_req_o
     350* |       0 |     198 |       53 |      4 |    55 |    +0.5% |   -1.778 |    -1401.9 |     -220.9 |    896 | data_req_o
     360* |       0 |     204 |       56 |      4 |    57 |    +0.6% |   -1.758 |    -1391.7 |     -217.8 |    896 | data_req_o
     370* |       1 |     211 |       57 |      4 |    58 |    +0.6% |   -1.734 |    -1379.8 |     -212.6 |    896 | data_req_o
     377* |       1 |     215 |       60 |      4 |    60 |    +0.6% |   -1.717 |    -1371.6 |     -210.3 |    896 | data_req_o
     378* |       1 |     215 |       60 |      4 |    60 |    +0.6% |   -1.717 |    -1371.6 |     -210.3 |    896 | data_req_o
     380* |       1 |     216 |       60 |      4 |    60 |    +0.6% |   -1.715 |    -1371.5 |     -210.0 |    896 | data_req_o
     390* |       1 |     222 |       61 |      4 |    63 |    +0.6% |   -1.785 |    -1376.7 |     -220.1 |    896 | data_req_o
     400* |       5 |     224 |       64 |      4 |    64 |    +0.6% |   -1.921 |    -1424.8 |     -245.9 |    896 | data_req_o
     410* |      10 |     224 |       69 |      4 |    64 |    +0.6% |   -1.921 |    -1424.8 |     -245.9 |    896 | data_req_o
     420* |      15 |     224 |       74 |      4 |    64 |    +0.6% |   -1.921 |    -1424.8 |     -245.9 |    896 | data_req_o
     430* |      20 |     224 |       79 |      4 |    64 |    +0.6% |   -1.921 |    -1424.8 |     -245.9 |    896 | data_req_o
     433* |       1 |     219 |       60 |      4 |    60 |    +0.6% |   -1.708 |    -1370.0 |     -209.1 |    896 | data_req_o
     439* |       1 |     222 |       61 |      4 |    61 |    +0.6% |   -1.706 |    -1370.2 |     -207.9 |    896 | data_req_o
     440* |       1 |     222 |       61 |      4 |    61 |    +0.6% |   -1.706 |    -1370.2 |     -207.9 |    896 | data_req_o
     450* |       1 |     229 |       61 |      4 |    64 |    +0.6% |   -1.718 |    -1375.8 |     -208.9 |    896 | data_req_o
     452* |       1 |     226 |       61 |      4 |    63 |    +0.6% |   -1.696 |    -1368.4 |     -206.1 |    896 | data_req_o
     453* |       1 |     226 |       61 |      4 |    63 |    +0.6% |   -1.696 |    -1368.4 |     -206.1 |    896 | data_req_o
     456* |       1 |     228 |       61 |      4 |    63 |    +0.6% |   -1.696 |    -1368.4 |     -205.9 |    896 | data_req_o
     458* |       1 |     229 |       61 |      4 |    63 |    +0.6% |   -1.696 |    -1368.4 |     -205.7 |    896 | data_req_o
     460* |       1 |     230 |       61 |      4 |    63 |    +0.6% |   -1.696 |    -1368.4 |     -205.4 |    896 | data_req_o
     470* |       1 |     236 |       63 |      4 |    65 |    +0.7% |   -1.729 |    -1368.3 |     -209.2 |    896 | data_req_o
     480* |       4 |     241 |       64 |      4 |    66 |    +0.7% |   -1.875 |    -1428.2 |     -234.7 |    896 | data_req_o
     490* |       9 |     241 |       69 |      4 |    66 |    +0.7% |   -1.875 |    -1428.2 |     -234.7 |    896 | data_req_o
     500* |      14 |     241 |       74 |      4 |    66 |    +0.7% |   -1.875 |    -1428.2 |     -234.7 |    896 | data_req_o
     510* |      19 |     241 |       79 |      4 |    66 |    +0.7% |   -1.875 |    -1428.2 |     -234.7 |    896 | data_req_o
     517* |       1 |     236 |       62 |      4 |    63 |    +0.7% |   -1.695 |    -1366.0 |     -205.0 |    896 | data_req_o
     520* |       1 |     237 |       63 |      4 |    63 |    +0.7% |   -1.693 |    -1365.4 |     -204.9 |    896 | data_req_o
     530* |       2 |     244 |       64 |      4 |    64 |    +0.7% |   -1.762 |    -1406.5 |     -238.4 |    896 | data_req_o
     540* |       5 |     249 |       66 |      4 |    64 |    +0.7% |   -1.875 |    -1427.5 |     -259.8 |    896 | data_req_o
     550* |      10 |     249 |       71 |      4 |    64 |    +0.7% |   -1.875 |    -1427.5 |     -259.8 |    896 | data_req_o
     560* |      15 |     249 |       76 |      4 |    64 |    +0.7% |   -1.875 |    -1427.5 |     -259.8 |    896 | data_req_o
     570* |      20 |     249 |       81 |      4 |    64 |    +0.7% |   -1.875 |    -1427.5 |     -259.8 |    896 | data_req_o
     578* |       1 |     243 |       64 |      4 |    64 |    +0.7% |   -1.688 |    -1363.9 |     -229.0 |    896 | data_req_o
     580* |       2 |     243 |       64 |      4 |    64 |    +0.7% |   -1.762 |    -1406.5 |     -238.5 |    896 | data_req_o
     590* |       4 |     249 |       66 |      4 |    64 |    +0.7% |   -1.741 |    -1405.4 |     -235.8 |    896 | data_req_o
     600* |       9 |     249 |       71 |      4 |    64 |    +0.7% |   -1.741 |    -1405.4 |     -235.8 |    896 | data_req_o
     610* |      14 |     249 |       76 |      4 |    64 |    +0.7% |   -1.741 |    -1405.4 |     -235.8 |    896 | data_req_o
     620* |      19 |     249 |       81 |      4 |    64 |    +0.7% |   -1.741 |    -1405.4 |     -235.8 |    896 | data_req_o
     629* |       1 |     243 |       64 |      4 |    64 |    +0.7% |   -1.688 |    -1363.9 |     -229.0 |    896 | data_req_o
     630* |       1 |     243 |       64 |      4 |    64 |    +0.7% |   -1.688 |    -1363.9 |     -229.0 |    896 | data_req_o
     640* |       5 |     247 |       66 |      4 |    64 |    +0.7% |   -1.875 |    -1427.5 |     -259.9 |    896 | data_req_o
     650* |      10 |     247 |       71 |      4 |    64 |    +0.7% |   -1.875 |    -1427.5 |     -259.9 |    896 | data_req_o
     660* |      15 |     247 |       76 |      4 |    64 |    +0.7% |   -1.875 |    -1427.5 |     -259.9 |    896 | data_req_o
     670* |      20 |     247 |       81 |      4 |    64 |    +0.7% |   -1.875 |    -1427.5 |     -259.9 |    896 | data_req_o
     680* |      25 |     247 |       86 |      4 |    64 |    +0.7% |   -1.875 |    -1427.5 |     -259.9 |    896 | data_req_o
     680* |       1 |     243 |       64 |      4 |    64 |    +0.7% |   -1.688 |    -1363.9 |     -229.0 |    896 | data_req_o
     690* |       5 |     246 |       66 |      4 |    64 |    +0.7% |   -1.875 |    -1427.5 |     -259.9 |    896 | data_req_o
     700* |      10 |     246 |       71 |      4 |    64 |    +0.7% |   -1.875 |    -1427.5 |     -259.9 |    896 | data_req_o
     710* |      15 |     246 |       76 |      4 |    64 |    +0.7% |   -1.875 |    -1427.5 |     -259.9 |    896 | data_req_o
     720* |      20 |     246 |       81 |      4 |    64 |    +0.7% |   -1.875 |    -1427.5 |     -259.9 |    896 | data_req_o
     730* |      25 |     246 |       86 |      4 |    64 |    +0.7% |   -1.875 |    -1427.5 |     -259.9 |    896 | data_req_o
     731* |       1 |     243 |       64 |      4 |    64 |    +0.7% |   -1.688 |    -1363.9 |     -229.0 |    896 | data_req_o
     740* |       4 |     246 |       66 |      4 |    64 |    +0.7% |   -1.741 |    -1405.4 |     -236.0 |    896 | data_req_o
     750* |       9 |     246 |       71 |      4 |    64 |    +0.7% |   -1.741 |    -1405.4 |     -236.0 |    896 | data_req_o
     760* |      14 |     246 |       76 |      4 |    64 |    +0.7% |   -1.741 |    -1405.4 |     -236.0 |    896 | data_req_o
     770* |      19 |     246 |       81 |      4 |    64 |    +0.7% |   -1.741 |    -1405.4 |     -236.0 |    896 | data_req_o
     780* |      24 |     246 |       86 |      4 |    64 |    +0.7% |   -1.741 |    -1405.4 |     -236.0 |    896 | data_req_o
     782* |       1 |     243 |       64 |      4 |    64 |    +0.7% |   -1.688 |    -1363.9 |     -229.0 |    896 | data_req_o
     790* |       1 |     250 |       64 |      4 |    64 |    +0.7% |   -1.688 |    -1363.9 |     -228.0 |    896 | data_req_o
     790* |       1 |     250 |       64 |      4 |    64 |    +0.7% |   -1.688 |    -1363.9 |     -228.0 |    896 | data_req_o
     800* |       5 |     253 |       66 |      4 |    64 |    +0.7% |   -1.875 |    -1427.5 |     -258.7 |    896 | data_req_o
     810* |      10 |     253 |       71 |      4 |    64 |    +0.7% |   -1.875 |    -1427.5 |     -258.7 |    896 | data_req_o
     820* |      15 |     253 |       76 |      4 |    64 |    +0.7% |   -1.875 |    -1427.5 |     -258.7 |    896 | data_req_o
     830* |      20 |     253 |       81 |      4 |    64 |    +0.7% |   -1.875 |    -1427.5 |     -258.7 |    896 | data_req_o
     840* |      25 |     253 |       86 |      4 |    64 |    +0.7% |   -1.875 |    -1427.5 |     -258.7 |    896 | data_req_o
     841* |       1 |     250 |       64 |      4 |    64 |    +0.7% |   -1.688 |    -1363.9 |     -228.0 |    896 | data_req_o
     850* |       3 |     256 |       64 |      4 |    64 |    +0.7% |   -1.875 |    -1427.5 |     -258.6 |    896 | data_req_o
     860* |       8 |     256 |       69 |      4 |    64 |    +0.7% |   -1.875 |    -1427.5 |     -258.6 |    896 | data_req_o
     870* |      13 |     256 |       74 |      4 |    64 |    +0.7% |   -1.875 |    -1427.5 |     -258.6 |    896 | data_req_o
     880* |      18 |     256 |       79 |      4 |    64 |    +0.7% |   -1.875 |    -1427.5 |     -258.6 |    896 | data_req_o
     890* |      23 |     256 |       84 |      4 |    64 |    +0.7% |   -1.875 |    -1427.5 |     -258.6 |    896 | data_req_o
     892* |       1 |     250 |       64 |      4 |    64 |    +0.7% |   -1.688 |    -1363.9 |     -228.0 |    896 | data_req_o
     893* |       1 |     250 |       64 |      4 |    64 |    +0.7% |   -1.688 |    -1363.9 |     -228.0 |    896 | data_req_o
     900* |       2 |     255 |       64 |      4 |    64 |    +0.7% |   -1.743 |    -1405.5 |     -235.1 |    896 | data_req_o
     910* |       7 |     256 |       68 |      4 |    64 |    +0.7% |   -1.875 |    -1427.5 |     -258.7 |    896 | data_req_o
     920* |      12 |     256 |       73 |      4 |    64 |    +0.7% |   -1.875 |    -1427.5 |     -258.7 |    896 | data_req_o
     930* |      17 |     256 |       78 |      4 |    64 |    +0.7% |   -1.875 |    -1427.5 |     -258.7 |    896 | data_req_o
     940* |      22 |     256 |       83 |      4 |    64 |    +0.7% |   -1.875 |    -1427.5 |     -258.7 |    896 | data_req_o
     944* |       1 |     250 |       64 |      4 |    64 |    +0.7% |   -1.688 |    -1363.9 |     -228.0 |    896 | data_req_o
     945* |       1 |     250 |       64 |      4 |    64 |    +0.7% |   -1.688 |    -1363.9 |     -228.0 |    896 | data_req_o
     946* |       1 |     250 |       64 |      4 |    64 |    +0.7% |   -1.688 |    -1363.9 |     -228.0 |    896 | data_req_o
     947* |       1 |     250 |       64 |      4 |    64 |    +0.7% |   -1.688 |    -1363.9 |     -228.0 |    896 | data_req_o
     950* |       2 |     251 |       64 |      4 |    64 |    +0.7% |   -1.762 |    -1406.5 |     -237.4 |    896 | data_req_o
     960* |       5 |     256 |       66 |      4 |    64 |    +0.7% |   -1.875 |    -1427.5 |     -258.7 |    896 | data_req_o
     970* |      10 |     256 |       71 |      4 |    64 |    +0.7% |   -1.875 |    -1427.5 |     -258.7 |    896 | data_req_o
     980* |      15 |     256 |       76 |      4 |    64 |    +0.7% |   -1.875 |    -1427.5 |     -258.7 |    896 | data_req_o
     990* |      20 |     256 |       81 |      4 |    64 |    +0.7% |   -1.875 |    -1427.5 |     -258.7 |    896 | data_req_o
     998* |       1 |     250 |       64 |      4 |    64 |    +0.7% |   -1.688 |    -1363.9 |     -228.0 |    896 | data_req_o
     999* |       1 |     250 |       64 |      4 |    64 |    +0.7% |   -1.688 |    -1363.9 |     -228.0 |    896 | data_req_o
    1000* |       1 |     250 |       64 |      4 |    64 |    +0.7% |   -1.688 |    -1363.9 |     -228.0 |    896 | data_req_o
    1000* |       1 |     250 |       64 |      4 |    64 |    +0.7% |   -1.688 |    -1363.9 |     -228.0 |    896 | data_req_o
    1001* |       1 |     250 |       64 |      4 |    64 |    +0.7% |   -1.688 |    -1363.9 |     -228.0 |    896 | data_req_o
    1002* |       1 |     250 |       64 |      4 |    64 |    +0.7% |   -1.688 |    -1363.9 |     -228.0 |    896 | data_req_o
    1010* |       2 |     255 |       64 |      4 |    65 |    +0.7% |   -1.762 |    -1406.5 |     -236.8 |    896 | data_req_o
    1020* |       5 |     260 |       66 |      4 |    65 |    +0.7% |   -1.875 |    -1427.5 |     -258.0 |    896 | data_req_o
    1030* |      10 |     260 |       71 |      4 |    65 |    +0.7% |   -1.875 |    -1427.5 |     -258.0 |    896 | data_req_o
    1040* |      15 |     260 |       76 |      4 |    65 |    +0.7% |   -1.875 |    -1427.5 |     -258.0 |    896 | data_req_o
    1050* |      20 |     260 |       81 |      4 |    65 |    +0.7% |   -1.875 |    -1427.5 |     -258.0 |    896 | data_req_o
    1054* |       1 |     250 |       64 |      4 |    65 |    +0.7% |   -1.688 |    -1363.9 |     -228.0 |    896 | data_req_o
    1055* |       1 |     250 |       64 |      4 |    65 |    +0.7% |   -1.688 |    -1363.9 |     -228.0 |    896 | data_req_o
    1060* |       2 |     252 |       64 |      4 |    66 |    +0.7% |   -1.762 |    -1406.5 |     -237.3 |    896 | data_req_o
    1070* |       2 |     256 |       70 |      5 |    68 |    +0.7% |   -1.762 |    -1406.5 |     -236.9 |    896 | data_req_o
    1073* |       1 |     252 |       64 |      4 |    65 |    +0.7% |   -1.688 |    -1363.9 |     -227.9 |    896 | data_req_o
    1079* |       1 |     256 |       68 |      4 |    65 |    +0.7% |   -1.683 |    -1363.4 |     -225.7 |    896 | data_req_o
    1080* |       1 |     256 |       68 |      4 |    65 |    +0.7% |   -1.683 |    -1363.4 |     -225.7 |    896 | data_req_o
    1090* |       1 |     259 |       69 |      4 |    71 |    +0.7% |   -1.683 |    -1363.5 |     -205.8 |    896 | data_req_o
    1100* |       1 |     264 |       70 |      5 |    74 |    +0.7% |   -1.683 |    -1364.4 |     -203.1 |    896 | data_req_o
    1110* |       1 |     267 |       75 |      5 |    77 |    +0.8% |   -1.683 |    -1364.4 |     -228.3 |    896 | data_req_o
    1120* |       2 |     274 |       77 |      5 |    77 |    +0.8% |   -1.683 |    -1364.4 |     -233.9 |    896 | data_req_o
    1130* |       2 |     279 |       80 |      5 |    79 |    +0.8% |   -1.683 |    -1364.4 |     -230.6 |    896 | data_req_o
    1140* |       2 |     283 |       82 |      5 |    83 |    +0.8% |   -1.718 |    -1364.6 |     -237.3 |    896 | data_req_o
    1148* |       2 |     283 |       81 |      5 |    82 |    +0.8% |   -1.682 |    -1364.4 |     -227.6 |    896 | data_req_o
    1150* |       2 |     284 |       81 |      5 |    82 |    +0.8% |   -1.728 |    -1364.7 |     -240.0 |    896 | data_req_o
    1154* |       2 |     287 |       81 |      5 |    82 |    +0.8% |   -1.682 |    -1364.5 |     -227.6 |    896 | data_req_o
    1155* |       2 |     287 |       81 |      5 |    82 |    +0.8% |   -1.682 |    -1364.5 |     -227.6 |    896 | data_req_o
    1156* |       2 |     287 |       81 |      5 |    82 |    +0.8% |   -1.682 |    -1364.5 |     -227.6 |    896 | data_req_o
    1157* |       2 |     287 |       81 |      5 |    82 |    +0.8% |   -1.682 |    -1364.5 |     -227.6 |    896 | data_req_o
    1158* |       2 |     287 |       81 |      5 |    82 |    +0.8% |   -1.682 |    -1364.5 |     -227.6 |    896 | data_req_o
    1160* |       2 |     288 |       81 |      5 |    82 |    +0.8% |   -1.682 |    -1364.5 |     -226.9 |    896 | data_req_o
    1160* |       2 |     288 |       81 |      5 |    82 |    +0.8% |   -1.682 |    -1364.5 |     -226.9 |    896 | data_req_o
    1161* |       2 |     288 |       81 |      5 |    82 |    +0.8% |   -1.682 |    -1364.5 |     -226.9 |    896 | data_req_o
    1162* |       2 |     288 |       81 |      5 |    82 |    +0.8% |   -1.682 |    -1364.5 |     -226.9 |    896 | data_req_o
    1163* |       2 |     288 |       81 |      5 |    82 |    +0.8% |   -1.682 |    -1364.5 |     -226.9 |    896 | data_req_o
    1164* |       2 |     288 |       81 |      5 |    82 |    +0.8% |   -1.682 |    -1364.5 |     -226.9 |    896 | data_req_o
    1165* |       2 |     288 |       81 |      5 |    82 |    +0.8% |   -1.682 |    -1364.5 |     -226.9 |    896 | data_req_o
    1166* |       2 |     288 |       81 |      5 |    82 |    +0.8% |   -1.682 |    -1364.5 |     -226.9 |    896 | data_req_o
    1167* |       2 |     288 |       81 |      5 |    82 |    +0.8% |   -1.682 |    -1364.5 |     -226.9 |    896 | data_req_o
    1168* |       2 |     288 |       81 |      5 |    82 |    +0.8% |   -1.682 |    -1364.5 |     -226.9 |    896 | data_req_o
    1169* |       2 |     288 |       81 |      5 |    82 |    +0.8% |   -1.682 |    -1364.5 |     -226.9 |    896 | data_req_o
    1170* |       2 |     288 |       81 |      5 |    82 |    +0.8% |   -1.682 |    -1364.5 |     -226.9 |    896 | data_req_o
    1170* |       2 |     288 |       81 |      5 |    82 |    +0.8% |   -1.682 |    -1364.5 |     -226.9 |    896 | data_req_o
    1171* |       2 |     288 |       81 |      5 |    82 |    +0.8% |   -1.682 |    -1364.5 |     -226.9 |    896 | data_req_o
    1172* |       2 |     288 |       81 |      5 |    82 |    +0.8% |   -1.682 |    -1364.5 |     -226.9 |    896 | data_req_o
    1173* |       2 |     288 |       81 |      5 |    82 |    +0.8% |   -1.682 |    -1364.5 |     -226.9 |    896 | data_req_o
    1180* |       2 |     291 |       83 |      6 |    83 |    +0.8% |   -1.682 |    -1364.5 |     -229.1 |    896 | data_req_o
    1190* |       2 |     298 |       83 |      6 |    86 |    +0.8% |   -1.680 |    -1357.7 |     -224.1 |    896 | data_req_o
    1200* |       2 |     303 |       88 |      6 |    88 |    +0.9% |   -1.675 |    -1357.3 |     -223.4 |    896 | data_req_o
    1200* |       2 |     303 |       88 |      6 |    88 |    +0.9% |   -1.675 |    -1357.3 |     -223.4 |    896 | data_req_o
    1201* |       2 |     303 |       88 |      6 |    88 |    +0.9% |   -1.675 |    -1357.3 |     -223.4 |    896 | data_req_o
    1202* |       2 |     303 |       88 |      6 |    88 |    +0.9% |   -1.675 |    -1357.3 |     -223.4 |    896 | data_req_o
    1205* |       3 |     304 |       88 |      6 |    88 |    +0.9% |   -1.675 |    -1357.3 |     -223.0 |    896 | data_req_o
    1206* |       3 |     304 |       88 |      6 |    88 |    +0.9% |   -1.675 |    -1357.3 |     -223.0 |    896 | data_req_o
    1207* |       3 |     304 |       88 |      6 |    88 |    +0.9% |   -1.675 |    -1357.3 |     -223.0 |    896 | data_req_o
    1208* |       3 |     304 |       88 |      6 |    88 |    +0.9% |   -1.675 |    -1357.3 |     -223.0 |    896 | data_req_o
    1209* |       3 |     304 |       88 |      6 |    88 |    +0.9% |   -1.675 |    -1357.3 |     -223.0 |    896 | data_req_o
    1210* |       3 |     304 |       88 |      6 |    88 |    +0.9% |   -1.675 |    -1357.3 |     -223.0 |    896 | data_req_o
    1210* |       3 |     304 |       88 |      6 |    88 |    +0.9% |   -1.675 |    -1357.3 |     -223.0 |    896 | data_req_o
    1220* |       3 |     310 |       89 |      6 |    90 |    +0.9% |   -1.672 |    -1354.4 |     -222.6 |    896 | data_req_o
    1227* |       3 |     315 |       89 |      6 |    92 |    +0.9% |   -1.672 |    -1354.4 |     -222.0 |    896 | data_req_o
    1228* |       3 |     315 |       89 |      6 |    92 |    +0.9% |   -1.672 |    -1354.4 |     -222.0 |    896 | data_req_o
    1229* |       3 |     315 |       89 |      6 |    92 |    +0.9% |   -1.672 |    -1354.4 |     -222.0 |    896 | data_req_o
    1230* |       3 |     315 |       89 |      6 |    92 |    +0.9% |   -1.672 |    -1354.4 |     -222.0 |    896 | data_req_o
    1240* |       3 |     321 |       90 |      6 |    95 |    +0.9% |   -1.661 |    -1339.8 |     -220.4 |    896 | data_req_o
    1250* |       7 |     323 |       94 |      6 |    95 |    +0.9% |   -1.658 |    -1338.2 |     -220.2 |    896 | data_req_o
    1260* |      12 |     323 |       99 |      6 |    95 |    +0.9% |   -1.658 |    -1338.2 |     -220.2 |    896 | data_req_o
    1270* |      17 |     323 |      104 |      6 |    95 |    +0.9% |   -1.658 |    -1338.2 |     -220.2 |    896 | data_req_o
    1280* |      22 |     323 |      109 |      6 |    95 |    +0.9% |   -1.658 |    -1338.2 |     -220.2 |    896 | data_req_o
    1290* |      27 |     323 |      114 |      6 |    95 |    +0.9% |   -1.658 |    -1338.2 |     -220.2 |    896 | data_req_o
    1294* |       4 |     323 |       91 |      6 |    95 |    +0.9% |   -1.658 |    -1338.2 |     -220.2 |    896 | data_req_o
    1300* |       4 |     326 |       91 |      6 |    97 |    +0.9% |   -1.658 |    -1338.2 |     -219.7 |    896 | data_req_o
    1310* |       6 |     331 |       95 |      6 |    97 |    +0.9% |   -1.806 |    -1361.2 |     -243.2 |    896 | data_req_o
    1320* |      11 |     331 |      100 |      6 |    97 |    +0.9% |   -1.806 |    -1361.2 |     -243.2 |    896 | data_req_o
    1330* |      16 |     331 |      105 |      6 |    97 |    +0.9% |   -1.806 |    -1361.2 |     -243.2 |    896 | data_req_o
    1340* |      21 |     331 |      110 |      6 |    97 |    +0.9% |   -1.806 |    -1361.2 |     -243.2 |    896 | data_req_o
    1350* |      26 |     331 |      115 |      6 |    97 |    +0.9% |   -1.806 |    -1361.2 |     -243.2 |    896 | data_req_o
    1355* |       4 |     331 |       91 |      6 |    97 |    +0.9% |   -1.658 |    -1338.2 |     -219.7 |    896 | data_req_o
    1360* |       4 |     333 |       92 |      6 |    98 |    +0.9% |   -1.658 |    -1338.2 |     -220.6 |    896 | data_req_o
    1370* |       9 |     334 |       96 |      6 |    98 |    +0.9% |   -1.806 |    -1361.2 |     -243.1 |    896 | data_req_o
    1380* |      14 |     334 |      101 |      6 |    98 |    +0.9% |   -1.806 |    -1361.2 |     -243.1 |    896 | data_req_o
    1390* |      19 |     334 |      106 |      6 |    98 |    +0.9% |   -1.806 |    -1361.2 |     -243.1 |    896 | data_req_o
    1400* |      24 |     334 |      111 |      6 |    98 |    +0.9% |   -1.806 |    -1361.2 |     -243.1 |    896 | data_req_o
    1400* |       4 |     334 |       92 |      6 |    98 |    +0.9% |   -1.658 |    -1338.2 |     -220.6 |    896 | data_req_o
    1410* |       5 |     340 |       93 |      6 |    99 |    +0.9% |   -1.806 |    -1361.2 |     -242.6 |    896 | data_req_o
    1420* |      10 |     340 |       98 |      6 |    99 |    +0.9% |   -1.806 |    -1361.2 |     -242.6 |    896 | data_req_o
    1430* |      15 |     340 |      103 |      6 |    99 |    +0.9% |   -1.806 |    -1361.2 |     -242.6 |    896 | data_req_o
    1440* |      20 |     340 |      108 |      6 |    99 |    +0.9% |   -1.806 |    -1361.2 |     -242.6 |    896 | data_req_o
    1450* |      25 |     340 |      113 |      6 |    99 |    +0.9% |   -1.806 |    -1361.2 |     -242.6 |    896 | data_req_o
    1459* |       4 |     340 |       93 |      6 |    99 |    +0.9% |   -1.658 |    -1338.2 |     -220.1 |    896 | data_req_o
    1460* |       4 |     340 |       93 |      6 |    99 |    +0.9% |   -1.658 |    -1338.2 |     -220.1 |    896 | data_req_o
    1470* |       8 |     341 |       98 |      6 |    99 |    +0.9% |   -1.658 |    -1338.2 |     -220.2 |    896 | data_req_o
    1480* |      13 |     341 |      103 |      6 |    99 |    +0.9% |   -1.658 |    -1338.2 |     -220.2 |    896 | data_req_o
    1490* |      18 |     341 |      108 |      6 |    99 |    +0.9% |   -1.658 |    -1338.2 |     -220.2 |    896 | data_req_o
    1500* |      23 |     341 |      113 |      6 |    99 |    +0.9% |   -1.658 |    -1338.2 |     -220.2 |    896 | data_req_o
    1510* |      28 |     341 |      118 |      6 |    99 |    +0.9% |   -1.658 |    -1338.2 |     -220.2 |    896 | data_req_o
    1512* |       4 |     341 |       94 |      6 |    99 |    +0.9% |   -1.658 |    -1338.2 |     -220.2 |    896 | data_req_o
    1514* |       4 |     342 |       94 |      6 |    99 |    +0.9% |   -1.658 |    -1338.2 |     -219.5 |    896 | data_req_o
    1520* |       4 |     346 |       94 |      6 |   100 |    +1.0% |   -1.658 |    -1338.2 |     -219.0 |    896 | data_req_o
    1530* |       9 |     346 |       99 |      6 |   100 |    +1.0% |   -1.658 |    -1338.2 |     -219.0 |    896 | data_req_o
    1540* |      14 |     346 |      104 |      6 |   100 |    +1.0% |   -1.658 |    -1338.2 |     -219.0 |    896 | data_req_o
    1550* |      19 |     346 |      109 |      6 |   100 |    +1.0% |   -1.658 |    -1338.2 |     -219.0 |    896 | data_req_o
    1560* |      24 |     346 |      114 |      6 |   100 |    +1.0% |   -1.658 |    -1338.2 |     -219.0 |    896 | data_req_o
    1570* |      29 |     346 |      119 |      6 |   100 |    +1.0% |   -1.658 |    -1338.2 |     -219.0 |    896 | data_req_o
    1570* |       4 |     346 |       94 |      6 |   100 |    +1.0% |   -1.658 |    -1338.2 |     -219.0 |    896 | data_req_o
    1580* |       8 |     346 |       98 |      6 |   101 |    +1.0% |   -1.658 |    -1338.2 |     -219.1 |    896 | data_req_o
    1590* |      13 |     346 |      103 |      6 |   101 |    +1.0% |   -1.658 |    -1338.2 |     -219.1 |    896 | data_req_o
    1600* |      18 |     346 |      108 |      6 |   101 |    +1.0% |   -1.658 |    -1338.2 |     -219.1 |    896 | data_req_o
    1610* |      23 |     346 |      113 |      6 |   101 |    +1.0% |   -1.658 |    -1338.2 |     -219.1 |    896 | data_req_o
    1620* |      28 |     346 |      118 |      6 |   101 |    +1.0% |   -1.658 |    -1338.2 |     -219.1 |    896 | data_req_o
    1621* |       4 |     346 |       94 |      6 |   100 |    +1.0% |   -1.658 |    -1338.2 |     -219.0 |    896 | data_req_o
    1630* |       7 |     349 |       96 |      6 |   100 |    +0.9% |   -1.806 |    -1361.2 |     -241.3 |    896 | data_req_o
    1640* |      12 |     349 |      101 |      6 |   100 |    +0.9% |   -1.806 |    -1361.2 |     -241.3 |    896 | data_req_o
    1650* |      17 |     349 |      106 |      6 |   100 |    +0.9% |   -1.806 |    -1361.2 |     -241.3 |    896 | data_req_o
    1660* |      22 |     349 |      111 |      6 |   100 |    +0.9% |   -1.806 |    -1361.2 |     -241.3 |    896 | data_req_o
    1670* |      27 |     349 |      116 |      6 |   100 |    +0.9% |   -1.806 |    -1361.2 |     -241.3 |    896 | data_req_o
    1675* |       4 |     349 |       94 |      6 |   100 |    +1.0% |   -1.658 |    -1338.2 |     -219.0 |    896 | data_req_o
    1676* |       4 |     349 |       94 |      6 |   100 |    +1.0% |   -1.658 |    -1338.2 |     -219.0 |    896 | data_req_o
    1680* |       5 |     350 |       95 |      6 |   100 |    +1.0% |   -1.658 |    -1338.2 |     -219.0 |    896 | data_req_o
    1690* |      10 |     350 |      100 |      6 |   100 |    +1.0% |   -1.658 |    -1338.2 |     -219.0 |    896 | data_req_o
    1700* |      15 |     350 |      105 |      6 |   100 |    +1.0% |   -1.658 |    -1338.2 |     -219.0 |    896 | data_req_o
    1710* |      20 |     350 |      110 |      6 |   100 |    +1.0% |   -1.658 |    -1338.2 |     -219.0 |    896 | data_req_o
    1720* |      25 |     350 |      115 |      6 |   100 |    +1.0% |   -1.658 |    -1338.2 |     -219.0 |    896 | data_req_o
    1728* |       4 |     350 |       94 |      6 |   100 |    +1.0% |   -1.658 |    -1338.2 |     -219.0 |    896 | data_req_o
    1730* |       4 |     351 |       94 |      6 |   100 |    +1.0% |   -1.658 |    -1338.2 |     -218.9 |    896 | data_req_o
    1740* |       9 |     351 |       99 |      6 |   100 |    +1.0% |   -1.658 |    -1338.2 |     -218.9 |    896 | data_req_o
    1750* |      14 |     351 |      104 |      6 |   100 |    +1.0% |   -1.658 |    -1338.2 |     -218.9 |    896 | data_req_o
    1760* |      19 |     351 |      109 |      6 |   100 |    +1.0% |   -1.658 |    -1338.2 |     -218.9 |    896 | data_req_o
    1770* |      24 |     351 |      114 |      6 |   100 |    +1.0% |   -1.658 |    -1338.2 |     -218.9 |    896 | data_req_o
    1780* |      29 |     351 |      119 |      6 |   100 |    +1.0% |   -1.658 |    -1338.2 |     -218.9 |    896 | data_req_o
    1780* |       4 |     351 |       94 |      6 |   100 |    +1.0% |   -1.658 |    -1338.2 |     -218.9 |    896 | data_req_o
    1790* |       8 |     353 |       97 |      6 |   100 |    +0.9% |   -1.806 |    -1361.2 |     -241.2 |    896 | data_req_o
    1800* |      13 |     353 |      102 |      6 |   100 |    +0.9% |   -1.806 |    -1361.2 |     -241.2 |    896 | data_req_o
    1800* |       4 |     353 |       94 |      6 |   100 |    +1.0% |   -1.658 |    -1338.2 |     -218.9 |    896 | data_req_o
    1810* |       8 |     355 |       97 |      6 |   100 |    +0.9% |   -1.806 |    -1361.2 |     -241.2 |    896 | data_req_o
    1820* |      13 |     355 |      102 |      6 |   100 |    +0.9% |   -1.806 |    -1361.2 |     -241.2 |    896 | data_req_o
    1830* |      18 |     355 |      107 |      6 |   100 |    +0.9% |   -1.806 |    -1361.2 |     -241.2 |    896 | data_req_o
    1840* |      23 |     355 |      112 |      6 |   100 |    +0.9% |   -1.806 |    -1361.2 |     -241.2 |    896 | data_req_o
    1850* |      28 |     355 |      117 |      6 |   100 |    +0.9% |   -1.806 |    -1361.2 |     -241.2 |    896 | data_req_o
    1853* |       4 |     355 |       94 |      6 |   100 |    +1.0% |   -1.658 |    -1338.2 |     -218.8 |    896 | data_req_o
    1860* |       5 |     359 |       94 |      6 |   101 |    +1.0% |   -1.806 |    -1361.2 |     -241.1 |    896 | data_req_o
    1870* |      10 |     359 |       99 |      6 |   101 |    +1.0% |   -1.806 |    -1361.2 |     -241.1 |    896 | data_req_o
    1880* |      15 |     359 |      104 |      6 |   101 |    +1.0% |   -1.806 |    -1361.2 |     -241.1 |    896 | data_req_o
    1890* |      20 |     359 |      109 |      6 |   101 |    +1.0% |   -1.806 |    -1361.2 |     -241.1 |    896 | data_req_o
    1900* |      25 |     359 |      114 |      6 |   101 |    +1.0% |   -1.806 |    -1361.2 |     -241.1 |    896 | data_req_o
    1907* |       4 |     357 |       94 |      6 |   101 |    +1.0% |   -1.658 |    -1338.2 |     -218.7 |    896 | data_req_o
    1909* |       4 |     358 |       94 |      6 |   101 |    +1.0% |   -1.658 |    -1338.2 |     -218.7 |    896 | data_req_o
    1910* |       4 |     358 |       94 |      6 |   101 |    +1.0% |   -1.658 |    -1338.2 |     -218.7 |    896 | data_req_o
    1920* |       9 |     359 |       98 |      6 |   101 |    +1.0% |   -1.806 |    -1361.2 |     -241.0 |    896 | data_req_o
    1930* |      14 |     359 |      103 |      6 |   101 |    +1.0% |   -1.806 |    -1361.2 |     -241.0 |    896 | data_req_o
    1940* |      19 |     359 |      108 |      6 |   101 |    +1.0% |   -1.806 |    -1361.2 |     -241.0 |    896 | data_req_o
    1950* |      24 |     359 |      113 |      6 |   101 |    +1.0% |   -1.806 |    -1361.2 |     -241.0 |    896 | data_req_o
    1960* |      29 |     359 |      118 |      6 |   101 |    +1.0% |   -1.806 |    -1361.2 |     -241.0 |    896 | data_req_o
    1961* |       4 |     359 |       94 |      6 |   101 |    +1.0% |   -1.658 |    -1338.2 |     -218.7 |    896 | data_req_o
    1970* |       7 |     360 |       96 |      7 |   102 |    +1.0% |   -1.806 |    -1361.2 |     -241.1 |    896 | data_req_o
    1980* |      12 |     360 |      101 |      7 |   102 |    +1.0% |   -1.806 |    -1361.2 |     -241.1 |    896 | data_req_o
    1990* |      17 |     360 |      106 |      7 |   102 |    +1.0% |   -1.806 |    -1361.2 |     -241.1 |    896 | data_req_o
    2000* |      22 |     360 |      111 |      7 |   102 |    +1.0% |   -1.806 |    -1361.2 |     -241.1 |    896 | data_req_o
    2000* |       4 |     360 |       94 |      6 |   101 |    +1.0% |   -1.658 |    -1338.2 |     -218.7 |    896 | data_req_o
    2003* |       4 |     362 |       94 |      6 |   101 |    +1.0% |   -1.658 |    -1338.2 |     -218.1 |    896 | data_req_o
    2010* |       6 |     364 |       96 |      6 |   101 |    +1.0% |   -1.658 |    -1338.2 |     -218.1 |    896 | data_req_o
    2020* |      11 |     364 |      101 |      6 |   101 |    +1.0% |   -1.658 |    -1338.2 |     -218.1 |    896 | data_req_o
    2030* |      16 |     364 |      106 |      6 |   101 |    +1.0% |   -1.658 |    -1338.2 |     -218.1 |    896 | data_req_o
    2040* |      21 |     364 |      111 |      6 |   101 |    +1.0% |   -1.658 |    -1338.2 |     -218.1 |    896 | data_req_o
    2050* |      26 |     364 |      116 |      6 |   101 |    +1.0% |   -1.658 |    -1338.2 |     -218.1 |    896 | data_req_o
    2055* |       4 |     363 |       94 |      6 |   101 |    +1.0% |   -1.658 |    -1338.2 |     -218.1 |    896 | data_req_o
    2056* |       4 |     363 |       94 |      6 |   101 |    +1.0% |   -1.658 |    -1338.2 |     -218.1 |    896 | data_req_o
    2060* |       5 |     364 |       95 |      6 |   101 |    +1.0% |   -1.658 |    -1338.2 |     -218.1 |    896 | data_req_o
    2070* |      10 |     364 |      100 |      6 |   101 |    +1.0% |   -1.658 |    -1338.2 |     -218.1 |    896 | data_req_o
    2080* |      15 |     364 |      105 |      6 |   101 |    +1.0% |   -1.658 |    -1338.2 |     -218.1 |    896 | data_req_o
    2090* |      20 |     364 |      110 |      6 |   101 |    +1.0% |   -1.658 |    -1338.2 |     -218.1 |    896 | data_req_o
    2100* |      25 |     364 |      115 |      6 |   101 |    +1.0% |   -1.658 |    -1338.2 |     -218.1 |    896 | data_req_o
    2108* |       4 |     364 |       94 |      6 |   101 |    +1.0% |   -1.658 |    -1338.2 |     -218.1 |    896 | data_req_o
    2110* |       4 |     365 |       94 |      6 |   101 |    +1.0% |   -1.658 |    -1338.2 |     -218.1 |    896 | data_req_o
    2120* |       9 |     365 |       99 |      6 |   101 |    +1.0% |   -1.658 |    -1338.2 |     -218.1 |    896 | data_req_o
    2130* |      14 |     365 |      104 |      6 |   101 |    +1.0% |   -1.658 |    -1338.2 |     -218.1 |    896 | data_req_o
    2140* |      19 |     365 |      109 |      6 |   101 |    +1.0% |   -1.658 |    -1338.2 |     -218.1 |    896 | data_req_o
    2150* |      24 |     365 |      114 |      6 |   101 |    +1.0% |   -1.658 |    -1338.2 |     -218.1 |    896 | data_req_o
    2160* |      29 |     365 |      119 |      6 |   101 |    +1.0% |   -1.658 |    -1338.2 |     -218.1 |    896 | data_req_o
    2160* |       4 |     365 |       94 |      6 |   101 |    +1.0% |   -1.658 |    -1338.2 |     -218.1 |    896 | data_req_o
    2170* |       8 |     366 |       97 |      6 |   102 |    +1.0% |   -1.806 |    -1361.2 |     -238.3 |    896 | data_req_o
    2180* |      13 |     366 |      102 |      6 |   102 |    +1.0% |   -1.806 |    -1361.2 |     -238.3 |    896 | data_req_o
    2190* |      18 |     366 |      107 |      6 |   102 |    +1.0% |   -1.806 |    -1361.2 |     -238.3 |    896 | data_req_o
    2200* |      23 |     366 |      112 |      6 |   102 |    +1.0% |   -1.806 |    -1361.2 |     -238.3 |    896 | data_req_o
    2200* |       4 |     365 |       94 |      6 |   101 |    +1.0% |   -1.658 |    -1338.2 |     -218.1 |    896 | data_req_o
    2201* |       4 |     365 |       94 |      6 |   101 |    +1.0% |   -1.658 |    -1338.2 |     -218.1 |    896 | data_req_o
    2210* |       4 |     371 |       94 |      6 |   103 |    +1.0% |   -1.670 |    -1337.9 |     -217.4 |    896 | data_req_o
    2220* |       4 |     376 |       95 |      6 |   107 |    +1.0% |   -1.673 |    -1335.5 |     -215.6 |    896 | data_req_o
    2223* |       4 |     367 |       94 |      6 |   101 |    +1.0% |   -1.658 |    -1338.2 |     -217.8 |    896 | data_req_o
    2230* |       7 |     367 |       97 |      6 |   101 |    +1.0% |   -1.658 |    -1338.2 |     -217.8 |    896 | data_req_o
    2240* |      12 |     367 |      102 |      6 |   101 |    +1.0% |   -1.658 |    -1338.2 |     -217.8 |    896 | data_req_o
    2250* |      17 |     367 |      107 |      6 |   101 |    +1.0% |   -1.658 |    -1338.2 |     -217.8 |    896 | data_req_o
    2260* |      22 |     367 |      112 |      6 |   101 |    +1.0% |   -1.658 |    -1338.2 |     -217.8 |    896 | data_req_o
    2270* |      27 |     367 |      117 |      6 |   101 |    +1.0% |   -1.658 |    -1338.2 |     -217.8 |    896 | data_req_o
    2274* |       4 |     367 |       94 |      6 |   101 |    +1.0% |   -1.658 |    -1338.2 |     -217.8 |    896 | data_req_o
    2280* |       6 |     368 |       96 |      6 |   101 |    +1.0% |   -1.658 |    -1338.2 |     -217.8 |    896 | data_req_o
    2290* |      11 |     368 |      101 |      6 |   101 |    +1.0% |   -1.658 |    -1338.2 |     -217.8 |    896 | data_req_o
    2300* |      16 |     368 |      106 |      6 |   101 |    +1.0% |   -1.658 |    -1338.2 |     -217.8 |    896 | data_req_o
    2310* |      21 |     368 |      111 |      6 |   101 |    +1.0% |   -1.658 |    -1338.2 |     -217.8 |    896 | data_req_o
    2320* |      26 |     368 |      116 |      6 |   101 |    +1.0% |   -1.658 |    -1338.2 |     -217.8 |    896 | data_req_o
    2326* |       4 |     368 |       94 |      6 |   101 |    +1.0% |   -1.658 |    -1338.2 |     -217.8 |    896 | data_req_o
    2330* |       5 |     369 |       95 |      6 |   101 |    +1.0% |   -1.658 |    -1338.2 |     -217.8 |    896 | data_req_o
    2340* |      10 |     369 |      100 |      6 |   101 |    +1.0% |   -1.658 |    -1338.2 |     -217.8 |    896 | data_req_o
    2350* |      15 |     369 |      105 |      6 |   101 |    +1.0% |   -1.658 |    -1338.2 |     -217.8 |    896 | data_req_o
    2360* |      20 |     369 |      110 |      6 |   101 |    +1.0% |   -1.658 |    -1338.2 |     -217.8 |    896 | data_req_o
    2370* |      25 |     369 |      115 |      6 |   101 |    +1.0% |   -1.658 |    -1338.2 |     -217.8 |    896 | data_req_o
    2378* |       4 |     369 |       94 |      6 |   101 |    +1.0% |   -1.658 |    -1338.2 |     -217.8 |    896 | data_req_o
    2380* |       4 |     369 |       94 |      6 |   102 |    +1.0% |   -1.658 |    -1338.2 |     -217.7 |    896 | data_req_o
    2390* |       9 |     369 |      100 |      6 |   102 |    +1.0% |   -1.806 |    -1361.2 |     -238.0 |    896 | data_req_o
    2400* |      14 |     369 |      105 |      6 |   102 |    +1.0% |   -1.806 |    -1361.2 |     -238.0 |    896 | data_req_o
    2400* |       4 |     369 |       96 |      6 |   102 |    +1.0% |   -1.658 |    -1338.2 |     -217.4 |    896 | data_req_o
    2410* |       8 |     370 |      100 |      6 |   102 |    +1.0% |   -1.658 |    -1338.2 |     -217.4 |    896 | data_req_o
    2420* |      13 |     370 |      105 |      6 |   102 |    +1.0% |   -1.658 |    -1338.2 |     -217.4 |    896 | data_req_o
    2430* |      18 |     370 |      110 |      6 |   102 |    +1.0% |   -1.658 |    -1338.2 |     -217.4 |    896 | data_req_o
    2440* |      23 |     370 |      115 |      6 |   102 |    +1.0% |   -1.658 |    -1338.2 |     -217.4 |    896 | data_req_o
    2450* |      28 |     370 |      120 |      6 |   102 |    +1.0% |   -1.658 |    -1338.2 |     -217.4 |    896 | data_req_o
    2452* |       4 |     370 |       96 |      6 |   102 |    +1.0% |   -1.658 |    -1338.2 |     -217.4 |    896 | data_req_o
    2453* |       4 |     370 |       96 |      6 |   102 |    +1.0% |   -1.658 |    -1338.2 |     -217.4 |    896 | data_req_o
    2460* |       5 |     373 |       97 |      6 |   103 |    +1.0% |   -1.658 |    -1338.2 |     -217.3 |    896 | data_req_o
    2470* |      10 |     373 |      102 |      6 |   103 |    +1.0% |   -1.658 |    -1338.2 |     -217.3 |    896 | data_req_o
    2480* |      15 |     373 |      107 |      6 |   103 |    +1.0% |   -1.658 |    -1338.2 |     -217.3 |    896 | data_req_o
    2490* |      20 |     373 |      112 |      6 |   103 |    +1.0% |   -1.658 |    -1338.2 |     -217.3 |    896 | data_req_o
    2500* |      25 |     373 |      117 |      6 |   103 |    +1.0% |   -1.658 |    -1338.2 |     -217.3 |    896 | data_req_o
    2508* |       4 |     373 |       96 |      6 |   103 |    +1.0% |   -1.658 |    -1338.2 |     -217.3 |    896 | data_req_o
    2510* |       4 |     374 |       96 |      6 |   103 |    +1.0% |   -1.658 |    -1338.2 |     -217.3 |    896 | data_req_o
    2520* |       9 |     374 |      101 |      6 |   103 |    +1.0% |   -1.658 |    -1338.2 |     -217.3 |    896 | data_req_o
    2530* |      14 |     374 |      106 |      6 |   103 |    +1.0% |   -1.658 |    -1338.2 |     -217.3 |    896 | data_req_o
    2540* |      19 |     374 |      111 |      6 |   103 |    +1.0% |   -1.658 |    -1338.2 |     -217.3 |    896 | data_req_o
    2550* |      24 |     374 |      116 |      6 |   103 |    +1.0% |   -1.658 |    -1338.2 |     -217.3 |    896 | data_req_o
    2560* |      29 |     374 |      121 |      6 |   103 |    +1.0% |   -1.658 |    -1338.2 |     -217.3 |    896 | data_req_o
    2560* |       4 |     374 |       96 |      6 |   103 |    +1.0% |   -1.658 |    -1338.2 |     -217.3 |    896 | data_req_o
    2570* |       8 |     374 |       99 |      7 |   104 |    +1.0% |   -1.806 |    -1361.2 |     -238.1 |    896 | data_req_o
    2580* |      13 |     374 |      104 |      7 |   104 |    +1.0% |   -1.806 |    -1361.2 |     -238.1 |    896 | data_req_o
    2590* |      18 |     374 |      109 |      7 |   104 |    +1.0% |   -1.806 |    -1361.2 |     -238.1 |    896 | data_req_o
    2600* |      23 |     374 |      114 |      7 |   104 |    +1.0% |   -1.806 |    -1361.2 |     -238.1 |    896 | data_req_o
    2600* |       4 |     374 |       96 |      7 |   104 |    +1.0% |   -1.658 |    -1338.2 |     -217.5 |    896 | data_req_o
    2601* |       4 |     374 |       96 |      7 |   104 |    +1.0% |   -1.658 |    -1338.2 |     -217.5 |    896 | data_req_o
    2602* |       4 |     374 |       96 |      7 |   104 |    +1.0% |   -1.658 |    -1338.2 |     -217.5 |    896 | data_req_o
    2610* |       7 |     376 |       98 |      7 |   104 |    +1.0% |   -1.806 |    -1361.2 |     -238.0 |    896 | data_req_o
    2620* |      12 |     376 |      103 |      7 |   104 |    +1.0% |   -1.806 |    -1361.2 |     -238.0 |    896 | data_req_o
    2630* |      17 |     376 |      108 |      7 |   104 |    +1.0% |   -1.806 |    -1361.2 |     -238.0 |    896 | data_req_o
    2640* |      22 |     376 |      113 |      7 |   104 |    +1.0% |   -1.806 |    -1361.2 |     -238.0 |    896 | data_req_o
    2650* |      27 |     376 |      118 |      7 |   104 |    +1.0% |   -1.806 |    -1361.2 |     -238.0 |    896 | data_req_o
    2655* |       4 |     376 |       96 |      7 |   104 |    +1.0% |   -1.658 |    -1338.2 |     -217.5 |    896 | data_req_o
    2660* |       5 |     378 |       97 |      7 |   104 |    +1.0% |   -1.658 |    -1338.2 |     -217.4 |    896 | data_req_o
    2670* |      10 |     378 |      102 |      7 |   104 |    +1.0% |   -1.658 |    -1338.2 |     -217.4 |    896 | data_req_o
    2680* |      15 |     378 |      107 |      7 |   104 |    +1.0% |   -1.658 |    -1338.2 |     -217.4 |    896 | data_req_o
    2690* |      20 |     378 |      112 |      7 |   104 |    +1.0% |   -1.658 |    -1338.2 |     -217.4 |    896 | data_req_o
    2700* |      25 |     378 |      117 |      7 |   104 |    +1.0% |   -1.658 |    -1338.2 |     -217.4 |    896 | data_req_o
    2708* |       4 |     378 |       96 |      7 |   104 |    +1.0% |   -1.658 |    -1338.2 |     -217.4 |    896 | data_req_o
    2710* |       4 |     379 |       96 |      7 |   104 |    +1.0% |   -1.658 |    -1338.2 |     -217.4 |    896 | data_req_o
    2720* |       7 |     381 |       99 |      7 |   106 |    +1.0% |   -1.658 |    -1338.2 |     -217.3 |    896 | data_req_o
    2730* |      12 |     381 |      104 |      7 |   106 |    +1.0% |   -1.658 |    -1338.2 |     -217.3 |    896 | data_req_o
    2740* |      17 |     381 |      109 |      7 |   106 |    +1.0% |   -1.658 |    -1338.2 |     -217.3 |    896 | data_req_o
    2750* |      22 |     381 |      114 |      7 |   106 |    +1.0% |   -1.658 |    -1338.2 |     -217.3 |    896 | data_req_o
    2760* |      27 |     381 |      119 |      7 |   106 |    +1.0% |   -1.658 |    -1338.2 |     -217.3 |    896 | data_req_o
    2764* |       4 |     381 |       96 |      7 |   106 |    +1.0% |   -1.658 |    -1338.2 |     -217.3 |    896 | data_req_o
    2770* |       6 |     381 |       98 |      7 |   107 |    +1.0% |   -1.658 |    -1338.2 |     -217.3 |    896 | data_req_o
    2780* |      11 |     381 |      103 |      7 |   107 |    +1.0% |   -1.658 |    -1338.2 |     -217.3 |    896 | data_req_o
    2790* |      16 |     381 |      108 |      7 |   107 |    +1.0% |   -1.658 |    -1338.2 |     -217.3 |    896 | data_req_o
    2800* |      21 |     381 |      113 |      7 |   107 |    +1.0% |   -1.658 |    -1338.2 |     -217.3 |    896 | data_req_o
    2800* |       4 |     381 |       96 |      7 |   106 |    +1.0% |   -1.658 |    -1338.2 |     -217.3 |    896 | data_req_o
    2808* |       4 |     388 |       96 |      7 |   106 |    +1.0% |   -1.658 |    -1338.2 |     -178.9 |    896 | data_req_o
    2810* |       4 |     389 |       96 |      7 |   106 |    +1.0% |   -1.658 |    -1338.2 |     -178.9 |    896 | data_req_o
    2820* |       7 |     391 |      100 |      7 |   107 |    +1.0% |   -1.658 |    -1338.2 |     -179.0 |    896 | data_req_o
    2830* |      12 |     391 |      105 |      7 |   107 |    +1.0% |   -1.658 |    -1338.2 |     -179.0 |    896 | data_req_o
    2840* |      17 |     391 |      110 |      7 |   107 |    +1.0% |   -1.658 |    -1338.2 |     -179.0 |    896 | data_req_o
    2850* |      22 |     391 |      115 |      7 |   107 |    +1.0% |   -1.658 |    -1338.2 |     -179.0 |    896 | data_req_o
    2860* |      27 |     391 |      120 |      7 |   107 |    +1.0% |   -1.658 |    -1338.2 |     -179.0 |    896 | data_req_o
    2864* |       4 |     391 |       97 |      7 |   107 |    +1.0% |   -1.658 |    -1338.2 |     -179.0 |    896 | data_req_o
    2865* |       4 |     391 |       97 |      7 |   107 |    +1.0% |   -1.658 |    -1338.2 |     -179.0 |    896 | data_req_o
    2866* |       4 |     391 |       97 |      7 |   107 |    +1.0% |   -1.658 |    -1338.2 |     -179.0 |    896 | data_req_o
    2867* |       4 |     391 |       97 |      7 |   107 |    +1.0% |   -1.658 |    -1338.2 |     -179.0 |    896 | data_req_o
    2870* |       4 |     393 |       97 |      7 |   107 |    +1.0% |   -1.658 |    -1338.2 |     -137.5 |    896 | data_req_o
    2880* |       4 |     403 |       97 |      7 |   107 |    +1.1% |   -1.658 |    -1336.1 |      -93.0 |    896 | data_req_o
    2886* |       4 |     407 |       99 |      7 |   108 |    +1.1% |   -1.658 |    -1336.1 |      -87.9 |    896 | data_req_o
    2887* |       4 |     407 |       99 |      7 |   108 |    +1.1% |   -1.658 |    -1336.1 |      -87.9 |    896 | data_req_o
    2890* |       5 |     408 |       99 |      7 |   108 |    +1.1% |   -1.806 |    -1359.1 |     -108.5 |    896 | data_req_o
    2900* |      10 |     408 |      104 |      7 |   108 |    +1.1% |   -1.806 |    -1359.1 |     -108.5 |    896 | data_req_o
    2910* |      15 |     408 |      109 |      7 |   108 |    +1.1% |   -1.806 |    -1359.1 |     -108.5 |    896 | data_req_o
    2920* |      20 |     408 |      114 |      7 |   108 |    +1.1% |   -1.806 |    -1359.1 |     -108.5 |    896 | data_req_o
    2930* |      25 |     408 |      119 |      7 |   108 |    +1.1% |   -1.806 |    -1359.1 |     -108.5 |    896 | data_req_o
    2939* |       4 |     408 |       99 |      7 |   108 |    +1.1% |   -1.658 |    -1336.1 |      -87.9 |    896 | data_req_o
    2940* |       4 |     408 |       99 |      7 |   108 |    +1.1% |   -1.658 |    -1336.1 |      -87.9 |    896 | data_req_o
    2950* |       8 |     411 |      102 |      7 |   108 |    +1.1% |   -1.806 |    -1359.1 |     -108.4 |    896 | data_req_o
    2960* |      13 |     411 |      107 |      7 |   108 |    +1.1% |   -1.806 |    -1359.1 |     -108.4 |    896 | data_req_o
    2970* |      18 |     411 |      112 |      7 |   108 |    +1.1% |   -1.806 |    -1359.1 |     -108.4 |    896 | data_req_o
    2980* |      23 |     411 |      117 |      7 |   108 |    +1.1% |   -1.806 |    -1359.1 |     -108.4 |    896 | data_req_o
    2990* |      28 |     411 |      122 |      7 |   108 |    +1.1% |   -1.806 |    -1359.1 |     -108.4 |    896 | data_req_o
    2993* |       4 |     411 |       99 |      7 |   108 |    +1.1% |   -1.658 |    -1336.1 |      -87.8 |    896 | data_req_o
    2994* |       4 |     411 |       99 |      7 |   108 |    +1.1% |   -1.658 |    -1336.1 |      -87.8 |    896 | data_req_o
    2995* |       4 |     411 |       99 |      7 |   108 |    +1.1% |   -1.658 |    -1336.1 |      -87.8 |    896 | data_req_o
    2996* |       4 |     411 |       99 |      7 |   108 |    +1.1% |   -1.658 |    -1336.1 |      -87.8 |    896 | data_req_o
    3000* |       5 |     411 |      100 |      7 |   109 |    +1.1% |   -1.658 |    -1336.1 |      -87.8 |    896 | data_req_o
    3010* |      10 |     411 |      105 |      7 |   109 |    +1.1% |   -1.658 |    -1336.1 |      -87.8 |    896 | data_req_o
    3020* |      15 |     411 |      110 |      7 |   109 |    +1.1% |   -1.658 |    -1336.1 |      -87.8 |    896 | data_req_o
    3030* |      20 |     411 |      115 |      7 |   109 |    +1.1% |   -1.658 |    -1336.1 |      -87.8 |    896 | data_req_o
    3040* |      25 |     411 |      120 |      7 |   109 |    +1.1% |   -1.658 |    -1336.1 |      -87.8 |    896 | data_req_o
    3048* |       4 |     411 |       99 |      7 |   109 |    +1.1% |   -1.658 |    -1336.1 |      -87.8 |    896 | data_req_o
    3049* |       4 |     411 |       99 |      7 |   109 |    +1.1% |   -1.658 |    -1336.1 |      -87.8 |    896 | data_req_o
    3050* |       4 |     411 |       99 |      7 |   109 |    +1.1% |   -1.658 |    -1336.1 |      -87.8 |    896 | data_req_o
    3050* |       4 |     411 |       99 |      7 |   109 |    +1.1% |   -1.658 |    -1336.1 |      -87.8 |    896 | data_req_o
    3051* |       4 |     411 |       99 |      7 |   109 |    +1.1% |   -1.658 |    -1336.1 |      -87.8 |    896 | data_req_o
    3052* |       4 |     411 |       99 |      7 |   109 |    +1.1% |   -1.658 |    -1336.1 |      -87.8 |    896 | data_req_o
    3057* |       4 |     415 |       99 |      7 |   109 |    +1.1% |   -1.658 |    -1336.1 |      -81.0 |    896 | data_req_o
    3058* |       4 |     415 |       99 |      7 |   109 |    +1.1% |   -1.658 |    -1336.1 |      -81.0 |    896 | data_req_o
    3059* |       4 |     415 |       99 |      7 |   109 |    +1.1% |   -1.658 |    -1336.1 |      -81.0 |    896 | data_req_o
    3060* |       4 |     415 |       99 |      7 |   109 |    +1.1% |   -1.658 |    -1336.1 |      -81.0 |    896 | data_req_o
    3070* |       8 |     416 |      103 |      7 |   110 |    +1.1% |   -1.658 |    -1336.1 |      -80.9 |    896 | data_req_o
    3080* |      13 |     416 |      108 |      7 |   110 |    +1.1% |   -1.658 |    -1336.1 |      -80.9 |    896 | data_req_o
    3090* |      18 |     416 |      113 |      7 |   110 |    +1.1% |   -1.658 |    -1336.1 |      -80.9 |    896 | data_req_o
    3100* |      23 |     416 |      118 |      7 |   110 |    +1.1% |   -1.658 |    -1336.1 |      -80.9 |    896 | data_req_o
    3110* |      28 |     416 |      123 |      7 |   110 |    +1.1% |   -1.658 |    -1336.1 |      -80.9 |    896 | data_req_o
    3112* |       4 |     416 |       99 |      7 |   110 |    +1.1% |   -1.658 |    -1336.1 |      -80.9 |    896 | data_req_o
    3113* |       4 |     416 |       99 |      7 |   110 |    +1.1% |   -1.658 |    -1336.1 |      -80.9 |    896 | data_req_o
    3114* |       4 |     416 |       99 |      7 |   110 |    +1.1% |   -1.658 |    -1336.1 |      -80.9 |    896 | data_req_o
    3115* |       4 |     416 |       99 |      7 |   110 |    +1.1% |   -1.658 |    -1336.1 |      -80.9 |    896 | data_req_o
    3116* |       4 |     416 |       99 |      7 |   110 |    +1.1% |   -1.658 |    -1336.1 |      -80.9 |    896 | data_req_o
    3117* |       4 |     416 |       99 |      7 |   110 |    +1.1% |   -1.658 |    -1336.1 |      -80.9 |    896 | data_req_o
    3120* |       5 |     416 |      100 |      7 |   110 |    +1.1% |   -1.658 |    -1336.1 |      -80.9 |    896 | data_req_o
    3130* |      10 |     416 |      105 |      7 |   110 |    +1.1% |   -1.658 |    -1336.1 |      -80.9 |    896 | data_req_o
    3140* |      15 |     416 |      110 |      7 |   110 |    +1.1% |   -1.658 |    -1336.1 |      -80.9 |    896 | data_req_o
    3150* |      20 |     416 |      115 |      7 |   110 |    +1.1% |   -1.658 |    -1336.1 |      -80.9 |    896 | data_req_o
    3160* |      25 |     416 |      120 |      7 |   110 |    +1.1% |   -1.658 |    -1336.1 |      -80.9 |    896 | data_req_o
    3168* |       4 |     416 |       99 |      7 |   110 |    +1.1% |   -1.658 |    -1336.1 |      -80.9 |    896 | data_req_o
    3169* |       4 |     416 |       99 |      7 |   110 |    +1.1% |   -1.658 |    -1336.1 |      -80.9 |    896 | data_req_o
    3170* |       4 |     416 |       99 |      7 |   110 |    +1.1% |   -1.658 |    -1336.1 |      -80.9 |    896 | data_req_o
    3170* |       4 |     416 |       99 |      7 |   110 |    +1.1% |   -1.658 |    -1336.1 |      -80.9 |    896 | data_req_o
    3171* |       4 |     416 |       99 |      7 |   110 |    +1.1% |   -1.658 |    -1336.1 |      -80.9 |    896 | data_req_o
    3172* |       4 |     416 |       99 |      7 |   110 |    +1.1% |   -1.658 |    -1336.1 |      -80.9 |    896 | data_req_o
    3173* |       4 |     416 |       99 |      7 |   110 |    +1.1% |   -1.658 |    -1336.1 |      -80.9 |    896 | data_req_o
    3174* |       4 |     416 |       99 |      7 |   110 |    +1.1% |   -1.658 |    -1336.1 |      -80.9 |    896 | data_req_o
    3175* |       4 |     416 |       99 |      7 |   110 |    +1.1% |   -1.658 |    -1336.1 |      -80.9 |    896 | data_req_o
    3179* |       4 |     416 |       99 |      7 |   110 |    +1.1% |   -1.658 |    -1336.1 |      -80.9 |    896 | data_req_o
    3180* |       4 |     416 |       99 |      7 |   110 |    +1.1% |   -1.658 |    -1336.1 |      -80.9 |    896 | data_req_o
    3180* |       4 |     416 |       99 |      7 |   110 |    +1.1% |   -1.658 |    -1336.1 |      -80.9 |    896 | data_req_o
    3190* |       8 |     416 |      103 |      7 |   111 |    +1.1% |   -1.658 |    -1336.1 |      -80.9 |    896 | data_req_o
    3200* |      13 |     416 |      108 |      7 |   111 |    +1.1% |   -1.658 |    -1336.1 |      -80.9 |    896 | data_req_o
    3200* |       4 |     416 |       99 |      7 |   111 |    +1.1% |   -1.658 |    -1336.1 |      -80.9 |    896 | data_req_o
    3201* |       4 |     416 |       99 |      7 |   111 |    +1.1% |   -1.658 |    -1336.1 |      -80.9 |    896 | data_req_o
    3202* |       4 |     416 |       99 |      7 |   111 |    +1.1% |   -1.658 |    -1336.1 |      -80.9 |    896 | data_req_o
    3203* |       4 |     416 |       99 |      7 |   111 |    +1.1% |   -1.658 |    -1336.1 |      -80.9 |    896 | data_req_o
    3204* |       4 |     416 |       99 |      7 |   111 |    +1.1% |   -1.658 |    -1336.1 |      -80.9 |    896 | data_req_o
    3210* |       7 |     416 |      101 |      7 |   111 |    +1.1% |   -1.806 |    -1359.1 |     -101.5 |    896 | data_req_o
    3220* |      12 |     416 |      106 |      7 |   111 |    +1.1% |   -1.806 |    -1359.1 |     -101.5 |    896 | data_req_o
    3230* |      17 |     416 |      111 |      7 |   111 |    +1.1% |   -1.806 |    -1359.1 |     -101.5 |    896 | data_req_o
    3240* |      22 |     416 |      116 |      7 |   111 |    +1.1% |   -1.806 |    -1359.1 |     -101.5 |    896 | data_req_o
    3250* |      27 |     416 |      121 |      7 |   111 |    +1.1% |   -1.806 |    -1359.1 |     -101.5 |    896 | data_req_o
    3255* |       4 |     416 |       99 |      7 |   111 |    +1.1% |   -1.658 |    -1336.1 |      -80.9 |    896 | data_req_o
    3256* |       4 |     416 |       99 |      7 |   111 |    +1.1% |   -1.658 |    -1336.1 |      -80.9 |    896 | data_req_o
    3257* |       4 |     416 |       99 |      7 |   111 |    +1.1% |   -1.658 |    -1336.1 |      -80.9 |    896 | data_req_o
    3258* |       4 |     416 |       99 |      7 |   111 |    +1.1% |   -1.658 |    -1336.1 |      -80.9 |    896 | data_req_o
    3259* |       4 |     416 |       99 |      7 |   111 |    +1.1% |   -1.658 |    -1336.1 |      -80.9 |    896 | data_req_o
    3260* |       4 |     416 |       99 |      7 |   111 |    +1.1% |   -1.658 |    -1336.1 |      -80.9 |    896 | data_req_o
    3260* |       4 |     416 |       99 |      7 |   111 |    +1.1% |   -1.658 |    -1336.1 |      -80.9 |    896 | data_req_o
    3261* |       4 |     416 |       99 |      7 |   111 |    +1.1% |   -1.658 |    -1336.1 |      -80.9 |    896 | data_req_o
    3262* |       4 |     416 |       99 |      7 |   111 |    +1.1% |   -1.658 |    -1336.1 |      -80.9 |    896 | data_req_o
    3263* |       4 |     416 |       99 |      7 |   111 |    +1.1% |   -1.658 |    -1336.1 |      -80.9 |    896 | data_req_o
    3270* |       6 |     417 |      101 |      7 |   112 |    +1.1% |   -1.658 |    -1336.1 |      -80.9 |    896 | data_req_o
    3280* |      11 |     417 |      106 |      7 |   112 |    +1.1% |   -1.658 |    -1336.1 |      -80.9 |    896 | data_req_o
    3290* |      16 |     417 |      111 |      7 |   112 |    +1.1% |   -1.658 |    -1336.1 |      -80.9 |    896 | data_req_o
    3300* |      21 |     417 |      116 |      7 |   112 |    +1.1% |   -1.658 |    -1336.1 |      -80.9 |    896 | data_req_o
    3300* |       4 |     416 |       99 |      7 |   111 |    +1.1% |   -1.658 |    -1336.1 |      -80.9 |    896 | data_req_o
    3300* |       4 |     416 |       99 |      7 |   111 |    +1.1% |   -1.658 |    -1336.1 |      -80.9 |    896 | data_req_o
    3300+ |       4 |     416 |       99 |      7 |   111 |    +1.1% |   -1.658 |    -1336.1 |      -80.9 |    427 | data_req_o
    3301+ |       4 |     416 |       99 |      7 |   111 |    +1.1% |   -1.658 |    -1336.1 |      -80.9 |    427 | data_req_o
    3302+ |       4 |     416 |       99 |      7 |   111 |    +1.1% |   -1.658 |    -1336.1 |      -80.9 |    427 | data_req_o
    3305+ |       4 |     418 |       99 |      7 |   111 |    +1.1% |   -1.658 |    -1336.1 |      -78.9 |    427 | data_req_o
    3306+ |       4 |     418 |       99 |      7 |   111 |    +1.1% |   -1.658 |    -1336.1 |      -78.9 |    427 | data_req_o
    3307+ |       4 |     418 |       99 |      7 |   111 |    +1.1% |   -1.658 |    -1336.1 |      -78.9 |    427 | data_req_o
    3308+ |       4 |     418 |       99 |      7 |   111 |    +1.1% |   -1.658 |    -1336.1 |      -78.9 |    427 | data_req_o
    3309+ |       4 |     418 |       99 |      7 |   111 |    +1.1% |   -1.658 |    -1336.1 |      -78.9 |    427 | data_req_o
    3310+ |       4 |     418 |       99 |      7 |   111 |    +1.1% |   -1.658 |    -1336.1 |      -78.9 |    427 | data_req_o
    3310+ |       4 |     418 |       99 |      7 |   111 |    +1.1% |   -1.658 |    -1336.1 |      -78.9 |    427 | data_req_o
    3311+ |       4 |     418 |       99 |      7 |   111 |    +1.1% |   -1.658 |    -1336.1 |      -78.9 |    427 | data_req_o
    3312+ |       4 |     418 |       99 |      7 |   111 |    +1.1% |   -1.658 |    -1336.1 |      -78.9 |    427 | data_req_o
    3313+ |       4 |     418 |       99 |      7 |   111 |    +1.1% |   -1.658 |    -1336.1 |      -78.9 |    427 | data_req_o
    3314+ |       4 |     418 |       99 |      7 |   111 |    +1.1% |   -1.658 |    -1336.1 |      -78.9 |    427 | data_req_o
    3315+ |       4 |     418 |       99 |      7 |   111 |    +1.1% |   -1.658 |    -1336.1 |      -78.9 |    427 | data_req_o
    3316+ |       4 |     418 |       99 |      7 |   111 |    +1.1% |   -1.658 |    -1336.1 |      -78.9 |    427 | data_req_o
    3317+ |       4 |     418 |       99 |      7 |   111 |    +1.1% |   -1.658 |    -1336.1 |      -78.9 |    427 | data_req_o
    3318+ |       4 |     418 |       99 |      7 |   111 |    +1.1% |   -1.658 |    -1336.1 |      -78.9 |    427 | data_req_o
    3319+ |       4 |     418 |       99 |      7 |   111 |    +1.1% |   -1.658 |    -1336.1 |      -78.9 |    427 | data_req_o
    3320+ |       4 |     418 |       99 |      7 |   111 |    +1.1% |   -1.658 |    -1336.1 |      -78.9 |    427 | data_req_o
    3320+ |       4 |     418 |       99 |      7 |   111 |    +1.1% |   -1.658 |    -1336.1 |      -78.9 |    427 | data_req_o
    3321+ |       4 |     418 |       99 |      7 |   111 |    +1.1% |   -1.658 |    -1336.1 |      -78.9 |    427 | data_req_o
    3322+ |       4 |     418 |       99 |      7 |   111 |    +1.1% |   -1.658 |    -1336.1 |      -78.9 |    427 | data_req_o
    3323+ |       4 |     418 |       99 |      7 |   111 |    +1.1% |   -1.658 |    -1336.1 |      -78.9 |    427 | data_req_o
    3324+ |       4 |     418 |       99 |      7 |   111 |    +1.1% |   -1.658 |    -1336.1 |      -78.9 |    427 | data_req_o
    3325+ |       4 |     418 |       99 |      7 |   111 |    +1.1% |   -1.658 |    -1336.1 |      -78.9 |    427 | data_req_o
    3326+ |       4 |     418 |       99 |      7 |   111 |    +1.1% |   -1.658 |    -1336.1 |      -78.9 |    427 | data_req_o
    3327+ |       4 |     418 |       99 |      7 |   111 |    +1.1% |   -1.658 |    -1336.1 |      -78.9 |    427 | data_req_o
    3328+ |       4 |     418 |       99 |      7 |   111 |    +1.1% |   -1.658 |    -1336.1 |      -78.9 |    427 | data_req_o
    3329+ |       4 |     418 |       99 |      7 |   111 |    +1.1% |   -1.658 |    -1336.1 |      -78.9 |    427 | data_req_o
    3330+ |       4 |     418 |       99 |      7 |   111 |    +1.1% |   -1.658 |    -1336.1 |      -78.9 |    427 | data_req_o
    3330+ |       4 |     418 |       99 |      7 |   111 |    +1.1% |   -1.658 |    -1336.1 |      -78.9 |    427 | data_req_o
    3331+ |       4 |     418 |       99 |      7 |   111 |    +1.1% |   -1.658 |    -1336.1 |      -78.9 |    427 | data_req_o
    3332+ |       4 |     418 |       99 |      7 |   111 |    +1.1% |   -1.658 |    -1336.1 |      -78.9 |    427 | data_req_o
    3333+ |       4 |     418 |       99 |      7 |   111 |    +1.1% |   -1.658 |    -1336.1 |      -78.9 |    427 | data_req_o
    3334+ |       4 |     418 |       99 |      7 |   111 |    +1.1% |   -1.658 |    -1336.1 |      -78.9 |    427 | data_req_o
    3335+ |       4 |     418 |       99 |      7 |   111 |    +1.1% |   -1.658 |    -1336.1 |      -78.9 |    427 | data_req_o
    3336+ |       4 |     418 |       99 |      7 |   111 |    +1.1% |   -1.658 |    -1336.1 |      -78.9 |    427 | data_req_o
    3337+ |       4 |     418 |       99 |      7 |   111 |    +1.1% |   -1.658 |    -1336.1 |      -78.9 |    427 | data_req_o
    3338+ |       4 |     418 |       99 |      7 |   111 |    +1.1% |   -1.658 |    -1336.1 |      -78.9 |    427 | data_req_o
    3339+ |       4 |     418 |       99 |      7 |   111 |    +1.1% |   -1.658 |    -1336.1 |      -78.9 |    427 | data_req_o
    3340+ |       4 |     418 |       99 |      7 |   111 |    +1.1% |   -1.658 |    -1336.1 |      -78.9 |    427 | data_req_o
    3340+ |       4 |     418 |       99 |      7 |   111 |    +1.1% |   -1.658 |    -1336.1 |      -78.9 |    427 | data_req_o
    3341+ |       4 |     418 |       99 |      7 |   111 |    +1.1% |   -1.658 |    -1336.1 |      -78.9 |    427 | data_req_o
    3342+ |       4 |     418 |       99 |      7 |   111 |    +1.1% |   -1.658 |    -1336.1 |      -78.9 |    427 | data_req_o
    3343+ |       4 |     418 |       99 |      7 |   111 |    +1.1% |   -1.658 |    -1336.1 |      -78.9 |    427 | data_req_o
    3344+ |       4 |     418 |       99 |      7 |   111 |    +1.1% |   -1.658 |    -1336.1 |      -78.9 |    427 | data_req_o
    3345+ |       4 |     418 |       99 |      7 |   111 |    +1.1% |   -1.658 |    -1336.1 |      -78.9 |    427 | data_req_o
    3346+ |       4 |     418 |       99 |      7 |   111 |    +1.1% |   -1.658 |    -1336.1 |      -78.9 |    427 | data_req_o
    3347+ |       4 |     418 |       99 |      7 |   111 |    +1.1% |   -1.658 |    -1336.1 |      -78.9 |    427 | data_req_o
    3348+ |       4 |     418 |       99 |      7 |   111 |    +1.1% |   -1.658 |    -1336.1 |      -78.9 |    427 | data_req_o
    3349+ |       4 |     418 |       99 |      7 |   111 |    +1.1% |   -1.658 |    -1336.1 |      -78.9 |    427 | data_req_o
    3350+ |       4 |     418 |       99 |      7 |   111 |    +1.1% |   -1.658 |    -1336.1 |      -78.9 |    427 | data_req_o
    3350+ |       4 |     418 |       99 |      7 |   111 |    +1.1% |   -1.658 |    -1336.1 |      -78.9 |    427 | data_req_o
    3351+ |       4 |     418 |       99 |      7 |   111 |    +1.1% |   -1.658 |    -1336.1 |      -78.9 |    427 | data_req_o
    3352+ |       4 |     418 |       99 |      7 |   111 |    +1.1% |   -1.658 |    -1336.1 |      -78.9 |    427 | data_req_o
    3353+ |       4 |     418 |       99 |      7 |   111 |    +1.1% |   -1.658 |    -1336.1 |      -78.9 |    427 | data_req_o
    3354+ |       4 |     418 |       99 |      7 |   111 |    +1.1% |   -1.658 |    -1336.1 |      -78.9 |    427 | data_req_o
    3355+ |       4 |     418 |       99 |      7 |   111 |    +1.1% |   -1.658 |    -1336.1 |      -78.9 |    427 | data_req_o
    3356+ |       4 |     418 |       99 |      7 |   111 |    +1.1% |   -1.658 |    -1336.1 |      -78.9 |    427 | data_req_o
    3357+ |       4 |     418 |       99 |      7 |   111 |    +1.1% |   -1.658 |    -1336.1 |      -78.9 |    427 | data_req_o
    3358+ |       4 |     418 |       99 |      7 |   111 |    +1.1% |   -1.658 |    -1336.1 |      -78.9 |    427 | data_req_o
    3359+ |       4 |     418 |       99 |      7 |   111 |    +1.1% |   -1.658 |    -1336.1 |      -78.9 |    427 | data_req_o
    3360+ |       4 |     418 |       99 |      7 |   111 |    +1.1% |   -1.658 |    -1336.1 |      -78.9 |    427 | data_req_o
    3360+ |       4 |     418 |       99 |      7 |   111 |    +1.1% |   -1.658 |    -1336.1 |      -78.9 |    427 | data_req_o
    3361+ |       4 |     418 |       99 |      7 |   111 |    +1.1% |   -1.658 |    -1336.1 |      -78.9 |    427 | data_req_o
    3362+ |       4 |     418 |       99 |      7 |   111 |    +1.1% |   -1.658 |    -1336.1 |      -78.9 |    427 | data_req_o
    3363+ |       4 |     418 |       99 |      7 |   111 |    +1.1% |   -1.658 |    -1336.1 |      -78.9 |    427 | data_req_o
    3364+ |       4 |     418 |       99 |      7 |   111 |    +1.1% |   -1.658 |    -1336.1 |      -78.9 |    427 | data_req_o
    3365+ |       4 |     418 |       99 |      7 |   111 |    +1.1% |   -1.658 |    -1336.1 |      -78.9 |    427 | data_req_o
    3367+ |       4 |     419 |       99 |      7 |   111 |    +1.1% |   -1.658 |    -1336.1 |      -76.7 |    427 | data_req_o
    3370+ |       4 |     420 |       99 |      7 |   112 |    +1.1% |   -1.658 |    -1336.1 |      -76.6 |    427 | data_req_o
    3371+ |       4 |     421 |       99 |      7 |   112 |    +1.1% |   -1.658 |    -1336.1 |      -76.6 |    427 | data_req_o
    3372+ |       4 |     421 |       99 |      7 |   112 |    +1.1% |   -1.658 |    -1336.1 |      -76.6 |    427 | data_req_o
    3375+ |       4 |     423 |       99 |      7 |   112 |    +1.1% |   -1.658 |    -1336.1 |      -76.5 |    427 | data_req_o
    3376+ |       4 |     423 |       99 |      7 |   112 |    +1.1% |   -1.658 |    -1336.1 |      -76.5 |    427 | data_req_o
    3377+ |       4 |     423 |       99 |      7 |   112 |    +1.1% |   -1.658 |    -1336.1 |      -76.5 |    427 | data_req_o
    3378+ |       4 |     423 |       99 |      7 |   112 |    +1.1% |   -1.658 |    -1336.1 |      -76.5 |    427 | data_req_o
    3379+ |       4 |     423 |       99 |      7 |   112 |    +1.1% |   -1.658 |    -1336.1 |      -76.5 |    427 | data_req_o
    3380+ |       4 |     423 |       99 |      7 |   112 |    +1.1% |   -1.658 |    -1336.1 |      -76.5 |    427 | data_req_o
    3380+ |       4 |     423 |       99 |      7 |   112 |    +1.1% |   -1.658 |    -1336.1 |      -76.5 |    427 | data_req_o
    3381+ |       4 |     423 |       99 |      7 |   112 |    +1.1% |   -1.658 |    -1336.1 |      -76.5 |    427 | data_req_o
    3382+ |       4 |     423 |       99 |      7 |   112 |    +1.1% |   -1.658 |    -1336.1 |      -76.5 |    427 | data_req_o
    3383+ |       4 |     424 |       99 |      7 |   112 |    +1.1% |   -1.658 |    -1335.0 |      -76.0 |    427 | data_req_o
    3384+ |       4 |     424 |       99 |      7 |   112 |    +1.1% |   -1.658 |    -1335.0 |      -76.0 |    427 | data_req_o
    3385+ |       4 |     424 |       99 |      7 |   112 |    +1.1% |   -1.658 |    -1335.0 |      -76.0 |    427 | data_req_o
    3386+ |       4 |     424 |       99 |      7 |   112 |    +1.1% |   -1.658 |    -1335.0 |      -76.0 |    427 | data_req_o
    3387+ |       4 |     424 |       99 |      7 |   112 |    +1.1% |   -1.658 |    -1335.0 |      -76.0 |    427 | data_req_o
    3388+ |       4 |     424 |       99 |      7 |   112 |    +1.1% |   -1.658 |    -1335.0 |      -76.0 |    427 | data_req_o
    3389+ |       4 |     424 |       99 |      7 |   112 |    +1.1% |   -1.658 |    -1335.0 |      -76.0 |    427 | data_req_o
    3390+ |       4 |     424 |       99 |      7 |   112 |    +1.1% |   -1.658 |    -1335.0 |      -76.0 |    427 | data_req_o
    3390+ |       4 |     424 |       99 |      7 |   112 |    +1.1% |   -1.658 |    -1335.0 |      -76.0 |    427 | data_req_o
    3391+ |       4 |     424 |       99 |      7 |   112 |    +1.1% |   -1.658 |    -1335.0 |      -76.0 |    427 | data_req_o
    3392+ |       4 |     424 |       99 |      7 |   112 |    +1.1% |   -1.658 |    -1335.0 |      -76.0 |    427 | data_req_o
    3393+ |       4 |     424 |       99 |      7 |   112 |    +1.1% |   -1.658 |    -1335.0 |      -76.0 |    427 | data_req_o
    3394+ |       4 |     424 |       99 |      7 |   112 |    +1.1% |   -1.658 |    -1335.0 |      -76.0 |    427 | data_req_o
    3395+ |       4 |     424 |       99 |      7 |   112 |    +1.1% |   -1.658 |    -1335.0 |      -76.0 |    427 | data_req_o
    3396+ |       4 |     424 |       99 |      7 |   112 |    +1.1% |   -1.658 |    -1335.0 |      -76.0 |    427 | data_req_o
    3397+ |       4 |     424 |       99 |      7 |   112 |    +1.1% |   -1.658 |    -1335.0 |      -76.0 |    427 | data_req_o
    3398+ |       4 |     424 |       99 |      7 |   112 |    +1.1% |   -1.658 |    -1335.0 |      -76.0 |    427 | data_req_o
    3399+ |       4 |     424 |       99 |      7 |   112 |    +1.1% |   -1.658 |    -1335.0 |      -76.0 |    427 | data_req_o
    3400+ |       4 |     424 |       99 |      7 |   112 |    +1.1% |   -1.658 |    -1335.0 |      -76.0 |    427 | data_req_o
    3401+ |       4 |     424 |       99 |      7 |   112 |    +1.1% |   -1.658 |    -1335.0 |      -76.0 |    427 | data_req_o
    3402+ |       4 |     424 |       99 |      7 |   112 |    +1.1% |   -1.658 |    -1335.0 |      -76.0 |    427 | data_req_o
    3403+ |       4 |     424 |       99 |      7 |   112 |    +1.1% |   -1.658 |    -1335.0 |      -76.0 |    427 | data_req_o
    3404+ |       4 |     424 |       99 |      7 |   112 |    +1.1% |   -1.658 |    -1335.0 |      -76.0 |    427 | data_req_o
    3405+ |       4 |     424 |       99 |      7 |   112 |    +1.1% |   -1.658 |    -1335.0 |      -76.0 |    427 | data_req_o
    3408+ |       4 |     427 |       99 |      7 |   112 |    +1.1% |   -1.658 |    -1335.0 |      -75.7 |    427 | data_req_o
    3409+ |       4 |     427 |       99 |      7 |   112 |    +1.1% |   -1.658 |    -1335.0 |      -75.7 |    427 | data_req_o
    3410+ |       4 |     427 |       99 |      7 |   112 |    +1.1% |   -1.658 |    -1335.0 |      -75.7 |    427 | data_req_o
    3412+ |       4 |     429 |       99 |      7 |   112 |    +1.1% |   -1.658 |    -1335.0 |      -75.5 |    427 | data_req_o
    3415+ |       4 |     431 |       99 |      7 |   112 |    +1.1% |   -1.658 |    -1335.0 |      -74.1 |    427 | data_req_o
    3416+ |       4 |     431 |       99 |      7 |   112 |    +1.1% |   -1.658 |    -1335.0 |      -74.1 |    427 | data_req_o
    3417+ |       4 |     431 |       99 |      7 |   112 |    +1.1% |   -1.658 |    -1335.0 |      -74.1 |    427 | data_req_o
    3418+ |       4 |     431 |       99 |      7 |   112 |    +1.1% |   -1.658 |    -1335.0 |      -74.1 |    427 | data_req_o
    3419+ |       4 |     431 |       99 |      7 |   112 |    +1.1% |   -1.658 |    -1335.0 |      -74.1 |    427 | data_req_o
    3420+ |       4 |     431 |       99 |      7 |   112 |    +1.1% |   -1.658 |    -1335.0 |      -74.1 |    427 | data_req_o
    3420+ |       4 |     431 |       99 |      7 |   112 |    +1.1% |   -1.658 |    -1335.0 |      -74.1 |    427 | data_req_o
    3421+ |       4 |     431 |       99 |      7 |   112 |    +1.1% |   -1.658 |    -1335.0 |      -74.1 |    427 | data_req_o
    3422+ |       4 |     431 |       99 |      7 |   112 |    +1.1% |   -1.658 |    -1335.0 |      -74.1 |    427 | data_req_o
    3423+ |       4 |     431 |       99 |      7 |   112 |    +1.1% |   -1.658 |    -1335.0 |      -74.1 |    427 | data_req_o
    3424+ |       4 |     431 |       99 |      7 |   112 |    +1.1% |   -1.658 |    -1335.0 |      -74.1 |    427 | data_req_o
    3425+ |       4 |     431 |       99 |      7 |   112 |    +1.1% |   -1.658 |    -1335.0 |      -74.1 |    427 | data_req_o
    3426+ |       4 |     431 |       99 |      7 |   112 |    +1.1% |   -1.658 |    -1335.0 |      -74.1 |    427 | data_req_o
    3427+ |       4 |     431 |       99 |      7 |   112 |    +1.1% |   -1.658 |    -1335.0 |      -74.1 |    427 | data_req_o
    3428+ |       4 |     431 |       99 |      7 |   112 |    +1.1% |   -1.658 |    -1335.0 |      -74.1 |    427 | data_req_o
    3429+ |       4 |     431 |       99 |      7 |   112 |    +1.1% |   -1.658 |    -1335.0 |      -74.1 |    427 | data_req_o
    3430+ |       4 |     431 |       99 |      7 |   112 |    +1.1% |   -1.658 |    -1335.0 |      -74.1 |    427 | data_req_o
    3430+ |       4 |     431 |       99 |      7 |   112 |    +1.1% |   -1.658 |    -1335.0 |      -74.1 |    427 | data_req_o
    3431+ |       4 |     431 |       99 |      7 |   112 |    +1.1% |   -1.658 |    -1335.0 |      -74.1 |    427 | data_req_o
    3432+ |       4 |     431 |       99 |      7 |   112 |    +1.1% |   -1.658 |    -1335.0 |      -74.1 |    427 | data_req_o
    3433+ |       4 |     431 |       99 |      7 |   112 |    +1.1% |   -1.658 |    -1335.0 |      -74.1 |    427 | data_req_o
    3434+ |       4 |     431 |       99 |      7 |   112 |    +1.1% |   -1.658 |    -1335.0 |      -74.1 |    427 | data_req_o
    3435+ |       4 |     431 |       99 |      7 |   112 |    +1.1% |   -1.658 |    -1335.0 |      -74.1 |    427 | data_req_o
    3436+ |       4 |     431 |       99 |      7 |   112 |    +1.1% |   -1.658 |    -1335.0 |      -74.1 |    427 | data_req_o
    3437+ |       4 |     431 |       99 |      7 |   112 |    +1.1% |   -1.658 |    -1335.0 |      -74.1 |    427 | data_req_o
    3438+ |       4 |     431 |       99 |      7 |   112 |    +1.1% |   -1.658 |    -1335.0 |      -74.1 |    427 | data_req_o
    3439+ |       4 |     431 |       99 |      7 |   112 |    +1.1% |   -1.658 |    -1335.0 |      -74.1 |    427 | data_req_o
    3440+ |       4 |     431 |       99 |      7 |   112 |    +1.1% |   -1.658 |    -1335.0 |      -74.1 |    427 | data_req_o
    3440+ |       4 |     431 |       99 |      7 |   112 |    +1.1% |   -1.658 |    -1335.0 |      -74.1 |    427 | data_req_o
    3442+ |       4 |     432 |       99 |      7 |   112 |    +1.1% |   -1.658 |    -1335.0 |      -72.7 |    427 | data_req_o
    3443+ |       4 |     432 |       99 |      7 |   112 |    +1.1% |   -1.658 |    -1335.0 |      -72.7 |    427 | data_req_o
    3444+ |       4 |     432 |       99 |      7 |   112 |    +1.1% |   -1.658 |    -1335.0 |      -72.7 |    427 | data_req_o
    3445+ |       4 |     432 |       99 |      7 |   112 |    +1.1% |   -1.658 |    -1335.0 |      -72.7 |    427 | data_req_o
    3446+ |       4 |     432 |       99 |      7 |   112 |    +1.1% |   -1.658 |    -1335.0 |      -72.7 |    427 | data_req_o
    3447+ |       4 |     432 |       99 |      7 |   112 |    +1.1% |   -1.658 |    -1335.0 |      -72.7 |    427 | data_req_o
    3448+ |       4 |     432 |       99 |      7 |   112 |    +1.1% |   -1.658 |    -1335.0 |      -72.7 |    427 | data_req_o
    3449+ |       4 |     432 |       99 |      7 |   112 |    +1.1% |   -1.658 |    -1335.0 |      -72.7 |    427 | data_req_o
    3450+ |       4 |     432 |       99 |      7 |   112 |    +1.1% |   -1.658 |    -1335.0 |      -72.7 |    427 | data_req_o
    3450+ |       4 |     432 |       99 |      7 |   112 |    +1.1% |   -1.658 |    -1335.0 |      -72.7 |    427 | data_req_o
    3451+ |       4 |     432 |       99 |      7 |   112 |    +1.1% |   -1.658 |    -1335.0 |      -72.7 |    427 | data_req_o
    3452+ |       4 |     432 |       99 |      7 |   112 |    +1.1% |   -1.658 |    -1335.0 |      -72.7 |    427 | data_req_o
    3453+ |       4 |     432 |       99 |      7 |   112 |    +1.1% |   -1.658 |    -1335.0 |      -72.7 |    427 | data_req_o
    3454+ |       4 |     432 |       99 |      7 |   112 |    +1.1% |   -1.658 |    -1335.0 |      -72.7 |    427 | data_req_o
    3455+ |       4 |     432 |       99 |      7 |   112 |    +1.1% |   -1.658 |    -1335.0 |      -72.7 |    427 | data_req_o
    3456+ |       4 |     432 |       99 |      7 |   112 |    +1.1% |   -1.658 |    -1335.0 |      -72.7 |    427 | data_req_o
    3457+ |       4 |     432 |       99 |      7 |   112 |    +1.1% |   -1.658 |    -1335.0 |      -72.7 |    427 | data_req_o
    3458+ |       4 |     432 |       99 |      7 |   112 |    +1.1% |   -1.658 |    -1335.0 |      -72.7 |    427 | data_req_o
    3459+ |       4 |     432 |       99 |      7 |   112 |    +1.1% |   -1.658 |    -1335.0 |      -72.7 |    427 | data_req_o
    3460+ |       4 |     432 |       99 |      7 |   112 |    +1.1% |   -1.658 |    -1335.0 |      -72.7 |    427 | data_req_o
    3460+ |       4 |     432 |       99 |      7 |   112 |    +1.1% |   -1.658 |    -1335.0 |      -72.7 |    427 | data_req_o
    3461+ |       4 |     432 |       99 |      7 |   112 |    +1.1% |   -1.658 |    -1335.0 |      -72.7 |    427 | data_req_o
    3462+ |       4 |     432 |       99 |      7 |   112 |    +1.1% |   -1.658 |    -1335.0 |      -72.7 |    427 | data_req_o
    3463+ |       4 |     432 |       99 |      7 |   112 |    +1.1% |   -1.658 |    -1335.0 |      -72.7 |    427 | data_req_o
    3465+ |       4 |     432 |       99 |      7 |   113 |    +1.1% |   -1.658 |    -1335.0 |      -72.4 |    427 | data_req_o
    3466+ |       4 |     432 |       99 |      7 |   113 |    +1.1% |   -1.658 |    -1335.0 |      -72.4 |    427 | data_req_o
    3468+ |       4 |     433 |       99 |      7 |   113 |    +1.1% |   -1.658 |    -1335.0 |      -71.0 |    427 | data_req_o
    3469+ |       4 |     433 |       99 |      7 |   113 |    +1.1% |   -1.658 |    -1335.0 |      -71.0 |    427 | data_req_o
    3470+ |       4 |     433 |       99 |      7 |   113 |    +1.1% |   -1.658 |    -1335.0 |      -71.0 |    427 | data_req_o
    3474+ |       4 |     437 |       99 |      7 |   113 |    +1.1% |   -1.658 |    -1335.0 |      -68.1 |    427 | data_req_o
    3475+ |       4 |     437 |       99 |      7 |   113 |    +1.1% |   -1.658 |    -1335.0 |      -68.1 |    427 | data_req_o
    3476+ |       4 |     437 |       99 |      7 |   113 |    +1.1% |   -1.658 |    -1335.0 |      -68.1 |    427 | data_req_o
    3479+ |       4 |     439 |       99 |      7 |   113 |    +1.1% |   -1.658 |    -1335.0 |      -65.7 |    427 | data_req_o
    3480+ |       4 |     439 |       99 |      7 |   113 |    +1.1% |   -1.658 |    -1335.0 |      -65.7 |    427 | data_req_o
    3480+ |       4 |     439 |       99 |      7 |   113 |    +1.1% |   -1.658 |    -1335.0 |      -65.7 |    427 | data_req_o
    3481+ |       4 |     439 |       99 |      7 |   113 |    +1.1% |   -1.658 |    -1335.0 |      -65.7 |    427 | data_req_o
    3482+ |       4 |     439 |       99 |      7 |   113 |    +1.1% |   -1.658 |    -1335.0 |      -65.7 |    427 | data_req_o
    3483+ |       4 |     439 |       99 |      7 |   113 |    +1.1% |   -1.658 |    -1335.0 |      -65.7 |    427 | data_req_o
    3484+ |       4 |     439 |       99 |      7 |   113 |    +1.1% |   -1.658 |    -1335.0 |      -65.7 |    427 | data_req_o
    3485+ |       4 |     439 |       99 |      7 |   113 |    +1.1% |   -1.658 |    -1335.0 |      -65.7 |    427 | data_req_o
    3486+ |       4 |     439 |       99 |      7 |   113 |    +1.1% |   -1.658 |    -1335.0 |      -65.7 |    427 | data_req_o
    3487+ |       4 |     440 |       99 |      7 |   113 |    +1.1% |   -1.658 |    -1335.0 |      -65.6 |    427 | data_req_o
    3488+ |       4 |     440 |       99 |      7 |   113 |    +1.1% |   -1.658 |    -1335.0 |      -65.6 |    427 | data_req_o
    3489+ |       4 |     440 |       99 |      7 |   113 |    +1.1% |   -1.658 |    -1335.0 |      -65.6 |    427 | data_req_o
    3490+ |       4 |     440 |       99 |      7 |   113 |    +1.1% |   -1.658 |    -1335.0 |      -65.6 |    427 | data_req_o
    3493+ |       4 |     443 |       99 |      7 |   113 |    +1.1% |   -1.658 |    -1335.0 |      -65.3 |    427 | data_req_o
    3494+ |       4 |     443 |       99 |      7 |   113 |    +1.1% |   -1.658 |    -1335.0 |      -65.3 |    427 | data_req_o
    3495+ |       4 |     443 |       99 |      7 |   113 |    +1.1% |   -1.658 |    -1335.0 |      -65.3 |    427 | data_req_o
    3496+ |       4 |     443 |       99 |      7 |   113 |    +1.1% |   -1.658 |    -1335.0 |      -65.3 |    427 | data_req_o
    3497+ |       4 |     443 |       99 |      7 |   113 |    +1.1% |   -1.658 |    -1335.0 |      -65.3 |    427 | data_req_o
    3498+ |       4 |     443 |       99 |      7 |   113 |    +1.1% |   -1.658 |    -1335.0 |      -65.3 |    427 | data_req_o
    3499+ |       4 |     443 |       99 |      7 |   113 |    +1.1% |   -1.658 |    -1335.0 |      -65.3 |    427 | data_req_o
    3500+ |       4 |     443 |       99 |      7 |   113 |    +1.1% |   -1.658 |    -1335.0 |      -65.3 |    427 | data_req_o
    final |       4 |     443 |       99 |      7 |   113 |    +1.1% |   -1.658 |    -1335.0 |      -65.3 |    354 | data_req_o
------------------------------------------------------------------------------------------------------------------------------
[INFO RSZ-0059] Removed 4 buffers.
[INFO RSZ-0040] Inserted 99 buffers.
[INFO RSZ-0051] Resized 443 instances: 443 up, 0 up match, 0 down, 0 VT
[INFO RSZ-0043] Swapped pins on 113 instances.
[INFO RSZ-0049] Cloned 7 instances.
[WARNING RSZ-0062] Unable to repair all setup violations.
[INFO RSZ-0505] Runtime: 213.60s
[INFO RSZ-0033] No hold violations found.
[INFO RSZ-0506] Runtime: 0.14s
Took 214 seconds: repair_timing -setup_margin 0 -hold_margin 0 -repair_tns 100 -verbose
global_route -start_incremental
detailed_placement
[INFO DPL-0006] Core area: 416927.37 um^2
[INFO DPL-0007] Movable instances area: 258753.16 um^2
[INFO DPL-0008] Fixed instances area within core: 6877.85 um^2
[INFO DPL-0009] Utilization: 63.7%
[INFO DPL-0005] Diamond search max displacement: +/- 500 sites horizontally, +/- 100 rows vertically.
[INFO DPL-1102] Legalizing using negotiation legalizer.
[INFO DPL-1103] Negotiation base search window: +/-20 sites horizontally, +/-5 rows vertically 
	Automatic search window extension enabled.
	Search window extendable up to the max displacement cap of +/-500 sites, +/-100 rows near walls.
[INFO DPL-1104] NegotiationLegalizer DRC penalty: 5.
[INFO DPL-0392] Negotiation cell height distribution (1 unique row-count(s)):
[INFO DPL-0393]   height 1 row(s): 35226 cells
          |      Total |  Illegal |  Illegal
Iteration | Violations |    Cells |    Sites
---------------------------------------------
        0 |       1362 |       247 |      1112
        1 |       1048 |       150 |       898
        2 |        985 |       121 |       864
        3 |        828 |        99 |       729
        4 |        672 |        88 |       584
        5 |        647 |        78 |       569
        6 |        661 |        66 |       595
        7 |        503 |        61 |       442
        8 |        453 |        66 |       387
        9 |        522 |        60 |       462
       10 |        422 |        58 |       364
       20 |        426 |        48 |       378
       30 |        393 |        61 |       332
       40 |        482 |        55 |       427
       50 |        344 |        46 |       298
       60 |        397 |        44 |       353
       70 |        396 |        51 |       345
       80 |        441 |        52 |       389
       90 |        448 |        51 |       395
      100 |        416 |        60 |       356
      110 |        491 |        66 |       425
      120 |        414 |        40 |       358
      130 |        320 |        42 |       278
      140 |        345 |        45 |       297
      150 |        222 |        27 |       195
      160 |        268 |        32 |       236
      170 |        171 |        27 |       144
      180 |        116 |        22 |        94
      190 |         59 |        15 |        44
      196 |          0 |         0 |         0
Negotiation phase 1 converged at iteration 196.
[INFO DPL-0500] Runtime: 4.87s
Placement Analysis
---------------------------------
total displacement      23504.4 u
average displacement        0.7 u
max displacement           52.6 u
original HPWL         1029827.3 u
legalized HPWL        1050682.6 u
delta HPWL                    2 %

Took 5 seconds: detailed_placement
check_placement -verbose
global_route -end_incremental -congestion_report_file /work/reports/sky130hd/m7_j1/base/congestion_post_repair_timing.rpt
[INFO DPL-0006] Core area: 416927.37 um^2
[INFO DPL-0007] Movable instances area: 258753.16 um^2
[INFO DPL-0008] Fixed instances area within core: 6877.85 um^2
[INFO DPL-0009] Utilization: 63.7%
[INFO DPL-0005] Diamond search max displacement: +/- 500 sites horizontally, +/- 100 rows vertically.
[INFO DPL-1102] Legalizing using negotiation legalizer.
[INFO DPL-1103] Negotiation base search window: +/-20 sites horizontally, +/-5 rows vertically 
	Automatic search window extension enabled.
	Search window extendable up to the max displacement cap of +/-500 sites, +/-100 rows near walls.
[INFO DPL-1104] NegotiationLegalizer DRC penalty: 5.
[INFO DPL-0392] Negotiation cell height distribution (1 unique row-count(s)):
[INFO DPL-0393]   height 1 row(s): 35226 cells
[INFO DPL-0500] Runtime: 0.20s

[INFO GRT-0096] Final congestion report:
Layer         Resource        Demand        Usage (%)    Max H / Max V / Total Congestion
---------------------------------------------------------------------------------------
li1                  0             0            0.00%             0 /  0 /  0
met1             87814         64190           73.10%             1 /  1 / 29
met2             86769         74888           86.31%             0 /  2 / 72
met3             64790         35018           54.05%             1 /  1 / 39
met4             39804         27136           68.17%             1 /  2 / 71
met5              8835          2012           22.77%             1 /  1 /  5
---------------------------------------------------------------------------------------
Total           288012        203244           70.57%             4 /  7 / 216

[WARNING GRT-0704] Try reduce the layer adjustment from 20% to 8%
[ERROR GRT-0232] Routing congestion too high. Check the congestion heatmap in the GUI.
Error: global_route.tcl, 156 GRT-0232
Elapsed time: 7:41.75[h:]min:sec. CPU time: user 3246.97 sys 124.32 (730%). Peak memory: 984136KB.
make[1]: *** [Makefile:581: do-5_1_grt] Error 1
make: *** [Makefile:581: /work/results/sky130hd/m7_j1/base/5_1_grt.odb] Error 2
END_UTC=2026-08-12T11:56:52Z
ELAPSED_SEC=828
EXIT_CODE=2
