START_UTC=2026-08-13T11:11:34Z
VARIANT=J1
DESIGN_CONFIG=/repo/m7/ppa/orfs/sky130hd/m7_j1/config.mk
LEC_CHECK=0
CLOCK_PERIOD=16.0
FLOW_VARIANT=p16p0
ORFS_IMAGE=openroad/orfs@sha256:817b608c69a71fafc7b61baec11b4dc073fb8efb9d2714f9bd3316db4beba277
FLOW=/home/mmr/ricv_paper/third_party/OpenROAD-flow-scripts/flow
OPENROAD: /OpenROAD-flow-scripts/tools/OpenROAD
mkdir -p /work/results/sky130hd/m7_j1/p16p0/
echo 16.0 > /work/results/sky130hd/m7_j1/p16p0/clock_period.txt
/OpenROAD-flow-scripts/flow/scripts/synth.sh /OpenROAD-flow-scripts/flow/scripts/synth_canonicalize.tcl /work/logs/sky130hd/m7_j1/p16p0/1_1_yosys_canonicalize.log
Using ABC speed script.
Extracting clock period from SDC file: /work/results/sky130hd/m7_j1/p16p0/clock_period.txt
Setting clock period to 16.0
1. Executing Liberty frontend: /OpenROAD-flow-scripts/flow/platforms/sky130hd/lib/sky130_fd_sc_hd__tt_025C_1v80.lib
2. Executing Liberty frontend: /OpenROAD-flow-scripts/flow/platforms/sky130hd/lib/sky130_fd_sc_hd__tt_025C_1v80.lib
3. Executing SLANG frontend.
3.1. Executing PROC_CLEAN pass (remove empty switches from decision trees).
3.2. Executing TRIBUF pass.
3.3. Executing PROC_RMDEAD pass (remove dead branches from decision trees).
3.4. Executing PROC_PRUNE pass (remove redundant assignments in processes).
3.5. Executing PROC_INIT pass (extract init attributes).
3.6. Executing PROC_ROM pass (convert switches to ROMs).
3.7. Executing PROC_MUX pass (convert decision trees to multiplexers).
3.8. Executing PROC_CLEAN pass (remove empty switches from decision trees).
3.9. Executing OPT_EXPR pass (perform const folding).
4. Executing HIERARCHY pass (managing design hierarchy).
4.1. Analyzing design hierarchy..
4.2. Analyzing design hierarchy..
5. Executing OPT_CLEAN pass (remove unused cells and wires).
6. Executing RTLIL backend.
End of script. Logfile hash: de4699757d, time: 0.28s, user: 0.25s, system: 0.06s, MEM: 74.62 MB peak
Yosys 0.68+post (git sha1 UNKNOWN, Release, GNU /usr/local/bin/wrapped-cc/g++ 11.4.0)
Time spent: 34% 2x read_slang (0 sec), 23% 4x read_liberty (0 sec), ...
Elapsed time: 0:00.30[h:]min:sec. CPU time: user 0.28 sys 0.06 (114%). Peak memory: 76416KB.
Log                       Ext     Elapsed/s Peak Memory/MB sha1sum result [0:20)
1_1_yosys_canonicalize    .rtlil          0             74 cd86fca0f17c6f35c509
/OpenROAD-flow-scripts/flow/scripts/synth.sh /OpenROAD-flow-scripts/flow/scripts/synth.tcl /work/logs/sky130hd/m7_j1/p16p0/1_2_yosys.log
Using ABC speed script.
Extracting clock period from SDC file: /work/results/sky130hd/m7_j1/p16p0/clock_period.txt
Setting clock period to 16.0
1. Executing RTLIL frontend.
2. Executing HIERARCHY pass (managing design hierarchy).
2.1. Analyzing design hierarchy..
2.2. Analyzing design hierarchy..
3. Executing SYNTH pass.
3.1. Executing HIERARCHY pass (managing design hierarchy).
3.1.1. Analyzing design hierarchy..
3.1.2. Analyzing design hierarchy..
3.2. Executing PROC pass (convert processes to netlists).
3.2.1. Executing PROC_CLEAN pass (remove empty switches from decision trees).
3.2.2. Executing PROC_RMDEAD pass (remove dead branches from decision trees).
3.2.3. Executing PROC_PRUNE pass (remove redundant assignments in processes).
3.2.4. Executing PROC_INIT pass (extract init attributes).
3.2.5. Executing PROC_ARST pass (detect async resets in processes).
3.2.6. Executing PROC_ROM pass (convert switches to ROMs).
3.2.7. Executing PROC_MUX pass (convert decision trees to multiplexers).
3.2.8. Executing PROC_DLATCH pass (convert process syncs to latches).
3.2.9. Executing PROC_DFF pass (convert process syncs to FFs).
3.2.10. Executing PROC_MEMWR pass (convert process memory writes to cells).
3.2.11. Executing PROC_CLEAN pass (remove empty switches from decision trees).
3.2.12. Executing OPT_EXPR pass (perform const folding).
3.3. Executing CHECK pass (checking for obvious problems).
3.4. Executing FLATTEN pass (flatten design).
3.5. Executing OPT_EXPR pass (perform const folding).
3.6. Executing OPT_CLEAN pass (remove unused cells and wires).
3.7. Executing CHECK pass (checking for obvious problems).
3.8. Executing OPT pass (performing simple optimizations).
3.8.1. Executing OPT_EXPR pass (perform const folding).
3.8.2. Executing OPT_MERGE pass (detect identical cells).
3.8.3. Executing OPT_MUXTREE pass (detect dead branches in mux trees).
3.8.4. Executing OPT_REDUCE pass (consolidate $*mux and $reduce_* inputs).
3.8.5. Executing OPT_MERGE pass (detect identical cells).
3.8.6. Executing OPT_DFF pass (perform DFF optimizations).
3.8.7. Executing OPT_CLEAN pass (remove unused cells and wires).
3.8.8. Executing OPT_EXPR pass (perform const folding).
3.8.9. Rerunning OPT passes. (Maybe there is more to do..)
3.8.10. Executing OPT_MUXTREE pass (detect dead branches in mux trees).
3.8.11. Executing OPT_REDUCE pass (consolidate $*mux and $reduce_* inputs).
3.8.12. Executing OPT_MERGE pass (detect identical cells).
3.8.13. Executing OPT_DFF pass (perform DFF optimizations).
3.8.14. Executing OPT_CLEAN pass (remove unused cells and wires).
3.8.15. Executing OPT_EXPR pass (perform const folding).
3.8.16. Rerunning OPT passes. (Maybe there is more to do..)
3.8.17. Executing OPT_MUXTREE pass (detect dead branches in mux trees).
3.8.18. Executing OPT_REDUCE pass (consolidate $*mux and $reduce_* inputs).
3.8.19. Executing OPT_MERGE pass (detect identical cells).
3.8.20. Executing OPT_DFF pass (perform DFF optimizations).
3.8.21. Executing OPT_CLEAN pass (remove unused cells and wires).
3.8.22. Executing OPT_EXPR pass (perform const folding).
3.8.23. Finished fast OPT passes. (There is nothing left to do.)
3.9. Executing FSM pass (extract and optimize FSM).
3.9.1. Executing FSM_DETECT pass (finding FSMs in design).
3.9.2. Executing FSM_EXTRACT pass (extracting FSM from design).
3.9.3. Executing FSM_OPT pass (simple optimizations of FSMs).
3.9.4. Executing OPT_CLEAN pass (remove unused cells and wires).
3.9.5. Executing FSM_OPT pass (simple optimizations of FSMs).
3.9.6. Executing FSM_RECODE pass (re-assigning FSM state encoding).
3.9.7. Executing FSM_INFO pass (dumping all available information on FSM cells).
3.9.8. Executing FSM_MAP pass (mapping FSMs to basic logic).
3.10. Executing OPT pass (performing simple optimizations).
3.10.1. Executing OPT_EXPR pass (perform const folding).
3.10.2. Executing OPT_MERGE pass (detect identical cells).
3.10.3. Executing OPT_MUXTREE pass (detect dead branches in mux trees).
3.10.4. Executing OPT_REDUCE pass (consolidate $*mux and $reduce_* inputs).
3.10.5. Executing OPT_MERGE pass (detect identical cells).
3.10.6. Executing OPT_DFF pass (perform DFF optimizations).
3.10.7. Executing OPT_CLEAN pass (remove unused cells and wires).
3.10.8. Executing OPT_EXPR pass (perform const folding).
3.10.9. Rerunning OPT passes. (Maybe there is more to do..)
3.10.10. Executing OPT_MUXTREE pass (detect dead branches in mux trees).
3.10.11. Executing OPT_REDUCE pass (consolidate $*mux and $reduce_* inputs).
3.10.12. Executing OPT_MERGE pass (detect identical cells).
3.10.13. Executing OPT_DFF pass (perform DFF optimizations).
3.10.14. Executing OPT_CLEAN pass (remove unused cells and wires).
3.10.15. Executing OPT_EXPR pass (perform const folding).
3.10.16. Rerunning OPT passes. (Maybe there is more to do..)
3.10.17. Executing OPT_MUXTREE pass (detect dead branches in mux trees).
3.10.18. Executing OPT_REDUCE pass (consolidate $*mux and $reduce_* inputs).
3.10.19. Executing OPT_MERGE pass (detect identical cells).
3.10.20. Executing OPT_DFF pass (perform DFF optimizations).
3.10.21. Executing OPT_CLEAN pass (remove unused cells and wires).
3.10.22. Executing OPT_EXPR pass (perform const folding).
3.10.23. Rerunning OPT passes. (Maybe there is more to do..)
3.10.24. Executing OPT_MUXTREE pass (detect dead branches in mux trees).
3.10.25. Executing OPT_REDUCE pass (consolidate $*mux and $reduce_* inputs).
3.10.26. Executing OPT_MERGE pass (detect identical cells).
3.10.27. Executing OPT_DFF pass (perform DFF optimizations).
3.10.28. Executing OPT_CLEAN pass (remove unused cells and wires).
3.10.29. Executing OPT_EXPR pass (perform const folding).
3.10.30. Rerunning OPT passes. (Maybe there is more to do..)
3.10.31. Executing OPT_MUXTREE pass (detect dead branches in mux trees).
3.10.32. Executing OPT_REDUCE pass (consolidate $*mux and $reduce_* inputs).
3.10.33. Executing OPT_MERGE pass (detect identical cells).
3.10.34. Executing OPT_DFF pass (perform DFF optimizations).
3.10.35. Executing OPT_CLEAN pass (remove unused cells and wires).
3.10.36. Executing OPT_EXPR pass (perform const folding).
3.10.37. Finished fast OPT passes. (There is nothing left to do.)
3.11. Executing WREDUCE pass (reducing word size of cells).
3.12. Executing PEEPOPT pass (run peephole optimizers).
3.13. Executing OPT_CLEAN pass (remove unused cells and wires).
3.14. Executing ALUMACC pass (create $alu and $macc cells).
3.15. Executing SHARE pass (SAT-based resource sharing).
3.16. Executing OPT pass (performing simple optimizations).
3.16.1. Executing OPT_EXPR pass (perform const folding).
3.16.2. Executing OPT_MERGE pass (detect identical cells).
3.16.3. Executing OPT_MUXTREE pass (detect dead branches in mux trees).
3.16.4. Executing OPT_REDUCE pass (consolidate $*mux and $reduce_* inputs).
3.16.5. Executing OPT_MERGE pass (detect identical cells).
3.16.6. Executing OPT_DFF pass (perform DFF optimizations).
3.16.7. Executing OPT_CLEAN pass (remove unused cells and wires).
3.16.8. Executing OPT_EXPR pass (perform const folding).
3.16.9. Rerunning OPT passes. (Maybe there is more to do..)
3.16.10. Executing OPT_MUXTREE pass (detect dead branches in mux trees).
3.16.11. Executing OPT_REDUCE pass (consolidate $*mux and $reduce_* inputs).
3.16.12. Executing OPT_MERGE pass (detect identical cells).
3.16.13. Executing OPT_DFF pass (perform DFF optimizations).
3.16.14. Executing OPT_CLEAN pass (remove unused cells and wires).
3.16.15. Executing OPT_EXPR pass (perform const folding).
3.16.16. Finished fast OPT passes. (There is nothing left to do.)
3.17. Executing MEMORY pass.
3.17.1. Executing OPT_MEM pass (optimize memories).
3.17.2. Executing OPT_MEM_PRIORITY pass (removing unnecessary memory write priority relations).
3.17.3. Executing OPT_MEM_FEEDBACK pass (finding memory read-to-write feedback paths).
3.17.4. Executing MEMORY_BMUX2ROM pass (converting muxes to ROMs).
3.17.5. Executing MEMORY_DFF pass (merging $dff cells to $memrd).
3.17.6. Executing OPT_CLEAN pass (remove unused cells and wires).
3.17.7. Executing MEMORY_SHARE pass (consolidating $memrd/$memwr cells).
3.17.8. Executing OPT_MEM_WIDEN pass (optimize memories where all ports are wide).
3.17.9. Executing OPT_CLEAN pass (remove unused cells and wires).
3.17.10. Executing MEMORY_COLLECT pass (generating $mem cells).
3.18. Executing OPT_CLEAN pass (remove unused cells and wires).
4. Executing TECHMAP pass (map to technology primitives).
4.1. Executing Verilog-2005 frontend: /OpenROAD-flow-scripts/tools/install/yosys/bin/../share/yosys/techmap.v
4.2. Continuing TECHMAP pass.
5. Generating architectural options for $alu
5.1. Executing WRAPCELL pass. (wrap selected cells)
5.2. Executing TECHMAP pass (map to technology primitives).
5.2.1. Executing Verilog-2005 frontend: /OpenROAD-flow-scripts/tools/install/yosys/bin/../share/yosys/techmap.v
5.2.2. Executing Verilog-2005 frontend: /OpenROAD-flow-scripts/tools/install/yosys/bin/../share/yosys/choices/han-carlson.v
5.2.3. Continuing TECHMAP pass.
Warning: Latch inferred for signal `$paramod\_80_lcu_han_carlson\WIDTH=32'00000000000000000000000000100010.\j [4:0]' from process `$paramod\_80_lcu_han_carlson\WIDTH=32'00000000000000000000000000100010.$proc$/OpenROAD-flow-scripts/tools/install/yosys/bin/../share/yosys/choices/han-carlson.v:18$79156': $auto$proc_dlatch.cc:545:proc_dlatch$80476
Warning: Latch inferred for signal `$paramod\_80_lcu_han_carlson\WIDTH=32'00000000000000000000000000100010.\j [31:5]' from process `$paramod\_80_lcu_han_carlson\WIDTH=32'00000000000000000000000000100010.$proc$/OpenROAD-flow-scripts/tools/install/yosys/bin/../share/yosys/choices/han-carlson.v:18$79156': $auto$proc_dlatch.cc:547:proc_dlatch$80479
Warning: Latch inferred for signal `$paramod\_80_lcu_han_carlson\WIDTH=32'00000000000000000000000000100000.\j [3:0]' from process `$paramod\_80_lcu_han_carlson\WIDTH=32'00000000000000000000000000100000.$proc$/OpenROAD-flow-scripts/tools/install/yosys/bin/../share/yosys/choices/han-carlson.v:18$81021': $auto$proc_dlatch.cc:545:proc_dlatch$82248
Warning: Latch inferred for signal `$paramod\_80_lcu_han_carlson\WIDTH=32'00000000000000000000000000100000.\j [31:4]' from process `$paramod\_80_lcu_han_carlson\WIDTH=32'00000000000000000000000000100000.$proc$/OpenROAD-flow-scripts/tools/install/yosys/bin/../share/yosys/choices/han-carlson.v:18$81021': $auto$proc_dlatch.cc:547:proc_dlatch$82251
Warning: Latch inferred for signal `$paramod\_80_lcu_han_carlson\WIDTH=32'00000000000000000000000000100001.\j [4:0]' from process `$paramod\_80_lcu_han_carlson\WIDTH=32'00000000000000000000000000100001.$proc$/OpenROAD-flow-scripts/tools/install/yosys/bin/../share/yosys/choices/han-carlson.v:18$83200': $auto$proc_dlatch.cc:545:proc_dlatch$84460
Warning: Latch inferred for signal `$paramod\_80_lcu_han_carlson\WIDTH=32'00000000000000000000000000100001.\j [31:5]' from process `$paramod\_80_lcu_han_carlson\WIDTH=32'00000000000000000000000000100001.$proc$/OpenROAD-flow-scripts/tools/install/yosys/bin/../share/yosys/choices/han-carlson.v:18$83200': $auto$proc_dlatch.cc:547:proc_dlatch$84463
5.3. Executing TECHMAP pass (map to technology primitives).
5.3.1. Executing Verilog-2005 frontend: /OpenROAD-flow-scripts/tools/install/yosys/bin/../share/yosys/techmap.v
5.3.2. Executing Verilog-2005 frontend: /OpenROAD-flow-scripts/tools/install/yosys/bin/../share/yosys/choices/kogge-stone.v
5.3.3. Continuing TECHMAP pass.
5.4. Executing TECHMAP pass (map to technology primitives).
5.4.1. Executing Verilog-2005 frontend: /OpenROAD-flow-scripts/tools/install/yosys/bin/../share/yosys/techmap.v
5.4.2. Executing Verilog-2005 frontend: /OpenROAD-flow-scripts/tools/install/yosys/bin/../share/yosys/choices/sklansky.v
5.4.3. Continuing TECHMAP pass.
5.5. Executing TECHMAP pass (map to technology primitives).
5.5.1. Executing Verilog-2005 frontend: /OpenROAD-flow-scripts/tools/install/yosys/bin/../share/yosys/techmap.v
5.5.2. Continuing TECHMAP pass.
6. Generating architectural options for $macc
6.1. Executing WRAPCELL pass. (wrap selected cells)
6.2. Executing TECHMAP pass (map to technology primitives).
6.2.1. Executing Verilog-2005 frontend: /OpenROAD-flow-scripts/tools/install/yosys/bin/../share/yosys/techmap.v
6.2.2. Executing Verilog-2005 frontend: /OpenROAD-flow-scripts/flow/scripts/synth_wrap_operators-booth.v
6.2.3. Continuing TECHMAP pass.
6.3. Executing TECHMAP pass (map to technology primitives).
6.3.1. Executing Verilog-2005 frontend: /OpenROAD-flow-scripts/tools/install/yosys/bin/../share/yosys/techmap.v
6.3.2. Executing Verilog-2005 frontend: /OpenROAD-flow-scripts/tools/install/yosys/bin/../share/yosys/choices/han-carlson.v
6.3.3. Continuing TECHMAP pass.
7. Executing OPT pass (performing simple optimizations).
7.1. Executing OPT_EXPR pass (perform const folding).
7.2. Executing OPT_MERGE pass (detect identical cells).
7.3. Executing OPT_DFF pass (perform DFF optimizations).
7.4. Executing OPT_CLEAN pass (remove unused cells and wires).
7.5. Rerunning OPT passes. (Removed registers in this run.)
7.6. Executing OPT_EXPR pass (perform const folding).
7.7. Executing OPT_MERGE pass (detect identical cells).
7.8. Executing OPT_DFF pass (perform DFF optimizations).
7.9. Executing OPT_CLEAN pass (remove unused cells and wires).
7.10. Rerunning OPT passes. (Removed registers in this run.)
7.11. Executing OPT_EXPR pass (perform const folding).
7.12. Executing OPT_MERGE pass (detect identical cells).
7.13. Executing OPT_DFF pass (perform DFF optimizations).
7.14. Executing OPT_CLEAN pass (remove unused cells and wires).
7.15. Finished fast OPT passes.
8. Executing MEMORY_MAP pass (converting memories to logic and flip-flops).
9. Executing OPT pass (performing simple optimizations).
9.1. Executing OPT_EXPR pass (perform const folding).
9.2. Executing OPT_MERGE pass (detect identical cells).
9.3. Executing OPT_MUXTREE pass (detect dead branches in mux trees).
9.4. Executing OPT_REDUCE pass (consolidate $*mux and $reduce_* inputs).
9.5. Executing OPT_MERGE pass (detect identical cells).
9.6. Executing OPT_SHARE pass.
9.7. Executing OPT_DFF pass (perform DFF optimizations).
9.8. Executing OPT_CLEAN pass (remove unused cells and wires).
9.9. Executing OPT_EXPR pass (perform const folding).
9.10. Rerunning OPT passes. (Maybe there is more to do..)
9.11. Executing OPT_MUXTREE pass (detect dead branches in mux trees).
9.12. Executing OPT_REDUCE pass (consolidate $*mux and $reduce_* inputs).
9.13. Executing OPT_MERGE pass (detect identical cells).
9.14. Executing OPT_SHARE pass.
9.15. Executing OPT_DFF pass (perform DFF optimizations).
9.16. Executing OPT_CLEAN pass (remove unused cells and wires).
9.17. Executing OPT_EXPR pass (perform const folding).
9.18. Rerunning OPT passes. (Maybe there is more to do..)
9.19. Executing OPT_MUXTREE pass (detect dead branches in mux trees).
9.20. Executing OPT_REDUCE pass (consolidate $*mux and $reduce_* inputs).
9.21. Executing OPT_MERGE pass (detect identical cells).
9.22. Executing OPT_SHARE pass.
9.23. Executing OPT_DFF pass (perform DFF optimizations).
9.24. Executing OPT_CLEAN pass (remove unused cells and wires).
9.25. Executing OPT_EXPR pass (perform const folding).
9.26. Finished fast OPT passes. (There is nothing left to do.)
10. Executing TECHMAP pass (map to technology primitives).
10.1. Executing Verilog-2005 frontend: /OpenROAD-flow-scripts/tools/install/yosys/bin/../share/yosys/techmap.v
10.2. Executing Verilog-2005 frontend: /OpenROAD-flow-scripts/tools/install/yosys/bin/../share/yosys/choices/han-carlson.v
10.3. Continuing TECHMAP pass.
Warning: Latch inferred for signal `$paramod\_80_lcu_han_carlson\WIDTH=32'00000000000000000000000000000101.\j [1:0]' from process `$paramod\_80_lcu_han_carlson\WIDTH=32'00000000000000000000000000000101.$proc$/OpenROAD-flow-scripts/tools/install/yosys/bin/../share/yosys/choices/han-carlson.v:18$98413': $auto$proc_dlatch.cc:545:proc_dlatch$98569
Warning: Latch inferred for signal `$paramod\_80_lcu_han_carlson\WIDTH=32'00000000000000000000000000000101.\j [31:2]' from process `$paramod\_80_lcu_han_carlson\WIDTH=32'00000000000000000000000000000101.$proc$/OpenROAD-flow-scripts/tools/install/yosys/bin/../share/yosys/choices/han-carlson.v:18$98413': $auto$proc_dlatch.cc:547:proc_dlatch$98572
Warning: Latch inferred for signal `$paramod\_80_lcu_han_carlson\WIDTH=32'00000000000000000000000000000001.\j' from process `$paramod\_80_lcu_han_carlson\WIDTH=32'00000000000000000000000000000001.$proc$/OpenROAD-flow-scripts/tools/install/yosys/bin/../share/yosys/choices/han-carlson.v:18$98587': $auto$proc_dlatch.cc:545:proc_dlatch$98625
Warning: Latch inferred for signal `$paramod\_80_lcu_han_carlson\WIDTH=32'00000000000000000000000000000010.\j' from process `$paramod\_80_lcu_han_carlson\WIDTH=32'00000000000000000000000000000010.$proc$/OpenROAD-flow-scripts/tools/install/yosys/bin/../share/yosys/choices/han-carlson.v:18$98637': $auto$proc_dlatch.cc:545:proc_dlatch$98690
Warning: Latch inferred for signal `$paramod\_80_lcu_han_carlson\WIDTH=32'00000000000000000000000000001100.\j [2:0]' from process `$paramod\_80_lcu_han_carlson\WIDTH=32'00000000000000000000000000001100.$proc$/OpenROAD-flow-scripts/tools/install/yosys/bin/../share/yosys/choices/han-carlson.v:18$98724': $auto$proc_dlatch.cc:545:proc_dlatch$99129
Warning: Latch inferred for signal `$paramod\_80_lcu_han_carlson\WIDTH=32'00000000000000000000000000001100.\j [31:3]' from process `$paramod\_80_lcu_han_carlson\WIDTH=32'00000000000000000000000000001100.$proc$/OpenROAD-flow-scripts/tools/install/yosys/bin/../share/yosys/choices/han-carlson.v:18$98724': $auto$proc_dlatch.cc:547:proc_dlatch$99132
Warning: Latch inferred for signal `$paramod\_80_lcu_han_carlson\WIDTH=32'00000000000000000000000001000000.\j [4:0]' from process `$paramod\_80_lcu_han_carlson\WIDTH=32'00000000000000000000000001000000.$proc$/OpenROAD-flow-scripts/tools/install/yosys/bin/../share/yosys/choices/han-carlson.v:18$99397': $auto$proc_dlatch.cc:545:proc_dlatch$102112
Warning: Latch inferred for signal `$paramod\_80_lcu_han_carlson\WIDTH=32'00000000000000000000000001000000.\j [31:5]' from process `$paramod\_80_lcu_han_carlson\WIDTH=32'00000000000000000000000001000000.$proc$/OpenROAD-flow-scripts/tools/install/yosys/bin/../share/yosys/choices/han-carlson.v:18$99397': $auto$proc_dlatch.cc:547:proc_dlatch$102115
Warning: Latch inferred for signal `$paramod\_80_lcu_han_carlson\WIDTH=32'00000000000000000000000000011111.\j [3:0]' from process `$paramod\_80_lcu_han_carlson\WIDTH=32'00000000000000000000000000011111.$proc$/OpenROAD-flow-scripts/tools/install/yosys/bin/../share/yosys/choices/han-carlson.v:18$102490': $auto$proc_dlatch.cc:545:proc_dlatch$103666
Warning: Latch inferred for signal `$paramod\_80_lcu_han_carlson\WIDTH=32'00000000000000000000000000011111.\j [31:4]' from process `$paramod\_80_lcu_han_carlson\WIDTH=32'00000000000000000000000000011111.$proc$/OpenROAD-flow-scripts/tools/install/yosys/bin/../share/yosys/choices/han-carlson.v:18$102490': $auto$proc_dlatch.cc:547:proc_dlatch$103669
Warning: Latch inferred for signal `$paramod\_80_lcu_han_carlson\WIDTH=32'00000000000000000000000000011110.\j [3:0]' from process `$paramod\_80_lcu_han_carlson\WIDTH=32'00000000000000000000000000011110.$proc$/OpenROAD-flow-scripts/tools/install/yosys/bin/../share/yosys/choices/han-carlson.v:18$104165': $auto$proc_dlatch.cc:545:proc_dlatch$105308
Warning: Latch inferred for signal `$paramod\_80_lcu_han_carlson\WIDTH=32'00000000000000000000000000011110.\j [31:4]' from process `$paramod\_80_lcu_han_carlson\WIDTH=32'00000000000000000000000000011110.$proc$/OpenROAD-flow-scripts/tools/install/yosys/bin/../share/yosys/choices/han-carlson.v:18$104165': $auto$proc_dlatch.cc:547:proc_dlatch$105311
Warning: Latch inferred for signal `$paramod\_80_lcu_han_carlson\WIDTH=32'00000000000000000000000000000011.\j [0]' from process `$paramod\_80_lcu_han_carlson\WIDTH=32'00000000000000000000000000000011.$proc$/OpenROAD-flow-scripts/tools/install/yosys/bin/../share/yosys/choices/han-carlson.v:18$105371': $auto$proc_dlatch.cc:545:proc_dlatch$105470
Warning: Latch inferred for signal `$paramod\_80_lcu_han_carlson\WIDTH=32'00000000000000000000000000000011.\j [31:1]' from process `$paramod\_80_lcu_han_carlson\WIDTH=32'00000000000000000000000000000011.$proc$/OpenROAD-flow-scripts/tools/install/yosys/bin/../share/yosys/choices/han-carlson.v:18$105371': $auto$proc_dlatch.cc:547:proc_dlatch$105473
11. Executing OPT pass (performing simple optimizations).
11.1. Executing OPT_EXPR pass (perform const folding).
11.2. Executing OPT_MERGE pass (detect identical cells).
11.3. Executing OPT_MUXTREE pass (detect dead branches in mux trees).
11.4. Executing OPT_REDUCE pass (consolidate $*mux and $reduce_* inputs).
11.5. Executing OPT_MERGE pass (detect identical cells).
11.6. Executing OPT_DFF pass (perform DFF optimizations).
11.7. Executing OPT_CLEAN pass (remove unused cells and wires).
11.8. Executing OPT_EXPR pass (perform const folding).
11.9. Rerunning OPT passes. (Maybe there is more to do..)
11.10. Executing OPT_MUXTREE pass (detect dead branches in mux trees).
11.11. Executing OPT_REDUCE pass (consolidate $*mux and $reduce_* inputs).
11.12. Executing OPT_MERGE pass (detect identical cells).
11.13. Executing OPT_DFF pass (perform DFF optimizations).
11.14. Executing OPT_CLEAN pass (remove unused cells and wires).
11.15. Executing OPT_EXPR pass (perform const folding).
11.16. Finished fast OPT passes. (There is nothing left to do.)
12. Executing DFFLEGALIZE pass (convert FFs to types supported by the target).
13. Executing TECHMAP pass (map to technology primitives).
13.1. Executing Verilog-2005 frontend: /OpenROAD-flow-scripts/flow/platforms/sky130hd/cells_latch_hd.v
13.2. Continuing TECHMAP pass.
14. Executing DFFLIBMAP pass (mapping DFF cells to sequential cells from liberty file).
14.1. Executing DFFLEGALIZE pass (convert FFs to types supported by the target).
15. Executing OPT pass (performing simple optimizations).
15.1. Executing OPT_EXPR pass (perform const folding).
15.2. Executing OPT_MERGE pass (detect identical cells).
15.3. Executing OPT_MUXTREE pass (detect dead branches in mux trees).
15.4. Executing OPT_REDUCE pass (consolidate $*mux and $reduce_* inputs).
15.5. Executing OPT_MERGE pass (detect identical cells).
15.6. Executing OPT_DFF pass (perform DFF optimizations).
15.7. Executing OPT_CLEAN pass (remove unused cells and wires).
15.8. Executing OPT_EXPR pass (perform const folding).
15.9. Rerunning OPT passes. (Maybe there is more to do..)
15.10. Executing OPT_MUXTREE pass (detect dead branches in mux trees).
15.11. Executing OPT_REDUCE pass (consolidate $*mux and $reduce_* inputs).
15.12. Executing OPT_MERGE pass (detect identical cells).
15.13. Executing OPT_DFF pass (perform DFF optimizations).
15.14. Executing OPT_CLEAN pass (remove unused cells and wires).
15.15. Executing OPT_EXPR pass (perform const folding).
15.16. Finished fast OPT passes. (There is nothing left to do.)
16. Executing SETUNDEF pass (replace undef values with defined constants).
abc_new -liberty /OpenROAD-flow-scripts/flow/platforms/sky130hd/lib/sky130_fd_sc_hd__tt_025C_1v80.lib -dont_use sky130_fd_sc_hd__probe_p_8 -dont_use sky130_fd_sc_hd__probec_p_8 -dont_use sky130_fd_sc_hd__lpflow_bleeder_1 -dont_use sky130_fd_sc_hd__lpflow_clkbufkapwr_1 -dont_use sky130_fd_sc_hd__lpflow_clkbufkapwr_16 -dont_use sky130_fd_sc_hd__lpflow_clkbufkapwr_2 -dont_use sky130_fd_sc_hd__lpflow_clkbufkapwr_4 -dont_use sky130_fd_sc_hd__lpflow_clkbufkapwr_8 -dont_use sky130_fd_sc_hd__lpflow_clkinvkapwr_1 -dont_use sky130_fd_sc_hd__lpflow_clkinvkapwr_16 -dont_use sky130_fd_sc_hd__lpflow_clkinvkapwr_2 -dont_use sky130_fd_sc_hd__lpflow_clkinvkapwr_4 -dont_use sky130_fd_sc_hd__lpflow_clkinvkapwr_8 -dont_use sky130_fd_sc_hd__lpflow_decapkapwr_12 -dont_use sky130_fd_sc_hd__lpflow_decapkapwr_3 -dont_use sky130_fd_sc_hd__lpflow_decapkapwr_4 -dont_use sky130_fd_sc_hd__lpflow_decapkapwr_6 -dont_use sky130_fd_sc_hd__lpflow_decapkapwr_8 -dont_use sky130_fd_sc_hd__lpflow_inputiso0n_1 -dont_use sky130_fd_sc_hd__lpflow_inputiso0p_1 -dont_use sky130_fd_sc_hd__lpflow_inputiso1n_1 -dont_use sky130_fd_sc_hd__lpflow_inputiso1p_1 -dont_use sky130_fd_sc_hd__lpflow_inputisolatch_1 -dont_use sky130_fd_sc_hd__lpflow_isobufsrc_1 -dont_use sky130_fd_sc_hd__lpflow_isobufsrc_16 -dont_use sky130_fd_sc_hd__lpflow_isobufsrc_2 -dont_use sky130_fd_sc_hd__lpflow_isobufsrc_4 -dont_use sky130_fd_sc_hd__lpflow_isobufsrc_8 -dont_use sky130_fd_sc_hd__lpflow_isobufsrckapwr_16 -dont_use sky130_fd_sc_hd__lpflow_lsbuf_lh_hl_isowell_tap_1 -dont_use sky130_fd_sc_hd__lpflow_lsbuf_lh_hl_isowell_tap_2 -dont_use sky130_fd_sc_hd__lpflow_lsbuf_lh_hl_isowell_tap_4 -dont_use sky130_fd_sc_hd__lpflow_lsbuf_lh_isowell_4 -dont_use sky130_fd_sc_hd__lpflow_lsbuf_lh_isowell_tap_1 -dont_use sky130_fd_sc_hd__lpflow_lsbuf_lh_isowell_tap_2 -dont_use sky130_fd_sc_hd__lpflow_lsbuf_lh_isowell_tap_4 -constr /work/objects/sky130hd/m7_j1/p16p0/abc.constr -D 16.0
Warning: Feature 'abc_new' is experimental.
17. Executing ABC_NEW pass.
17.1. Executing ABC9_OPS pass (helper functions for ABC9).
17.2. Executing BOX_DERIVE pass. (derive modules for boxes)
17.3. Executing ABC9_OPS pass (helper functions for ABC9).
17.4. Executing ABC9_OPS pass (helper functions for ABC9).
17.5. Mapping module 'ALU_33_0_33_0_33_unused_CO_X_Y[0]_HAN_CARLSON'.
17.5.1. Executing ABC9_OPS pass (helper functions for ABC9).
Warning: Feature 'write_xaiger2' is experimental.
17.5.2. Executing XAIGER2 backend.
17.5.3. Executing ABC9_EXE pass (technology mapping using ABC9).
17.5.4. Executing ABC9.
Warning: Feature 'read_xaiger2' is experimental.
17.5.5. Executing XAIGER2 frontend.
17.6. Executing PORTARCS pass. (derive propagation arcs)
17.7. Executing ABC9_OPS pass (helper functions for ABC9).
17.8. Mapping module 'ALU_30_0_32_0_32_unused_CO[30:0]_X_Y_HAN_CARLSON'.
17.8.1. Executing ABC9_OPS pass (helper functions for ABC9).
17.8.2. Executing XAIGER2 backend.
17.8.3. Executing ABC9_EXE pass (technology mapping using ABC9).
17.8.4. Executing ABC9.
17.8.5. Executing XAIGER2 frontend.
17.9. Executing PORTARCS pass. (derive propagation arcs)
17.10. Executing ABC9_OPS pass (helper functions for ABC9).
17.11. Mapping module 'ALU_30_0_32_0_32_unused_CO[30:0]_Y_HAN_CARLSON'.
17.11.1. Executing ABC9_OPS pass (helper functions for ABC9).
17.11.2. Executing XAIGER2 backend.
17.11.3. Executing ABC9_EXE pass (technology mapping using ABC9).
17.11.4. Executing ABC9.
17.11.5. Executing XAIGER2 frontend.
17.12. Executing PORTARCS pass. (derive propagation arcs)
17.13. Executing ABC9_OPS pass (helper functions for ABC9).
17.14. Mapping module 'ALU_34_0_34_0_34_HAN_CARLSON'.
17.14.1. Executing ABC9_OPS pass (helper functions for ABC9).
17.14.2. Executing XAIGER2 backend.
17.14.3. Executing ABC9_EXE pass (technology mapping using ABC9).
17.14.4. Executing ABC9.
17.14.5. Executing XAIGER2 frontend.
17.15. Executing PORTARCS pass. (derive propagation arcs)
17.16. Executing ABC9_OPS pass (helper functions for ABC9).
17.17. Mapping module 'm7_ppa_j1_top'.
17.17.1. Executing ABC9_OPS pass (helper functions for ABC9).
17.17.2. Executing XAIGER2 backend.
17.17.3. Executing ABC9_EXE pass (technology mapping using ABC9).
17.17.4. Executing ABC9.
Warning: ABC: execution of command ""/OpenROAD-flow-scripts/tools/install/yosys/bin/yosys-abc" -s -f /tmp/yosys-abc-Z3TQDQ/abc.script 2>&1" failed: return code 134.
17.17.5. Executing XAIGER2 frontend.
17.18. Mapping module 'ALU_34_0_34_0_34_BRENT_KUNG'.
17.18.1. Executing ABC9_OPS pass (helper functions for ABC9).
17.18.2. Executing XAIGER2 backend.
17.18.3. Executing ABC9_EXE pass (technology mapping using ABC9).
17.18.4. Executing ABC9.
17.18.5. Executing XAIGER2 frontend.
17.19. Executing PORTARCS pass. (derive propagation arcs)
17.20. Executing ABC9_OPS pass (helper functions for ABC9).
17.21. Mapping module 'ALU_34_0_34_0_34_SKLANSKY'.
17.21.1. Executing ABC9_OPS pass (helper functions for ABC9).
17.21.2. Executing XAIGER2 backend.
17.21.3. Executing ABC9_EXE pass (technology mapping using ABC9).
17.21.4. Executing ABC9.
17.21.5. Executing XAIGER2 frontend.
17.22. Executing PORTARCS pass. (derive propagation arcs)
17.23. Executing ABC9_OPS pass (helper functions for ABC9).
17.24. Mapping module 'ALU_34_0_34_0_34_KOGGE_STONE'.
17.24.1. Executing ABC9_OPS pass (helper functions for ABC9).
17.24.2. Executing XAIGER2 backend.
17.24.3. Executing ABC9_EXE pass (technology mapping using ABC9).
17.24.4. Executing ABC9.
17.24.5. Executing XAIGER2 frontend.
17.25. Executing PORTARCS pass. (derive propagation arcs)
17.26. Executing ABC9_OPS pass (helper functions for ABC9).
17.27. Mapping module 'ALU_30_0_32_0_32_unused_CO[30:0]_Y_BRENT_KUNG'.
17.27.1. Executing ABC9_OPS pass (helper functions for ABC9).
17.27.2. Executing XAIGER2 backend.
17.27.3. Executing ABC9_EXE pass (technology mapping using ABC9).
17.27.4. Executing ABC9.
17.27.5. Executing XAIGER2 frontend.
17.28. Executing PORTARCS pass. (derive propagation arcs)
17.29. Executing ABC9_OPS pass (helper functions for ABC9).
17.30. Mapping module 'ALU_30_0_32_0_32_unused_CO[30:0]_Y_SKLANSKY'.
17.30.1. Executing ABC9_OPS pass (helper functions for ABC9).
17.30.2. Executing XAIGER2 backend.
17.30.3. Executing ABC9_EXE pass (technology mapping using ABC9).
17.30.4. Executing ABC9.
17.30.5. Executing XAIGER2 frontend.
17.31. Executing PORTARCS pass. (derive propagation arcs)
17.32. Executing ABC9_OPS pass (helper functions for ABC9).
17.33. Mapping module 'ALU_30_0_32_0_32_unused_CO[30:0]_Y_KOGGE_STONE'.
17.33.1. Executing ABC9_OPS pass (helper functions for ABC9).
17.33.2. Executing XAIGER2 backend.
17.33.3. Executing ABC9_EXE pass (technology mapping using ABC9).
17.33.4. Executing ABC9.
17.33.5. Executing XAIGER2 frontend.
17.34. Executing PORTARCS pass. (derive propagation arcs)
17.35. Executing ABC9_OPS pass (helper functions for ABC9).
17.36. Mapping module 'ALU_30_0_32_0_32_unused_CO[30:0]_X_Y_BRENT_KUNG'.
17.36.1. Executing ABC9_OPS pass (helper functions for ABC9).
17.36.2. Executing XAIGER2 backend.
17.36.3. Executing ABC9_EXE pass (technology mapping using ABC9).
17.36.4. Executing ABC9.
17.36.5. Executing XAIGER2 frontend.
17.37. Executing PORTARCS pass. (derive propagation arcs)
17.38. Executing ABC9_OPS pass (helper functions for ABC9).
17.39. Mapping module 'ALU_30_0_32_0_32_unused_CO[30:0]_X_Y_SKLANSKY'.
17.39.1. Executing ABC9_OPS pass (helper functions for ABC9).
17.39.2. Executing XAIGER2 backend.
17.39.3. Executing ABC9_EXE pass (technology mapping using ABC9).
17.39.4. Executing ABC9.
17.39.5. Executing XAIGER2 frontend.
17.40. Executing PORTARCS pass. (derive propagation arcs)
17.41. Executing ABC9_OPS pass (helper functions for ABC9).
17.42. Mapping module 'ALU_30_0_32_0_32_unused_CO[30:0]_X_Y_KOGGE_STONE'.
17.42.1. Executing ABC9_OPS pass (helper functions for ABC9).
17.42.2. Executing XAIGER2 backend.
17.42.3. Executing ABC9_EXE pass (technology mapping using ABC9).
17.42.4. Executing ABC9.
17.42.5. Executing XAIGER2 frontend.
17.43. Executing PORTARCS pass. (derive propagation arcs)
17.44. Executing ABC9_OPS pass (helper functions for ABC9).
17.45. Mapping module 'ALU_33_0_33_0_33_unused_CO_X_Y[0]_BRENT_KUNG'.
17.45.1. Executing ABC9_OPS pass (helper functions for ABC9).
17.45.2. Executing XAIGER2 backend.
17.45.3. Executing ABC9_EXE pass (technology mapping using ABC9).
17.45.4. Executing ABC9.
17.45.5. Executing XAIGER2 frontend.
17.46. Executing PORTARCS pass. (derive propagation arcs)
17.47. Executing ABC9_OPS pass (helper functions for ABC9).
17.48. Mapping module 'ALU_33_0_33_0_33_unused_CO_X_Y[0]_SKLANSKY'.
17.48.1. Executing ABC9_OPS pass (helper functions for ABC9).
17.48.2. Executing XAIGER2 backend.
17.48.3. Executing ABC9_EXE pass (technology mapping using ABC9).
17.48.4. Executing ABC9.
17.48.5. Executing XAIGER2 frontend.
17.49. Executing PORTARCS pass. (derive propagation arcs)
17.50. Executing ABC9_OPS pass (helper functions for ABC9).
17.51. Mapping module 'ALU_33_0_33_0_33_unused_CO_X_Y[0]_KOGGE_STONE'.
17.51.1. Executing ABC9_OPS pass (helper functions for ABC9).
17.51.2. Executing XAIGER2 backend.
17.51.3. Executing ABC9_EXE pass (technology mapping using ABC9).
17.51.4. Executing ABC9.
17.51.5. Executing XAIGER2 frontend.
17.52. Executing PORTARCS pass. (derive propagation arcs)
17.53. Executing ABC9_OPS pass (helper functions for ABC9).
17.54. Executing ABC9_OPS pass (helper functions for ABC9).
Took 40 seconds: abc_new -liberty /OpenROAD-flow-scripts/flow/platforms/sky130hd/lib/sky130_fd_sc_hd__tt_025C_1v80.lib -dont_use sky130_fd_sc_hd__probe_p_8 -dont_use sky130_fd_sc_hd__probec_p_8 -dont_use sky130_fd_sc_hd__lpflow_bleeder_1 -dont_use sky130_fd_sc_hd__lpflow_clkbufkapwr_1 -dont_use sky130_fd_sc_hd__lpflow_clkbufkapwr_16 -dont_use sky130_fd_sc_hd__lpflow_clkbufkapwr_2 -dont_use sky130_fd_sc_hd__lpflow_clkbufkapwr_4 -dont_use sky130_fd_sc_hd__lpflow_clkbufkapwr_8 -dont_use sky130_fd_sc_hd__lpflow_clkinvkapwr_1 -dont_use sky130_fd_sc_hd__lpflow_clkinvkapwr_16 -dont_use sky130_fd_sc_hd__lpflow_clkinvkapwr_2 -dont_use sky130_fd_sc_hd__lpflow_clkinvkapwr_4 -dont_use sky130_fd_sc_hd__lpflow_clkinvkapwr_8 -dont_use sky130_fd_sc_hd__lpflow_decapkapwr_12 -dont_use sky130_fd_sc_hd__lpflow_decapkapwr_3 -dont_use sky130_fd_sc_hd__lpflow_decapkapwr_4 -dont_use sky130_fd_sc_hd__lpflow_decapkapwr_6 -dont_use sky130_fd_sc_hd__lpflow_decapkapwr_8 -dont_use sky130_fd_sc_hd__lpflow_inputiso0n_1 -dont_use sky130_fd_sc_hd__lpflow_inputiso0p_1 -dont_use sky130_fd_sc_hd__lpflow_inputiso1n_1 -dont_use sky130_fd_sc_hd__lpflow_inputiso1p_1 -dont_use sky130_fd_sc_hd__lpflow_inputisolatch_1 -dont_use sky130_fd_sc_hd__lpflow_isobufsrc_1 -dont_use sky130_fd_sc_hd__lpflow_isobufsrc_16 -dont_use sky130_fd_sc_hd__lpflow_isobufsrc_2 -dont_use sky130_fd_sc_hd__lpflow_isobufsrc_4 -dont_use sky130_fd_sc_hd__lpflow_isobufsrc_8 -dont_use sky130_fd_sc_hd__lpflow_isobufsrckapwr_16 -dont_use sky130_fd_sc_hd__lpflow_lsbuf_lh_hl_isowell_tap_1 -dont_use sky130_fd_sc_hd__lpflow_lsbuf_lh_hl_isowell_tap_2 -dont_use sky130_fd_sc_hd__lpflow_lsbuf_lh_hl_isowell_tap_4 -dont_use sky130_fd_sc_hd__lpflow_lsbuf_lh_isowell_4 -dont_use sky130_fd_sc_hd__lpflow_lsbuf_lh_isowell_tap_1 -dont_use sky130_fd_sc_hd__lpflow_lsbuf_lh_isowell_tap_2 -dont_use sky130_fd_sc_hd__lpflow_lsbuf_lh_isowell_tap_4 -constr /work/objects/sky130hd/m7_j1/p16p0/abc.constr -D 16.0
18. Executing SPLITNETS pass (splitting up multi-bit signals).
19. Executing OPT_CLEAN pass (remove unused cells and wires).
20. Executing HILOMAP pass (mapping to constant drivers).
21. Executing INSBUF pass (insert buffer cells for connected wires).
22. Executing CHECK pass (checking for obvious problems).
23. Printing statistics.
24. Executing CHECK pass (checking for obvious problems).
25. Executing Verilog backend.
25.1. Executing BMUXMAP pass.
25.2. Executing DEMUXMAP pass.
Warnings: 24 unique messages, 24 total
Warnings: 3 experimental features used (not excluded with -x).
End of script. Logfile hash: 0923474ce2, time: 46.87s, user: 10.87s, system: 0.72s, MEM: 205.99 MB peak
Yosys 0.68+post (git sha1 UNKNOWN, Release, GNU /usr/local/bin/wrapped-cc/g++ 11.4.0)
Time spent: 76% 17x abc9_exe (37 sec), 5% 83x opt_expr (2 sec), ...
Elapsed time: 0:46.92[h:]min:sec. CPU time: user 48.45 sys 0.93 (105%). Peak memory: 210932KB.
Log                       Ext     Elapsed/s Peak Memory/MB sha1sum result [0:20)
1_2_yosys                 .v             46            205 2e2b1f90f725d8a7792c
cp /repo/m7/ppa/orfs/sky130hd/constraint.sdc /work/results/sky130hd/m7_j1/p16p0/1_2_yosys.sdc
touch -r /repo/m7/ppa/orfs/sky130hd/constraint.sdc /work/results/sky130hd/m7_j1/p16p0/1_2_yosys.sdc
OpenROAD 26Q3-1080-gab6fd26351 
Features included (+) or not (-): +GPU +GUI +Python
This program is licensed under the BSD-3 license. See the LICENSE file for details.
Components of this program may be licensed under more restrictive licenses which must be honored.
[INFO ORD-0030] Using 32 thread(s).
mkdir -p /work/objects/sky130hd/m7_j1/p16p0
/OpenROAD-flow-scripts/flow/scripts/flow.sh 1_synth synth_odb
Running synth_odb.tcl, stage 1_synth
read_liberty /OpenROAD-flow-scripts/flow/platforms/sky130hd/lib/sky130_fd_sc_hd__tt_025C_1v80.lib
[INFO ODB-0227] LEF file: /OpenROAD-flow-scripts/flow/platforms/sky130hd/lef/sky130_fd_sc_hd.tlef, created 13 layers, 25 vias
[INFO ODB-0227] LEF file: /OpenROAD-flow-scripts/flow/platforms/sky130hd/lef/sky130_fd_sc_hd_merged.lef, created 441 library cells
link_design -hier m7_ppa_j1_top
[WARNING ORD-0011] Hierarchical flow (-hier) is currently in development and may cause multiple issues. Do not use in production environments.
read_sdc /work/results/sky130hd/m7_j1/p16p0/1_2_yosys.sdc
source /OpenROAD-flow-scripts/flow/platforms/sky130hd/setRC.tcl
eliminate_dead_logic
Removed 22 unused instances and 22 unused nets.
Design area 209675 um^2 100% utilization.
write_db /work/results/sky130hd/m7_j1/p16p0/1_synth.odb
write_sdc -no_timestamp /work/results/sky130hd/m7_j1/p16p0/1_synth.sdc
Elapsed time: 0:00.66[h:]min:sec. CPU time: user 0.61 sys 0.05 (99%). Peak memory: 196980KB.
Log                       Ext     Elapsed/s Peak Memory/MB sha1sum result [0:20)
1_synth                   .odb            0            192 501804622f2963e86ac7
1_synth                   .sdc                             54d21c5a22796ed77029
/OpenROAD-flow-scripts/flow/scripts/flow.sh 2_1_floorplan floorplan
Running floorplan.tcl, stage 2_1_floorplan
read_liberty /OpenROAD-flow-scripts/flow/platforms/sky130hd/lib/sky130_fd_sc_hd__tt_025C_1v80.lib
read_db -hier /work/results/sky130hd/m7_j1/p16p0/1_synth.odb
[WARNING ORD-0012] Hierarchical flow (-hier) is currently in development and may cause multiple issues. Do not use in production environments.
read_sdc /work/results/sky130hd/m7_j1/p16p0/1_synth.sdc
source /OpenROAD-flow-scripts/flow/platforms/sky130hd/setRC.tcl
Master sky130_ef_sc_hd__decap_12 is loaded but not used in the design

==========================================================================
Floorplan check_setup
--------------------------------------------------------------------------
number instances in verilog is 25248
[INFO IFP-0107] Defining die area using utilization: 50.00% and aspect ratio: 1.
[WARNING IFP-0028] Core area lower left (1.000, 1.000) snapped to (1.380, 2.720).
[INFO IFP-0001] Added 237 rows of 1406 site unithd.
[INFO IFP-0100] Die BBox:  (  0.000  0.000 ) ( 649.570 649.570 ) um
[INFO IFP-0101] Core BBox: (  1.380  2.720 ) ( 648.140 647.360 ) um
[INFO IFP-0102] Core area:                       416927.366 um^2
[INFO IFP-0103] Total instances area:            209674.845 um^2
[INFO IFP-0104] Effective utilization:                0.503
[INFO IFP-0105] Number of instances:                  25198
source /OpenROAD-flow-scripts/flow/platforms/sky130hd/make_tracks.tcl
source /repo/m7/ppa/orfs/sky130hd/fastroute.tcl
Repair tie lo fanout...
[INFO RSZ-0042] Inserted 25 tie sky130_fd_sc_hd__conb_1 instances.
Repair tie hi fanout...
[INFO RSZ-0042] Inserted 97 tie sky130_fd_sc_hd__conb_1 instances.
replace_arith_modules -path_count 1000 -target setup -slack_threshold 0.0
[INFO RSZ-0151] Starting arithmetic module replacement to optimize 'setup' target
[INFO RSZ-0152] Analyzing 1000 critical paths with slack < 0.00
[INFO RSZ-0153] Identified 1970 violating endpoints
[INFO RSZ-0154] Identified 2 critical arithmetic instances
[INFO ODB-0496] swapMaster sanity check passed (0 failures)
[INFO ODB-0496] swapMaster sanity check passed (0 failures)
[INFO RSZ-0160] 2 arithmetic instances have swapped to improve 'setup' target
[INFO RSZ-0026] Removed 16 buffers.
Default units for flow
 time 1ns
 capacitance 1pF
 resistance 1kohm
 voltage 1v
 current 1mA
 power 1nW
 distance 1um
   Layer   | Unit Resistance | Unit Capacitance 
           |       (kohm/um) |          (pF/um)
------------------------------------------------
       li1 |        7.18e-02 |         1.50e-04
      met1 |        1.21e-03 |         1.72e-04
      met2 |        1.22e-03 |         1.36e-04
      met3 |        1.66e-04 |         2.15e-04
      met4 |        1.68e-04 |         1.48e-04
      met5 |        1.84e-05 |         1.54e-04
------------------------------------------------

   Layer   | Via Resistance 
           |         (kohm) 
----------------------------
      mcon |       9.25e-03 
       via |       4.50e-03 
      via2 |       3.37e-03 
      via3 |       3.77e-04 
      via4 |       5.80e-06 
----------------------------
Report metrics stage 2, floorplan final...

==========================================================================
floorplan final report_design_area
--------------------------------------------------------------------------
Design area 210452 um^2 50% utilization.
write_db /work/results/sky130hd/m7_j1/p16p0/2_1_floorplan.odb
write_sdc -no_timestamp /work/results/sky130hd/m7_j1/p16p0/2_1_floorplan.sdc
Elapsed time: 0:03.79[h:]min:sec. CPU time: user 5.51 sys 3.75 (244%). Peak memory: 241988KB.
Log                       Ext     Elapsed/s Peak Memory/MB sha1sum result [0:20)
2_1_floorplan             .odb            3            236 a0f5e06094b62b868522
2_1_floorplan             .sdc                             54d21c5a22796ed77029
/OpenROAD-flow-scripts/flow/scripts/flow.sh 2_2_floorplan_macro macro_place
Running macro_place.tcl, stage 2_2_floorplan_macro
read_liberty /OpenROAD-flow-scripts/flow/platforms/sky130hd/lib/sky130_fd_sc_hd__tt_025C_1v80.lib
read_db -hier /work/results/sky130hd/m7_j1/p16p0/2_1_floorplan.odb
[WARNING ORD-0012] Hierarchical flow (-hier) is currently in development and may cause multiple issues. Do not use in production environments.
read_sdc /work/results/sky130hd/m7_j1/p16p0/2_1_floorplan.sdc
source /OpenROAD-flow-scripts/flow/platforms/sky130hd/setRC.tcl
No macros found: Skipping macro_placement
Design area 210452 um^2 50% utilization.
write_db /work/results/sky130hd/m7_j1/p16p0/2_2_floorplan_macro.odb
Elapsed time: 0:00.36[h:]min:sec. CPU time: user 0.31 sys 0.05 (100%). Peak memory: 176920KB.
Log                       Ext     Elapsed/s Peak Memory/MB sha1sum result [0:20)
2_2_floorplan_macro       .odb            0            172 a0f5e06094b62b868522
/OpenROAD-flow-scripts/flow/scripts/flow.sh 2_3_floorplan_tapcell tapcell
Running tapcell.tcl, stage 2_3_floorplan_tapcell
read_liberty /OpenROAD-flow-scripts/flow/platforms/sky130hd/lib/sky130_fd_sc_hd__tt_025C_1v80.lib
read_db -hier /work/results/sky130hd/m7_j1/p16p0/2_2_floorplan_macro.odb
[WARNING ORD-0012] Hierarchical flow (-hier) is currently in development and may cause multiple issues. Do not use in production environments.
read_sdc /work/results/sky130hd/m7_j1/p16p0/2_1_floorplan.sdc
source /OpenROAD-flow-scripts/flow/platforms/sky130hd/setRC.tcl
[INFO TAP-0005] Inserted 5497 tapcells.
Design area 217330 um^2 52% utilization.
write_db /work/results/sky130hd/m7_j1/p16p0/2_3_floorplan_tapcell.odb
Elapsed time: 0:00.37[h:]min:sec. CPU time: user 0.31 sys 0.06 (99%). Peak memory: 165276KB.
Log                       Ext     Elapsed/s Peak Memory/MB sha1sum result [0:20)
2_3_floorplan_tapcell     .odb            0            161 6885f6e97d7c2a643cfb
/OpenROAD-flow-scripts/flow/scripts/flow.sh 2_4_floorplan_pdn pdn
Running pdn.tcl, stage 2_4_floorplan_pdn
read_liberty /OpenROAD-flow-scripts/flow/platforms/sky130hd/lib/sky130_fd_sc_hd__tt_025C_1v80.lib
read_db -hier /work/results/sky130hd/m7_j1/p16p0/2_3_floorplan_tapcell.odb
[WARNING ORD-0012] Hierarchical flow (-hier) is currently in development and may cause multiple issues. Do not use in production environments.
read_sdc /work/results/sky130hd/m7_j1/p16p0/2_1_floorplan.sdc
source /OpenROAD-flow-scripts/flow/platforms/sky130hd/setRC.tcl
[WARNING PDN-1051] No instances found for grid (CORE_macro_grid_1).
[WARNING PDN-1051] No instances found for grid (CORE_macro_grid_2).
[INFO PDN-0001] Inserting grid: grid
[INFO PDN-0500] Runtime: 0.10s
Design area 217330 um^2 52% utilization.
write_db /work/results/sky130hd/m7_j1/p16p0/2_4_floorplan_pdn.odb
Elapsed time: 0:00.69[h:]min:sec. CPU time: user 0.63 sys 0.06 (100%). Peak memory: 200924KB.
Log                       Ext     Elapsed/s Peak Memory/MB sha1sum result [0:20)
2_4_floorplan_pdn         .odb            0            196 f2d8969dd61b656ab925
cp /work/results/sky130hd/m7_j1/p16p0/2_4_floorplan_pdn.odb /work/results/sky130hd/m7_j1/p16p0/2_floorplan.odb
cp /work/results/sky130hd/m7_j1/p16p0/2_1_floorplan.sdc /work/results/sky130hd/m7_j1/p16p0/2_floorplan.sdc
/OpenROAD-flow-scripts/flow/scripts/flow.sh 3_1_place_gp_skip_io global_place_skip_io
Running global_place_skip_io.tcl, stage 3_1_place_gp_skip_io
read_liberty /OpenROAD-flow-scripts/flow/platforms/sky130hd/lib/sky130_fd_sc_hd__tt_025C_1v80.lib
read_db -hier /work/results/sky130hd/m7_j1/p16p0/2_floorplan.odb
[WARNING ORD-0012] Hierarchical flow (-hier) is currently in development and may cause multiple issues. Do not use in production environments.
read_sdc /work/results/sky130hd/m7_j1/p16p0/2_floorplan.sdc
source /OpenROAD-flow-scripts/flow/platforms/sky130hd/setRC.tcl
[INFO GPL-0022] Initialize gpl and calculate uniform density.
Placement density is 0.6949999874830246, computed from PLACE_DENSITY_LB_ADDON  0.25 and lower bound 0.5799999833106995
global_placement -skip_io -density 0.6949999874830246 -pad_left 0 -pad_right 0
[INFO GPL-0001] ---- Initialize GPL Main Data Structures
[INFO GPL-0002] DBU: 1000
[INFO GPL-0003] SiteSize: (  0.460  2.720 ) um
[INFO GPL-0004] CoreBBox: (  1.380  2.720 ) ( 648.140 647.360 ) um
[INFO GPL-0016] Core area:                  416927.366 um^2
[INFO GPL-0036] Movable instances area:     210451.840 um^2
[INFO GPL-0037] Total instances area:       217329.686 um^2
[INFO GPL-0035] Pin density area adjust:     23524.087 um^2
[INFO GPL-0032] ---- Initialize Region: Top-level
[INFO GPL-0006] Number of instances:             30960
[INFO GPL-0007] Movable instances:               25463
[INFO GPL-0008] Fixed instances:                  5497
[INFO GPL-0009] Dummy instances:                     0
[INFO GPL-0010] Number of nets:                  25658
[INFO GPL-0011] Number of pins:                  95737
[INFO GPL-0012] Die BBox:       (  0.000  0.000 ) ( 649.570 649.570 ) um
[INFO GPL-0013] Placement BBox: (  1.380  2.720 ) ( 648.140 647.360 ) um
[INFO GPL-0014] Region name: top-level.
[INFO GPL-0015] Region area:                416927.366 um^2
[INFO GPL-0017] Fixed instances area:         6877.846 um^2
[INFO GPL-0018] Movable instances area:     233975.927 um^2
[INFO GPL-0019] Utilization:                    57.060 %
[INFO GPL-0020] Standard cells area:        233975.927 um^2
[INFO GPL-0021] Large instances area:            0.000 um^2
[INFO GPL-0005] ---- Execute Conjugate Gradient Initial Placement.
[INFO GPL-0051] Source of initial instance position counters:
	Odb location = 0	Core center = 25463	Region center = 0
[INFO GPL-0033] ---- Initialize Nesterov Region: Top-level
[INFO GPL-0023] Placement target density:       0.6950
[INFO GPL-0024] Movable insts average area:      9.189 um^2
[INFO GPL-0025] Ideal bin area:                 13.221 um^2
[INFO GPL-0026] Ideal bin count:                 31534
[INFO GPL-0027] Total bin area:             416927.366 um^2
[INFO GPL-0028] Bin count (X, Y):         128 ,    128
[INFO GPL-0029] Bin size (W * H):       5.053 *  5.036 um
[INFO GPL-0030] Number of bins:                  16384
[INFO GPL-0084] ---- Execute Nesterov Global Placement.
[INFO GPL-0031] HPWL: Half-Perimeter Wirelength
Iteration | Overflow |     HPWL (um) |  HPWL(%) |   Penalty | Group
---------------------------------------------------------------
        0 |   0.9992 |  4.726897e+04 |   +0.00% |  8.96e-16 |      
       10 |   0.9990 |  3.657404e+04 |  -22.63% |  1.46e-15 |      
       20 |   0.9990 |  3.620396e+04 |   -1.01% |  2.38e-15 |      
       30 |   0.9990 |  3.611118e+04 |   -0.26% |  3.87e-15 |      
       40 |   0.9990 |  3.608331e+04 |   -0.08% |  6.31e-15 |      
       50 |   0.9990 |  3.606272e+04 |   -0.06% |  1.03e-14 |      
       60 |   0.9990 |  3.606519e+04 |   +0.01% |  1.67e-14 |      
       70 |   0.9990 |  3.610875e+04 |   +0.12% |  2.73e-14 |      
       80 |   0.9990 |  3.624267e+04 |   +0.37% |  4.44e-14 |      
       90 |   0.9987 |  3.666561e+04 |   +1.17% |  7.23e-14 |      
      100 |   0.9982 |  3.781657e+04 |   +3.14% |  1.18e-13 |      
      110 |   0.9977 |  4.028507e+04 |   +6.53% |  1.92e-13 |      
      120 |   0.9968 |  4.515388e+04 |  +12.09% |  3.12e-13 |      
      130 |   0.9950 |  5.406364e+04 |  +19.73% |  5.08e-13 |      
      140 |   0.9925 |  6.699595e+04 |  +23.92% |  8.27e-13 |      
      150 |   0.9889 |  8.383612e+04 |  +25.14% |  1.34e-12 |      
      160 |   0.9829 |  1.047038e+05 |  +24.89% |  2.19e-12 |      
      170 |   0.9747 |  1.265974e+05 |  +20.91% |  3.55e-12 |      
      180 |   0.9647 |  1.490906e+05 |  +17.77% |  5.77e-12 |      
      190 |   0.9520 |  1.775320e+05 |  +19.08% |  9.37e-12 |      
      200 |   0.9334 |  2.200691e+05 |  +23.96% |  1.52e-11 |      
      210 |   0.9120 |  2.577968e+05 |  +17.14% |  2.46e-11 |      
      220 |   0.8874 |  2.956344e+05 |  +14.68% |  4.00e-11 |      
      230 |   0.8563 |  3.353967e+05 |  +13.45% |  6.49e-11 |      
      240 |   0.8189 |  3.745608e+05 |  +11.68% |  1.05e-10 |      
      250 |   0.7823 |  4.073114e+05 |   +8.74% |  1.71e-10 |      
      260 |   0.7416 |  4.423818e+05 |   +8.61% |  2.77e-10 |      
      270 |   0.6939 |  4.816532e+05 |   +8.88% |  4.49e-10 |      
      280 |   0.6466 |  5.159776e+05 |   +7.13% |  7.29e-10 |      
      290 |   0.6001 |  5.406397e+05 |   +4.78% |  1.18e-09 |      
      300 |   0.5604 |  5.544466e+05 |   +2.55% |  1.93e-09 |      
      310 |   0.5184 |  5.603473e+05 |   +1.06% |  3.13e-09 |      
      320 |   0.4730 |  5.661908e+05 |   +1.04% |  5.10e-09 |      
      330 |   0.4306 |  5.743619e+05 |   +1.44% |  8.31e-09 |      
      340 |   0.3863 |  5.807109e+05 |   +1.11% |  1.35e-08 |      
      350 |   0.3448 |  5.845421e+05 |   +0.66% |  2.20e-08 |      
      360 |   0.3122 |  5.849942e+05 |   +0.08% |  3.24e-08 |      
      370 |   0.2798 |  5.860384e+05 |   +0.18% |  4.78e-08 |      
      380 |   0.2518 |  5.872388e+05 |   +0.20% |  7.03e-08 |      
      390 |   0.2213 |  5.884230e+05 |   +0.20% |  1.04e-07 |      
      400 |   0.1941 |  5.898841e+05 |   +0.25% |  1.53e-07 |      
      410 |   0.1691 |  5.913529e+05 |   +0.25% |  2.25e-07 |      
      420 |   0.1447 |  5.929015e+05 |   +0.26% |  3.31e-07 |      
      430 |   0.1235 |  5.944383e+05 |   +0.26% |  4.88e-07 |      
      440 |   0.1064 |  5.958474e+05 |   +0.24% |  7.18e-07 |      
      444 |   0.0997 |  5.965619e+05 |          |  8.72e-07 |      
---------------------------------------------------------------
[INFO GPL-1001] Global placement finished at iteration 444
[INFO GPL-1002] Placed Cell Area            233975.9265
[INFO GPL-1003] Available Free Area         410049.5200
[INFO GPL-1004] Minimum Feasible Density        0.5800 (cell_area / free_area)
[INFO GPL-1006]   Suggested Target Densities:
[INFO GPL-1007]     - For 90% usage of free space: 0.6340
[INFO GPL-1008]     - For 80% usage of free space: 0.7133
[INFO GPL-1014] Final placement area: 233975.93 (+0.00%)
Took 24 seconds: global_placement -skip_io -density 0.6949999874830246 -pad_left 0 -pad_right 0
Design area 217330 um^2 52% utilization.
write_db /work/results/sky130hd/m7_j1/p16p0/3_1_place_gp_skip_io.odb
Elapsed time: 0:25.10[h:]min:sec. CPU time: user 703.70 sys 0.72 (2806%). Peak memory: 219412KB.
Log                       Ext     Elapsed/s Peak Memory/MB sha1sum result [0:20)
3_1_place_gp_skip_io      .odb           25            214 202a986f01a650c03e52
/OpenROAD-flow-scripts/flow/scripts/flow.sh 3_2_place_iop io_placement
Running io_placement.tcl, stage 3_2_place_iop
read_liberty /OpenROAD-flow-scripts/flow/platforms/sky130hd/lib/sky130_fd_sc_hd__tt_025C_1v80.lib
read_db -hier /work/results/sky130hd/m7_j1/p16p0/3_1_place_gp_skip_io.odb
[WARNING ORD-0012] Hierarchical flow (-hier) is currently in development and may cause multiple issues. Do not use in production environments.
read_sdc /work/results/sky130hd/m7_j1/p16p0/2_floorplan.sdc
source /OpenROAD-flow-scripts/flow/platforms/sky130hd/setRC.tcl
place_pins -hor_layers met3 -ver_layers met2
Found 0 macro blocks.
Using 2 tracks default min distance between IO pins.
[INFO PPL-0001] Number of available slots 2356
[INFO PPL-0002] Number of I/O             276
[INFO PPL-0003] Number of I/O w/sink      83
[INFO PPL-0004] Number of I/O w/o sink    193
[INFO PPL-0005] Slots per section         200
[INFO PPL-0008] Successfully assigned pins to sections.
[INFO PPL-0012] I/O nets HPWL: 33130.25 um.
Design area 217330 um^2 52% utilization.
write_db /work/results/sky130hd/m7_j1/p16p0/3_2_place_iop.odb
Elapsed time: 0:00.37[h:]min:sec. CPU time: user 0.32 sys 0.06 (100%). Peak memory: 186924KB.
Log                       Ext     Elapsed/s Peak Memory/MB sha1sum result [0:20)
3_2_place_iop             .odb            0            182 04cc134945157e0e4011
/OpenROAD-flow-scripts/flow/scripts/flow.sh 3_3_place_gp global_place
Running global_place.tcl, stage 3_3_place_gp
read_liberty /OpenROAD-flow-scripts/flow/platforms/sky130hd/lib/sky130_fd_sc_hd__tt_025C_1v80.lib
read_db -hier /work/results/sky130hd/m7_j1/p16p0/3_2_place_iop.odb
[WARNING ORD-0012] Hierarchical flow (-hier) is currently in development and may cause multiple issues. Do not use in production environments.
read_sdc /work/results/sky130hd/m7_j1/p16p0/2_floorplan.sdc
source /OpenROAD-flow-scripts/flow/platforms/sky130hd/setRC.tcl
[INFO RSZ-0026] Removed 0 buffers.
Perform port buffering...
[INFO RSZ-0027] Inserted 1 sky130_fd_sc_hd__clkdlybuf4s50_1 input buffers.
[INFO RSZ-0028] Inserted 65 sky130_fd_sc_hd__clkdlybuf4s50_1 output buffers.
[INFO GPL-0022] Initialize gpl and calculate uniform density.
Placement density is 0.6949999874830246, computed from PLACE_DENSITY_LB_ADDON  0.25 and lower bound 0.5799999833106995
global_placement -density 0.6949999874830246 -pad_left 0 -pad_right 0 -routability_driven -timing_driven -force_center_initial_place -min_phi_coef 0.95 -max_phi_coef 1.05
[INFO GPL-0001] ---- Initialize GPL Main Data Structures
[INFO GPL-0002] DBU: 1000
[INFO GPL-0003] SiteSize: (  0.460  2.720 ) um
[INFO GPL-0004] CoreBBox: (  1.380  2.720 ) ( 648.140 647.360 ) um
[INFO GPL-0016] Core area:                  416927.366 um^2
[INFO GPL-0036] Movable instances area:     211112.474 um^2
[INFO GPL-0037] Total instances area:       217990.320 um^2
[INFO GPL-0035] Pin density area adjust:     23560.576 um^2
[INFO GPL-0032] ---- Initialize Region: Top-level
[INFO GPL-0006] Number of instances:             31026
[INFO GPL-0007] Movable instances:               25529
[INFO GPL-0008] Fixed instances:                  5497
[INFO GPL-0009] Dummy instances:                     0
[INFO GPL-0010] Number of nets:                  25724
[INFO GPL-0011] Number of pins:                  96145
[INFO GPL-0012] Die BBox:       (  0.000  0.000 ) ( 649.570 649.570 ) um
[INFO GPL-0013] Placement BBox: (  1.380  2.720 ) ( 648.140 647.360 ) um
[INFO GPL-0014] Region name: top-level.
[INFO GPL-0015] Region area:                416927.366 um^2
[INFO GPL-0017] Fixed instances area:         6877.846 um^2
[INFO GPL-0018] Movable instances area:     234673.049 um^2
[INFO GPL-0019] Utilization:                    57.230 %
[INFO GPL-0020] Standard cells area:        234673.049 um^2
[INFO GPL-0021] Large instances area:            0.000 um^2
[INFO GPL-0005] ---- Execute Conjugate Gradient Initial Placement.
[INFO GPL-0051] Source of initial instance position counters:
	Odb location = 0	Core center = 25529	Region center = 0
[InitialPlace]  Iter: 1 conjugate gradient residual: 0.03334585 HPWL: 762764967
[InitialPlace]  Iter: 2 conjugate gradient residual: 0.00195069 HPWL: 224761118
[InitialPlace]  Iter: 3 conjugate gradient residual: 0.00087617 HPWL: 221348853
[InitialPlace]  Iter: 4 conjugate gradient residual: 0.00012963 HPWL: 210701790
[InitialPlace]  Iter: 5 conjugate gradient residual: 0.00014715 HPWL: 209847712
[InitialPlace]  Iter: 6 conjugate gradient residual: 0.00006316 HPWL: 209950983
[InitialPlace]  Iter: 7 conjugate gradient residual: 0.00013317 HPWL: 209216847
[InitialPlace]  Iter: 8 conjugate gradient residual: 0.00015248 HPWL: 209398693
[InitialPlace]  Iter: 9 conjugate gradient residual: 0.00009312 HPWL: 208812654
[InitialPlace]  Iter: 10 conjugate gradient residual: 0.00002952 HPWL: 208999734
[InitialPlace]  Iter: 11 conjugate gradient residual: 0.00004042 HPWL: 208321465
[InitialPlace]  Iter: 12 conjugate gradient residual: 0.00005350 HPWL: 208555509
[InitialPlace]  Iter: 13 conjugate gradient residual: 0.00001053 HPWL: 208088414
[InitialPlace]  Iter: 14 conjugate gradient residual: 0.00002122 HPWL: 208307935
[InitialPlace]  Iter: 15 conjugate gradient residual: 0.00000905 HPWL: 207895809
[INFO GPL-0033] ---- Initialize Nesterov Region: Top-level
[INFO GPL-0023] Placement target density:       0.6950
[INFO GPL-0024] Movable insts average area:      9.192 um^2
[INFO GPL-0025] Ideal bin area:                 13.226 um^2
[INFO GPL-0026] Ideal bin count:                 31522
[INFO GPL-0027] Total bin area:             416927.366 um^2
[INFO GPL-0028] Bin count (X, Y):         128 ,    128
[INFO GPL-0029] Bin size (W * H):       5.053 *  5.036 um
[INFO GPL-0030] Number of bins:                  16384
[INFO GPL-0084] ---- Execute Nesterov Global Placement.
[INFO GPL-0031] HPWL: Half-Perimeter Wirelength
Iteration | Overflow |     HPWL (um) |  HPWL(%) |   Penalty | Group
---------------------------------------------------------------
        0 |   0.9970 |  5.095215e+04 |   +0.00% |  2.46e-17 |      
       10 |   0.9956 |  5.149334e+04 |   +1.06% |  4.00e-17 |      
       20 |   0.9947 |  5.320774e+04 |   +3.33% |  6.52e-17 |      
       30 |   0.9941 |  5.445492e+04 |   +2.34% |  1.06e-16 |      
       40 |   0.9938 |  5.515009e+04 |   +1.28% |  1.73e-16 |      
       50 |   0.9937 |  5.537886e+04 |   +0.41% |  2.82e-16 |      
       60 |   0.9936 |  5.553160e+04 |   +0.28% |  4.59e-16 |      
       70 |   0.9935 |  5.578368e+04 |   +0.45% |  7.47e-16 |      
       80 |   0.9935 |  5.603278e+04 |   +0.45% |  1.22e-15 |      
       90 |   0.9934 |  5.615664e+04 |   +0.22% |  1.98e-15 |      
      100 |   0.9933 |  5.615277e+04 |   -0.01% |  3.23e-15 |      
      110 |   0.9931 |  5.613467e+04 |   -0.03% |  5.26e-15 |      
      120 |   0.9930 |  5.622778e+04 |   +0.17% |  8.57e-15 |      
      130 |   0.9928 |  5.648257e+04 |   +0.45% |  1.40e-14 |      
      140 |   0.9927 |  5.692533e+04 |   +0.78% |  2.27e-14 |      
      150 |   0.9924 |  5.757057e+04 |   +1.13% |  3.70e-14 |      
      160 |   0.9920 |  5.855245e+04 |   +1.71% |  6.03e-14 |      
      170 |   0.9916 |  6.006447e+04 |   +2.58% |  9.82e-14 |      
      180 |   0.9909 |  6.242150e+04 |   +3.92% |  1.60e-13 |      
      190 |   0.9898 |  6.594819e+04 |   +5.65% |  2.61e-13 |      
      200 |   0.9884 |  7.138142e+04 |   +8.24% |  4.24e-13 |      
      210 |   0.9862 |  7.992843e+04 |  +11.97% |  6.90e-13 |      
      220 |   0.9826 |  9.330172e+04 |  +16.73% |  1.12e-12 |      
      230 |   0.9767 |  1.121795e+05 |  +20.23% |  1.83e-12 |      
      240 |   0.9687 |  1.393371e+05 |  +24.21% |  2.96e-12 |      
      250 |   0.9585 |  1.710140e+05 |  +22.73% |  4.81e-12 |      
      260 |   0.9464 |  2.061104e+05 |  +20.52% |  7.81e-12 |      
      270 |   0.9296 |  2.461132e+05 |  +19.41% |  1.27e-11 |      
      280 |   0.9082 |  2.902001e+05 |  +17.91% |  2.05e-11 |      
      290 |   0.8830 |  3.308666e+05 |  +14.01% |  3.33e-11 |      
      300 |   0.8543 |  3.701774e+05 |  +11.88% |  5.40e-11 |      
      310 |   0.8218 |  4.035279e+05 |   +9.01% |  8.76e-11 |      
      320 |   0.7871 |  4.247869e+05 |   +5.27% |  1.42e-10 |      
      330 |   0.7453 |  4.710965e+05 |  +10.90% |  2.31e-10 |      
      340 |   0.7044 |  5.096623e+05 |   +8.19% |  3.74e-10 |      
      350 |   0.6618 |  5.342118e+05 |   +4.82% |  6.08e-10 |      
[INFO GPL-0100] Timing-driven iteration 1/2, virtual: false.
[INFO GPL-0101]    Iter: 357, overflow: 0.634, keep resizer changes at: 1, HPWL: 541852472
Iteration |   Area    | Resized | Buffers | Nets repaired | Remaining
---------------------------------------------------------------------
        0 |     +0.0% |       0 |       0 |             0 |     25846
    final |     +7.7% |     317 |     761 |           360 |         0
---------------------------------------------------------------------
[INFO RSZ-0034] Found 366 slew violations.
[INFO RSZ-0036] Found 165 capacitance violations.
[INFO RSZ-0039] Resized 317 instances.
[INFO RSZ-0038] Inserted 761 buffers in 360 nets.
   Iter   |    Area   | Removed | Inserted |   Pins
          |           | Buffers | Buffers  | Remaining
-------------------------------------------------------
        0 |     +0.0% |       0 |        0 |     25314
     2500 |     -0.0% |      33 |       66 |     22814
     5000 |     +0.3% |      75 |      236 |     20314
     7500 |     +0.1% |     208 |      426 |     17814
    10000 |     -0.5% |     333 |      514 |     15314
    12500 |     -0.8% |     386 |      557 |     12814
    15000 |     -0.8% |     420 |      607 |     10314
    17500 |     -0.9% |     479 |      701 |      7814
    20000 |     -1.0% |     530 |      781 |      5314
    22500 |     -1.0% |     554 |      824 |      2814
    25000 |     -2.7% |     748 |      940 |       314
    final |     -2.8% |     761 |      961 |         0
-------------------------------------------------------
[INFO GPL-0106] Timing-driven: worst slack -4.295e-09
[INFO GPL-0107] Timing-driven: repair_design delta area: 9766.752 um^2 (+4.16%)
[INFO GPL-0108] Timing-driven: repair_design, gpl delta gcells: 961 (+3.76%)
[INFO GPL-0109] Timing-driven: repair_design, gcells created: 1722, deleted: 761
[INFO GPL-0110] Timing-driven: new target density: 0.7188185
Iteration | Overflow |     HPWL (um) |  HPWL(%) |   Penalty | Group
---------------------------------------------------------------
      360 |   0.5991 |  6.241909e+05 |  +16.84% |  9.81e-10 |      
[INFO GPL-0038] Routability snapshot saved at iter = 361
      360 |   0.5991 |  6.241909e+05 |          |           |      
      370 |   0.5683 |  6.317456e+05 |   +1.21% |  1.59e-09 |      
      380 |   0.5191 |  6.466231e+05 |   +2.35% |  2.59e-09 |      
      390 |   0.4773 |  6.498468e+05 |   +0.50% |  4.22e-09 |      
      400 |   0.4341 |  6.520425e+05 |   +0.34% |  6.86e-09 |      
      410 |   0.3885 |  6.643949e+05 |   +1.89% |  1.12e-08 |      
      420 |   0.3513 |  6.623023e+05 |   -0.31% |  1.82e-08 |      
      430 |   0.3177 |  6.610383e+05 |   -0.19% |  2.73e-08 |      
[INFO GPL-0040] Routability iteration: 1
[WARNING GRT-0281] Net _12916_ has a large fanout of 2191 terminals.
[INFO GPL-0041] Total routing overflow: 162.7818
[INFO GPL-0042] Number of overflowed tiles: 1205 (13.64%)
[INFO GPL-0043] Average top 0.5% routing congestion: 1.4642
[INFO GPL-0044] Average top 1.0% routing congestion: 1.4111
[INFO GPL-0045] Average top 2.0% routing congestion: 1.3498
[INFO GPL-0046] Average top 5.0% routing congestion: 1.2557
[INFO GPL-0047] Routability iteration weighted routing congestion: 1.4377
[INFO GPL-0048] Routing congestion (1.4377) lower than previous minimum (1e+30). Updating minimum.
[INFO GPL-0086] Inflated area:               23497.252 um^2 (+9.61%)
[INFO GPL-0052] Placement target density:       0.7188
[INFO GPL-0076] Removing fillers, count: Before: 5654, After: 3013 (-46.71%)
[INFO GPL-0077] Filler area (um^2)     : Before: 50311.361, After: 26806.420 (-46.72%)
[INFO GPL-0078] Removed fillers count: 2641, area removed: 23496.766 um^2. Remaining area to be compensated by modifying density: 0.487 um^2
[INFO GPL-0058] White space area:           410049.520 um^2 (+0.00%)
[INFO GPL-0059] Movable instances area:     294751.175 um^2 (+0.00%)
[INFO GPL-0060] Total filler area:           26806.420 um^2 (-46.72%)
[INFO GPL-0061] Total non-inflated area:    294743.474 um^2 (-0.00%)
[INFO GPL-0062] Total inflated area:        318240.726 um^2 (-0.00%)
[INFO GPL-0063] New Target Density:             0.7188
[INFO GPL-0087] Routability end iteration: increase inflation and revert back to snapshot.
Iteration | Overflow |     HPWL (um) |  HPWL(%) |   Penalty | Group
---------------------------------------------------------------
      440 |   0.5989 |  6.613165e+05 |   +0.04% |  1.15e-09 |      
      450 |   0.5434 |  7.467323e+05 |  +12.92% |  1.68e-09 |      
      460 |   0.5180 |  7.077045e+05 |   -5.23% |  2.48e-09 |      
      470 |   0.4792 |  7.670552e+05 |   +8.39% |  3.63e-09 |      
      480 |   0.4508 |  7.006775e+05 |   -8.65% |  5.35e-09 |      
      490 |   0.4156 |  7.438295e+05 |   +6.16% |  7.85e-09 |      
      500 |   0.3805 |  7.344410e+05 |   -1.26% |  1.16e-08 |      
      510 |   0.3539 |  7.138115e+05 |   -2.81% |  1.70e-08 |      
      520 |   0.3212 |  7.168229e+05 |   +0.42% |  2.51e-08 |      
[INFO GPL-0040] Routability iteration: 2
[INFO GPL-0041] Total routing overflow: 95.0692
[INFO GPL-0042] Number of overflowed tiles: 1003 (11.35%)
[INFO GPL-0043] Average top 0.5% routing congestion: 1.3009
[INFO GPL-0044] Average top 1.0% routing congestion: 1.2683
[INFO GPL-0045] Average top 2.0% routing congestion: 1.2273
[INFO GPL-0046] Average top 5.0% routing congestion: 1.1648
[INFO GPL-0047] Routability iteration weighted routing congestion: 1.2846
[INFO GPL-0048] Routing congestion (1.2846) lower than previous minimum (1.438). Updating minimum.
[INFO GPL-0086] Inflated area:               10504.433 um^2 (+3.92%)
[INFO GPL-0052] Placement target density:       0.7188
[INFO GPL-0076] Removing fillers, count: Before: 3013, After: 1833 (-39.16%)
[INFO GPL-0077] Filler area (um^2)     : Before: 26806.420, After: 16308.054 (-39.16%)
[INFO GPL-0078] Removed fillers count: 1180, area removed: 10498.366 um^2. Remaining area to be compensated by modifying density: 6.067 um^2
[INFO GPL-0058] White space area:           410049.520 um^2 (+0.00%)
[INFO GPL-0059] Movable instances area:     294751.175 um^2 (+0.00%)
[INFO GPL-0060] Total filler area:           16308.054 um^2 (-39.16%)
[INFO GPL-0061] Total non-inflated area:    294749.540 um^2 (+0.00%)
[INFO GPL-0062] Total inflated area:        305253.973 um^2 (+0.00%)
[INFO GPL-0063] New Target Density:             0.7188
[INFO GPL-0087] Routability end iteration: increase inflation and revert back to snapshot.
Iteration | Overflow |     HPWL (um) |  HPWL(%) |   Penalty | Group
---------------------------------------------------------------
      530 |   0.6170 |  6.409610e+05 |  -10.58% |  1.11e-09 |      
      540 |   0.5356 |  8.156830e+05 |  +27.26% |  1.61e-09 |      
      550 |   0.5209 |  7.555850e+05 |   -7.37% |  2.37e-09 |      
      560 |   0.4794 |  8.441601e+05 |  +11.72% |  3.47e-09 |      
      570 |   0.4573 |  7.295882e+05 |  -13.57% |  5.11e-09 |      
      580 |   0.4071 |  7.944332e+05 |   +8.89% |  7.47e-09 |      
      590 |   0.3832 |  7.818050e+05 |   -1.59% |  1.10e-08 |      
      600 |   0.3561 |  7.470732e+05 |   -4.44% |  1.62e-08 |      
      610 |   0.3240 |  7.493651e+05 |   +0.31% |  2.38e-08 |      
[INFO GPL-0040] Routability iteration: 3
[INFO GPL-0041] Total routing overflow: 75.9220
[INFO GPL-0042] Number of overflowed tiles: 913 (10.33%)
[INFO GPL-0043] Average top 0.5% routing congestion: 1.2647
[INFO GPL-0044] Average top 1.0% routing congestion: 1.2309
[INFO GPL-0045] Average top 2.0% routing congestion: 1.1930
[INFO GPL-0046] Average top 5.0% routing congestion: 1.1368
[INFO GPL-0047] Routability iteration weighted routing congestion: 1.2478
[INFO GPL-0048] Routing congestion (1.2478) lower than previous minimum (1.285). Updating minimum.
[INFO GPL-0086] Inflated area:                8020.776 um^2 (+2.88%)
[INFO GPL-0052] Placement target density:       0.7188
[INFO GPL-0076] Removing fillers, count: Before: 1833, After: 932 (-49.15%)
[INFO GPL-0077] Filler area (um^2)     : Before: 16308.054, After: 8291.929 (-49.15%)
[INFO GPL-0078] Removed fillers count: 901, area removed: 8016.125 um^2. Remaining area to be compensated by modifying density: 4.651 um^2
[INFO GPL-0058] White space area:           410049.520 um^2 (+0.00%)
[INFO GPL-0059] Movable instances area:     294751.175 um^2 (+0.00%)
[INFO GPL-0060] Total filler area:            8291.929 um^2 (-49.15%)
[INFO GPL-0061] Total non-inflated area:    294754.192 um^2 (+0.00%)
[INFO GPL-0062] Total inflated area:        302774.968 um^2 (+0.00%)
[INFO GPL-0063] New Target Density:             0.7188
[INFO GPL-0087] Routability end iteration: increase inflation and revert back to snapshot.
Iteration | Overflow |     HPWL (um) |  HPWL(%) |   Penalty | Group
---------------------------------------------------------------
      620 |   0.6483 |  6.103528e+05 |  -18.55% |  1.03e-09 |      
      630 |   0.5335 |  8.678070e+05 |  +42.18% |  1.48e-09 |      
      640 |   0.5285 |  7.994034e+05 |   -7.88% |  2.18e-09 |      
      650 |   0.4808 |  8.901778e+05 |  +11.36% |  3.19e-09 |      
      660 |   0.4616 |  7.617867e+05 |  -14.42% |  4.70e-09 |      
      670 |   0.4118 |  8.440431e+05 |  +10.80% |  6.87e-09 |      
      680 |   0.3897 |  8.088232e+05 |   -4.17% |  1.01e-08 |      
      690 |   0.3655 |  7.737755e+05 |   -4.33% |  1.49e-08 |      
      700 |   0.3295 |  7.791951e+05 |   +0.70% |  2.19e-08 |      
      710 |   0.3028 |  7.673022e+05 |   -1.53% |  3.22e-08 |      
[INFO GPL-0040] Routability iteration: 4
[INFO GPL-0041] Total routing overflow: 67.8069
[INFO GPL-0042] Number of overflowed tiles: 896 (10.14%)
[INFO GPL-0043] Average top 0.5% routing congestion: 1.2455
[INFO GPL-0044] Average top 1.0% routing congestion: 1.2116
[INFO GPL-0045] Average top 2.0% routing congestion: 1.1780
[INFO GPL-0046] Average top 5.0% routing congestion: 1.1254
[INFO GPL-0047] Routability iteration weighted routing congestion: 1.2286
[INFO GPL-0048] Routing congestion (1.2286) lower than previous minimum (1.248). Updating minimum.
[INFO GPL-0086] Inflated area:                7379.360 um^2 (+2.58%)
[INFO GPL-0052] Placement target density:       0.7188
[INFO GPL-0076] Removing fillers, count: Before: 932, After: 103 (-88.95%)
[INFO GPL-0077] Filler area (um^2)     : Before: 8291.929, After: 916.383 (-88.95%)
[INFO GPL-0078] Removed fillers count: 829, area removed: 7375.547 um^2. Remaining area to be compensated by modifying density: 3.813 um^2
[INFO GPL-0058] White space area:           410049.520 um^2 (+0.00%)
[INFO GPL-0059] Movable instances area:     294751.175 um^2 (+0.00%)
[INFO GPL-0060] Total filler area:             916.383 um^2 (-88.95%)
[INFO GPL-0061] Total non-inflated area:    294758.005 um^2 (+0.00%)
[INFO GPL-0062] Total inflated area:        302137.365 um^2 (+0.00%)
[INFO GPL-0063] New Target Density:             0.7188
[INFO GPL-0087] Routability end iteration: increase inflation and revert back to snapshot.
Iteration | Overflow |     HPWL (um) |  HPWL(%) |   Penalty | Group
---------------------------------------------------------------
      720 |   0.5352 |  8.924718e+05 |  +16.31% |  1.37e-09 |      
      730 |   0.5324 |  8.615318e+05 |   -3.47% |  2.01e-09 |      
      740 |   0.4900 |  8.881261e+05 |   +3.09% |  2.95e-09 |      
      750 |   0.4652 |  8.106185e+05 |   -8.73% |  4.33e-09 |      
      760 |   0.4129 |  8.781240e+05 |   +8.33% |  6.33e-09 |      
      770 |   0.3967 |  8.321340e+05 |   -5.24% |  9.31e-09 |      
      780 |   0.3713 |  8.132072e+05 |   -2.27% |  1.37e-08 |      
      790 |   0.3363 |  8.117188e+05 |   -0.18% |  2.02e-08 |      
      800 |   0.3104 |  7.945257e+05 |   -2.12% |  2.97e-08 |      
[INFO GPL-0040] Routability iteration: 5
[INFO GPL-0041] Total routing overflow: 62.2523
[INFO GPL-0042] Number of overflowed tiles: 892 (10.10%)
[INFO GPL-0043] Average top 0.5% routing congestion: 1.2190
[INFO GPL-0044] Average top 1.0% routing congestion: 1.1918
[INFO GPL-0045] Average top 2.0% routing congestion: 1.1594
[INFO GPL-0046] Average top 5.0% routing congestion: 1.1136
[INFO GPL-0047] Routability iteration weighted routing congestion: 1.2054
[INFO GPL-0048] Routing congestion (1.2054) lower than previous minimum (1.229). Updating minimum.
[INFO GPL-0086] Inflated area:                6890.058 um^2 (+2.34%)
[INFO GPL-0052] Placement target density:       0.7188
[INFO GPL-0076] Removing fillers, count: Before: 103, After: 0 (-100.00%)
[INFO GPL-0077] Filler area (um^2)     : Before: 916.383, After: 0.000 (-100.00%)
[INFO GPL-0078] Removed fillers count: 103, area removed: 916.383 um^2. Remaining area to be compensated by modifying density: 5973.675 um^2
[INFO GPL-0079] New target density: 0.7334034
[INFO GPL-0058] White space area:           410049.520 um^2 (+0.00%)
[INFO GPL-0059] Movable instances area:     300731.695 um^2 (+2.03%)
[INFO GPL-0060] Total filler area:               0.000 um^2 (-100.00%)
[INFO GPL-0061] Total non-inflated area:    300731.680 um^2 (+2.03%)
[INFO GPL-0062] Total inflated area:        307621.738 um^2 (+1.98%)
[INFO GPL-0063] New Target Density:             0.7334
[INFO GPL-0087] Routability end iteration: increase inflation and revert back to snapshot.
Iteration | Overflow |     HPWL (um) |  HPWL(%) |   Penalty | Group
---------------------------------------------------------------
      810 |   0.5598 |  8.002442e+05 |   +0.72% |  1.23e-09 |      
      820 |   0.5252 |  9.219926e+05 |  +15.21% |  1.79e-09 |      
      830 |   0.5041 |  8.528880e+05 |   -7.50% |  2.63e-09 |      
      840 |   0.4680 |  8.673641e+05 |   +1.70% |  3.85e-09 |      
      850 |   0.4286 |  8.584899e+05 |   -1.02% |  5.65e-09 |      
      860 |   0.4010 |  8.556877e+05 |   -0.33% |  8.29e-09 |      
      870 |   0.3729 |  8.394017e+05 |   -1.90% |  1.22e-08 |      
      880 |   0.3428 |  8.215906e+05 |   -2.12% |  1.80e-08 |      
      890 |   0.3181 |  8.057329e+05 |   -1.93% |  2.65e-08 |      
[INFO GPL-0040] Routability iteration: 6
[INFO GPL-0041] Total routing overflow: 60.5967
[INFO GPL-0042] Number of overflowed tiles: 836 (9.46%)
[INFO GPL-0043] Average top 0.5% routing congestion: 1.2300
[INFO GPL-0044] Average top 1.0% routing congestion: 1.2001
[INFO GPL-0045] Average top 2.0% routing congestion: 1.1668
[INFO GPL-0046] Average top 5.0% routing congestion: 1.1153
[INFO GPL-0047] Routability iteration weighted routing congestion: 1.2151
[INFO GPL-0049] Routing congestion (1.2151) higher than minimum (1.2054). Consecutive non-improvement count: 1.
[INFO GPL-0086] Inflated area:                6909.700 um^2 (+2.30%)
[INFO GPL-0052] Placement target density:       0.7334
[INFO GPL-0076] Removing fillers, count: Before: 0, After: 0 (+0.00%)
[INFO GPL-0077] Filler area (um^2)     : Before: 0.000, After: 0.000 (+0.00%)
[INFO GPL-0078] Removed fillers count: 0, area removed: 0.000 um^2. Remaining area to be compensated by modifying density: 6909.700 um^2
[INFO GPL-0079] New target density: 0.7502542
[INFO GPL-0058] White space area:           410049.520 um^2 (+0.00%)
[INFO GPL-0059] Movable instances area:     307641.385 um^2 (+2.30%)
[INFO GPL-0060] Total filler area:               0.000 um^2 (+0.00%)
[INFO GPL-0061] Total non-inflated area:    307641.380 um^2 (+2.30%)
[INFO GPL-0062] Total inflated area:        314551.081 um^2 (+2.25%)
[INFO GPL-0063] New Target Density:             0.7503
[INFO GPL-0087] Routability end iteration: increase inflation and revert back to snapshot.
Iteration | Overflow |     HPWL (um) |  HPWL(%) |   Penalty | Group
---------------------------------------------------------------
      900 |   0.6205 |  6.606537e+05 |  -18.01% |  1.11e-09 |      
      910 |   0.5156 |  9.622000e+05 |  +45.64% |  1.59e-09 |      
      920 |   0.5165 |  8.460270e+05 |  -12.07% |  2.34e-09 |      
      930 |   0.4684 |  9.181630e+05 |   +8.53% |  3.42e-09 |      
      940 |   0.4470 |  8.218328e+05 |  -10.49% |  5.04e-09 |      
      950 |   0.4020 |  8.807490e+05 |   +7.17% |  7.37e-09 |      
      960 |   0.3802 |  8.507275e+05 |   -3.41% |  1.09e-08 |      
      970 |   0.3481 |  8.229341e+05 |   -3.27% |  1.60e-08 |      
      980 |   0.3219 |  8.143899e+05 |   -1.04% |  2.36e-08 |      
      990 |   0.2969 |  8.004855e+05 |   -1.71% |  3.47e-08 |      
[INFO GPL-0040] Routability iteration: 7
[INFO GPL-0041] Total routing overflow: 59.7388
[INFO GPL-0042] Number of overflowed tiles: 870 (9.85%)
[INFO GPL-0043] Average top 0.5% routing congestion: 1.2159
[INFO GPL-0044] Average top 1.0% routing congestion: 1.1885
[INFO GPL-0045] Average top 2.0% routing congestion: 1.1586
[INFO GPL-0046] Average top 5.0% routing congestion: 1.1109
[INFO GPL-0047] Routability iteration weighted routing congestion: 1.2022
[INFO GPL-0048] Routing congestion (1.2022) lower than previous minimum (1.205). Updating minimum.
[INFO GPL-0086] Inflated area:                6658.648 um^2 (+2.16%)
[INFO GPL-0052] Placement target density:       0.7503
[INFO GPL-0076] Removing fillers, count: Before: 0, After: 0 (+0.00%)
[INFO GPL-0077] Filler area (um^2)     : Before: 0.000, After: 0.000 (+0.00%)
[INFO GPL-0078] Removed fillers count: 0, area removed: 0.000 um^2. Remaining area to be compensated by modifying density: 6658.648 um^2
[INFO GPL-0079] New target density: 0.7664929
[INFO GPL-0058] White space area:           410049.520 um^2 (+0.00%)
[INFO GPL-0059] Movable instances area:     314300.039 um^2 (+2.16%)
[INFO GPL-0060] Total filler area:               0.000 um^2 (+0.00%)
[INFO GPL-0061] Total non-inflated area:    314300.029 um^2 (+2.16%)
[INFO GPL-0062] Total inflated area:        320958.677 um^2 (+2.12%)
[INFO GPL-0063] New Target Density:             0.7665
[INFO GPL-0087] Routability end iteration: increase inflation and revert back to snapshot.
Iteration | Overflow |     HPWL (um) |  HPWL(%) |   Penalty | Group
---------------------------------------------------------------
     1000 |   0.5181 |  9.686899e+05 |  +21.01% |  1.42e-09 |      
     1010 |   0.5248 |  8.739545e+05 |   -9.78% |  2.08e-09 |      
     1020 |   0.4809 |  9.335494e+05 |   +6.82% |  3.05e-09 |      
     1030 |   0.4622 |  8.215945e+05 |  -11.99% |  4.49e-09 |      
     1040 |   0.4037 |  9.009082e+05 |   +9.65% |  6.56e-09 |      
     1050 |   0.3874 |  8.610880e+05 |   -4.42% |  9.67e-09 |      
     1060 |   0.3600 |  8.309877e+05 |   -3.50% |  1.42e-08 |      
     1070 |   0.3325 |  8.250173e+05 |   -0.72% |  2.10e-08 |      
     1080 |   0.3020 |  8.094130e+05 |   -1.89% |  3.09e-08 |      
[INFO GPL-0040] Routability iteration: 8
[INFO GPL-0041] Total routing overflow: 56.2944
[INFO GPL-0042] Number of overflowed tiles: 867 (9.81%)
[INFO GPL-0043] Average top 0.5% routing congestion: 1.2150
[INFO GPL-0044] Average top 1.0% routing congestion: 1.1865
[INFO GPL-0045] Average top 2.0% routing congestion: 1.1545
[INFO GPL-0046] Average top 5.0% routing congestion: 1.1055
[INFO GPL-0047] Routability iteration weighted routing congestion: 1.2007
[INFO GPL-0048] Routing congestion (1.2007) lower than previous minimum (1.202). Updating minimum.
[INFO GPL-0086] Inflated area:                6794.643 um^2 (+2.16%)
[INFO GPL-0052] Placement target density:       0.7665
[INFO GPL-0076] Removing fillers, count: Before: 0, After: 0 (+0.00%)
[INFO GPL-0077] Filler area (um^2)     : Before: 0.000, After: 0.000 (+0.00%)
[INFO GPL-0078] Removed fillers count: 0, area removed: 0.000 um^2. Remaining area to be compensated by modifying density: 6794.643 um^2
[INFO GPL-0079] New target density: 0.7830632
[INFO GPL-0058] White space area:           410049.520 um^2 (+0.00%)
[INFO GPL-0059] Movable instances area:     321094.681 um^2 (+2.16%)
[INFO GPL-0060] Total filler area:               0.000 um^2 (+0.00%)
[INFO GPL-0061] Total non-inflated area:    321094.672 um^2 (+2.16%)
[INFO GPL-0062] Total inflated area:        327889.314 um^2 (+2.12%)
[INFO GPL-0063] New Target Density:             0.7831
[INFO GPL-0087] Routability end iteration: increase inflation and revert back to snapshot.
Iteration | Overflow |     HPWL (um) |  HPWL(%) |   Penalty | Group
---------------------------------------------------------------
     1090 |   0.5247 |  9.095817e+05 |  +12.38% |  1.32e-09 |      
     1100 |   0.5247 |  9.091598e+05 |   -0.05% |  1.92e-09 |      
     1110 |   0.4833 |  9.325520e+05 |   +2.57% |  2.82e-09 |      
     1120 |   0.4638 |  8.461608e+05 |   -9.26% |  4.15e-09 |      
     1130 |   0.4083 |  8.996764e+05 |   +6.32% |  6.07e-09 |      
     1140 |   0.3938 |  8.704648e+05 |   -3.25% |  8.94e-09 |      
     1150 |   0.3631 |  8.422576e+05 |   -3.24% |  1.32e-08 |      
     1160 |   0.3351 |  8.323801e+05 |   -1.17% |  1.94e-08 |      
     1170 |   0.3062 |  8.166085e+05 |   -1.89% |  2.86e-08 |      
[INFO GPL-0040] Routability iteration: 9
[INFO GPL-0041] Total routing overflow: 54.8140
[INFO GPL-0042] Number of overflowed tiles: 849 (9.61%)
[INFO GPL-0043] Average top 0.5% routing congestion: 1.1984
[INFO GPL-0044] Average top 1.0% routing congestion: 1.1733
[INFO GPL-0045] Average top 2.0% routing congestion: 1.1459
[INFO GPL-0046] Average top 5.0% routing congestion: 1.1024
[INFO GPL-0047] Routability iteration weighted routing congestion: 1.1858
[INFO GPL-0048] Routing congestion (1.1858) lower than previous minimum (1.201). Updating minimum.
[INFO GPL-0086] Inflated area:                6701.998 um^2 (+2.09%)
[INFO GPL-0052] Placement target density:       0.7831
[INFO GPL-0076] Removing fillers, count: Before: 0, After: 0 (+0.00%)
[INFO GPL-0077] Filler area (um^2)     : Before: 0.000, After: 0.000 (+0.00%)
[INFO GPL-0078] Removed fillers count: 0, area removed: 0.000 um^2. Remaining area to be compensated by modifying density: 6701.997 um^2
[INFO GPL-0079] New target density: 0.7994075
[INFO GPL-0058] White space area:           410049.520 um^2 (+0.00%)
[INFO GPL-0059] Movable instances area:     327796.654 um^2 (+2.09%)
[INFO GPL-0060] Total filler area:               0.000 um^2 (+0.00%)
[INFO GPL-0061] Total non-inflated area:    327796.669 um^2 (+2.09%)
[INFO GPL-0062] Total inflated area:        334498.666 um^2 (+2.04%)
[INFO GPL-0063] New Target Density:             0.7994
[INFO GPL-0087] Routability end iteration: increase inflation and revert back to snapshot.
Iteration | Overflow |     HPWL (um) |  HPWL(%) |   Penalty | Group
---------------------------------------------------------------
     1180 |   0.5211 |  9.262126e+05 |  +13.42% |  1.32e-09 |      
     1190 |   0.5232 |  9.153106e+05 |   -1.18% |  1.92e-09 |      
     1200 |   0.4794 |  9.436320e+05 |   +3.09% |  2.82e-09 |      
     1210 |   0.4596 |  8.518244e+05 |   -9.73% |  4.14e-09 |      
     1220 |   0.4100 |  9.006392e+05 |   +5.73% |  6.07e-09 |      
     1230 |   0.3897 |  8.744699e+05 |   -2.91% |  8.94e-09 |      
     1240 |   0.3661 |  8.458945e+05 |   -3.27% |  1.32e-08 |      
     1250 |   0.3309 |  8.377756e+05 |   -0.96% |  1.94e-08 |      
     1260 |   0.3058 |  8.213855e+05 |   -1.96% |  2.86e-08 |      
[INFO GPL-0040] Routability iteration: 10
[INFO GPL-0041] Total routing overflow: 50.6100
[INFO GPL-0042] Number of overflowed tiles: 832 (9.42%)
[INFO GPL-0043] Average top 0.5% routing congestion: 1.1958
[INFO GPL-0044] Average top 1.0% routing congestion: 1.1679
[INFO GPL-0045] Average top 2.0% routing congestion: 1.1383
[INFO GPL-0046] Average top 5.0% routing congestion: 1.0958
[INFO GPL-0047] Routability iteration weighted routing congestion: 1.1818
[INFO GPL-0048] Routing congestion (1.1818) lower than previous minimum (1.186). Updating minimum.
[INFO GPL-0086] Inflated area:                6435.292 um^2 (+1.96%)
[INFO GPL-0052] Placement target density:       0.7994
[INFO GPL-0076] Removing fillers, count: Before: 0, After: 0 (+0.00%)
[INFO GPL-0077] Filler area (um^2)     : Before: 0.000, After: 0.000 (+0.00%)
[INFO GPL-0078] Removed fillers count: 0, area removed: 0.000 um^2. Remaining area to be compensated by modifying density: 6435.292 um^2
[INFO GPL-0079] New target density: 0.8151015
[INFO GPL-0058] White space area:           410049.520 um^2 (+0.00%)
[INFO GPL-0059] Movable instances area:     334231.962 um^2 (+1.96%)
[INFO GPL-0060] Total filler area:               0.000 um^2 (+0.00%)
[INFO GPL-0061] Total non-inflated area:    334231.961 um^2 (+1.96%)
[INFO GPL-0062] Total inflated area:        340667.252 um^2 (+1.93%)
[INFO GPL-0063] New Target Density:             0.8151
[INFO GPL-0087] Routability end iteration: increase inflation and revert back to snapshot.
Iteration | Overflow |     HPWL (um) |  HPWL(%) |   Penalty | Group
---------------------------------------------------------------
     1270 |   0.5173 |  9.433717e+05 |  +14.85% |  1.31e-09 |      
     1280 |   0.5225 |  9.218387e+05 |   -2.28% |  1.92e-09 |      
     1290 |   0.4764 |  9.533802e+05 |   +3.42% |  2.81e-09 |      
     1300 |   0.4572 |  8.537094e+05 |  -10.45% |  4.14e-09 |      
     1310 |   0.4081 |  9.093590e+05 |   +6.52% |  6.06e-09 |      
     1320 |   0.3915 |  8.769153e+05 |   -3.57% |  8.93e-09 |      
     1330 |   0.3620 |  8.502747e+05 |   -3.04% |  1.32e-08 |      
     1340 |   0.3300 |  8.406604e+05 |   -1.13% |  1.94e-08 |      
     1350 |   0.3036 |  8.240983e+05 |   -1.97% |  2.86e-08 |      
[INFO GPL-0040] Routability iteration: 11
[INFO GPL-0041] Total routing overflow: 47.1760
[INFO GPL-0042] Number of overflowed tiles: 807 (9.13%)
[INFO GPL-0043] Average top 0.5% routing congestion: 1.1889
[INFO GPL-0044] Average top 1.0% routing congestion: 1.1615
[INFO GPL-0045] Average top 2.0% routing congestion: 1.1335
[INFO GPL-0046] Average top 5.0% routing congestion: 1.0912
[INFO GPL-0047] Routability iteration weighted routing congestion: 1.1752
[INFO GPL-0048] Routing congestion (1.1752) lower than previous minimum (1.182). Updating minimum.
[INFO GPL-0086] Inflated area:                6295.368 um^2 (+1.88%)
[INFO GPL-0052] Placement target density:       0.8151
[INFO GPL-0076] Removing fillers, count: Before: 0, After: 0 (+0.00%)
[INFO GPL-0077] Filler area (um^2)     : Before: 0.000, After: 0.000 (+0.00%)
[INFO GPL-0078] Removed fillers count: 0, area removed: 0.000 um^2. Remaining area to be compensated by modifying density: 6295.368 um^2
[INFO GPL-0079] New target density: 0.8304542
[INFO GPL-0058] White space area:           410049.520 um^2 (+0.00%)
[INFO GPL-0059] Movable instances area:     340527.317 um^2 (+1.88%)
[INFO GPL-0060] Total filler area:               0.000 um^2 (+0.00%)
[INFO GPL-0061] Total non-inflated area:    340527.329 um^2 (+1.88%)
[INFO GPL-0062] Total inflated area:        346822.697 um^2 (+1.85%)
[INFO GPL-0063] New Target Density:             0.8305
[INFO GPL-0087] Routability end iteration: increase inflation and revert back to snapshot.
Iteration | Overflow |     HPWL (um) |  HPWL(%) |   Penalty | Group
---------------------------------------------------------------
     1360 |   0.5124 |  9.617776e+05 |  +16.71% |  1.31e-09 |      
     1370 |   0.5206 |  9.285756e+05 |   -3.45% |  1.92e-09 |      
     1380 |   0.4741 |  9.631549e+05 |   +3.72% |  2.81e-09 |      
     1390 |   0.4576 |  8.586872e+05 |  -10.85% |  4.13e-09 |      
     1400 |   0.4095 |  9.107467e+05 |   +6.06% |  6.06e-09 |      
     1410 |   0.3901 |  8.798677e+05 |   -3.39% |  8.93e-09 |      
     1420 |   0.3623 |  8.512959e+05 |   -3.25% |  1.31e-08 |      
     1430 |   0.3309 |  8.431784e+05 |   -0.95% |  1.94e-08 |      
     1440 |   0.3018 |  8.258233e+05 |   -2.06% |  2.85e-08 |      
[INFO GPL-0040] Routability iteration: 12
[INFO GPL-0041] Total routing overflow: 53.0940
[INFO GPL-0042] Number of overflowed tiles: 846 (9.57%)
[INFO GPL-0043] Average top 0.5% routing congestion: 1.2001
[INFO GPL-0044] Average top 1.0% routing congestion: 1.1712
[INFO GPL-0045] Average top 2.0% routing congestion: 1.1428
[INFO GPL-0046] Average top 5.0% routing congestion: 1.0996
[INFO GPL-0047] Routability iteration weighted routing congestion: 1.1856
[INFO GPL-0049] Routing congestion (1.1856) higher than minimum (1.1752). Consecutive non-improvement count: 1.
[INFO GPL-0086] Inflated area:                7211.060 um^2 (+2.12%)
[INFO GPL-0052] Placement target density:       0.8305
[INFO GPL-0076] Removing fillers, count: Before: 0, After: 0 (+0.00%)
[INFO GPL-0077] Filler area (um^2)     : Before: 0.000, After: 0.000 (+0.00%)
[INFO GPL-0078] Removed fillers count: 0, area removed: 0.000 um^2. Remaining area to be compensated by modifying density: 7211.059 um^2
[INFO GPL-0079] New target density: 0.84804
[INFO GPL-0058] White space area:           410049.520 um^2 (+0.00%)
[INFO GPL-0059] Movable instances area:     347738.374 um^2 (+2.12%)
[INFO GPL-0060] Total filler area:               0.000 um^2 (+0.00%)
[INFO GPL-0061] Total non-inflated area:    347738.388 um^2 (+2.12%)
[INFO GPL-0062] Total inflated area:        354949.447 um^2 (+2.07%)
[INFO GPL-0063] New Target Density:             0.8480
[INFO GPL-0087] Routability end iteration: increase inflation and revert back to snapshot.
Iteration | Overflow |     HPWL (um) |  HPWL(%) |   Penalty | Group
---------------------------------------------------------------
     1450 |   0.4996 |  1.039088e+06 |  +25.82% |  1.36e-09 |      
     1460 |   0.5155 |  9.237052e+05 |  -11.10% |  1.99e-09 |      
     1470 |   0.4659 |  9.774994e+05 |   +5.82% |  2.91e-09 |      
     1480 |   0.4486 |  8.643050e+05 |  -11.58% |  4.29e-09 |      
     1490 |   0.4048 |  9.167213e+05 |   +6.06% |  6.29e-09 |      
     1500 |   0.3812 |  8.788150e+05 |   -4.13% |  9.27e-09 |      
     1510 |   0.3563 |  8.538356e+05 |   -2.84% |  1.37e-08 |      
     1520 |   0.3278 |  8.410559e+05 |   -1.50% |  2.01e-08 |      
     1530 |   0.2970 |  8.251901e+05 |   -1.89% |  2.96e-08 |      
[INFO GPL-0040] Routability iteration: 13
[INFO GPL-0041] Total routing overflow: 48.2433
[INFO GPL-0042] Number of overflowed tiles: 805 (9.11%)
[INFO GPL-0043] Average top 0.5% routing congestion: 1.1922
[INFO GPL-0044] Average top 1.0% routing congestion: 1.1653
[INFO GPL-0045] Average top 2.0% routing congestion: 1.1372
[INFO GPL-0046] Average top 5.0% routing congestion: 1.0933
[INFO GPL-0047] Routability iteration weighted routing congestion: 1.1787
[INFO GPL-0049] Routing congestion (1.1787) higher than minimum (1.1752). Consecutive non-improvement count: 2.
[INFO GPL-0086] Inflated area:                6699.535 um^2 (+1.93%)
[INFO GPL-0052] Placement target density:       0.8480
[INFO GPL-0076] Removing fillers, count: Before: 0, After: 0 (+0.00%)
[INFO GPL-0077] Filler area (um^2)     : Before: 0.000, After: 0.000 (+0.00%)
[INFO GPL-0078] Removed fillers count: 0, area removed: 0.000 um^2. Remaining area to be compensated by modifying density: 6699.535 um^2
[INFO GPL-0079] New target density: 0.86437833
[INFO GPL-0058] White space area:           410049.520 um^2 (+0.00%)
[INFO GPL-0059] Movable instances area:     354437.923 um^2 (+1.93%)
[INFO GPL-0060] Total filler area:               0.000 um^2 (+0.00%)
[INFO GPL-0061] Total non-inflated area:    354437.923 um^2 (+1.93%)
[INFO GPL-0062] Total inflated area:        361137.459 um^2 (+1.89%)
[INFO GPL-0063] New Target Density:             0.8644
[INFO GPL-0087] Routability end iteration: increase inflation and revert back to snapshot.
Iteration | Overflow |     HPWL (um) |  HPWL(%) |   Penalty | Group
---------------------------------------------------------------
     1540 |   0.4943 |  1.065121e+06 |  +29.08% |  1.40e-09 |      
     1550 |   0.5135 |  9.209014e+05 |  -13.54% |  2.06e-09 |      
     1560 |   0.4650 |  9.736564e+05 |   +5.73% |  3.02e-09 |      
     1570 |   0.4416 |  8.765134e+05 |   -9.98% |  4.45e-09 |      
     1580 |   0.3980 |  9.174507e+05 |   +4.67% |  6.53e-09 |      
     1590 |   0.3777 |  8.811631e+05 |   -3.96% |  9.63e-09 |      
     1600 |   0.3524 |  8.544255e+05 |   -3.03% |  1.42e-08 |      
     1610 |   0.3254 |  8.443121e+05 |   -1.18% |  2.09e-08 |      
[INFO GPL-0040] Routability iteration: 14
[INFO GPL-0041] Total routing overflow: 50.4346
[INFO GPL-0042] Number of overflowed tiles: 865 (9.79%)
[INFO GPL-0043] Average top 0.5% routing congestion: 1.1953
[INFO GPL-0044] Average top 1.0% routing congestion: 1.1674
[INFO GPL-0045] Average top 2.0% routing congestion: 1.1381
[INFO GPL-0046] Average top 5.0% routing congestion: 1.0942
[INFO GPL-0047] Routability iteration weighted routing congestion: 1.1814
[INFO GPL-0049] Routing congestion (1.1814) higher than minimum (1.1752). Consecutive non-improvement count: 3.
[INFO GPL-0086] Inflated area:                7110.591 um^2 (+2.01%)
[INFO GPL-0052] Placement target density:       0.8644
[INFO GPL-0076] Removing fillers, count: Before: 0, After: 0 (+0.00%)
[INFO GPL-0077] Filler area (um^2)     : Before: 0.000, After: 0.000 (+0.00%)
[INFO GPL-0078] Removed fillers count: 0, area removed: 0.000 um^2. Remaining area to be compensated by modifying density: 7110.591 um^2
[INFO GPL-0079] New target density: 0.8817192
[INFO GPL-0054] No improvement in routing congestion for 3 consecutive iterations (limit is 3).
[INFO GPL-0055] Reverting inflation values and target density from the iteration with minimum observed routing congestion.
[INFO GPL-0056] Minimum observed routing congestion: 1.1752
[INFO GPL-0057] Target density at minimum routing congestion: 0.8151
[INFO GPL-0080] Restoring 0 previously removed fillers.
[INFO GPL-0089] Routability finished. Reverting to minimal observed routing congestion, could not reach target.
Iteration | Overflow |     HPWL (um) |  HPWL(%) |   Penalty | Group
---------------------------------------------------------------
     1620 |   0.6114 |  6.190789e+05 |  -26.68% |  1.07e-09 |      
     1630 |   0.4887 |  9.896987e+05 |  +59.87% |  1.53e-09 |      
     1640 |   0.4916 |  8.787583e+05 |  -11.21% |  2.25e-09 |      
     1650 |   0.4478 |  9.363509e+05 |   +6.55% |  3.29e-09 |      
     1660 |   0.4269 |  8.421194e+05 |  -10.06% |  4.85e-09 |      
     1670 |   0.3818 |  8.971146e+05 |   +6.53% |  7.10e-09 |      
     1680 |   0.3635 |  8.660434e+05 |   -3.46% |  1.05e-08 |      
     1690 |   0.3369 |  8.407502e+05 |   -2.92% |  1.54e-08 |      
     1700 |   0.3105 |  8.323543e+05 |   -1.00% |  2.27e-08 |      
     1710 |   0.2824 |  8.188440e+05 |   -1.62% |  3.34e-08 |      
     1720 |   0.2540 |  8.129291e+05 |   -0.72% |  4.93e-08 |      
     1730 |   0.2253 |  8.087768e+05 |   -0.51% |  7.26e-08 |      
     1740 |   0.1996 |  8.071766e+05 |   -0.20% |  1.07e-07 |      
[INFO GPL-0100] Timing-driven iteration 2/2, virtual: false.
[INFO GPL-0101]    Iter: 1743, overflow: 0.194, keep resizer changes at: 1, HPWL: 806919881
Iteration |   Area    | Resized | Buffers | Nets repaired | Remaining
---------------------------------------------------------------------
        0 |     +0.0% |       0 |       0 |             0 |     26807
    final |     +0.3% |      40 |      36 |            51 |         0
---------------------------------------------------------------------
[INFO RSZ-0034] Found 50 slew violations.
[INFO RSZ-0036] Found 8 capacitance violations.
[INFO RSZ-0039] Resized 40 instances.
[INFO RSZ-0038] Inserted 36 buffers in 51 nets.
   Iter   |    Area   | Removed | Inserted |   Pins
          |           | Buffers | Buffers  | Remaining
-------------------------------------------------------
        0 |     +0.0% |       0 |        0 |     25314
     2500 |     -0.0% |      69 |       61 |     22814
     5000 |     -0.4% |     240 |      114 |     20314
     7500 |     -0.8% |     433 |      211 |     17814
    10000 |     -0.8% |     525 |      299 |     15314
    12500 |     -0.8% |     579 |      386 |     12814
    15000 |     -0.7% |     640 |      478 |     10314
    17500 |     -0.5% |     735 |      642 |      7814
    20000 |     -0.3% |     817 |      767 |      5314
    22500 |     -0.2% |     860 |      846 |      2814
    25000 |     +0.7% |     976 |     1248 |       314
    final |     +0.8% |     997 |     1276 |         0
-------------------------------------------------------
[INFO GPL-0106] Timing-driven: worst slack -4.295e-09
[INFO GPL-0107] Timing-driven: repair_design delta area: 203.902 um^2 (+0.06%)
[INFO GPL-0108] Timing-driven: repair_design, gpl delta gcells: 315 (+1.19%)
[INFO GPL-0109] Timing-driven: repair_design, gcells created: 1312, deleted: 997
[INFO GPL-0110] Timing-driven: new target density: 0.8648757
Iteration | Overflow |     HPWL (um) |  HPWL(%) |   Penalty | Group
---------------------------------------------------------------
     1750 |   0.1661 |  8.594445e+05 |   +6.48% |  1.57e-07 |      
     1760 |   0.1440 |  8.484162e+05 |   -1.28% |  2.31e-07 |      
     1770 |   0.1210 |  8.432918e+05 |   -0.60% |  3.40e-07 |      
     1780 |   0.1009 |  8.397241e+05 |   -0.42% |  5.01e-07 |      
     1781 |   0.0988 |  8.394770e+05 |          |  5.41e-07 |      
---------------------------------------------------------------
[INFO GPL-1001] Global placement finished at iteration 1781
[INFO GPL-1017] Routability mode iteration count: 1329
[INFO GPL-1005] Routability final weighted congestion: 1.1616
[INFO GPL-1002] Placed Cell Area            334435.8630
[INFO GPL-1003] Available Free Area         410049.5200
[INFO GPL-1004] Minimum Feasible Density        0.5800 (cell_area / free_area)
[INFO GPL-1006]   Suggested Target Densities:
[INFO GPL-1007]     - For 90% usage of free space: 0.9062
[INFO GPL-1008]     - For 80% usage of free space: 1.0195
[INFO GPL-1011] Original area (um^2): 234673.05
[INFO GPL-1012] Total routability artificial inflation: 89792.16 (+38.26%)
[INFO GPL-1013] Total timing-driven delta area: 9970.65 (+4.25%)
[INFO GPL-1014] Final placement area: 334435.86 (+42.51%)
Took 107 seconds: global_placement -density 0.6949999874830246 -pad_left 0 -pad_right 0 -routability_driven -timing_driven -force_center_initial_place -min_phi_coef 0.95 -max_phi_coef 1.05
estimate_parasitics -placement
Report metrics stage 3, global place...

==========================================================================
global place report_design_area
--------------------------------------------------------------------------
Design area 230651 um^2 55% utilization.
write_db /work/results/sky130hd/m7_j1/p16p0/3_3_place_gp.odb
Elapsed time: 1:51.02[h:]min:sec. CPU time: user 2639.11 sys 22.35 (2397%). Peak memory: 608280KB.
Log                       Ext     Elapsed/s Peak Memory/MB sha1sum result [0:20)
3_3_place_gp              .odb          111            594 a541e1b30a654d9844e2
/OpenROAD-flow-scripts/flow/scripts/flow.sh 3_4_place_resized resize
Running resize.tcl, stage 3_4_place_resized
read_liberty /OpenROAD-flow-scripts/flow/platforms/sky130hd/lib/sky130_fd_sc_hd__tt_025C_1v80.lib
read_db -hier /work/results/sky130hd/m7_j1/p16p0/3_3_place_gp.odb
[WARNING ORD-0012] Hierarchical flow (-hier) is currently in development and may cause multiple issues. Do not use in production environments.
read_sdc /work/results/sky130hd/m7_j1/p16p0/2_floorplan.sdc
source /OpenROAD-flow-scripts/flow/platforms/sky130hd/setRC.tcl
estimate_parasitics -placement
replace_arith_modules -path_count 1000 -target setup -slack_threshold 0.0
[INFO RSZ-0151] Starting arithmetic module replacement to optimize 'setup' target
[INFO RSZ-0152] Analyzing 1000 critical paths with slack < 0.00
[INFO RSZ-0153] Identified 0 violating endpoints
[INFO RSZ-0154] Identified 0 critical arithmetic instances
[INFO GPL-0083] Execute incremental mode global placement.
[INFO GPL-0001] ---- Initialize GPL Main Data Structures
[INFO GPL-0002] DBU: 1000
[INFO GPL-0003] SiteSize: (  0.460  2.720 ) um
[INFO GPL-0004] CoreBBox: (  1.380  2.720 ) ( 648.140 647.360 ) um
[INFO GPL-0016] Core area:                  416927.366 um^2
[INFO GPL-0036] Movable instances area:     223773.366 um^2
[INFO GPL-0037] Total instances area:       230651.213 um^2
[INFO GPL-0035] Pin density area adjust:     23485.249 um^2
[INFO GPL-0032] ---- Initialize Region: Top-level
[INFO GPL-0006] Number of instances:             32302
[INFO GPL-0007] Movable instances:               26805
[INFO GPL-0008] Fixed instances:                  5497
[INFO GPL-0009] Dummy instances:                     0
[INFO GPL-0010] Number of nets:                  27000
[INFO GPL-0011] Number of pins:                  98697
[INFO GPL-0012] Die BBox:       (  0.000  0.000 ) ( 649.570 649.570 ) um
[INFO GPL-0013] Placement BBox: (  1.380  2.720 ) ( 648.140 647.360 ) um
[INFO GPL-0014] Region name: top-level.
[INFO GPL-0015] Region area:                416927.366 um^2
[INFO GPL-0017] Fixed instances area:         6877.846 um^2
[INFO GPL-0018] Movable instances area:     247258.615 um^2
[INFO GPL-0019] Utilization:                    60.300 %
[INFO GPL-0020] Standard cells area:        247258.615 um^2
[INFO GPL-0021] Large instances area:            0.000 um^2
[INFO GPL-0154] Identified 26805 placed instances
[INFO GPL-0155] Identified 0 not placed instances
[INFO GPL-0156] Identified all instances as placed. Skipping incremental mode
Perform buffer insertion and gate resizing...
repair_design -verbose -match_cell_footprint
Iteration |   Area    | Resized | Buffers | Nets repaired | Remaining
---------------------------------------------------------------------
        0 |     +0.0% |       0 |       0 |             0 |     27122
     1000 |     +0.0% |       0 |       0 |             0 |     26122
     2000 |     +0.0% |       0 |       0 |             0 |     25122
     3000 |     +0.0% |       0 |       0 |             0 |     24122
     4000 |     +0.0% |       0 |       0 |             0 |     23122
     5000 |     +0.0% |       0 |       0 |             0 |     22122
     6000 |     +0.0% |       0 |       0 |             0 |     21122
     7000 |     +0.0% |       0 |       0 |             0 |     20122
     8000 |     +0.0% |       0 |       0 |             0 |     19122
     9000 |     +0.0% |       0 |       0 |             0 |     18122
    10000 |     +0.0% |       0 |       0 |             0 |     17122
    11000 |     +0.0% |       0 |       0 |             0 |     16122
    12000 |     +0.0% |       0 |       1 |             1 |     15122
    13000 |     +0.0% |       0 |       1 |             1 |     14122
    14000 |     +0.0% |       0 |       1 |             1 |     13122
    15000 |     +0.0% |       0 |       1 |             1 |     12122
    16000 |     +0.0% |       0 |       1 |             1 |     11122
    17000 |     +0.0% |       0 |       1 |             1 |     10122
    18000 |     +0.0% |       0 |       1 |             1 |      9122
    19000 |     +0.0% |       0 |       1 |             1 |      8122
    20000 |     +0.0% |       0 |       1 |             1 |      7122
    21000 |     +0.0% |       0 |       1 |             1 |      6122
    22000 |     +0.0% |       0 |       1 |             1 |      5122
    23000 |     +0.0% |       0 |       1 |             1 |      4122
    24000 |     +0.0% |       0 |       1 |             1 |      3122
    25000 |     +0.0% |       0 |       1 |             1 |      2122
    26000 |     +0.0% |       0 |       1 |             1 |      1122
    27000 |     +0.0% |       0 |       1 |             1 |       122
    final |     +0.0% |       0 |       1 |             1 |         0
---------------------------------------------------------------------
[INFO RSZ-0036] Found 1 capacitance violations.
[INFO RSZ-0038] Inserted 1 buffers in 1 nets.
[INFO RSZ-0504] Runtime: 1.69s
Floating nets: 
Report metrics stage 3, resizer...

==========================================================================
resizer report_design_area
--------------------------------------------------------------------------
Design area 230666 um^2 55% utilization.
Instance count before 32302, after 32303
Pin count before 98543, after 98545
write_db /work/results/sky130hd/m7_j1/p16p0/3_4_place_resized.odb
Elapsed time: 0:08.60[h:]min:sec. CPU time: user 13.44 sys 6.90 (236%). Peak memory: 281304KB.
Log                       Ext     Elapsed/s Peak Memory/MB sha1sum result [0:20)
3_4_place_resized         .odb            8            274 6093dd3669861e500915
/OpenROAD-flow-scripts/flow/scripts/flow.sh 3_5_place_dp detail_place
Running detail_place.tcl, stage 3_5_place_dp
read_liberty /OpenROAD-flow-scripts/flow/platforms/sky130hd/lib/sky130_fd_sc_hd__tt_025C_1v80.lib
read_db -hier /work/results/sky130hd/m7_j1/p16p0/3_4_place_resized.odb
[WARNING ORD-0012] Hierarchical flow (-hier) is currently in development and may cause multiple issues. Do not use in production environments.
read_sdc /work/results/sky130hd/m7_j1/p16p0/2_floorplan.sdc
source /OpenROAD-flow-scripts/flow/platforms/sky130hd/setRC.tcl
detailed_placement
[INFO DPL-0006] Core area: 416927.37 um^2
[INFO DPL-0007] Movable instances area: 223788.38 um^2
[INFO DPL-0008] Fixed instances area within core: 6877.85 um^2
[INFO DPL-0009] Utilization: 55.3%
[INFO DPL-0005] Diamond search max displacement: +/- 500 sites horizontally, +/- 100 rows vertically.
[INFO DPL-1102] Legalizing using negotiation legalizer.
[INFO DPL-1103] Negotiation base search window: +/-20 sites horizontally, +/-5 rows vertically 
	Automatic search window extension enabled.
	Search window extendable up to the max displacement cap of +/-500 sites, +/-100 rows near walls.
[INFO DPL-1104] NegotiationLegalizer DRC penalty: 5.
[INFO DPL-0392] Negotiation cell height distribution (1 unique row-count(s)):
[INFO DPL-0393]   height 1 row(s): 32303 cells
          |      Total |  Illegal |  Illegal
Iteration | Violations |    Cells |    Sites
---------------------------------------------
        0 |       2503 |       561 |      1936
        1 |        971 |       149 |       822
        2 |        461 |        55 |       406
        3 |        309 |        35 |       274
        4 |        256 |        20 |       236
        5 |        184 |        14 |       170
        6 |        170 |        16 |       154
        7 |        120 |        14 |       106
        8 |         36 |         4 |        32
        9 |         61 |         5 |        56
       10 |         32 |         4 |        28
       11 |          0 |         0 |         0
Negotiation phase 1 converged at iteration 11.
[INFO DPL-0500] Runtime: 0.46s
Placement Analysis
---------------------------------
total displacement      90479.5 u
average displacement        2.8 u
max displacement           27.8 u
original HPWL          840641.1 u
legalized HPWL         922666.4 u
delta HPWL                   10 %

improve_placement -max_displacement "5 1"
Detailed placement improvement.
[INFO DPL-0401] Setting random seed to 1.
[INFO DPL-0402] Setting maximum displacement 5 1 to 13600 2720 units.
[INFO DPL-0320] Collected 5773 fixed cells.
[INFO DPL-0318] Collected 26806 single height cells.
[INFO DPL-0321] Collected 0 wide cells.
[INFO DPL-0322] Image (1380, 2720) - (648140, 647360)
[INFO DPL-0310] Assigned 26806 cells into segments.  Movement in X-direction is 0.000000, movement in Y-direction is 0.000000.
[INFO DPL-0313] Found 0 cells in wrong regions.
[INFO DPL-0315] Found 0 row alignment problems.
[INFO DPL-0314] Found 0 site alignment problems.
[INFO DPL-0311] Found 0 overlaps between adjacent cells.
[INFO DPL-0312] Found 0 edge spacing violations and 0 padding violations.
[INFO DPL-0303] Running algorithm for independent set matching.
[INFO DPL-0300] Set matching objective is wirelength.
[INFO DPL-0301] Pass   1 of matching; objective is 9.226390e+08.
[INFO DPL-0302] End of matching; objective is 9.221970e+08, improvement is 0.05 percent.
[INFO DPL-0303] Running algorithm for global swaps.
[INFO DPL-0306] Pass   1 of global swaps; hpwl is 9.084577e+08.
[INFO DPL-0306] Pass   2 of global swaps; hpwl is 9.058662e+08.
[INFO DPL-0307] End of global swaps; objective is 9.058662e+08, improvement is 1.77 percent.
[INFO DPL-0303] Running algorithm for vertical swaps.
[INFO DPL-0308] Pass   1 of vertical swaps; hpwl is 9.024003e+08.
[INFO DPL-0309] End of vertical swaps; objective is 9.024003e+08, improvement is 0.38 percent.
[INFO DPL-0303] Running algorithm for reordering.
[INFO DPL-0304] Pass   1 of reordering; objective is 9.015535e+08.
[INFO DPL-0305] End of reordering; objective is 9.015535e+08, improvement is 0.09 percent.
[INFO DPL-0303] Running algorithm for random improvement.
[INFO DPL-0324] Random improver is using random generator.
[INFO DPL-0325] Random improver is using hpwl objective.
[INFO DPL-0326] Random improver cost string is (a).
[INFO DPL-0332] End of pass, Generator random called 536120 times.
[INFO DPL-0335] Generator random, Cumulative attempts 536120, swaps 75411, moves 141677 since last reset.
[INFO DPL-0333] End of pass, Objective hpwl, Initial cost 8.977410e+08, Scratch cost 8.883783e+08, Incremental cost 8.883783e+08, Mismatch? N
[INFO DPL-0338] End of pass, Total cost is 8.883783e+08.
[INFO DPL-0327] Pass   1 of random improver; improvement in cost is 1.04 percent.
[INFO DPL-0332] End of pass, Generator random called 536120 times.
[INFO DPL-0335] Generator random, Cumulative attempts 1072240, swaps 147536, moves 283602 since last reset.
[INFO DPL-0333] End of pass, Objective hpwl, Initial cost 8.883783e+08, Scratch cost 8.848846e+08, Incremental cost 8.848846e+08, Mismatch? N
[INFO DPL-0338] End of pass, Total cost is 8.848846e+08.
[INFO DPL-0327] Pass   2 of random improver; improvement in cost is 0.39 percent.
[INFO DPL-0328] End of random improver; improvement is 1.432083 percent.
[INFO DPL-0380] Cell flipping.
[INFO DPL-0382] Changed 0 cell orientations for row compatibility.
[INFO DPL-0383] Performed 7351 cell flips.
[INFO DPL-0384] End of flipping; objective is 8.792439e+08, improvement is 1.07 percent.
[INFO DPL-0313] Found 0 cells in wrong regions.
[INFO DPL-0315] Found 0 row alignment problems.
[INFO DPL-0314] Found 0 site alignment problems.
[INFO DPL-0311] Found 0 overlaps between adjacent cells.
[INFO DPL-0312] Found 0 edge spacing violations and 0 padding violations.
Detailed Improvement Results
------------------------------------------
Original HPWL           922666.4 u (  370243.8,   552422.6)
Final HPWL              879152.9 u (  358965.2,   520187.6)
Delta HPWL                  -4.7 % (      -3.0,       -5.8)

Took 5 seconds: improve_placement -max_displacement "5 1"
optimize_mirroring
[INFO DPL-0020] Mirrored 1293 instances
[INFO DPL-0021] HPWL before          879152.9 u
[INFO DPL-0022] HPWL after           878849.8 u
[INFO DPL-0023] HPWL delta               -0.0 %
[INFO FLW-0012] Placement violations .
estimate_parasitics -placement
Report metrics stage 3, detailed place...

==========================================================================
detailed place report_design_area
--------------------------------------------------------------------------
Design area 230666 um^2 55% utilization.
write_db /work/results/sky130hd/m7_j1/p16p0/3_5_place_dp.odb
write_sdc -no_timestamp /work/results/sky130hd/m7_j1/p16p0/3_place.sdc
Elapsed time: 0:11.41[h:]min:sec. CPU time: user 16.19 sys 7.57 (208%). Peak memory: 401944KB.
Log                       Ext     Elapsed/s Peak Memory/MB sha1sum result [0:20)
3_5_place_dp              .odb           11            392 3a38008ee2297c048452
cp /work/results/sky130hd/m7_j1/p16p0/3_5_place_dp.odb /work/results/sky130hd/m7_j1/p16p0/3_place.odb
/OpenROAD-flow-scripts/flow/scripts/flow.sh 4_1_cts cts
Running cts.tcl, stage 4_1_cts
read_liberty /OpenROAD-flow-scripts/flow/platforms/sky130hd/lib/sky130_fd_sc_hd__tt_025C_1v80.lib
read_db -hier /work/results/sky130hd/m7_j1/p16p0/3_place.odb
[WARNING ORD-0012] Hierarchical flow (-hier) is currently in development and may cause multiple issues. Do not use in production environments.
read_sdc /work/results/sky130hd/m7_j1/p16p0/3_place.sdc
source /OpenROAD-flow-scripts/flow/platforms/sky130hd/setRC.tcl
clock_tree_synthesis -sink_clustering_enable -repair_clock_nets -sink_clustering_size 20 -sink_clustering_max_diameter 50
[INFO CTS-0050] Root buffer is sky130_fd_sc_hd__clkbuf_16.
[INFO CTS-0051] Sink buffer is sky130_fd_sc_hd__clkbuf_16.
[INFO CTS-0052] The following clock buffers will be used for CTS:
                    sky130_fd_sc_hd__clkbuf_16
[INFO CTS-0049] Characterization buffer is sky130_fd_sc_hd__clkbuf_16.
[INFO CTS-0007] Net "clk" found for clock "core_clock".
[INFO CTS-0011]  Clock net "clk" for macros has 1 sinks.
[INFO CTS-0011]  Clock net "clk_regs" for registers has 230 sinks.
[INFO CTS-0010]  Clock net "_12916_" has 2190 sinks.
[INFO CTS-0008] TritonCTS found 3 clock nets.
[INFO CTS-0097] Characterization used 1 buffer(s) types.
[INFO CTS-0201] 0 blockages from hard placement blockages and placed macros will be used.
[INFO CTS-0027] Generating H-Tree topology for net clk.
[INFO CTS-0028]  Total number of sinks: 1.
[INFO CTS-0060]  Macro  sinks will be clustered in groups of up to 4 and based on buffer max cap.
[INFO CTS-0030]  Number of static layers: 0.
[INFO CTS-0020]  Wire segment unit: 13600  dbu (13 um).
[INFO CTS-0023]  Original sink region: [(278362, 305790), (278362, 305790)].
[INFO CTS-0024]  Normalized sink region: [(20.4678, 22.4846), (20.4678, 22.4846)].
[INFO CTS-0025]     Width:  0.0000.
[INFO CTS-0026]     Height: 0.0000.
 Level 1
    Direction: Vertical
    Sinks per sub-region: 1
    Sub-region size: 0.0000 X 0.0000
[INFO CTS-0034]     Segment length (rounded): 1.
[INFO CTS-0038]  Stop criterion found. Sink region hpwl is smaller than max wirelength (1911.535 um) and max number of sinks is 15.
[INFO CTS-0035]  Number of sinks covered: 1.
[INFO CTS-0201] 0 blockages from hard placement blockages and placed macros will be used.
[INFO CTS-0027] Generating H-Tree topology for net clk_regs.
[INFO CTS-0028]  Total number of sinks: 230.
[INFO CTS-0029]  Register sinks will be clustered in groups of up to 20 and with maximum cluster diameter of 50.0 um.
[INFO CTS-0030]  Number of static layers: 0.
[INFO CTS-0020]  Wire segment unit: 13600  dbu (13 um).
[INFO CTS-0204] A clustering solution was found from clustering size of 20 and clustering diameter of 50.
[INFO CTS-0205] Better solution may be possible if either -sink_clustering_size, -sink_clustering_max_diameter, or both options are omitted to enable automatic clustering.
[INFO CTS-0019]  Total number of sinks after clustering: 14.
[INFO CTS-0024]  Normalized sink region: [(10.9861, 2.76), (25.9384, 45.901)].
[INFO CTS-0025]     Width:  14.9523.
[INFO CTS-0026]     Height: 43.1410.
 Level 1
    Direction: Vertical
    Sinks per sub-region: 7
    Sub-region size: 14.9523 X 21.5705
[INFO CTS-0034]     Segment length (rounded): 10.
[INFO CTS-0038]  Stop criterion found. Sink region hpwl is smaller than max wirelength (1911.535 um) and max number of sinks is 15.
[INFO CTS-0035]  Number of sinks covered: 14.
[INFO CTS-0201] 0 blockages from hard placement blockages and placed macros will be used.
[INFO CTS-0027] Generating H-Tree topology for net _12916_.
[INFO CTS-0028]  Total number of sinks: 2190.
[INFO CTS-0029]  Register sinks will be clustered in groups of up to 20 and with maximum cluster diameter of 50.0 um.
[INFO CTS-0030]  Number of static layers: 0.
[INFO CTS-0020]  Wire segment unit: 13600  dbu (13 um).
[INFO CTS-0204] A clustering solution was found from clustering size of 20 and clustering diameter of 50.
[INFO CTS-0205] Better solution may be possible if either -sink_clustering_size, -sink_clustering_max_diameter, or both options are omitted to enable automatic clustering.
[INFO CTS-0019]  Total number of sinks after clustering: 237.
[INFO CTS-0024]  Normalized sink region: [(0.440742, 0.447794), (39.8771, 43.7186)].
[INFO CTS-0025]     Width:  39.4364.
[INFO CTS-0026]     Height: 43.2708.
 Level 1
    Direction: Vertical
    Sinks per sub-region: 119
    Sub-region size: 39.4364 X 21.6354
[INFO CTS-0034]     Segment length (rounded): 10.
 Level 2
    Direction: Horizontal
    Sinks per sub-region: 60
    Sub-region size: 19.7182 X 21.6354
[INFO CTS-0034]     Segment length (rounded): 10.
 Level 3
    Direction: Vertical
    Sinks per sub-region: 30
    Sub-region size: 19.7182 X 10.8177
[INFO CTS-0034]     Segment length (rounded): 6.
 Level 4
    Direction: Horizontal
    Sinks per sub-region: 15
    Sub-region size: 9.8591 X 10.8177
[INFO CTS-0034]     Segment length (rounded): 4.
 Level 5
    Direction: Vertical
    Sinks per sub-region: 8
    Sub-region size: 9.8591 X 5.4088
[INFO CTS-0034]     Segment length (rounded): 2.
[INFO CTS-0038]  Stop criterion found. Sink region hpwl is smaller than max wirelength (1911.535 um) and max number of sinks is 15.
[INFO CTS-0035]  Number of sinks covered: 237.
[INFO CTS-0018]     Created 2 clock buffers.
[INFO CTS-0012]     Minimum number of buffers in the clock path: 2.
[INFO CTS-0013]     Maximum number of buffers in the clock path: 2.
[INFO CTS-0015]     Created 2 clock nets.
[INFO CTS-0016]     Fanout distribution for the current clock = 1:1..
[INFO CTS-0017]     Max level of the clock tree: 1.
[INFO CTS-0018]     Created 17 clock buffers.
[INFO CTS-0012]     Minimum number of buffers in the clock path: 3.
[INFO CTS-0013]     Maximum number of buffers in the clock path: 3.
[INFO CTS-0015]     Created 17 clock nets.
[INFO CTS-0016]     Fanout distribution for the current clock = 4:1, 6:1, 8:2, 10:1, 13:1, 15:1, 20:9..
[INFO CTS-0017]     Max level of the clock tree: 1.
[INFO CTS-0018]     Created 274 clock buffers.
[INFO CTS-0012]     Minimum number of buffers in the clock path: 4.
[INFO CTS-0013]     Maximum number of buffers in the clock path: 4.
[INFO CTS-0015]     Created 274 clock nets.
[INFO CTS-0016]     Fanout distribution for the current clock = 2:7, 3:9, 4:19, 5:19, 6:26, 7:22, 8:25, 9:31, 10:16, 11:22, 12:27, 13:13, 14:10, 15:7, 16:2, 17:7, 18:2, 19:1, 20:4..
[INFO CTS-0017]     Max level of the clock tree: 5.
[INFO CTS-0124] Clock net "clk"
[INFO CTS-0125]  Sinks 1
[INFO CTS-0098] Clock net "clk_regs"
[INFO CTS-0099]  Sinks 243
[INFO CTS-0100]  Leaf buffers 14
[INFO CTS-0101]  Average sink wire length 418.03 um
[INFO CTS-0102]  Path depth 2 - 3
[INFO CTS-0207]  Dummy loads inserted 13
[INFO CTS-0098] Clock net "_12916_"
[INFO CTS-0099]  Sinks 2420
[INFO CTS-0100]  Leaf buffers 237
[INFO CTS-0101]  Average sink wire length 432.75 um
[INFO CTS-0102]  Path depth 3 - 4
[INFO CTS-0207]  Dummy loads inserted 230
[INFO CTS-0033] Balancing latency for clock core_clock
[INFO CTS-0036]  inserted 5 delay buffers
[INFO CTS-0037] Total number of delay buffers: 5
[INFO CTS-0500] Runtime: 1.53s
estimate_parasitics -placement
detailed_placement
[INFO DPL-0006] Core area: 416927.37 um^2
[INFO DPL-0007] Movable instances area: 234506.16 um^2
[INFO DPL-0008] Fixed instances area within core: 6877.85 um^2
[INFO DPL-0009] Utilization: 57.9%
[INFO DPL-0005] Diamond search max displacement: +/- 500 sites horizontally, +/- 100 rows vertically.
[INFO DPL-1102] Legalizing using negotiation legalizer.
[INFO DPL-1103] Negotiation base search window: +/-20 sites horizontally, +/-5 rows vertically 
	Automatic search window extension enabled.
	Search window extendable up to the max displacement cap of +/-500 sites, +/-100 rows near walls.
[INFO DPL-1104] NegotiationLegalizer DRC penalty: 5.
[INFO DPL-0392] Negotiation cell height distribution (1 unique row-count(s)):
[INFO DPL-0393]   height 1 row(s): 32845 cells
          |      Total |  Illegal |  Illegal
Iteration | Violations |    Cells |    Sites
---------------------------------------------
        0 |       2228 |       316 |      1906
        1 |       1377 |       159 |      1218
        2 |        819 |        91 |       728
        3 |        735 |        69 |       666
        4 |        604 |        63 |       541
        5 |        554 |        52 |       502
        6 |        445 |        39 |       406
        7 |        316 |        30 |       286
        8 |        287 |        24 |       263
        9 |        165 |        15 |       150
       10 |         78 |        12 |        66
       14 |          0 |         0 |         0
Negotiation phase 1 converged at iteration 14.
[INFO DPL-0500] Runtime: 0.37s
Placement Analysis
---------------------------------
total displacement      30335.0 u
average displacement        0.9 u
max displacement           30.0 u
original HPWL          899690.9 u
legalized HPWL         917924.8 u
delta HPWL                    2 %

estimate_parasitics -placement
repair_timing -setup_margin 0 -hold_margin 0 -repair_tns 100 -match_cell_footprint -verbose
[INFO RSZ-0100] Repair move sequence: UnbufferMove SizeUpMove SwapPinsMove BufferMove CloneMove SplitLoadMove 
[INFO RSZ-0098] No setup violations found
[INFO RSZ-0505] Runtime: 0.48s
[INFO RSZ-0033] No hold violations found.
[INFO RSZ-0506] Runtime: 0.02s
detailed_placement
[INFO DPL-0006] Core area: 416927.37 um^2
[INFO DPL-0007] Movable instances area: 234506.16 um^2
[INFO DPL-0008] Fixed instances area within core: 6877.85 um^2
[INFO DPL-0009] Utilization: 57.9%
[INFO DPL-0005] Diamond search max displacement: +/- 500 sites horizontally, +/- 100 rows vertically.
[INFO DPL-1102] Legalizing using negotiation legalizer.
[INFO DPL-1103] Negotiation base search window: +/-20 sites horizontally, +/-5 rows vertically 
	Automatic search window extension enabled.
	Search window extendable up to the max displacement cap of +/-500 sites, +/-100 rows near walls.
[INFO DPL-1104] NegotiationLegalizer DRC penalty: 5.
[INFO DPL-0392] Negotiation cell height distribution (1 unique row-count(s)):
[INFO DPL-0393]   height 1 row(s): 32845 cells
[INFO DPL-0500] Runtime: 0.11s
Placement Analysis
---------------------------------
total displacement          0.0 u
average displacement        0.0 u
max displacement            0.0 u
original HPWL          917924.8 u
legalized HPWL         917924.8 u
delta HPWL                    0 %

Report metrics stage 4, cts final...

==========================================================================
cts final report_design_area
--------------------------------------------------------------------------
Design area 241384 um^2 58% utilization.
write_db /work/results/sky130hd/m7_j1/p16p0/4_1_cts.odb
write_sdc -no_timestamp /work/results/sky130hd/m7_j1/p16p0/4_cts.sdc
Elapsed time: 0:10.20[h:]min:sec. CPU time: user 32.88 sys 10.80 (428%). Peak memory: 463464KB.
Log                       Ext     Elapsed/s Peak Memory/MB sha1sum result [0:20)
4_1_cts                   .odb           10            452 615b92defe71e1c4f763
cp /work/results/sky130hd/m7_j1/p16p0/4_1_cts.odb /work/results/sky130hd/m7_j1/p16p0/4_cts.odb
/OpenROAD-flow-scripts/flow/scripts/flow.sh 5_1_grt global_route
Running global_route.tcl, stage 5_1_grt
read_liberty /OpenROAD-flow-scripts/flow/platforms/sky130hd/lib/sky130_fd_sc_hd__tt_025C_1v80.lib
read_db -hier /work/results/sky130hd/m7_j1/p16p0/4_cts.odb
[WARNING ORD-0012] Hierarchical flow (-hier) is currently in development and may cause multiple issues. Do not use in production environments.
read_sdc /work/results/sky130hd/m7_j1/p16p0/4_cts.sdc
source /OpenROAD-flow-scripts/flow/platforms/sky130hd/setRC.tcl
pin_access
[INFO DRT-0149] Reading tech and libs.
[WARNING DRT-0349] LEF58_ENCLOSURE with no CUTCLASS is not supported. Skipping for layer mcon
[WARNING DRT-0349] LEF58_ENCLOSURE with no CUTCLASS is not supported. Skipping for layer mcon
[WARNING DRT-0349] LEF58_ENCLOSURE with no CUTCLASS is not supported. Skipping for layer via
[WARNING DRT-0349] LEF58_ENCLOSURE with no CUTCLASS is not supported. Skipping for layer via
[WARNING DRT-0349] LEF58_ENCLOSURE with no CUTCLASS is not supported. Skipping for layer via2
[WARNING DRT-0349] LEF58_ENCLOSURE with no CUTCLASS is not supported. Skipping for layer via2
[WARNING DRT-0349] LEF58_ENCLOSURE with no CUTCLASS is not supported. Skipping for layer via3
[WARNING DRT-0349] LEF58_ENCLOSURE with no CUTCLASS is not supported. Skipping for layer via3
[WARNING DRT-0349] LEF58_ENCLOSURE with no CUTCLASS is not supported. Skipping for layer via4
[WARNING DRT-0349] LEF58_ENCLOSURE with no CUTCLASS is not supported. Skipping for layer via4

Units:                1000
Number of layers:     13
Number of macros:     441
Number of vias:       29
Number of viarulegen: 25

[INFO DRT-0150] Reading design.
[WARNING DRT-0120] Large net net3313 has 127 pins which may impact routing performance. Consider optimization.
[WARNING DRT-0120] Large net net3321 has 149 pins which may impact routing performance. Consider optimization.
[WARNING DRT-0120] Large net net3325 has 153 pins which may impact routing performance. Consider optimization.
[WARNING DRT-0120] Large net net3328 has 176 pins which may impact routing performance. Consider optimization.
[WARNING DRT-0120] Large net net3330 has 188 pins which may impact routing performance. Consider optimization.

Design:                   m7_ppa_j1_top
Die area:                 ( 0 0 ) ( 649570 649570 )
Number of track patterns: 12
Number of DEF vias:       0
Number of components:     32845
Number of terminals:      278
Number of snets:          2
Number of nets:           27300

[INFO DRT-0167] List of default vias:
  Layer via
    default via: M1M2_PR
  Layer via2
    default via: M2M3_PR
  Layer via3
    default via: M3M4_PR
  Layer via4
    default via: M4M5_PR
[INFO DRT-0162] Library cell analysis.
[INFO DRT-0163] Instance analysis.
[INFO DRT-0164] Number of unique instances = 267.
[INFO DRT-0168] Init region query.
[INFO DRT-0024]   Complete FR_MASTERSLICE.
[INFO DRT-0024]   Complete Fr_VIA.
[INFO DRT-0024]   Complete li1.
[INFO DRT-0024]   Complete mcon.
[INFO DRT-0024]   Complete met1.
[INFO DRT-0024]   Complete via.
[INFO DRT-0024]   Complete met2.
[INFO DRT-0024]   Complete via2.
[INFO DRT-0024]   Complete met3.
[INFO DRT-0024]   Complete via3.
[INFO DRT-0024]   Complete met4.
[INFO DRT-0024]   Complete via4.
[INFO DRT-0024]   Complete met5.
[INFO DRT-0033] FR_MASTERSLICE shape region query size = 0.
[INFO DRT-0033] FR_VIA shape region query size = 0.
[INFO DRT-0033] li1 shape region query size = 777676.
[INFO DRT-0033] mcon shape region query size = 411787.
[INFO DRT-0033] met1 shape region query size = 112281.
[INFO DRT-0033] via shape region query size = 27965.
[INFO DRT-0033] met2 shape region query size = 17027.
[INFO DRT-0033] via2 shape region query size = 22372.
[INFO DRT-0033] met3 shape region query size = 16807.
[INFO DRT-0033] via3 shape region query size = 22372.
[INFO DRT-0033] met4 shape region query size = 6745.
[INFO DRT-0033] via4 shape region query size = 1105.
[INFO DRT-0033] met5 shape region query size = 1199.
[INFO DRT-0165] Start pin access.
[INFO DRT-0076]   Complete 1000 pins.
[INFO DRT-0076]   Complete 2000 pins.
[INFO DRT-0078]   Complete 2154 pins.
[INFO DRT-0079]   Complete 100 unique inst patterns.
[INFO DRT-0079]   Complete 200 unique inst patterns.
[INFO DRT-0081]   Complete 267 unique inst patterns.
[INFO DRT-0082]   Complete 10000 groups.
[INFO DRT-0084]   Complete 16783 groups.
#scanned instances     = 32845
#unique  instances     = 267
#stdCellGenAp          = 8675
#stdCellValidPlanarAp  = 117
#stdCellValidViaAp     = 6331
#stdCellPinNoAp        = 0
#stdCellPinCnt         = 99264
#instTermValidViaApCnt = 0
#macroGenAp            = 0
#macroValidPlanarAp    = 0
#macroValidViaAp       = 0
#macroNoAp             = 0
[INFO DRT-0166] Complete pin access.
[INFO DRT-0267] cpu time = 00:07:10, elapsed time = 00:00:15, memory = 324.00 (MB), peak = 322.04 (MB)
Took 17 seconds: pin_access
global_route -congestion_report_file /work/reports/sky130hd/m7_j1/p16p0/congestion.rpt -congestion_iterations 30 -congestion_report_iter_step 5 -verbose
[INFO GRT-0020] Min routing layer: met1
[INFO GRT-0021] Max routing layer: met5
[INFO GRT-0022] Global adjustment: 0%
[INFO GRT-0023] Grid origin: (0, 0)
[INFO GRT-0088] Layer li1     Track-Pitch = 0.4600  line-2-Via Pitch: 0.3400
[INFO GRT-0088] Layer met1    Track-Pitch = 0.3400  line-2-Via Pitch: 0.3400
[INFO GRT-0088] Layer met2    Track-Pitch = 0.4600  line-2-Via Pitch: 0.3500
[INFO GRT-0088] Layer met3    Track-Pitch = 0.6800  line-2-Via Pitch: 0.6150
[INFO GRT-0088] Layer met4    Track-Pitch = 0.9200  line-2-Via Pitch: 1.0400
[INFO GRT-0088] Layer met5    Track-Pitch = 3.4000  line-2-Via Pitch: 3.1100
[INFO GRT-0003] Macros: 0
[INFO GRT-0004] Blockages: 42716
[INFO GRT-0019] Found 301 clock nets.
[INFO GRT-0001] Minimum degree: 2
[INFO GRT-0002] Maximum degree: 188

[INFO GRT-0053] Routing resources analysis:
          Routing      Original      Derated      Resource
Layer     Direction    Resources     Resources    Reduction (%)
---------------------------------------------------------------
li1        Vertical            0             0          0.00%
met1       Horizontal     113997         87916          22.88%
met2       Vertical       113088         86769          23.27%
met3       Horizontal      82964         64790          21.91%
met4       Vertical        55800         39804          28.67%
met5       Horizontal      12369          8835          28.57%
---------------------------------------------------------------

[INFO GRT-0101] Running extra iterations to remove congestion.
[INFO GRT-0102] Start extra iteration 1/30
[INFO GRT-0102] Start extra iteration 2/30
[INFO GRT-0102] Start extra iteration 3/30
[INFO GRT-0102] Start extra iteration 4/30
[INFO GRT-0197] Via related to pin nodes: 171626
[INFO GRT-0198] Via related Steiner nodes: 5566
[INFO GRT-0199] Via filling finished.
[INFO GRT-0111] Final number of vias: 225150
[INFO GRT-0112] Final usage 3D: 849425

[INFO GRT-0096] Final congestion report:
Layer         Resource        Demand        Usage (%)    Max H / Max V / Total Congestion
---------------------------------------------------------------------------------------
li1                  0             0            0.00%             0 /  0 /  0
met1             87916         59213           67.35%             0 /  0 /  0
met2             86769         68673           79.14%             0 /  0 /  0
met3             64790         22629           34.93%             0 /  0 /  0
met4             39804         22984           57.74%             0 /  0 /  0
met5              8835           476            5.39%             0 /  0 /  0
---------------------------------------------------------------------------------------
Total           288114        173975           60.38%             0 /  0 /  0

[INFO GRT-0018] Total wirelength: 1719376 um
[INFO GRT-0014] Routed nets: 27077
[INFO GRT-0303] Global routing runtime = 00:00:03
[WARNING STA-0450] virtual clock vclk_core_clock can not be propagated.
estimate_parasitics -global_routing
Perform buffer insertion and gate resizing...
repair_design -verbose
Iteration |   Area    | Resized | Buffers | Nets repaired | Remaining
---------------------------------------------------------------------
        0 |     +0.0% |       0 |       0 |             0 |     27665
     1000 |     +0.0% |       1 |       0 |             1 |     26665
[WARNING RSZ-0104] Net _19830_/CO[33] only has one pin. Check if it is intended to be dangling.
     2000 |     +0.0% |       1 |       0 |             1 |     25665
[WARNING RSZ-0104] Net _19830_/CO[25] only has one pin. Check if it is intended to be dangling.
[WARNING RSZ-0104] Net _19830_/CO[22] only has one pin. Check if it is intended to be dangling.
[WARNING RSZ-0104] Net _19830_/CO[16] only has one pin. Check if it is intended to be dangling.
[WARNING RSZ-0104] Net _19830_/X[28] only has one pin. Check if it is intended to be dangling.
[WARNING RSZ-0104] Net _19830_/X[33] only has one pin. Check if it is intended to be dangling.
[WARNING RSZ-0104] Net _19830_/X[30] only has one pin. Check if it is intended to be dangling.
[WARNING RSZ-0104] Net _19830_/X[27] only has one pin. Check if it is intended to be dangling.
[WARNING RSZ-0104] Net _19830_/X[25] only has one pin. Check if it is intended to be dangling.
[WARNING RSZ-0104] Net _19830_/X[22] only has one pin. Check if it is intended to be dangling.
     3000 |     +0.0% |       2 |       0 |             2 |     24665
[WARNING RSZ-0104] Net _19830_/X[29] only has one pin. Check if it is intended to be dangling.
[WARNING RSZ-0104] Net _19830_/X[24] only has one pin. Check if it is intended to be dangling.
[WARNING RSZ-0104] Net _19830_/X[21] only has one pin. Check if it is intended to be dangling.
[WARNING RSZ-0104] Net _19830_/X[20] only has one pin. Check if it is intended to be dangling.
[WARNING RSZ-0104] Net _19830_/X[19] only has one pin. Check if it is intended to be dangling.
[WARNING RSZ-0104] Net _19830_/X[15] only has one pin. Check if it is intended to be dangling.
[WARNING RSZ-0104] Net _19830_/X[14] only has one pin. Check if it is intended to be dangling.
[WARNING RSZ-0104] Net _19830_/X[13] only has one pin. Check if it is intended to be dangling.
[WARNING RSZ-0104] Net _19830_/X[12] only has one pin. Check if it is intended to be dangling.
[WARNING RSZ-0104] Net _19830_/X[11] only has one pin. Check if it is intended to be dangling.
[WARNING RSZ-0104] Net _19830_/X[10] only has one pin. Check if it is intended to be dangling.
[WARNING RSZ-0104] Net _19830_/CO[5] only has one pin. Check if it is intended to be dangling.
[WARNING RSZ-0104] Net _19830_/CO[4] only has one pin. Check if it is intended to be dangling.
[WARNING RSZ-0104] Net _19830_/X[18] only has one pin. Check if it is intended to be dangling.
[WARNING RSZ-0104] Net _19830_/X[9] only has one pin. Check if it is intended to be dangling.
[WARNING RSZ-0104] Net _19830_/CO[6] only has one pin. Check if it is intended to be dangling.
     4000 |     +0.0% |       2 |       0 |             2 |     23665
[WARNING RSZ-0104] Net _19830_/X[8] only has one pin. Check if it is intended to be dangling.
     5000 |     +0.0% |       2 |       0 |             2 |     22665
     6000 |     +0.0% |       2 |       0 |             2 |     21665
[WARNING RSZ-0104] Net _19830_/X[3] only has one pin. Check if it is intended to be dangling.
     7000 |     +0.0% |       2 |       0 |             2 |     20665
     8000 |     +0.0% |       2 |       0 |             2 |     19665
     9000 |     +0.0% |       2 |       0 |             2 |     18665
    10000 |     +0.0% |       2 |       0 |             2 |     17665
    11000 |     +0.0% |       2 |       0 |             2 |     16665
    12000 |     +0.0% |       2 |       0 |             2 |     15665
    13000 |     +0.0% |       2 |       0 |             2 |     14665
    14000 |     +0.0% |       2 |       0 |             2 |     13665
    15000 |     +0.0% |       2 |       0 |             2 |     12665
    16000 |     +0.0% |       2 |       0 |             2 |     11665
    17000 |     +0.0% |       2 |       0 |             2 |     10665
    18000 |     +0.0% |       2 |       1 |             3 |      9665
    19000 |     +0.0% |       2 |       1 |             3 |      8665
    20000 |     +0.0% |       2 |       1 |             3 |      7665
    21000 |     +0.0% |       2 |       1 |             3 |      6665
    22000 |     +0.0% |       2 |       1 |             3 |      5665
    23000 |     +0.0% |       2 |       1 |             3 |      4665
    24000 |     +0.0% |       2 |       1 |             3 |      3665
    25000 |     +0.0% |       2 |       1 |             3 |      2665
    26000 |     +0.0% |       2 |       1 |             3 |      1665
    27000 |     +0.0% |       2 |       1 |             3 |       665
[WARNING RSZ-0104] Net sec_release_i only has one pin. Check if it is intended to be dangling.
[WARNING RSZ-0104] Net iopmp_release_i only has one pin. Check if it is intended to be dangling.
[WARNING RSZ-0104] Net ic_release_i only has one pin. Check if it is intended to be dangling.
[WARNING RSZ-0104] Net dma_wdata_i[9] only has one pin. Check if it is intended to be dangling.
[WARNING RSZ-0104] Net dma_wdata_i[8] only has one pin. Check if it is intended to be dangling.
[WARNING RSZ-0104] Net dma_wdata_i[7] only has one pin. Check if it is intended to be dangling.
[WARNING RSZ-0104] Net dma_wdata_i[6] only has one pin. Check if it is intended to be dangling.
[WARNING RSZ-0104] Net dma_wdata_i[5] only has one pin. Check if it is intended to be dangling.
[WARNING RSZ-0104] Net dma_wdata_i[4] only has one pin. Check if it is intended to be dangling.
[WARNING RSZ-0104] Net dma_wdata_i[3] only has one pin. Check if it is intended to be dangling.
[WARNING RSZ-0104] Net dma_wdata_i[31] only has one pin. Check if it is intended to be dangling.
[WARNING RSZ-0104] Net dma_wdata_i[30] only has one pin. Check if it is intended to be dangling.
[WARNING RSZ-0104] Net dma_wdata_i[2] only has one pin. Check if it is intended to be dangling.
[WARNING RSZ-0104] Net dma_wdata_i[29] only has one pin. Check if it is intended to be dangling.
[WARNING RSZ-0104] Net dma_wdata_i[28] only has one pin. Check if it is intended to be dangling.
[WARNING RSZ-0104] Net dma_wdata_i[27] only has one pin. Check if it is intended to be dangling.
[WARNING RSZ-0104] Net dma_wdata_i[26] only has one pin. Check if it is intended to be dangling.
[WARNING RSZ-0104] Net dma_wdata_i[25] only has one pin. Check if it is intended to be dangling.
[WARNING RSZ-0104] Net dma_wdata_i[24] only has one pin. Check if it is intended to be dangling.
[WARNING RSZ-0104] Net dma_wdata_i[23] only has one pin. Check if it is intended to be dangling.
[WARNING RSZ-0104] Net dma_wdata_i[22] only has one pin. Check if it is intended to be dangling.
[WARNING RSZ-0104] Net dma_wdata_i[21] only has one pin. Check if it is intended to be dangling.
[WARNING RSZ-0104] Net dma_wdata_i[20] only has one pin. Check if it is intended to be dangling.
[WARNING RSZ-0104] Net dma_wdata_i[1] only has one pin. Check if it is intended to be dangling.
[WARNING RSZ-0104] Net dma_wdata_i[19] only has one pin. Check if it is intended to be dangling.
[WARNING RSZ-0104] Net dma_wdata_i[18] only has one pin. Check if it is intended to be dangling.
[WARNING RSZ-0104] Net dma_wdata_i[17] only has one pin. Check if it is intended to be dangling.
[WARNING RSZ-0104] Net dma_wdata_i[16] only has one pin. Check if it is intended to be dangling.
[WARNING RSZ-0104] Net dma_wdata_i[15] only has one pin. Check if it is intended to be dangling.
[WARNING RSZ-0104] Net dma_wdata_i[14] only has one pin. Check if it is intended to be dangling.
[WARNING RSZ-0104] Net dma_wdata_i[13] only has one pin. Check if it is intended to be dangling.
[WARNING RSZ-0104] Net dma_wdata_i[12] only has one pin. Check if it is intended to be dangling.
[WARNING RSZ-0104] Net dma_wdata_i[11] only has one pin. Check if it is intended to be dangling.
[WARNING RSZ-0104] Net dma_wdata_i[10] only has one pin. Check if it is intended to be dangling.
[WARNING RSZ-0104] Net dma_wdata_i[0] only has one pin. Check if it is intended to be dangling.
[WARNING RSZ-0104] Net dma_start_i only has one pin. Check if it is intended to be dangling.
[WARNING RSZ-0104] Net dma_src_addr_i[9] only has one pin. Check if it is intended to be dangling.
[WARNING RSZ-0104] Net dma_src_addr_i[8] only has one pin. Check if it is intended to be dangling.
[WARNING RSZ-0104] Net dma_src_addr_i[7] only has one pin. Check if it is intended to be dangling.
[WARNING RSZ-0104] Net dma_src_addr_i[6] only has one pin. Check if it is intended to be dangling.
[WARNING RSZ-0104] Net dma_src_addr_i[5] only has one pin. Check if it is intended to be dangling.
[WARNING RSZ-0104] Net dma_src_addr_i[4] only has one pin. Check if it is intended to be dangling.
[WARNING RSZ-0104] Net dma_src_addr_i[3] only has one pin. Check if it is intended to be dangling.
[WARNING RSZ-0104] Net dma_src_addr_i[31] only has one pin. Check if it is intended to be dangling.
[WARNING RSZ-0104] Net dma_src_addr_i[30] only has one pin. Check if it is intended to be dangling.
[WARNING RSZ-0104] Net dma_src_addr_i[2] only has one pin. Check if it is intended to be dangling.
[WARNING RSZ-0104] Net dma_src_addr_i[29] only has one pin. Check if it is intended to be dangling.
[WARNING RSZ-0104] Net dma_src_addr_i[28] only has one pin. Check if it is intended to be dangling.
[WARNING RSZ-0104] Net dma_src_addr_i[27] only has one pin. Check if it is intended to be dangling.
[WARNING RSZ-0104] Net dma_src_addr_i[26] only has one pin. Check if it is intended to be dangling.
[WARNING RSZ-0104] Net dma_src_addr_i[25] only has one pin. Check if it is intended to be dangling.
[WARNING RSZ-0104] Net dma_src_addr_i[24] only has one pin. Check if it is intended to be dangling.
[WARNING RSZ-0104] Net dma_src_addr_i[23] only has one pin. Check if it is intended to be dangling.
[WARNING RSZ-0104] Net dma_src_addr_i[22] only has one pin. Check if it is intended to be dangling.
[WARNING RSZ-0104] Net dma_src_addr_i[21] only has one pin. Check if it is intended to be dangling.
[WARNING RSZ-0104] Net dma_src_addr_i[20] only has one pin. Check if it is intended to be dangling.
[WARNING RSZ-0104] Net dma_src_addr_i[1] only has one pin. Check if it is intended to be dangling.
[WARNING RSZ-0104] Net dma_src_addr_i[19] only has one pin. Check if it is intended to be dangling.
[WARNING RSZ-0104] Net dma_src_addr_i[18] only has one pin. Check if it is intended to be dangling.
[WARNING RSZ-0104] Net dma_src_addr_i[17] only has one pin. Check if it is intended to be dangling.
[WARNING RSZ-0104] Net dma_src_addr_i[16] only has one pin. Check if it is intended to be dangling.
[WARNING RSZ-0104] Net dma_src_addr_i[15] only has one pin. Check if it is intended to be dangling.
[WARNING RSZ-0104] Net dma_src_addr_i[14] only has one pin. Check if it is intended to be dangling.
[WARNING RSZ-0104] Net dma_src_addr_i[13] only has one pin. Check if it is intended to be dangling.
[WARNING RSZ-0104] Net dma_src_addr_i[12] only has one pin. Check if it is intended to be dangling.
[WARNING RSZ-0104] Net dma_src_addr_i[11] only has one pin. Check if it is intended to be dangling.
[WARNING RSZ-0104] Net dma_src_addr_i[10] only has one pin. Check if it is intended to be dangling.
[WARNING RSZ-0104] Net dma_src_addr_i[0] only has one pin. Check if it is intended to be dangling.
[WARNING RSZ-0104] Net dma_requester_id_i[7] only has one pin. Check if it is intended to be dangling.
[WARNING RSZ-0104] Net dma_requester_id_i[6] only has one pin. Check if it is intended to be dangling.
[WARNING RSZ-0104] Net dma_requester_id_i[5] only has one pin. Check if it is intended to be dangling.
[WARNING RSZ-0104] Net dma_requester_id_i[4] only has one pin. Check if it is intended to be dangling.
[WARNING RSZ-0104] Net dma_requester_id_i[3] only has one pin. Check if it is intended to be dangling.
[WARNING RSZ-0104] Net dma_requester_id_i[2] only has one pin. Check if it is intended to be dangling.
[WARNING RSZ-0104] Net dma_requester_id_i[1] only has one pin. Check if it is intended to be dangling.
[WARNING RSZ-0104] Net dma_requester_id_i[0] only has one pin. Check if it is intended to be dangling.
[WARNING RSZ-0104] Net dma_release_i only has one pin. Check if it is intended to be dangling.
[WARNING RSZ-0104] Net dma_mode_i[1] only has one pin. Check if it is intended to be dangling.
[WARNING RSZ-0104] Net dma_mode_i[0] only has one pin. Check if it is intended to be dangling.
[WARNING RSZ-0104] Net dma_length_i[9] only has one pin. Check if it is intended to be dangling.
[WARNING RSZ-0104] Net dma_length_i[8] only has one pin. Check if it is intended to be dangling.
[WARNING RSZ-0104] Net dma_length_i[7] only has one pin. Check if it is intended to be dangling.
[WARNING RSZ-0104] Net dma_length_i[6] only has one pin. Check if it is intended to be dangling.
[WARNING RSZ-0104] Net dma_length_i[5] only has one pin. Check if it is intended to be dangling.
[WARNING RSZ-0104] Net dma_length_i[4] only has one pin. Check if it is intended to be dangling.
[WARNING RSZ-0104] Net dma_length_i[3] only has one pin. Check if it is intended to be dangling.
[WARNING RSZ-0104] Net dma_length_i[2] only has one pin. Check if it is intended to be dangling.
[WARNING RSZ-0104] Net dma_length_i[1] only has one pin. Check if it is intended to be dangling.
[WARNING RSZ-0104] Net dma_length_i[15] only has one pin. Check if it is intended to be dangling.
[WARNING RSZ-0104] Net dma_length_i[14] only has one pin. Check if it is intended to be dangling.
[WARNING RSZ-0104] Net dma_length_i[13] only has one pin. Check if it is intended to be dangling.
[WARNING RSZ-0104] Net dma_length_i[12] only has one pin. Check if it is intended to be dangling.
[WARNING RSZ-0104] Net dma_length_i[11] only has one pin. Check if it is intended to be dangling.
[WARNING RSZ-0104] Net dma_length_i[10] only has one pin. Check if it is intended to be dangling.
[WARNING RSZ-0104] Net dma_length_i[0] only has one pin. Check if it is intended to be dangling.
[WARNING RSZ-0104] Net dma_dst_addr_i[9] only has one pin. Check if it is intended to be dangling.
[WARNING RSZ-0104] Net dma_dst_addr_i[8] only has one pin. Check if it is intended to be dangling.
[WARNING RSZ-0104] Net dma_dst_addr_i[7] only has one pin. Check if it is intended to be dangling.
[WARNING RSZ-0104] Net dma_dst_addr_i[6] only has one pin. Check if it is intended to be dangling.
[WARNING RSZ-0104] Net dma_dst_addr_i[5] only has one pin. Check if it is intended to be dangling.
[WARNING RSZ-0104] Net dma_dst_addr_i[4] only has one pin. Check if it is intended to be dangling.
[WARNING RSZ-0104] Net dma_dst_addr_i[3] only has one pin. Check if it is intended to be dangling.
[WARNING RSZ-0104] Net dma_dst_addr_i[31] only has one pin. Check if it is intended to be dangling.
[WARNING RSZ-0104] Net dma_dst_addr_i[30] only has one pin. Check if it is intended to be dangling.
[WARNING RSZ-0104] Net dma_dst_addr_i[2] only has one pin. Check if it is intended to be dangling.
[WARNING RSZ-0104] Net dma_dst_addr_i[29] only has one pin. Check if it is intended to be dangling.
[WARNING RSZ-0104] Net dma_dst_addr_i[28] only has one pin. Check if it is intended to be dangling.
[WARNING RSZ-0104] Net dma_dst_addr_i[27] only has one pin. Check if it is intended to be dangling.
[WARNING RSZ-0104] Net dma_dst_addr_i[26] only has one pin. Check if it is intended to be dangling.
[WARNING RSZ-0104] Net dma_dst_addr_i[25] only has one pin. Check if it is intended to be dangling.
[WARNING RSZ-0104] Net dma_dst_addr_i[24] only has one pin. Check if it is intended to be dangling.
[WARNING RSZ-0104] Net dma_dst_addr_i[23] only has one pin. Check if it is intended to be dangling.
[WARNING RSZ-0104] Net dma_dst_addr_i[22] only has one pin. Check if it is intended to be dangling.
[WARNING RSZ-0104] Net dma_dst_addr_i[21] only has one pin. Check if it is intended to be dangling.
[WARNING RSZ-0104] Net dma_dst_addr_i[20] only has one pin. Check if it is intended to be dangling.
[WARNING RSZ-0104] Net dma_dst_addr_i[1] only has one pin. Check if it is intended to be dangling.
[WARNING RSZ-0104] Net dma_dst_addr_i[19] only has one pin. Check if it is intended to be dangling.
[WARNING RSZ-0104] Net dma_dst_addr_i[18] only has one pin. Check if it is intended to be dangling.
[WARNING RSZ-0104] Net dma_dst_addr_i[17] only has one pin. Check if it is intended to be dangling.
[WARNING RSZ-0104] Net dma_dst_addr_i[16] only has one pin. Check if it is intended to be dangling.
[WARNING RSZ-0104] Net dma_dst_addr_i[15] only has one pin. Check if it is intended to be dangling.
[WARNING RSZ-0104] Net dma_dst_addr_i[14] only has one pin. Check if it is intended to be dangling.
[WARNING RSZ-0104] Net dma_dst_addr_i[13] only has one pin. Check if it is intended to be dangling.
[WARNING RSZ-0104] Net dma_dst_addr_i[12] only has one pin. Check if it is intended to be dangling.
[WARNING RSZ-0104] Net dma_dst_addr_i[11] only has one pin. Check if it is intended to be dangling.
[WARNING RSZ-0104] Net dma_dst_addr_i[10] only has one pin. Check if it is intended to be dangling.
[WARNING RSZ-0104] Net dma_dst_addr_i[0] only has one pin. Check if it is intended to be dangling.
[WARNING RSZ-0104] Net cpu_release_i only has one pin. Check if it is intended to be dangling.
[WARNING RSZ-0104] Net cfg_write_i only has one pin. Check if it is intended to be dangling.
[WARNING RSZ-0104] Net cfg_wdata_i[9] only has one pin. Check if it is intended to be dangling.
[WARNING RSZ-0104] Net cfg_wdata_i[8] only has one pin. Check if it is intended to be dangling.
[WARNING RSZ-0104] Net cfg_wdata_i[7] only has one pin. Check if it is intended to be dangling.
[WARNING RSZ-0104] Net cfg_wdata_i[6] only has one pin. Check if it is intended to be dangling.
[WARNING RSZ-0104] Net cfg_wdata_i[5] only has one pin. Check if it is intended to be dangling.
[WARNING RSZ-0104] Net cfg_wdata_i[4] only has one pin. Check if it is intended to be dangling.
[WARNING RSZ-0104] Net cfg_wdata_i[3] only has one pin. Check if it is intended to be dangling.
[WARNING RSZ-0104] Net cfg_wdata_i[31] only has one pin. Check if it is intended to be dangling.
[WARNING RSZ-0104] Net cfg_wdata_i[30] only has one pin. Check if it is intended to be dangling.
[WARNING RSZ-0104] Net cfg_wdata_i[2] only has one pin. Check if it is intended to be dangling.
[WARNING RSZ-0104] Net cfg_wdata_i[29] only has one pin. Check if it is intended to be dangling.
[WARNING RSZ-0104] Net cfg_wdata_i[28] only has one pin. Check if it is intended to be dangling.
[WARNING RSZ-0104] Net cfg_wdata_i[27] only has one pin. Check if it is intended to be dangling.
[WARNING RSZ-0104] Net cfg_wdata_i[26] only has one pin. Check if it is intended to be dangling.
[WARNING RSZ-0104] Net cfg_wdata_i[25] only has one pin. Check if it is intended to be dangling.
[WARNING RSZ-0104] Net cfg_wdata_i[24] only has one pin. Check if it is intended to be dangling.
[WARNING RSZ-0104] Net cfg_wdata_i[23] only has one pin. Check if it is intended to be dangling.
[WARNING RSZ-0104] Net cfg_wdata_i[22] only has one pin. Check if it is intended to be dangling.
[WARNING RSZ-0104] Net cfg_wdata_i[21] only has one pin. Check if it is intended to be dangling.
[WARNING RSZ-0104] Net cfg_wdata_i[20] only has one pin. Check if it is intended to be dangling.
[WARNING RSZ-0104] Net cfg_wdata_i[1] only has one pin. Check if it is intended to be dangling.
[WARNING RSZ-0104] Net cfg_wdata_i[19] only has one pin. Check if it is intended to be dangling.
[WARNING RSZ-0104] Net cfg_wdata_i[18] only has one pin. Check if it is intended to be dangling.
[WARNING RSZ-0104] Net cfg_wdata_i[17] only has one pin. Check if it is intended to be dangling.
[WARNING RSZ-0104] Net cfg_wdata_i[16] only has one pin. Check if it is intended to be dangling.
[WARNING RSZ-0104] Net cfg_wdata_i[15] only has one pin. Check if it is intended to be dangling.
[WARNING RSZ-0104] Net cfg_wdata_i[14] only has one pin. Check if it is intended to be dangling.
[WARNING RSZ-0104] Net cfg_wdata_i[13] only has one pin. Check if it is intended to be dangling.
[WARNING RSZ-0104] Net cfg_wdata_i[12] only has one pin. Check if it is intended to be dangling.
[WARNING RSZ-0104] Net cfg_wdata_i[11] only has one pin. Check if it is intended to be dangling.
[WARNING RSZ-0104] Net cfg_wdata_i[10] only has one pin. Check if it is intended to be dangling.
[WARNING RSZ-0104] Net cfg_wdata_i[0] only has one pin. Check if it is intended to be dangling.
[WARNING RSZ-0104] Net cfg_addr_i[9] only has one pin. Check if it is intended to be dangling.
[WARNING RSZ-0104] Net cfg_addr_i[8] only has one pin. Check if it is intended to be dangling.
[WARNING RSZ-0104] Net cfg_addr_i[7] only has one pin. Check if it is intended to be dangling.
[WARNING RSZ-0104] Net cfg_addr_i[6] only has one pin. Check if it is intended to be dangling.
[WARNING RSZ-0104] Net cfg_addr_i[5] only has one pin. Check if it is intended to be dangling.
[WARNING RSZ-0104] Net cfg_addr_i[4] only has one pin. Check if it is intended to be dangling.
[WARNING RSZ-0104] Net cfg_addr_i[3] only has one pin. Check if it is intended to be dangling.
[WARNING RSZ-0104] Net cfg_addr_i[31] only has one pin. Check if it is intended to be dangling.
[WARNING RSZ-0104] Net cfg_addr_i[30] only has one pin. Check if it is intended to be dangling.
[WARNING RSZ-0104] Net cfg_addr_i[2] only has one pin. Check if it is intended to be dangling.
[WARNING RSZ-0104] Net cfg_addr_i[29] only has one pin. Check if it is intended to be dangling.
[WARNING RSZ-0104] Net cfg_addr_i[28] only has one pin. Check if it is intended to be dangling.
[WARNING RSZ-0104] Net cfg_addr_i[27] only has one pin. Check if it is intended to be dangling.
[WARNING RSZ-0104] Net cfg_addr_i[26] only has one pin. Check if it is intended to be dangling.
[WARNING RSZ-0104] Net cfg_addr_i[25] only has one pin. Check if it is intended to be dangling.
[WARNING RSZ-0104] Net cfg_addr_i[24] only has one pin. Check if it is intended to be dangling.
[WARNING RSZ-0104] Net cfg_addr_i[23] only has one pin. Check if it is intended to be dangling.
[WARNING RSZ-0104] Net cfg_addr_i[22] only has one pin. Check if it is intended to be dangling.
[WARNING RSZ-0104] Net cfg_addr_i[21] only has one pin. Check if it is intended to be dangling.
[WARNING RSZ-0104] Net cfg_addr_i[20] only has one pin. Check if it is intended to be dangling.
[WARNING RSZ-0104] Net cfg_addr_i[1] only has one pin. Check if it is intended to be dangling.
[WARNING RSZ-0104] Net cfg_addr_i[19] only has one pin. Check if it is intended to be dangling.
[WARNING RSZ-0104] Net cfg_addr_i[18] only has one pin. Check if it is intended to be dangling.
[WARNING RSZ-0104] Net cfg_addr_i[17] only has one pin. Check if it is intended to be dangling.
[WARNING RSZ-0104] Net cfg_addr_i[16] only has one pin. Check if it is intended to be dangling.
[WARNING RSZ-0104] Net cfg_addr_i[15] only has one pin. Check if it is intended to be dangling.
[WARNING RSZ-0104] Net cfg_addr_i[14] only has one pin. Check if it is intended to be dangling.
[WARNING RSZ-0104] Net cfg_addr_i[13] only has one pin. Check if it is intended to be dangling.
[WARNING RSZ-0104] Net cfg_addr_i[12] only has one pin. Check if it is intended to be dangling.
[WARNING RSZ-0104] Net cfg_addr_i[11] only has one pin. Check if it is intended to be dangling.
[WARNING RSZ-0104] Net cfg_addr_i[10] only has one pin. Check if it is intended to be dangling.
[WARNING RSZ-0104] Net cfg_addr_i[0] only has one pin. Check if it is intended to be dangling.
    final |     +0.0% |       2 |       1 |             3 |         0
---------------------------------------------------------------------
[INFO RSZ-0034] Found 3 slew violations.
[INFO RSZ-0036] Found 1 capacitance violations.
[INFO RSZ-0039] Resized 2 instances.
[INFO RSZ-0038] Inserted 1 buffers in 3 nets.
[INFO RSZ-0504] Runtime: 3.16s
global_route -start_incremental
detailed_placement
[INFO DPL-0006] Core area: 416927.37 um^2
[INFO DPL-0007] Movable instances area: 234541.19 um^2
[INFO DPL-0008] Fixed instances area within core: 6877.85 um^2
[INFO DPL-0009] Utilization: 57.9%
[INFO DPL-0005] Diamond search max displacement: +/- 500 sites horizontally, +/- 100 rows vertically.
[INFO DPL-1102] Legalizing using negotiation legalizer.
[INFO DPL-1103] Negotiation base search window: +/-20 sites horizontally, +/-5 rows vertically 
	Automatic search window extension enabled.
	Search window extendable up to the max displacement cap of +/-500 sites, +/-100 rows near walls.
[INFO DPL-1104] NegotiationLegalizer DRC penalty: 5.
[INFO DPL-0392] Negotiation cell height distribution (1 unique row-count(s)):
[INFO DPL-0393]   height 1 row(s): 32846 cells
          |      Total |  Illegal |  Illegal
Iteration | Violations |    Cells |    Sites
---------------------------------------------
        0 |         26 |         2 |        24
        1 |         22 |         2 |        20
        2 |         21 |         4 |        17
        3 |         18 |         3 |        15
        4 |         28 |         2 |        26
        5 |         42 |         2 |        40
        6 |         28 |         2 |        26
        7 |         22 |         2 |        20
        8 |         28 |         2 |        26
        9 |         16 |         2 |        14
       10 |         18 |         2 |        16
       20 |         21 |         3 |        18
       30 |         20 |         4 |        16
       32 |          0 |         0 |         0
Negotiation phase 1 converged at iteration 32.
[INFO DPL-0500] Runtime: 0.40s
Placement Analysis
---------------------------------
total displacement        164.4 u
average displacement        0.0 u
max displacement           32.6 u
original HPWL          918099.8 u
legalized HPWL         918458.1 u
delta HPWL                    0 %

global_route -end_incremental -congestion_report_file /work/reports/sky130hd/m7_j1/p16p0/congestion_post_repair_design.rpt
Repair setup and hold violations...
estimate_parasitics -global_routing
repair_timing -setup_margin 0 -hold_margin 0 -repair_tns 100 -verbose
[INFO RSZ-0100] Repair move sequence: UnbufferMove SizeUpMove SwapPinsMove BufferMove CloneMove SplitLoadMove 
[INFO RSZ-0094] Found 1 endpoints with setup violations.
[INFO RSZ-0099] Repairing 1 out of 1 (100.00%) violating endpoints...
   Iter   | Removed | Resized | Inserted | Cloned |  Pin  |   Area   |    WNS   |   StTNS    |   EnTNS    |  Viol  |  Worst  
          | Buffers |  Gates  | Buffers  |  Gates | Swaps |          |          |            |            | Endpts | St/EnPt 
------------------------------------------------------------------------------------------------------------------------------
       0* |       0 |       0 |        0 |      0 |     0 |    +0.0% |   -0.466 |     -830.6 |       -0.5 |      1 | data_req_o
       9* |       0 |       3 |        9 |      0 |     2 |    +0.1% |    0.046 |     -828.9 |        0.0 |      1 | data_req_o
       9* |       0 |       3 |        9 |      0 |     2 |    +0.1% |    0.046 |     -828.9 |        0.0 |      1 | data_req_o
    final |       0 |       3 |        9 |      0 |     2 |    +0.1% |    0.046 |     -828.9 |        0.0 |      0 | data_req_o
------------------------------------------------------------------------------------------------------------------------------
[INFO RSZ-0040] Inserted 9 buffers.
[INFO RSZ-0051] Resized 3 instances: 3 up, 0 up match, 0 down, 0 VT
[INFO RSZ-0043] Swapped pins on 2 instances.
[INFO RSZ-0505] Runtime: 1.25s
[INFO RSZ-0033] No hold violations found.
[INFO RSZ-0506] Runtime: 0.10s
global_route -start_incremental
detailed_placement
[INFO DPL-0006] Core area: 416927.37 um^2
[INFO DPL-0007] Movable instances area: 234673.82 um^2
[INFO DPL-0008] Fixed instances area within core: 6877.85 um^2
[INFO DPL-0009] Utilization: 57.9%
[INFO DPL-0005] Diamond search max displacement: +/- 500 sites horizontally, +/- 100 rows vertically.
[INFO DPL-1102] Legalizing using negotiation legalizer.
[INFO DPL-1103] Negotiation base search window: +/-20 sites horizontally, +/-5 rows vertically 
	Automatic search window extension enabled.
	Search window extendable up to the max displacement cap of +/-500 sites, +/-100 rows near walls.
[INFO DPL-1104] NegotiationLegalizer DRC penalty: 5.
[INFO DPL-0392] Negotiation cell height distribution (1 unique row-count(s)):
[INFO DPL-0393]   height 1 row(s): 32855 cells
          |      Total |  Illegal |  Illegal
Iteration | Violations |    Cells |    Sites
---------------------------------------------
        0 |         14 |         2 |        12
        1 |          0 |         0 |         0
Negotiation phase 1 converged at iteration 1.
[INFO DPL-0500] Runtime: 0.13s
Placement Analysis
---------------------------------
total displacement         62.8 u
average displacement        0.0 u
max displacement           10.9 u
original HPWL          919055.3 u
legalized HPWL         919123.2 u
delta HPWL                    0 %

check_placement -verbose
global_route -end_incremental -congestion_report_file /work/reports/sky130hd/m7_j1/p16p0/congestion_post_repair_timing.rpt
estimate_parasitics -global_routing
global_route -start_incremental
global_route -end_incremental -congestion_report_file /work/reports/sky130hd/m7_j1/p16p0/congestion_post_recover_power.rpt
Repair antennas...
[INFO GRT-0012] Found 148 antenna violations.
[INFO GRT-0302] Inserted 190 jumpers for 135 nets.
[INFO GRT-0012] Found 24 antenna violations.
[WARNING GRT-0243] Unable to repair antennas on net with diodes.
[INFO DPL-0006] Core area: 416927.37 um^2
[INFO DPL-0007] Movable instances area: 234484.89 um^2
[INFO DPL-0008] Fixed instances area within core: 7161.87 um^2
[INFO DPL-0009] Utilization: 58.0%
[INFO DPL-0005] Diamond search max displacement: +/- 500 sites horizontally, +/- 100 rows vertically.
[INFO DPL-1102] Legalizing using negotiation legalizer.
[INFO DPL-1103] Negotiation base search window: +/-20 sites horizontally, +/-5 rows vertically 
	Automatic search window extension enabled.
	Search window extendable up to the max displacement cap of +/-500 sites, +/-100 rows near walls.
[INFO DPL-1104] NegotiationLegalizer DRC penalty: 5.
[INFO DPL-0392] Negotiation cell height distribution (1 unique row-count(s)):
[INFO DPL-0393]   height 1 row(s): 32893 cells
          |      Total |  Illegal |  Illegal
Iteration | Violations |    Cells |    Sites
---------------------------------------------
        0 |          0 |         0 |         0
Negotiation phase 1 converged at iteration 0.
[INFO DPL-0500] Runtime: 0.12s
[INFO GRT-0015] Inserted 38 diodes.
[INFO GRT-0012] Found 6 antenna violations.
[INFO GRT-0302] Inserted 9 jumpers for 6 nets.
[INFO GRT-0012] Found 1 antenna violations.
[INFO DPL-0006] Core area: 416927.37 um^2
[INFO DPL-0007] Movable instances area: 234760.15 um^2
[INFO DPL-0008] Fixed instances area within core: 6889.11 um^2
[INFO DPL-0009] Utilization: 58.0%
[INFO DPL-0005] Diamond search max displacement: +/- 500 sites horizontally, +/- 100 rows vertically.
[INFO DPL-1102] Legalizing using negotiation legalizer.
[INFO DPL-1103] Negotiation base search window: +/-20 sites horizontally, +/-5 rows vertically 
	Automatic search window extension enabled.
	Search window extendable up to the max displacement cap of +/-500 sites, +/-100 rows near walls.
[INFO DPL-1104] NegotiationLegalizer DRC penalty: 5.
[INFO DPL-0392] Negotiation cell height distribution (1 unique row-count(s)):
[INFO DPL-0393]   height 1 row(s): 32894 cells
[INFO DPL-0500] Runtime: 0.11s
[INFO GRT-0015] Inserted 1 diodes.
[INFO GRT-0012] Found 0 antenna violations.
[INFO ANT-0002] Found 0 net violations.
[INFO ANT-0001] Found 0 pin violations.
Estimate parasitics...
estimate_parasitics -global_routing
Report metrics stage 5, global route...

==========================================================================
global route report_design_area
--------------------------------------------------------------------------
Design area 241649 um^2 58% utilization.
[INFO FLW-0007] clock core_clock period 16.000000
[WARNING FLW-0010] more than one clock found. Skipping sdc update.
[INFO FLW-0011] Path endpoint path count 5352
write_db /work/results/sky130hd/m7_j1/p16p0/5_1_grt.odb
write_sdc -no_timestamp /work/results/sky130hd/m7_j1/p16p0/5_1_grt.sdc
Elapsed time: 0:42.81[h:]min:sec. CPU time: user 652.71 sys 16.78 (1563%). Peak memory: 1034632KB.
Log                       Ext     Elapsed/s Peak Memory/MB sha1sum result [0:20)
5_1_grt                   .odb           42           1010 06e96acf4bcad05d17ed
5_1_grt                   .sdc                             5a34a8b91f6a086f3016
/OpenROAD-flow-scripts/flow/scripts/flow.sh 5_2_route detail_route
Running detail_route.tcl, stage 5_2_route
read_liberty /OpenROAD-flow-scripts/flow/platforms/sky130hd/lib/sky130_fd_sc_hd__tt_025C_1v80.lib
read_db -hier /work/results/sky130hd/m7_j1/p16p0/5_1_grt.odb
[WARNING ORD-0012] Hierarchical flow (-hier) is currently in development and may cause multiple issues. Do not use in production environments.
read_sdc /work/results/sky130hd/m7_j1/p16p0/5_1_grt.sdc
source /OpenROAD-flow-scripts/flow/platforms/sky130hd/setRC.tcl
[WARNING STA-0450] virtual clock vclk_core_clock can not be propagated.
detailed_route -output_drc /work/reports/sky130hd/m7_j1/p16p0/5_route_drc.rpt -output_maze /work/results/sky130hd/m7_j1/p16p0/maze.log -droute_end_iter 64 -verbose 1 -drc_report_iter_step 5
[INFO DRT-0149] Reading tech and libs.
[WARNING DRT-0349] LEF58_ENCLOSURE with no CUTCLASS is not supported. Skipping for layer mcon
[WARNING DRT-0349] LEF58_ENCLOSURE with no CUTCLASS is not supported. Skipping for layer mcon
[WARNING DRT-0349] LEF58_ENCLOSURE with no CUTCLASS is not supported. Skipping for layer via
[WARNING DRT-0349] LEF58_ENCLOSURE with no CUTCLASS is not supported. Skipping for layer via
[WARNING DRT-0349] LEF58_ENCLOSURE with no CUTCLASS is not supported. Skipping for layer via2
[WARNING DRT-0349] LEF58_ENCLOSURE with no CUTCLASS is not supported. Skipping for layer via2
[WARNING DRT-0349] LEF58_ENCLOSURE with no CUTCLASS is not supported. Skipping for layer via3
[WARNING DRT-0349] LEF58_ENCLOSURE with no CUTCLASS is not supported. Skipping for layer via3
[WARNING DRT-0349] LEF58_ENCLOSURE with no CUTCLASS is not supported. Skipping for layer via4
[WARNING DRT-0349] LEF58_ENCLOSURE with no CUTCLASS is not supported. Skipping for layer via4

Units:                1000
Number of layers:     13
Number of macros:     441
Number of vias:       29
Number of viarulegen: 25

[INFO DRT-0150] Reading design.
[WARNING DRT-0120] Large net net3313 has 127 pins which may impact routing performance. Consider optimization.
[WARNING DRT-0120] Large net net3321 has 149 pins which may impact routing performance. Consider optimization.
[WARNING DRT-0120] Large net net3325 has 153 pins which may impact routing performance. Consider optimization.
[WARNING DRT-0120] Large net net3328 has 176 pins which may impact routing performance. Consider optimization.
[WARNING DRT-0120] Large net net3330 has 188 pins which may impact routing performance. Consider optimization.

Design:                   m7_ppa_j1_top
Die area:                 ( 0 0 ) ( 649570 649570 )
Number of track patterns: 12
Number of DEF vias:       0
Number of components:     32894
Number of terminals:      278
Number of snets:          2
Number of nets:           27310

[INFO DRT-0167] List of default vias:
  Layer via
    default via: M1M2_PR
  Layer via2
    default via: M2M3_PR
  Layer via3
    default via: M3M4_PR
  Layer via4
    default via: M4M5_PR
[INFO DRT-0162] Library cell analysis.
[INFO DRT-0163] Instance analysis.
[INFO DRT-0164] Number of unique instances = 272.
[INFO DRT-0168] Init region query.
[INFO DRT-0024]   Complete FR_MASTERSLICE.
[INFO DRT-0024]   Complete Fr_VIA.
[INFO DRT-0024]   Complete li1.
[INFO DRT-0024]   Complete mcon.
[INFO DRT-0024]   Complete met1.
[INFO DRT-0024]   Complete via.
[INFO DRT-0024]   Complete met2.
[INFO DRT-0024]   Complete via2.
[INFO DRT-0024]   Complete met3.
[INFO DRT-0024]   Complete via3.
[INFO DRT-0024]   Complete met4.
[INFO DRT-0024]   Complete via4.
[INFO DRT-0024]   Complete met5.
[INFO DRT-0033] FR_MASTERSLICE shape region query size = 0.
[INFO DRT-0033] FR_VIA shape region query size = 0.
[INFO DRT-0033] li1 shape region query size = 778191.
[INFO DRT-0033] mcon shape region query size = 412213.
[INFO DRT-0033] met1 shape region query size = 112382.
[INFO DRT-0033] via shape region query size = 27965.
[INFO DRT-0033] met2 shape region query size = 17027.
[INFO DRT-0033] via2 shape region query size = 22372.
[INFO DRT-0033] met3 shape region query size = 16807.
[INFO DRT-0033] via3 shape region query size = 22372.
[INFO DRT-0033] met4 shape region query size = 6745.
[INFO DRT-0033] via4 shape region query size = 1105.
[INFO DRT-0033] met5 shape region query size = 1199.
[INFO DRT-0165] Start pin access.
[INFO DRT-0076]   Complete 1000 pins.
[INFO DRT-0076]   Complete 2000 pins.
[INFO DRT-0078]   Complete 2189 pins.
[INFO DRT-0079]   Complete 100 unique inst patterns.
[INFO DRT-0079]   Complete 200 unique inst patterns.
[INFO DRT-0081]   Complete 272 unique inst patterns.
[INFO DRT-0082]   Complete 10000 groups.
[INFO DRT-0084]   Complete 16815 groups.
#scanned instances     = 32894
#unique  instances     = 272
#stdCellGenAp          = 8826
#stdCellValidPlanarAp  = 117
#stdCellValidViaAp     = 6441
#stdCellPinNoAp        = 0
#stdCellPinCnt         = 99284
#instTermValidViaApCnt = 0
#macroGenAp            = 0
#macroValidPlanarAp    = 0
#macroValidViaAp       = 0
#macroNoAp             = 0
[INFO DRT-0166] Complete pin access.
[INFO DRT-0267] cpu time = 00:07:09, elapsed time = 00:00:15, memory = 515.48 (MB), peak = 514.35 (MB)
[INFO DRT-0156] guideIn read 100000 guides.
[INFO DRT-0156] guideIn read 200000 guides.

[INFO DRT-0157] Number of guides:     243414

[INFO DRT-0169] Post process guides.
[INFO DRT-0176] GCELLGRID X 0 DO 94 STEP 6900 ;
[INFO DRT-0177] GCELLGRID Y 0 DO 94 STEP 6900 ;
[INFO DRT-0026]   Complete 100000 origin guides.
[INFO DRT-0026]   Complete 200000 origin guides.
[INFO DRT-0028]   Complete FR_MASTERSLICE.
[INFO DRT-0028]   Complete Fr_VIA.
[INFO DRT-0028]   Complete li1.
[INFO DRT-0028]   Complete mcon.
[INFO DRT-0028]   Complete met1.
[INFO DRT-0028]   Complete via.
[INFO DRT-0028]   Complete met2.
[INFO DRT-0028]   Complete via2.
[INFO DRT-0028]   Complete met3.
[INFO DRT-0028]   Complete via3.
[INFO DRT-0028]   Complete met4.
[INFO DRT-0028]   Complete via4.
[INFO DRT-0028]   Complete met5.
[INFO DRT-0178] Init guide query.
[INFO DRT-0035]   Complete FR_MASTERSLICE (guide).
[INFO DRT-0035]   Complete Fr_VIA (guide).
[INFO DRT-0035]   Complete li1 (guide).
[INFO DRT-0035]   Complete mcon (guide).
[INFO DRT-0035]   Complete met1 (guide).
[INFO DRT-0035]   Complete via (guide).
[INFO DRT-0035]   Complete met2 (guide).
[INFO DRT-0035]   Complete via2 (guide).
[INFO DRT-0035]   Complete met3 (guide).
[INFO DRT-0035]   Complete via3 (guide).
[INFO DRT-0035]   Complete met4 (guide).
[INFO DRT-0035]   Complete via4 (guide).
[INFO DRT-0035]   Complete met5 (guide).
[INFO DRT-0036] FR_MASTERSLICE guide region query size = 0.
[INFO DRT-0036] FR_VIA guide region query size = 0.
[INFO DRT-0036] li1 guide region query size = 77053.
[INFO DRT-0036] mcon guide region query size = 0.
[INFO DRT-0036] met1 guide region query size = 68961.
[INFO DRT-0036] via guide region query size = 0.
[INFO DRT-0036] met2 guide region query size = 38650.
[INFO DRT-0036] via2 guide region query size = 0.
[INFO DRT-0036] met3 guide region query size = 7499.
[INFO DRT-0036] via3 guide region query size = 0.
[INFO DRT-0036] met4 guide region query size = 3335.
[INFO DRT-0036] via4 guide region query size = 0.
[INFO DRT-0036] met5 guide region query size = 171.
[INFO DRT-0179] Init gr pin query.
[INFO DRT-0267] cpu time = 00:00:01, elapsed time = 00:00:00, memory = 586.24 (MB), peak = 581.82 (MB)
[INFO DRT-0245] skipped writing guide updates to database.
[INFO DRT-0181] Start track assignment.
[INFO DRT-0184] Done with 119038 vertical wires in 2 frboxes and 76631 horizontal wires in 2 frboxes.
[INFO DRT-0186] Done with 21294 vertical wires in 2 frboxes and 25787 horizontal wires in 2 frboxes.
[INFO DRT-0182] Complete track assignment.
[INFO DRT-0267] cpu time = 00:00:08, elapsed time = 00:00:04, memory = 1097.76 (MB), peak = 1092.82 (MB)
[INFO DRT-0187] Start routing data preparation.
[INFO DRT-0267] cpu time = 00:00:00, elapsed time = 00:00:00, memory = 1097.76 (MB), peak = 1092.82 (MB)
[INFO DRT-0194] Start detail routing.
[INFO DRT-0195] Start 0th optimization iteration.
    Completing 10% with 0 violations.
    elapsed time = 00:00:08, memory = 3133.18 (MB).
    Completing 20% with 0 violations.
    elapsed time = 00:00:12, memory = 2833.22 (MB).
    Completing 30% with 7507 violations.
    elapsed time = 00:00:20, memory = 3760.14 (MB).
    Completing 40% with 7507 violations.
    elapsed time = 00:00:25, memory = 3627.05 (MB).
    Completing 50% with 7507 violations.
    elapsed time = 00:00:31, memory = 2959.55 (MB).
    Completing 60% with 15285 violations.
    elapsed time = 00:00:41, memory = 3910.54 (MB).
    Completing 70% with 15285 violations.
    elapsed time = 00:00:46, memory = 3415.05 (MB).
    Completing 80% with 22728 violations.
    elapsed time = 00:00:58, memory = 4426.48 (MB).
    Completing 90% with 22728 violations.
    elapsed time = 00:01:02, memory = 4023.27 (MB).
    Completing 100% with 30023 violations.
    elapsed time = 00:01:13, memory = 3103.02 (MB).
[INFO DRT-0199]   Number of violations = 33329.
Viol/Layer         li1   mcon   met1    via   met2   met3   met4   via4   met5
Cut Spacing          0     70      0      2      0      0      0      1      0
Metal Spacing        0      0   3888      0   1628    242     74      0      5
Min Hole             0      0     27      0      0      0      0      0      0
NS Metal             0      0      1      0      0      0      0      0      0
Recheck             32      0   1976      0    982    160    144      0     12
Short                0      6  19669     47   3935    268    141      2     17
[INFO DRT-0267] cpu time = 00:24:16, elapsed time = 00:01:13, memory = 3339.81 (MB), peak = 4464.51 (MB)
Total wire length = 1267013 um.
Total wire length on LAYER li1 = 0 um.
Total wire length on LAYER met1 = 443611 um.
Total wire length on LAYER met2 = 497577 um.
Total wire length on LAYER met3 = 169138 um.
Total wire length on LAYER met4 = 152983 um.
Total wire length on LAYER met5 = 3702 um.
Total number of vias = 230428.
Up-via summary (total 230428):

-------------------------
 FR_MASTERSLICE         0
            li1     97946
           met1    113210
           met2     13054
           met3      6022
           met4       196
-------------------------
               230428


[INFO DRT-0195] Start 1st optimization iteration.
    Completing 10% with 33329 violations.
    elapsed time = 00:00:07, memory = 4560.52 (MB).
    Completing 20% with 33329 violations.
    elapsed time = 00:00:12, memory = 3759.19 (MB).
    Completing 30% with 31292 violations.
    elapsed time = 00:00:19, memory = 4447.48 (MB).
    Completing 40% with 31292 violations.
    elapsed time = 00:00:24, memory = 4058.56 (MB).
    Completing 50% with 31292 violations.
    elapsed time = 00:00:33, memory = 3401.40 (MB).
    Completing 60% with 29017 violations.
    elapsed time = 00:00:41, memory = 4378.64 (MB).
    Completing 70% with 29017 violations.
    elapsed time = 00:00:46, memory = 3824.93 (MB).
    Completing 80% with 26383 violations.
    elapsed time = 00:00:56, memory = 4801.28 (MB).
    Completing 90% with 26383 violations.
    elapsed time = 00:01:00, memory = 4233.14 (MB).
    Completing 100% with 23038 violations.
    elapsed time = 00:01:07, memory = 3467.37 (MB).
[INFO DRT-0199]   Number of violations = 23043.
Viol/Layer        mcon   met1    via   met2   via2   met3   met4
Cut Spacing        125      0      2      0      1      0      0
Metal Spacing        0   3088      0    945      0    127     21
Min Hole             0      3      0      1      0      0      0
NS Metal             0      2      0      0      0      0      0
Recheck              0      4      0      1      0      0      0
Short                0  16571      1   2006      0     96     49
[INFO DRT-0267] cpu time = 00:21:51, elapsed time = 00:01:08, memory = 3470.73 (MB), peak = 4843.98 (MB)
Total wire length = 1255875 um.
Total wire length on LAYER li1 = 0 um.
Total wire length on LAYER met1 = 437636 um.
Total wire length on LAYER met2 = 493392 um.
Total wire length on LAYER met3 = 169078 um.
Total wire length on LAYER met4 = 152303 um.
Total wire length on LAYER met5 = 3464 um.
Total number of vias = 227529.
Up-via summary (total 227529):

-------------------------
 FR_MASTERSLICE         0
            li1     97956
           met1    110825
           met2     12730
           met3      5859
           met4       159
-------------------------
               227529


[INFO DRT-0195] Start 2nd optimization iteration.
    Completing 10% with 23043 violations.
    elapsed time = 00:00:04, memory = 4800.54 (MB).
    Completing 20% with 23043 violations.
    elapsed time = 00:00:07, memory = 4328.87 (MB).
    Completing 30% with 22807 violations.
    elapsed time = 00:00:15, memory = 4447.07 (MB).
    Completing 40% with 22807 violations.
    elapsed time = 00:00:21, memory = 4709.40 (MB).
    Completing 50% with 22807 violations.
    elapsed time = 00:00:27, memory = 3798.31 (MB).
    Completing 60% with 22833 violations.
    elapsed time = 00:00:37, memory = 4778.95 (MB).
    Completing 70% with 22833 violations.
    elapsed time = 00:00:41, memory = 4232.36 (MB).
    Completing 80% with 22354 violations.
    elapsed time = 00:00:52, memory = 4743.11 (MB).
    Completing 90% with 22354 violations.
    elapsed time = 00:00:59, memory = 4426.26 (MB).
    Completing 100% with 22562 violations.
    elapsed time = 00:01:06, memory = 3498.12 (MB).
[INFO DRT-0199]   Number of violations = 22562.
Viol/Layer        mcon   met1    via   met2   met3   met4
Cut Spacing        107      0      1      0      0      0
Metal Spacing        0   2974      0    879    107      3
Min Hole             0      1      0      0      0      0
Short                0  16595      1   1787     69     38
[INFO DRT-0267] cpu time = 00:22:38, elapsed time = 00:01:07, memory = 3498.12 (MB), peak = 4860.92 (MB)
Total wire length = 1253313 um.
Total wire length on LAYER li1 = 0 um.
Total wire length on LAYER met1 = 436426 um.
Total wire length on LAYER met2 = 492313 um.
Total wire length on LAYER met3 = 169037 um.
Total wire length on LAYER met4 = 152112 um.
Total wire length on LAYER met5 = 3422 um.
Total number of vias = 226876.
Up-via summary (total 226876):

-------------------------
 FR_MASTERSLICE         0
            li1     97938
           met1    110287
           met2     12717
           met3      5775
           met4       159
-------------------------
               226876


[INFO DRT-0195] Start 3rd optimization iteration.
    Completing 10% with 22562 violations.
    elapsed time = 00:00:08, memory = 4723.28 (MB).
    Completing 20% with 22562 violations.
    elapsed time = 00:00:12, memory = 3959.50 (MB).
    Completing 30% with 17954 violations.
    elapsed time = 00:00:32, memory = 4829.71 (MB).
    Completing 40% with 17954 violations.
    elapsed time = 00:00:39, memory = 4433.51 (MB).
    Completing 50% with 17954 violations.
    elapsed time = 00:00:53, memory = 3521.89 (MB).
    Completing 60% with 13171 violations.
    elapsed time = 00:01:02, memory = 4508.82 (MB).
    Completing 70% with 13171 violations.
    elapsed time = 00:01:07, memory = 3972.94 (MB).
    Completing 80% with 9168 violations.
    elapsed time = 00:01:21, memory = 4777.80 (MB).
    Completing 90% with 9168 violations.
    elapsed time = 00:01:28, memory = 4426.56 (MB).
    Completing 100% with 5286 violations.
    elapsed time = 00:01:44, memory = 3587.29 (MB).
[INFO DRT-0199]   Number of violations = 5290.
Viol/Layer        mcon   met1    via   met2   met3   met4
Cut Spacing         20      0      5      0      0      0
Metal Spacing        0   1335      0    317     28      1
Min Hole             0      1      0      1      0      0
Recheck              0      3      0      1      0      0
Short                0   3117      0    443     17      1
[INFO DRT-0267] cpu time = 00:24:55, elapsed time = 00:01:45, memory = 3587.29 (MB), peak = 4903.10 (MB)
Total wire length = 1252515 um.
Total wire length on LAYER li1 = 0 um.
Total wire length on LAYER met1 = 399113 um.
Total wire length on LAYER met2 = 485982 um.
Total wire length on LAYER met3 = 203479 um.
Total wire length on LAYER met4 = 160515 um.
Total wire length on LAYER met5 = 3425 um.
Total number of vias = 235319.
Up-via summary (total 235319):

-------------------------
 FR_MASTERSLICE         0
            li1     97938
           met1    111998
           met2     18619
           met3      6619
           met4       145
-------------------------
               235319


[INFO DRT-0195] Start 4th optimization iteration.
    Completing 10% with 5290 violations.
    elapsed time = 00:00:01, memory = 4694.47 (MB).
    Completing 20% with 5290 violations.
    elapsed time = 00:00:03, memory = 3953.64 (MB).
    Completing 30% with 4319 violations.
    elapsed time = 00:00:07, memory = 4764.41 (MB).
    Completing 40% with 4319 violations.
    elapsed time = 00:00:08, memory = 4326.82 (MB).
    Completing 50% with 4319 violations.
    elapsed time = 00:00:15, memory = 3588.43 (MB).
    Completing 60% with 3583 violations.
    elapsed time = 00:00:17, memory = 4544.59 (MB).
    Completing 70% with 3583 violations.
    elapsed time = 00:00:19, memory = 4021.08 (MB).
    Completing 80% with 2429 violations.
    elapsed time = 00:00:24, memory = 4815.30 (MB).
    Completing 90% with 2429 violations.
    elapsed time = 00:00:25, memory = 4316.25 (MB).
    Completing 100% with 1191 violations.
    elapsed time = 00:00:35, memory = 3629.11 (MB).
[INFO DRT-0199]   Number of violations = 1191.
Viol/Layer        mcon   met1   met2   met3
Cut Spacing         10      0      0      0
Metal Spacing        0    397     49      7
Min Hole             0      1      1      0
Short                0    651     68      7
[INFO DRT-0267] cpu time = 00:06:57, elapsed time = 00:00:36, memory = 3568.65 (MB), peak = 4903.10 (MB)
Total wire length = 1252512 um.
Total wire length on LAYER li1 = 0 um.
Total wire length on LAYER met1 = 395157 um.
Total wire length on LAYER met2 = 485081 um.
Total wire length on LAYER met3 = 206961 um.
Total wire length on LAYER met4 = 161891 um.
Total wire length on LAYER met5 = 3419 um.
Total number of vias = 236252.
Up-via summary (total 236252):

-------------------------
 FR_MASTERSLICE         0
            li1     97932
           met1    112204
           met2     19220
           met3      6753
           met4       143
-------------------------
               236252


[INFO DRT-0195] Start 5th optimization iteration.
    Completing 10% with 1191 violations.
    elapsed time = 00:00:00, memory = 3568.65 (MB).
    Completing 20% with 1191 violations.
    elapsed time = 00:00:01, memory = 4007.59 (MB).
    Completing 30% with 916 violations.
    elapsed time = 00:00:09, memory = 3568.65 (MB).
    Completing 40% with 916 violations.
    elapsed time = 00:00:09, memory = 4380.17 (MB).
    Completing 50% with 916 violations.
    elapsed time = 00:00:19, memory = 3568.65 (MB).
    Completing 60% with 729 violations.
    elapsed time = 00:00:19, memory = 3568.65 (MB).
    Completing 70% with 729 violations.
    elapsed time = 00:00:20, memory = 3979.71 (MB).
    Completing 80% with 638 violations.
    elapsed time = 00:00:26, memory = 3568.65 (MB).
    Completing 90% with 638 violations.
    elapsed time = 00:00:26, memory = 4206.69 (MB).
    Completing 100% with 393 violations.
    elapsed time = 00:00:35, memory = 3570.88 (MB).
[INFO DRT-0199]   Number of violations = 393.
Viol/Layer        mcon   met1   met2
Cut Spacing          4      0      0
Metal Spacing        0    133     24
Short                0    210     22
[INFO DRT-0267] cpu time = 00:02:53, elapsed time = 00:00:35, memory = 3570.98 (MB), peak = 4903.10 (MB)
Total wire length = 1252519 um.
Total wire length on LAYER li1 = 0 um.
Total wire length on LAYER met1 = 394553 um.
Total wire length on LAYER met2 = 484902 um.
Total wire length on LAYER met3 = 207491 um.
Total wire length on LAYER met4 = 162152 um.
Total wire length on LAYER met5 = 3419 um.
Total number of vias = 236402.
Up-via summary (total 236402):

-------------------------
 FR_MASTERSLICE         0
            li1     97933
           met1    112249
           met2     19289
           met3      6788
           met4       143
-------------------------
               236402


[INFO DRT-0195] Start 6th optimization iteration.
    Completing 10% with 393 violations.
    elapsed time = 00:00:00, memory = 3570.98 (MB).
    Completing 20% with 393 violations.
    elapsed time = 00:00:00, memory = 3998.64 (MB).
    Completing 30% with 297 violations.
    elapsed time = 00:00:05, memory = 3570.98 (MB).
    Completing 40% with 297 violations.
    elapsed time = 00:00:05, memory = 3570.98 (MB).
    Completing 50% with 297 violations.
    elapsed time = 00:00:16, memory = 3572.43 (MB).
    Completing 60% with 283 violations.
    elapsed time = 00:00:16, memory = 3572.43 (MB).
    Completing 70% with 283 violations.
    elapsed time = 00:00:16, memory = 3572.43 (MB).
    Completing 80% with 246 violations.
    elapsed time = 00:00:21, memory = 3572.43 (MB).
    Completing 90% with 246 violations.
    elapsed time = 00:00:21, memory = 3576.31 (MB).
    Completing 100% with 180 violations.
    elapsed time = 00:00:27, memory = 3572.43 (MB).
[INFO DRT-0199]   Number of violations = 180.
Viol/Layer        mcon   met1   met2
Cut Spacing          2      0      0
Metal Spacing        0     71     14
Short                0     79     14
[INFO DRT-0267] cpu time = 00:01:18, elapsed time = 00:00:27, memory = 3572.43 (MB), peak = 4903.10 (MB)
Total wire length = 1252616 um.
Total wire length on LAYER li1 = 0 um.
Total wire length on LAYER met1 = 394430 um.
Total wire length on LAYER met2 = 484915 um.
Total wire length on LAYER met3 = 207617 um.
Total wire length on LAYER met4 = 162233 um.
Total wire length on LAYER met5 = 3419 um.
Total number of vias = 236438.
Up-via summary (total 236438):

-------------------------
 FR_MASTERSLICE         0
            li1     97930
           met1    112261
           met2     19303
           met3      6801
           met4       143
-------------------------
               236438


[INFO DRT-0195] Start 7th optimization iteration.
    Completing 10% with 180 violations.
    elapsed time = 00:00:00, memory = 3572.43 (MB).
    Completing 20% with 180 violations.
    elapsed time = 00:00:00, memory = 3572.43 (MB).
    Completing 30% with 169 violations.
    elapsed time = 00:00:06, memory = 3572.43 (MB).
    Completing 40% with 169 violations.
    elapsed time = 00:00:06, memory = 3572.43 (MB).
    Completing 50% with 169 violations.
    elapsed time = 00:00:11, memory = 3572.43 (MB).
    Completing 60% with 151 violations.
    elapsed time = 00:00:11, memory = 3572.43 (MB).
    Completing 70% with 151 violations.
    elapsed time = 00:00:11, memory = 3572.43 (MB).
    Completing 80% with 143 violations.
    elapsed time = 00:00:17, memory = 3572.43 (MB).
    Completing 90% with 143 violations.
    elapsed time = 00:00:17, memory = 3575.68 (MB).
    Completing 100% with 132 violations.
    elapsed time = 00:00:19, memory = 3572.43 (MB).
[INFO DRT-0199]   Number of violations = 132.
Viol/Layer        met1   met2
Metal Spacing       47     10
Short               67      8
[INFO DRT-0267] cpu time = 00:00:51, elapsed time = 00:00:19, memory = 3572.43 (MB), peak = 4903.10 (MB)
Total wire length = 1252612 um.
Total wire length on LAYER li1 = 0 um.
Total wire length on LAYER met1 = 394380 um.
Total wire length on LAYER met2 = 484803 um.
Total wire length on LAYER met3 = 207674 um.
Total wire length on LAYER met4 = 162334 um.
Total wire length on LAYER met5 = 3419 um.
Total number of vias = 236458.
Up-via summary (total 236458):

-------------------------
 FR_MASTERSLICE         0
            li1     97932
           met1    112260
           met2     19314
           met3      6809
           met4       143
-------------------------
               236458


[INFO DRT-0195] Start 8th optimization iteration.
    Completing 10% with 132 violations.
    elapsed time = 00:00:00, memory = 3572.43 (MB).
    Completing 20% with 132 violations.
    elapsed time = 00:00:00, memory = 3572.43 (MB).
    Completing 30% with 119 violations.
    elapsed time = 00:00:02, memory = 3572.43 (MB).
    Completing 40% with 119 violations.
    elapsed time = 00:00:02, memory = 3572.43 (MB).
    Completing 50% with 119 violations.
    elapsed time = 00:00:02, memory = 3572.43 (MB).
    Completing 60% with 116 violations.
    elapsed time = 00:00:14, memory = 3572.43 (MB).
    Completing 70% with 116 violations.
    elapsed time = 00:00:14, memory = 3572.43 (MB).
    Completing 80% with 107 violations.
    elapsed time = 00:00:15, memory = 3572.43 (MB).
    Completing 90% with 107 violations.
    elapsed time = 00:00:15, memory = 3572.43 (MB).
    Completing 100% with 86 violations.
    elapsed time = 00:00:17, memory = 3572.43 (MB).
[INFO DRT-0199]   Number of violations = 86.
Viol/Layer        mcon   met1   met2
Cut Spacing          1      0      0
Metal Spacing        0     36      0
Short                0     38     11
[INFO DRT-0267] cpu time = 00:00:38, elapsed time = 00:00:17, memory = 3572.43 (MB), peak = 4903.10 (MB)
Total wire length = 1252665 um.
Total wire length on LAYER li1 = 0 um.
Total wire length on LAYER met1 = 394363 um.
Total wire length on LAYER met2 = 484797 um.
Total wire length on LAYER met3 = 207719 um.
Total wire length on LAYER met4 = 162377 um.
Total wire length on LAYER met5 = 3406 um.
Total number of vias = 236463.
Up-via summary (total 236463):

-------------------------
 FR_MASTERSLICE         0
            li1     97931
           met1    112259
           met2     19317
           met3      6815
           met4       141
-------------------------
               236463


[INFO DRT-0195] Start 9th guides tiles iteration.
    Completing 10% with 86 violations.
    elapsed time = 00:00:00, memory = 3611.16 (MB).
    Completing 20% with 86 violations.
    elapsed time = 00:00:00, memory = 3611.16 (MB).
    Completing 30% with 86 violations.
    elapsed time = 00:00:00, memory = 3611.16 (MB).
    Completing 40% with 86 violations.
    elapsed time = 00:00:01, memory = 3611.16 (MB).
    Completing 50% with 72 violations.
    elapsed time = 00:00:05, memory = 3572.43 (MB).
    Completing 60% with 72 violations.
    elapsed time = 00:00:05, memory = 3630.90 (MB).
    Completing 70% with 72 violations.
    elapsed time = 00:00:05, memory = 3630.90 (MB).
    Completing 80% with 72 violations.
    elapsed time = 00:00:08, memory = 3572.43 (MB).
    Completing 90% with 32 violations.
    elapsed time = 00:00:08, memory = 3572.43 (MB).
    Completing 100% with 32 violations.
    elapsed time = 00:00:08, memory = 3572.43 (MB).
[INFO DRT-0199]   Number of violations = 32.
Viol/Layer        met1   met2
Metal Spacing       13      0
Short               11      8
[INFO DRT-0267] cpu time = 00:00:15, elapsed time = 00:00:08, memory = 3572.43 (MB), peak = 4903.10 (MB)
Total wire length = 1252653 um.
Total wire length on LAYER li1 = 0 um.
Total wire length on LAYER met1 = 394356 um.
Total wire length on LAYER met2 = 484753 um.
Total wire length on LAYER met3 = 207720 um.
Total wire length on LAYER met4 = 162416 um.
Total wire length on LAYER met5 = 3406 um.
Total number of vias = 236469.
Up-via summary (total 236469):

-------------------------
 FR_MASTERSLICE         0
            li1     97934
           met1    112255
           met2     19320
           met3      6819
           met4       141
-------------------------
               236469


[INFO DRT-0195] Start 10th guides tiles iteration.
    Completing 10% with 32 violations.
    elapsed time = 00:00:00, memory = 3611.16 (MB).
    Completing 20% with 32 violations.
    elapsed time = 00:00:00, memory = 3611.16 (MB).
    Completing 30% with 32 violations.
    elapsed time = 00:00:00, memory = 3611.16 (MB).
    Completing 40% with 32 violations.
    elapsed time = 00:00:00, memory = 3611.16 (MB).
    Completing 50% with 32 violations.
    elapsed time = 00:00:01, memory = 3572.43 (MB).
    Completing 60% with 10 violations.
    elapsed time = 00:00:01, memory = 3572.43 (MB).
    Completing 70% with 10 violations.
    elapsed time = 00:00:01, memory = 3572.43 (MB).
    Completing 80% with 10 violations.
    elapsed time = 00:00:01, memory = 3572.43 (MB).
    Completing 90% with 10 violations.
    elapsed time = 00:00:01, memory = 3572.43 (MB).
    Completing 100% with 5 violations.
    elapsed time = 00:00:01, memory = 3572.43 (MB).
[INFO DRT-0199]   Number of violations = 5.
Viol/Layer        met1
Metal Spacing        3
Short                2
[INFO DRT-0267] cpu time = 00:00:04, elapsed time = 00:00:01, memory = 3572.43 (MB), peak = 4903.10 (MB)
Total wire length = 1252708 um.
Total wire length on LAYER li1 = 0 um.
Total wire length on LAYER met1 = 394375 um.
Total wire length on LAYER met2 = 484749 um.
Total wire length on LAYER met3 = 207737 um.
Total wire length on LAYER met4 = 162439 um.
Total wire length on LAYER met5 = 3406 um.
Total number of vias = 236492.
Up-via summary (total 236492):

-------------------------
 FR_MASTERSLICE         0
            li1     97934
           met1    112266
           met2     19328
           met3      6823
           met4       141
-------------------------
               236492


[INFO DRT-0195] Start 11th guides tiles iteration.
    Completing 20% with 5 violations.
    elapsed time = 00:00:00, memory = 3572.43 (MB).
    Completing 50% with 5 violations.
    elapsed time = 00:00:00, memory = 3572.43 (MB).
    Completing 70% with 5 violations.
    elapsed time = 00:00:00, memory = 3572.43 (MB).
    Completing 100% with 2 violations.
    elapsed time = 00:00:00, memory = 3572.43 (MB).
[INFO DRT-0199]   Number of violations = 2.
Viol/Layer        met1
Short                2
[INFO DRT-0267] cpu time = 00:00:01, elapsed time = 00:00:00, memory = 3572.43 (MB), peak = 4903.10 (MB)
Total wire length = 1252711 um.
Total wire length on LAYER li1 = 0 um.
Total wire length on LAYER met1 = 394372 um.
Total wire length on LAYER met2 = 484748 um.
Total wire length on LAYER met3 = 207744 um.
Total wire length on LAYER met4 = 162439 um.
Total wire length on LAYER met5 = 3406 um.
Total number of vias = 236492.
Up-via summary (total 236492):

-------------------------
 FR_MASTERSLICE         0
            li1     97934
           met1    112264
           met2     19330
           met3      6823
           met4       141
-------------------------
               236492


[INFO DRT-0195] Start 12th guides tiles iteration.
    Completing 50% with 2 violations.
    elapsed time = 00:00:00, memory = 3572.43 (MB).
    Completing 100% with 2 violations.
    elapsed time = 00:00:00, memory = 3572.43 (MB).
[INFO DRT-0199]   Number of violations = 2.
Viol/Layer        met1
Short                2
[INFO DRT-0267] cpu time = 00:00:00, elapsed time = 00:00:00, memory = 3572.43 (MB), peak = 4903.10 (MB)
Total wire length = 1252711 um.
Total wire length on LAYER li1 = 0 um.
Total wire length on LAYER met1 = 394372 um.
Total wire length on LAYER met2 = 484748 um.
Total wire length on LAYER met3 = 207744 um.
Total wire length on LAYER met4 = 162439 um.
Total wire length on LAYER met5 = 3406 um.
Total number of vias = 236492.
Up-via summary (total 236492):

-------------------------
 FR_MASTERSLICE         0
            li1     97934
           met1    112264
           met2     19330
           met3      6823
           met4       141
-------------------------
               236492


[INFO DRT-0195] Start 13th stubborn tiles iteration.
    Completing 10% with 2 violations.
    elapsed time = 00:00:00, memory = 4747.34 (MB).
    Completing 20% with 2 violations.
    elapsed time = 00:00:00, memory = 4696.40 (MB).
    Completing 30% with 2 violations.
    elapsed time = 00:00:00, memory = 4309.77 (MB).
    Completing 40% with 2 violations.
    elapsed time = 00:00:00, memory = 3959.09 (MB).
    Completing 50% with 2 violations.
    elapsed time = 00:00:01, memory = 3572.43 (MB).
    Completing 60% with 1 violations.
    elapsed time = 00:00:02, memory = 4942.29 (MB).
    Completing 70% with 1 violations.
    elapsed time = 00:00:02, memory = 4761.77 (MB).
    Completing 80% with 1 violations.
    elapsed time = 00:00:02, memory = 4342.49 (MB).
    Completing 90% with 1 violations.
    elapsed time = 00:00:05, memory = 3972.46 (MB).
    Completing 100% with 0 violations.
    elapsed time = 00:00:12, memory = 3572.43 (MB).
[INFO DRT-0199]   Number of violations = 0.
[INFO DRT-0267] cpu time = 00:02:22, elapsed time = 00:00:12, memory = 3572.43 (MB), peak = 5046.89 (MB)
Total wire length = 1252707 um.
Total wire length on LAYER li1 = 0 um.
Total wire length on LAYER met1 = 394347 um.
Total wire length on LAYER met2 = 484728 um.
Total wire length on LAYER met3 = 207773 um.
Total wire length on LAYER met4 = 162451 um.
Total wire length on LAYER met5 = 3406 um.
Total number of vias = 236505.
Up-via summary (total 236505):

-------------------------
 FR_MASTERSLICE         0
            li1     97934
           met1    112266
           met2     19333
           met3      6831
           met4       141
-------------------------
               236505


[INFO DRT-0198] Complete detail routing.
Total wire length = 1252707 um.
Total wire length on LAYER li1 = 0 um.
Total wire length on LAYER met1 = 394347 um.
Total wire length on LAYER met2 = 484728 um.
Total wire length on LAYER met3 = 207773 um.
Total wire length on LAYER met4 = 162451 um.
Total wire length on LAYER met5 = 3406 um.
Total number of vias = 236505.
Up-via summary (total 236505):

-------------------------
 FR_MASTERSLICE         0
            li1     97934
           met1    112266
           met2     19333
           met3      6831
           met4       141
-------------------------
               236505


[INFO DRT-0267] cpu time = 01:49:08, elapsed time = 00:07:54, memory = 3572.43 (MB), peak = 5046.89 (MB)

[INFO DRT-0180] Post processing.
[INFO DRT-0501] Runtime: 494.92s
Took 495 seconds: detailed_route -output_drc /work/reports/sky130hd/m7_j1/p16p0/5_route_drc.rpt -output_maze /work/results/sky130hd/m7_j1/p16p0/maze.log -droute_end_iter 64 -verbose 1 -drc_report_iter_step 5
[INFO GRT-0012] Found 84 antenna violations.
[INFO DPL-0006] Core area: 416927.37 um^2
[INFO DPL-0007] Movable instances area: 2.50 um^2
[INFO DPL-0008] Fixed instances area within core: 241944.54 um^2
[INFO DPL-0009] Utilization: 58.0%
[INFO DPL-0005] Diamond search max displacement: +/- 500 sites horizontally, +/- 100 rows vertically.
[INFO DPL-1102] Legalizing using negotiation legalizer.
[INFO DPL-1103] Negotiation base search window: +/-20 sites horizontally, +/-5 rows vertically 
	Automatic search window extension enabled.
	Search window extendable up to the max displacement cap of +/-500 sites, +/-100 rows near walls.
[INFO DPL-1104] NegotiationLegalizer DRC penalty: 5.
[INFO DPL-0392] Negotiation cell height distribution (1 unique row-count(s)):
[INFO DPL-0393]   height 1 row(s): 33013 cells
          |      Total |  Illegal |  Illegal
Iteration | Violations |    Cells |    Sites
---------------------------------------------
        0 |          0 |         0 |         0
Negotiation phase 1 converged at iteration 0.
[INFO DPL-0500] Runtime: 0.07s
[INFO GRT-0015] Inserted 119 diodes.
[WARNING DRT-0120] Large net net3313 has 127 pins which may impact routing performance. Consider optimization.
[WARNING DRT-0120] Large net net3321 has 149 pins which may impact routing performance. Consider optimization.
[WARNING DRT-0120] Large net net3325 has 153 pins which may impact routing performance. Consider optimization.
[WARNING DRT-0120] Large net net3328 has 176 pins which may impact routing performance. Consider optimization.
[WARNING DRT-0120] Large net net3330 has 188 pins which may impact routing performance. Consider optimization.
[INFO DRT-0024]   Complete FR_MASTERSLICE.
[INFO DRT-0024]   Complete Fr_VIA.
[INFO DRT-0024]   Complete li1.
[INFO DRT-0024]   Complete mcon.
[INFO DRT-0024]   Complete met1.
[INFO DRT-0024]   Complete via.
[INFO DRT-0024]   Complete met2.
[INFO DRT-0024]   Complete via2.
[INFO DRT-0024]   Complete met3.
[INFO DRT-0024]   Complete via3.
[INFO DRT-0024]   Complete met4.
[INFO DRT-0024]   Complete via4.
[INFO DRT-0024]   Complete met5.
[INFO DRT-0165] Start pin access.
[INFO DRT-0076]   Complete 1000 pins.
[INFO DRT-0076]   Complete 2000 pins.
[INFO DRT-0078]   Complete 2189 pins.
[INFO DRT-0079]   Complete 100 unique inst patterns.
[INFO DRT-0079]   Complete 200 unique inst patterns.
[INFO DRT-0081]   Complete 272 unique inst patterns.
[INFO DRT-0082]   Complete 10000 groups.
[INFO DRT-0084]   Complete 16816 groups.
#scanned instances     = 33013
#unique  instances     = 272
#stdCellGenAp          = 8826
#stdCellValidPlanarAp  = 117
#stdCellValidViaAp     = 6441
#stdCellPinNoAp        = 0
#stdCellPinCnt         = 99284
#instTermValidViaApCnt = 0
#macroGenAp            = 0
#macroValidPlanarAp    = 0
#macroValidViaAp       = 0
#macroNoAp             = 0
[INFO DRT-0166] Complete pin access.
[INFO DRT-0267] cpu time = 00:07:34, elapsed time = 00:00:16, memory = 3118.18 (MB), peak = 5046.89 (MB)
[INFO DRT-0156] guideIn read 100000 guides.
[INFO DRT-0156] guideIn read 200000 guides.

[INFO DRT-0157] Number of guides:     241930

[INFO DRT-0169] Post process guides.
[INFO DRT-0176] GCELLGRID X 0 DO 94 STEP 6900 ;
[INFO DRT-0177] GCELLGRID Y 0 DO 94 STEP 6900 ;
[INFO DRT-0026]   Complete 100000 origin guides.
[INFO DRT-0026]   Complete 200000 origin guides.
[INFO DRT-0028]   Complete FR_MASTERSLICE.
[INFO DRT-0028]   Complete Fr_VIA.
[INFO DRT-0028]   Complete li1.
[INFO DRT-0028]   Complete mcon.
[INFO DRT-0028]   Complete met1.
[INFO DRT-0028]   Complete via.
[INFO DRT-0028]   Complete met2.
[INFO DRT-0028]   Complete via2.
[INFO DRT-0028]   Complete met3.
[INFO DRT-0028]   Complete via3.
[INFO DRT-0028]   Complete met4.
[INFO DRT-0028]   Complete via4.
[INFO DRT-0028]   Complete met5.
[INFO DRT-0178] Init guide query.
[INFO DRT-0035]   Complete FR_MASTERSLICE (guide).
[INFO DRT-0035]   Complete Fr_VIA (guide).
[INFO DRT-0035]   Complete li1 (guide).
[INFO DRT-0035]   Complete mcon (guide).
[INFO DRT-0035]   Complete met1 (guide).
[INFO DRT-0035]   Complete via (guide).
[INFO DRT-0035]   Complete met2 (guide).
[INFO DRT-0035]   Complete via2 (guide).
[INFO DRT-0035]   Complete met3 (guide).
[INFO DRT-0035]   Complete via3 (guide).
[INFO DRT-0035]   Complete met4 (guide).
[INFO DRT-0035]   Complete via4 (guide).
[INFO DRT-0035]   Complete met5 (guide).
[INFO DRT-0036] FR_MASTERSLICE guide region query size = 0.
[INFO DRT-0036] FR_VIA guide region query size = 0.
[INFO DRT-0036] li1 guide region query size = 77085.
[INFO DRT-0036] mcon guide region query size = 0.
[INFO DRT-0036] met1 guide region query size = 68985.
[INFO DRT-0036] via guide region query size = 0.
[INFO DRT-0036] met2 guide region query size = 38508.
[INFO DRT-0036] via2 guide region query size = 0.
[INFO DRT-0036] met3 guide region query size = 6974.
[INFO DRT-0036] via3 guide region query size = 0.
[INFO DRT-0036] met4 guide region query size = 2930.
[INFO DRT-0036] via4 guide region query size = 0.
[INFO DRT-0036] met5 guide region query size = 91.
[INFO DRT-0179] Init gr pin query.
[INFO DRT-0267] cpu time = 00:00:01, elapsed time = 00:00:00, memory = 3118.18 (MB), peak = 5046.89 (MB)
[INFO DRT-0245] skipped writing guide updates to database.
[INFO DRT-0181] Start track assignment.
[INFO DRT-0184] Done with 118523 vertical wires in 2 frboxes and 76050 horizontal wires in 2 frboxes.
[INFO DRT-0186] Done with 21482 vertical wires in 2 frboxes and 26064 horizontal wires in 2 frboxes.
[INFO DRT-0182] Complete track assignment.
[INFO DRT-0267] cpu time = 00:00:08, elapsed time = 00:00:04, memory = 3216.69 (MB), peak = 5046.89 (MB)
[INFO DRT-0187] Start routing data preparation.
[INFO DRT-0267] cpu time = 00:00:00, elapsed time = 00:00:00, memory = 3216.69 (MB), peak = 5046.89 (MB)
[INFO DRT-0194] Start detail routing.
[INFO DRT-0195] Start 0th optimization iteration.
    Completing 10% with 0 violations.
    elapsed time = 00:00:02, memory = 4015.67 (MB).
    Completing 20% with 0 violations.
    elapsed time = 00:00:04, memory = 3588.77 (MB).
    Completing 30% with 3373 violations.
    elapsed time = 00:00:09, memory = 4313.81 (MB).
    Completing 40% with 3373 violations.
    elapsed time = 00:00:11, memory = 4001.43 (MB).
    Completing 50% with 3373 violations.
    elapsed time = 00:00:20, memory = 3369.81 (MB).
    Completing 60% with 7160 violations.
    elapsed time = 00:00:23, memory = 4150.73 (MB).
    Completing 70% with 7160 violations.
    elapsed time = 00:00:24, memory = 3705.41 (MB).
    Completing 80% with 9859 violations.
    elapsed time = 00:00:32, memory = 4580.23 (MB).
    Completing 90% with 9859 violations.
    elapsed time = 00:00:34, memory = 4049.88 (MB).
    Completing 100% with 12668 violations.
    elapsed time = 00:00:40, memory = 3427.95 (MB).
[INFO DRT-0199]   Number of violations = 13811.
Viol/Layer         li1   mcon   met1    via   met2   met3   met4   met5
Cut Spacing          0      3      0      1      0      0      0      0
Metal Spacing        0      0    633      0    863     94     17      1
Min Hole             0      0      2      0      0      0      0      0
Recheck              2      0    526      0    455    110     49      1
Short                0      1   5801      8   4653    404    187      0
[INFO DRT-0267] cpu time = 00:07:52, elapsed time = 00:00:40, memory = 3577.11 (MB), peak = 5046.89 (MB)
Total wire length = 1255041 um.
Total wire length on LAYER li1 = 0 um.
Total wire length on LAYER met1 = 410010 um.
Total wire length on LAYER met2 = 499687 um.
Total wire length on LAYER met3 = 191071 um.
Total wire length on LAYER met4 = 151392 um.
Total wire length on LAYER met5 = 2878 um.
Total number of vias = 236413.
Up-via summary (total 236413):

-------------------------
 FR_MASTERSLICE         0
            li1     98109
           met1    113436
           met2     18400
           met3      6344
           met4       124
-------------------------
               236413


[INFO DRT-0195] Start 1st optimization iteration.
    Completing 10% with 13811 violations.
    elapsed time = 00:00:01, memory = 4635.03 (MB).
    Completing 20% with 13811 violations.
    elapsed time = 00:00:02, memory = 3979.71 (MB).
    Completing 30% with 12312 violations.
    elapsed time = 00:00:07, memory = 4587.63 (MB).
    Completing 40% with 12312 violations.
    elapsed time = 00:00:08, memory = 4278.88 (MB).
    Completing 50% with 12312 violations.
    elapsed time = 00:00:15, memory = 3598.56 (MB).
    Completing 60% with 10572 violations.
    elapsed time = 00:00:16, memory = 4380.70 (MB).
    Completing 70% with 10572 violations.
    elapsed time = 00:00:18, memory = 4003.84 (MB).
    Completing 80% with 9144 violations.
    elapsed time = 00:00:23, memory = 4785.00 (MB).
    Completing 90% with 9144 violations.
    elapsed time = 00:00:24, memory = 4252.20 (MB).
    Completing 100% with 7333 violations.
    elapsed time = 00:00:30, memory = 3613.02 (MB).
[INFO DRT-0199]   Number of violations = 7333.
Viol/Layer        mcon   met1   met2   met3   met4
Cut Spacing          2      0      0      0      0
Metal Spacing        0    419    683     44      0
Short                0   3780   2237    119     49
[INFO DRT-0267] cpu time = 00:05:45, elapsed time = 00:00:30, memory = 3613.02 (MB), peak = 5046.89 (MB)
Total wire length = 1252482 um.
Total wire length on LAYER li1 = 0 um.
Total wire length on LAYER met1 = 408249 um.
Total wire length on LAYER met2 = 497954 um.
Total wire length on LAYER met3 = 191467 um.
Total wire length on LAYER met4 = 151940 um.
Total wire length on LAYER met5 = 2870 um.
Total number of vias = 235905.
Up-via summary (total 235905):

-------------------------
 FR_MASTERSLICE         0
            li1     98109
           met1    112907
           met2     18413
           met3      6354
           met4       122
-------------------------
               235905


[INFO DRT-0195] Start 2nd optimization iteration.
    Completing 10% with 7333 violations.
    elapsed time = 00:00:00, memory = 4772.68 (MB).
    Completing 20% with 7333 violations.
    elapsed time = 00:00:01, memory = 4347.69 (MB).
    Completing 30% with 7143 violations.
    elapsed time = 00:00:05, memory = 3613.02 (MB).
    Completing 40% with 7143 violations.
    elapsed time = 00:00:06, memory = 4605.08 (MB).
    Completing 50% with 7143 violations.
    elapsed time = 00:00:08, memory = 3869.88 (MB).
    Completing 60% with 7032 violations.
    elapsed time = 00:00:11, memory = 3613.02 (MB).
    Completing 70% with 7032 violations.
    elapsed time = 00:00:13, memory = 4243.60 (MB).
    Completing 80% with 6744 violations.
    elapsed time = 00:00:16, memory = 3613.02 (MB).
    Completing 90% with 6744 violations.
    elapsed time = 00:00:18, memory = 4412.23 (MB).
    Completing 100% with 6485 violations.
    elapsed time = 00:00:22, memory = 3613.02 (MB).
[INFO DRT-0199]   Number of violations = 6485.
Viol/Layer        met1    via   met2   met3   met4
Cut Spacing          0      1      0      0      0
Metal Spacing      421      0    641     58      1
Short             3315      1   1912     92     43
[INFO DRT-0267] cpu time = 00:04:31, elapsed time = 00:00:22, memory = 3613.02 (MB), peak = 5046.89 (MB)
Total wire length = 1251960 um.
Total wire length on LAYER li1 = 0 um.
Total wire length on LAYER met1 = 407790 um.
Total wire length on LAYER met2 = 497825 um.
Total wire length on LAYER met3 = 191500 um.
Total wire length on LAYER met4 = 151973 um.
Total wire length on LAYER met5 = 2870 um.
Total number of vias = 235780.
Up-via summary (total 235780):

-------------------------
 FR_MASTERSLICE         0
            li1     98109
           met1    112808
           met2     18401
           met3      6340
           met4       122
-------------------------
               235780


[INFO DRT-0195] Start 3rd optimization iteration.
    Completing 10% with 6485 violations.
    elapsed time = 00:00:01, memory = 4607.91 (MB).
    Completing 20% with 6485 violations.
    elapsed time = 00:00:04, memory = 3942.68 (MB).
    Completing 30% with 5532 violations.
    elapsed time = 00:00:10, memory = 3617.37 (MB).
    Completing 40% with 5532 violations.
    elapsed time = 00:00:12, memory = 4412.26 (MB).
    Completing 50% with 5532 violations.
    elapsed time = 00:00:32, memory = 3618.91 (MB).
    Completing 60% with 4155 violations.
    elapsed time = 00:00:33, memory = 4391.69 (MB).
    Completing 70% with 4155 violations.
    elapsed time = 00:00:37, memory = 3980.40 (MB).
    Completing 80% with 3059 violations.
    elapsed time = 00:00:45, memory = 3620.50 (MB).
    Completing 90% with 3059 violations.
    elapsed time = 00:00:46, memory = 4360.83 (MB).
    Completing 100% with 1742 violations.
    elapsed time = 00:01:00, memory = 3620.91 (MB).
[INFO DRT-0199]   Number of violations = 1742.
Viol/Layer        mcon   met1    via   met2   via2   met3   met4
Cut Spacing          6      0      3      0      1      0      0
Metal Spacing        0    394      0    156      0     18      1
Short                0    732      0    400      0     26      5
[INFO DRT-0267] cpu time = 00:09:15, elapsed time = 00:01:00, memory = 3623.91 (MB), peak = 5046.89 (MB)
Total wire length = 1252163 um.
Total wire length on LAYER li1 = 0 um.
Total wire length on LAYER met1 = 398631 um.
Total wire length on LAYER met2 = 490137 um.
Total wire length on LAYER met3 = 200698 um.
Total wire length on LAYER met4 = 159811 um.
Total wire length on LAYER met5 = 2883 um.
Total number of vias = 238382.
Up-via summary (total 238382):

-------------------------
 FR_MASTERSLICE         0
            li1     98100
           met1    113294
           met2     19920
           met3      6946
           met4       122
-------------------------
               238382


[INFO DRT-0195] Start 4th optimization iteration.
    Completing 10% with 1742 violations.
    elapsed time = 00:00:00, memory = 3623.91 (MB).
    Completing 20% with 1742 violations.
    elapsed time = 00:00:00, memory = 3959.75 (MB).
    Completing 30% with 1571 violations.
    elapsed time = 00:00:02, memory = 3623.91 (MB).
    Completing 40% with 1571 violations.
    elapsed time = 00:00:02, memory = 3623.91 (MB).
    Completing 50% with 1571 violations.
    elapsed time = 00:00:14, memory = 3623.91 (MB).
    Completing 60% with 998 violations.
    elapsed time = 00:00:14, memory = 3623.91 (MB).
    Completing 70% with 998 violations.
    elapsed time = 00:00:15, memory = 3852.31 (MB).
    Completing 80% with 624 violations.
    elapsed time = 00:00:20, memory = 3630.27 (MB).
    Completing 90% with 624 violations.
    elapsed time = 00:00:20, memory = 4251.73 (MB).
    Completing 100% with 335 violations.
    elapsed time = 00:00:27, memory = 3630.27 (MB).
[INFO DRT-0199]   Number of violations = 335.
Viol/Layer        mcon   met1   met2   met3
Cut Spacing          2      0      0      0
Metal Spacing        0    113     30      2
Short                0    135     53      0
[INFO DRT-0267] cpu time = 00:02:05, elapsed time = 00:00:27, memory = 3630.27 (MB), peak = 5046.89 (MB)
Total wire length = 1252048 um.
Total wire length on LAYER li1 = 0 um.
Total wire length on LAYER met1 = 397566 um.
Total wire length on LAYER met2 = 489083 um.
Total wire length on LAYER met3 = 201691 um.
Total wire length on LAYER met4 = 160823 um.
Total wire length on LAYER met5 = 2883 um.
Total number of vias = 238539.
Up-via summary (total 238539):

-------------------------
 FR_MASTERSLICE         0
            li1     98104
           met1    113258
           met2     20031
           met3      7024
           met4       122
-------------------------
               238539


[INFO DRT-0195] Start 5th optimization iteration.
    Completing 10% with 335 violations.
    elapsed time = 00:00:00, memory = 3630.27 (MB).
    Completing 20% with 335 violations.
    elapsed time = 00:00:00, memory = 3630.27 (MB).
    Completing 30% with 308 violations.
    elapsed time = 00:00:03, memory = 3630.27 (MB).
    Completing 40% with 308 violations.
    elapsed time = 00:00:03, memory = 3630.27 (MB).
    Completing 50% with 308 violations.
    elapsed time = 00:00:15, memory = 3630.27 (MB).
    Completing 60% with 269 violations.
    elapsed time = 00:00:15, memory = 3630.27 (MB).
    Completing 70% with 269 violations.
    elapsed time = 00:00:15, memory = 3630.27 (MB).
    Completing 80% with 212 violations.
    elapsed time = 00:00:17, memory = 3630.27 (MB).
    Completing 90% with 212 violations.
    elapsed time = 00:00:17, memory = 3630.27 (MB).
    Completing 100% with 199 violations.
    elapsed time = 00:00:26, memory = 3630.27 (MB).
[INFO DRT-0199]   Number of violations = 199.
Viol/Layer        mcon   met1   met2
Cut Spacing          2      0      0
Metal Spacing        0     71     11
Short                0     85     30
[INFO DRT-0267] cpu time = 00:01:08, elapsed time = 00:00:26, memory = 3630.27 (MB), peak = 5046.89 (MB)
Total wire length = 1251963 um.
Total wire length on LAYER li1 = 0 um.
Total wire length on LAYER met1 = 397402 um.
Total wire length on LAYER met2 = 488908 um.
Total wire length on LAYER met3 = 201847 um.
Total wire length on LAYER met4 = 160921 um.
Total wire length on LAYER met5 = 2883 um.
Total number of vias = 238505.
Up-via summary (total 238505):

-------------------------
 FR_MASTERSLICE         0
            li1     98101
           met1    113197
           met2     20055
           met3      7030
           met4       122
-------------------------
               238505


[INFO DRT-0195] Start 6th optimization iteration.
    Completing 10% with 199 violations.
    elapsed time = 00:00:00, memory = 3630.27 (MB).
    Completing 20% with 199 violations.
    elapsed time = 00:00:00, memory = 3630.27 (MB).
    Completing 30% with 182 violations.
    elapsed time = 00:00:02, memory = 3630.27 (MB).
    Completing 40% with 182 violations.
    elapsed time = 00:00:02, memory = 3630.27 (MB).
    Completing 50% with 182 violations.
    elapsed time = 00:00:10, memory = 3630.27 (MB).
    Completing 60% with 137 violations.
    elapsed time = 00:00:10, memory = 3630.27 (MB).
    Completing 70% with 137 violations.
    elapsed time = 00:00:10, memory = 3630.27 (MB).
    Completing 80% with 119 violations.
    elapsed time = 00:00:12, memory = 3630.27 (MB).
    Completing 90% with 119 violations.
    elapsed time = 00:00:12, memory = 3630.27 (MB).
    Completing 100% with 67 violations.
    elapsed time = 00:00:18, memory = 3630.27 (MB).
[INFO DRT-0199]   Number of violations = 67.
Viol/Layer        mcon   met1   met2
Cut Spacing          1      0      0
Metal Spacing        0     30      7
Short                0     24      5
[INFO DRT-0267] cpu time = 00:00:39, elapsed time = 00:00:18, memory = 3630.27 (MB), peak = 5046.89 (MB)
Total wire length = 1251992 um.
Total wire length on LAYER li1 = 0 um.
Total wire length on LAYER met1 = 397338 um.
Total wire length on LAYER met2 = 488761 um.
Total wire length on LAYER met3 = 201878 um.
Total wire length on LAYER met4 = 161130 um.
Total wire length on LAYER met5 = 2883 um.
Total number of vias = 238512.
Up-via summary (total 238512):

-------------------------
 FR_MASTERSLICE         0
            li1     98102
           met1    113190
           met2     20055
           met3      7043
           met4       122
-------------------------
               238512


[INFO DRT-0195] Start 7th guides tiles iteration.
    Completing 10% with 67 violations.
    elapsed time = 00:00:00, memory = 3928.33 (MB).
    Completing 20% with 67 violations.
    elapsed time = 00:00:00, memory = 3928.33 (MB).
    Completing 30% with 67 violations.
    elapsed time = 00:00:01, memory = 3995.28 (MB).
    Completing 40% with 58 violations.
    elapsed time = 00:00:05, memory = 3727.34 (MB).
    Completing 50% with 58 violations.
    elapsed time = 00:00:05, memory = 3727.34 (MB).
    Completing 60% with 58 violations.
    elapsed time = 00:00:05, memory = 3727.34 (MB).
    Completing 70% with 58 violations.
    elapsed time = 00:00:05, memory = 3727.34 (MB).
    Completing 80% with 58 violations.
    elapsed time = 00:00:07, memory = 3727.34 (MB).
    Completing 90% with 26 violations.
    elapsed time = 00:00:07, memory = 3727.34 (MB).
    Completing 100% with 20 violations.
    elapsed time = 00:00:09, memory = 3727.34 (MB).
[INFO DRT-0199]   Number of violations = 20.
Viol/Layer        met1
Metal Spacing       15
Short                5
[INFO DRT-0267] cpu time = 00:00:15, elapsed time = 00:00:09, memory = 3692.73 (MB), peak = 5046.89 (MB)
Total wire length = 1251949 um.
Total wire length on LAYER li1 = 0 um.
Total wire length on LAYER met1 = 397241 um.
Total wire length on LAYER met2 = 488705 um.
Total wire length on LAYER met3 = 201729 um.
Total wire length on LAYER met4 = 161190 um.
Total wire length on LAYER met5 = 3083 um.
Total number of vias = 238519.
Up-via summary (total 238519):

-------------------------
 FR_MASTERSLICE         0
            li1     98101
           met1    113184
           met2     20059
           met3      7051
           met4       124
-------------------------
               238519


[INFO DRT-0195] Start 8th guides tiles iteration.
    Completing 10% with 20 violations.
    elapsed time = 00:00:00, memory = 3692.73 (MB).
    Completing 20% with 20 violations.
    elapsed time = 00:00:00, memory = 3692.73 (MB).
    Completing 30% with 20 violations.
    elapsed time = 00:00:00, memory = 3692.73 (MB).
    Completing 50% with 20 violations.
    elapsed time = 00:00:00, memory = 3692.73 (MB).
    Completing 60% with 20 violations.
    elapsed time = 00:00:01, memory = 3692.73 (MB).
    Completing 70% with 15 violations.
    elapsed time = 00:00:01, memory = 3692.73 (MB).
    Completing 80% with 15 violations.
    elapsed time = 00:00:01, memory = 3692.73 (MB).
    Completing 100% with 15 violations.
    elapsed time = 00:00:02, memory = 3692.73 (MB).
[INFO DRT-0199]   Number of violations = 15.
Viol/Layer        met1
Metal Spacing       10
Short                5
[INFO DRT-0267] cpu time = 00:00:04, elapsed time = 00:00:02, memory = 3692.73 (MB), peak = 5046.89 (MB)
Total wire length = 1251951 um.
Total wire length on LAYER li1 = 0 um.
Total wire length on LAYER met1 = 397244 um.
Total wire length on LAYER met2 = 488704 um.
Total wire length on LAYER met3 = 201729 um.
Total wire length on LAYER met4 = 161190 um.
Total wire length on LAYER met5 = 3083 um.
Total number of vias = 238518.
Up-via summary (total 238518):

-------------------------
 FR_MASTERSLICE         0
            li1     98101
           met1    113183
           met2     20059
           met3      7051
           met4       124
-------------------------
               238518


[INFO DRT-0195] Start 9th guides tiles iteration.
    Completing 20% with 15 violations.
    elapsed time = 00:00:00, memory = 3692.73 (MB).
    Completing 40% with 15 violations.
    elapsed time = 00:00:00, memory = 3692.73 (MB).
    Completing 60% with 15 violations.
    elapsed time = 00:00:01, memory = 3692.73 (MB).
    Completing 80% with 15 violations.
    elapsed time = 00:00:01, memory = 3692.73 (MB).
    Completing 100% with 15 violations.
    elapsed time = 00:00:02, memory = 3692.73 (MB).
[INFO DRT-0199]   Number of violations = 15.
Viol/Layer        met1
Metal Spacing       10
Short                5
[INFO DRT-0267] cpu time = 00:00:03, elapsed time = 00:00:02, memory = 3692.73 (MB), peak = 5046.89 (MB)
Total wire length = 1251951 um.
Total wire length on LAYER li1 = 0 um.
Total wire length on LAYER met1 = 397244 um.
Total wire length on LAYER met2 = 488704 um.
Total wire length on LAYER met3 = 201729 um.
Total wire length on LAYER met4 = 161190 um.
Total wire length on LAYER met5 = 3083 um.
Total number of vias = 238518.
Up-via summary (total 238518):

-------------------------
 FR_MASTERSLICE         0
            li1     98101
           met1    113183
           met2     20059
           met3      7051
           met4       124
-------------------------
               238518


[INFO DRT-0195] Start 10th guides tiles iteration.
    Completing 20% with 15 violations.
    elapsed time = 00:00:00, memory = 3692.73 (MB).
    Completing 40% with 15 violations.
    elapsed time = 00:00:00, memory = 3692.73 (MB).
    Completing 60% with 15 violations.
    elapsed time = 00:00:00, memory = 3692.73 (MB).
    Completing 80% with 2 violations.
    elapsed time = 00:00:00, memory = 3692.73 (MB).
    Completing 100% with 1 violations.
    elapsed time = 00:00:00, memory = 3692.73 (MB).
[INFO DRT-0199]   Number of violations = 1.
Viol/Layer        met1
Short                1
[INFO DRT-0267] cpu time = 00:00:02, elapsed time = 00:00:00, memory = 3692.73 (MB), peak = 5046.89 (MB)
Total wire length = 1251943 um.
Total wire length on LAYER li1 = 0 um.
Total wire length on LAYER met1 = 397243 um.
Total wire length on LAYER met2 = 488699 um.
Total wire length on LAYER met3 = 201726 um.
Total wire length on LAYER met4 = 161190 um.
Total wire length on LAYER met5 = 3083 um.
Total number of vias = 238521.
Up-via summary (total 238521):

-------------------------
 FR_MASTERSLICE         0
            li1     98101
           met1    113185
           met2     20060
           met3      7051
           met4       124
-------------------------
               238521


[INFO DRT-0195] Start 11th guides tiles iteration.
    Completing 100% with 1 violations.
    elapsed time = 00:00:00, memory = 3692.73 (MB).
[INFO DRT-0199]   Number of violations = 1.
Viol/Layer        met1
Short                1
[INFO DRT-0267] cpu time = 00:00:00, elapsed time = 00:00:00, memory = 3692.73 (MB), peak = 5046.89 (MB)
Total wire length = 1251943 um.
Total wire length on LAYER li1 = 0 um.
Total wire length on LAYER met1 = 397243 um.
Total wire length on LAYER met2 = 488699 um.
Total wire length on LAYER met3 = 201726 um.
Total wire length on LAYER met4 = 161190 um.
Total wire length on LAYER met5 = 3083 um.
Total number of vias = 238521.
Up-via summary (total 238521):

-------------------------
 FR_MASTERSLICE         0
            li1     98101
           met1    113185
           met2     20060
           met3      7051
           met4       124
-------------------------
               238521


[INFO DRT-0195] Start 12th stubborn tiles iteration.
    Completing 10% with 1 violations.
    elapsed time = 00:00:00, memory = 5049.03 (MB).
    Completing 20% with 1 violations.
    elapsed time = 00:00:00, memory = 5058.18 (MB).
    Completing 30% with 1 violations.
    elapsed time = 00:00:00, memory = 5005.58 (MB).
    Completing 40% with 1 violations.
    elapsed time = 00:00:00, memory = 4940.80 (MB).
    Completing 50% with 1 violations.
    elapsed time = 00:00:00, memory = 4720.68 (MB).
    Completing 60% with 1 violations.
    elapsed time = 00:00:00, memory = 4513.11 (MB).
    Completing 70% with 1 violations.
    elapsed time = 00:00:01, memory = 4301.81 (MB).
    Completing 80% with 1 violations.
    elapsed time = 00:00:01, memory = 4083.26 (MB).
    Completing 90% with 1 violations.
    elapsed time = 00:00:01, memory = 3915.12 (MB).
    Completing 100% with 0 violations.
    elapsed time = 00:00:01, memory = 3693.75 (MB).
[INFO DRT-0199]   Number of violations = 0.
[INFO DRT-0267] cpu time = 00:00:31, elapsed time = 00:00:01, memory = 3693.75 (MB), peak = 5189.62 (MB)
Total wire length = 1251941 um.
Total wire length on LAYER li1 = 0 um.
Total wire length on LAYER met1 = 397241 um.
Total wire length on LAYER met2 = 488699 um.
Total wire length on LAYER met3 = 201726 um.
Total wire length on LAYER met4 = 161190 um.
Total wire length on LAYER met5 = 3083 um.
Total number of vias = 238523.
Up-via summary (total 238523):

-------------------------
 FR_MASTERSLICE         0
            li1     98101
           met1    113187
           met2     20060
           met3      7051
           met4       124
-------------------------
               238523


[INFO DRT-0198] Complete detail routing.
Total wire length = 1251941 um.
Total wire length on LAYER li1 = 0 um.
Total wire length on LAYER met1 = 397241 um.
Total wire length on LAYER met2 = 488699 um.
Total wire length on LAYER met3 = 201726 um.
Total wire length on LAYER met4 = 161190 um.
Total wire length on LAYER met5 = 3083 um.
Total number of vias = 238523.
Up-via summary (total 238523):

-------------------------
 FR_MASTERSLICE         0
            li1     98101
           met1    113187
           met2     20060
           met3      7051
           met4       124
-------------------------
               238523


[INFO DRT-0267] cpu time = 00:32:17, elapsed time = 00:04:03, memory = 3693.75 (MB), peak = 5189.62 (MB)

[INFO DRT-0180] Post processing.
[INFO DRT-0501] Runtime: 265.56s
[INFO ANT-0002] Found 17 net violations.
[INFO ANT-0001] Found 23 pin violations.
[INFO GRT-0012] Found 17 antenna violations.
[INFO DPL-0006] Core area: 416927.37 um^2
[INFO DPL-0007] Movable instances area: 0.00 um^2
[INFO DPL-0008] Fixed instances area within core: 242004.60 um^2
[INFO DPL-0009] Utilization: 58.0%
[INFO DPL-0005] Diamond search max displacement: +/- 500 sites horizontally, +/- 100 rows vertically.
[INFO DPL-1102] Legalizing using negotiation legalizer.
[INFO DPL-1103] Negotiation base search window: +/-20 sites horizontally, +/-5 rows vertically 
	Automatic search window extension enabled.
	Search window extendable up to the max displacement cap of +/-500 sites, +/-100 rows near walls.
[INFO DPL-1104] NegotiationLegalizer DRC penalty: 5.
[INFO DPL-0392] Negotiation cell height distribution (1 unique row-count(s)):
[INFO DPL-0393]   height 1 row(s): 33036 cells
[INFO DPL-0500] Runtime: 0.08s
[INFO GRT-0015] Inserted 23 diodes.
[WARNING DRT-0120] Large net net3313 has 127 pins which may impact routing performance. Consider optimization.
[WARNING DRT-0120] Large net net3321 has 149 pins which may impact routing performance. Consider optimization.
[WARNING DRT-0120] Large net net3325 has 153 pins which may impact routing performance. Consider optimization.
[WARNING DRT-0120] Large net net3328 has 176 pins which may impact routing performance. Consider optimization.
[WARNING DRT-0120] Large net net3330 has 188 pins which may impact routing performance. Consider optimization.
[INFO DRT-0024]   Complete FR_MASTERSLICE.
[INFO DRT-0024]   Complete Fr_VIA.
[INFO DRT-0024]   Complete li1.
[INFO DRT-0024]   Complete mcon.
[INFO DRT-0024]   Complete met1.
[INFO DRT-0024]   Complete via.
[INFO DRT-0024]   Complete met2.
[INFO DRT-0024]   Complete via2.
[INFO DRT-0024]   Complete met3.
[INFO DRT-0024]   Complete via3.
[INFO DRT-0024]   Complete met4.
[INFO DRT-0024]   Complete via4.
[INFO DRT-0024]   Complete met5.
[INFO DRT-0165] Start pin access.
[INFO DRT-0076]   Complete 1000 pins.
[INFO DRT-0076]   Complete 2000 pins.
[INFO DRT-0078]   Complete 2189 pins.
[INFO DRT-0079]   Complete 100 unique inst patterns.
[INFO DRT-0079]   Complete 200 unique inst patterns.
[INFO DRT-0081]   Complete 272 unique inst patterns.
[INFO DRT-0082]   Complete 10000 groups.
[INFO DRT-0084]   Complete 16820 groups.
#scanned instances     = 33036
#unique  instances     = 272
#stdCellGenAp          = 8826
#stdCellValidPlanarAp  = 117
#stdCellValidViaAp     = 6441
#stdCellPinNoAp        = 0
#stdCellPinCnt         = 99284
#instTermValidViaApCnt = 0
#macroGenAp            = 0
#macroValidPlanarAp    = 0
#macroValidViaAp       = 0
#macroNoAp             = 0
[INFO DRT-0166] Complete pin access.
[INFO DRT-0267] cpu time = 00:07:35, elapsed time = 00:00:16, memory = 3693.76 (MB), peak = 5189.62 (MB)
[INFO DRT-0156] guideIn read 100000 guides.
[INFO DRT-0156] guideIn read 200000 guides.

[INFO DRT-0157] Number of guides:     241863

[INFO DRT-0169] Post process guides.
[INFO DRT-0176] GCELLGRID X 0 DO 94 STEP 6900 ;
[INFO DRT-0177] GCELLGRID Y 0 DO 94 STEP 6900 ;
[INFO DRT-0026]   Complete 100000 origin guides.
[INFO DRT-0026]   Complete 200000 origin guides.
[INFO DRT-0028]   Complete FR_MASTERSLICE.
[INFO DRT-0028]   Complete Fr_VIA.
[INFO DRT-0028]   Complete li1.
[INFO DRT-0028]   Complete mcon.
[INFO DRT-0028]   Complete met1.
[INFO DRT-0028]   Complete via.
[INFO DRT-0028]   Complete met2.
[INFO DRT-0028]   Complete via2.
[INFO DRT-0028]   Complete met3.
[INFO DRT-0028]   Complete via3.
[INFO DRT-0028]   Complete met4.
[INFO DRT-0028]   Complete via4.
[INFO DRT-0028]   Complete met5.
[INFO DRT-0178] Init guide query.
[INFO DRT-0035]   Complete FR_MASTERSLICE (guide).
[INFO DRT-0035]   Complete Fr_VIA (guide).
[INFO DRT-0035]   Complete li1 (guide).
[INFO DRT-0035]   Complete mcon (guide).
[INFO DRT-0035]   Complete met1 (guide).
[INFO DRT-0035]   Complete via (guide).
[INFO DRT-0035]   Complete met2 (guide).
[INFO DRT-0035]   Complete via2 (guide).
[INFO DRT-0035]   Complete met3 (guide).
[INFO DRT-0035]   Complete via3 (guide).
[INFO DRT-0035]   Complete met4 (guide).
[INFO DRT-0035]   Complete via4 (guide).
[INFO DRT-0035]   Complete met5 (guide).
[INFO DRT-0036] FR_MASTERSLICE guide region query size = 0.
[INFO DRT-0036] FR_VIA guide region query size = 0.
[INFO DRT-0036] li1 guide region query size = 77092.
[INFO DRT-0036] mcon guide region query size = 0.
[INFO DRT-0036] met1 guide region query size = 68983.
[INFO DRT-0036] via guide region query size = 0.
[INFO DRT-0036] met2 guide region query size = 38494.
[INFO DRT-0036] via2 guide region query size = 0.
[INFO DRT-0036] met3 guide region query size = 6954.
[INFO DRT-0036] via3 guide region query size = 0.
[INFO DRT-0036] met4 guide region query size = 2911.
[INFO DRT-0036] via4 guide region query size = 0.
[INFO DRT-0036] met5 guide region query size = 87.
[INFO DRT-0179] Init gr pin query.
[INFO DRT-0267] cpu time = 00:00:01, elapsed time = 00:00:00, memory = 3693.76 (MB), peak = 5189.62 (MB)
[INFO DRT-0245] skipped writing guide updates to database.
[INFO DRT-0181] Start track assignment.
[INFO DRT-0184] Done with 118497 vertical wires in 2 frboxes and 76024 horizontal wires in 2 frboxes.
[INFO DRT-0186] Done with 21668 vertical wires in 2 frboxes and 25970 horizontal wires in 2 frboxes.
[INFO DRT-0182] Complete track assignment.
[INFO DRT-0267] cpu time = 00:00:08, elapsed time = 00:00:04, memory = 3862.14 (MB), peak = 5189.62 (MB)
[INFO DRT-0187] Start routing data preparation.
[INFO DRT-0267] cpu time = 00:00:00, elapsed time = 00:00:00, memory = 3862.14 (MB), peak = 5189.62 (MB)
[INFO DRT-0194] Start detail routing.
[INFO DRT-0195] Start 0th optimization iteration.
    Completing 10% with 0 violations.
    elapsed time = 00:00:01, memory = 4805.43 (MB).
    Completing 20% with 0 violations.
    elapsed time = 00:00:01, memory = 4188.38 (MB).
    Completing 30% with 495 violations.
    elapsed time = 00:00:03, memory = 4835.90 (MB).
    Completing 40% with 495 violations.
    elapsed time = 00:00:04, memory = 4584.14 (MB).
    Completing 50% with 495 violations.
    elapsed time = 00:00:05, memory = 3846.42 (MB).
    Completing 60% with 979 violations.
    elapsed time = 00:00:06, memory = 4638.34 (MB).
    Completing 70% with 979 violations.
    elapsed time = 00:00:07, memory = 4198.88 (MB).
    Completing 80% with 1311 violations.
    elapsed time = 00:00:09, memory = 4889.30 (MB).
    Completing 90% with 1311 violations.
    elapsed time = 00:00:10, memory = 4446.54 (MB).
    Completing 100% with 1688 violations.
    elapsed time = 00:00:14, memory = 3857.05 (MB).
[INFO DRT-0199]   Number of violations = 1915.
Viol/Layer        mcon   met1    via   met2   met3   met4   met5
Cut Spacing          1      0      0      0      0      0      0
Metal Spacing        0     92      0    118     26      6      0
Recheck              0     86      0     81     23     33      4
Short                0    665      1    612     80     83      4
[INFO DRT-0267] cpu time = 00:02:57, elapsed time = 00:00:14, memory = 3857.05 (MB), peak = 5189.62 (MB)
Total wire length = 1252309 um.
Total wire length on LAYER li1 = 0 um.
Total wire length on LAYER met1 = 398234 um.
Total wire length on LAYER met2 = 489631 um.
Total wire length on LAYER met3 = 200840 um.
Total wire length on LAYER met4 = 160438 um.
Total wire length on LAYER met5 = 3165 um.
Total number of vias = 238384.
Up-via summary (total 238384):

-------------------------
 FR_MASTERSLICE         0
            li1     98128
           met1    113249
           met2     19906
           met3      6979
           met4       122
-------------------------
               238384


[INFO DRT-0195] Start 1st optimization iteration.
    Completing 10% with 1915 violations.
    elapsed time = 00:00:01, memory = 4983.93 (MB).
    Completing 20% with 1915 violations.
    elapsed time = 00:00:01, memory = 4138.73 (MB).
    Completing 30% with 1562 violations.
    elapsed time = 00:00:03, memory = 4700.43 (MB).
    Completing 40% with 1562 violations.
    elapsed time = 00:00:03, memory = 4531.95 (MB).
    Completing 50% with 1562 violations.
    elapsed time = 00:00:05, memory = 3870.94 (MB).
    Completing 60% with 1131 violations.
    elapsed time = 00:00:06, memory = 4751.60 (MB).
    Completing 70% with 1131 violations.
    elapsed time = 00:00:07, memory = 4290.81 (MB).
    Completing 80% with 970 violations.
    elapsed time = 00:00:09, memory = 5009.60 (MB).
    Completing 90% with 970 violations.
    elapsed time = 00:00:09, memory = 4412.48 (MB).
    Completing 100% with 635 violations.
    elapsed time = 00:00:11, memory = 3878.70 (MB).
[INFO DRT-0199]   Number of violations = 635.
Viol/Layer        met1   met2   met3   met4
Metal Spacing       37     53     18      0
Short              282    194     21     30
[INFO DRT-0267] cpu time = 00:02:45, elapsed time = 00:00:11, memory = 3878.70 (MB), peak = 5189.62 (MB)
Total wire length = 1251983 um.
Total wire length on LAYER li1 = 0 um.
Total wire length on LAYER met1 = 398019 um.
Total wire length on LAYER met2 = 489477 um.
Total wire length on LAYER met3 = 200855 um.
Total wire length on LAYER met4 = 160465 um.
Total wire length on LAYER met5 = 3165 um.
Total number of vias = 238335.
Up-via summary (total 238335):

-------------------------
 FR_MASTERSLICE         0
            li1     98131
           met1    113190
           met2     19917
           met3      6975
           met4       122
-------------------------
               238335


[INFO DRT-0195] Start 2nd optimization iteration.
    Completing 10% with 635 violations.
    elapsed time = 00:00:00, memory = 3878.70 (MB).
    Completing 20% with 635 violations.
    elapsed time = 00:00:00, memory = 3878.70 (MB).
    Completing 30% with 578 violations.
    elapsed time = 00:00:04, memory = 3878.70 (MB).
    Completing 40% with 578 violations.
    elapsed time = 00:00:04, memory = 3878.70 (MB).
    Completing 50% with 578 violations.
    elapsed time = 00:00:04, memory = 4145.20 (MB).
    Completing 60% with 563 violations.
    elapsed time = 00:00:05, memory = 3878.70 (MB).
    Completing 70% with 563 violations.
    elapsed time = 00:00:05, memory = 3878.70 (MB).
    Completing 80% with 547 violations.
    elapsed time = 00:00:07, memory = 3878.70 (MB).
    Completing 90% with 547 violations.
    elapsed time = 00:00:07, memory = 3878.70 (MB).
    Completing 100% with 557 violations.
    elapsed time = 00:00:08, memory = 3878.70 (MB).
[INFO DRT-0199]   Number of violations = 557.
Viol/Layer        met1   met2   met3   met4
Metal Spacing       37     41     17      0
Short              248    161     21     32
[INFO DRT-0267] cpu time = 00:00:54, elapsed time = 00:00:08, memory = 3878.70 (MB), peak = 5189.62 (MB)
Total wire length = 1251825 um.
Total wire length on LAYER li1 = 0 um.
Total wire length on LAYER met1 = 397907 um.
Total wire length on LAYER met2 = 489335 um.
Total wire length on LAYER met3 = 200881 um.
Total wire length on LAYER met4 = 160535 um.
Total wire length on LAYER met5 = 3165 um.
Total number of vias = 238309.
Up-via summary (total 238309):

-------------------------
 FR_MASTERSLICE         0
            li1     98127
           met1    113147
           met2     19932
           met3      6981
           met4       122
-------------------------
               238309


[INFO DRT-0195] Start 3rd optimization iteration.
    Completing 10% with 557 violations.
    elapsed time = 00:00:00, memory = 3878.70 (MB).
    Completing 20% with 557 violations.
    elapsed time = 00:00:00, memory = 4113.69 (MB).
    Completing 30% with 430 violations.
    elapsed time = 00:00:04, memory = 3878.70 (MB).
    Completing 40% with 430 violations.
    elapsed time = 00:00:04, memory = 3878.70 (MB).
    Completing 50% with 430 violations.
    elapsed time = 00:00:13, memory = 3878.70 (MB).
    Completing 60% with 368 violations.
    elapsed time = 00:00:14, memory = 3878.70 (MB).
    Completing 70% with 368 violations.
    elapsed time = 00:00:14, memory = 4185.27 (MB).
    Completing 80% with 317 violations.
    elapsed time = 00:00:21, memory = 3880.24 (MB).
    Completing 90% with 317 violations.
    elapsed time = 00:00:21, memory = 3880.24 (MB).
    Completing 100% with 129 violations.
    elapsed time = 00:00:34, memory = 3880.24 (MB).
[INFO DRT-0199]   Number of violations = 129.
Viol/Layer        met1   met2   met4
Metal Spacing       11     10      0
Short               61     44      3
[INFO DRT-0267] cpu time = 00:01:50, elapsed time = 00:00:34, memory = 3880.24 (MB), peak = 5189.62 (MB)
Total wire length = 1251892 um.
Total wire length on LAYER li1 = 0 um.
Total wire length on LAYER met1 = 397358 um.
Total wire length on LAYER met2 = 488715 um.
Total wire length on LAYER met3 = 201555 um.
Total wire length on LAYER met4 = 161097 um.
Total wire length on LAYER met5 = 3165 um.
Total number of vias = 238552.
Up-via summary (total 238552):

-------------------------
 FR_MASTERSLICE         0
            li1     98127
           met1    113208
           met2     20058
           met3      7037
           met4       122
-------------------------
               238552


[INFO DRT-0195] Start 4th optimization iteration.
    Completing 10% with 129 violations.
    elapsed time = 00:00:00, memory = 3880.24 (MB).
    Completing 20% with 129 violations.
    elapsed time = 00:00:00, memory = 3880.24 (MB).
    Completing 30% with 99 violations.
    elapsed time = 00:00:05, memory = 3880.24 (MB).
    Completing 40% with 99 violations.
    elapsed time = 00:00:05, memory = 3880.24 (MB).
    Completing 50% with 99 violations.
    elapsed time = 00:00:09, memory = 3880.24 (MB).
    Completing 60% with 39 violations.
    elapsed time = 00:00:09, memory = 3880.24 (MB).
    Completing 70% with 39 violations.
    elapsed time = 00:00:09, memory = 3880.24 (MB).
    Completing 80% with 33 violations.
    elapsed time = 00:00:10, memory = 3880.24 (MB).
    Completing 90% with 33 violations.
    elapsed time = 00:00:10, memory = 3880.24 (MB).
    Completing 100% with 28 violations.
    elapsed time = 00:00:14, memory = 3882.50 (MB).
[INFO DRT-0199]   Number of violations = 28.
Viol/Layer        met1   met2
Metal Spacing        7      3
Short               14      4
[INFO DRT-0267] cpu time = 00:00:23, elapsed time = 00:00:14, memory = 3882.50 (MB), peak = 5189.62 (MB)
Total wire length = 1251822 um.
Total wire length on LAYER li1 = 0 um.
Total wire length on LAYER met1 = 397158 um.
Total wire length on LAYER met2 = 488417 um.
Total wire length on LAYER met3 = 201708 um.
Total wire length on LAYER met4 = 161372 um.
Total wire length on LAYER met5 = 3165 um.
Total number of vias = 238530.
Up-via summary (total 238530):

-------------------------
 FR_MASTERSLICE         0
            li1     98128
           met1    113156
           met2     20074
           met3      7050
           met4       122
-------------------------
               238530


[INFO DRT-0195] Start 5th guides tiles iteration.
    Completing 10% with 28 violations.
    elapsed time = 00:00:00, memory = 3882.50 (MB).
    Completing 20% with 28 violations.
    elapsed time = 00:00:00, memory = 3882.50 (MB).
    Completing 30% with 28 violations.
    elapsed time = 00:00:01, memory = 3882.50 (MB).
    Completing 40% with 19 violations.
    elapsed time = 00:00:01, memory = 3882.50 (MB).
    Completing 50% with 19 violations.
    elapsed time = 00:00:01, memory = 3952.74 (MB).
    Completing 60% with 19 violations.
    elapsed time = 00:00:01, memory = 3952.74 (MB).
    Completing 70% with 19 violations.
    elapsed time = 00:00:02, memory = 3952.74 (MB).
    Completing 80% with 19 violations.
    elapsed time = 00:00:04, memory = 3882.50 (MB).
    Completing 100% with 14 violations.
    elapsed time = 00:00:05, memory = 3882.50 (MB).
[INFO DRT-0199]   Number of violations = 14.
Viol/Layer        met1   met2
Metal Spacing        2      0
Short               10      2
[INFO DRT-0267] cpu time = 00:00:08, elapsed time = 00:00:05, memory = 3882.50 (MB), peak = 5189.62 (MB)
Total wire length = 1251815 um.
Total wire length on LAYER li1 = 0 um.
Total wire length on LAYER met1 = 397150 um.
Total wire length on LAYER met2 = 488412 um.
Total wire length on LAYER met3 = 201703 um.
Total wire length on LAYER met4 = 161382 um.
Total wire length on LAYER met5 = 3165 um.
Total number of vias = 238543.
Up-via summary (total 238543):

-------------------------
 FR_MASTERSLICE         0
            li1     98128
           met1    113167
           met2     20074
           met3      7052
           met4       122
-------------------------
               238543


[INFO DRT-0195] Start 6th guides tiles iteration.
    Completing 20% with 14 violations.
    elapsed time = 00:00:01, memory = 3882.50 (MB).
    Completing 50% with 14 violations.
    elapsed time = 00:00:02, memory = 3952.74 (MB).
    Completing 70% with 14 violations.
    elapsed time = 00:00:04, memory = 3882.50 (MB).
    Completing 100% with 14 violations.
    elapsed time = 00:00:04, memory = 3882.50 (MB).
[INFO DRT-0199]   Number of violations = 14.
Viol/Layer        met1   met2
Metal Spacing        2      0
Short               10      2
[INFO DRT-0267] cpu time = 00:00:06, elapsed time = 00:00:04, memory = 3882.50 (MB), peak = 5189.62 (MB)
Total wire length = 1251815 um.
Total wire length on LAYER li1 = 0 um.
Total wire length on LAYER met1 = 397150 um.
Total wire length on LAYER met2 = 488412 um.
Total wire length on LAYER met3 = 201703 um.
Total wire length on LAYER met4 = 161382 um.
Total wire length on LAYER met5 = 3165 um.
Total number of vias = 238543.
Up-via summary (total 238543):

-------------------------
 FR_MASTERSLICE         0
            li1     98128
           met1    113167
           met2     20074
           met3      7052
           met4       122
-------------------------
               238543


[INFO DRT-0195] Start 7th stubborn tiles iteration.
    Completing 10% with 14 violations.
    elapsed time = 00:00:01, memory = 5104.65 (MB).
    Completing 20% with 14 violations.
    elapsed time = 00:00:02, memory = 4808.02 (MB).
    Completing 30% with 14 violations.
    elapsed time = 00:00:02, memory = 4395.09 (MB).
    Completing 40% with 14 violations.
    elapsed time = 00:00:05, memory = 4241.63 (MB).
    Completing 50% with 14 violations.
    elapsed time = 00:00:18, memory = 3960.09 (MB).
    Completing 60% with 1 violations.
    elapsed time = 00:00:22, memory = 4168.67 (MB).
    Completing 70% with 1 violations.
    elapsed time = 00:00:23, memory = 4240.59 (MB).
    Completing 80% with 1 violations.
    elapsed time = 00:00:26, memory = 4205.66 (MB).
    Completing 90% with 1 violations.
    elapsed time = 00:00:29, memory = 4182.24 (MB).
    Completing 100% with 0 violations.
    elapsed time = 00:00:37, memory = 3903.37 (MB).
[INFO DRT-0199]   Number of violations = 0.
[INFO DRT-0267] cpu time = 00:07:41, elapsed time = 00:00:37, memory = 3903.37 (MB), peak = 5211.54 (MB)
Total wire length = 1251810 um.
Total wire length on LAYER li1 = 0 um.
Total wire length on LAYER met1 = 397141 um.
Total wire length on LAYER met2 = 488401 um.
Total wire length on LAYER met3 = 201709 um.
Total wire length on LAYER met4 = 161392 um.
Total wire length on LAYER met5 = 3165 um.
Total number of vias = 238541.
Up-via summary (total 238541):

-------------------------
 FR_MASTERSLICE         0
            li1     98127
           met1    113168
           met2     20072
           met3      7052
           met4       122
-------------------------
               238541


[INFO DRT-0198] Complete detail routing.
Total wire length = 1251810 um.
Total wire length on LAYER li1 = 0 um.
Total wire length on LAYER met1 = 397141 um.
Total wire length on LAYER met2 = 488401 um.
Total wire length on LAYER met3 = 201709 um.
Total wire length on LAYER met4 = 161392 um.
Total wire length on LAYER met5 = 3165 um.
Total number of vias = 238541.
Up-via summary (total 238541):

-------------------------
 FR_MASTERSLICE         0
            li1     98127
           met1    113168
           met2     20072
           met3      7052
           met4       122
-------------------------
               238541


[INFO DRT-0267] cpu time = 00:16:49, elapsed time = 00:02:10, memory = 3903.37 (MB), peak = 5211.54 (MB)

[INFO DRT-0180] Post processing.
[INFO DRT-0501] Runtime: 153.10s
[INFO ANT-0002] Found 3 net violations.
[INFO ANT-0001] Found 4 pin violations.
[INFO GRT-0012] Found 3 antenna violations.
[INFO DPL-0006] Core area: 416927.37 um^2
[INFO DPL-0007] Movable instances area: 0.00 um^2
[INFO DPL-0008] Fixed instances area within core: 242014.61 um^2
[INFO DPL-0009] Utilization: 58.0%
[INFO DPL-0005] Diamond search max displacement: +/- 500 sites horizontally, +/- 100 rows vertically.
[INFO DPL-1102] Legalizing using negotiation legalizer.
[INFO DPL-1103] Negotiation base search window: +/-20 sites horizontally, +/-5 rows vertically 
	Automatic search window extension enabled.
	Search window extendable up to the max displacement cap of +/-500 sites, +/-100 rows near walls.
[INFO DPL-1104] NegotiationLegalizer DRC penalty: 5.
[INFO DPL-0392] Negotiation cell height distribution (1 unique row-count(s)):
[INFO DPL-0393]   height 1 row(s): 33040 cells
[INFO DPL-0500] Runtime: 0.10s
[INFO GRT-0015] Inserted 4 diodes.
[WARNING DRT-0120] Large net net3313 has 127 pins which may impact routing performance. Consider optimization.
[WARNING DRT-0120] Large net net3321 has 149 pins which may impact routing performance. Consider optimization.
[WARNING DRT-0120] Large net net3325 has 153 pins which may impact routing performance. Consider optimization.
[WARNING DRT-0120] Large net net3328 has 176 pins which may impact routing performance. Consider optimization.
[WARNING DRT-0120] Large net net3330 has 188 pins which may impact routing performance. Consider optimization.
[INFO DRT-0024]   Complete FR_MASTERSLICE.
[INFO DRT-0024]   Complete Fr_VIA.
[INFO DRT-0024]   Complete li1.
[INFO DRT-0024]   Complete mcon.
[INFO DRT-0024]   Complete met1.
[INFO DRT-0024]   Complete via.
[INFO DRT-0024]   Complete met2.
[INFO DRT-0024]   Complete via2.
[INFO DRT-0024]   Complete met3.
[INFO DRT-0024]   Complete via3.
[INFO DRT-0024]   Complete met4.
[INFO DRT-0024]   Complete via4.
[INFO DRT-0024]   Complete met5.
[INFO DRT-0165] Start pin access.
[INFO DRT-0076]   Complete 1000 pins.
[INFO DRT-0076]   Complete 2000 pins.
[INFO DRT-0078]   Complete 2189 pins.
[INFO DRT-0079]   Complete 100 unique inst patterns.
[INFO DRT-0079]   Complete 200 unique inst patterns.
[INFO DRT-0081]   Complete 272 unique inst patterns.
[INFO DRT-0082]   Complete 10000 groups.
[INFO DRT-0084]   Complete 16821 groups.
#scanned instances     = 33040
#unique  instances     = 272
#stdCellGenAp          = 8826
#stdCellValidPlanarAp  = 117
#stdCellValidViaAp     = 6441
#stdCellPinNoAp        = 0
#stdCellPinCnt         = 99284
#instTermValidViaApCnt = 0
#macroGenAp            = 0
#macroValidPlanarAp    = 0
#macroValidViaAp       = 0
#macroNoAp             = 0
[INFO DRT-0166] Complete pin access.
[INFO DRT-0267] cpu time = 00:07:44, elapsed time = 00:00:17, memory = 3903.27 (MB), peak = 5211.54 (MB)
[INFO DRT-0156] guideIn read 100000 guides.
[INFO DRT-0156] guideIn read 200000 guides.

[INFO DRT-0157] Number of guides:     241867

[INFO DRT-0169] Post process guides.
[INFO DRT-0176] GCELLGRID X 0 DO 94 STEP 6900 ;
[INFO DRT-0177] GCELLGRID Y 0 DO 94 STEP 6900 ;
[INFO DRT-0026]   Complete 100000 origin guides.
[INFO DRT-0026]   Complete 200000 origin guides.
[INFO DRT-0028]   Complete FR_MASTERSLICE.
[INFO DRT-0028]   Complete Fr_VIA.
[INFO DRT-0028]   Complete li1.
[INFO DRT-0028]   Complete mcon.
[INFO DRT-0028]   Complete met1.
[INFO DRT-0028]   Complete via.
[INFO DRT-0028]   Complete met2.
[INFO DRT-0028]   Complete via2.
[INFO DRT-0028]   Complete met3.
[INFO DRT-0028]   Complete via3.
[INFO DRT-0028]   Complete met4.
[INFO DRT-0028]   Complete via4.
[INFO DRT-0028]   Complete met5.
[INFO DRT-0178] Init guide query.
[INFO DRT-0035]   Complete FR_MASTERSLICE (guide).
[INFO DRT-0035]   Complete Fr_VIA (guide).
[INFO DRT-0035]   Complete li1 (guide).
[INFO DRT-0035]   Complete mcon (guide).
[INFO DRT-0035]   Complete met1 (guide).
[INFO DRT-0035]   Complete via (guide).
[INFO DRT-0035]   Complete met2 (guide).
[INFO DRT-0035]   Complete via2 (guide).
[INFO DRT-0035]   Complete met3 (guide).
[INFO DRT-0035]   Complete via3 (guide).
[INFO DRT-0035]   Complete met4 (guide).
[INFO DRT-0035]   Complete via4 (guide).
[INFO DRT-0035]   Complete met5 (guide).
[INFO DRT-0036] FR_MASTERSLICE guide region query size = 0.
[INFO DRT-0036] FR_VIA guide region query size = 0.
[INFO DRT-0036] li1 guide region query size = 77095.
[INFO DRT-0036] mcon guide region query size = 0.
[INFO DRT-0036] met1 guide region query size = 68986.
[INFO DRT-0036] via guide region query size = 0.
[INFO DRT-0036] met2 guide region query size = 38492.
[INFO DRT-0036] via2 guide region query size = 0.
[INFO DRT-0036] met3 guide region query size = 6951.
[INFO DRT-0036] via3 guide region query size = 0.
[INFO DRT-0036] met4 guide region query size = 2911.
[INFO DRT-0036] via4 guide region query size = 0.
[INFO DRT-0036] met5 guide region query size = 87.
[INFO DRT-0179] Init gr pin query.
[INFO DRT-0267] cpu time = 00:00:01, elapsed time = 00:00:00, memory = 3903.27 (MB), peak = 5211.54 (MB)
[INFO DRT-0245] skipped writing guide updates to database.
[INFO DRT-0181] Start track assignment.
[INFO DRT-0184] Done with 118498 vertical wires in 2 frboxes and 76024 horizontal wires in 2 frboxes.
[INFO DRT-0186] Done with 21706 vertical wires in 2 frboxes and 26040 horizontal wires in 2 frboxes.
[INFO DRT-0182] Complete track assignment.
[INFO DRT-0267] cpu time = 00:00:08, elapsed time = 00:00:04, memory = 4023.34 (MB), peak = 5211.54 (MB)
[INFO DRT-0187] Start routing data preparation.
[INFO DRT-0267] cpu time = 00:00:00, elapsed time = 00:00:00, memory = 4023.34 (MB), peak = 5211.54 (MB)
[INFO DRT-0194] Start detail routing.
[INFO DRT-0195] Start 0th optimization iteration.
    Completing 10% with 0 violations.
    elapsed time = 00:00:00, memory = 4816.19 (MB).
    Completing 20% with 0 violations.
    elapsed time = 00:00:01, memory = 4243.40 (MB).
    Completing 30% with 134 violations.
    elapsed time = 00:00:03, memory = 5037.27 (MB).
    Completing 40% with 134 violations.
    elapsed time = 00:00:03, memory = 4621.68 (MB).
    Completing 50% with 134 violations.
    elapsed time = 00:00:04, memory = 4024.16 (MB).
    Completing 60% with 251 violations.
    elapsed time = 00:00:05, memory = 4724.18 (MB).
    Completing 70% with 251 violations.
    elapsed time = 00:00:05, memory = 4287.48 (MB).
    Completing 80% with 410 violations.
    elapsed time = 00:00:08, memory = 5050.31 (MB).
    Completing 90% with 410 violations.
    elapsed time = 00:00:08, memory = 4744.62 (MB).
    Completing 100% with 504 violations.
    elapsed time = 00:00:10, memory = 4030.34 (MB).
[INFO DRT-0199]   Number of violations = 620.
Viol/Layer         li1   met1   met2   met3   met4
Metal Spacing        0     39     33      1      3
Recheck              1     65     44      3      3
Short                0    242    167      7     12
[INFO DRT-0267] cpu time = 00:02:33, elapsed time = 00:00:10, memory = 4030.34 (MB), peak = 5211.54 (MB)
Total wire length = 1251915 um.
Total wire length on LAYER li1 = 0 um.
Total wire length on LAYER met1 = 397418 um.
Total wire length on LAYER met2 = 488569 um.
Total wire length on LAYER met3 = 201467 um.
Total wire length on LAYER met4 = 161294 um.
Total wire length on LAYER met5 = 3165 um.
Total number of vias = 238497.
Up-via summary (total 238497):

-------------------------
 FR_MASTERSLICE         0
            li1     98134
           met1    113180
           met2     20023
           met3      7038
           met4       122
-------------------------
               238497


[INFO DRT-0195] Start 1st optimization iteration.
    Completing 10% with 620 violations.
    elapsed time = 00:00:00, memory = 5024.36 (MB).
    Completing 20% with 620 violations.
    elapsed time = 00:00:01, memory = 4346.70 (MB).
    Completing 30% with 480 violations.
    elapsed time = 00:00:02, memory = 4812.72 (MB).
    Completing 40% with 480 violations.
    elapsed time = 00:00:03, memory = 4659.65 (MB).
    Completing 50% with 480 violations.
    elapsed time = 00:00:03, memory = 4065.75 (MB).
    Completing 60% with 364 violations.
    elapsed time = 00:00:04, memory = 4854.04 (MB).
    Completing 70% with 364 violations.
    elapsed time = 00:00:05, memory = 4432.55 (MB).
    Completing 80% with 244 violations.
    elapsed time = 00:00:06, memory = 5112.52 (MB).
    Completing 90% with 244 violations.
    elapsed time = 00:00:07, memory = 4688.38 (MB).
    Completing 100% with 156 violations.
    elapsed time = 00:00:08, memory = 4066.24 (MB).
[INFO DRT-0199]   Number of violations = 156.
Viol/Layer        met1   met2   met3
Metal Spacing       16     15      0
Short               91     30      4
[INFO DRT-0267] cpu time = 00:02:26, elapsed time = 00:00:08, memory = 4066.24 (MB), peak = 5211.54 (MB)
Total wire length = 1251819 um.
Total wire length on LAYER li1 = 0 um.
Total wire length on LAYER met1 = 397358 um.
Total wire length on LAYER met2 = 488500 um.
Total wire length on LAYER met3 = 201503 um.
Total wire length on LAYER met4 = 161290 um.
Total wire length on LAYER met5 = 3165 um.
Total number of vias = 238494.
Up-via summary (total 238494):

-------------------------
 FR_MASTERSLICE         0
            li1     98134
           met1    113168
           met2     20028
           met3      7042
           met4       122
-------------------------
               238494


[INFO DRT-0195] Start 2nd optimization iteration.
    Completing 10% with 156 violations.
    elapsed time = 00:00:00, memory = 4066.24 (MB).
    Completing 20% with 156 violations.
    elapsed time = 00:00:00, memory = 4066.24 (MB).
    Completing 30% with 151 violations.
    elapsed time = 00:00:01, memory = 4066.24 (MB).
    Completing 40% with 151 violations.
    elapsed time = 00:00:01, memory = 4066.24 (MB).
    Completing 50% with 151 violations.
    elapsed time = 00:00:01, memory = 4066.24 (MB).
    Completing 60% with 139 violations.
    elapsed time = 00:00:02, memory = 4066.24 (MB).
    Completing 70% with 139 violations.
    elapsed time = 00:00:02, memory = 4066.24 (MB).
    Completing 80% with 139 violations.
    elapsed time = 00:00:03, memory = 4066.24 (MB).
    Completing 90% with 139 violations.
    elapsed time = 00:00:03, memory = 4066.24 (MB).
    Completing 100% with 123 violations.
    elapsed time = 00:00:03, memory = 4066.24 (MB).
[INFO DRT-0199]   Number of violations = 123.
Viol/Layer        met1   met2   met3
Metal Spacing        4      8      1
Short               77     32      1
[INFO DRT-0267] cpu time = 00:00:18, elapsed time = 00:00:04, memory = 4066.24 (MB), peak = 5211.54 (MB)
Total wire length = 1251830 um.
Total wire length on LAYER li1 = 0 um.
Total wire length on LAYER met1 = 397370 um.
Total wire length on LAYER met2 = 488520 um.
Total wire length on LAYER met3 = 201508 um.
Total wire length on LAYER met4 = 161265 um.
Total wire length on LAYER met5 = 3165 um.
Total number of vias = 238486.
Up-via summary (total 238486):

-------------------------
 FR_MASTERSLICE         0
            li1     98133
           met1    113171
           met2     20021
           met3      7039
           met4       122
-------------------------
               238486


[INFO DRT-0195] Start 3rd optimization iteration.
    Completing 10% with 123 violations.
    elapsed time = 00:00:00, memory = 4066.24 (MB).
    Completing 20% with 123 violations.
    elapsed time = 00:00:00, memory = 4066.24 (MB).
    Completing 30% with 75 violations.
    elapsed time = 00:00:01, memory = 4066.24 (MB).
    Completing 40% with 75 violations.
    elapsed time = 00:00:01, memory = 4066.24 (MB).
    Completing 50% with 75 violations.
    elapsed time = 00:00:03, memory = 4066.24 (MB).
    Completing 60% with 64 violations.
    elapsed time = 00:00:03, memory = 4066.24 (MB).
    Completing 70% with 64 violations.
    elapsed time = 00:00:03, memory = 4066.24 (MB).
    Completing 80% with 52 violations.
    elapsed time = 00:00:12, memory = 4066.24 (MB).
    Completing 90% with 52 violations.
    elapsed time = 00:00:12, memory = 4066.24 (MB).
    Completing 100% with 27 violations.
    elapsed time = 00:00:19, memory = 4066.24 (MB).
[INFO DRT-0199]   Number of violations = 27.
Viol/Layer        met1   met2
Metal Spacing        3      1
Short               23      0
[INFO DRT-0267] cpu time = 00:00:31, elapsed time = 00:00:19, memory = 4066.24 (MB), peak = 5211.54 (MB)
Total wire length = 1251786 um.
Total wire length on LAYER li1 = 0 um.
Total wire length on LAYER met1 = 397162 um.
Total wire length on LAYER met2 = 488377 um.
Total wire length on LAYER met3 = 201695 um.
Total wire length on LAYER met4 = 161385 um.
Total wire length on LAYER met5 = 3165 um.
Total number of vias = 238523.
Up-via summary (total 238523):

-------------------------
 FR_MASTERSLICE         0
            li1     98130
           met1    113155
           met2     20059
           met3      7057
           met4       122
-------------------------
               238523


[INFO DRT-0195] Start 4th guides tiles iteration.
    Completing 10% with 27 violations.
    elapsed time = 00:00:00, memory = 4101.58 (MB).
    Completing 20% with 27 violations.
    elapsed time = 00:00:00, memory = 4101.58 (MB).
    Completing 40% with 27 violations.
    elapsed time = 00:00:01, memory = 4066.24 (MB).
    Completing 50% with 26 violations.
    elapsed time = 00:00:01, memory = 4066.24 (MB).
    Completing 70% with 26 violations.
    elapsed time = 00:00:01, memory = 4066.24 (MB).
    Completing 80% with 26 violations.
    elapsed time = 00:00:01, memory = 4066.24 (MB).
    Completing 100% with 14 violations.
    elapsed time = 00:00:01, memory = 4066.24 (MB).
[INFO DRT-0199]   Number of violations = 14.
Viol/Layer        met1
Short               14
[INFO DRT-0267] cpu time = 00:00:03, elapsed time = 00:00:01, memory = 4066.24 (MB), peak = 5211.54 (MB)
Total wire length = 1251803 um.
Total wire length on LAYER li1 = 0 um.
Total wire length on LAYER met1 = 397065 um.
Total wire length on LAYER met2 = 488388 um.
Total wire length on LAYER met3 = 201793 um.
Total wire length on LAYER met4 = 161389 um.
Total wire length on LAYER met5 = 3165 um.
Total number of vias = 238545.
Up-via summary (total 238545):

-------------------------
 FR_MASTERSLICE         0
            li1     98130
           met1    113164
           met2     20070
           met3      7059
           met4       122
-------------------------
               238545


[INFO DRT-0195] Start 5th guides tiles iteration.
    Completing 50% with 14 violations.
    elapsed time = 00:00:00, memory = 4066.24 (MB).
    Completing 100% with 14 violations.
    elapsed time = 00:00:01, memory = 4066.24 (MB).
[INFO DRT-0199]   Number of violations = 14.
Viol/Layer        met1
Short               14
[INFO DRT-0267] cpu time = 00:00:01, elapsed time = 00:00:01, memory = 4066.24 (MB), peak = 5211.54 (MB)
Total wire length = 1251803 um.
Total wire length on LAYER li1 = 0 um.
Total wire length on LAYER met1 = 397065 um.
Total wire length on LAYER met2 = 488388 um.
Total wire length on LAYER met3 = 201793 um.
Total wire length on LAYER met4 = 161389 um.
Total wire length on LAYER met5 = 3165 um.
Total number of vias = 238545.
Up-via summary (total 238545):

-------------------------
 FR_MASTERSLICE         0
            li1     98130
           met1    113164
           met2     20070
           met3      7059
           met4       122
-------------------------
               238545


[INFO DRT-0195] Start 6th stubborn tiles iteration.
    Completing 10% with 14 violations.
    elapsed time = 00:00:00, memory = 5152.73 (MB).
    Completing 20% with 14 violations.
    elapsed time = 00:00:02, memory = 5305.27 (MB).
    Completing 30% with 14 violations.
    elapsed time = 00:00:04, memory = 5394.77 (MB).
    Completing 40% with 14 violations.
    elapsed time = 00:00:05, memory = 5340.89 (MB).
    Completing 50% with 14 violations.
    elapsed time = 00:00:08, memory = 5167.80 (MB).
    Completing 60% with 14 violations.
    elapsed time = 00:00:09, memory = 4940.58 (MB).
    Completing 70% with 14 violations.
    elapsed time = 00:00:12, memory = 4724.83 (MB).
    Completing 80% with 14 violations.
    elapsed time = 00:00:15, memory = 4497.13 (MB).
    Completing 90% with 14 violations.
    elapsed time = 00:00:17, memory = 4235.58 (MB).
    Completing 100% with 0 violations.
    elapsed time = 00:00:25, memory = 4040.07 (MB).
[INFO DRT-0199]   Number of violations = 0.
[INFO DRT-0267] cpu time = 00:05:59, elapsed time = 00:00:25, memory = 4040.07 (MB), peak = 5434.89 (MB)
Total wire length = 1251792 um.
Total wire length on LAYER li1 = 0 um.
Total wire length on LAYER met1 = 397090 um.
Total wire length on LAYER met2 = 488381 um.
Total wire length on LAYER met3 = 201765 um.
Total wire length on LAYER met4 = 161389 um.
Total wire length on LAYER met5 = 3165 um.
Total number of vias = 238540.
Up-via summary (total 238540):

-------------------------
 FR_MASTERSLICE         0
            li1     98130
           met1    113162
           met2     20067
           met3      7059
           met4       122
-------------------------
               238540


[INFO DRT-0198] Complete detail routing.
Total wire length = 1251792 um.
Total wire length on LAYER li1 = 0 um.
Total wire length on LAYER met1 = 397090 um.
Total wire length on LAYER met2 = 488381 um.
Total wire length on LAYER met3 = 201765 um.
Total wire length on LAYER met4 = 161389 um.
Total wire length on LAYER met5 = 3165 um.
Total number of vias = 238540.
Up-via summary (total 238540):

-------------------------
 FR_MASTERSLICE         0
            li1     98130
           met1    113162
           met2     20067
           met3      7059
           met4       122
-------------------------
               238540


[INFO DRT-0267] cpu time = 00:11:56, elapsed time = 00:01:10, memory = 4040.07 (MB), peak = 5434.89 (MB)

[INFO DRT-0180] Post processing.
[INFO DRT-0501] Runtime: 94.13s
[INFO ANT-0002] Found 0 net violations.
[INFO ANT-0001] Found 0 pin violations.
[INFO ANT-0002] Found 0 net violations.
[INFO ANT-0001] Found 0 pin violations.
Design area 242015 um^2 58% utilization.
write_db /work/results/sky130hd/m7_j1/p16p0/5_2_route.odb
Elapsed time: 17:04.91[h:]min:sec. CPU time: user 12269.96 sys 55.87 (1202%). Peak memory: 5565332KB.
Log                       Ext     Elapsed/s Peak Memory/MB sha1sum result [0:20)
5_2_route                 .odb         1024           5434 12298e087101c010a239
/OpenROAD-flow-scripts/flow/scripts/flow.sh 5_3_fillcell fillcell
Running fillcell.tcl, stage 5_3_fillcell
read_liberty /OpenROAD-flow-scripts/flow/platforms/sky130hd/lib/sky130_fd_sc_hd__tt_025C_1v80.lib
read_db -hier /work/results/sky130hd/m7_j1/p16p0/5_2_route.odb
[WARNING ORD-0012] Hierarchical flow (-hier) is currently in development and may cause multiple issues. Do not use in production environments.
read_sdc /work/results/sky130hd/m7_j1/p16p0/5_1_grt.sdc
source /OpenROAD-flow-scripts/flow/platforms/sky130hd/setRC.tcl
[WARNING STA-0450] virtual clock vclk_core_clock can not be propagated.
filler_placement "sky130_fd_sc_hd__fill_1 sky130_fd_sc_hd__fill_2 sky130_fd_sc_hd__fill_4 sky130_fd_sc_hd__fill_8"
[INFO DPL-0001] Placed 37205 filler instances.
Design area 242015 um^2 58% utilization.
write_db /work/results/sky130hd/m7_j1/p16p0/5_3_fillcell.odb
Elapsed time: 0:00.75[h:]min:sec. CPU time: user 0.66 sys 0.09 (100%). Peak memory: 278792KB.
Log                       Ext     Elapsed/s Peak Memory/MB sha1sum result [0:20)
5_3_fillcell              .odb            0            272 eb912e92f173ea1cca1c
cp /work/results/sky130hd/m7_j1/p16p0/5_3_fillcell.odb /work/results/sky130hd/m7_j1/p16p0/5_route.odb
cp /work/results/sky130hd/m7_j1/p16p0/5_1_grt.sdc /work/results/sky130hd/m7_j1/p16p0/5_route.sdc
/OpenROAD-flow-scripts/flow/scripts/flow.sh 6_1_fill density_fill
Running density_fill.tcl, stage 6_1_fill
read_liberty /OpenROAD-flow-scripts/flow/platforms/sky130hd/lib/sky130_fd_sc_hd__tt_025C_1v80.lib
read_db -hier /work/results/sky130hd/m7_j1/p16p0/5_route.odb
[WARNING ORD-0012] Hierarchical flow (-hier) is currently in development and may cause multiple issues. Do not use in production environments.
read_sdc /work/results/sky130hd/m7_j1/p16p0/5_route.sdc
source /OpenROAD-flow-scripts/flow/platforms/sky130hd/setRC.tcl
exec cp /work/results/sky130hd/m7_j1/p16p0/5_route.odb /work/results/sky130hd/m7_j1/p16p0/6_1_fill.odb
Elapsed time: 0:00.48[h:]min:sec. CPU time: user 0.39 sys 0.09 (100%). Peak memory: 227820KB.
Log                       Ext     Elapsed/s Peak Memory/MB sha1sum result [0:20)
6_1_fill                  .odb            0            222 eb912e92f173ea1cca1c
cp /work/results/sky130hd/m7_j1/p16p0/5_route.sdc /work/results/sky130hd/m7_j1/p16p0/6_1_fill.sdc
/OpenROAD-flow-scripts/flow/scripts/flow.sh 6_report final_report
Running final_report.tcl, stage 6_report
read_liberty /OpenROAD-flow-scripts/flow/platforms/sky130hd/lib/sky130_fd_sc_hd__tt_025C_1v80.lib
read_db -hier /work/results/sky130hd/m7_j1/p16p0/6_1_fill.odb
[WARNING ORD-0012] Hierarchical flow (-hier) is currently in development and may cause multiple issues. Do not use in production environments.
read_sdc /work/results/sky130hd/m7_j1/p16p0/6_1_fill.sdc
source /OpenROAD-flow-scripts/flow/platforms/sky130hd/setRC.tcl
[WARNING STA-0450] virtual clock vclk_core_clock can not be propagated.
write_db /work/results/sky130hd/m7_j1/p16p0/6_final.odb
write_sdc -no_timestamp /work/results/sky130hd/m7_j1/p16p0/6_final.sdc
Deleted 0 routing obstructions
Warning: master sky130_ef_sc_hd__decap_12 has signal pins but no liberty cell
[INFO RCX-0431] Defined process_corner X with ext_model_index 0
[INFO RCX-0029] Defined extraction corner X
[WARNING RCX-0514] The ext_model_file option is deprecated. Use set_extraction_rules_file command instead.
[INFO RCX-0435] Reading extraction model file /OpenROAD-flow-scripts/flow/platforms/sky130hd/rcx_patterns.rules ...
[INFO RCX-0436] RC segment generation m7_ppa_j1_top (max_merge_res 50.0) ...
[INFO RCX-0040] Final 126994 rc segments
[INFO RCX-0439] Coupling Cap extraction m7_ppa_j1_top ...
[INFO RCX-0440] Coupling threshhold is 0.1000 fF, coupling capacitance less than 0.1000 fF will be grounded.
[INFO RCX-0442] 52% of 276259 wires extracted
[INFO RCX-0442] 100% of 276259 wires extracted
[INFO RCX-0045] Extract 27310 nets, 154071 rsegs, 154071 caps, 351549 ccs
[INFO RCX-0443] 27310 nets finished
[INFO PSM-0040] All shapes on net VDD are connected.
########## IR report #################
Net              : VDD
Corner           : default
Total power      : 7.61e-02 W
Supply voltage   : 1.80e+00 V
Worstcase voltage: 1.80e+00 V
Average voltage  : 1.80e+00 V
Average IR drop  : 3.87e-05 V
Worstcase IR drop: 1.52e-03 V
Percentage drop  : 0.08 %
######################################
[INFO PSM-0040] All shapes on net VSS are connected.
########## IR report #################
Net              : VSS
Corner           : default
Total power      : 7.61e-02 W
Supply voltage   : 0.00e+00 V
Worstcase voltage: 1.41e-03 V
Average voltage  : 3.53e-05 V
Average IR drop  : 3.53e-05 V
Worstcase IR drop: 1.41e-03 V
Percentage drop  : 0.08 %
######################################
Cell type report:                       Count       Area
  Fill cell                             37205  174912.76
  Tap cell                               5497    6877.85
  Antenna cell                            185     462.94
  Clock buffer                            335    7792.47
  Timing Repair Buffer                   1353   11218.26
  Inverter                                435    1636.57
  Clock inverter                          207    2925.31
  Sequential cell                        2420   61956.92
  Multi-Input combinational cell        22608  149144.29
  Total                                 70245  416927.37
Report metrics stage 6, finish...

==========================================================================
finish report_design_area
--------------------------------------------------------------------------
Design area 242015 um^2 58% utilization.
[WARNING GUI-0076] QStandardPaths: XDG_RUNTIME_DIR not set, defaulting to '/tmp/runtime-'
Elapsed time: 0:15.86[h:]min:sec. CPU time: user 31.98 sys 9.50 (261%). Peak memory: 762208KB.
Log                       Ext     Elapsed/s Peak Memory/MB sha1sum result [0:20)
6_report                                 15            744                  N/A
cp /OpenROAD-flow-scripts/flow/platforms/sky130hd/lef/sky130_fd_sc_hd.tlef /work/objects/sky130hd/m7_j1/p16p0/klayout_tech.lef
/usr/bin/python3 /OpenROAD-flow-scripts/flow/util/generate_klayout_tech.py \
	--template /OpenROAD-flow-scripts/flow/platforms/sky130hd/sky130hd.lyt \
	--output /work/objects/sky130hd/m7_j1/p16p0/klayout.lyt \
	--lef-files /work/objects/sky130hd/m7_j1/p16p0/klayout_tech.lef /OpenROAD-flow-scripts/flow/platforms/sky130hd/lef/sky130_fd_sc_hd_merged.lef   \
	--map-files 
/usr/bin/python3 /OpenROAD-flow-scripts/flow/scripts/run_command.py --log /work/logs/sky130hd/m7_j1/p16p0/6_1_merge.log --tee -- \
        /OpenROAD-flow-scripts/flow/scripts/klayout.sh -zz -rd design_name=m7_ppa_j1_top \
        -rd in_def=/work/results/sky130hd/m7_j1/p16p0/6_final.def \
        -rd in_files="/OpenROAD-flow-scripts/flow/platforms/sky130hd/gds/sky130_fd_sc_hd.gds  " \
        -rd seal_file="" \
        -rd out_file=/work/results/sky130hd/m7_j1/p16p0/6_1_merged.gds \
        -rd tech_file=/work/objects/sky130hd/m7_j1/p16p0/klayout.lyt \
        -rd layer_map= \
        -r /OpenROAD-flow-scripts/flow/util/def2stream.py
KLayout 0.30.7
[INFO] Reporting cells prior to loading DEF ...
	/OpenROAD-flow-scripts/flow/platforms/sky130hd/gds/sky130_fd_sc_hd.gds
[INFO] All LEF cells have matching GDS/OAS cells
[INFO] No orphan cells in the final layout
Elapsed time: 0:01.94[h:]min:sec. CPU time: user 1.78 sys 0.16 (99%). Peak memory: 580044KB.
cp /work/results/sky130hd/m7_j1/p16p0/6_1_merged.gds /work/results/sky130hd/m7_j1/p16p0/6_final.gds
/work/logs/sky130hd/m7_j1/p16p0
Log                       Ext     Elapsed/s Peak Memory/MB sha1sum result [0:20)
1_1_yosys_canonicalize    .rtlil          0             74 cd86fca0f17c6f35c509
1_2_yosys                 .v             46            205 2e2b1f90f725d8a7792c
1_2_yosys                 .sdc                             a56667f6ad0d463e0909
1_synth                   .odb            0            192 501804622f2963e86ac7
1_synth                   .sdc                             54d21c5a22796ed77029
2_1_floorplan             .odb            3            236 a0f5e06094b62b868522
2_1_floorplan             .sdc                             54d21c5a22796ed77029
2_2_floorplan_macro       .odb            0            172 a0f5e06094b62b868522
2_3_floorplan_tapcell     .odb            0            161 6885f6e97d7c2a643cfb
2_4_floorplan_pdn         .odb            0            196 f2d8969dd61b656ab925
3_1_place_gp_skip_io      .odb           25            214 202a986f01a650c03e52
3_2_place_iop             .odb            0            182 04cc134945157e0e4011
3_3_place_gp              .odb          111            594 a541e1b30a654d9844e2
3_4_place_resized         .odb            8            274 6093dd3669861e500915
3_5_place_dp              .odb           11            392 3a38008ee2297c048452
4_1_cts                   .odb           10            452 615b92defe71e1c4f763
5_1_grt                   .odb           42           1010 06e96acf4bcad05d17ed
5_1_grt                   .sdc                             5a34a8b91f6a086f3016
5_2_route                 .odb         1024           5434 12298e087101c010a239
5_3_fillcell              .odb            0            272 eb912e92f173ea1cca1c
6_1_fill                  .odb            0            222 eb912e92f173ea1cca1c
6_1_fill                  .sdc                             5a34a8b91f6a086f3016
6_1_merge                                 1            566                  N/A
6_report                                 15            744                  N/A
Total                                  1296           5434                     
END_UTC=2026-08-13T11:33:29Z
ELAPSED_SEC=1315
EXIT_CODE=0
