START_UTC=2026-08-12T13:16:26Z
VARIANT=J1
DESIGN_CONFIG=/repo/m7/ppa/orfs/sky130hd/m7_j1/config.mk
LEC_CHECK=0
CLOCK_PERIOD=15.0
FLOW_VARIANT=p15p0
ORFS_IMAGE=openroad/orfs@sha256:817b608c69a71fafc7b61baec11b4dc073fb8efb9d2714f9bd3316db4beba277
FLOW=/home/mmr/ricv_paper/third_party/OpenROAD-flow-scripts/flow
OPENROAD: /OpenROAD-flow-scripts/tools/OpenROAD
mkdir -p /work/results/sky130hd/m7_j1/p15p0/
echo 15.0 > /work/results/sky130hd/m7_j1/p15p0/clock_period.txt
/OpenROAD-flow-scripts/flow/scripts/synth.sh /OpenROAD-flow-scripts/flow/scripts/synth_canonicalize.tcl /work/logs/sky130hd/m7_j1/p15p0/1_1_yosys_canonicalize.log
Using ABC speed script.
Extracting clock period from SDC file: /work/results/sky130hd/m7_j1/p15p0/clock_period.txt
Setting clock period to 15.0
1. Executing Liberty frontend: /OpenROAD-flow-scripts/flow/platforms/sky130hd/lib/sky130_fd_sc_hd__tt_025C_1v80.lib
2. Executing Liberty frontend: /OpenROAD-flow-scripts/flow/platforms/sky130hd/lib/sky130_fd_sc_hd__tt_025C_1v80.lib
3. Executing SLANG frontend.
3.1. Executing PROC_CLEAN pass (remove empty switches from decision trees).
3.2. Executing TRIBUF pass.
3.3. Executing PROC_RMDEAD pass (remove dead branches from decision trees).
3.4. Executing PROC_PRUNE pass (remove redundant assignments in processes).
3.5. Executing PROC_INIT pass (extract init attributes).
3.6. Executing PROC_ROM pass (convert switches to ROMs).
3.7. Executing PROC_MUX pass (convert decision trees to multiplexers).
3.8. Executing PROC_CLEAN pass (remove empty switches from decision trees).
3.9. Executing OPT_EXPR pass (perform const folding).
4. Executing HIERARCHY pass (managing design hierarchy).
4.1. Analyzing design hierarchy..
4.2. Analyzing design hierarchy..
5. Executing OPT_CLEAN pass (remove unused cells and wires).
6. Executing RTLIL backend.
End of script. Logfile hash: 2a4cf4178f, time: 0.29s, user: 0.27s, system: 0.05s, MEM: 76.48 MB peak
Yosys 0.68+post (git sha1 UNKNOWN, Release, GNU /usr/local/bin/wrapped-cc/g++ 11.4.0)
Time spent: 34% 2x read_slang (0 sec), 22% 4x read_liberty (0 sec), ...
Elapsed time: 0:00.30[h:]min:sec. CPU time: user 0.29 sys 0.05 (114%). Peak memory: 78320KB.
Log                       Ext     Elapsed/s Peak Memory/MB sha1sum result [0:20)
1_1_yosys_canonicalize    .rtlil          0             76 cd86fca0f17c6f35c509
/OpenROAD-flow-scripts/flow/scripts/synth.sh /OpenROAD-flow-scripts/flow/scripts/synth.tcl /work/logs/sky130hd/m7_j1/p15p0/1_2_yosys.log
Using ABC speed script.
Extracting clock period from SDC file: /work/results/sky130hd/m7_j1/p15p0/clock_period.txt
Setting clock period to 15.0
1. Executing RTLIL frontend.
2. Executing HIERARCHY pass (managing design hierarchy).
2.1. Analyzing design hierarchy..
2.2. Analyzing design hierarchy..
3. Executing SYNTH pass.
3.1. Executing HIERARCHY pass (managing design hierarchy).
3.1.1. Analyzing design hierarchy..
3.1.2. Analyzing design hierarchy..
3.2. Executing PROC pass (convert processes to netlists).
3.2.1. Executing PROC_CLEAN pass (remove empty switches from decision trees).
3.2.2. Executing PROC_RMDEAD pass (remove dead branches from decision trees).
3.2.3. Executing PROC_PRUNE pass (remove redundant assignments in processes).
3.2.4. Executing PROC_INIT pass (extract init attributes).
3.2.5. Executing PROC_ARST pass (detect async resets in processes).
3.2.6. Executing PROC_ROM pass (convert switches to ROMs).
3.2.7. Executing PROC_MUX pass (convert decision trees to multiplexers).
3.2.8. Executing PROC_DLATCH pass (convert process syncs to latches).
3.2.9. Executing PROC_DFF pass (convert process syncs to FFs).
3.2.10. Executing PROC_MEMWR pass (convert process memory writes to cells).
3.2.11. Executing PROC_CLEAN pass (remove empty switches from decision trees).
3.2.12. Executing OPT_EXPR pass (perform const folding).
3.3. Executing CHECK pass (checking for obvious problems).
3.4. Executing FLATTEN pass (flatten design).
3.5. Executing OPT_EXPR pass (perform const folding).
3.6. Executing OPT_CLEAN pass (remove unused cells and wires).
3.7. Executing CHECK pass (checking for obvious problems).
3.8. Executing OPT pass (performing simple optimizations).
3.8.1. Executing OPT_EXPR pass (perform const folding).
3.8.2. Executing OPT_MERGE pass (detect identical cells).
3.8.3. Executing OPT_MUXTREE pass (detect dead branches in mux trees).
3.8.4. Executing OPT_REDUCE pass (consolidate $*mux and $reduce_* inputs).
3.8.5. Executing OPT_MERGE pass (detect identical cells).
3.8.6. Executing OPT_DFF pass (perform DFF optimizations).
3.8.7. Executing OPT_CLEAN pass (remove unused cells and wires).
3.8.8. Executing OPT_EXPR pass (perform const folding).
3.8.9. Rerunning OPT passes. (Maybe there is more to do..)
3.8.10. Executing OPT_MUXTREE pass (detect dead branches in mux trees).
3.8.11. Executing OPT_REDUCE pass (consolidate $*mux and $reduce_* inputs).
3.8.12. Executing OPT_MERGE pass (detect identical cells).
3.8.13. Executing OPT_DFF pass (perform DFF optimizations).
3.8.14. Executing OPT_CLEAN pass (remove unused cells and wires).
3.8.15. Executing OPT_EXPR pass (perform const folding).
3.8.16. Rerunning OPT passes. (Maybe there is more to do..)
3.8.17. Executing OPT_MUXTREE pass (detect dead branches in mux trees).
3.8.18. Executing OPT_REDUCE pass (consolidate $*mux and $reduce_* inputs).
3.8.19. Executing OPT_MERGE pass (detect identical cells).
3.8.20. Executing OPT_DFF pass (perform DFF optimizations).
3.8.21. Executing OPT_CLEAN pass (remove unused cells and wires).
3.8.22. Executing OPT_EXPR pass (perform const folding).
3.8.23. Finished fast OPT passes. (There is nothing left to do.)
3.9. Executing FSM pass (extract and optimize FSM).
3.9.1. Executing FSM_DETECT pass (finding FSMs in design).
3.9.2. Executing FSM_EXTRACT pass (extracting FSM from design).
3.9.3. Executing FSM_OPT pass (simple optimizations of FSMs).
3.9.4. Executing OPT_CLEAN pass (remove unused cells and wires).
3.9.5. Executing FSM_OPT pass (simple optimizations of FSMs).
3.9.6. Executing FSM_RECODE pass (re-assigning FSM state encoding).
3.9.7. Executing FSM_INFO pass (dumping all available information on FSM cells).
3.9.8. Executing FSM_MAP pass (mapping FSMs to basic logic).
3.10. Executing OPT pass (performing simple optimizations).
3.10.1. Executing OPT_EXPR pass (perform const folding).
3.10.2. Executing OPT_MERGE pass (detect identical cells).
3.10.3. Executing OPT_MUXTREE pass (detect dead branches in mux trees).
3.10.4. Executing OPT_REDUCE pass (consolidate $*mux and $reduce_* inputs).
3.10.5. Executing OPT_MERGE pass (detect identical cells).
3.10.6. Executing OPT_DFF pass (perform DFF optimizations).
3.10.7. Executing OPT_CLEAN pass (remove unused cells and wires).
3.10.8. Executing OPT_EXPR pass (perform const folding).
3.10.9. Rerunning OPT passes. (Maybe there is more to do..)
3.10.10. Executing OPT_MUXTREE pass (detect dead branches in mux trees).
3.10.11. Executing OPT_REDUCE pass (consolidate $*mux and $reduce_* inputs).
3.10.12. Executing OPT_MERGE pass (detect identical cells).
3.10.13. Executing OPT_DFF pass (perform DFF optimizations).
3.10.14. Executing OPT_CLEAN pass (remove unused cells and wires).
3.10.15. Executing OPT_EXPR pass (perform const folding).
3.10.16. Rerunning OPT passes. (Maybe there is more to do..)
3.10.17. Executing OPT_MUXTREE pass (detect dead branches in mux trees).
3.10.18. Executing OPT_REDUCE pass (consolidate $*mux and $reduce_* inputs).
3.10.19. Executing OPT_MERGE pass (detect identical cells).
3.10.20. Executing OPT_DFF pass (perform DFF optimizations).
3.10.21. Executing OPT_CLEAN pass (remove unused cells and wires).
3.10.22. Executing OPT_EXPR pass (perform const folding).
3.10.23. Rerunning OPT passes. (Maybe there is more to do..)
3.10.24. Executing OPT_MUXTREE pass (detect dead branches in mux trees).
3.10.25. Executing OPT_REDUCE pass (consolidate $*mux and $reduce_* inputs).
3.10.26. Executing OPT_MERGE pass (detect identical cells).
3.10.27. Executing OPT_DFF pass (perform DFF optimizations).
3.10.28. Executing OPT_CLEAN pass (remove unused cells and wires).
3.10.29. Executing OPT_EXPR pass (perform const folding).
3.10.30. Rerunning OPT passes. (Maybe there is more to do..)
3.10.31. Executing OPT_MUXTREE pass (detect dead branches in mux trees).
3.10.32. Executing OPT_REDUCE pass (consolidate $*mux and $reduce_* inputs).
3.10.33. Executing OPT_MERGE pass (detect identical cells).
3.10.34. Executing OPT_DFF pass (perform DFF optimizations).
3.10.35. Executing OPT_CLEAN pass (remove unused cells and wires).
3.10.36. Executing OPT_EXPR pass (perform const folding).
3.10.37. Finished fast OPT passes. (There is nothing left to do.)
3.11. Executing WREDUCE pass (reducing word size of cells).
3.12. Executing PEEPOPT pass (run peephole optimizers).
3.13. Executing OPT_CLEAN pass (remove unused cells and wires).
3.14. Executing ALUMACC pass (create $alu and $macc cells).
3.15. Executing SHARE pass (SAT-based resource sharing).
3.16. Executing OPT pass (performing simple optimizations).
3.16.1. Executing OPT_EXPR pass (perform const folding).
3.16.2. Executing OPT_MERGE pass (detect identical cells).
3.16.3. Executing OPT_MUXTREE pass (detect dead branches in mux trees).
3.16.4. Executing OPT_REDUCE pass (consolidate $*mux and $reduce_* inputs).
3.16.5. Executing OPT_MERGE pass (detect identical cells).
3.16.6. Executing OPT_DFF pass (perform DFF optimizations).
3.16.7. Executing OPT_CLEAN pass (remove unused cells and wires).
3.16.8. Executing OPT_EXPR pass (perform const folding).
3.16.9. Rerunning OPT passes. (Maybe there is more to do..)
3.16.10. Executing OPT_MUXTREE pass (detect dead branches in mux trees).
3.16.11. Executing OPT_REDUCE pass (consolidate $*mux and $reduce_* inputs).
3.16.12. Executing OPT_MERGE pass (detect identical cells).
3.16.13. Executing OPT_DFF pass (perform DFF optimizations).
3.16.14. Executing OPT_CLEAN pass (remove unused cells and wires).
3.16.15. Executing OPT_EXPR pass (perform const folding).
3.16.16. Finished fast OPT passes. (There is nothing left to do.)
3.17. Executing MEMORY pass.
3.17.1. Executing OPT_MEM pass (optimize memories).
3.17.2. Executing OPT_MEM_PRIORITY pass (removing unnecessary memory write priority relations).
3.17.3. Executing OPT_MEM_FEEDBACK pass (finding memory read-to-write feedback paths).
3.17.4. Executing MEMORY_BMUX2ROM pass (converting muxes to ROMs).
3.17.5. Executing MEMORY_DFF pass (merging $dff cells to $memrd).
3.17.6. Executing OPT_CLEAN pass (remove unused cells and wires).
3.17.7. Executing MEMORY_SHARE pass (consolidating $memrd/$memwr cells).
3.17.8. Executing OPT_MEM_WIDEN pass (optimize memories where all ports are wide).
3.17.9. Executing OPT_CLEAN pass (remove unused cells and wires).
3.17.10. Executing MEMORY_COLLECT pass (generating $mem cells).
3.18. Executing OPT_CLEAN pass (remove unused cells and wires).
4. Executing TECHMAP pass (map to technology primitives).
4.1. Executing Verilog-2005 frontend: /OpenROAD-flow-scripts/tools/install/yosys/bin/../share/yosys/techmap.v
4.2. Continuing TECHMAP pass.
5. Generating architectural options for $alu
5.1. Executing WRAPCELL pass. (wrap selected cells)
5.2. Executing TECHMAP pass (map to technology primitives).
5.2.1. Executing Verilog-2005 frontend: /OpenROAD-flow-scripts/tools/install/yosys/bin/../share/yosys/techmap.v
5.2.2. Executing Verilog-2005 frontend: /OpenROAD-flow-scripts/tools/install/yosys/bin/../share/yosys/choices/han-carlson.v
5.2.3. Continuing TECHMAP pass.
Warning: Latch inferred for signal `$paramod\_80_lcu_han_carlson\WIDTH=32'00000000000000000000000000100010.\j [4:0]' from process `$paramod\_80_lcu_han_carlson\WIDTH=32'00000000000000000000000000100010.$proc$/OpenROAD-flow-scripts/tools/install/yosys/bin/../share/yosys/choices/han-carlson.v:18$79156': $auto$proc_dlatch.cc:545:proc_dlatch$80476
Warning: Latch inferred for signal `$paramod\_80_lcu_han_carlson\WIDTH=32'00000000000000000000000000100010.\j [31:5]' from process `$paramod\_80_lcu_han_carlson\WIDTH=32'00000000000000000000000000100010.$proc$/OpenROAD-flow-scripts/tools/install/yosys/bin/../share/yosys/choices/han-carlson.v:18$79156': $auto$proc_dlatch.cc:547:proc_dlatch$80479
Warning: Latch inferred for signal `$paramod\_80_lcu_han_carlson\WIDTH=32'00000000000000000000000000100000.\j [3:0]' from process `$paramod\_80_lcu_han_carlson\WIDTH=32'00000000000000000000000000100000.$proc$/OpenROAD-flow-scripts/tools/install/yosys/bin/../share/yosys/choices/han-carlson.v:18$81021': $auto$proc_dlatch.cc:545:proc_dlatch$82248
Warning: Latch inferred for signal `$paramod\_80_lcu_han_carlson\WIDTH=32'00000000000000000000000000100000.\j [31:4]' from process `$paramod\_80_lcu_han_carlson\WIDTH=32'00000000000000000000000000100000.$proc$/OpenROAD-flow-scripts/tools/install/yosys/bin/../share/yosys/choices/han-carlson.v:18$81021': $auto$proc_dlatch.cc:547:proc_dlatch$82251
Warning: Latch inferred for signal `$paramod\_80_lcu_han_carlson\WIDTH=32'00000000000000000000000000100001.\j [4:0]' from process `$paramod\_80_lcu_han_carlson\WIDTH=32'00000000000000000000000000100001.$proc$/OpenROAD-flow-scripts/tools/install/yosys/bin/../share/yosys/choices/han-carlson.v:18$83200': $auto$proc_dlatch.cc:545:proc_dlatch$84460
Warning: Latch inferred for signal `$paramod\_80_lcu_han_carlson\WIDTH=32'00000000000000000000000000100001.\j [31:5]' from process `$paramod\_80_lcu_han_carlson\WIDTH=32'00000000000000000000000000100001.$proc$/OpenROAD-flow-scripts/tools/install/yosys/bin/../share/yosys/choices/han-carlson.v:18$83200': $auto$proc_dlatch.cc:547:proc_dlatch$84463
5.3. Executing TECHMAP pass (map to technology primitives).
5.3.1. Executing Verilog-2005 frontend: /OpenROAD-flow-scripts/tools/install/yosys/bin/../share/yosys/techmap.v
5.3.2. Executing Verilog-2005 frontend: /OpenROAD-flow-scripts/tools/install/yosys/bin/../share/yosys/choices/kogge-stone.v
5.3.3. Continuing TECHMAP pass.
5.4. Executing TECHMAP pass (map to technology primitives).
5.4.1. Executing Verilog-2005 frontend: /OpenROAD-flow-scripts/tools/install/yosys/bin/../share/yosys/techmap.v
5.4.2. Executing Verilog-2005 frontend: /OpenROAD-flow-scripts/tools/install/yosys/bin/../share/yosys/choices/sklansky.v
5.4.3. Continuing TECHMAP pass.
5.5. Executing TECHMAP pass (map to technology primitives).
5.5.1. Executing Verilog-2005 frontend: /OpenROAD-flow-scripts/tools/install/yosys/bin/../share/yosys/techmap.v
5.5.2. Continuing TECHMAP pass.
6. Generating architectural options for $macc
6.1. Executing WRAPCELL pass. (wrap selected cells)
6.2. Executing TECHMAP pass (map to technology primitives).
6.2.1. Executing Verilog-2005 frontend: /OpenROAD-flow-scripts/tools/install/yosys/bin/../share/yosys/techmap.v
6.2.2. Executing Verilog-2005 frontend: /OpenROAD-flow-scripts/flow/scripts/synth_wrap_operators-booth.v
6.2.3. Continuing TECHMAP pass.
6.3. Executing TECHMAP pass (map to technology primitives).
6.3.1. Executing Verilog-2005 frontend: /OpenROAD-flow-scripts/tools/install/yosys/bin/../share/yosys/techmap.v
6.3.2. Executing Verilog-2005 frontend: /OpenROAD-flow-scripts/tools/install/yosys/bin/../share/yosys/choices/han-carlson.v
6.3.3. Continuing TECHMAP pass.
7. Executing OPT pass (performing simple optimizations).
7.1. Executing OPT_EXPR pass (perform const folding).
7.2. Executing OPT_MERGE pass (detect identical cells).
7.3. Executing OPT_DFF pass (perform DFF optimizations).
7.4. Executing OPT_CLEAN pass (remove unused cells and wires).
7.5. Rerunning OPT passes. (Removed registers in this run.)
7.6. Executing OPT_EXPR pass (perform const folding).
7.7. Executing OPT_MERGE pass (detect identical cells).
7.8. Executing OPT_DFF pass (perform DFF optimizations).
7.9. Executing OPT_CLEAN pass (remove unused cells and wires).
7.10. Rerunning OPT passes. (Removed registers in this run.)
7.11. Executing OPT_EXPR pass (perform const folding).
7.12. Executing OPT_MERGE pass (detect identical cells).
7.13. Executing OPT_DFF pass (perform DFF optimizations).
7.14. Executing OPT_CLEAN pass (remove unused cells and wires).
7.15. Finished fast OPT passes.
8. Executing MEMORY_MAP pass (converting memories to logic and flip-flops).
9. Executing OPT pass (performing simple optimizations).
9.1. Executing OPT_EXPR pass (perform const folding).
9.2. Executing OPT_MERGE pass (detect identical cells).
9.3. Executing OPT_MUXTREE pass (detect dead branches in mux trees).
9.4. Executing OPT_REDUCE pass (consolidate $*mux and $reduce_* inputs).
9.5. Executing OPT_MERGE pass (detect identical cells).
9.6. Executing OPT_SHARE pass.
9.7. Executing OPT_DFF pass (perform DFF optimizations).
9.8. Executing OPT_CLEAN pass (remove unused cells and wires).
9.9. Executing OPT_EXPR pass (perform const folding).
9.10. Rerunning OPT passes. (Maybe there is more to do..)
9.11. Executing OPT_MUXTREE pass (detect dead branches in mux trees).
9.12. Executing OPT_REDUCE pass (consolidate $*mux and $reduce_* inputs).
9.13. Executing OPT_MERGE pass (detect identical cells).
9.14. Executing OPT_SHARE pass.
9.15. Executing OPT_DFF pass (perform DFF optimizations).
9.16. Executing OPT_CLEAN pass (remove unused cells and wires).
9.17. Executing OPT_EXPR pass (perform const folding).
9.18. Rerunning OPT passes. (Maybe there is more to do..)
9.19. Executing OPT_MUXTREE pass (detect dead branches in mux trees).
9.20. Executing OPT_REDUCE pass (consolidate $*mux and $reduce_* inputs).
9.21. Executing OPT_MERGE pass (detect identical cells).
9.22. Executing OPT_SHARE pass.
9.23. Executing OPT_DFF pass (perform DFF optimizations).
9.24. Executing OPT_CLEAN pass (remove unused cells and wires).
9.25. Executing OPT_EXPR pass (perform const folding).
9.26. Finished fast OPT passes. (There is nothing left to do.)
10. Executing TECHMAP pass (map to technology primitives).
10.1. Executing Verilog-2005 frontend: /OpenROAD-flow-scripts/tools/install/yosys/bin/../share/yosys/techmap.v
10.2. Executing Verilog-2005 frontend: /OpenROAD-flow-scripts/tools/install/yosys/bin/../share/yosys/choices/han-carlson.v
10.3. Continuing TECHMAP pass.
Warning: Latch inferred for signal `$paramod\_80_lcu_han_carlson\WIDTH=32'00000000000000000000000000000101.\j [1:0]' from process `$paramod\_80_lcu_han_carlson\WIDTH=32'00000000000000000000000000000101.$proc$/OpenROAD-flow-scripts/tools/install/yosys/bin/../share/yosys/choices/han-carlson.v:18$98413': $auto$proc_dlatch.cc:545:proc_dlatch$98569
Warning: Latch inferred for signal `$paramod\_80_lcu_han_carlson\WIDTH=32'00000000000000000000000000000101.\j [31:2]' from process `$paramod\_80_lcu_han_carlson\WIDTH=32'00000000000000000000000000000101.$proc$/OpenROAD-flow-scripts/tools/install/yosys/bin/../share/yosys/choices/han-carlson.v:18$98413': $auto$proc_dlatch.cc:547:proc_dlatch$98572
Warning: Latch inferred for signal `$paramod\_80_lcu_han_carlson\WIDTH=32'00000000000000000000000000000001.\j' from process `$paramod\_80_lcu_han_carlson\WIDTH=32'00000000000000000000000000000001.$proc$/OpenROAD-flow-scripts/tools/install/yosys/bin/../share/yosys/choices/han-carlson.v:18$98587': $auto$proc_dlatch.cc:545:proc_dlatch$98625
Warning: Latch inferred for signal `$paramod\_80_lcu_han_carlson\WIDTH=32'00000000000000000000000000000010.\j' from process `$paramod\_80_lcu_han_carlson\WIDTH=32'00000000000000000000000000000010.$proc$/OpenROAD-flow-scripts/tools/install/yosys/bin/../share/yosys/choices/han-carlson.v:18$98637': $auto$proc_dlatch.cc:545:proc_dlatch$98690
Warning: Latch inferred for signal `$paramod\_80_lcu_han_carlson\WIDTH=32'00000000000000000000000000001100.\j [2:0]' from process `$paramod\_80_lcu_han_carlson\WIDTH=32'00000000000000000000000000001100.$proc$/OpenROAD-flow-scripts/tools/install/yosys/bin/../share/yosys/choices/han-carlson.v:18$98724': $auto$proc_dlatch.cc:545:proc_dlatch$99129
Warning: Latch inferred for signal `$paramod\_80_lcu_han_carlson\WIDTH=32'00000000000000000000000000001100.\j [31:3]' from process `$paramod\_80_lcu_han_carlson\WIDTH=32'00000000000000000000000000001100.$proc$/OpenROAD-flow-scripts/tools/install/yosys/bin/../share/yosys/choices/han-carlson.v:18$98724': $auto$proc_dlatch.cc:547:proc_dlatch$99132
Warning: Latch inferred for signal `$paramod\_80_lcu_han_carlson\WIDTH=32'00000000000000000000000001000000.\j [4:0]' from process `$paramod\_80_lcu_han_carlson\WIDTH=32'00000000000000000000000001000000.$proc$/OpenROAD-flow-scripts/tools/install/yosys/bin/../share/yosys/choices/han-carlson.v:18$99397': $auto$proc_dlatch.cc:545:proc_dlatch$102112
Warning: Latch inferred for signal `$paramod\_80_lcu_han_carlson\WIDTH=32'00000000000000000000000001000000.\j [31:5]' from process `$paramod\_80_lcu_han_carlson\WIDTH=32'00000000000000000000000001000000.$proc$/OpenROAD-flow-scripts/tools/install/yosys/bin/../share/yosys/choices/han-carlson.v:18$99397': $auto$proc_dlatch.cc:547:proc_dlatch$102115
Warning: Latch inferred for signal `$paramod\_80_lcu_han_carlson\WIDTH=32'00000000000000000000000000011111.\j [3:0]' from process `$paramod\_80_lcu_han_carlson\WIDTH=32'00000000000000000000000000011111.$proc$/OpenROAD-flow-scripts/tools/install/yosys/bin/../share/yosys/choices/han-carlson.v:18$102490': $auto$proc_dlatch.cc:545:proc_dlatch$103666
Warning: Latch inferred for signal `$paramod\_80_lcu_han_carlson\WIDTH=32'00000000000000000000000000011111.\j [31:4]' from process `$paramod\_80_lcu_han_carlson\WIDTH=32'00000000000000000000000000011111.$proc$/OpenROAD-flow-scripts/tools/install/yosys/bin/../share/yosys/choices/han-carlson.v:18$102490': $auto$proc_dlatch.cc:547:proc_dlatch$103669
Warning: Latch inferred for signal `$paramod\_80_lcu_han_carlson\WIDTH=32'00000000000000000000000000011110.\j [3:0]' from process `$paramod\_80_lcu_han_carlson\WIDTH=32'00000000000000000000000000011110.$proc$/OpenROAD-flow-scripts/tools/install/yosys/bin/../share/yosys/choices/han-carlson.v:18$104165': $auto$proc_dlatch.cc:545:proc_dlatch$105308
Warning: Latch inferred for signal `$paramod\_80_lcu_han_carlson\WIDTH=32'00000000000000000000000000011110.\j [31:4]' from process `$paramod\_80_lcu_han_carlson\WIDTH=32'00000000000000000000000000011110.$proc$/OpenROAD-flow-scripts/tools/install/yosys/bin/../share/yosys/choices/han-carlson.v:18$104165': $auto$proc_dlatch.cc:547:proc_dlatch$105311
Warning: Latch inferred for signal `$paramod\_80_lcu_han_carlson\WIDTH=32'00000000000000000000000000000011.\j [0]' from process `$paramod\_80_lcu_han_carlson\WIDTH=32'00000000000000000000000000000011.$proc$/OpenROAD-flow-scripts/tools/install/yosys/bin/../share/yosys/choices/han-carlson.v:18$105371': $auto$proc_dlatch.cc:545:proc_dlatch$105470
Warning: Latch inferred for signal `$paramod\_80_lcu_han_carlson\WIDTH=32'00000000000000000000000000000011.\j [31:1]' from process `$paramod\_80_lcu_han_carlson\WIDTH=32'00000000000000000000000000000011.$proc$/OpenROAD-flow-scripts/tools/install/yosys/bin/../share/yosys/choices/han-carlson.v:18$105371': $auto$proc_dlatch.cc:547:proc_dlatch$105473
11. Executing OPT pass (performing simple optimizations).
11.1. Executing OPT_EXPR pass (perform const folding).
11.2. Executing OPT_MERGE pass (detect identical cells).
11.3. Executing OPT_MUXTREE pass (detect dead branches in mux trees).
11.4. Executing OPT_REDUCE pass (consolidate $*mux and $reduce_* inputs).
11.5. Executing OPT_MERGE pass (detect identical cells).
11.6. Executing OPT_DFF pass (perform DFF optimizations).
11.7. Executing OPT_CLEAN pass (remove unused cells and wires).
11.8. Executing OPT_EXPR pass (perform const folding).
11.9. Rerunning OPT passes. (Maybe there is more to do..)
11.10. Executing OPT_MUXTREE pass (detect dead branches in mux trees).
11.11. Executing OPT_REDUCE pass (consolidate $*mux and $reduce_* inputs).
11.12. Executing OPT_MERGE pass (detect identical cells).
11.13. Executing OPT_DFF pass (perform DFF optimizations).
11.14. Executing OPT_CLEAN pass (remove unused cells and wires).
11.15. Executing OPT_EXPR pass (perform const folding).
11.16. Finished fast OPT passes. (There is nothing left to do.)
12. Executing DFFLEGALIZE pass (convert FFs to types supported by the target).
13. Executing TECHMAP pass (map to technology primitives).
13.1. Executing Verilog-2005 frontend: /OpenROAD-flow-scripts/flow/platforms/sky130hd/cells_latch_hd.v
13.2. Continuing TECHMAP pass.
14. Executing DFFLIBMAP pass (mapping DFF cells to sequential cells from liberty file).
14.1. Executing DFFLEGALIZE pass (convert FFs to types supported by the target).
15. Executing OPT pass (performing simple optimizations).
15.1. Executing OPT_EXPR pass (perform const folding).
15.2. Executing OPT_MERGE pass (detect identical cells).
15.3. Executing OPT_MUXTREE pass (detect dead branches in mux trees).
15.4. Executing OPT_REDUCE pass (consolidate $*mux and $reduce_* inputs).
15.5. Executing OPT_MERGE pass (detect identical cells).
15.6. Executing OPT_DFF pass (perform DFF optimizations).
15.7. Executing OPT_CLEAN pass (remove unused cells and wires).
15.8. Executing OPT_EXPR pass (perform const folding).
15.9. Rerunning OPT passes. (Maybe there is more to do..)
15.10. Executing OPT_MUXTREE pass (detect dead branches in mux trees).
15.11. Executing OPT_REDUCE pass (consolidate $*mux and $reduce_* inputs).
15.12. Executing OPT_MERGE pass (detect identical cells).
15.13. Executing OPT_DFF pass (perform DFF optimizations).
15.14. Executing OPT_CLEAN pass (remove unused cells and wires).
15.15. Executing OPT_EXPR pass (perform const folding).
15.16. Finished fast OPT passes. (There is nothing left to do.)
16. Executing SETUNDEF pass (replace undef values with defined constants).
abc_new -liberty /OpenROAD-flow-scripts/flow/platforms/sky130hd/lib/sky130_fd_sc_hd__tt_025C_1v80.lib -dont_use sky130_fd_sc_hd__probe_p_8 -dont_use sky130_fd_sc_hd__probec_p_8 -dont_use sky130_fd_sc_hd__lpflow_bleeder_1 -dont_use sky130_fd_sc_hd__lpflow_clkbufkapwr_1 -dont_use sky130_fd_sc_hd__lpflow_clkbufkapwr_16 -dont_use sky130_fd_sc_hd__lpflow_clkbufkapwr_2 -dont_use sky130_fd_sc_hd__lpflow_clkbufkapwr_4 -dont_use sky130_fd_sc_hd__lpflow_clkbufkapwr_8 -dont_use sky130_fd_sc_hd__lpflow_clkinvkapwr_1 -dont_use sky130_fd_sc_hd__lpflow_clkinvkapwr_16 -dont_use sky130_fd_sc_hd__lpflow_clkinvkapwr_2 -dont_use sky130_fd_sc_hd__lpflow_clkinvkapwr_4 -dont_use sky130_fd_sc_hd__lpflow_clkinvkapwr_8 -dont_use sky130_fd_sc_hd__lpflow_decapkapwr_12 -dont_use sky130_fd_sc_hd__lpflow_decapkapwr_3 -dont_use sky130_fd_sc_hd__lpflow_decapkapwr_4 -dont_use sky130_fd_sc_hd__lpflow_decapkapwr_6 -dont_use sky130_fd_sc_hd__lpflow_decapkapwr_8 -dont_use sky130_fd_sc_hd__lpflow_inputiso0n_1 -dont_use sky130_fd_sc_hd__lpflow_inputiso0p_1 -dont_use sky130_fd_sc_hd__lpflow_inputiso1n_1 -dont_use sky130_fd_sc_hd__lpflow_inputiso1p_1 -dont_use sky130_fd_sc_hd__lpflow_inputisolatch_1 -dont_use sky130_fd_sc_hd__lpflow_isobufsrc_1 -dont_use sky130_fd_sc_hd__lpflow_isobufsrc_16 -dont_use sky130_fd_sc_hd__lpflow_isobufsrc_2 -dont_use sky130_fd_sc_hd__lpflow_isobufsrc_4 -dont_use sky130_fd_sc_hd__lpflow_isobufsrc_8 -dont_use sky130_fd_sc_hd__lpflow_isobufsrckapwr_16 -dont_use sky130_fd_sc_hd__lpflow_lsbuf_lh_hl_isowell_tap_1 -dont_use sky130_fd_sc_hd__lpflow_lsbuf_lh_hl_isowell_tap_2 -dont_use sky130_fd_sc_hd__lpflow_lsbuf_lh_hl_isowell_tap_4 -dont_use sky130_fd_sc_hd__lpflow_lsbuf_lh_isowell_4 -dont_use sky130_fd_sc_hd__lpflow_lsbuf_lh_isowell_tap_1 -dont_use sky130_fd_sc_hd__lpflow_lsbuf_lh_isowell_tap_2 -dont_use sky130_fd_sc_hd__lpflow_lsbuf_lh_isowell_tap_4 -constr /work/objects/sky130hd/m7_j1/p15p0/abc.constr -D 15.0
Warning: Feature 'abc_new' is experimental.
17. Executing ABC_NEW pass.
17.1. Executing ABC9_OPS pass (helper functions for ABC9).
17.2. Executing BOX_DERIVE pass. (derive modules for boxes)
17.3. Executing ABC9_OPS pass (helper functions for ABC9).
17.4. Executing ABC9_OPS pass (helper functions for ABC9).
17.5. Mapping module 'ALU_33_0_33_0_33_unused_CO_X_Y[0]_HAN_CARLSON'.
17.5.1. Executing ABC9_OPS pass (helper functions for ABC9).
Warning: Feature 'write_xaiger2' is experimental.
17.5.2. Executing XAIGER2 backend.
17.5.3. Executing ABC9_EXE pass (technology mapping using ABC9).
17.5.4. Executing ABC9.
Warning: Feature 'read_xaiger2' is experimental.
17.5.5. Executing XAIGER2 frontend.
17.6. Executing PORTARCS pass. (derive propagation arcs)
17.7. Executing ABC9_OPS pass (helper functions for ABC9).
17.8. Mapping module 'ALU_30_0_32_0_32_unused_CO[30:0]_X_Y_HAN_CARLSON'.
17.8.1. Executing ABC9_OPS pass (helper functions for ABC9).
17.8.2. Executing XAIGER2 backend.
17.8.3. Executing ABC9_EXE pass (technology mapping using ABC9).
17.8.4. Executing ABC9.
17.8.5. Executing XAIGER2 frontend.
17.9. Executing PORTARCS pass. (derive propagation arcs)
17.10. Executing ABC9_OPS pass (helper functions for ABC9).
17.11. Mapping module 'ALU_30_0_32_0_32_unused_CO[30:0]_Y_HAN_CARLSON'.
17.11.1. Executing ABC9_OPS pass (helper functions for ABC9).
17.11.2. Executing XAIGER2 backend.
17.11.3. Executing ABC9_EXE pass (technology mapping using ABC9).
17.11.4. Executing ABC9.
17.11.5. Executing XAIGER2 frontend.
17.12. Executing PORTARCS pass. (derive propagation arcs)
17.13. Executing ABC9_OPS pass (helper functions for ABC9).
17.14. Mapping module 'ALU_34_0_34_0_34_HAN_CARLSON'.
17.14.1. Executing ABC9_OPS pass (helper functions for ABC9).
17.14.2. Executing XAIGER2 backend.
17.14.3. Executing ABC9_EXE pass (technology mapping using ABC9).
17.14.4. Executing ABC9.
17.14.5. Executing XAIGER2 frontend.
17.15. Executing PORTARCS pass. (derive propagation arcs)
17.16. Executing ABC9_OPS pass (helper functions for ABC9).
17.17. Mapping module 'm7_ppa_j1_top'.
17.17.1. Executing ABC9_OPS pass (helper functions for ABC9).
17.17.2. Executing XAIGER2 backend.
17.17.3. Executing ABC9_EXE pass (technology mapping using ABC9).
17.17.4. Executing ABC9.
Warning: ABC: execution of command ""/OpenROAD-flow-scripts/tools/install/yosys/bin/yosys-abc" -s -f /tmp/yosys-abc-2TGahC/abc.script 2>&1" failed: return code 134.
17.17.5. Executing XAIGER2 frontend.
17.18. Mapping module 'ALU_34_0_34_0_34_BRENT_KUNG'.
17.18.1. Executing ABC9_OPS pass (helper functions for ABC9).
17.18.2. Executing XAIGER2 backend.
17.18.3. Executing ABC9_EXE pass (technology mapping using ABC9).
17.18.4. Executing ABC9.
17.18.5. Executing XAIGER2 frontend.
17.19. Executing PORTARCS pass. (derive propagation arcs)
17.20. Executing ABC9_OPS pass (helper functions for ABC9).
17.21. Mapping module 'ALU_34_0_34_0_34_SKLANSKY'.
17.21.1. Executing ABC9_OPS pass (helper functions for ABC9).
17.21.2. Executing XAIGER2 backend.
17.21.3. Executing ABC9_EXE pass (technology mapping using ABC9).
17.21.4. Executing ABC9.
17.21.5. Executing XAIGER2 frontend.
17.22. Executing PORTARCS pass. (derive propagation arcs)
17.23. Executing ABC9_OPS pass (helper functions for ABC9).
17.24. Mapping module 'ALU_34_0_34_0_34_KOGGE_STONE'.
17.24.1. Executing ABC9_OPS pass (helper functions for ABC9).
17.24.2. Executing XAIGER2 backend.
17.24.3. Executing ABC9_EXE pass (technology mapping using ABC9).
17.24.4. Executing ABC9.
17.24.5. Executing XAIGER2 frontend.
17.25. Executing PORTARCS pass. (derive propagation arcs)
17.26. Executing ABC9_OPS pass (helper functions for ABC9).
17.27. Mapping module 'ALU_30_0_32_0_32_unused_CO[30:0]_Y_BRENT_KUNG'.
17.27.1. Executing ABC9_OPS pass (helper functions for ABC9).
17.27.2. Executing XAIGER2 backend.
17.27.3. Executing ABC9_EXE pass (technology mapping using ABC9).
17.27.4. Executing ABC9.
17.27.5. Executing XAIGER2 frontend.
17.28. Executing PORTARCS pass. (derive propagation arcs)
17.29. Executing ABC9_OPS pass (helper functions for ABC9).
17.30. Mapping module 'ALU_30_0_32_0_32_unused_CO[30:0]_Y_SKLANSKY'.
17.30.1. Executing ABC9_OPS pass (helper functions for ABC9).
17.30.2. Executing XAIGER2 backend.
17.30.3. Executing ABC9_EXE pass (technology mapping using ABC9).
17.30.4. Executing ABC9.
17.30.5. Executing XAIGER2 frontend.
17.31. Executing PORTARCS pass. (derive propagation arcs)
17.32. Executing ABC9_OPS pass (helper functions for ABC9).
17.33. Mapping module 'ALU_30_0_32_0_32_unused_CO[30:0]_Y_KOGGE_STONE'.
17.33.1. Executing ABC9_OPS pass (helper functions for ABC9).
17.33.2. Executing XAIGER2 backend.
17.33.3. Executing ABC9_EXE pass (technology mapping using ABC9).
17.33.4. Executing ABC9.
17.33.5. Executing XAIGER2 frontend.
17.34. Executing PORTARCS pass. (derive propagation arcs)
17.35. Executing ABC9_OPS pass (helper functions for ABC9).
17.36. Mapping module 'ALU_30_0_32_0_32_unused_CO[30:0]_X_Y_BRENT_KUNG'.
17.36.1. Executing ABC9_OPS pass (helper functions for ABC9).
17.36.2. Executing XAIGER2 backend.
17.36.3. Executing ABC9_EXE pass (technology mapping using ABC9).
17.36.4. Executing ABC9.
17.36.5. Executing XAIGER2 frontend.
17.37. Executing PORTARCS pass. (derive propagation arcs)
17.38. Executing ABC9_OPS pass (helper functions for ABC9).
17.39. Mapping module 'ALU_30_0_32_0_32_unused_CO[30:0]_X_Y_SKLANSKY'.
17.39.1. Executing ABC9_OPS pass (helper functions for ABC9).
17.39.2. Executing XAIGER2 backend.
17.39.3. Executing ABC9_EXE pass (technology mapping using ABC9).
17.39.4. Executing ABC9.
17.39.5. Executing XAIGER2 frontend.
17.40. Executing PORTARCS pass. (derive propagation arcs)
17.41. Executing ABC9_OPS pass (helper functions for ABC9).
17.42. Mapping module 'ALU_30_0_32_0_32_unused_CO[30:0]_X_Y_KOGGE_STONE'.
17.42.1. Executing ABC9_OPS pass (helper functions for ABC9).
17.42.2. Executing XAIGER2 backend.
17.42.3. Executing ABC9_EXE pass (technology mapping using ABC9).
17.42.4. Executing ABC9.
17.42.5. Executing XAIGER2 frontend.
17.43. Executing PORTARCS pass. (derive propagation arcs)
17.44. Executing ABC9_OPS pass (helper functions for ABC9).
17.45. Mapping module 'ALU_33_0_33_0_33_unused_CO_X_Y[0]_BRENT_KUNG'.
17.45.1. Executing ABC9_OPS pass (helper functions for ABC9).
17.45.2. Executing XAIGER2 backend.
17.45.3. Executing ABC9_EXE pass (technology mapping using ABC9).
17.45.4. Executing ABC9.
17.45.5. Executing XAIGER2 frontend.
17.46. Executing PORTARCS pass. (derive propagation arcs)
17.47. Executing ABC9_OPS pass (helper functions for ABC9).
17.48. Mapping module 'ALU_33_0_33_0_33_unused_CO_X_Y[0]_SKLANSKY'.
17.48.1. Executing ABC9_OPS pass (helper functions for ABC9).
17.48.2. Executing XAIGER2 backend.
17.48.3. Executing ABC9_EXE pass (technology mapping using ABC9).
17.48.4. Executing ABC9.
17.48.5. Executing XAIGER2 frontend.
17.49. Executing PORTARCS pass. (derive propagation arcs)
17.50. Executing ABC9_OPS pass (helper functions for ABC9).
17.51. Mapping module 'ALU_33_0_33_0_33_unused_CO_X_Y[0]_KOGGE_STONE'.
17.51.1. Executing ABC9_OPS pass (helper functions for ABC9).
17.51.2. Executing XAIGER2 backend.
17.51.3. Executing ABC9_EXE pass (technology mapping using ABC9).
17.51.4. Executing ABC9.
17.51.5. Executing XAIGER2 frontend.
17.52. Executing PORTARCS pass. (derive propagation arcs)
17.53. Executing ABC9_OPS pass (helper functions for ABC9).
17.54. Executing ABC9_OPS pass (helper functions for ABC9).
Took 42 seconds: abc_new -liberty /OpenROAD-flow-scripts/flow/platforms/sky130hd/lib/sky130_fd_sc_hd__tt_025C_1v80.lib -dont_use sky130_fd_sc_hd__probe_p_8 -dont_use sky130_fd_sc_hd__probec_p_8 -dont_use sky130_fd_sc_hd__lpflow_bleeder_1 -dont_use sky130_fd_sc_hd__lpflow_clkbufkapwr_1 -dont_use sky130_fd_sc_hd__lpflow_clkbufkapwr_16 -dont_use sky130_fd_sc_hd__lpflow_clkbufkapwr_2 -dont_use sky130_fd_sc_hd__lpflow_clkbufkapwr_4 -dont_use sky130_fd_sc_hd__lpflow_clkbufkapwr_8 -dont_use sky130_fd_sc_hd__lpflow_clkinvkapwr_1 -dont_use sky130_fd_sc_hd__lpflow_clkinvkapwr_16 -dont_use sky130_fd_sc_hd__lpflow_clkinvkapwr_2 -dont_use sky130_fd_sc_hd__lpflow_clkinvkapwr_4 -dont_use sky130_fd_sc_hd__lpflow_clkinvkapwr_8 -dont_use sky130_fd_sc_hd__lpflow_decapkapwr_12 -dont_use sky130_fd_sc_hd__lpflow_decapkapwr_3 -dont_use sky130_fd_sc_hd__lpflow_decapkapwr_4 -dont_use sky130_fd_sc_hd__lpflow_decapkapwr_6 -dont_use sky130_fd_sc_hd__lpflow_decapkapwr_8 -dont_use sky130_fd_sc_hd__lpflow_inputiso0n_1 -dont_use sky130_fd_sc_hd__lpflow_inputiso0p_1 -dont_use sky130_fd_sc_hd__lpflow_inputiso1n_1 -dont_use sky130_fd_sc_hd__lpflow_inputiso1p_1 -dont_use sky130_fd_sc_hd__lpflow_inputisolatch_1 -dont_use sky130_fd_sc_hd__lpflow_isobufsrc_1 -dont_use sky130_fd_sc_hd__lpflow_isobufsrc_16 -dont_use sky130_fd_sc_hd__lpflow_isobufsrc_2 -dont_use sky130_fd_sc_hd__lpflow_isobufsrc_4 -dont_use sky130_fd_sc_hd__lpflow_isobufsrc_8 -dont_use sky130_fd_sc_hd__lpflow_isobufsrckapwr_16 -dont_use sky130_fd_sc_hd__lpflow_lsbuf_lh_hl_isowell_tap_1 -dont_use sky130_fd_sc_hd__lpflow_lsbuf_lh_hl_isowell_tap_2 -dont_use sky130_fd_sc_hd__lpflow_lsbuf_lh_hl_isowell_tap_4 -dont_use sky130_fd_sc_hd__lpflow_lsbuf_lh_isowell_4 -dont_use sky130_fd_sc_hd__lpflow_lsbuf_lh_isowell_tap_1 -dont_use sky130_fd_sc_hd__lpflow_lsbuf_lh_isowell_tap_2 -dont_use sky130_fd_sc_hd__lpflow_lsbuf_lh_isowell_tap_4 -constr /work/objects/sky130hd/m7_j1/p15p0/abc.constr -D 15.0
18. Executing SPLITNETS pass (splitting up multi-bit signals).
19. Executing OPT_CLEAN pass (remove unused cells and wires).
20. Executing HILOMAP pass (mapping to constant drivers).
21. Executing INSBUF pass (insert buffer cells for connected wires).
22. Executing CHECK pass (checking for obvious problems).
23. Printing statistics.
24. Executing CHECK pass (checking for obvious problems).
25. Executing Verilog backend.
25.1. Executing BMUXMAP pass.
25.2. Executing DEMUXMAP pass.
Warnings: 24 unique messages, 24 total
Warnings: 3 experimental features used (not excluded with -x).
End of script. Logfile hash: 9e22f14cb1, time: 49.26s, user: 12.76s, system: 0.62s, MEM: 205.96 MB peak
Yosys 0.68+post (git sha1 UNKNOWN, Release, GNU /usr/local/bin/wrapped-cc/g++ 11.4.0)
Time spent: 74% 17x abc9_exe (38 sec), 5% 83x opt_expr (3 sec), ...
Elapsed time: 0:49.31[h:]min:sec. CPU time: user 51.20 sys 0.83 (105%). Peak memory: 212444KB.
Log                       Ext     Elapsed/s Peak Memory/MB sha1sum result [0:20)
1_2_yosys                 .v             49            207 2e2b1f90f725d8a7792c
cp /repo/m7/ppa/orfs/sky130hd/constraint.sdc /work/results/sky130hd/m7_j1/p15p0/1_2_yosys.sdc
touch -r /repo/m7/ppa/orfs/sky130hd/constraint.sdc /work/results/sky130hd/m7_j1/p15p0/1_2_yosys.sdc
OpenROAD 26Q3-1080-gab6fd26351 
Features included (+) or not (-): +GPU +GUI +Python
This program is licensed under the BSD-3 license. See the LICENSE file for details.
Components of this program may be licensed under more restrictive licenses which must be honored.
[INFO ORD-0030] Using 32 thread(s).
mkdir -p /work/objects/sky130hd/m7_j1/p15p0
/OpenROAD-flow-scripts/flow/scripts/flow.sh 1_synth synth_odb
Running synth_odb.tcl, stage 1_synth
read_liberty /OpenROAD-flow-scripts/flow/platforms/sky130hd/lib/sky130_fd_sc_hd__tt_025C_1v80.lib
[INFO ODB-0227] LEF file: /OpenROAD-flow-scripts/flow/platforms/sky130hd/lef/sky130_fd_sc_hd.tlef, created 13 layers, 25 vias
[INFO ODB-0227] LEF file: /OpenROAD-flow-scripts/flow/platforms/sky130hd/lef/sky130_fd_sc_hd_merged.lef, created 441 library cells
link_design -hier m7_ppa_j1_top
[WARNING ORD-0011] Hierarchical flow (-hier) is currently in development and may cause multiple issues. Do not use in production environments.
read_sdc /work/results/sky130hd/m7_j1/p15p0/1_2_yosys.sdc
source /OpenROAD-flow-scripts/flow/platforms/sky130hd/setRC.tcl
eliminate_dead_logic
Removed 22 unused instances and 22 unused nets.
Design area 209675 um^2 100% utilization.
write_db /work/results/sky130hd/m7_j1/p15p0/1_synth.odb
write_sdc -no_timestamp /work/results/sky130hd/m7_j1/p15p0/1_synth.sdc
Elapsed time: 0:00.72[h:]min:sec. CPU time: user 0.63 sys 0.08 (100%). Peak memory: 200372KB.
Log                       Ext     Elapsed/s Peak Memory/MB sha1sum result [0:20)
1_synth                   .odb            0            195 501804622f2963e86ac7
1_synth                   .sdc                             a8c340da211a3c3d152a
/OpenROAD-flow-scripts/flow/scripts/flow.sh 2_1_floorplan floorplan
Running floorplan.tcl, stage 2_1_floorplan
read_liberty /OpenROAD-flow-scripts/flow/platforms/sky130hd/lib/sky130_fd_sc_hd__tt_025C_1v80.lib
read_db -hier /work/results/sky130hd/m7_j1/p15p0/1_synth.odb
[WARNING ORD-0012] Hierarchical flow (-hier) is currently in development and may cause multiple issues. Do not use in production environments.
read_sdc /work/results/sky130hd/m7_j1/p15p0/1_synth.sdc
source /OpenROAD-flow-scripts/flow/platforms/sky130hd/setRC.tcl
Master sky130_ef_sc_hd__decap_12 is loaded but not used in the design

==========================================================================
Floorplan check_setup
--------------------------------------------------------------------------
number instances in verilog is 25248
[INFO IFP-0107] Defining die area using utilization: 50.00% and aspect ratio: 1.
[WARNING IFP-0028] Core area lower left (1.000, 1.000) snapped to (1.380, 2.720).
[INFO IFP-0001] Added 237 rows of 1406 site unithd.
[INFO IFP-0100] Die BBox:  (  0.000  0.000 ) ( 649.570 649.570 ) um
[INFO IFP-0101] Core BBox: (  1.380  2.720 ) ( 648.140 647.360 ) um
[INFO IFP-0102] Core area:                       416927.366 um^2
[INFO IFP-0103] Total instances area:            209674.845 um^2
[INFO IFP-0104] Effective utilization:                0.503
[INFO IFP-0105] Number of instances:                  25198
source /OpenROAD-flow-scripts/flow/platforms/sky130hd/make_tracks.tcl
source /repo/m7/ppa/orfs/sky130hd/fastroute.tcl
Repair tie lo fanout...
[INFO RSZ-0042] Inserted 25 tie sky130_fd_sc_hd__conb_1 instances.
Repair tie hi fanout...
[INFO RSZ-0042] Inserted 97 tie sky130_fd_sc_hd__conb_1 instances.
replace_arith_modules -path_count 1000 -target setup -slack_threshold 0.0
[INFO RSZ-0151] Starting arithmetic module replacement to optimize 'setup' target
[INFO RSZ-0152] Analyzing 1000 critical paths with slack < 0.00
[INFO RSZ-0153] Identified 1995 violating endpoints
[INFO RSZ-0154] Identified 2 critical arithmetic instances
[INFO ODB-0496] swapMaster sanity check passed (0 failures)
[INFO ODB-0496] swapMaster sanity check passed (0 failures)
[INFO RSZ-0160] 2 arithmetic instances have swapped to improve 'setup' target
[INFO RSZ-0026] Removed 16 buffers.
Default units for flow
 time 1ns
 capacitance 1pF
 resistance 1kohm
 voltage 1v
 current 1mA
 power 1nW
 distance 1um
   Layer   | Unit Resistance | Unit Capacitance 
           |       (kohm/um) |          (pF/um)
------------------------------------------------
       li1 |        7.18e-02 |         1.50e-04
      met1 |        1.21e-03 |         1.72e-04
      met2 |        1.22e-03 |         1.36e-04
      met3 |        1.66e-04 |         2.15e-04
      met4 |        1.68e-04 |         1.48e-04
      met5 |        1.84e-05 |         1.54e-04
------------------------------------------------

   Layer   | Via Resistance 
           |         (kohm) 
----------------------------
      mcon |       9.25e-03 
       via |       4.50e-03 
      via2 |       3.37e-03 
      via3 |       3.77e-04 
      via4 |       5.80e-06 
----------------------------
Report metrics stage 2, floorplan final...

==========================================================================
floorplan final report_design_area
--------------------------------------------------------------------------
Design area 210452 um^2 50% utilization.
write_db /work/results/sky130hd/m7_j1/p15p0/2_1_floorplan.odb
write_sdc -no_timestamp /work/results/sky130hd/m7_j1/p15p0/2_1_floorplan.sdc
Elapsed time: 0:04.18[h:]min:sec. CPU time: user 5.94 sys 2.81 (209%). Peak memory: 245920KB.
Log                       Ext     Elapsed/s Peak Memory/MB sha1sum result [0:20)
2_1_floorplan             .odb            4            240 a0f5e06094b62b868522
2_1_floorplan             .sdc                             a8c340da211a3c3d152a
/OpenROAD-flow-scripts/flow/scripts/flow.sh 2_2_floorplan_macro macro_place
Running macro_place.tcl, stage 2_2_floorplan_macro
read_liberty /OpenROAD-flow-scripts/flow/platforms/sky130hd/lib/sky130_fd_sc_hd__tt_025C_1v80.lib
read_db -hier /work/results/sky130hd/m7_j1/p15p0/2_1_floorplan.odb
[WARNING ORD-0012] Hierarchical flow (-hier) is currently in development and may cause multiple issues. Do not use in production environments.
read_sdc /work/results/sky130hd/m7_j1/p15p0/2_1_floorplan.sdc
source /OpenROAD-flow-scripts/flow/platforms/sky130hd/setRC.tcl
No macros found: Skipping macro_placement
Design area 210452 um^2 50% utilization.
write_db /work/results/sky130hd/m7_j1/p15p0/2_2_floorplan_macro.odb
Elapsed time: 0:00.42[h:]min:sec. CPU time: user 0.36 sys 0.07 (100%). Peak memory: 180676KB.
Log                       Ext     Elapsed/s Peak Memory/MB sha1sum result [0:20)
2_2_floorplan_macro       .odb            0            176 a0f5e06094b62b868522
/OpenROAD-flow-scripts/flow/scripts/flow.sh 2_3_floorplan_tapcell tapcell
Running tapcell.tcl, stage 2_3_floorplan_tapcell
read_liberty /OpenROAD-flow-scripts/flow/platforms/sky130hd/lib/sky130_fd_sc_hd__tt_025C_1v80.lib
read_db -hier /work/results/sky130hd/m7_j1/p15p0/2_2_floorplan_macro.odb
[WARNING ORD-0012] Hierarchical flow (-hier) is currently in development and may cause multiple issues. Do not use in production environments.
read_sdc /work/results/sky130hd/m7_j1/p15p0/2_1_floorplan.sdc
source /OpenROAD-flow-scripts/flow/platforms/sky130hd/setRC.tcl
[INFO TAP-0005] Inserted 5497 tapcells.
Design area 217330 um^2 52% utilization.
write_db /work/results/sky130hd/m7_j1/p15p0/2_3_floorplan_tapcell.odb
Elapsed time: 0:00.36[h:]min:sec. CPU time: user 0.30 sys 0.06 (100%). Peak memory: 168484KB.
Log                       Ext     Elapsed/s Peak Memory/MB sha1sum result [0:20)
2_3_floorplan_tapcell     .odb            0            164 6885f6e97d7c2a643cfb
/OpenROAD-flow-scripts/flow/scripts/flow.sh 2_4_floorplan_pdn pdn
Running pdn.tcl, stage 2_4_floorplan_pdn
read_liberty /OpenROAD-flow-scripts/flow/platforms/sky130hd/lib/sky130_fd_sc_hd__tt_025C_1v80.lib
read_db -hier /work/results/sky130hd/m7_j1/p15p0/2_3_floorplan_tapcell.odb
[WARNING ORD-0012] Hierarchical flow (-hier) is currently in development and may cause multiple issues. Do not use in production environments.
read_sdc /work/results/sky130hd/m7_j1/p15p0/2_1_floorplan.sdc
source /OpenROAD-flow-scripts/flow/platforms/sky130hd/setRC.tcl
[WARNING PDN-1051] No instances found for grid (CORE_macro_grid_1).
[WARNING PDN-1051] No instances found for grid (CORE_macro_grid_2).
[INFO PDN-0001] Inserting grid: grid
[INFO PDN-0500] Runtime: 0.10s
Design area 217330 um^2 52% utilization.
write_db /work/results/sky130hd/m7_j1/p15p0/2_4_floorplan_pdn.odb
Elapsed time: 0:00.66[h:]min:sec. CPU time: user 0.60 sys 0.06 (100%). Peak memory: 202272KB.
Log                       Ext     Elapsed/s Peak Memory/MB sha1sum result [0:20)
2_4_floorplan_pdn         .odb            0            197 f2d8969dd61b656ab925
cp /work/results/sky130hd/m7_j1/p15p0/2_4_floorplan_pdn.odb /work/results/sky130hd/m7_j1/p15p0/2_floorplan.odb
cp /work/results/sky130hd/m7_j1/p15p0/2_1_floorplan.sdc /work/results/sky130hd/m7_j1/p15p0/2_floorplan.sdc
/OpenROAD-flow-scripts/flow/scripts/flow.sh 3_1_place_gp_skip_io global_place_skip_io
Running global_place_skip_io.tcl, stage 3_1_place_gp_skip_io
read_liberty /OpenROAD-flow-scripts/flow/platforms/sky130hd/lib/sky130_fd_sc_hd__tt_025C_1v80.lib
read_db -hier /work/results/sky130hd/m7_j1/p15p0/2_floorplan.odb
[WARNING ORD-0012] Hierarchical flow (-hier) is currently in development and may cause multiple issues. Do not use in production environments.
read_sdc /work/results/sky130hd/m7_j1/p15p0/2_floorplan.sdc
source /OpenROAD-flow-scripts/flow/platforms/sky130hd/setRC.tcl
[INFO GPL-0022] Initialize gpl and calculate uniform density.
Placement density is 0.6949999874830246, computed from PLACE_DENSITY_LB_ADDON  0.25 and lower bound 0.5799999833106995
global_placement -skip_io -density 0.6949999874830246 -pad_left 0 -pad_right 0
[INFO GPL-0001] ---- Initialize GPL Main Data Structures
[INFO GPL-0002] DBU: 1000
[INFO GPL-0003] SiteSize: (  0.460  2.720 ) um
[INFO GPL-0004] CoreBBox: (  1.380  2.720 ) ( 648.140 647.360 ) um
[INFO GPL-0016] Core area:                  416927.366 um^2
[INFO GPL-0036] Movable instances area:     210451.840 um^2
[INFO GPL-0037] Total instances area:       217329.686 um^2
[INFO GPL-0035] Pin density area adjust:     23524.087 um^2
[INFO GPL-0032] ---- Initialize Region: Top-level
[INFO GPL-0006] Number of instances:             30960
[INFO GPL-0007] Movable instances:               25463
[INFO GPL-0008] Fixed instances:                  5497
[INFO GPL-0009] Dummy instances:                     0
[INFO GPL-0010] Number of nets:                  25658
[INFO GPL-0011] Number of pins:                  95737
[INFO GPL-0012] Die BBox:       (  0.000  0.000 ) ( 649.570 649.570 ) um
[INFO GPL-0013] Placement BBox: (  1.380  2.720 ) ( 648.140 647.360 ) um
[INFO GPL-0014] Region name: top-level.
[INFO GPL-0015] Region area:                416927.366 um^2
[INFO GPL-0017] Fixed instances area:         6877.846 um^2
[INFO GPL-0018] Movable instances area:     233975.927 um^2
[INFO GPL-0019] Utilization:                    57.060 %
[INFO GPL-0020] Standard cells area:        233975.927 um^2
[INFO GPL-0021] Large instances area:            0.000 um^2
[INFO GPL-0005] ---- Execute Conjugate Gradient Initial Placement.
[INFO GPL-0051] Source of initial instance position counters:
	Odb location = 0	Core center = 25463	Region center = 0
[INFO GPL-0033] ---- Initialize Nesterov Region: Top-level
[INFO GPL-0023] Placement target density:       0.6950
[INFO GPL-0024] Movable insts average area:      9.189 um^2
[INFO GPL-0025] Ideal bin area:                 13.221 um^2
[INFO GPL-0026] Ideal bin count:                 31534
[INFO GPL-0027] Total bin area:             416927.366 um^2
[INFO GPL-0028] Bin count (X, Y):         128 ,    128
[INFO GPL-0029] Bin size (W * H):       5.053 *  5.036 um
[INFO GPL-0030] Number of bins:                  16384
[INFO GPL-0084] ---- Execute Nesterov Global Placement.
[INFO GPL-0031] HPWL: Half-Perimeter Wirelength
Iteration | Overflow |     HPWL (um) |  HPWL(%) |   Penalty | Group
---------------------------------------------------------------
        0 |   0.9992 |  4.726897e+04 |   +0.00% |  8.96e-16 |      
       10 |   0.9990 |  3.657404e+04 |  -22.63% |  1.46e-15 |      
       20 |   0.9990 |  3.620396e+04 |   -1.01% |  2.38e-15 |      
       30 |   0.9990 |  3.611118e+04 |   -0.26% |  3.87e-15 |      
       40 |   0.9990 |  3.608331e+04 |   -0.08% |  6.31e-15 |      
       50 |   0.9990 |  3.606272e+04 |   -0.06% |  1.03e-14 |      
       60 |   0.9990 |  3.606519e+04 |   +0.01% |  1.67e-14 |      
       70 |   0.9990 |  3.610875e+04 |   +0.12% |  2.73e-14 |      
       80 |   0.9990 |  3.624267e+04 |   +0.37% |  4.44e-14 |      
       90 |   0.9987 |  3.666561e+04 |   +1.17% |  7.23e-14 |      
      100 |   0.9982 |  3.781657e+04 |   +3.14% |  1.18e-13 |      
      110 |   0.9977 |  4.028507e+04 |   +6.53% |  1.92e-13 |      
      120 |   0.9968 |  4.515388e+04 |  +12.09% |  3.12e-13 |      
      130 |   0.9950 |  5.406364e+04 |  +19.73% |  5.08e-13 |      
      140 |   0.9925 |  6.699595e+04 |  +23.92% |  8.27e-13 |      
      150 |   0.9889 |  8.383612e+04 |  +25.14% |  1.34e-12 |      
      160 |   0.9829 |  1.047038e+05 |  +24.89% |  2.19e-12 |      
      170 |   0.9747 |  1.265974e+05 |  +20.91% |  3.55e-12 |      
      180 |   0.9647 |  1.490906e+05 |  +17.77% |  5.77e-12 |      
      190 |   0.9520 |  1.775320e+05 |  +19.08% |  9.37e-12 |      
      200 |   0.9334 |  2.200691e+05 |  +23.96% |  1.52e-11 |      
      210 |   0.9120 |  2.577968e+05 |  +17.14% |  2.46e-11 |      
      220 |   0.8874 |  2.956344e+05 |  +14.68% |  4.00e-11 |      
      230 |   0.8563 |  3.353967e+05 |  +13.45% |  6.49e-11 |      
      240 |   0.8189 |  3.745608e+05 |  +11.68% |  1.05e-10 |      
      250 |   0.7823 |  4.073114e+05 |   +8.74% |  1.71e-10 |      
      260 |   0.7416 |  4.423818e+05 |   +8.61% |  2.77e-10 |      
      270 |   0.6939 |  4.816532e+05 |   +8.88% |  4.49e-10 |      
      280 |   0.6466 |  5.159776e+05 |   +7.13% |  7.29e-10 |      
      290 |   0.6001 |  5.406397e+05 |   +4.78% |  1.18e-09 |      
      300 |   0.5604 |  5.544466e+05 |   +2.55% |  1.93e-09 |      
      310 |   0.5184 |  5.603473e+05 |   +1.06% |  3.13e-09 |      
      320 |   0.4730 |  5.661908e+05 |   +1.04% |  5.10e-09 |      
      330 |   0.4306 |  5.743619e+05 |   +1.44% |  8.31e-09 |      
      340 |   0.3863 |  5.807109e+05 |   +1.11% |  1.35e-08 |      
      350 |   0.3448 |  5.845421e+05 |   +0.66% |  2.20e-08 |      
      360 |   0.3122 |  5.849942e+05 |   +0.08% |  3.24e-08 |      
      370 |   0.2798 |  5.860384e+05 |   +0.18% |  4.78e-08 |      
      380 |   0.2518 |  5.872388e+05 |   +0.20% |  7.03e-08 |      
      390 |   0.2213 |  5.884230e+05 |   +0.20% |  1.04e-07 |      
      400 |   0.1941 |  5.898841e+05 |   +0.25% |  1.53e-07 |      
      410 |   0.1691 |  5.913529e+05 |   +0.25% |  2.25e-07 |      
      420 |   0.1447 |  5.929015e+05 |   +0.26% |  3.31e-07 |      
      430 |   0.1235 |  5.944383e+05 |   +0.26% |  4.88e-07 |      
      440 |   0.1064 |  5.958474e+05 |   +0.24% |  7.18e-07 |      
      444 |   0.0997 |  5.965619e+05 |          |  8.72e-07 |      
---------------------------------------------------------------
[INFO GPL-1001] Global placement finished at iteration 444
[INFO GPL-1002] Placed Cell Area            233975.9265
[INFO GPL-1003] Available Free Area         410049.5200
[INFO GPL-1004] Minimum Feasible Density        0.5800 (cell_area / free_area)
[INFO GPL-1006]   Suggested Target Densities:
[INFO GPL-1007]     - For 90% usage of free space: 0.6340
[INFO GPL-1008]     - For 80% usage of free space: 0.7133
[INFO GPL-1014] Final placement area: 233975.93 (+0.00%)
Took 65 seconds: global_placement -skip_io -density 0.6949999874830246 -pad_left 0 -pad_right 0
Design area 217330 um^2 52% utilization.
write_db /work/results/sky130hd/m7_j1/p15p0/3_1_place_gp_skip_io.odb
Elapsed time: 1:05.16[h:]min:sec. CPU time: user 1012.51 sys 1.04 (1555%). Peak memory: 223824KB.
Log                       Ext     Elapsed/s Peak Memory/MB sha1sum result [0:20)
3_1_place_gp_skip_io      .odb           65            218 202a986f01a650c03e52
/OpenROAD-flow-scripts/flow/scripts/flow.sh 3_2_place_iop io_placement
Running io_placement.tcl, stage 3_2_place_iop
read_liberty /OpenROAD-flow-scripts/flow/platforms/sky130hd/lib/sky130_fd_sc_hd__tt_025C_1v80.lib
read_db -hier /work/results/sky130hd/m7_j1/p15p0/3_1_place_gp_skip_io.odb
[WARNING ORD-0012] Hierarchical flow (-hier) is currently in development and may cause multiple issues. Do not use in production environments.
read_sdc /work/results/sky130hd/m7_j1/p15p0/2_floorplan.sdc
source /OpenROAD-flow-scripts/flow/platforms/sky130hd/setRC.tcl
place_pins -hor_layers met3 -ver_layers met2
Found 0 macro blocks.
Using 2 tracks default min distance between IO pins.
[INFO PPL-0001] Number of available slots 2356
[INFO PPL-0002] Number of I/O             276
[INFO PPL-0003] Number of I/O w/sink      83
[INFO PPL-0004] Number of I/O w/o sink    193
[INFO PPL-0005] Slots per section         200
[INFO PPL-0008] Successfully assigned pins to sections.
[INFO PPL-0012] I/O nets HPWL: 33130.25 um.
Design area 217330 um^2 52% utilization.
write_db /work/results/sky130hd/m7_j1/p15p0/3_2_place_iop.odb
Elapsed time: 0:00.56[h:]min:sec. CPU time: user 0.48 sys 0.07 (98%). Peak memory: 191140KB.
Log                       Ext     Elapsed/s Peak Memory/MB sha1sum result [0:20)
3_2_place_iop             .odb            0            186 04cc134945157e0e4011
/OpenROAD-flow-scripts/flow/scripts/flow.sh 3_3_place_gp global_place
Running global_place.tcl, stage 3_3_place_gp
read_liberty /OpenROAD-flow-scripts/flow/platforms/sky130hd/lib/sky130_fd_sc_hd__tt_025C_1v80.lib
read_db -hier /work/results/sky130hd/m7_j1/p15p0/3_2_place_iop.odb
[WARNING ORD-0012] Hierarchical flow (-hier) is currently in development and may cause multiple issues. Do not use in production environments.
read_sdc /work/results/sky130hd/m7_j1/p15p0/2_floorplan.sdc
source /OpenROAD-flow-scripts/flow/platforms/sky130hd/setRC.tcl
[INFO RSZ-0026] Removed 0 buffers.
Perform port buffering...
[INFO RSZ-0027] Inserted 1 sky130_fd_sc_hd__clkdlybuf4s50_1 input buffers.
[INFO RSZ-0028] Inserted 65 sky130_fd_sc_hd__clkdlybuf4s50_1 output buffers.
[INFO GPL-0022] Initialize gpl and calculate uniform density.
Placement density is 0.6949999874830246, computed from PLACE_DENSITY_LB_ADDON  0.25 and lower bound 0.5799999833106995
global_placement -density 0.6949999874830246 -pad_left 0 -pad_right 0 -routability_driven -timing_driven -force_center_initial_place -min_phi_coef 0.95 -max_phi_coef 1.05
[INFO GPL-0001] ---- Initialize GPL Main Data Structures
[INFO GPL-0002] DBU: 1000
[INFO GPL-0003] SiteSize: (  0.460  2.720 ) um
[INFO GPL-0004] CoreBBox: (  1.380  2.720 ) ( 648.140 647.360 ) um
[INFO GPL-0016] Core area:                  416927.366 um^2
[INFO GPL-0036] Movable instances area:     211112.474 um^2
[INFO GPL-0037] Total instances area:       217990.320 um^2
[INFO GPL-0035] Pin density area adjust:     23560.576 um^2
[INFO GPL-0032] ---- Initialize Region: Top-level
[INFO GPL-0006] Number of instances:             31026
[INFO GPL-0007] Movable instances:               25529
[INFO GPL-0008] Fixed instances:                  5497
[INFO GPL-0009] Dummy instances:                     0
[INFO GPL-0010] Number of nets:                  25724
[INFO GPL-0011] Number of pins:                  96145
[INFO GPL-0012] Die BBox:       (  0.000  0.000 ) ( 649.570 649.570 ) um
[INFO GPL-0013] Placement BBox: (  1.380  2.720 ) ( 648.140 647.360 ) um
[INFO GPL-0014] Region name: top-level.
[INFO GPL-0015] Region area:                416927.366 um^2
[INFO GPL-0017] Fixed instances area:         6877.846 um^2
[INFO GPL-0018] Movable instances area:     234673.049 um^2
[INFO GPL-0019] Utilization:                    57.230 %
[INFO GPL-0020] Standard cells area:        234673.049 um^2
[INFO GPL-0021] Large instances area:            0.000 um^2
[INFO GPL-0005] ---- Execute Conjugate Gradient Initial Placement.
[INFO GPL-0051] Source of initial instance position counters:
	Odb location = 0	Core center = 25529	Region center = 0
[InitialPlace]  Iter: 1 conjugate gradient residual: 0.03334585 HPWL: 762764967
[InitialPlace]  Iter: 2 conjugate gradient residual: 0.00195069 HPWL: 224761118
[InitialPlace]  Iter: 3 conjugate gradient residual: 0.00087617 HPWL: 221348853
[InitialPlace]  Iter: 4 conjugate gradient residual: 0.00012963 HPWL: 210701790
[InitialPlace]  Iter: 5 conjugate gradient residual: 0.00014715 HPWL: 209847712
[InitialPlace]  Iter: 6 conjugate gradient residual: 0.00006316 HPWL: 209950983
[InitialPlace]  Iter: 7 conjugate gradient residual: 0.00013317 HPWL: 209216847
[InitialPlace]  Iter: 8 conjugate gradient residual: 0.00015248 HPWL: 209398693
[InitialPlace]  Iter: 9 conjugate gradient residual: 0.00009312 HPWL: 208812654
[InitialPlace]  Iter: 10 conjugate gradient residual: 0.00002952 HPWL: 208999734
[InitialPlace]  Iter: 11 conjugate gradient residual: 0.00004042 HPWL: 208321465
[InitialPlace]  Iter: 12 conjugate gradient residual: 0.00005350 HPWL: 208555509
[InitialPlace]  Iter: 13 conjugate gradient residual: 0.00001053 HPWL: 208088414
[InitialPlace]  Iter: 14 conjugate gradient residual: 0.00002122 HPWL: 208307935
[InitialPlace]  Iter: 15 conjugate gradient residual: 0.00000905 HPWL: 207895809
[INFO GPL-0033] ---- Initialize Nesterov Region: Top-level
[INFO GPL-0023] Placement target density:       0.6950
[INFO GPL-0024] Movable insts average area:      9.192 um^2
[INFO GPL-0025] Ideal bin area:                 13.226 um^2
[INFO GPL-0026] Ideal bin count:                 31522
[INFO GPL-0027] Total bin area:             416927.366 um^2
[INFO GPL-0028] Bin count (X, Y):         128 ,    128
[INFO GPL-0029] Bin size (W * H):       5.053 *  5.036 um
[INFO GPL-0030] Number of bins:                  16384
[INFO GPL-0084] ---- Execute Nesterov Global Placement.
[INFO GPL-0031] HPWL: Half-Perimeter Wirelength
Iteration | Overflow |     HPWL (um) |  HPWL(%) |   Penalty | Group
---------------------------------------------------------------
        0 |   0.9970 |  5.095215e+04 |   +0.00% |  2.46e-17 |      
       10 |   0.9956 |  5.149334e+04 |   +1.06% |  4.00e-17 |      
       20 |   0.9947 |  5.320774e+04 |   +3.33% |  6.52e-17 |      
       30 |   0.9941 |  5.445492e+04 |   +2.34% |  1.06e-16 |      
       40 |   0.9938 |  5.515009e+04 |   +1.28% |  1.73e-16 |      
       50 |   0.9937 |  5.537886e+04 |   +0.41% |  2.82e-16 |      
       60 |   0.9936 |  5.553160e+04 |   +0.28% |  4.59e-16 |      
       70 |   0.9935 |  5.578368e+04 |   +0.45% |  7.47e-16 |      
       80 |   0.9935 |  5.603278e+04 |   +0.45% |  1.22e-15 |      
       90 |   0.9934 |  5.615664e+04 |   +0.22% |  1.98e-15 |      
      100 |   0.9933 |  5.615277e+04 |   -0.01% |  3.23e-15 |      
      110 |   0.9931 |  5.613467e+04 |   -0.03% |  5.26e-15 |      
      120 |   0.9930 |  5.622778e+04 |   +0.17% |  8.57e-15 |      
      130 |   0.9928 |  5.648257e+04 |   +0.45% |  1.40e-14 |      
      140 |   0.9927 |  5.692533e+04 |   +0.78% |  2.27e-14 |      
      150 |   0.9924 |  5.757057e+04 |   +1.13% |  3.70e-14 |      
      160 |   0.9920 |  5.855245e+04 |   +1.71% |  6.03e-14 |      
      170 |   0.9916 |  6.006447e+04 |   +2.58% |  9.82e-14 |      
      180 |   0.9909 |  6.242150e+04 |   +3.92% |  1.60e-13 |      
      190 |   0.9898 |  6.594819e+04 |   +5.65% |  2.61e-13 |      
      200 |   0.9884 |  7.138142e+04 |   +8.24% |  4.24e-13 |      
      210 |   0.9862 |  7.992843e+04 |  +11.97% |  6.90e-13 |      
      220 |   0.9826 |  9.330172e+04 |  +16.73% |  1.12e-12 |      
      230 |   0.9767 |  1.121795e+05 |  +20.23% |  1.83e-12 |      
      240 |   0.9687 |  1.393371e+05 |  +24.21% |  2.96e-12 |      
      250 |   0.9585 |  1.710140e+05 |  +22.73% |  4.81e-12 |      
      260 |   0.9464 |  2.061104e+05 |  +20.52% |  7.81e-12 |      
      270 |   0.9296 |  2.461132e+05 |  +19.41% |  1.27e-11 |      
      280 |   0.9082 |  2.902001e+05 |  +17.91% |  2.05e-11 |      
      290 |   0.8830 |  3.308666e+05 |  +14.01% |  3.33e-11 |      
      300 |   0.8543 |  3.701774e+05 |  +11.88% |  5.40e-11 |      
      310 |   0.8218 |  4.035279e+05 |   +9.01% |  8.76e-11 |      
      320 |   0.7871 |  4.247869e+05 |   +5.27% |  1.42e-10 |      
      330 |   0.7453 |  4.710965e+05 |  +10.90% |  2.31e-10 |      
      340 |   0.7044 |  5.096623e+05 |   +8.19% |  3.74e-10 |      
      350 |   0.6618 |  5.342118e+05 |   +4.82% |  6.08e-10 |      
[INFO GPL-0100] Timing-driven iteration 1/2, virtual: false.
[INFO GPL-0101]    Iter: 357, overflow: 0.634, keep resizer changes at: 1, HPWL: 541852472
Iteration |   Area    | Resized | Buffers | Nets repaired | Remaining
---------------------------------------------------------------------
        0 |     +0.0% |       0 |       0 |             0 |     25846
    final |     +7.7% |     317 |     761 |           360 |         0
---------------------------------------------------------------------
[INFO RSZ-0034] Found 366 slew violations.
[INFO RSZ-0036] Found 165 capacitance violations.
[INFO RSZ-0039] Resized 317 instances.
[INFO RSZ-0038] Inserted 761 buffers in 360 nets.
   Iter   |    Area   | Removed | Inserted |   Pins
          |           | Buffers | Buffers  | Remaining
-------------------------------------------------------
        0 |     +0.0% |       0 |        0 |     25314
     2500 |     +0.0% |      33 |       90 |     22814
     5000 |     +0.5% |      75 |      311 |     20314
     7500 |     +0.6% |     208 |      587 |     17814
    10000 |     +0.2% |     333 |      706 |     15314
    12500 |     -0.1% |     386 |      760 |     12814
    15000 |     -0.1% |     420 |      816 |     10314
    17500 |     -0.2% |     479 |      912 |      7814
    20000 |     -0.2% |     530 |      997 |      5314
    22500 |     -0.2% |     554 |     1045 |      2814
    25000 |     -1.9% |     748 |     1164 |       314
    final |     -2.0% |     761 |     1185 |         0
-------------------------------------------------------
[INFO GPL-0106] Timing-driven: worst slack -4.095e-09
[INFO GPL-0107] Timing-driven: repair_design delta area: 11648.557 um^2 (+4.96%)
[INFO GPL-0108] Timing-driven: repair_design, gpl delta gcells: 1185 (+4.64%)
[INFO GPL-0109] Timing-driven: repair_design, gcells created: 1946, deleted: 761
[INFO GPL-0110] Timing-driven: new target density: 0.7234077
Iteration | Overflow |     HPWL (um) |  HPWL(%) |   Penalty | Group
---------------------------------------------------------------
      360 |   0.5964 |  6.357911e+05 |  +19.01% |  9.80e-10 |      
[INFO GPL-0038] Routability snapshot saved at iter = 361
      360 |   0.5964 |  6.357911e+05 |          |           |      
      370 |   0.5671 |  6.347639e+05 |   -0.16% |  1.59e-09 |      
      380 |   0.5167 |  6.504344e+05 |   +2.47% |  2.59e-09 |      
      390 |   0.4754 |  6.531341e+05 |   +0.42% |  4.22e-09 |      
      400 |   0.4319 |  6.587025e+05 |   +0.85% |  6.86e-09 |      
      410 |   0.3894 |  6.684534e+05 |   +1.48% |  1.12e-08 |      
      420 |   0.3496 |  6.677685e+05 |   -0.10% |  1.82e-08 |      
      430 |   0.3202 |  6.679637e+05 |   +0.03% |  2.70e-08 |      
[INFO GPL-0040] Routability iteration: 1
[WARNING GRT-0281] Net _12916_ has a large fanout of 2191 terminals.
[INFO GPL-0041] Total routing overflow: 174.4319
[INFO GPL-0042] Number of overflowed tiles: 1266 (14.33%)
[INFO GPL-0043] Average top 0.5% routing congestion: 1.4613
[INFO GPL-0044] Average top 1.0% routing congestion: 1.4076
[INFO GPL-0045] Average top 2.0% routing congestion: 1.3484
[INFO GPL-0046] Average top 5.0% routing congestion: 1.2654
[INFO GPL-0047] Routability iteration weighted routing congestion: 1.4345
[INFO GPL-0048] Routing congestion (1.4345) lower than previous minimum (1e+30). Updating minimum.
[INFO GPL-0086] Inflated area:               23684.363 um^2 (+9.62%)
[INFO GPL-0052] Placement target density:       0.7234
[INFO GPL-0076] Removing fillers, count: Before: 5654, After: 2992 (-47.08%)
[INFO GPL-0077] Filler area (um^2)     : Before: 50311.361, After: 26619.585 (-47.09%)
[INFO GPL-0078] Removed fillers count: 2662, area removed: 23683.601 um^2. Remaining area to be compensated by modifying density: 0.762 um^2
[INFO GPL-0058] White space area:           410049.520 um^2 (+0.00%)
[INFO GPL-0059] Movable instances area:     296632.975 um^2 (+0.00%)
[INFO GPL-0060] Total filler area:           26619.585 um^2 (-47.09%)
[INFO GPL-0061] Total non-inflated area:    296625.554 um^2 (-0.00%)
[INFO GPL-0062] Total inflated area:        320309.917 um^2 (-0.00%)
[INFO GPL-0063] New Target Density:             0.7234
[INFO GPL-0087] Routability end iteration: increase inflation and revert back to snapshot.
Iteration | Overflow |     HPWL (um) |  HPWL(%) |   Penalty | Group
---------------------------------------------------------------
      440 |   0.5963 |  6.660575e+05 |   -0.29% |  1.15e-09 |      
      450 |   0.5427 |  7.483414e+05 |  +12.35% |  1.68e-09 |      
      460 |   0.5182 |  7.117874e+05 |   -4.88% |  2.48e-09 |      
      470 |   0.4803 |  7.657296e+05 |   +7.58% |  3.63e-09 |      
      480 |   0.4508 |  7.056143e+05 |   -7.85% |  5.35e-09 |      
      490 |   0.4122 |  7.487676e+05 |   +6.12% |  7.85e-09 |      
      500 |   0.3822 |  7.384433e+05 |   -1.38% |  1.16e-08 |      
      510 |   0.3534 |  7.203330e+05 |   -2.45% |  1.70e-08 |      
      520 |   0.3188 |  7.240931e+05 |   +0.52% |  2.51e-08 |      
[INFO GPL-0040] Routability iteration: 2
[INFO GPL-0041] Total routing overflow: 107.1830
[INFO GPL-0042] Number of overflowed tiles: 1057 (11.96%)
[INFO GPL-0043] Average top 0.5% routing congestion: 1.3450
[INFO GPL-0044] Average top 1.0% routing congestion: 1.2960
[INFO GPL-0045] Average top 2.0% routing congestion: 1.2478
[INFO GPL-0046] Average top 5.0% routing congestion: 1.1807
[INFO GPL-0047] Routability iteration weighted routing congestion: 1.3205
[INFO GPL-0048] Routing congestion (1.3205) lower than previous minimum (1.434). Updating minimum.
[INFO GPL-0086] Inflated area:               12464.390 um^2 (+4.62%)
[INFO GPL-0052] Placement target density:       0.7234
[INFO GPL-0076] Removing fillers, count: Before: 2992, After: 1592 (-46.79%)
[INFO GPL-0077] Filler area (um^2)     : Before: 26619.585, After: 14163.897 (-46.79%)
[INFO GPL-0078] Removed fillers count: 1400, area removed: 12455.688 um^2. Remaining area to be compensated by modifying density: 8.701 um^2
[INFO GPL-0058] White space area:           410049.520 um^2 (+0.00%)
[INFO GPL-0059] Movable instances area:     296632.975 um^2 (+0.00%)
[INFO GPL-0060] Total filler area:           14163.897 um^2 (-46.79%)
[INFO GPL-0061] Total non-inflated area:    296634.255 um^2 (+0.00%)
[INFO GPL-0062] Total inflated area:        309098.644 um^2 (+0.00%)
[INFO GPL-0063] New Target Density:             0.7234
[INFO GPL-0087] Routability end iteration: increase inflation and revert back to snapshot.
Iteration | Overflow |     HPWL (um) |  HPWL(%) |   Penalty | Group
---------------------------------------------------------------
      530 |   0.6152 |  6.504106e+05 |  -10.18% |  1.11e-09 |      
      540 |   0.5358 |  8.278645e+05 |  +27.28% |  1.61e-09 |      
      550 |   0.5198 |  7.657145e+05 |   -7.51% |  2.37e-09 |      
      560 |   0.4808 |  8.544945e+05 |  +11.59% |  3.46e-09 |      
      570 |   0.4565 |  7.423974e+05 |  -13.12% |  5.10e-09 |      
      580 |   0.4090 |  8.085350e+05 |   +8.91% |  7.46e-09 |      
      590 |   0.3847 |  7.925565e+05 |   -1.98% |  1.10e-08 |      
      600 |   0.3566 |  7.624639e+05 |   -3.80% |  1.62e-08 |      
      610 |   0.3219 |  7.645071e+05 |   +0.27% |  2.38e-08 |      
[INFO GPL-0040] Routability iteration: 3
[INFO GPL-0041] Total routing overflow: 85.4252
[INFO GPL-0042] Number of overflowed tiles: 1010 (11.43%)
[INFO GPL-0043] Average top 0.5% routing congestion: 1.2622
[INFO GPL-0044] Average top 1.0% routing congestion: 1.2347
[INFO GPL-0045] Average top 2.0% routing congestion: 1.1994
[INFO GPL-0046] Average top 5.0% routing congestion: 1.1458
[INFO GPL-0047] Routability iteration weighted routing congestion: 1.2485
[INFO GPL-0048] Routing congestion (1.2485) lower than previous minimum (1.32). Updating minimum.
[INFO GPL-0086] Inflated area:                9754.126 um^2 (+3.45%)
[INFO GPL-0052] Placement target density:       0.7234
[INFO GPL-0076] Removing fillers, count: Before: 1592, After: 496 (-68.84%)
[INFO GPL-0077] Filler area (um^2)     : Before: 14163.897, After: 4412.872 (-68.84%)
[INFO GPL-0078] Removed fillers count: 1096, area removed: 9751.024 um^2. Remaining area to be compensated by modifying density: 3.102 um^2
[INFO GPL-0058] White space area:           410049.520 um^2 (+0.00%)
[INFO GPL-0059] Movable instances area:     296632.975 um^2 (+0.00%)
[INFO GPL-0060] Total filler area:            4412.872 um^2 (-68.84%)
[INFO GPL-0061] Total non-inflated area:    296637.357 um^2 (+0.00%)
[INFO GPL-0062] Total inflated area:        306391.483 um^2 (+0.00%)
[INFO GPL-0063] New Target Density:             0.7234
[INFO GPL-0087] Routability end iteration: increase inflation and revert back to snapshot.
Iteration | Overflow |     HPWL (um) |  HPWL(%) |   Penalty | Group
---------------------------------------------------------------
      620 |   0.6413 |  6.266675e+05 |  -18.03% |  1.07e-09 |      
      630 |   0.5305 |  8.980443e+05 |  +43.30% |  1.54e-09 |      
      640 |   0.5244 |  8.075765e+05 |  -10.07% |  2.26e-09 |      
      650 |   0.4819 |  8.997434e+05 |  +11.41% |  3.31e-09 |      
      660 |   0.4582 |  7.777486e+05 |  -13.56% |  4.87e-09 |      
      670 |   0.4078 |  8.571554e+05 |  +10.21% |  7.12e-09 |      
      680 |   0.3848 |  8.315603e+05 |   -2.99% |  1.05e-08 |      
      690 |   0.3597 |  7.964837e+05 |   -4.22% |  1.54e-08 |      
      700 |   0.3285 |  7.977021e+05 |   +0.15% |  2.27e-08 |      
      710 |   0.2999 |  7.870131e+05 |   -1.34% |  3.35e-08 |      
[INFO GPL-0040] Routability iteration: 4
[INFO GPL-0041] Total routing overflow: 71.5104
[INFO GPL-0042] Number of overflowed tiles: 949 (10.74%)
[INFO GPL-0043] Average top 0.5% routing congestion: 1.2318
[INFO GPL-0044] Average top 1.0% routing congestion: 1.2064
[INFO GPL-0045] Average top 2.0% routing congestion: 1.1750
[INFO GPL-0046] Average top 5.0% routing congestion: 1.1261
[INFO GPL-0047] Routability iteration weighted routing congestion: 1.2191
[INFO GPL-0048] Routing congestion (1.2191) lower than previous minimum (1.248). Updating minimum.
[INFO GPL-0086] Inflated area:                8001.205 um^2 (+2.74%)
[INFO GPL-0052] Placement target density:       0.7234
[INFO GPL-0076] Removing fillers, count: Before: 496, After: 0 (-100.00%)
[INFO GPL-0077] Filler area (um^2)     : Before: 4412.872, After: 0.000 (-100.00%)
[INFO GPL-0078] Removed fillers count: 496, area removed: 4412.872 um^2. Remaining area to be compensated by modifying density: 3588.332 um^2
[INFO GPL-0079] New target density: 0.7321694
[INFO GPL-0058] White space area:           410049.520 um^2 (+0.00%)
[INFO GPL-0059] Movable instances area:     300225.692 um^2 (+1.21%)
[INFO GPL-0060] Total filler area:               0.000 um^2 (-100.00%)
[INFO GPL-0061] Total non-inflated area:    300225.689 um^2 (+1.21%)
[INFO GPL-0062] Total inflated area:        308226.893 um^2 (+1.18%)
[INFO GPL-0063] New Target Density:             0.7322
[INFO GPL-0087] Routability end iteration: increase inflation and revert back to snapshot.
Iteration | Overflow |     HPWL (um) |  HPWL(%) |   Penalty | Group
---------------------------------------------------------------
      720 |   0.5269 |  9.226542e+05 |  +17.23% |  1.42e-09 |      
      730 |   0.5304 |  8.584455e+05 |   -6.96% |  2.09e-09 |      
      740 |   0.4876 |  8.988859e+05 |   +4.71% |  3.06e-09 |      
      750 |   0.4606 |  8.070323e+05 |  -10.22% |  4.50e-09 |      
      760 |   0.4065 |  8.882341e+05 |  +10.06% |  6.58e-09 |      
      770 |   0.3908 |  8.483900e+05 |   -4.49% |  9.69e-09 |      
      780 |   0.3647 |  8.194661e+05 |   -3.41% |  1.43e-08 |      
      790 |   0.3324 |  8.188770e+05 |   -0.07% |  2.10e-08 |      
      800 |   0.3029 |  8.040507e+05 |   -1.81% |  3.09e-08 |      
[INFO GPL-0040] Routability iteration: 5
[INFO GPL-0041] Total routing overflow: 67.0604
[INFO GPL-0042] Number of overflowed tiles: 901 (10.20%)
[INFO GPL-0043] Average top 0.5% routing congestion: 1.2439
[INFO GPL-0044] Average top 1.0% routing congestion: 1.2098
[INFO GPL-0045] Average top 2.0% routing congestion: 1.1740
[INFO GPL-0046] Average top 5.0% routing congestion: 1.1221
[INFO GPL-0047] Routability iteration weighted routing congestion: 1.2269
[INFO GPL-0049] Routing congestion (1.2269) higher than minimum (1.2191). Consecutive non-improvement count: 1.
[INFO GPL-0086] Inflated area:                7878.599 um^2 (+2.62%)
[INFO GPL-0052] Placement target density:       0.7322
[INFO GPL-0076] Removing fillers, count: Before: 0, After: 0 (+0.00%)
[INFO GPL-0077] Filler area (um^2)     : Before: 0.000, After: 0.000 (+0.00%)
[INFO GPL-0078] Removed fillers count: 0, area removed: 0.000 um^2. Remaining area to be compensated by modifying density: 7878.599 um^2
[INFO GPL-0079] New target density: 0.7513832
[INFO GPL-0058] White space area:           410049.520 um^2 (+0.00%)
[INFO GPL-0059] Movable instances area:     308104.298 um^2 (+2.62%)
[INFO GPL-0060] Total filler area:               0.000 um^2 (+0.00%)
[INFO GPL-0061] Total non-inflated area:    308104.288 um^2 (+2.62%)
[INFO GPL-0062] Total inflated area:        315982.886 um^2 (+2.56%)
[INFO GPL-0063] New Target Density:             0.7514
[INFO GPL-0087] Routability end iteration: increase inflation and revert back to snapshot.
Iteration | Overflow |     HPWL (um) |  HPWL(%) |   Penalty | Group
---------------------------------------------------------------
      810 |   0.5275 |  9.168033e+05 |  +14.02% |  1.37e-09 |      
      820 |   0.5285 |  8.787850e+05 |   -4.15% |  2.01e-09 |      
      830 |   0.4861 |  9.045335e+05 |   +2.93% |  2.94e-09 |      
      840 |   0.4577 |  8.243678e+05 |   -8.86% |  4.32e-09 |      
      850 |   0.4097 |  8.899212e+05 |   +7.95% |  6.33e-09 |      
      860 |   0.3924 |  8.551711e+05 |   -3.90% |  9.31e-09 |      
      870 |   0.3636 |  8.294191e+05 |   -3.01% |  1.37e-08 |      
      880 |   0.3329 |  8.279272e+05 |   -0.18% |  2.02e-08 |      
      890 |   0.3057 |  8.118847e+05 |   -1.94% |  2.97e-08 |      
[INFO GPL-0040] Routability iteration: 6
[INFO GPL-0041] Total routing overflow: 64.2483
[INFO GPL-0042] Number of overflowed tiles: 874 (9.89%)
[INFO GPL-0043] Average top 0.5% routing congestion: 1.2316
[INFO GPL-0044] Average top 1.0% routing congestion: 1.2003
[INFO GPL-0045] Average top 2.0% routing congestion: 1.1679
[INFO GPL-0046] Average top 5.0% routing congestion: 1.1185
[INFO GPL-0047] Routability iteration weighted routing congestion: 1.2159
[INFO GPL-0048] Routing congestion (1.2159) lower than previous minimum (1.219). Updating minimum.
[INFO GPL-0086] Inflated area:                7549.112 um^2 (+2.45%)
[INFO GPL-0052] Placement target density:       0.7514
[INFO GPL-0076] Removing fillers, count: Before: 0, After: 0 (+0.00%)
[INFO GPL-0077] Filler area (um^2)     : Before: 0.000, After: 0.000 (+0.00%)
[INFO GPL-0078] Removed fillers count: 0, area removed: 0.000 um^2. Remaining area to be compensated by modifying density: 7549.112 um^2
[INFO GPL-0079] New target density: 0.76979333
[INFO GPL-0058] White space area:           410049.520 um^2 (+0.00%)
[INFO GPL-0059] Movable instances area:     315653.390 um^2 (+2.45%)
[INFO GPL-0060] Total filler area:               0.000 um^2 (+0.00%)
[INFO GPL-0061] Total non-inflated area:    315653.399 um^2 (+2.45%)
[INFO GPL-0062] Total inflated area:        323202.511 um^2 (+2.39%)
[INFO GPL-0063] New Target Density:             0.7698
[INFO GPL-0087] Routability end iteration: increase inflation and revert back to snapshot.
Iteration | Overflow |     HPWL (um) |  HPWL(%) |   Penalty | Group
---------------------------------------------------------------
      900 |   0.5382 |  8.559691e+05 |   +5.43% |  1.27e-09 |      
      910 |   0.5245 |  9.198188e+05 |   +7.46% |  1.85e-09 |      
      920 |   0.4932 |  8.888871e+05 |   -3.36% |  2.73e-09 |      
      930 |   0.4634 |  8.585200e+05 |   -3.42% |  4.00e-09 |      
      940 |   0.4205 |  8.824156e+05 |   +2.78% |  5.86e-09 |      
      950 |   0.3983 |  8.653608e+05 |   -1.93% |  8.61e-09 |      
      960 |   0.3707 |  8.436036e+05 |   -2.51% |  1.27e-08 |      
      970 |   0.3374 |  8.370851e+05 |   -0.77% |  1.87e-08 |      
      980 |   0.3076 |  8.208488e+05 |   -1.94% |  2.75e-08 |      
[INFO GPL-0040] Routability iteration: 7
[INFO GPL-0041] Total routing overflow: 57.8656
[INFO GPL-0042] Number of overflowed tiles: 849 (9.61%)
[INFO GPL-0043] Average top 0.5% routing congestion: 1.2083
[INFO GPL-0044] Average top 1.0% routing congestion: 1.1859
[INFO GPL-0045] Average top 2.0% routing congestion: 1.1571
[INFO GPL-0046] Average top 5.0% routing congestion: 1.1095
[INFO GPL-0047] Routability iteration weighted routing congestion: 1.1971
[INFO GPL-0048] Routing congestion (1.1971) lower than previous minimum (1.216). Updating minimum.
[INFO GPL-0086] Inflated area:                6585.966 um^2 (+2.09%)
[INFO GPL-0052] Placement target density:       0.7698
[INFO GPL-0076] Removing fillers, count: Before: 0, After: 0 (+0.00%)
[INFO GPL-0077] Filler area (um^2)     : Before: 0.000, After: 0.000 (+0.00%)
[INFO GPL-0078] Removed fillers count: 0, area removed: 0.000 um^2. Remaining area to be compensated by modifying density: 6585.966 um^2
[INFO GPL-0079] New target density: 0.78585476
[INFO GPL-0058] White space area:           410049.520 um^2 (+0.00%)
[INFO GPL-0059] Movable instances area:     322239.365 um^2 (+2.09%)
[INFO GPL-0060] Total filler area:               0.000 um^2 (+0.00%)
[INFO GPL-0061] Total non-inflated area:    322239.366 um^2 (+2.09%)
[INFO GPL-0062] Total inflated area:        328825.332 um^2 (+2.04%)
[INFO GPL-0063] New Target Density:             0.7859
[INFO GPL-0087] Routability end iteration: increase inflation and revert back to snapshot.
Iteration | Overflow |     HPWL (um) |  HPWL(%) |   Penalty | Group
---------------------------------------------------------------
      990 |   0.5464 |  8.306663e+05 |   +1.20% |  1.23e-09 |      
     1000 |   0.5215 |  9.455935e+05 |  +13.84% |  1.78e-09 |      
     1010 |   0.4966 |  8.880958e+05 |   -6.08% |  2.62e-09 |      
     1020 |   0.4683 |  8.743867e+05 |   -1.54% |  3.84e-09 |      
     1030 |   0.4205 |  8.832402e+05 |   +1.01% |  5.64e-09 |      
     1040 |   0.3965 |  8.777380e+05 |   -0.62% |  8.29e-09 |      
     1050 |   0.3728 |  8.522319e+05 |   -2.91% |  1.22e-08 |      
     1060 |   0.3395 |  8.430724e+05 |   -1.07% |  1.80e-08 |      
     1070 |   0.3088 |  8.280649e+05 |   -1.78% |  2.65e-08 |      
[INFO GPL-0040] Routability iteration: 8
[INFO GPL-0041] Total routing overflow: 59.5177
[INFO GPL-0042] Number of overflowed tiles: 896 (10.14%)
[INFO GPL-0043] Average top 0.5% routing congestion: 1.2017
[INFO GPL-0044] Average top 1.0% routing congestion: 1.1777
[INFO GPL-0045] Average top 2.0% routing congestion: 1.1502
[INFO GPL-0046] Average top 5.0% routing congestion: 1.1081
[INFO GPL-0047] Routability iteration weighted routing congestion: 1.1897
[INFO GPL-0048] Routing congestion (1.1897) lower than previous minimum (1.197). Updating minimum.
[INFO GPL-0086] Inflated area:                7380.056 um^2 (+2.29%)
[INFO GPL-0052] Placement target density:       0.7859
[INFO GPL-0076] Removing fillers, count: Before: 0, After: 0 (+0.00%)
[INFO GPL-0077] Filler area (um^2)     : Before: 0.000, After: 0.000 (+0.00%)
[INFO GPL-0078] Removed fillers count: 0, area removed: 0.000 um^2. Remaining area to be compensated by modifying density: 7380.056 um^2
[INFO GPL-0079] New target density: 0.8038527
[INFO GPL-0058] White space area:           410049.520 um^2 (+0.00%)
[INFO GPL-0059] Movable instances area:     329619.407 um^2 (+2.29%)
[INFO GPL-0060] Total filler area:               0.000 um^2 (+0.00%)
[INFO GPL-0061] Total non-inflated area:    329619.422 um^2 (+2.29%)
[INFO GPL-0062] Total inflated area:        336999.477 um^2 (+2.24%)
[INFO GPL-0063] New Target Density:             0.8039
[INFO GPL-0087] Routability end iteration: increase inflation and revert back to snapshot.
Iteration | Overflow |     HPWL (um) |  HPWL(%) |   Penalty | Group
---------------------------------------------------------------
     1080 |   0.5408 |  8.470215e+05 |   +2.29% |  1.23e-09 |      
     1090 |   0.5201 |  9.527962e+05 |  +12.49% |  1.78e-09 |      
     1100 |   0.4928 |  9.035878e+05 |   -5.16% |  2.62e-09 |      
     1110 |   0.4646 |  8.775606e+05 |   -2.88% |  3.84e-09 |      
     1120 |   0.4236 |  8.915908e+05 |   +1.60% |  5.63e-09 |      
     1130 |   0.3949 |  8.807899e+05 |   -1.21% |  8.28e-09 |      
     1140 |   0.3702 |  8.549398e+05 |   -2.93% |  1.22e-08 |      
     1150 |   0.3352 |  8.437809e+05 |   -1.31% |  1.80e-08 |      
     1160 |   0.3077 |  8.283087e+05 |   -1.83% |  2.65e-08 |      
[INFO GPL-0040] Routability iteration: 9
[INFO GPL-0041] Total routing overflow: 56.4137
[INFO GPL-0042] Number of overflowed tiles: 859 (9.72%)
[INFO GPL-0043] Average top 0.5% routing congestion: 1.2012
[INFO GPL-0044] Average top 1.0% routing congestion: 1.1774
[INFO GPL-0045] Average top 2.0% routing congestion: 1.1504
[INFO GPL-0046] Average top 5.0% routing congestion: 1.1066
[INFO GPL-0047] Routability iteration weighted routing congestion: 1.1893
[INFO GPL-0049] Routing congestion (1.1893) higher than minimum (1.1897). Consecutive non-improvement count: 1.
[INFO GPL-0086] Inflated area:                7303.160 um^2 (+2.22%)
[INFO GPL-0052] Placement target density:       0.8039
[INFO GPL-0076] Removing fillers, count: Before: 0, After: 0 (+0.00%)
[INFO GPL-0077] Filler area (um^2)     : Before: 0.000, After: 0.000 (+0.00%)
[INFO GPL-0078] Removed fillers count: 0, area removed: 0.000 um^2. Remaining area to be compensated by modifying density: 7303.159 um^2
[INFO GPL-0079] New target density: 0.82166314
[INFO GPL-0058] White space area:           410049.520 um^2 (+0.00%)
[INFO GPL-0059] Movable instances area:     336922.575 um^2 (+2.22%)
[INFO GPL-0060] Total filler area:               0.000 um^2 (+0.00%)
[INFO GPL-0061] Total non-inflated area:    336922.581 um^2 (+2.22%)
[INFO GPL-0062] Total inflated area:        344225.740 um^2 (+2.17%)
[INFO GPL-0063] New Target Density:             0.8217
[INFO GPL-0087] Routability end iteration: increase inflation and revert back to snapshot.
Iteration | Overflow |     HPWL (um) |  HPWL(%) |   Penalty | Group
---------------------------------------------------------------
     1170 |   0.5230 |  9.106824e+05 |   +9.94% |  1.27e-09 |      
     1180 |   0.5199 |  9.414178e+05 |   +3.37% |  1.85e-09 |      
     1190 |   0.4828 |  9.361551e+05 |   -0.56% |  2.71e-09 |      
     1200 |   0.4565 |  8.697215e+05 |   -7.10% |  3.98e-09 |      
     1210 |   0.4143 |  9.127162e+05 |   +4.94% |  5.84e-09 |      
     1220 |   0.3898 |  8.841696e+05 |   -3.13% |  8.59e-09 |      
     1230 |   0.3653 |  8.563710e+05 |   -3.14% |  1.27e-08 |      
     1240 |   0.3295 |  8.504336e+05 |   -0.69% |  1.86e-08 |      
     1250 |   0.3067 |  8.313584e+05 |   -2.24% |  2.75e-08 |      
[INFO GPL-0040] Routability iteration: 10
[INFO GPL-0041] Total routing overflow: 53.5262
[INFO GPL-0042] Number of overflowed tiles: 869 (9.83%)
[INFO GPL-0043] Average top 0.5% routing congestion: 1.1991
[INFO GPL-0044] Average top 1.0% routing congestion: 1.1721
[INFO GPL-0045] Average top 2.0% routing congestion: 1.1424
[INFO GPL-0046] Average top 5.0% routing congestion: 1.0998
[INFO GPL-0047] Routability iteration weighted routing congestion: 1.1856
[INFO GPL-0048] Routing congestion (1.1856) lower than previous minimum (1.19). Updating minimum.
[INFO GPL-0086] Inflated area:                7133.433 um^2 (+2.12%)
[INFO GPL-0052] Placement target density:       0.8217
[INFO GPL-0076] Removing fillers, count: Before: 0, After: 0 (+0.00%)
[INFO GPL-0077] Filler area (um^2)     : Before: 0.000, After: 0.000 (+0.00%)
[INFO GPL-0078] Removed fillers count: 0, area removed: 0.000 um^2. Remaining area to be compensated by modifying density: 7133.433 um^2
[INFO GPL-0079] New target density: 0.83905965
[INFO GPL-0058] White space area:           410049.520 um^2 (+0.00%)
[INFO GPL-0059] Movable instances area:     344056.005 um^2 (+2.12%)
[INFO GPL-0060] Total filler area:               0.000 um^2 (+0.00%)
[INFO GPL-0061] Total non-inflated area:    344056.014 um^2 (+2.12%)
[INFO GPL-0062] Total inflated area:        351189.446 um^2 (+2.07%)
[INFO GPL-0063] New Target Density:             0.8391
[INFO GPL-0087] Routability end iteration: increase inflation and revert back to snapshot.
Iteration | Overflow |     HPWL (um) |  HPWL(%) |   Penalty | Group
---------------------------------------------------------------
     1260 |   0.5113 |  9.456186e+05 |  +13.74% |  1.31e-09 |      
     1270 |   0.5186 |  9.283747e+05 |   -1.82% |  1.92e-09 |      
     1280 |   0.4734 |  9.636014e+05 |   +3.79% |  2.81e-09 |      
     1290 |   0.4504 |  8.608683e+05 |  -10.66% |  4.13e-09 |      
     1300 |   0.4096 |  9.230509e+05 |   +7.22% |  6.06e-09 |      
     1310 |   0.3825 |  8.840766e+05 |   -4.22% |  8.92e-09 |      
     1320 |   0.3558 |  8.576534e+05 |   -2.99% |  1.31e-08 |      
     1330 |   0.3304 |  8.491554e+05 |   -0.99% |  1.94e-08 |      
     1340 |   0.3017 |  8.318401e+05 |   -2.04% |  2.85e-08 |      
[INFO GPL-0040] Routability iteration: 11
[INFO GPL-0041] Total routing overflow: 56.3044
[INFO GPL-0042] Number of overflowed tiles: 899 (10.17%)
[INFO GPL-0043] Average top 0.5% routing congestion: 1.1981
[INFO GPL-0044] Average top 1.0% routing congestion: 1.1716
[INFO GPL-0045] Average top 2.0% routing congestion: 1.1445
[INFO GPL-0046] Average top 5.0% routing congestion: 1.1033
[INFO GPL-0047] Routability iteration weighted routing congestion: 1.1848
[INFO GPL-0049] Routing congestion (1.1848) higher than minimum (1.1856). Consecutive non-improvement count: 1.
[INFO GPL-0086] Inflated area:                7465.338 um^2 (+2.17%)
[INFO GPL-0052] Placement target density:       0.8391
[INFO GPL-0076] Removing fillers, count: Before: 0, After: 0 (+0.00%)
[INFO GPL-0077] Filler area (um^2)     : Before: 0.000, After: 0.000 (+0.00%)
[INFO GPL-0078] Removed fillers count: 0, area removed: 0.000 um^2. Remaining area to be compensated by modifying density: 7465.338 um^2
[INFO GPL-0079] New target density: 0.8572656
[INFO GPL-0058] White space area:           410049.520 um^2 (+0.00%)
[INFO GPL-0059] Movable instances area:     351521.341 um^2 (+2.17%)
[INFO GPL-0060] Total filler area:               0.000 um^2 (+0.00%)
[INFO GPL-0061] Total non-inflated area:    351521.352 um^2 (+2.17%)
[INFO GPL-0062] Total inflated area:        358986.690 um^2 (+2.12%)
[INFO GPL-0063] New Target Density:             0.8573
[INFO GPL-0087] Routability end iteration: increase inflation and revert back to snapshot.
Iteration | Overflow |     HPWL (um) |  HPWL(%) |   Penalty | Group
---------------------------------------------------------------
     1350 |   0.4957 |  1.026464e+06 |  +23.40% |  1.36e-09 |      
     1360 |   0.5136 |  9.265323e+05 |   -9.74% |  1.99e-09 |      
     1370 |   0.4647 |  9.824005e+05 |   +6.03% |  2.91e-09 |      
     1380 |   0.4490 |  8.620054e+05 |  -12.26% |  4.29e-09 |      
     1390 |   0.4040 |  9.271770e+05 |   +7.56% |  6.28e-09 |      
     1400 |   0.3814 |  8.835937e+05 |   -4.70% |  9.25e-09 |      
     1410 |   0.3561 |  8.561062e+05 |   -3.11% |  1.36e-08 |      
     1420 |   0.3278 |  8.505692e+05 |   -0.65% |  2.01e-08 |      
     1430 |   0.2984 |  8.320049e+05 |   -2.18% |  2.96e-08 |      
[INFO GPL-0040] Routability iteration: 12
[INFO GPL-0041] Total routing overflow: 55.8039
[INFO GPL-0042] Number of overflowed tiles: 862 (9.76%)
[INFO GPL-0043] Average top 0.5% routing congestion: 1.2134
[INFO GPL-0044] Average top 1.0% routing congestion: 1.1831
[INFO GPL-0045] Average top 2.0% routing congestion: 1.1501
[INFO GPL-0046] Average top 5.0% routing congestion: 1.1031
[INFO GPL-0047] Routability iteration weighted routing congestion: 1.1983
[INFO GPL-0049] Routing congestion (1.1983) higher than minimum (1.1856). Consecutive non-improvement count: 2.
[INFO GPL-0086] Inflated area:                7719.369 um^2 (+2.20%)
[INFO GPL-0052] Placement target density:       0.8573
[INFO GPL-0076] Removing fillers, count: Before: 0, After: 0 (+0.00%)
[INFO GPL-0077] Filler area (um^2)     : Before: 0.000, After: 0.000 (+0.00%)
[INFO GPL-0078] Removed fillers count: 0, area removed: 0.000 um^2. Remaining area to be compensated by modifying density: 7719.369 um^2
[INFO GPL-0079] New target density: 0.8760911
[INFO GPL-0058] White space area:           410049.520 um^2 (+0.00%)
[INFO GPL-0059] Movable instances area:     359240.729 um^2 (+2.20%)
[INFO GPL-0060] Total filler area:               0.000 um^2 (+0.00%)
[INFO GPL-0061] Total non-inflated area:    359240.720 um^2 (+2.20%)
[INFO GPL-0062] Total inflated area:        366960.089 um^2 (+2.15%)
[INFO GPL-0063] New Target Density:             0.8761
[INFO GPL-0087] Routability end iteration: increase inflation and revert back to snapshot.
Iteration | Overflow |     HPWL (um) |  HPWL(%) |   Penalty | Group
---------------------------------------------------------------
     1440 |   0.4882 |  1.057165e+06 |  +27.06% |  1.40e-09 |      
     1450 |   0.5073 |  9.247665e+05 |  -12.52% |  2.06e-09 |      
     1460 |   0.4599 |  9.759153e+05 |   +5.53% |  3.02e-09 |      
     1470 |   0.4445 |  8.707802e+05 |  -10.77% |  4.45e-09 |      
     1480 |   0.3962 |  9.293883e+05 |   +6.73% |  6.53e-09 |      
     1490 |   0.3789 |  8.839800e+05 |   -4.89% |  9.61e-09 |      
     1500 |   0.3493 |  8.593920e+05 |   -2.78% |  1.42e-08 |      
     1510 |   0.3252 |  8.497524e+05 |   -1.12% |  2.09e-08 |      
[INFO GPL-0040] Routability iteration: 13
[INFO GPL-0041] Total routing overflow: 52.1593
[INFO GPL-0042] Number of overflowed tiles: 868 (9.82%)
[INFO GPL-0043] Average top 0.5% routing congestion: 1.1911
[INFO GPL-0044] Average top 1.0% routing congestion: 1.1676
[INFO GPL-0045] Average top 2.0% routing congestion: 1.1396
[INFO GPL-0046] Average top 5.0% routing congestion: 1.0966
[INFO GPL-0047] Routability iteration weighted routing congestion: 1.1793
[INFO GPL-0048] Routing congestion (1.1793) lower than previous minimum (1.186). Updating minimum.
[INFO GPL-0086] Inflated area:                7240.259 um^2 (+2.02%)
[INFO GPL-0052] Placement target density:       0.8761
[INFO GPL-0076] Removing fillers, count: Before: 0, After: 0 (+0.00%)
[INFO GPL-0077] Filler area (um^2)     : Before: 0.000, After: 0.000 (+0.00%)
[INFO GPL-0078] Removed fillers count: 0, area removed: 0.000 um^2. Remaining area to be compensated by modifying density: 7240.259 um^2
[INFO GPL-0079] New target density: 0.8937481
[INFO GPL-0058] White space area:           410049.520 um^2 (+0.00%)
[INFO GPL-0059] Movable instances area:     366480.982 um^2 (+2.02%)
[INFO GPL-0060] Total filler area:               0.000 um^2 (+0.00%)
[INFO GPL-0061] Total non-inflated area:    366480.980 um^2 (+2.02%)
[INFO GPL-0062] Total inflated area:        373721.239 um^2 (+1.98%)
[INFO GPL-0063] New Target Density:             0.8937
[INFO GPL-0087] Routability end iteration: increase inflation and revert back to snapshot.
Iteration | Overflow |     HPWL (um) |  HPWL(%) |   Penalty | Group
---------------------------------------------------------------
     1520 |   0.6454 |  6.321854e+05 |  -25.60% |  1.07e-09 |      
     1530 |   0.4793 |  1.083382e+06 |  +71.37% |  1.51e-09 |      
     1540 |   0.4973 |  9.303187e+05 |  -14.13% |  2.23e-09 |      
     1550 |   0.4579 |  9.548965e+05 |   +2.64% |  3.26e-09 |      
     1560 |   0.4357 |  8.947900e+05 |   -6.29% |  4.80e-09 |      
     1570 |   0.3939 |  9.240909e+05 |   +3.27% |  7.04e-09 |      
     1580 |   0.3743 |  8.796630e+05 |   -4.81% |  1.04e-08 |      
     1590 |   0.3453 |  8.571162e+05 |   -2.56% |  1.53e-08 |      
     1600 |   0.3139 |  8.470855e+05 |   -1.17% |  2.25e-08 |      
[INFO GPL-0040] Routability iteration: 14
[INFO GPL-0041] Total routing overflow: 48.2894
[INFO GPL-0042] Number of overflowed tiles: 831 (9.40%)
[INFO GPL-0043] Average top 0.5% routing congestion: 1.1931
[INFO GPL-0044] Average top 1.0% routing congestion: 1.1660
[INFO GPL-0045] Average top 2.0% routing congestion: 1.1368
[INFO GPL-0046] Average top 5.0% routing congestion: 1.0926
[INFO GPL-0047] Routability iteration weighted routing congestion: 1.1796
[INFO GPL-0049] Routing congestion (1.1796) higher than minimum (1.1793). Consecutive non-improvement count: 1.
[INFO GPL-0086] Inflated area:                7062.604 um^2 (+1.93%)
[INFO GPL-0052] Placement target density:       0.8937
[INFO GPL-0076] Removing fillers, count: Before: 0, After: 0 (+0.00%)
[INFO GPL-0077] Filler area (um^2)     : Before: 0.000, After: 0.000 (+0.00%)
[INFO GPL-0078] Removed fillers count: 0, area removed: 0.000 um^2. Remaining area to be compensated by modifying density: 7062.604 um^2
[INFO GPL-0079] New target density: 0.9109719
[INFO GPL-0058] White space area:           410049.520 um^2 (+0.00%)
[INFO GPL-0059] Movable instances area:     373543.567 um^2 (+1.93%)
[INFO GPL-0060] Total filler area:               0.000 um^2 (+0.00%)
[INFO GPL-0061] Total non-inflated area:    373543.584 um^2 (+1.93%)
[INFO GPL-0062] Total inflated area:        380606.187 um^2 (+1.89%)
[INFO GPL-0063] New Target Density:             0.9110
[INFO GPL-0087] Routability end iteration: increase inflation and revert back to snapshot.
Iteration | Overflow |     HPWL (um) |  HPWL(%) |   Penalty | Group
---------------------------------------------------------------
     1610 |   0.5544 |  8.220950e+05 |   -2.95% |  1.14e-09 |      
     1620 |   0.4868 |  1.063646e+06 |  +29.38% |  1.62e-09 |      
     1630 |   0.4789 |  9.691442e+05 |   -8.88% |  2.39e-09 |      
     1640 |   0.4523 |  9.270977e+05 |   -4.34% |  3.50e-09 |      
     1650 |   0.4201 |  9.304125e+05 |   +0.36% |  5.14e-09 |      
     1660 |   0.3879 |  9.164935e+05 |   -1.50% |  7.56e-09 |      
     1670 |   0.3651 |  8.828851e+05 |   -3.67% |  1.11e-08 |      
     1680 |   0.3360 |  8.611272e+05 |   -2.46% |  1.64e-08 |      
     1690 |   0.3093 |  8.454171e+05 |   -1.82% |  2.42e-08 |      
[INFO GPL-0040] Routability iteration: 15
[INFO GPL-0041] Total routing overflow: 49.2996
[INFO GPL-0042] Number of overflowed tiles: 865 (9.79%)
[INFO GPL-0043] Average top 0.5% routing congestion: 1.1853
[INFO GPL-0044] Average top 1.0% routing congestion: 1.1625
[INFO GPL-0045] Average top 2.0% routing congestion: 1.1359
[INFO GPL-0046] Average top 5.0% routing congestion: 1.0926
[INFO GPL-0047] Routability iteration weighted routing congestion: 1.1739
[INFO GPL-0048] Routing congestion (1.1739) lower than previous minimum (1.179). Updating minimum.
[INFO GPL-0086] Inflated area:                7027.406 um^2 (+1.88%)
[INFO GPL-0052] Placement target density:       0.9110
[INFO GPL-0076] Removing fillers, count: Before: 0, After: 0 (+0.00%)
[INFO GPL-0077] Filler area (um^2)     : Before: 0.000, After: 0.000 (+0.00%)
[INFO GPL-0078] Removed fillers count: 0, area removed: 0.000 um^2. Remaining area to be compensated by modifying density: 7027.406 um^2
[INFO GPL-0079] New target density: 0.9281099
[INFO GPL-0058] White space area:           410049.520 um^2 (+0.00%)
[INFO GPL-0059] Movable instances area:     380570.993 um^2 (+1.88%)
[INFO GPL-0060] Total filler area:               0.000 um^2 (+0.00%)
[INFO GPL-0061] Total non-inflated area:    380570.990 um^2 (+1.88%)
[INFO GPL-0062] Total inflated area:        387598.396 um^2 (+1.85%)
[INFO GPL-0063] New Target Density:             0.9281
[INFO GPL-0087] Routability end iteration: increase inflation and revert back to snapshot.
Iteration | Overflow |     HPWL (um) |  HPWL(%) |   Penalty | Group
---------------------------------------------------------------
     1700 |   0.4948 |  1.023144e+06 |  +21.02% |  1.26e-09 |      
     1710 |   0.5085 |  9.803199e+05 |   -4.19% |  1.82e-09 |      
     1720 |   0.4623 |  1.023026e+06 |   +4.36% |  2.67e-09 |      
     1730 |   0.4430 |  8.962174e+05 |  -12.40% |  3.93e-09 |      
     1740 |   0.4060 |  9.459404e+05 |   +5.55% |  5.76e-09 |      
     1750 |   0.3787 |  9.030728e+05 |   -4.53% |  8.49e-09 |      
     1760 |   0.3576 |  8.762585e+05 |   -2.97% |  1.25e-08 |      
     1770 |   0.3273 |  8.629524e+05 |   -1.52% |  1.84e-08 |      
     1780 |   0.2998 |  8.470475e+05 |   -1.84% |  2.71e-08 |      
[INFO GPL-0040] Routability iteration: 16
[INFO GPL-0041] Total routing overflow: 49.3489
[INFO GPL-0042] Number of overflowed tiles: 857 (9.70%)
[INFO GPL-0043] Average top 0.5% routing congestion: 1.1886
[INFO GPL-0044] Average top 1.0% routing congestion: 1.1633
[INFO GPL-0045] Average top 2.0% routing congestion: 1.1359
[INFO GPL-0046] Average top 5.0% routing congestion: 1.0934
[INFO GPL-0047] Routability iteration weighted routing congestion: 1.1760
[INFO GPL-0049] Routing congestion (1.1760) higher than minimum (1.1739). Consecutive non-improvement count: 1.
[INFO GPL-0086] Inflated area:                7197.178 um^2 (+1.89%)
[INFO GPL-0052] Placement target density:       0.9281
[INFO GPL-0076] Removing fillers, count: Before: 0, After: 0 (+0.00%)
[INFO GPL-0077] Filler area (um^2)     : Before: 0.000, After: 0.000 (+0.00%)
[INFO GPL-0078] Removed fillers count: 0, area removed: 0.000 um^2. Remaining area to be compensated by modifying density: 7197.178 um^2
[INFO GPL-0079] New target density: 0.9456618
[INFO GPL-0058] White space area:           410049.520 um^2 (+0.00%)
[INFO GPL-0059] Movable instances area:     387768.156 um^2 (+1.89%)
[INFO GPL-0060] Total filler area:               0.000 um^2 (+0.00%)
[INFO GPL-0061] Total non-inflated area:    387768.167 um^2 (+1.89%)
[INFO GPL-0062] Total inflated area:        394965.345 um^2 (+1.86%)
[INFO GPL-0063] New Target Density:             0.9457
[INFO GPL-0087] Routability end iteration: increase inflation and revert back to snapshot.
Iteration | Overflow |     HPWL (um) |  HPWL(%) |   Penalty | Group
---------------------------------------------------------------
     1790 |   0.4726 |  1.085455e+06 |  +28.15% |  1.40e-09 |      
     1800 |   0.4996 |  9.565879e+05 |  -11.87% |  2.04e-09 |      
     1810 |   0.4584 |  9.988871e+05 |   +4.42% |  2.99e-09 |      
     1820 |   0.4350 |  9.183351e+05 |   -8.06% |  4.41e-09 |      
     1830 |   0.3908 |  9.451401e+05 |   +2.92% |  6.47e-09 |      
     1840 |   0.3745 |  8.963546e+05 |   -5.16% |  9.53e-09 |      
     1850 |   0.3468 |  8.730228e+05 |   -2.60% |  1.40e-08 |      
     1860 |   0.3189 |  8.643759e+05 |   -0.99% |  2.07e-08 |      
[INFO GPL-0040] Routability iteration: 17
[INFO GPL-0041] Total routing overflow: 49.9210
[INFO GPL-0042] Number of overflowed tiles: 830 (9.39%)
[INFO GPL-0043] Average top 0.5% routing congestion: 1.2081
[INFO GPL-0044] Average top 1.0% routing congestion: 1.1738
[INFO GPL-0045] Average top 2.0% routing congestion: 1.1401
[INFO GPL-0046] Average top 5.0% routing congestion: 1.0948
[INFO GPL-0047] Routability iteration weighted routing congestion: 1.1910
[INFO GPL-0049] Routing congestion (1.1910) higher than minimum (1.1739). Consecutive non-improvement count: 2.
[INFO GPL-0086] Inflated area:                7818.678 um^2 (+2.02%)
[INFO GPL-0052] Placement target density:       0.9457
[INFO GPL-0076] Removing fillers, count: Before: 0, After: 0 (+0.00%)
[INFO GPL-0077] Filler area (um^2)     : Before: 0.000, After: 0.000 (+0.00%)
[INFO GPL-0078] Removed fillers count: 0, area removed: 0.000 um^2. Remaining area to be compensated by modifying density: 7818.678 um^2
[INFO GPL-0079] New target density: 0.9647294
[INFO GPL-0058] White space area:           410049.520 um^2 (+0.00%)
[INFO GPL-0059] Movable instances area:     395586.830 um^2 (+2.02%)
[INFO GPL-0060] Total filler area:               0.000 um^2 (+0.00%)
[INFO GPL-0061] Total non-inflated area:    395586.846 um^2 (+2.02%)
[INFO GPL-0062] Total inflated area:        403405.524 um^2 (+1.98%)
[INFO GPL-0063] New Target Density:             0.9647
[INFO GPL-0087] Routability end iteration: increase inflation and revert back to snapshot.
Iteration | Overflow |     HPWL (um) |  HPWL(%) |   Penalty | Group
---------------------------------------------------------------
     1870 |   0.5872 |  7.294303e+05 |  -15.61% |  1.11e-09 |      
     1880 |   0.4743 |  1.121768e+06 |  +53.79% |  1.56e-09 |      
     1890 |   0.4745 |  1.004362e+06 |  -10.47% |  2.30e-09 |      
     1900 |   0.4491 |  9.512790e+05 |   -5.29% |  3.37e-09 |      
     1910 |   0.4214 |  9.512624e+05 |   -0.00% |  4.95e-09 |      
     1920 |   0.3876 |  9.327169e+05 |   -1.95% |  7.28e-09 |      
     1930 |   0.3642 |  8.969576e+05 |   -3.83% |  1.07e-08 |      
     1940 |   0.3353 |  8.734265e+05 |   -2.62% |  1.58e-08 |      
     1950 |   0.3110 |  8.556892e+05 |   -2.03% |  2.33e-08 |      
[INFO GPL-0040] Routability iteration: 18
[INFO GPL-0041] Total routing overflow: 52.0381
[INFO GPL-0042] Number of overflowed tiles: 866 (9.80%)
[INFO GPL-0043] Average top 0.5% routing congestion: 1.1830
[INFO GPL-0044] Average top 1.0% routing congestion: 1.1613
[INFO GPL-0045] Average top 2.0% routing congestion: 1.1357
[INFO GPL-0046] Average top 5.0% routing congestion: 1.0968
[INFO GPL-0047] Routability iteration weighted routing congestion: 1.1721
[INFO GPL-0048] Routing congestion (1.1721) lower than previous minimum (1.174). Updating minimum.
[INFO GPL-0086] Inflated area:                7957.864 um^2 (+2.01%)
[INFO GPL-0052] Placement target density:       0.9647
[INFO GPL-0076] Removing fillers, count: Before: 0, After: 0 (+0.00%)
[INFO GPL-0077] Filler area (um^2)     : Before: 0.000, After: 0.000 (+0.00%)
[INFO GPL-0078] Removed fillers count: 0, area removed: 0.000 um^2. Remaining area to be compensated by modifying density: 7957.864 um^2
[INFO GPL-0079] New target density: 0.9841365
[INFO GPL-0058] White space area:           410049.520 um^2 (+0.00%)
[INFO GPL-0059] Movable instances area:     403544.703 um^2 (+2.01%)
[INFO GPL-0060] Total filler area:               0.000 um^2 (+0.00%)
[INFO GPL-0061] Total non-inflated area:    403544.709 um^2 (+2.01%)
[INFO GPL-0062] Total inflated area:        411502.573 um^2 (+1.97%)
[INFO GPL-0063] New Target Density:             0.9841
[INFO GPL-0087] Routability end iteration: increase inflation and revert back to snapshot.
Iteration | Overflow |     HPWL (um) |  HPWL(%) |   Penalty | Group
---------------------------------------------------------------
     1960 |   0.4937 |  1.017678e+06 |  +18.93% |  1.21e-09 |      
     1970 |   0.5029 |  1.018978e+06 |   +0.13% |  1.75e-09 |      
     1980 |   0.4560 |  1.058284e+06 |   +3.86% |  2.56e-09 |      
     1990 |   0.4380 |  9.271159e+05 |  -12.39% |  3.77e-09 |      
     2000 |   0.3999 |  9.640889e+05 |   +3.99% |  5.54e-09 |      
     2010 |   0.3796 |  9.179066e+05 |   -4.79% |  8.16e-09 |      
     2020 |   0.3555 |  8.933363e+05 |   -2.68% |  1.20e-08 |      
     2030 |   0.3265 |  8.798507e+05 |   -1.51% |  1.77e-08 |      
     2040 |   0.2994 |  8.605488e+05 |   -2.19% |  2.61e-08 |      
[INFO GPL-0040] Routability iteration: 19
[INFO GPL-0041] Total routing overflow: 57.3675
[INFO GPL-0042] Number of overflowed tiles: 964 (10.91%)
[INFO GPL-0043] Average top 0.5% routing congestion: 1.1963
[INFO GPL-0044] Average top 1.0% routing congestion: 1.1733
[INFO GPL-0045] Average top 2.0% routing congestion: 1.1451
[INFO GPL-0046] Average top 5.0% routing congestion: 1.1027
[INFO GPL-0047] Routability iteration weighted routing congestion: 1.1848
[INFO GPL-0049] Routing congestion (1.1848) higher than minimum (1.1721). Consecutive non-improvement count: 1.
[INFO GPL-0086] Inflated area:                9099.536 um^2 (+2.25%)
[INFO GPL-0052] Placement target density:       0.9841
[INFO GPL-0076] Removing fillers, count: Before: 0, After: 0 (+0.00%)
[INFO GPL-0077] Filler area (um^2)     : Before: 0.000, After: 0.000 (+0.00%)
[INFO GPL-0078] Removed fillers count: 0, area removed: 0.000 um^2. Remaining area to be compensated by modifying density: 9099.537 um^2
[INFO GPL-0079] New target density: 1.0063279
[INFO GPL-0053] Target density 1.0063 exceeds the maximum allowed 0.9900.
[INFO GPL-0055] Reverting inflation values and target density from the iteration with minimum observed routing congestion.
[INFO GPL-0056] Minimum observed routing congestion: 1.1721
[INFO GPL-0057] Target density at minimum routing congestion: 0.9647
[INFO GPL-0080] Restoring 0 previously removed fillers.
[INFO GPL-0089] Routability finished. Reverting to minimal observed routing congestion, could not reach target.
Iteration | Overflow |     HPWL (um) |  HPWL(%) |   Penalty | Group
---------------------------------------------------------------
     2050 |   0.4658 |  1.088296e+06 |  +26.47% |  1.40e-09 |      
     2060 |   0.4933 |  9.579284e+05 |  -11.98% |  2.04e-09 |      
     2070 |   0.4480 |  1.000167e+06 |   +4.41% |  2.99e-09 |      
     2080 |   0.4255 |  9.161093e+05 |   -8.40% |  4.41e-09 |      
     2090 |   0.3882 |  9.464158e+05 |   +3.31% |  6.47e-09 |      
     2100 |   0.3660 |  9.002258e+05 |   -4.88% |  9.52e-09 |      
     2110 |   0.3406 |  8.726643e+05 |   -3.06% |  1.40e-08 |      
     2120 |   0.3121 |  8.607320e+05 |   -1.37% |  2.07e-08 |      
     2130 |   0.2848 |  8.461490e+05 |   -1.69% |  3.04e-08 |      
     2140 |   0.2565 |  8.374854e+05 |   -1.02% |  4.49e-08 |      
     2150 |   0.2280 |  8.317258e+05 |   -0.69% |  6.61e-08 |      
     2160 |   0.2023 |  8.285919e+05 |   -0.38% |  9.73e-08 |      
[INFO GPL-0100] Timing-driven iteration 2/2, virtual: false.
[INFO GPL-0101]    Iter: 2164, overflow: 0.194, keep resizer changes at: 1, HPWL: 828000825
Iteration |   Area    | Resized | Buffers | Nets repaired | Remaining
---------------------------------------------------------------------
        0 |     +0.0% |       0 |       0 |             0 |     27031
    final |     +0.4% |      46 |      44 |            61 |         0
---------------------------------------------------------------------
[INFO RSZ-0034] Found 58 slew violations.
[INFO RSZ-0036] Found 10 capacitance violations.
[INFO RSZ-0039] Resized 46 instances.
[INFO RSZ-0038] Inserted 44 buffers in 61 nets.
   Iter   |    Area   | Removed | Inserted |   Pins
          |           | Buffers | Buffers  | Remaining
-------------------------------------------------------
        0 |     +0.0% |       0 |        0 |     25314
     2500 |     -0.0% |      90 |       75 |     22814
     5000 |     -0.4% |     312 |      175 |     20314
     7500 |     -0.9% |     590 |      303 |     17814
    10000 |     -1.0% |     714 |      394 |     15314
    12500 |     -1.0% |     781 |      493 |     12814
    15000 |     -0.9% |     847 |      595 |     10314
    17500 |     -0.7% |     948 |      761 |      7814
    20000 |     -0.6% |    1038 |      893 |      5314
    22500 |     -0.5% |    1087 |      971 |      2814
    25000 |     +0.4% |    1208 |     1355 |       314
    final |     +0.4% |    1229 |     1378 |         0
-------------------------------------------------------
[INFO GPL-0106] Timing-driven: worst slack -4.095e-09
[INFO GPL-0107] Timing-driven: repair_design delta area: -2736.535 um^2 (-0.68%)
[INFO GPL-0108] Timing-driven: repair_design, gpl delta gcells: 193 (+0.72%)
[INFO GPL-0109] Timing-driven: repair_design, gcells created: 1422, deleted: 1229
[INFO GPL-0110] Timing-driven: new target density: 0.9774629
Iteration | Overflow |     HPWL (um) |  HPWL(%) |   Penalty | Group
---------------------------------------------------------------
     2170 |   0.1764 |  8.836490e+05 |   +6.64% |  1.43e-07 |      
     2180 |   0.1541 |  8.679588e+05 |   -1.78% |  2.10e-07 |      
     2190 |   0.1320 |  8.605363e+05 |   -0.86% |  3.09e-07 |      
     2200 |   0.1123 |  8.558396e+05 |   -0.55% |  4.56e-07 |      
     2207 |   0.0989 |  8.541461e+05 |          |  6.21e-07 |      
---------------------------------------------------------------
[INFO GPL-1001] Global placement finished at iteration 2207
[INFO GPL-1017] Routability mode iteration count: 1745
[INFO GPL-1005] Routability final weighted congestion: 1.1594
[INFO GPL-1002] Placed Cell Area            392850.3111
[INFO GPL-1003] Available Free Area         410049.5200
[INFO GPL-1004] Minimum Feasible Density        0.5800 (cell_area / free_area)
[INFO GPL-1006]   Suggested Target Densities:
[INFO GPL-1007]     - For 90% usage of free space: 1.0645
[INFO GPL-1008]     - For 80% usage of free space: 1.1976
[INFO GPL-1011] Original area (um^2): 234673.05
[INFO GPL-1012] Total routability artificial inflation: 149265.24 (+63.61%)
[INFO GPL-1013] Total timing-driven delta area: 8912.02 (+3.80%)
[INFO GPL-1014] Final placement area: 392850.31 (+67.40%)
Took 466 seconds: global_placement -density 0.6949999874830246 -pad_left 0 -pad_right 0 -routability_driven -timing_driven -force_center_initial_place -min_phi_coef 0.95 -max_phi_coef 1.05
estimate_parasitics -placement
Report metrics stage 3, global place...

==========================================================================
global place report_design_area
--------------------------------------------------------------------------
Design area 231899 um^2 56% utilization.
write_db /work/results/sky130hd/m7_j1/p15p0/3_3_place_gp.odb
Elapsed time: 7:51.16[h:]min:sec. CPU time: user 6582.08 sys 13.38 (1399%). Peak memory: 618648KB.
Log                       Ext     Elapsed/s Peak Memory/MB sha1sum result [0:20)
3_3_place_gp              .odb          471            604 25b4a5ba99817030ec43
/OpenROAD-flow-scripts/flow/scripts/flow.sh 3_4_place_resized resize
Running resize.tcl, stage 3_4_place_resized
read_liberty /OpenROAD-flow-scripts/flow/platforms/sky130hd/lib/sky130_fd_sc_hd__tt_025C_1v80.lib
read_db -hier /work/results/sky130hd/m7_j1/p15p0/3_3_place_gp.odb
[WARNING ORD-0012] Hierarchical flow (-hier) is currently in development and may cause multiple issues. Do not use in production environments.
read_sdc /work/results/sky130hd/m7_j1/p15p0/2_floorplan.sdc
source /OpenROAD-flow-scripts/flow/platforms/sky130hd/setRC.tcl
estimate_parasitics -placement
replace_arith_modules -path_count 1000 -target setup -slack_threshold 0.0
[INFO RSZ-0151] Starting arithmetic module replacement to optimize 'setup' target
[INFO RSZ-0152] Analyzing 1000 critical paths with slack < 0.00
[INFO RSZ-0153] Identified 0 violating endpoints
[INFO RSZ-0154] Identified 0 critical arithmetic instances
[INFO GPL-0083] Execute incremental mode global placement.
[INFO GPL-0001] ---- Initialize GPL Main Data Structures
[INFO GPL-0002] DBU: 1000
[INFO GPL-0003] SiteSize: (  0.460  2.720 ) um
[INFO GPL-0004] CoreBBox: (  1.380  2.720 ) ( 648.140 647.360 ) um
[INFO GPL-0016] Core area:                  416927.366 um^2
[INFO GPL-0036] Movable instances area:     225020.813 um^2
[INFO GPL-0037] Total instances area:       231898.659 um^2
[INFO GPL-0035] Pin density area adjust:     23547.856 um^2
[INFO GPL-0032] ---- Initialize Region: Top-level
[INFO GPL-0006] Number of instances:             32404
[INFO GPL-0007] Movable instances:               26907
[INFO GPL-0008] Fixed instances:                  5497
[INFO GPL-0009] Dummy instances:                     0
[INFO GPL-0010] Number of nets:                  27102
[INFO GPL-0011] Number of pins:                  98901
[INFO GPL-0012] Die BBox:       (  0.000  0.000 ) ( 649.570 649.570 ) um
[INFO GPL-0013] Placement BBox: (  1.380  2.720 ) ( 648.140 647.360 ) um
[INFO GPL-0014] Region name: top-level.
[INFO GPL-0015] Region area:                416927.366 um^2
[INFO GPL-0017] Fixed instances area:         6877.846 um^2
[INFO GPL-0018] Movable instances area:     248568.669 um^2
[INFO GPL-0019] Utilization:                    60.619 %
[INFO GPL-0020] Standard cells area:        248568.669 um^2
[INFO GPL-0021] Large instances area:            0.000 um^2
[INFO GPL-0154] Identified 26907 placed instances
[INFO GPL-0155] Identified 0 not placed instances
[INFO GPL-0156] Identified all instances as placed. Skipping incremental mode
Perform buffer insertion and gate resizing...
repair_design -verbose -match_cell_footprint
Iteration |   Area    | Resized | Buffers | Nets repaired | Remaining
---------------------------------------------------------------------
        0 |     +0.0% |       0 |       0 |             0 |     27224
     1000 |     +0.0% |       0 |       0 |             0 |     26224
     2000 |     +0.0% |       0 |       0 |             0 |     25224
     3000 |     +0.0% |       0 |       0 |             0 |     24224
     4000 |     +0.0% |       0 |       0 |             0 |     23224
     5000 |     +0.0% |       0 |       0 |             0 |     22224
     6000 |     +0.0% |       0 |       0 |             0 |     21224
     7000 |     +0.0% |       0 |       0 |             0 |     20224
     8000 |     +0.0% |       0 |       0 |             0 |     19224
     9000 |     +0.0% |       1 |       1 |             1 |     18224
    10000 |     +0.0% |       1 |       1 |             1 |     17224
    11000 |     +0.0% |       1 |       1 |             1 |     16224
    12000 |     +0.0% |       1 |       1 |             1 |     15224
    13000 |     +0.0% |       1 |       1 |             1 |     14224
    14000 |     +0.0% |       1 |       1 |             1 |     13224
    15000 |     +0.0% |       1 |       1 |             1 |     12224
    16000 |     +0.0% |       1 |       1 |             1 |     11224
    17000 |     +0.0% |       1 |       1 |             1 |     10224
    18000 |     +0.0% |       1 |       1 |             1 |      9224
    19000 |     +0.0% |       1 |       1 |             1 |      8224
    20000 |     +0.0% |       1 |       1 |             1 |      7224
    21000 |     +0.0% |       1 |       1 |             1 |      6224
    22000 |     +0.0% |       1 |       1 |             1 |      5224
    23000 |     +0.0% |       1 |       1 |             1 |      4224
    24000 |     +0.0% |       1 |       1 |             1 |      3224
    25000 |     +0.0% |       1 |       1 |             1 |      2224
    26000 |     +0.0% |       1 |       1 |             1 |      1224
    27000 |     +0.0% |       1 |       1 |             1 |       224
    final |     +0.0% |       1 |       1 |             1 |         0
---------------------------------------------------------------------
[INFO RSZ-0034] Found 1 slew violations.
[INFO RSZ-0039] Resized 1 instances.
[INFO RSZ-0038] Inserted 1 buffers in 1 nets.
[INFO RSZ-0504] Runtime: 1.80s
Floating nets: 
Report metrics stage 3, resizer...

==========================================================================
resizer report_design_area
--------------------------------------------------------------------------
Design area 231906 um^2 56% utilization.
Instance count before 32404, after 32405
Pin count before 98747, after 98749
write_db /work/results/sky130hd/m7_j1/p15p0/3_4_place_resized.odb
Elapsed time: 0:09.66[h:]min:sec. CPU time: user 14.87 sys 5.58 (211%). Peak memory: 285904KB.
Log                       Ext     Elapsed/s Peak Memory/MB sha1sum result [0:20)
3_4_place_resized         .odb            9            279 92aab9c12cc145f2fc3d
/OpenROAD-flow-scripts/flow/scripts/flow.sh 3_5_place_dp detail_place
Running detail_place.tcl, stage 3_5_place_dp
read_liberty /OpenROAD-flow-scripts/flow/platforms/sky130hd/lib/sky130_fd_sc_hd__tt_025C_1v80.lib
read_db -hier /work/results/sky130hd/m7_j1/p15p0/3_4_place_resized.odb
[WARNING ORD-0012] Hierarchical flow (-hier) is currently in development and may cause multiple issues. Do not use in production environments.
read_sdc /work/results/sky130hd/m7_j1/p15p0/2_floorplan.sdc
source /OpenROAD-flow-scripts/flow/platforms/sky130hd/setRC.tcl
detailed_placement
[INFO DPL-0006] Core area: 416927.37 um^2
[INFO DPL-0007] Movable instances area: 225028.32 um^2
[INFO DPL-0008] Fixed instances area within core: 6877.85 um^2
[INFO DPL-0009] Utilization: 55.6%
[INFO DPL-0005] Diamond search max displacement: +/- 500 sites horizontally, +/- 100 rows vertically.
[INFO DPL-1102] Legalizing using negotiation legalizer.
[INFO DPL-1103] Negotiation base search window: +/-20 sites horizontally, +/-5 rows vertically 
	Automatic search window extension enabled.
	Search window extendable up to the max displacement cap of +/-500 sites, +/-100 rows near walls.
[INFO DPL-1104] NegotiationLegalizer DRC penalty: 5.
[INFO DPL-0392] Negotiation cell height distribution (1 unique row-count(s)):
[INFO DPL-0393]   height 1 row(s): 32405 cells
          |      Total |  Illegal |  Illegal
Iteration | Violations |    Cells |    Sites
---------------------------------------------
        0 |       6174 |      1308 |      4860
        1 |       4683 |       595 |      4088
        2 |       4059 |       419 |      3616
        3 |       3588 |       366 |      3222
        4 |       2865 |       277 |      2588
        5 |       2587 |       257 |      2327
        6 |       2248 |       220 |      2025
        7 |       2298 |       194 |      2083
        8 |       1842 |       166 |      1676
        9 |       1710 |       156 |      1554
       10 |       1402 |       126 |      1276
       20 |        279 |        27 |       252
       30 |         93 |        15 |        78
       40 |          4 |         2 |         2
       47 |          0 |         0 |         0
Negotiation phase 1 converged at iteration 47.
[INFO DPL-0500] Runtime: 1.68s
Placement Analysis
---------------------------------
total displacement     104946.4 u
average displacement        3.2 u
max displacement           56.1 u
original HPWL          855227.1 u
legalized HPWL         958463.2 u
delta HPWL                   12 %

improve_placement -max_displacement "5 1"
Detailed placement improvement.
[INFO DPL-0401] Setting random seed to 1.
[INFO DPL-0402] Setting maximum displacement 5 1 to 13600 2720 units.
[INFO DPL-0320] Collected 5773 fixed cells.
[INFO DPL-0318] Collected 26908 single height cells.
[INFO DPL-0321] Collected 0 wide cells.
[INFO DPL-0322] Image (1380, 2720) - (648140, 647360)
[INFO DPL-0310] Assigned 26908 cells into segments.  Movement in X-direction is 0.000000, movement in Y-direction is 0.000000.
[INFO DPL-0313] Found 0 cells in wrong regions.
[INFO DPL-0315] Found 0 row alignment problems.
[INFO DPL-0314] Found 0 site alignment problems.
[INFO DPL-0311] Found 0 overlaps between adjacent cells.
[INFO DPL-0312] Found 0 edge spacing violations and 0 padding violations.
[INFO DPL-0303] Running algorithm for independent set matching.
[INFO DPL-0300] Set matching objective is wirelength.
[INFO DPL-0301] Pass   1 of matching; objective is 9.584916e+08.
[INFO DPL-0302] End of matching; objective is 9.576898e+08, improvement is 0.08 percent.
[INFO DPL-0303] Running algorithm for global swaps.
[INFO DPL-0306] Pass   1 of global swaps; hpwl is 9.424530e+08.
[INFO DPL-0306] Pass   2 of global swaps; hpwl is 9.396364e+08.
[INFO DPL-0307] End of global swaps; objective is 9.396364e+08, improvement is 1.89 percent.
[INFO DPL-0303] Running algorithm for vertical swaps.
[INFO DPL-0308] Pass   1 of vertical swaps; hpwl is 9.359470e+08.
[INFO DPL-0309] End of vertical swaps; objective is 9.359470e+08, improvement is 0.39 percent.
[INFO DPL-0303] Running algorithm for reordering.
[INFO DPL-0304] Pass   1 of reordering; objective is 9.340457e+08.
[INFO DPL-0305] End of reordering; objective is 9.340457e+08, improvement is 0.20 percent.
[INFO DPL-0303] Running algorithm for random improvement.
[INFO DPL-0324] Random improver is using random generator.
[INFO DPL-0325] Random improver is using hpwl objective.
[INFO DPL-0326] Random improver cost string is (a).
[INFO DPL-0332] End of pass, Generator random called 538160 times.
[INFO DPL-0335] Generator random, Cumulative attempts 538160, swaps 78128, moves 130174 since last reset.
[INFO DPL-0333] End of pass, Objective hpwl, Initial cost 9.289583e+08, Scratch cost 9.181636e+08, Incremental cost 9.181636e+08, Mismatch? N
[INFO DPL-0338] End of pass, Total cost is 9.181636e+08.
[INFO DPL-0327] Pass   1 of random improver; improvement in cost is 1.16 percent.
[INFO DPL-0332] End of pass, Generator random called 538160 times.
[INFO DPL-0335] Generator random, Cumulative attempts 1076320, swaps 152678, moves 259717 since last reset.
[INFO DPL-0333] End of pass, Objective hpwl, Initial cost 9.181636e+08, Scratch cost 9.142420e+08, Incremental cost 9.142420e+08, Mismatch? N
[INFO DPL-0338] End of pass, Total cost is 9.142420e+08.
[INFO DPL-0327] Pass   2 of random improver; improvement in cost is 0.43 percent.
[INFO DPL-0328] End of random improver; improvement is 1.584178 percent.
[INFO DPL-0380] Cell flipping.
[INFO DPL-0382] Changed 0 cell orientations for row compatibility.
[INFO DPL-0383] Performed 7626 cell flips.
[INFO DPL-0384] End of flipping; objective is 9.090578e+08, improvement is 1.12 percent.
[INFO DPL-0313] Found 0 cells in wrong regions.
[INFO DPL-0315] Found 0 row alignment problems.
[INFO DPL-0314] Found 0 site alignment problems.
[INFO DPL-0311] Found 0 overlaps between adjacent cells.
[INFO DPL-0312] Found 0 edge spacing violations and 0 padding violations.
Detailed Improvement Results
------------------------------------------
Original HPWL           958463.2 u (  389438.7,   569024.5)
Final HPWL              908990.8 u (  372374.4,   536616.4)
Delta HPWL                  -5.2 % (      -4.4,       -5.7)

Took 5 seconds: improve_placement -max_displacement "5 1"
optimize_mirroring
[INFO DPL-0020] Mirrored 1366 instances
[INFO DPL-0021] HPWL before          908990.8 u
[INFO DPL-0022] HPWL after           908697.4 u
[INFO DPL-0023] HPWL delta               -0.0 %
[INFO FLW-0012] Placement violations .
estimate_parasitics -placement
Report metrics stage 3, detailed place...

==========================================================================
detailed place report_design_area
--------------------------------------------------------------------------
Design area 231906 um^2 56% utilization.
write_db /work/results/sky130hd/m7_j1/p15p0/3_5_place_dp.odb
write_sdc -no_timestamp /work/results/sky130hd/m7_j1/p15p0/3_place.sdc
Elapsed time: 0:13.12[h:]min:sec. CPU time: user 17.35 sys 5.29 (172%). Peak memory: 319520KB.
Log                       Ext     Elapsed/s Peak Memory/MB sha1sum result [0:20)
3_5_place_dp              .odb           13            312 a0986d48cd0f28befdb1
cp /work/results/sky130hd/m7_j1/p15p0/3_5_place_dp.odb /work/results/sky130hd/m7_j1/p15p0/3_place.odb
/OpenROAD-flow-scripts/flow/scripts/flow.sh 4_1_cts cts
Running cts.tcl, stage 4_1_cts
read_liberty /OpenROAD-flow-scripts/flow/platforms/sky130hd/lib/sky130_fd_sc_hd__tt_025C_1v80.lib
read_db -hier /work/results/sky130hd/m7_j1/p15p0/3_place.odb
[WARNING ORD-0012] Hierarchical flow (-hier) is currently in development and may cause multiple issues. Do not use in production environments.
read_sdc /work/results/sky130hd/m7_j1/p15p0/3_place.sdc
source /OpenROAD-flow-scripts/flow/platforms/sky130hd/setRC.tcl
clock_tree_synthesis -sink_clustering_enable -repair_clock_nets -sink_clustering_size 20 -sink_clustering_max_diameter 50
[INFO CTS-0050] Root buffer is sky130_fd_sc_hd__clkbuf_16.
[INFO CTS-0051] Sink buffer is sky130_fd_sc_hd__clkbuf_16.
[INFO CTS-0052] The following clock buffers will be used for CTS:
                    sky130_fd_sc_hd__clkbuf_16
[INFO CTS-0049] Characterization buffer is sky130_fd_sc_hd__clkbuf_16.
[INFO CTS-0007] Net "clk" found for clock "core_clock".
[INFO CTS-0011]  Clock net "clk" for macros has 1 sinks.
[INFO CTS-0011]  Clock net "clk_regs" for registers has 230 sinks.
[INFO CTS-0010]  Clock net "_12916_" has 2190 sinks.
[INFO CTS-0008] TritonCTS found 3 clock nets.
[INFO CTS-0097] Characterization used 1 buffer(s) types.
[INFO CTS-0201] 0 blockages from hard placement blockages and placed macros will be used.
[INFO CTS-0027] Generating H-Tree topology for net clk.
[INFO CTS-0028]  Total number of sinks: 1.
[INFO CTS-0060]  Macro  sinks will be clustered in groups of up to 4 and based on buffer max cap.
[INFO CTS-0030]  Number of static layers: 0.
[INFO CTS-0020]  Wire segment unit: 13600  dbu (13 um).
[INFO CTS-0023]  Original sink region: [(279742, 309810), (279742, 309810)].
[INFO CTS-0024]  Normalized sink region: [(20.5693, 22.7801), (20.5693, 22.7801)].
[INFO CTS-0025]     Width:  0.0000.
[INFO CTS-0026]     Height: 0.0000.
 Level 1
    Direction: Vertical
    Sinks per sub-region: 1
    Sub-region size: 0.0000 X 0.0000
[INFO CTS-0034]     Segment length (rounded): 1.
[INFO CTS-0038]  Stop criterion found. Sink region hpwl is smaller than max wirelength (1911.535 um) and max number of sinks is 15.
[INFO CTS-0035]  Number of sinks covered: 1.
[INFO CTS-0201] 0 blockages from hard placement blockages and placed macros will be used.
[INFO CTS-0027] Generating H-Tree topology for net clk_regs.
[INFO CTS-0028]  Total number of sinks: 230.
[INFO CTS-0029]  Register sinks will be clustered in groups of up to 20 and with maximum cluster diameter of 50.0 um.
[INFO CTS-0030]  Number of static layers: 0.
[INFO CTS-0020]  Wire segment unit: 13600  dbu (13 um).
[INFO CTS-0204] A clustering solution was found from clustering size of 20 and clustering diameter of 50.
[INFO CTS-0205] Better solution may be possible if either -sink_clustering_size, -sink_clustering_max_diameter, or both options are omitted to enable automatic clustering.
[INFO CTS-0019]  Total number of sinks after clustering: 15.
[INFO CTS-0024]  Normalized sink region: [(13.2896, 2.33912), (26.0824, 45.9478)].
[INFO CTS-0025]     Width:  12.7928.
[INFO CTS-0026]     Height: 43.6087.
 Level 1
    Direction: Vertical
    Sinks per sub-region: 8
    Sub-region size: 12.7928 X 21.8043
[INFO CTS-0034]     Segment length (rounded): 10.
[INFO CTS-0038]  Stop criterion found. Sink region hpwl is smaller than max wirelength (1911.535 um) and max number of sinks is 15.
[INFO CTS-0035]  Number of sinks covered: 15.
[INFO CTS-0201] 0 blockages from hard placement blockages and placed macros will be used.
[INFO CTS-0027] Generating H-Tree topology for net _12916_.
[INFO CTS-0028]  Total number of sinks: 2190.
[INFO CTS-0029]  Register sinks will be clustered in groups of up to 20 and with maximum cluster diameter of 50.0 um.
[INFO CTS-0030]  Number of static layers: 0.
[INFO CTS-0020]  Wire segment unit: 13600  dbu (13 um).
[INFO CTS-0204] A clustering solution was found from clustering size of 20 and clustering diameter of 50.
[INFO CTS-0205] Better solution may be possible if either -sink_clustering_size, -sink_clustering_max_diameter, or both options are omitted to enable automatic clustering.
[INFO CTS-0019]  Total number of sinks after clustering: 230.
[INFO CTS-0024]  Normalized sink region: [(0.461446, 0.882598), (40.6415, 44.0985)].
[INFO CTS-0025]     Width:  40.1801.
[INFO CTS-0026]     Height: 43.2159.
 Level 1
    Direction: Vertical
    Sinks per sub-region: 115
    Sub-region size: 40.1801 X 21.6080
[INFO CTS-0034]     Segment length (rounded): 10.
 Level 2
    Direction: Horizontal
    Sinks per sub-region: 58
    Sub-region size: 20.0900 X 21.6080
[INFO CTS-0034]     Segment length (rounded): 10.
 Level 3
    Direction: Vertical
    Sinks per sub-region: 29
    Sub-region size: 20.0900 X 10.8040
[INFO CTS-0034]     Segment length (rounded): 6.
 Level 4
    Direction: Horizontal
    Sinks per sub-region: 15
    Sub-region size: 10.0450 X 10.8040
[INFO CTS-0034]     Segment length (rounded): 6.
 Level 5
    Direction: Vertical
    Sinks per sub-region: 8
    Sub-region size: 10.0450 X 5.4020
[INFO CTS-0034]     Segment length (rounded): 2.
[INFO CTS-0038]  Stop criterion found. Sink region hpwl is smaller than max wirelength (1911.535 um) and max number of sinks is 15.
[INFO CTS-0035]  Number of sinks covered: 230.
[INFO CTS-0018]     Created 2 clock buffers.
[INFO CTS-0012]     Minimum number of buffers in the clock path: 2.
[INFO CTS-0013]     Maximum number of buffers in the clock path: 2.
[INFO CTS-0015]     Created 2 clock nets.
[INFO CTS-0016]     Fanout distribution for the current clock = 1:1..
[INFO CTS-0017]     Max level of the clock tree: 1.
[INFO CTS-0018]     Created 18 clock buffers.
[INFO CTS-0012]     Minimum number of buffers in the clock path: 3.
[INFO CTS-0013]     Maximum number of buffers in the clock path: 3.
[INFO CTS-0015]     Created 18 clock nets.
[INFO CTS-0016]     Fanout distribution for the current clock = 3:2, 6:1, 8:1, 9:1, 10:1, 11:1, 15:1, 20:9..
[INFO CTS-0017]     Max level of the clock tree: 1.
[INFO CTS-0018]     Created 267 clock buffers.
[INFO CTS-0012]     Minimum number of buffers in the clock path: 4.
[INFO CTS-0013]     Maximum number of buffers in the clock path: 4.
[INFO CTS-0015]     Created 267 clock nets.
[INFO CTS-0016]     Fanout distribution for the current clock = 2:8, 3:12, 4:15, 5:18, 6:26, 7:26, 8:17, 9:23, 10:20, 11:23, 12:19, 13:9, 14:12, 15:11, 16:7, 17:3, 18:7, 19:3, 20:3..
[INFO CTS-0017]     Max level of the clock tree: 5.
[INFO CTS-0124] Clock net "clk"
[INFO CTS-0125]  Sinks 1
[INFO CTS-0098] Clock net "clk_regs"
[INFO CTS-0099]  Sinks 243
[INFO CTS-0100]  Leaf buffers 15
[INFO CTS-0101]  Average sink wire length 418.50 um
[INFO CTS-0102]  Path depth 2 - 3
[INFO CTS-0207]  Dummy loads inserted 13
[INFO CTS-0098] Clock net "_12916_"
[INFO CTS-0099]  Sinks 2412
[INFO CTS-0100]  Leaf buffers 230
[INFO CTS-0101]  Average sink wire length 432.78 um
[INFO CTS-0102]  Path depth 3 - 4
[INFO CTS-0207]  Dummy loads inserted 222
[INFO CTS-0033] Balancing latency for clock core_clock
[INFO CTS-0036]  inserted 5 delay buffers
[INFO CTS-0037] Total number of delay buffers: 5
[INFO CTS-0500] Runtime: 1.35s
estimate_parasitics -placement
detailed_placement
[INFO DPL-0006] Core area: 416927.37 um^2
[INFO DPL-0007] Movable instances area: 235016.65 um^2
[INFO DPL-0008] Fixed instances area within core: 6877.85 um^2
[INFO DPL-0009] Utilization: 58.0%
[INFO DPL-0005] Diamond search max displacement: +/- 500 sites horizontally, +/- 100 rows vertically.
[INFO DPL-1102] Legalizing using negotiation legalizer.
[INFO DPL-1103] Negotiation base search window: +/-20 sites horizontally, +/-5 rows vertically 
	Automatic search window extension enabled.
	Search window extendable up to the max displacement cap of +/-500 sites, +/-100 rows near walls.
[INFO DPL-1104] NegotiationLegalizer DRC penalty: 5.
[INFO DPL-0392] Negotiation cell height distribution (1 unique row-count(s)):
[INFO DPL-0393]   height 1 row(s): 32933 cells
          |      Total |  Illegal |  Illegal
Iteration | Violations |    Cells |    Sites
---------------------------------------------
        0 |       4427 |       550 |      3877
        1 |       4047 |       417 |      3630
        2 |       3785 |       346 |      3439
        3 |       3347 |       341 |      3006
        4 |       3273 |       308 |      2953
        5 |       3181 |       323 |      2858
        6 |       2971 |       299 |      2666
        7 |       2895 |       285 |      2610
        8 |       2820 |       272 |      2548
        9 |       2854 |       285 |      2569
       10 |       2657 |       268 |      2383
       20 |       1736 |       231 |      1469
       30 |       1091 |       158 |       930
       40 |        779 |       121 |       658
       50 |        684 |       114 |       570
       60 |        472 |        88 |       381
       70 |        360 |        56 |       304
       80 |        185 |        41 |       144
       90 |        174 |        40 |       134
      100 |        136 |        28 |       108
      110 |        127 |        27 |       100
      120 |        171 |        25 |       146
      130 |        125 |        19 |       106
      140 |        101 |        23 |        78
      150 |         22 |         4 |        18
      152 |          0 |         0 |         0
Negotiation phase 1 converged at iteration 152.
[INFO DPL-0500] Runtime: 4.25s
Placement Analysis
---------------------------------
total displacement      57944.2 u
average displacement        1.8 u
max displacement          103.4 u
original HPWL          929194.2 u
legalized HPWL         978162.2 u
delta HPWL                    5 %

Took 5 seconds: detailed_placement
estimate_parasitics -placement
repair_timing -setup_margin 0 -hold_margin 0 -repair_tns 100 -match_cell_footprint -verbose
[INFO RSZ-0100] Repair move sequence: UnbufferMove SizeUpMove SwapPinsMove BufferMove CloneMove SplitLoadMove 
[INFO RSZ-0098] No setup violations found
[INFO RSZ-0505] Runtime: 0.43s
[INFO RSZ-0033] No hold violations found.
[INFO RSZ-0506] Runtime: 0.02s
detailed_placement
[INFO DPL-0006] Core area: 416927.37 um^2
[INFO DPL-0007] Movable instances area: 235016.65 um^2
[INFO DPL-0008] Fixed instances area within core: 6877.85 um^2
[INFO DPL-0009] Utilization: 58.0%
[INFO DPL-0005] Diamond search max displacement: +/- 500 sites horizontally, +/- 100 rows vertically.
[INFO DPL-1102] Legalizing using negotiation legalizer.
[INFO DPL-1103] Negotiation base search window: +/-20 sites horizontally, +/-5 rows vertically 
	Automatic search window extension enabled.
	Search window extendable up to the max displacement cap of +/-500 sites, +/-100 rows near walls.
[INFO DPL-1104] NegotiationLegalizer DRC penalty: 5.
[INFO DPL-0392] Negotiation cell height distribution (1 unique row-count(s)):
[INFO DPL-0393]   height 1 row(s): 32933 cells
[INFO DPL-0500] Runtime: 0.10s
Placement Analysis
---------------------------------
total displacement          0.0 u
average displacement        0.0 u
max displacement            0.0 u
original HPWL          978162.2 u
legalized HPWL         978162.2 u
delta HPWL                    0 %

Report metrics stage 4, cts final...

==========================================================================
cts final report_design_area
--------------------------------------------------------------------------
Design area 241894 um^2 58% utilization.
write_db /work/results/sky130hd/m7_j1/p15p0/4_1_cts.odb
write_sdc -no_timestamp /work/results/sky130hd/m7_j1/p15p0/4_cts.sdc
Elapsed time: 0:14.63[h:]min:sec. CPU time: user 30.63 sys 7.93 (263%). Peak memory: 372540KB.
Log                       Ext     Elapsed/s Peak Memory/MB sha1sum result [0:20)
4_1_cts                   .odb           14            363 1559c51936abb96a6193
cp /work/results/sky130hd/m7_j1/p15p0/4_1_cts.odb /work/results/sky130hd/m7_j1/p15p0/4_cts.odb
/OpenROAD-flow-scripts/flow/scripts/flow.sh 5_1_grt global_route
Running global_route.tcl, stage 5_1_grt
read_liberty /OpenROAD-flow-scripts/flow/platforms/sky130hd/lib/sky130_fd_sc_hd__tt_025C_1v80.lib
read_db -hier /work/results/sky130hd/m7_j1/p15p0/4_cts.odb
[WARNING ORD-0012] Hierarchical flow (-hier) is currently in development and may cause multiple issues. Do not use in production environments.
read_sdc /work/results/sky130hd/m7_j1/p15p0/4_cts.sdc
source /OpenROAD-flow-scripts/flow/platforms/sky130hd/setRC.tcl
pin_access
[INFO DRT-0149] Reading tech and libs.
[WARNING DRT-0349] LEF58_ENCLOSURE with no CUTCLASS is not supported. Skipping for layer mcon
[WARNING DRT-0349] LEF58_ENCLOSURE with no CUTCLASS is not supported. Skipping for layer mcon
[WARNING DRT-0349] LEF58_ENCLOSURE with no CUTCLASS is not supported. Skipping for layer via
[WARNING DRT-0349] LEF58_ENCLOSURE with no CUTCLASS is not supported. Skipping for layer via
[WARNING DRT-0349] LEF58_ENCLOSURE with no CUTCLASS is not supported. Skipping for layer via2
[WARNING DRT-0349] LEF58_ENCLOSURE with no CUTCLASS is not supported. Skipping for layer via2
[WARNING DRT-0349] LEF58_ENCLOSURE with no CUTCLASS is not supported. Skipping for layer via3
[WARNING DRT-0349] LEF58_ENCLOSURE with no CUTCLASS is not supported. Skipping for layer via3
[WARNING DRT-0349] LEF58_ENCLOSURE with no CUTCLASS is not supported. Skipping for layer via4
[WARNING DRT-0349] LEF58_ENCLOSURE with no CUTCLASS is not supported. Skipping for layer via4

Units:                1000
Number of layers:     13
Number of macros:     441
Number of vias:       29
Number of viarulegen: 25

[INFO DRT-0150] Reading design.
[WARNING DRT-0120] Large net net227 has 148 pins which may impact routing performance. Consider optimization.
[WARNING DRT-0120] Large net net3666 has 192 pins which may impact routing performance. Consider optimization.
[WARNING DRT-0120] Large net net3671 has 152 pins which may impact routing performance. Consider optimization.
[WARNING DRT-0120] Large net net3677 has 170 pins which may impact routing performance. Consider optimization.
[WARNING DRT-0120] Large net net3679 has 120 pins which may impact routing performance. Consider optimization.
[WARNING DRT-0120] Large net net3682 has 158 pins which may impact routing performance. Consider optimization.
[WARNING DRT-0120] Large net net3683 has 144 pins which may impact routing performance. Consider optimization.
[WARNING DRT-0120] Large net net3684 has 128 pins which may impact routing performance. Consider optimization.

Design:                   m7_ppa_j1_top
Die area:                 ( 0 0 ) ( 649570 649570 )
Number of track patterns: 12
Number of DEF vias:       0
Number of components:     32933
Number of terminals:      278
Number of snets:          2
Number of nets:           27396

[INFO DRT-0167] List of default vias:
  Layer via
    default via: M1M2_PR
  Layer via2
    default via: M2M3_PR
  Layer via3
    default via: M3M4_PR
  Layer via4
    default via: M4M5_PR
[INFO DRT-0162] Library cell analysis.
[INFO DRT-0163] Instance analysis.
[INFO DRT-0164] Number of unique instances = 271.
[INFO DRT-0168] Init region query.
[INFO DRT-0024]   Complete FR_MASTERSLICE.
[INFO DRT-0024]   Complete Fr_VIA.
[INFO DRT-0024]   Complete li1.
[INFO DRT-0024]   Complete mcon.
[INFO DRT-0024]   Complete met1.
[INFO DRT-0024]   Complete via.
[INFO DRT-0024]   Complete met2.
[INFO DRT-0024]   Complete via2.
[INFO DRT-0024]   Complete met3.
[INFO DRT-0024]   Complete via3.
[INFO DRT-0024]   Complete met4.
[INFO DRT-0024]   Complete via4.
[INFO DRT-0024]   Complete met5.
[INFO DRT-0033] FR_MASTERSLICE shape region query size = 0.
[INFO DRT-0033] FR_VIA shape region query size = 0.
[INFO DRT-0033] li1 shape region query size = 779423.
[INFO DRT-0033] mcon shape region query size = 412585.
[INFO DRT-0033] met1 shape region query size = 112435.
[INFO DRT-0033] via shape region query size = 27965.
[INFO DRT-0033] met2 shape region query size = 17027.
[INFO DRT-0033] via2 shape region query size = 22372.
[INFO DRT-0033] met3 shape region query size = 16807.
[INFO DRT-0033] via3 shape region query size = 22372.
[INFO DRT-0033] met4 shape region query size = 6745.
[INFO DRT-0033] via4 shape region query size = 1105.
[INFO DRT-0033] met5 shape region query size = 1199.
[INFO DRT-0165] Start pin access.
[INFO DRT-0076]   Complete 1000 pins.
[INFO DRT-0076]   Complete 2000 pins.
[INFO DRT-0078]   Complete 2194 pins.
[INFO DRT-0079]   Complete 100 unique inst patterns.
[INFO DRT-0079]   Complete 200 unique inst patterns.
[INFO DRT-0081]   Complete 271 unique inst patterns.
[INFO DRT-0082]   Complete 10000 groups.
[INFO DRT-0084]   Complete 16003 groups.
#scanned instances     = 32933
#unique  instances     = 271
#stdCellGenAp          = 8860
#stdCellValidPlanarAp  = 117
#stdCellValidViaAp     = 6486
#stdCellPinNoAp        = 0
#stdCellPinCnt         = 99448
#instTermValidViaApCnt = 0
#macroGenAp            = 0
#macroValidPlanarAp    = 0
#macroValidViaAp       = 0
#macroNoAp             = 0
[INFO DRT-0166] Complete pin access.
[INFO DRT-0267] cpu time = 00:08:13, elapsed time = 00:00:32, memory = 326.54 (MB), peak = 325.51 (MB)
Took 33 seconds: pin_access
global_route -congestion_report_file /work/reports/sky130hd/m7_j1/p15p0/congestion.rpt -congestion_iterations 30 -congestion_report_iter_step 5 -verbose
[INFO GRT-0020] Min routing layer: met1
[INFO GRT-0021] Max routing layer: met5
[INFO GRT-0022] Global adjustment: 0%
[INFO GRT-0023] Grid origin: (0, 0)
[INFO GRT-0088] Layer li1     Track-Pitch = 0.4600  line-2-Via Pitch: 0.3400
[INFO GRT-0088] Layer met1    Track-Pitch = 0.3400  line-2-Via Pitch: 0.3400
[INFO GRT-0088] Layer met2    Track-Pitch = 0.4600  line-2-Via Pitch: 0.3500
[INFO GRT-0088] Layer met3    Track-Pitch = 0.6800  line-2-Via Pitch: 0.6150
[INFO GRT-0088] Layer met4    Track-Pitch = 0.9200  line-2-Via Pitch: 1.0400
[INFO GRT-0088] Layer met5    Track-Pitch = 3.4000  line-2-Via Pitch: 3.1100
[INFO GRT-0003] Macros: 0
[INFO GRT-0004] Blockages: 42721
[INFO GRT-0019] Found 295 clock nets.
[INFO GRT-0001] Minimum degree: 2
[INFO GRT-0002] Maximum degree: 192

[INFO GRT-0053] Routing resources analysis:
          Routing      Original      Derated      Resource
Layer     Direction    Resources     Resources    Reduction (%)
---------------------------------------------------------------
li1        Vertical            0             0          0.00%
met1       Horizontal     113921         87833          22.90%
met2       Vertical       113088         86769          23.27%
met3       Horizontal      82964         64790          21.91%
met4       Vertical        55800         39804          28.67%
met5       Horizontal      12369          8835          28.57%
---------------------------------------------------------------

[INFO GRT-0101] Running extra iterations to remove congestion.
[INFO GRT-0102] Start extra iteration 1/30
[INFO GRT-0102] Start extra iteration 2/30
[INFO GRT-0102] Start extra iteration 3/30
[INFO GRT-0102] Start extra iteration 4/30
[INFO GRT-0102] Start extra iteration 5/30
[INFO GRT-0102] Start extra iteration 6/30
[INFO GRT-0102] Start extra iteration 7/30
[INFO GRT-0102] Start extra iteration 8/30
[INFO GRT-0102] Start extra iteration 9/30
[INFO GRT-0102] Start extra iteration 10/30
[INFO GRT-0102] Start extra iteration 11/30
[INFO GRT-0102] Start extra iteration 12/30
[INFO GRT-0102] Start extra iteration 13/30
[INFO GRT-0102] Start extra iteration 14/30
[INFO GRT-0102] Start extra iteration 15/30
[INFO GRT-0197] Via related to pin nodes: 181127
[INFO GRT-0198] Via related Steiner nodes: 5919
[INFO GRT-0199] Via filling finished.
[INFO GRT-0111] Final number of vias: 243067
[INFO GRT-0112] Final usage 3D: 917658

[INFO GRT-0096] Final congestion report:
Layer         Resource        Demand        Usage (%)    Max H / Max V / Total Congestion
---------------------------------------------------------------------------------------
li1                  0             0            0.00%             0 /  0 /  0
met1             87833         61263           69.75%             0 /  0 /  0
met2             86769         71602           82.52%             0 /  0 /  0
met3             64790         28912           44.62%             0 /  0 /  0
met4             39804         25342           63.67%             0 /  0 /  0
met5              8835          1338           15.14%             0 /  0 /  0
---------------------------------------------------------------------------------------
Total           288031        188457           65.43%             0 /  0 /  0

[INFO GRT-0018] Total wirelength: 1864048 um
[INFO GRT-0014] Routed nets: 27173
[INFO GRT-0303] Global routing runtime = 00:00:13
Took 13 seconds: global_route -congestion_report_file /work/reports/sky130hd/m7_j1/p15p0/congestion.rpt -congestion_iterations 30 -congestion_report_iter_step 5 -verbose
[WARNING STA-0450] virtual clock vclk_core_clock can not be propagated.
estimate_parasitics -global_routing
Perform buffer insertion and gate resizing...
repair_design -verbose
Iteration |   Area    | Resized | Buffers | Nets repaired | Remaining
---------------------------------------------------------------------
        0 |     +0.0% |       0 |       0 |             0 |     27753
     1000 |     +0.0% |       0 |       0 |             0 |     26753
     2000 |     +0.0% |       1 |       2 |             3 |     25753
[WARNING RSZ-0104] Net _19830_/CO[33] only has one pin. Check if it is intended to be dangling.
[WARNING RSZ-0104] Net _19830_/CO[25] only has one pin. Check if it is intended to be dangling.
[WARNING RSZ-0104] Net _19830_/CO[22] only has one pin. Check if it is intended to be dangling.
[WARNING RSZ-0104] Net _19830_/CO[16] only has one pin. Check if it is intended to be dangling.
     3000 |     +0.0% |       1 |       3 |             4 |     24753
[WARNING RSZ-0104] Net _19830_/X[33] only has one pin. Check if it is intended to be dangling.
[WARNING RSZ-0104] Net _19830_/X[30] only has one pin. Check if it is intended to be dangling.
[WARNING RSZ-0104] Net _19830_/X[28] only has one pin. Check if it is intended to be dangling.
[WARNING RSZ-0104] Net _19830_/X[27] only has one pin. Check if it is intended to be dangling.
[WARNING RSZ-0104] Net _19830_/X[25] only has one pin. Check if it is intended to be dangling.
[WARNING RSZ-0104] Net _19830_/X[22] only has one pin. Check if it is intended to be dangling.
[WARNING RSZ-0104] Net _19830_/X[29] only has one pin. Check if it is intended to be dangling.
[WARNING RSZ-0104] Net _19830_/X[24] only has one pin. Check if it is intended to be dangling.
[WARNING RSZ-0104] Net _19830_/X[21] only has one pin. Check if it is intended to be dangling.
[WARNING RSZ-0104] Net _19830_/X[20] only has one pin. Check if it is intended to be dangling.
[WARNING RSZ-0104] Net _19830_/X[19] only has one pin. Check if it is intended to be dangling.
[WARNING RSZ-0104] Net _19830_/X[15] only has one pin. Check if it is intended to be dangling.
[WARNING RSZ-0104] Net _19830_/X[14] only has one pin. Check if it is intended to be dangling.
     4000 |     +0.0% |       1 |       3 |             4 |     23753
[WARNING RSZ-0104] Net _19830_/X[13] only has one pin. Check if it is intended to be dangling.
[WARNING RSZ-0104] Net _19830_/CO[5] only has one pin. Check if it is intended to be dangling.
[WARNING RSZ-0104] Net _19830_/X[18] only has one pin. Check if it is intended to be dangling.
[WARNING RSZ-0104] Net _19830_/X[12] only has one pin. Check if it is intended to be dangling.
[WARNING RSZ-0104] Net _19830_/X[11] only has one pin. Check if it is intended to be dangling.
[WARNING RSZ-0104] Net _19830_/X[10] only has one pin. Check if it is intended to be dangling.
[WARNING RSZ-0104] Net _19830_/CO[6] only has one pin. Check if it is intended to be dangling.
[WARNING RSZ-0104] Net _19830_/CO[4] only has one pin. Check if it is intended to be dangling.
     5000 |     +0.0% |       1 |       3 |             4 |     22753
[WARNING RSZ-0104] Net _19830_/X[9] only has one pin. Check if it is intended to be dangling.
     6000 |     +0.0% |       1 |       3 |             4 |     21753
[WARNING RSZ-0104] Net _19830_/X[8] only has one pin. Check if it is intended to be dangling.
     7000 |     +0.0% |       1 |       3 |             4 |     20753
[WARNING RSZ-0104] Net _19830_/X[3] only has one pin. Check if it is intended to be dangling.
     8000 |     +0.0% |       1 |       3 |             4 |     19753
     9000 |     +0.0% |       1 |       3 |             4 |     18753
    10000 |     +0.0% |       1 |       3 |             4 |     17753
    11000 |     +0.0% |       1 |       3 |             4 |     16753
    12000 |     +0.0% |       1 |       3 |             4 |     15753
    13000 |     +0.0% |       1 |       3 |             4 |     14753
    14000 |     +0.0% |       3 |       4 |             6 |     13753
    15000 |     +0.0% |       6 |       5 |             9 |     12753
    16000 |     +0.0% |       7 |       5 |            10 |     11753
    17000 |     +0.0% |       7 |       5 |            10 |     10753
    18000 |     +0.1% |       9 |       7 |            13 |      9753
    19000 |     +0.1% |       9 |       7 |            13 |      8753
    20000 |     +0.1% |       9 |       7 |            13 |      7753
    21000 |     +0.1% |       9 |       7 |            13 |      6753
    22000 |     +0.1% |      10 |       7 |            14 |      5753
    23000 |     +0.1% |      10 |       7 |            14 |      4753
    24000 |     +0.1% |      10 |       7 |            14 |      3753
    25000 |     +0.1% |      10 |       8 |            15 |      2753
    26000 |     +0.1% |      10 |       8 |            15 |      1753
    27000 |     +0.1% |      10 |       8 |            15 |       753
[WARNING RSZ-0104] Net sec_release_i only has one pin. Check if it is intended to be dangling.
[WARNING RSZ-0104] Net iopmp_release_i only has one pin. Check if it is intended to be dangling.
[WARNING RSZ-0104] Net ic_release_i only has one pin. Check if it is intended to be dangling.
[WARNING RSZ-0104] Net dma_wdata_i[9] only has one pin. Check if it is intended to be dangling.
[WARNING RSZ-0104] Net dma_wdata_i[8] only has one pin. Check if it is intended to be dangling.
[WARNING RSZ-0104] Net dma_wdata_i[7] only has one pin. Check if it is intended to be dangling.
[WARNING RSZ-0104] Net dma_wdata_i[6] only has one pin. Check if it is intended to be dangling.
[WARNING RSZ-0104] Net dma_wdata_i[5] only has one pin. Check if it is intended to be dangling.
[WARNING RSZ-0104] Net dma_wdata_i[4] only has one pin. Check if it is intended to be dangling.
[WARNING RSZ-0104] Net dma_wdata_i[3] only has one pin. Check if it is intended to be dangling.
[WARNING RSZ-0104] Net dma_wdata_i[31] only has one pin. Check if it is intended to be dangling.
[WARNING RSZ-0104] Net dma_wdata_i[30] only has one pin. Check if it is intended to be dangling.
[WARNING RSZ-0104] Net dma_wdata_i[2] only has one pin. Check if it is intended to be dangling.
[WARNING RSZ-0104] Net dma_wdata_i[29] only has one pin. Check if it is intended to be dangling.
[WARNING RSZ-0104] Net dma_wdata_i[28] only has one pin. Check if it is intended to be dangling.
[WARNING RSZ-0104] Net dma_wdata_i[27] only has one pin. Check if it is intended to be dangling.
[WARNING RSZ-0104] Net dma_wdata_i[26] only has one pin. Check if it is intended to be dangling.
[WARNING RSZ-0104] Net dma_wdata_i[25] only has one pin. Check if it is intended to be dangling.
[WARNING RSZ-0104] Net dma_wdata_i[24] only has one pin. Check if it is intended to be dangling.
[WARNING RSZ-0104] Net dma_wdata_i[23] only has one pin. Check if it is intended to be dangling.
[WARNING RSZ-0104] Net dma_wdata_i[22] only has one pin. Check if it is intended to be dangling.
[WARNING RSZ-0104] Net dma_wdata_i[21] only has one pin. Check if it is intended to be dangling.
[WARNING RSZ-0104] Net dma_wdata_i[20] only has one pin. Check if it is intended to be dangling.
[WARNING RSZ-0104] Net dma_wdata_i[1] only has one pin. Check if it is intended to be dangling.
[WARNING RSZ-0104] Net dma_wdata_i[19] only has one pin. Check if it is intended to be dangling.
[WARNING RSZ-0104] Net dma_wdata_i[18] only has one pin. Check if it is intended to be dangling.
[WARNING RSZ-0104] Net dma_wdata_i[17] only has one pin. Check if it is intended to be dangling.
[WARNING RSZ-0104] Net dma_wdata_i[16] only has one pin. Check if it is intended to be dangling.
[WARNING RSZ-0104] Net dma_wdata_i[15] only has one pin. Check if it is intended to be dangling.
[WARNING RSZ-0104] Net dma_wdata_i[14] only has one pin. Check if it is intended to be dangling.
[WARNING RSZ-0104] Net dma_wdata_i[13] only has one pin. Check if it is intended to be dangling.
[WARNING RSZ-0104] Net dma_wdata_i[12] only has one pin. Check if it is intended to be dangling.
[WARNING RSZ-0104] Net dma_wdata_i[11] only has one pin. Check if it is intended to be dangling.
[WARNING RSZ-0104] Net dma_wdata_i[10] only has one pin. Check if it is intended to be dangling.
[WARNING RSZ-0104] Net dma_wdata_i[0] only has one pin. Check if it is intended to be dangling.
[WARNING RSZ-0104] Net dma_start_i only has one pin. Check if it is intended to be dangling.
[WARNING RSZ-0104] Net dma_src_addr_i[9] only has one pin. Check if it is intended to be dangling.
[WARNING RSZ-0104] Net dma_src_addr_i[8] only has one pin. Check if it is intended to be dangling.
[WARNING RSZ-0104] Net dma_src_addr_i[7] only has one pin. Check if it is intended to be dangling.
[WARNING RSZ-0104] Net dma_src_addr_i[6] only has one pin. Check if it is intended to be dangling.
[WARNING RSZ-0104] Net dma_src_addr_i[5] only has one pin. Check if it is intended to be dangling.
[WARNING RSZ-0104] Net dma_src_addr_i[4] only has one pin. Check if it is intended to be dangling.
[WARNING RSZ-0104] Net dma_src_addr_i[3] only has one pin. Check if it is intended to be dangling.
[WARNING RSZ-0104] Net dma_src_addr_i[31] only has one pin. Check if it is intended to be dangling.
[WARNING RSZ-0104] Net dma_src_addr_i[30] only has one pin. Check if it is intended to be dangling.
[WARNING RSZ-0104] Net dma_src_addr_i[2] only has one pin. Check if it is intended to be dangling.
[WARNING RSZ-0104] Net dma_src_addr_i[29] only has one pin. Check if it is intended to be dangling.
[WARNING RSZ-0104] Net dma_src_addr_i[28] only has one pin. Check if it is intended to be dangling.
[WARNING RSZ-0104] Net dma_src_addr_i[27] only has one pin. Check if it is intended to be dangling.
[WARNING RSZ-0104] Net dma_src_addr_i[26] only has one pin. Check if it is intended to be dangling.
[WARNING RSZ-0104] Net dma_src_addr_i[25] only has one pin. Check if it is intended to be dangling.
[WARNING RSZ-0104] Net dma_src_addr_i[24] only has one pin. Check if it is intended to be dangling.
[WARNING RSZ-0104] Net dma_src_addr_i[23] only has one pin. Check if it is intended to be dangling.
[WARNING RSZ-0104] Net dma_src_addr_i[22] only has one pin. Check if it is intended to be dangling.
[WARNING RSZ-0104] Net dma_src_addr_i[21] only has one pin. Check if it is intended to be dangling.
[WARNING RSZ-0104] Net dma_src_addr_i[20] only has one pin. Check if it is intended to be dangling.
[WARNING RSZ-0104] Net dma_src_addr_i[1] only has one pin. Check if it is intended to be dangling.
[WARNING RSZ-0104] Net dma_src_addr_i[19] only has one pin. Check if it is intended to be dangling.
[WARNING RSZ-0104] Net dma_src_addr_i[18] only has one pin. Check if it is intended to be dangling.
[WARNING RSZ-0104] Net dma_src_addr_i[17] only has one pin. Check if it is intended to be dangling.
[WARNING RSZ-0104] Net dma_src_addr_i[16] only has one pin. Check if it is intended to be dangling.
[WARNING RSZ-0104] Net dma_src_addr_i[15] only has one pin. Check if it is intended to be dangling.
[WARNING RSZ-0104] Net dma_src_addr_i[14] only has one pin. Check if it is intended to be dangling.
[WARNING RSZ-0104] Net dma_src_addr_i[13] only has one pin. Check if it is intended to be dangling.
[WARNING RSZ-0104] Net dma_src_addr_i[12] only has one pin. Check if it is intended to be dangling.
[WARNING RSZ-0104] Net dma_src_addr_i[11] only has one pin. Check if it is intended to be dangling.
[WARNING RSZ-0104] Net dma_src_addr_i[10] only has one pin. Check if it is intended to be dangling.
[WARNING RSZ-0104] Net dma_src_addr_i[0] only has one pin. Check if it is intended to be dangling.
[WARNING RSZ-0104] Net dma_requester_id_i[7] only has one pin. Check if it is intended to be dangling.
[WARNING RSZ-0104] Net dma_requester_id_i[6] only has one pin. Check if it is intended to be dangling.
[WARNING RSZ-0104] Net dma_requester_id_i[5] only has one pin. Check if it is intended to be dangling.
[WARNING RSZ-0104] Net dma_requester_id_i[4] only has one pin. Check if it is intended to be dangling.
[WARNING RSZ-0104] Net dma_requester_id_i[3] only has one pin. Check if it is intended to be dangling.
[WARNING RSZ-0104] Net dma_requester_id_i[2] only has one pin. Check if it is intended to be dangling.
[WARNING RSZ-0104] Net dma_requester_id_i[1] only has one pin. Check if it is intended to be dangling.
[WARNING RSZ-0104] Net dma_requester_id_i[0] only has one pin. Check if it is intended to be dangling.
[WARNING RSZ-0104] Net dma_release_i only has one pin. Check if it is intended to be dangling.
[WARNING RSZ-0104] Net dma_mode_i[1] only has one pin. Check if it is intended to be dangling.
[WARNING RSZ-0104] Net dma_mode_i[0] only has one pin. Check if it is intended to be dangling.
[WARNING RSZ-0104] Net dma_length_i[9] only has one pin. Check if it is intended to be dangling.
[WARNING RSZ-0104] Net dma_length_i[8] only has one pin. Check if it is intended to be dangling.
[WARNING RSZ-0104] Net dma_length_i[7] only has one pin. Check if it is intended to be dangling.
[WARNING RSZ-0104] Net dma_length_i[6] only has one pin. Check if it is intended to be dangling.
[WARNING RSZ-0104] Net dma_length_i[5] only has one pin. Check if it is intended to be dangling.
[WARNING RSZ-0104] Net dma_length_i[4] only has one pin. Check if it is intended to be dangling.
[WARNING RSZ-0104] Net dma_length_i[3] only has one pin. Check if it is intended to be dangling.
[WARNING RSZ-0104] Net dma_length_i[2] only has one pin. Check if it is intended to be dangling.
[WARNING RSZ-0104] Net dma_length_i[1] only has one pin. Check if it is intended to be dangling.
[WARNING RSZ-0104] Net dma_length_i[15] only has one pin. Check if it is intended to be dangling.
[WARNING RSZ-0104] Net dma_length_i[14] only has one pin. Check if it is intended to be dangling.
[WARNING RSZ-0104] Net dma_length_i[13] only has one pin. Check if it is intended to be dangling.
[WARNING RSZ-0104] Net dma_length_i[12] only has one pin. Check if it is intended to be dangling.
[WARNING RSZ-0104] Net dma_length_i[11] only has one pin. Check if it is intended to be dangling.
[WARNING RSZ-0104] Net dma_length_i[10] only has one pin. Check if it is intended to be dangling.
[WARNING RSZ-0104] Net dma_length_i[0] only has one pin. Check if it is intended to be dangling.
[WARNING RSZ-0104] Net dma_dst_addr_i[9] only has one pin. Check if it is intended to be dangling.
[WARNING RSZ-0104] Net dma_dst_addr_i[8] only has one pin. Check if it is intended to be dangling.
[WARNING RSZ-0104] Net dma_dst_addr_i[7] only has one pin. Check if it is intended to be dangling.
[WARNING RSZ-0104] Net dma_dst_addr_i[6] only has one pin. Check if it is intended to be dangling.
[WARNING RSZ-0104] Net dma_dst_addr_i[5] only has one pin. Check if it is intended to be dangling.
[WARNING RSZ-0104] Net dma_dst_addr_i[4] only has one pin. Check if it is intended to be dangling.
[WARNING RSZ-0104] Net dma_dst_addr_i[3] only has one pin. Check if it is intended to be dangling.
[WARNING RSZ-0104] Net dma_dst_addr_i[31] only has one pin. Check if it is intended to be dangling.
[WARNING RSZ-0104] Net dma_dst_addr_i[30] only has one pin. Check if it is intended to be dangling.
[WARNING RSZ-0104] Net dma_dst_addr_i[2] only has one pin. Check if it is intended to be dangling.
[WARNING RSZ-0104] Net dma_dst_addr_i[29] only has one pin. Check if it is intended to be dangling.
[WARNING RSZ-0104] Net dma_dst_addr_i[28] only has one pin. Check if it is intended to be dangling.
[WARNING RSZ-0104] Net dma_dst_addr_i[27] only has one pin. Check if it is intended to be dangling.
[WARNING RSZ-0104] Net dma_dst_addr_i[26] only has one pin. Check if it is intended to be dangling.
[WARNING RSZ-0104] Net dma_dst_addr_i[25] only has one pin. Check if it is intended to be dangling.
[WARNING RSZ-0104] Net dma_dst_addr_i[24] only has one pin. Check if it is intended to be dangling.
[WARNING RSZ-0104] Net dma_dst_addr_i[23] only has one pin. Check if it is intended to be dangling.
[WARNING RSZ-0104] Net dma_dst_addr_i[22] only has one pin. Check if it is intended to be dangling.
[WARNING RSZ-0104] Net dma_dst_addr_i[21] only has one pin. Check if it is intended to be dangling.
[WARNING RSZ-0104] Net dma_dst_addr_i[20] only has one pin. Check if it is intended to be dangling.
[WARNING RSZ-0104] Net dma_dst_addr_i[1] only has one pin. Check if it is intended to be dangling.
[WARNING RSZ-0104] Net dma_dst_addr_i[19] only has one pin. Check if it is intended to be dangling.
[WARNING RSZ-0104] Net dma_dst_addr_i[18] only has one pin. Check if it is intended to be dangling.
[WARNING RSZ-0104] Net dma_dst_addr_i[17] only has one pin. Check if it is intended to be dangling.
[WARNING RSZ-0104] Net dma_dst_addr_i[16] only has one pin. Check if it is intended to be dangling.
[WARNING RSZ-0104] Net dma_dst_addr_i[15] only has one pin. Check if it is intended to be dangling.
[WARNING RSZ-0104] Net dma_dst_addr_i[14] only has one pin. Check if it is intended to be dangling.
[WARNING RSZ-0104] Net dma_dst_addr_i[13] only has one pin. Check if it is intended to be dangling.
[WARNING RSZ-0104] Net dma_dst_addr_i[12] only has one pin. Check if it is intended to be dangling.
[WARNING RSZ-0104] Net dma_dst_addr_i[11] only has one pin. Check if it is intended to be dangling.
[WARNING RSZ-0104] Net dma_dst_addr_i[10] only has one pin. Check if it is intended to be dangling.
[WARNING RSZ-0104] Net dma_dst_addr_i[0] only has one pin. Check if it is intended to be dangling.
[WARNING RSZ-0104] Net cpu_release_i only has one pin. Check if it is intended to be dangling.
[WARNING RSZ-0104] Net cfg_write_i only has one pin. Check if it is intended to be dangling.
[WARNING RSZ-0104] Net cfg_wdata_i[9] only has one pin. Check if it is intended to be dangling.
[WARNING RSZ-0104] Net cfg_wdata_i[8] only has one pin. Check if it is intended to be dangling.
[WARNING RSZ-0104] Net cfg_wdata_i[7] only has one pin. Check if it is intended to be dangling.
[WARNING RSZ-0104] Net cfg_wdata_i[6] only has one pin. Check if it is intended to be dangling.
[WARNING RSZ-0104] Net cfg_wdata_i[5] only has one pin. Check if it is intended to be dangling.
[WARNING RSZ-0104] Net cfg_wdata_i[4] only has one pin. Check if it is intended to be dangling.
[WARNING RSZ-0104] Net cfg_wdata_i[3] only has one pin. Check if it is intended to be dangling.
[WARNING RSZ-0104] Net cfg_wdata_i[31] only has one pin. Check if it is intended to be dangling.
[WARNING RSZ-0104] Net cfg_wdata_i[30] only has one pin. Check if it is intended to be dangling.
[WARNING RSZ-0104] Net cfg_wdata_i[2] only has one pin. Check if it is intended to be dangling.
[WARNING RSZ-0104] Net cfg_wdata_i[29] only has one pin. Check if it is intended to be dangling.
[WARNING RSZ-0104] Net cfg_wdata_i[28] only has one pin. Check if it is intended to be dangling.
[WARNING RSZ-0104] Net cfg_wdata_i[27] only has one pin. Check if it is intended to be dangling.
[WARNING RSZ-0104] Net cfg_wdata_i[26] only has one pin. Check if it is intended to be dangling.
[WARNING RSZ-0104] Net cfg_wdata_i[25] only has one pin. Check if it is intended to be dangling.
[WARNING RSZ-0104] Net cfg_wdata_i[24] only has one pin. Check if it is intended to be dangling.
[WARNING RSZ-0104] Net cfg_wdata_i[23] only has one pin. Check if it is intended to be dangling.
[WARNING RSZ-0104] Net cfg_wdata_i[22] only has one pin. Check if it is intended to be dangling.
[WARNING RSZ-0104] Net cfg_wdata_i[21] only has one pin. Check if it is intended to be dangling.
[WARNING RSZ-0104] Net cfg_wdata_i[20] only has one pin. Check if it is intended to be dangling.
[WARNING RSZ-0104] Net cfg_wdata_i[1] only has one pin. Check if it is intended to be dangling.
[WARNING RSZ-0104] Net cfg_wdata_i[19] only has one pin. Check if it is intended to be dangling.
[WARNING RSZ-0104] Net cfg_wdata_i[18] only has one pin. Check if it is intended to be dangling.
[WARNING RSZ-0104] Net cfg_wdata_i[17] only has one pin. Check if it is intended to be dangling.
[WARNING RSZ-0104] Net cfg_wdata_i[16] only has one pin. Check if it is intended to be dangling.
[WARNING RSZ-0104] Net cfg_wdata_i[15] only has one pin. Check if it is intended to be dangling.
[WARNING RSZ-0104] Net cfg_wdata_i[14] only has one pin. Check if it is intended to be dangling.
[WARNING RSZ-0104] Net cfg_wdata_i[13] only has one pin. Check if it is intended to be dangling.
[WARNING RSZ-0104] Net cfg_wdata_i[12] only has one pin. Check if it is intended to be dangling.
[WARNING RSZ-0104] Net cfg_wdata_i[11] only has one pin. Check if it is intended to be dangling.
[WARNING RSZ-0104] Net cfg_wdata_i[10] only has one pin. Check if it is intended to be dangling.
[WARNING RSZ-0104] Net cfg_wdata_i[0] only has one pin. Check if it is intended to be dangling.
[WARNING RSZ-0104] Net cfg_addr_i[9] only has one pin. Check if it is intended to be dangling.
[WARNING RSZ-0104] Net cfg_addr_i[8] only has one pin. Check if it is intended to be dangling.
[WARNING RSZ-0104] Net cfg_addr_i[7] only has one pin. Check if it is intended to be dangling.
[WARNING RSZ-0104] Net cfg_addr_i[6] only has one pin. Check if it is intended to be dangling.
[WARNING RSZ-0104] Net cfg_addr_i[5] only has one pin. Check if it is intended to be dangling.
[WARNING RSZ-0104] Net cfg_addr_i[4] only has one pin. Check if it is intended to be dangling.
[WARNING RSZ-0104] Net cfg_addr_i[3] only has one pin. Check if it is intended to be dangling.
[WARNING RSZ-0104] Net cfg_addr_i[31] only has one pin. Check if it is intended to be dangling.
[WARNING RSZ-0104] Net cfg_addr_i[30] only has one pin. Check if it is intended to be dangling.
[WARNING RSZ-0104] Net cfg_addr_i[2] only has one pin. Check if it is intended to be dangling.
[WARNING RSZ-0104] Net cfg_addr_i[29] only has one pin. Check if it is intended to be dangling.
[WARNING RSZ-0104] Net cfg_addr_i[28] only has one pin. Check if it is intended to be dangling.
[WARNING RSZ-0104] Net cfg_addr_i[27] only has one pin. Check if it is intended to be dangling.
[WARNING RSZ-0104] Net cfg_addr_i[26] only has one pin. Check if it is intended to be dangling.
[WARNING RSZ-0104] Net cfg_addr_i[25] only has one pin. Check if it is intended to be dangling.
[WARNING RSZ-0104] Net cfg_addr_i[24] only has one pin. Check if it is intended to be dangling.
[WARNING RSZ-0104] Net cfg_addr_i[23] only has one pin. Check if it is intended to be dangling.
[WARNING RSZ-0104] Net cfg_addr_i[22] only has one pin. Check if it is intended to be dangling.
[WARNING RSZ-0104] Net cfg_addr_i[21] only has one pin. Check if it is intended to be dangling.
[WARNING RSZ-0104] Net cfg_addr_i[20] only has one pin. Check if it is intended to be dangling.
[WARNING RSZ-0104] Net cfg_addr_i[1] only has one pin. Check if it is intended to be dangling.
[WARNING RSZ-0104] Net cfg_addr_i[19] only has one pin. Check if it is intended to be dangling.
[WARNING RSZ-0104] Net cfg_addr_i[18] only has one pin. Check if it is intended to be dangling.
[WARNING RSZ-0104] Net cfg_addr_i[17] only has one pin. Check if it is intended to be dangling.
[WARNING RSZ-0104] Net cfg_addr_i[16] only has one pin. Check if it is intended to be dangling.
[WARNING RSZ-0104] Net cfg_addr_i[15] only has one pin. Check if it is intended to be dangling.
[WARNING RSZ-0104] Net cfg_addr_i[14] only has one pin. Check if it is intended to be dangling.
[WARNING RSZ-0104] Net cfg_addr_i[13] only has one pin. Check if it is intended to be dangling.
[WARNING RSZ-0104] Net cfg_addr_i[12] only has one pin. Check if it is intended to be dangling.
[WARNING RSZ-0104] Net cfg_addr_i[11] only has one pin. Check if it is intended to be dangling.
[WARNING RSZ-0104] Net cfg_addr_i[10] only has one pin. Check if it is intended to be dangling.
[WARNING RSZ-0104] Net cfg_addr_i[0] only has one pin. Check if it is intended to be dangling.
    final |     +0.1% |      10 |       8 |            15 |         0
---------------------------------------------------------------------
[INFO RSZ-0034] Found 14 slew violations.
[INFO RSZ-0036] Found 5 capacitance violations.
[INFO RSZ-0039] Resized 10 instances.
[INFO RSZ-0038] Inserted 8 buffers in 15 nets.
[INFO RSZ-0504] Runtime: 7.72s
Took 8 seconds: repair_design -verbose
global_route -start_incremental
detailed_placement
[INFO DPL-0006] Core area: 416927.37 um^2
[INFO DPL-0007] Movable instances area: 235204.33 um^2
[INFO DPL-0008] Fixed instances area within core: 6877.85 um^2
[INFO DPL-0009] Utilization: 58.1%
[INFO DPL-0005] Diamond search max displacement: +/- 500 sites horizontally, +/- 100 rows vertically.
[INFO DPL-1102] Legalizing using negotiation legalizer.
[INFO DPL-1103] Negotiation base search window: +/-20 sites horizontally, +/-5 rows vertically 
	Automatic search window extension enabled.
	Search window extendable up to the max displacement cap of +/-500 sites, +/-100 rows near walls.
[INFO DPL-1104] NegotiationLegalizer DRC penalty: 5.
[INFO DPL-0392] Negotiation cell height distribution (1 unique row-count(s)):
[INFO DPL-0393]   height 1 row(s): 32941 cells
          |      Total |  Illegal |  Illegal
Iteration | Violations |    Cells |    Sites
---------------------------------------------
        0 |         47 |         7 |        40
        1 |          6 |         2 |         4
        2 |         12 |         2 |        10
        3 |         14 |         2 |        12
        4 |          4 |         2 |         2
        5 |         14 |         2 |        12
        6 |         14 |         2 |        12
        7 |          0 |         0 |         0
Negotiation phase 1 converged at iteration 7.
[INFO DPL-0500] Runtime: 0.22s
Placement Analysis
---------------------------------
total displacement        162.7 u
average displacement        0.0 u
max displacement           16.3 u
original HPWL          979510.5 u
legalized HPWL         979605.5 u
delta HPWL                    0 %

global_route -end_incremental -congestion_report_file /work/reports/sky130hd/m7_j1/p15p0/congestion_post_repair_design.rpt
Repair setup and hold violations...
estimate_parasitics -global_routing
repair_timing -setup_margin 0 -hold_margin 0 -repair_tns 100 -verbose
[INFO RSZ-0100] Repair move sequence: UnbufferMove SizeUpMove SwapPinsMove BufferMove CloneMove SplitLoadMove 
[INFO RSZ-0094] Found 1 endpoints with setup violations.
[INFO RSZ-0099] Repairing 1 out of 1 (100.00%) violating endpoints...
   Iter   | Removed | Resized | Inserted | Cloned |  Pin  |   Area   |    WNS   |   StTNS    |   EnTNS    |  Viol  |  Worst  
          | Buffers |  Gates  | Buffers  |  Gates | Swaps |          |          |            |            | Endpts | St/EnPt 
------------------------------------------------------------------------------------------------------------------------------
       0* |       0 |       0 |        0 |      0 |     0 |    +0.0% |   -0.512 |     -794.2 |       -0.5 |      1 | data_req_o
      10* |       0 |       7 |        2 |      0 |     1 |    +0.0% |   -0.233 |     -791.4 |       -0.2 |      1 | data_req_o
      20* |       0 |      15 |        6 |      0 |     1 |    +0.1% |   -0.037 |     -790.4 |       -0.0 |      1 | data_req_o
      22* |       0 |      16 |        7 |      0 |     1 |    +0.1% |    0.026 |     -790.3 |        0.0 |      1 | data_req_o
      22* |       0 |      16 |        7 |      0 |     1 |    +0.1% |    0.026 |     -790.3 |        0.0 |      1 | data_req_o
    final |       0 |      16 |        7 |      0 |     1 |    +0.1% |    0.026 |     -790.3 |        0.0 |      0 | data_req_o
------------------------------------------------------------------------------------------------------------------------------
[INFO RSZ-0040] Inserted 7 buffers.
[INFO RSZ-0051] Resized 16 instances: 16 up, 0 up match, 0 down, 0 VT
[INFO RSZ-0043] Swapped pins on 1 instances.
[INFO RSZ-0505] Runtime: 4.40s
[INFO RSZ-0033] No hold violations found.
[INFO RSZ-0506] Runtime: 0.19s
Took 5 seconds: repair_timing -setup_margin 0 -hold_margin 0 -repair_tns 100 -verbose
global_route -start_incremental
detailed_placement
[INFO DPL-0006] Core area: 416927.37 um^2
[INFO DPL-0007] Movable instances area: 235366.99 um^2
[INFO DPL-0008] Fixed instances area within core: 6877.85 um^2
[INFO DPL-0009] Utilization: 58.1%
[INFO DPL-0005] Diamond search max displacement: +/- 500 sites horizontally, +/- 100 rows vertically.
[INFO DPL-1102] Legalizing using negotiation legalizer.
[INFO DPL-1103] Negotiation base search window: +/-20 sites horizontally, +/-5 rows vertically 
	Automatic search window extension enabled.
	Search window extendable up to the max displacement cap of +/-500 sites, +/-100 rows near walls.
[INFO DPL-1104] NegotiationLegalizer DRC penalty: 5.
[INFO DPL-0392] Negotiation cell height distribution (1 unique row-count(s)):
[INFO DPL-0393]   height 1 row(s): 32948 cells
          |      Total |  Illegal |  Illegal
Iteration | Violations |    Cells |    Sites
---------------------------------------------
        0 |         71 |        18 |        53
        1 |         97 |        17 |        80
        2 |        121 |        15 |       106
        3 |        132 |        12 |       120
        4 |         74 |        12 |        62
        5 |        100 |        12 |        88
        6 |         69 |        13 |        56
        7 |        101 |        11 |        90
        8 |         70 |        11 |        59
        9 |         71 |         9 |        62
       10 |         57 |        10 |        47
       20 |         50 |        10 |        40
       30 |         71 |         6 |        65
       40 |         87 |        14 |        73
       50 |         60 |        10 |        50
       60 |         63 |         9 |        54
       70 |         52 |         9 |        43
       80 |         60 |        10 |        50
       90 |         48 |         6 |        42
      100 |        129 |        21 |       108
      110 |        120 |        21 |        99
      120 |         76 |        19 |        57
      130 |        111 |        17 |        94
      140 |        122 |        15 |       107
      150 |         84 |        17 |        67
      160 |        154 |        28 |       126
      170 |         58 |        10 |        48
      180 |         85 |         9 |        76
      190 |         62 |        11 |        51
      200 |         68 |         9 |        59
      210 |        116 |        15 |       101
      220 |        133 |        21 |       112
      230 |        114 |        26 |        88
      240 |        144 |        24 |       120
      250 |        154 |        20 |       134
      260 |        134 |        17 |       117
      270 |         92 |        11 |        81
      280 |         77 |         7 |        70
      290 |         88 |        16 |        72
      300 |        137 |        19 |       118
      310 |         65 |        10 |        55
      320 |         79 |        14 |        65
      330 |        104 |        10 |        94
      340 |         86 |        20 |        66
      350 |        116 |        18 |        98
      360 |        172 |        11 |       143
      370 |        106 |        17 |        83
      380 |        128 |        26 |       102
      390 |        126 |        18 |       108
      399 |        148 |        19 |       129
Negotiation phase 2: isolation point active, 1000 iterations.
      400 |        113 |        19 |        94
      410 |         44 |        11 |        33
      420 |         39 |         9 |        30
      430 |         34 |         9 |        25
      440 |         89 |        14 |        75
      450 |         16 |         5 |        11
      457 |         10 |         2 |         8
[WARNING DPL-0702] Negotiation phase 2: violations stuck at 10 for 3 consecutive iterations. Using diamond search for 2 remaining illegal cells.
diamond recovery: recovered 1/2 stuck cells.
[INFO DPL-0500] Runtime: 6.10s
Placement Analysis
---------------------------------
total displacement      12085.8 u
average displacement        0.4 u
max displacement           61.2 u
original HPWL          979808.1 u
legalized HPWL         990522.8 u
delta HPWL                    1 %

Took 6 seconds: detailed_placement
check_placement -verbose
global_route -end_incremental -congestion_report_file /work/reports/sky130hd/m7_j1/p15p0/congestion_post_repair_timing.rpt
[INFO DPL-0006] Core area: 416927.37 um^2
[INFO DPL-0007] Movable instances area: 235366.99 um^2
[INFO DPL-0008] Fixed instances area within core: 6877.85 um^2
[INFO DPL-0009] Utilization: 58.1%
[INFO DPL-0005] Diamond search max displacement: +/- 500 sites horizontally, +/- 100 rows vertically.
[INFO DPL-1102] Legalizing using negotiation legalizer.
[INFO DPL-1103] Negotiation base search window: +/-20 sites horizontally, +/-5 rows vertically 
	Automatic search window extension enabled.
	Search window extendable up to the max displacement cap of +/-500 sites, +/-100 rows near walls.
[INFO DPL-1104] NegotiationLegalizer DRC penalty: 5.
[INFO DPL-0392] Negotiation cell height distribution (1 unique row-count(s)):
[INFO DPL-0393]   height 1 row(s): 32948 cells
[INFO DPL-0500] Runtime: 0.22s

[INFO GRT-0096] Final congestion report:
Layer         Resource        Demand        Usage (%)    Max H / Max V / Total Congestion
---------------------------------------------------------------------------------------
li1                  0             0            0.00%             0 /  0 /  0
met1             87833         63177           71.93%             2 /  1 / 54
met2             86769         73536           84.75%             1 /  3 / 164
met3             64790         32523           50.20%             2 /  1 / 126
met4             39804         25731           64.64%             0 /  2 / 144
met5              8835          1829           20.70%             1 /  0 / 16
---------------------------------------------------------------------------------------
Total           288031        196796           68.32%             6 /  7 / 504

[WARNING GRT-0704] Try reduce the layer adjustment from 20% to 1%
[ERROR GRT-0232] Routing congestion too high. Check the congestion heatmap in the GUI.
Error: global_route.tcl, 156 GRT-0232
Elapsed time: 5:29.72[h:]min:sec. CPU time: user 974.52 sys 15.38 (300%). Peak memory: 1021012KB.
make[1]: *** [Makefile:581: do-5_1_grt] Error 1
make: *** [Makefile:581: /work/results/sky130hd/m7_j1/p15p0/5_1_grt.odb] Error 2
END_UTC=2026-08-12T13:32:31Z
ELAPSED_SEC=965
EXIT_CODE=2
